DATES,Ryr
09/07/2026,4.242
08/07/2026,4.248
07/07/2026,4.212
06/07/2026,4.201
03/07/2026,4.196
02/07/2026,4.180
01/07/2026,4.157
30/06/2026,4.100
29/06/2026,4.124
26/06/2026,4.114
25/06/2026,4.121
24/06/2026,4.165
23/06/2026,4.178
22/06/2026,4.197
19/06/2026,4.169
18/06/2026,4.115
17/06/2026,4.077
16/06/2026,4.108
15/06/2026,4.195
12/06/2026,4.201
11/06/2026,4.290
10/06/2026,4.276
09/06/2026,4.273
08/06/2026,4.351
05/06/2026,4.243
04/06/2026,4.229
02/06/2026,4.125
01/06/2026,4.167
29/05/2026,4.071
28/05/2026,4.208
27/05/2026,4.105
26/05/2026,4.071
22/05/2026,4.144
21/05/2026,4.182
20/05/2026,4.198
19/05/2026,4.215
18/05/2026,4.231
15/05/2026,4.172
14/05/2026,4.082
13/05/2026,4.060
12/05/2026,4.054
11/05/2026,3.953
08/05/2026,3.912
07/05/2026,3.905
06/05/2026,3.935
04/05/2026,3.933
30/04/2026,3.844
29/04/2026,3.842
28/04/2026,3.859
27/04/2026,3.822
24/04/2026,3.811
23/04/2026,3.789
22/04/2026,3.700
21/04/2026,3.672
20/04/2026,3.690
17/04/2026,3.710
16/04/2026,3.672
15/04/2026,3.652
14/04/2026,3.661
13/04/2026,3.714
10/04/2026,3.687
09/04/2026,3.660
08/04/2026,3.634
07/04/2026,3.738
06/04/2026,3.724
03/04/2026,3.744
02/04/2026,3.808
01/04/2026,3.689
31/03/2026,3.882
30/03/2026,3.889
27/03/2026,3.916
26/03/2026,3.870
25/03/2026,3.861
24/03/2026,3.850
23/03/2026,3.850
20/03/2026,3.658
19/03/2026,3.694
18/03/2026,3.646
17/03/2026,3.680
16/03/2026,3.711
13/03/2026,3.680
12/03/2026,3.648
11/03/2026,3.617
10/03/2026,3.629
09/03/2026,3.741
06/03/2026,3.616
05/03/2026,3.593
04/03/2026,3.632
03/03/2026,3.529
27/02/2026,3.447
26/02/2026,3.507
25/02/2026,3.549
24/02/2026,3.590
23/02/2026,3.575
20/02/2026,3.574
19/02/2026,3.585
13/02/2026,3.577
12/02/2026,3.658
11/02/2026,3.642
10/02/2026,3.708
09/02/2026,3.753
06/02/2026,3.725
05/02/2026,3.672
04/02/2026,3.700
03/02/2026,3.661
02/02/2026,3.596
30/01/2026,3.577
29/01/2026,3.542
28/01/2026,3.522
27/01/2026,3.540
26/01/2026,3.545
23/01/2026,3.600
22/01/2026,3.569
21/01/2026,3.604
20/01/2026,3.651
19/01/2026,3.520
16/01/2026,3.486
15/01/2026,3.491
14/01/2026,3.416
13/01/2026,3.415
12/01/2026,3.397
09/01/2026,3.385
08/01/2026,3.349
07/01/2026,3.353
06/01/2026,3.396
05/01/2026,3.393
02/01/2026,3.384
31/12/2025,3.385
30/12/2025,3.385
29/12/2025,3.354
26/12/2025,3.371
24/12/2025,3.342
23/12/2025,3.381
22/12/2025,3.352
19/12/2025,3.329
18/12/2025,3.311
17/12/2025,3.318
16/12/2025,3.310
15/12/2025,3.375
12/12/2025,3.390
11/12/2025,3.370
10/12/2025,3.370
09/12/2025,3.407
08/12/2025,3.399
05/12/2025,3.375
04/12/2025,3.371
03/12/2025,3.373
02/12/2025,3.350
01/12/2025,3.387
28/11/2025,3.343
27/11/2025,3.360
26/11/2025,3.259
25/11/2025,3.265
24/11/2025,3.283
21/11/2025,3.268
20/11/2025,3.297
19/11/2025,3.285
18/11/2025,3.261
17/11/2025,3.302
14/11/2025,3.313
13/11/2025,3.271
12/11/2025,3.301
11/11/2025,3.221
10/11/2025,3.178
07/11/2025,3.222
06/11/2025,3.157
05/11/2025,3.114
04/11/2025,3.080
03/11/2025,3.057
31/10/2025,3.058
30/10/2025,3.042
29/10/2025,2.968
28/10/2025,2.938
27/10/2025,2.936
24/10/2025,2.910
23/10/2025,2.912
22/10/2025,2.880
21/10/2025,2.903
20/10/2025,2.896
17/10/2025,2.886
16/10/2025,2.885
15/10/2025,2.861
14/10/2025,2.865
13/10/2025,2.926
10/10/2025,2.958
02/10/2025,2.957
01/10/2025,2.960
30/09/2025,2.935
29/09/2025,2.938
26/09/2025,2.943
25/09/2025,2.860
24/09/2025,2.849
23/09/2025,2.811
22/09/2025,2.830
19/09/2025,2.790
18/09/2025,2.728
17/09/2025,2.790
16/09/2025,2.792
15/09/2025,2.821
12/09/2025,2.812
11/09/2025,2.825
10/09/2025,2.815
09/09/2025,2.824
08/09/2025,2.851
05/09/2025,2.854
04/09/2025,2.894
03/09/2025,2.912
02/09/2025,2.850
01/09/2025,2.847
29/08/2025,2.827
28/08/2025,2.819
27/08/2025,2.825
26/08/2025,2.852
25/08/2025,2.854
22/08/2025,2.855
21/08/2025,2.852
20/08/2025,2.854
19/08/2025,2.844
18/08/2025,2.827
14/08/2025,2.786
13/08/2025,2.803
12/08/2025,2.807
11/08/2025,2.780
08/08/2025,2.777
07/08/2025,2.767
06/08/2025,2.780
05/08/2025,2.766
04/08/2025,2.780
01/08/2025,2.838
31/07/2025,2.790
30/07/2025,2.795
29/07/2025,2.832
28/07/2025,2.861
25/07/2025,2.855
24/07/2025,2.830
23/07/2025,2.830
22/07/2025,2.841
21/07/2025,2.872
18/07/2025,2.893
17/07/2025,2.904
16/07/2025,2.879
15/07/2025,2.875
14/07/2025,2.887
11/07/2025,2.830
10/07/2025,3.146
09/07/2025,2.861
08/07/2025,2.847
07/07/2025,2.840
04/07/2025,2.827
03/07/2025,2.828
02/07/2025,2.834
01/07/2025,2.787
30/06/2025,2.797
27/06/2025,2.789
26/06/2025,2.801
25/06/2025,2.803
24/06/2025,2.830
23/06/2025,2.881
20/06/2025,2.864
19/06/2025,2.885
18/06/2025,2.876
17/06/2025,2.858
16/06/2025,2.876
13/06/2025,2.820
12/06/2025,2.832
11/06/2025,2.833
10/06/2025,2.831
09/06/2025,2.868
05/06/2025,2.893
04/06/2025,2.896
02/06/2025,2.801
30/05/2025,2.791
29/05/2025,2.713
28/05/2025,2.717
27/05/2025,2.723
26/05/2025,2.772
23/05/2025,2.755
22/05/2025,2.744
21/05/2025,2.764
20/05/2025,2.722
19/05/2025,2.749
16/05/2025,2.690
15/05/2025,2.730
14/05/2025,2.717
13/05/2025,2.716
12/05/2025,2.685
09/05/2025,2.670
08/05/2025,2.626
07/05/2025,2.603
02/05/2025,2.593
30/04/2025,2.592
29/04/2025,2.611
28/04/2025,2.588
25/04/2025,2.582
24/04/2025,2.624
23/04/2025,2.611
22/04/2025,2.619
21/04/2025,2.601
18/04/2025,2.623
17/04/2025,2.629
16/04/2025,2.634
15/04/2025,2.662
14/04/2025,2.708
11/04/2025,2.693
10/04/2025,2.711
09/04/2025,2.728
08/04/2025,2.703
07/04/2025,2.651
04/04/2025,2.740
03/04/2025,2.749
02/04/2025,2.774
01/04/2025,2.803
31/03/2025,2.772
28/03/2025,2.843
27/03/2025,2.851
26/03/2025,2.850
25/03/2025,2.839
24/03/2025,2.818
21/03/2025,2.803
20/03/2025,2.830
19/03/2025,2.800
18/03/2025,2.788
17/03/2025,2.806
14/03/2025,2.813
13/03/2025,2.783
12/03/2025,2.761
11/03/2025,2.743
10/03/2025,2.797
07/03/2025,2.792
06/03/2025,2.806
05/03/2025,2.757
04/03/2025,2.701
28/02/2025,2.724
27/02/2025,2.730
26/02/2025,2.746
25/02/2025,2.798
24/02/2025,2.815
21/02/2025,2.878
20/02/2025,2.871
19/02/2025,2.869
18/02/2025,2.857
17/02/2025,2.838
14/02/2025,2.846
13/02/2025,2.904
12/02/2025,2.882
11/02/2025,2.838
10/02/2025,2.854
07/02/2025,2.816
06/02/2025,2.766
05/02/2025,2.810
04/02/2025,2.832
03/02/2025,2.832
31/01/2025,2.855
24/01/2025,2.861
23/01/2025,2.836
22/01/2025,2.830
21/01/2025,2.819
20/01/2025,2.864
17/01/2025,2.794
16/01/2025,2.803
15/01/2025,2.847
14/01/2025,2.834
13/01/2025,2.855
10/01/2025,2.682
09/01/2025,2.783
08/01/2025,2.800
07/01/2025,2.809
06/01/2025,2.828
03/01/2025,2.733
02/01/2025,2.767
31/12/2024,2.871
30/12/2024,2.855
27/12/2024,2.911
26/12/2024,2.903
24/12/2024,2.874
23/12/2024,2.846
20/12/2024,2.813
19/12/2024,2.807
18/12/2024,2.776
17/12/2024,2.780
16/12/2024,2.727
13/12/2024,2.676
12/12/2024,2.700
11/12/2024,2.690
10/12/2024,2.637
09/12/2024,2.700
06/12/2024,2.758
05/12/2024,2.744
04/12/2024,2.766
03/12/2024,2.706
02/12/2024,2.718
29/11/2024,2.763
28/11/2024,2.791
27/11/2024,2.889
26/11/2024,2.907
25/11/2024,2.939
22/11/2024,2.986
21/11/2024,3.002
20/11/2024,3.028
19/11/2024,3.032
18/11/2024,3.070
15/11/2024,3.085
14/11/2024,3.091
13/11/2024,3.074
12/11/2024,3.007
11/11/2024,3.045
08/11/2024,3.061
07/11/2024,3.116
06/11/2024,3.153
05/11/2024,3.073
04/11/2024,3.097
01/11/2024,3.079
31/10/2024,3.139
30/10/2024,3.105
29/10/2024,3.120
28/10/2024,3.109
25/10/2024,3.050
24/10/2024,3.068
23/10/2024,3.125
22/10/2024,3.131
21/10/2024,3.054
18/10/2024,3.068
17/10/2024,3.015
16/10/2024,3.017
15/10/2024,3.066
14/10/2024,3.078
11/10/2024,3.085
10/10/2024,3.079
08/10/2024,3.084
07/10/2024,3.109
04/10/2024,2.995
02/10/2024,2.941
30/09/2024,2.990
27/09/2024,2.999
26/09/2024,2.999
25/09/2024,3.002
24/09/2024,3.016
23/09/2024,3.014
20/09/2024,2.989
19/09/2024,2.974
13/09/2024,2.940
12/09/2024,2.971
11/09/2024,2.947
10/09/2024,3.010
09/09/2024,3.034
06/09/2024,3.019
05/09/2024,3.026
04/09/2024,3.048
03/09/2024,3.127
02/09/2024,3.115
30/08/2024,3.091
29/08/2024,3.082
28/08/2024,3.065
27/08/2024,3.074
26/08/2024,2.974
23/08/2024,3.010
22/08/2024,2.986
21/08/2024,2.978
20/08/2024,2.997
19/08/2024,2.992
16/08/2024,2.972
14/08/2024,2.950
13/08/2024,2.974
12/08/2024,2.996
09/08/2024,3.016
08/08/2024,2.997
07/08/2024,2.975
06/08/2024,2.995
05/08/2024,2.863
02/08/2024,2.984
01/08/2024,3.008
31/07/2024,3.066
30/07/2024,3.052
29/07/2024,3.046
26/07/2024,3.108
25/07/2024,3.147
24/07/2024,3.130
23/07/2024,3.167
22/07/2024,3.168
19/07/2024,3.157
18/07/2024,3.151
17/07/2024,3.133
16/07/2024,3.160
15/07/2024,3.176
12/07/2024,3.178
11/07/2024,3.230
10/07/2024,3.198
09/07/2024,3.185
08/07/2024,3.210
05/07/2024,3.221
04/07/2024,3.245
03/07/2024,3.279
02/07/2024,3.284
01/07/2024,3.311
28/06/2024,3.282
27/06/2024,3.311
26/06/2024,3.293
25/06/2024,3.271
24/06/2024,3.265
21/06/2024,3.255
20/06/2024,3.274
19/06/2024,3.256
18/06/2024,3.274
17/06/2024,3.299
14/06/2024,3.311
13/06/2024,3.338
12/06/2024,3.370
11/06/2024,3.430
10/06/2024,3.432
07/06/2024,3.387
05/06/2024,3.469
04/06/2024,3.475
03/06/2024,3.544
31/05/2024,3.578
30/05/2024,3.567
29/05/2024,3.535
28/05/2024,3.488
27/05/2024,3.498
24/05/2024,3.516
23/05/2024,3.473
22/05/2024,3.473
21/05/2024,3.491
20/05/2024,3.499
17/05/2024,3.458
16/05/2024,3.454
14/05/2024,3.546
13/05/2024,3.553
10/05/2024,3.538
09/05/2024,3.555
08/05/2024,3.527
07/05/2024,3.534
03/05/2024,3.611
02/05/2024,3.636
30/04/2024,3.656
29/04/2024,3.706
26/04/2024,3.711
25/04/2024,3.702
24/04/2024,3.645
23/04/2024,3.624
22/04/2024,3.649
19/04/2024,3.584
18/04/2024,3.559
17/04/2024,3.642
16/04/2024,3.614
15/04/2024,3.561
12/04/2024,3.541
11/04/2024,3.584
09/04/2024,3.501
08/04/2024,3.489
05/04/2024,3.431
04/04/2024,3.456
03/04/2024,3.453
02/04/2024,3.425
01/04/2024,3.376
29/03/2024,3.414
28/03/2024,3.375
27/03/2024,3.375
26/03/2024,3.394
25/03/2024,3.369
22/03/2024,3.361
21/03/2024,3.411
20/03/2024,3.459
19/03/2024,3.469
18/03/2024,3.435
17/03/2024,3.410
16/03/2024,3.410
15/03/2024,3.410
14/03/2024,3.354
13/03/2024,3.335
12/03/2024,3.335
11/03/2024,3.340
10/03/2024,3.321
09/03/2024,3.321
08/03/2024,3.334
07/03/2024,3.399
06/03/2024,3.381
05/03/2024,3.407
04/03/2024,3.434
03/03/2024,3.480
02/03/2024,3.480
01/03/2024,3.480
29/02/2024,3.474
28/02/2024,3.441
27/02/2024,3.429
26/02/2024,3.401
25/02/2024,3.480
24/02/2024,3.480
23/02/2024,3.467
22/02/2024,3.422
21/02/2024,3.474
20/02/2024,3.489
19/02/2024,3.464
18/02/2024,3.480
17/02/2024,3.480
16/02/2024,3.482
15/02/2024,3.473
14/02/2024,3.506
13/02/2024,3.457
12/02/2024,3.405
11/02/2024,3.405
10/02/2024,3.405
09/02/2024,3.405
08/02/2024,3.400
07/02/2024,3.378
06/02/2024,3.377
05/02/2024,3.374
04/02/2024,3.290
03/02/2024,3.290
02/02/2024,3.286
01/02/2024,3.339
31/01/2024,3.346
30/01/2024,3.348
29/01/2024,3.435
26/01/2024,3.384
25/01/2024,3.422
24/01/2024,3.400
23/01/2024,3.371
22/01/2024,3.367
21/01/2024,3.415
20/01/2024,3.415
19/01/2024,3.423
18/01/2024,3.381
17/01/2024,3.374
16/01/2024,3.322
15/01/2024,3.290
14/01/2024,3.306
13/01/2024,3.306
12/01/2024,3.310
11/01/2024,3.303
10/01/2024,3.346
09/01/2024,3.324
08/01/2024,3.342
07/01/2024,3.337
06/01/2024,3.337
05/01/2024,3.347
04/01/2024,3.285
03/01/2024,3.338
02/01/2024,3.307
01/01/2024,3.175
31/12/2023,3.175
30/12/2023,3.175
29/12/2023,3.175
28/12/2023,3.198
27/12/2023,3.263
26/12/2023,3.261
25/12/2023,3.291
24/12/2023,3.291
23/12/2023,3.291
22/12/2023,3.308
21/12/2023,3.302
20/12/2023,3.277
19/12/2023,3.322
18/12/2023,3.332
17/12/2023,3.347
16/12/2023,3.347
15/12/2023,3.362
14/12/2023,3.342
13/12/2023,3.524
12/12/2023,3.526
11/12/2023,3.566
10/12/2023,3.509
08/12/2023,3.561
07/12/2023,3.578
06/12/2023,3.524
05/12/2023,3.587
04/12/2023,3.621
03/12/2023,3.700
02/12/2023,3.700
01/12/2023,3.689
30/11/2023,3.701
29/11/2023,3.641
28/11/2023,3.721
27/11/2023,3.768
26/11/2023,3.775
25/11/2023,3.775
24/11/2023,3.779
23/11/2023,3.712
22/11/2023,3.762
21/11/2023,3.728
20/11/2023,3.759
19/11/2023,3.805
18/11/2023,3.805
17/11/2023,3.789
16/11/2023,3.809
15/11/2023,3.813
14/11/2023,3.984
13/11/2023,4.001
12/11/2023,3.960
11/11/2023,3.960
10/11/2023,3.971
09/11/2023,3.953
08/11/2023,4.012
07/11/2023,4.056
06/11/2023,4.059
05/11/2023,4.100
04/11/2023,4.100
03/11/2023,4.106
02/11/2023,4.170
01/11/2023,4.288
31/10/2023,4.325
30/10/2023,4.318
29/10/2023,4.290
28/10/2023,4.290
27/10/2023,4.280
26/10/2023,4.387
25/10/2023,4.259
24/10/2023,4.273
23/10/2023,4.366
22/10/2023,4.317
21/10/2023,4.317
20/10/2023,4.332
19/10/2023,4.378
18/10/2023,4.291
17/10/2023,4.227
16/10/2023,4.182
15/10/2023,4.165
14/10/2023,4.165
13/10/2023,4.175
12/10/2023,4.093
11/10/2023,4.152
10/10/2023,4.216
09/10/2023,4.244
08/10/2023,4.244
07/10/2023,4.244
06/10/2023,4.241
05/10/2023,4.327
04/10/2023,4.350
03/10/2023,4.012
02/10/2023,4.012
01/10/2023,4.012
30/09/2023,4.012
29/09/2023,4.012
28/09/2023,4.012
27/09/2023,4.031
26/09/2023,4.042
25/09/2023,4.007
24/09/2023,3.995
23/09/2023,3.995
22/09/2023,4.015
21/09/2023,4.031
20/09/2023,3.978
19/09/2023,3.951
18/09/2023,3.983
17/09/2023,3.947
16/09/2023,3.947
15/09/2023,3.928
14/09/2023,3.917
13/09/2023,3.953
12/09/2023,3.962
11/09/2023,3.970
10/09/2023,3.886
09/09/2023,3.886
08/09/2023,3.896
07/09/2023,3.977
06/09/2023,3.883
05/09/2023,3.888
04/09/2023,3.856
03/09/2023,3.780
02/09/2023,3.780
01/09/2023,3.776
31/08/2023,3.822
30/08/2023,3.846
29/08/2023,3.833
28/08/2023,3.871
27/08/2023,3.933
26/08/2023,3.933
25/08/2023,3.934
24/08/2023,3.880
23/08/2023,3.913
22/08/2023,3.986
21/08/2023,3.977
20/08/2023,3.905
19/08/2023,3.905
18/08/2023,3.918
17/08/2023,3.986
16/08/2023,3.876
15/08/2023,3.900
14/08/2023,3.879
13/08/2023,3.820
12/08/2023,3.820
11/08/2023,3.826
10/08/2023,3.786
09/08/2023,3.768
08/08/2023,3.740
07/08/2023,3.812
06/08/2023,3.874
05/08/2023,3.874
04/08/2023,3.880
03/08/2023,3.832
02/08/2023,3.799
01/08/2023,3.723
31/07/2023,3.758
30/07/2023,3.731
29/07/2023,3.731
28/07/2023,3.727
27/07/2023,3.637
26/07/2023,3.660
25/07/2023,3.683
24/07/2023,3.635
23/07/2023,3.635
22/07/2023,3.635
21/07/2023,3.637
20/07/2023,3.602
19/07/2023,3.570
18/07/2023,3.651
17/07/2023,3.664
16/07/2023,3.690
15/07/2023,3.690
14/07/2023,3.685
13/07/2023,3.654
12/07/2023,3.751
11/07/2023,3.757
10/07/2023,3.854
09/07/2023,3.758
08/07/2023,3.758
07/07/2023,3.762
06/07/2023,3.709
05/07/2023,3.652
04/07/2023,3.621
03/07/2023,3.620
02/07/2023,3.661
01/07/2023,3.661
30/06/2023,3.697
29/06/2023,3.625
28/06/2023,3.609
27/06/2023,3.603
26/06/2023,3.611
25/06/2023,3.670
24/06/2023,3.670
23/06/2023,3.660
22/06/2023,3.647
21/06/2023,3.621
20/06/2023,3.641
19/06/2023,3.633
18/06/2023,3.658
17/06/2023,3.658
16/06/2023,3.657
15/06/2023,3.683
14/06/2023,3.637
13/06/2023,3.578
12/06/2023,3.574
11/06/2023,3.591
10/06/2023,3.591
09/06/2023,3.591
08/06/2023,3.632
07/06/2023,3.519
06/06/2023,3.550
05/06/2023,3.561
04/06/2023,3.492
02/06/2023,3.495
01/06/2023,3.549
31/05/2023,3.532
30/05/2023,3.652
29/05/2023,3.645
28/05/2023,3.645
27/05/2023,3.645
26/05/2023,3.635
25/05/2023,3.598
24/05/2023,3.500
23/05/2023,3.468
22/05/2023,3.399
21/05/2023,3.415
20/05/2023,3.415
19/05/2023,3.420
18/05/2023,3.368
17/05/2023,3.318
16/05/2023,3.305
15/05/2023,3.332
14/05/2023,3.282
13/05/2023,3.282
12/05/2023,3.271
11/05/2023,3.289
10/05/2023,3.344
09/05/2023,3.309
08/05/2023,3.308
07/05/2023,3.277
06/05/2023,3.277
05/05/2023,3.277
04/05/2023,3.280
03/05/2023,3.329
02/05/2023,3.372
01/05/2023,3.367
30/04/2023,3.367
29/04/2023,3.367
28/04/2023,3.355
27/04/2023,3.341
26/04/2023,3.309
25/04/2023,3.322
24/04/2023,3.306
23/04/2023,3.318
22/04/2023,3.318
21/04/2023,3.345
20/04/2023,3.417
19/04/2023,3.370
18/04/2023,3.352
17/04/2023,3.348
16/04/2023,3.290
15/04/2023,3.290
14/04/2023,3.284
13/04/2023,3.267
12/04/2023,3.258
11/04/2023,3.263
10/04/2023,3.244
09/04/2023,3.292
08/04/2023,3.292
07/04/2023,3.288
06/04/2023,3.278
05/04/2023,3.327
04/04/2023,3.316
03/04/2023,3.392
02/04/2023,3.360
01/04/2023,3.360
31/03/2023,3.333
30/03/2023,3.303
29/03/2023,3.287
28/03/2023,3.281
27/03/2023,3.257
26/03/2023,3.222
25/03/2023,3.222
24/03/2023,3.208
23/03/2023,3.262
22/03/2023,3.295
21/03/2023,3.304
20/03/2023,3.305
19/03/2023,3.405
18/03/2023,3.405
17/03/2023,3.407
16/03/2023,3.392
15/03/2023,3.418
14/03/2023,3.303
13/03/2023,3.398
12/03/2023,3.582
11/03/2023,3.582
10/03/2023,3.583
09/03/2023,3.742
08/03/2023,3.723
07/03/2023,3.662
06/03/2023,3.741
05/03/2023,3.772
04/03/2023,3.772
03/03/2023,3.777
02/03/2023,3.840
01/03/2023,3.760
28/02/2023,3.751
27/02/2023,3.608
26/02/2023,3.520
25/02/2023,3.520
24/02/2023,3.534
23/02/2023,3.588
22/02/2023,3.646
21/02/2023,3.600
20/02/2023,3.621
19/02/2023,3.619
18/02/2023,3.619
17/02/2023,3.627
16/02/2023,3.476
15/02/2023,3.462
14/02/2023,3.398
13/02/2023,3.433
12/02/2023,3.355
11/02/2023,3.355
10/02/2023,3.368
09/02/2023,3.362
08/02/2023,3.322
07/02/2023,3.303
06/02/2023,3.281
05/02/2023,3.155
04/02/2023,3.155
03/02/2023,3.148
02/02/2023,3.207
01/02/2023,3.239
31/01/2023,3.318
30/01/2023,3.239
29/01/2023,3.287
28/01/2023,3.287
27/01/2023,3.283
26/01/2023,3.231
25/01/2023,3.230
24/01/2023,3.272
23/01/2023,3.272
22/01/2023,3.272
21/01/2023,3.272
20/01/2023,3.280
19/01/2023,3.213
18/01/2023,3.343
17/01/2023,3.444
16/01/2023,3.385
15/01/2023,3.295
14/01/2023,3.295
13/01/2023,3.301
12/01/2023,3.413
11/01/2023,3.427
10/01/2023,3.462
09/01/2023,3.478
08/01/2023,3.575
07/01/2023,3.575
06/01/2023,3.573
05/01/2023,3.570
04/01/2023,3.598
03/01/2023,3.661
02/01/2023,3.813
01/01/2023,3.735
31/12/2022,3.735
30/12/2022,3.735
29/12/2022,3.723
28/12/2022,3.675
27/12/2022,3.612
26/12/2022,3.640
25/12/2022,3.551
24/12/2022,3.551
23/12/2022,3.552
22/12/2022,3.499
21/12/2022,3.567
20/12/2022,3.584
19/12/2022,3.390
18/12/2022,3.350
17/12/2022,3.350
16/12/2022,3.362
15/12/2022,3.399
14/12/2022,3.407
13/12/2022,3.469
12/12/2022,3.449
11/12/2022,3.445
10/12/2022,3.445
09/12/2022,3.445
08/12/2022,3.527
07/12/2022,3.510
06/12/2022,3.503
05/12/2022,3.564
04/12/2022,3.575
03/12/2022,3.575
02/12/2022,3.585
01/12/2022,3.666
30/11/2022,3.654
29/11/2022,3.672
28/11/2022,3.610
27/11/2022,3.613
26/11/2022,3.613
25/11/2022,3.623
24/11/2022,3.623
23/11/2022,3.783
22/11/2022,3.770
21/11/2022,3.763
20/11/2022,3.796
19/11/2022,3.796
18/11/2022,3.811
17/11/2022,3.854
16/11/2022,3.891
15/11/2022,3.872
14/11/2022,3.927
13/11/2022,3.900
12/11/2022,3.900
11/11/2022,3.891
10/11/2022,4.089
09/11/2022,4.168
08/11/2022,4.242
07/11/2022,4.268
06/11/2022,4.190
05/11/2022,4.190
04/11/2022,4.178
03/11/2022,4.203
02/11/2022,4.150
01/11/2022,4.171
31/10/2022,4.255
30/10/2022,4.175
29/10/2022,4.175
28/10/2022,4.163
27/10/2022,4.270
26/10/2022,4.255
25/10/2022,4.385
24/10/2022,4.485
23/10/2022,4.620
22/10/2022,4.620
21/10/2022,4.655
20/10/2022,4.415
19/10/2022,4.378
18/10/2022,4.274
17/10/2022,4.200
16/10/2022,4.180
15/10/2022,4.180
14/10/2022,4.200
13/10/2022,4.246
12/10/2022,4.117
11/10/2022,4.304
10/10/2022,4.210
09/10/2022,4.210
08/10/2022,4.210
07/10/2022,4.216
06/10/2022,4.102
05/10/2022,4.068
04/10/2022,4.007
03/10/2022,4.082
02/10/2022,4.082
01/10/2022,4.082
30/09/2022,4.109
29/09/2022,4.227
28/09/2022,4.231
27/09/2022,4.206
26/09/2022,4.302
25/09/2022,4.127
24/09/2022,4.127
23/09/2022,4.107
22/09/2022,3.987
21/09/2022,3.903
20/09/2022,3.820
19/09/2022,3.799
18/09/2022,3.770
17/09/2022,3.770
16/09/2022,3.772
15/09/2022,3.791
14/09/2022,3.658
13/09/2022,3.645
12/09/2022,3.620
11/09/2022,3.620
10/09/2022,3.620
09/09/2022,3.620
08/09/2022,3.622
07/09/2022,3.736
06/09/2022,3.710
05/09/2022,3.671
04/09/2022,3.730
03/09/2022,3.730
02/09/2022,3.745
01/09/2022,3.799
31/08/2022,3.747
30/08/2022,3.695
29/08/2022,3.715
28/08/2022,3.621
27/08/2022,3.621
26/08/2022,3.614
25/08/2022,3.595
24/08/2022,3.433
23/08/2022,3.371
22/08/2022,3.350
21/08/2022,3.302
20/08/2022,3.302
19/08/2022,3.312
18/08/2022,3.221
17/08/2022,3.190
16/08/2022,3.161
15/08/2022,3.277
14/08/2022,3.277
13/08/2022,3.277
12/08/2022,3.303
11/08/2022,3.239
10/08/2022,3.212
09/08/2022,3.168
08/08/2022,3.178
07/08/2022,3.115
06/08/2022,3.115
05/08/2022,3.125
04/08/2022,3.144
03/08/2022,3.139
02/08/2022,3.099
01/08/2022,3.186
31/07/2022,3.125
30/07/2022,3.125
29/07/2022,3.127
28/07/2022,3.197
27/07/2022,3.132
26/07/2022,3.184
25/07/2022,3.213
23/07/2022,3.301
22/07/2022,3.303
21/07/2022,3.374
20/07/2022,3.363
19/07/2022,3.268
18/07/2022,3.264
17/07/2022,3.222
15/07/2022,3.257
14/07/2022,3.305
13/07/2022,3.303
12/07/2022,3.355
11/07/2022,3.385
10/07/2022,3.360
08/07/2022,3.365
07/07/2022,3.291
06/07/2022,3.282
05/07/2022,3.388
04/07/2022,3.499
03/07/2022,3.495
02/07/2022,3.495
01/07/2022,3.489
30/06/2022,3.637
29/06/2022,3.667
28/06/2022,3.664
27/06/2022,3.724
26/06/2022,3.625
25/06/2022,3.625
24/06/2022,3.642
23/06/2022,3.695
22/06/2022,3.703
21/06/2022,3.776
20/06/2022,3.777
19/06/2022,3.795
17/06/2022,3.795
16/06/2022,3.760
15/06/2022,3.803
14/06/2022,3.697
13/06/2022,3.644
12/06/2022,3.490
10/06/2022,3.495
09/06/2022,3.465
08/06/2022,3.474
07/06/2022,3.538
06/06/2022,3.407
05/06/2022,3.407
04/06/2022,3.407
03/06/2022,3.403
02/06/2022,3.422
01/06/2022,3.330
31/05/2022,3.324
30/05/2022,3.205
29/05/2022,3.217
28/05/2022,3.217
27/05/2022,3.211
26/05/2022,3.239
25/05/2022,3.173
24/05/2022,3.216
23/05/2022,3.257
22/05/2022,3.240
21/05/2022,3.240
20/05/2022,3.247
19/05/2022,3.307
18/05/2022,3.320
17/05/2022,3.289
16/05/2022,3.291
15/05/2022,3.230
14/05/2022,3.230
13/05/2022,3.216
12/05/2022,3.167
11/05/2022,3.273
10/05/2022,3.403
09/05/2022,3.413
08/05/2022,3.420
07/05/2022,3.420
06/05/2022,3.437
05/05/2022,3.428
04/05/2022,3.462
03/05/2022,3.408
02/05/2022,3.372
01/05/2022,3.235
30/04/2022,3.235
29/04/2022,3.245
28/04/2022,3.168
27/04/2022,3.163
26/04/2022,3.195
25/04/2022,3.210
24/04/2022,3.305
23/04/2022,3.305
22/04/2022,3.347
21/04/2022,3.290
20/04/2022,3.315
19/04/2022,3.363
18/04/2022,3.352
17/04/2022,3.320
16/04/2022,3.320
15/04/2022,3.290
14/04/2022,3.223
13/04/2022,3.284
12/04/2022,3.314
11/04/2022,3.298
10/04/2022,3.181
09/04/2022,3.181
08/04/2022,3.167
07/04/2022,3.132
06/04/2022,3.134
05/04/2022,3.080
04/04/2022,3.072
03/04/2022,3.005
02/04/2022,3.005
01/04/2022,3.007
31/03/2022,2.969
30/03/2022,2.885
29/03/2022,2.972
28/03/2022,3.028
27/03/2022,2.877
26/03/2022,2.877
25/03/2022,2.868
24/03/2022,2.855
23/03/2022,2.832
22/03/2022,2.833
21/03/2022,2.741
20/03/2022,2.731
18/03/2022,2.737
17/03/2022,2.704
16/03/2022,2.765
15/03/2022,2.759
14/03/2022,2.738
13/03/2022,2.695
12/03/2022,2.695
11/03/2022,2.700
10/03/2022,2.726
09/03/2022,2.717
08/03/2022,2.722
07/03/2022,2.707
06/03/2022,2.647
05/03/2022,2.647
04/03/2022,2.662
03/03/2022,2.647
02/03/2022,2.613
01/03/2022,2.685
28/02/2022,2.675
27/02/2022,2.667
26/02/2022,2.667
25/02/2022,2.671
24/02/2022,2.622
23/02/2022,2.724
22/02/2022,2.717
21/02/2022,2.774
18/02/2022,2.728
17/02/2022,2.708
16/02/2022,2.701
15/02/2022,2.710
14/02/2022,2.707
13/02/2022,2.735
12/02/2022,2.735
11/02/2022,2.749
10/02/2022,2.686
09/02/2022,2.689
08/02/2022,2.734
07/02/2022,2.637
06/02/2022,2.602
05/02/2022,2.602
04/02/2022,2.619
03/02/2022,2.568
02/02/2022,2.590
01/02/2022,2.590
31/01/2022,2.590
30/01/2022,2.590
29/01/2022,2.590
28/01/2022,2.586
27/01/2022,2.612
26/01/2022,2.573
25/01/2022,2.576
24/01/2022,2.538
23/01/2022,2.542
22/01/2022,2.542
21/01/2022,2.540
20/01/2022,2.557
19/01/2022,2.536
18/01/2022,2.553
17/01/2022,2.568
16/01/2022,2.464
15/01/2022,2.464
14/01/2022,2.453
13/01/2022,2.397
12/01/2022,2.428
11/01/2022,2.485
10/01/2022,2.484
09/01/2022,2.457
08/01/2022,2.457
07/01/2022,2.458
06/01/2022,2.481
05/01/2022,2.375
04/01/2022,2.314
03/01/2022,2.323
02/01/2022,2.175
01/01/2022,2.255
31/12/2021,2.255
30/12/2021,2.248
29/12/2021,2.180
28/12/2021,2.196
27/12/2021,2.212
26/12/2021,2.202
25/12/2021,2.202
24/12/2021,2.210
23/12/2021,2.215
22/12/2021,2.148
21/12/2021,2.095
20/12/2021,2.108
19/12/2021,2.152
18/12/2021,2.152
17/12/2021,2.153
16/12/2021,2.147
15/12/2021,2.166
14/12/2021,2.167
13/12/2021,2.169
12/12/2021,2.195
11/12/2021,2.195
10/12/2021,2.202
09/12/2021,2.188
08/12/2021,2.186
07/12/2021,2.240
06/12/2021,2.212
05/12/2021,2.235
04/12/2021,2.235
03/12/2021,2.233
02/12/2021,2.194
01/12/2021,2.181
30/11/2021,2.218
29/11/2021,2.265
28/11/2021,2.262
27/11/2021,2.262
26/11/2021,2.253
25/11/2021,2.347
24/11/2021,2.394
23/11/2021,2.400
22/11/2021,2.386
21/11/2021,2.380
20/11/2021,2.380
19/11/2021,2.371
18/11/2021,2.338
17/11/2021,2.360
16/11/2021,2.335
15/11/2021,2.299
14/11/2021,2.350
13/11/2021,2.350
12/11/2021,2.342
11/11/2021,2.340
10/11/2021,2.307
09/11/2021,2.294
08/11/2021,2.328
07/11/2021,2.350
06/11/2021,2.350
05/11/2021,2.350
04/11/2021,2.428
03/11/2021,2.470
02/11/2021,2.480
01/11/2021,2.498
31/10/2021,2.563
30/10/2021,2.563
29/10/2021,2.583
28/10/2021,2.391
27/10/2021,2.484
26/10/2021,2.456
25/10/2021,2.426
24/10/2021,2.408
23/10/2021,2.408
22/10/2021,2.411
21/10/2021,2.387
20/10/2021,2.390
19/10/2021,2.380
18/10/2021,2.399
17/10/2021,2.389
16/10/2021,2.360
15/10/2021,2.355
14/10/2021,2.351
13/10/2021,2.401
12/10/2021,2.447
11/10/2021,2.362
10/10/2021,2.362
09/10/2021,2.362
08/10/2021,2.376
07/10/2021,2.387
06/10/2021,2.400
05/10/2021,2.291
04/10/2021,2.250
03/10/2021,2.250
02/10/2021,2.250
01/10/2021,2.259
30/09/2021,2.237
29/09/2021,2.226
28/09/2021,2.256
27/09/2021,2.167
26/09/2021,2.157
25/09/2021,2.157
24/09/2021,2.151
23/09/2021,2.099
22/09/2021,2.072
21/09/2021,2.072
20/09/2021,2.072
19/09/2021,2.072
18/09/2021,2.072
17/09/2021,2.066
16/09/2021,2.043
15/09/2021,2.024
14/09/2021,2.058
13/09/2021,2.035
12/09/2021,1.995
11/09/2021,1.995
10/09/2021,2.008
09/09/2021,2.000
08/09/2021,2.019
07/09/2021,1.974
06/09/2021,1.971
05/09/2021,1.942
03/09/2021,1.943
02/09/2021,1.940
01/09/2021,1.942
31/08/2021,1.912
30/08/2021,1.913
29/08/2021,1.937
28/08/2021,1.937
27/08/2021,1.939
26/08/2021,1.927
25/08/2021,1.936
24/08/2021,1.939
23/08/2021,1.886
22/08/2021,1.920
21/08/2021,1.852
20/08/2021,1.852
19/08/2021,1.868
18/08/2021,1.880
17/08/2021,1.889
16/08/2021,1.920
15/08/2021,1.920
13/08/2021,1.924
12/08/2021,1.921
11/08/2021,1.934
10/08/2021,1.917
09/08/2021,1.915
07/08/2021,1.895
06/08/2021,1.901
05/08/2021,1.878
04/08/2021,1.866
03/08/2021,1.890
02/08/2021,1.907
31/07/2021,1.867
30/07/2021,1.876
29/07/2021,1.889
28/07/2021,1.863
27/07/2021,1.868
26/07/2021,1.863
25/07/2021,1.882
23/07/2021,1.888
22/07/2021,1.922
21/07/2021,1.877
20/07/2021,1.891
19/07/2021,1.972
18/07/2021,2.017
17/07/2021,2.017
16/07/2021,2.005
15/07/2021,2.028
14/07/2021,2.010
13/07/2021,2.035
12/07/2021,2.022
11/07/2021,2.035
10/07/2021,2.035
09/07/2021,2.032
08/07/2021,2.004
07/07/2021,2.039
06/07/2021,2.120
05/07/2021,2.089
04/07/2021,2.105
03/07/2021,2.105
02/07/2021,2.101
01/07/2021,2.089
30/06/2021,2.092
29/06/2021,2.110
28/06/2021,2.137
27/06/2021,2.102
26/06/2021,2.102
25/06/2021,2.100
24/06/2021,2.057
23/06/2021,2.041
22/06/2021,2.050
21/06/2021,2.006
20/06/2021,2.035
19/06/2021,2.035
18/06/2021,2.041
17/06/2021,2.079
16/06/2021,2.071
15/06/2021,2.071
14/06/2021,2.096
13/06/2021,2.080
12/06/2021,2.080
11/06/2021,2.101
10/06/2021,2.085
09/06/2021,2.104
08/06/2021,2.116
07/06/2021,2.156
06/06/2021,2.167
05/06/2021,2.167
04/06/2021,2.173
03/06/2021,2.195
02/06/2021,2.202
01/06/2021,2.185
31/05/2021,2.179
30/05/2021,2.137
29/05/2021,2.137
28/05/2021,2.132
27/05/2021,2.112
26/05/2021,2.127
25/05/2021,2.129
24/05/2021,2.120
23/05/2021,2.117
22/05/2021,2.117
21/05/2021,2.124
20/05/2021,2.135
19/05/2021,2.120
18/05/2021,2.118
17/05/2021,2.117
16/05/2021,2.155
15/05/2021,2.155
14/05/2021,2.160
13/05/2021,2.156
12/05/2021,2.125
11/05/2021,2.139
10/05/2021,2.134
07/05/2021,2.123
06/05/2021,2.102
05/05/2021,2.130
04/05/2021,2.130
03/05/2021,2.124
02/05/2021,2.130
01/05/2021,2.130
30/04/2021,2.128
29/04/2021,2.098
28/04/2021,2.082
27/04/2021,2.071
26/04/2021,2.089
25/04/2021,2.045
24/04/2021,2.045
23/04/2021,2.043
22/04/2021,1.989
21/04/2021,2.005
20/04/2021,2.003
19/04/2021,1.981
18/04/2021,2.022
17/04/2021,2.022
16/04/2021,2.024
15/04/2021,2.020
14/04/2021,1.990
13/04/2021,2.028
12/04/2021,2.005
11/04/2021,2.025
10/04/2021,2.025
09/04/2021,2.030
08/04/2021,2.012
07/04/2021,2.064
06/04/2021,2.068
05/04/2021,2.094
04/04/2021,2.052
03/04/2021,2.052
02/04/2021,2.049
01/04/2021,2.023
31/03/2021,2.057
30/03/2021,2.063
29/03/2021,1.981
28/03/2021,2.010
27/03/2021,2.010
26/03/2021,2.004
25/03/2021,1.967
24/03/2021,1.995
23/03/2021,2.031
22/03/2021,2.058
21/03/2021,2.115
20/03/2021,2.115
19/03/2021,2.098
18/03/2021,2.150
17/03/2021,2.134
16/03/2021,2.100
15/03/2021,2.154
14/03/2021,2.105
13/03/2021,2.105
12/03/2021,2.090
11/03/2021,2.028
10/03/2021,2.037
09/03/2021,2.035
08/03/2021,2.024
07/03/2021,1.995
06/03/2021,1.995
05/03/2021,1.991
04/03/2021,1.972
03/03/2021,1.952
02/03/2021,1.966
01/03/2021,1.970
28/02/2021,1.970
27/02/2021,1.970
26/02/2021,1.960
25/02/2021,1.881
24/02/2021,1.851
23/02/2021,1.910
22/02/2021,1.921
21/02/2021,1.877
20/02/2021,1.877
19/02/2021,1.875
18/02/2021,1.854
17/02/2021,1.862
16/02/2021,1.850
15/02/2021,1.872
14/02/2021,1.830
13/02/2021,1.830
12/02/2021,1.830
11/02/2021,1.830
10/02/2021,1.831
09/02/2021,1.812
08/02/2021,1.822
07/02/2021,1.782
06/02/2021,1.782
05/02/2021,1.793
04/02/2021,1.795
03/02/2021,1.768
02/02/2021,1.758
01/02/2021,1.804
31/01/2021,1.765
30/01/2021,1.765
29/01/2021,1.768
28/01/2021,1.764
27/01/2021,1.757
26/01/2021,1.770
25/01/2021,1.780
24/01/2021,1.755
23/01/2021,1.755
22/01/2021,1.759
21/01/2021,1.708
20/01/2021,1.703
19/01/2021,1.711
18/01/2021,1.715
17/01/2021,1.730
16/01/2021,1.730
15/01/2021,1.731
14/01/2021,1.734
13/01/2021,1.719
12/01/2021,1.718
11/01/2021,1.693
10/01/2021,1.720
09/01/2021,1.720
08/01/2021,1.733
07/01/2021,1.725
06/01/2021,1.731
05/01/2021,1.690
04/01/2021,1.721
03/01/2021,1.722
02/01/2021,1.722
01/01/2021,1.722
31/12/2020,1.722
30/12/2020,1.712
29/12/2020,1.698
28/12/2020,1.681
27/12/2020,1.692
26/12/2020,1.692
25/12/2020,1.692
24/12/2020,1.682
23/12/2020,1.640
22/12/2020,1.657
21/12/2020,1.679
20/12/2020,1.707
19/12/2020,1.707
18/12/2020,1.700
17/12/2020,1.734
16/12/2020,1.686
15/12/2020,1.672
14/12/2020,1.672
13/12/2020,1.657
12/12/2020,1.657
11/12/2020,1.663
10/12/2020,1.654
09/12/2020,1.659
08/12/2020,1.642
07/12/2020,1.647
06/12/2020,1.664
05/12/2020,1.664
04/12/2020,1.650
03/12/2020,1.672
02/12/2020,1.675
01/12/2020,1.651
30/11/2020,1.657
29/11/2020,1.640
28/11/2020,1.640
27/11/2020,1.642
26/11/2020,1.657
25/11/2020,1.627
24/11/2020,1.600
23/11/2020,1.581
22/11/2020,1.612
21/11/2020,1.612
20/11/2020,1.605
19/11/2020,1.602
18/11/2020,1.602
17/11/2020,1.619
16/11/2020,1.624
15/11/2020,1.627
14/11/2020,1.627
13/11/2020,1.627
12/11/2020,1.651
11/11/2020,1.658
10/11/2020,1.621
09/11/2020,1.568
08/11/2020,1.565
07/11/2020,1.565
06/11/2020,1.558
05/11/2020,1.527
04/11/2020,1.572
03/11/2020,1.606
02/11/2020,1.604
01/11/2020,1.552
31/10/2020,1.552
30/10/2020,1.542
29/10/2020,1.529
28/10/2020,1.498
27/10/2020,1.502
26/10/2020,1.483
25/10/2020,1.495
24/10/2020,1.495
23/10/2020,1.494
22/10/2020,1.508
21/10/2020,1.524
20/10/2020,1.461
19/10/2020,1.441
18/10/2020,1.500
17/10/2020,1.500
16/10/2020,1.489
15/10/2020,1.482
14/10/2020,1.513
13/10/2020,1.529
12/10/2020,1.553
11/10/2020,1.541
10/10/2020,1.541
09/10/2020,1.541
08/10/2020,1.544
07/10/2020,1.533
06/10/2020,1.531
05/10/2020,1.479
04/10/2020,1.427
03/10/2020,1.427
02/10/2020,1.427
01/10/2020,1.427
30/09/2020,1.427
29/09/2020,1.430
28/09/2020,1.426
27/09/2020,1.427
26/09/2020,1.427
25/09/2020,1.423
24/09/2020,1.442
23/09/2020,1.446
22/09/2020,1.474
21/09/2020,1.493
20/09/2020,1.505
19/09/2020,1.505
18/09/2020,1.502
17/09/2020,1.511
16/09/2020,1.485
15/09/2020,1.504
14/09/2020,1.518
13/09/2020,1.532
11/09/2020,1.529
10/09/2020,1.516
09/09/2020,1.518
08/09/2020,1.556
07/09/2020,1.571
06/09/2020,1.540
05/09/2020,1.540
04/09/2020,1.524
03/09/2020,1.522
02/09/2020,1.539
01/09/2020,1.585
31/08/2020,1.513
30/08/2020,1.485
29/08/2020,1.485
28/08/2020,1.486
27/08/2020,1.421
26/08/2020,1.405
25/08/2020,1.387
24/08/2020,1.377
23/08/2020,1.410
22/08/2020,1.410
21/08/2020,1.410
20/08/2020,1.379
19/08/2020,1.346
18/08/2020,1.357
17/08/2020,1.400
16/08/2020,1.400
15/08/2020,1.400
14/08/2020,1.394
13/08/2020,1.363
12/08/2020,1.370
11/08/2020,1.345
10/08/2020,1.364
09/08/2020,1.327
08/08/2020,1.327
07/08/2020,1.319
06/08/2020,1.306
05/08/2020,1.292
04/08/2020,1.306
03/08/2020,1.307
02/08/2020,1.295
01/08/2020,1.295
31/07/2020,1.297
30/07/2020,1.283
29/07/2020,1.310
28/07/2020,1.329
27/07/2020,1.306
26/07/2020,1.302
25/07/2020,1.302
24/07/2020,1.305
23/07/2020,1.317
22/07/2020,1.347
21/07/2020,1.356
20/07/2020,1.334
19/07/2020,1.350
18/07/2020,1.350
17/07/2020,1.348
16/07/2020,1.382
15/07/2020,1.416
14/07/2020,1.419
13/07/2020,1.420
12/07/2020,1.397
10/07/2020,1.397
09/07/2020,1.391
08/07/2020,1.378
07/07/2020,1.387
06/07/2020,1.409
05/07/2020,1.382
04/07/2020,1.382
03/07/2020,1.388
02/07/2020,1.378
01/07/2020,1.406
30/06/2020,1.369
29/06/2020,1.365
28/06/2020,1.325
27/06/2020,1.325
26/06/2020,1.327
25/06/2020,1.345
24/06/2020,1.363
23/06/2020,1.386
22/06/2020,1.391
21/06/2020,1.390
20/06/2020,1.390
19/06/2020,1.378
18/06/2020,1.370
17/06/2020,1.410
16/06/2020,1.400
15/06/2020,1.424
14/06/2020,1.380
13/06/2020,1.380
12/06/2020,1.388
11/06/2020,1.381
10/06/2020,1.397
09/06/2020,1.375
08/06/2020,1.457
07/06/2020,1.460
06/06/2020,1.460
05/06/2020,1.449
04/06/2020,1.432
03/06/2020,1.426
02/06/2020,1.387
01/06/2020,1.390
31/05/2020,1.365
30/05/2020,1.365
29/05/2020,1.376
28/05/2020,1.340
27/05/2020,1.345
26/05/2020,1.325
25/05/2020,1.316
24/05/2020,1.340
23/05/2020,1.340
22/05/2020,1.350
21/05/2020,1.342
20/05/2020,1.356
19/05/2020,1.391
18/05/2020,1.392
17/05/2020,1.377
16/05/2020,1.377
15/05/2020,1.384
14/05/2020,1.382
13/05/2020,1.392
12/05/2020,1.422
11/05/2020,1.461
10/05/2020,1.425
09/05/2020,1.425
08/05/2020,1.426
07/05/2020,1.486
06/05/2020,1.506
05/05/2020,1.496
04/05/2020,1.499
03/05/2020,1.517
02/05/2020,1.517
01/05/2020,1.517
30/04/2020,1.517
29/04/2020,1.516
28/04/2020,1.563
27/04/2020,1.574
26/04/2020,1.535
25/04/2020,1.535
24/04/2020,1.551
23/04/2020,1.545
22/04/2020,1.526
21/04/2020,1.459
20/04/2020,1.447
19/04/2020,1.449
18/04/2020,1.449
17/04/2020,1.435
16/04/2020,1.408
15/04/2020,1.462
14/04/2020,1.466
13/04/2020,1.468
12/04/2020,1.455
11/04/2020,1.455
10/04/2020,1.441
09/04/2020,1.435
08/04/2020,1.510
07/04/2020,1.580
06/04/2020,1.542
05/04/2020,1.550
04/04/2020,1.550
03/04/2020,1.547
02/04/2020,1.517
01/04/2020,1.541
31/03/2020,1.550
30/03/2020,1.560
29/03/2020,1.537
28/03/2020,1.537
27/03/2020,1.532
26/03/2020,1.499
25/03/2020,1.662
24/03/2020,1.701
23/03/2020,1.709
22/03/2020,1.630
21/03/2020,1.630
20/03/2020,1.613
19/03/2020,1.655
18/03/2020,1.498
17/03/2020,1.442
16/03/2020,1.524
15/03/2020,1.619
14/03/2020,1.619
13/03/2020,1.568
12/03/2020,1.386
11/03/2020,1.372
10/03/2020,1.353
09/03/2020,1.298
08/03/2020,1.370
07/03/2020,1.370
06/03/2020,1.370
05/03/2020,1.332
04/03/2020,1.300
03/03/2020,1.369
02/03/2020,1.371
01/03/2020,1.327
29/02/2020,1.327
28/02/2020,1.334
27/02/2020,1.443
26/02/2020,1.393
25/02/2020,1.423
24/02/2020,1.415
23/02/2020,1.447
21/02/2020,1.442
20/02/2020,1.506
19/02/2020,1.559
18/02/2020,1.561
17/02/2020,1.627
16/02/2020,1.657
14/02/2020,1.652
13/02/2020,1.612
12/02/2020,1.612
11/02/2020,1.603
10/02/2020,1.605
09/02/2020,1.602
08/02/2020,1.602
07/02/2020,1.602
06/02/2020,1.634
05/02/2020,1.601
04/02/2020,1.626
03/02/2020,1.546
02/02/2020,1.562
01/02/2020,1.562
31/01/2020,1.555
30/01/2020,1.550
29/01/2020,1.586
28/01/2020,1.603
27/01/2020,1.700
26/01/2020,1.700
25/01/2020,1.700
24/01/2020,1.700
23/01/2020,1.705
22/01/2020,1.723
21/01/2020,1.688
20/01/2020,1.767
19/01/2020,1.740
18/01/2020,1.740
17/01/2020,1.745
16/01/2020,1.700
15/01/2020,1.691
14/01/2020,1.716
13/01/2020,1.732
12/01/2020,1.709
11/01/2020,1.709
10/01/2020,1.706
09/01/2020,1.688
08/01/2020,1.628
07/01/2020,1.616
06/01/2020,1.537
05/01/2020,1.560
04/01/2020,1.560
03/01/2020,1.552
02/01/2020,1.638
01/01/2020,1.672
31/12/2019,1.672
30/12/2019,1.687
29/12/2019,1.682
28/12/2019,1.682
27/12/2019,1.685
26/12/2019,1.644
25/12/2019,1.632
24/12/2019,1.631
23/12/2019,1.642
22/12/2019,1.665
21/12/2019,1.665
20/12/2019,1.676
19/12/2019,1.656
18/12/2019,1.607
17/12/2019,1.606
16/12/2019,1.615
15/12/2019,1.652
14/12/2019,1.652
13/12/2019,1.648
12/12/2019,1.621
11/12/2019,1.621
10/12/2019,1.611
09/12/2019,1.669
08/12/2019,1.685
07/12/2019,1.685
06/12/2019,1.678
05/12/2019,1.662
04/12/2019,1.660
03/12/2019,1.737
02/12/2019,1.682
01/12/2019,1.635
30/11/2019,1.635
29/11/2019,1.627
28/11/2019,1.669
27/11/2019,1.672
26/11/2019,1.710
25/11/2019,1.726
24/11/2019,1.698
23/11/2019,1.698
22/11/2019,1.684
21/11/2019,1.667
20/11/2019,1.673
19/11/2019,1.737
18/11/2019,1.782
17/11/2019,1.795
16/11/2019,1.795
15/11/2019,1.787
14/11/2019,1.788
13/11/2019,1.792
12/11/2019,1.842
11/11/2019,1.785
10/11/2019,1.800
09/11/2019,1.800
08/11/2019,1.805
07/11/2019,1.814
06/11/2019,1.825
05/11/2019,1.817
04/11/2019,1.824
03/11/2019,1.740
02/11/2019,1.740
01/11/2019,1.731
31/10/2019,1.728
30/10/2019,1.759
29/10/2019,1.783
28/10/2019,1.764
27/10/2019,1.685
25/10/2019,1.671
24/10/2019,1.638
23/10/2019,1.656
22/10/2019,1.659
21/10/2019,1.659
20/10/2019,1.592
19/10/2019,1.592
18/10/2019,1.586
17/10/2019,1.576
16/10/2019,1.530
15/10/2019,1.493
14/10/2019,1.489
13/10/2019,1.485
12/10/2019,1.485
11/10/2019,1.493
10/10/2019,1.457
09/10/2019,1.422
08/10/2019,1.433
07/10/2019,1.380
06/10/2019,1.372
05/10/2019,1.372
04/10/2019,1.373
03/10/2019,1.497
02/10/2019,1.497
01/10/2019,1.499
30/09/2019,1.456
29/09/2019,1.447
28/09/2019,1.447
27/09/2019,1.439
26/09/2019,1.432
25/09/2019,1.424
24/09/2019,1.458
23/09/2019,1.462
22/09/2019,1.457
21/09/2019,1.457
20/09/2019,1.455
19/09/2019,1.462
18/09/2019,1.469
17/09/2019,1.501
16/09/2019,1.536
15/09/2019,1.402
14/09/2019,1.402
13/09/2019,1.402
12/09/2019,1.402
11/09/2019,1.396
10/09/2019,1.376
09/09/2019,1.352
08/09/2019,1.380
07/09/2019,1.380
06/09/2019,1.382
05/09/2019,1.372
04/09/2019,1.352
03/09/2019,1.333
02/09/2019,1.348
01/09/2019,1.295
31/08/2019,1.295
30/08/2019,1.273
29/08/2019,1.248
28/08/2019,1.246
27/08/2019,1.235
26/08/2019,1.190
25/08/2019,1.252
24/08/2019,1.252
23/08/2019,1.263
22/08/2019,1.229
21/08/2019,1.277
20/08/2019,1.198
19/08/2019,1.184
18/08/2019,1.170
17/08/2019,1.170
16/08/2019,1.172
15/08/2019,1.225
14/08/2019,1.233
13/08/2019,1.230
12/08/2019,1.286
11/08/2019,1.280
10/08/2019,1.280
09/08/2019,1.289
08/08/2019,1.269
07/08/2019,1.251
06/08/2019,1.256
05/08/2019,1.252
04/08/2019,1.340
03/08/2019,1.340
02/08/2019,1.352
01/08/2019,1.405
31/07/2019,1.391
30/07/2019,1.406
29/07/2019,1.408
28/07/2019,1.420
27/07/2019,1.420
26/07/2019,1.424
25/07/2019,1.433
24/07/2019,1.466
23/07/2019,1.470
22/07/2019,1.465
21/07/2019,1.465
20/07/2019,1.465
19/07/2019,1.454
18/07/2019,1.470
17/07/2019,1.548
16/07/2019,1.574
15/07/2019,1.581
14/07/2019,1.565
13/07/2019,1.565
12/07/2019,1.571
11/07/2019,1.547
10/07/2019,1.561
09/07/2019,1.537
08/07/2019,1.535
07/07/2019,1.537
06/07/2019,1.537
05/07/2019,1.532
04/07/2019,1.523
03/07/2019,1.534
02/07/2019,1.588
01/07/2019,1.604
30/06/2019,1.595
29/06/2019,1.595
28/06/2019,1.597
27/06/2019,1.615
26/06/2019,1.608
25/06/2019,1.584
24/06/2019,1.563
23/06/2019,1.570
22/06/2019,1.570
21/06/2019,1.570
20/06/2019,1.543
19/06/2019,1.602
18/06/2019,1.614
17/06/2019,1.621
16/06/2019,1.587
15/06/2019,1.587
14/06/2019,1.592
13/06/2019,1.612
12/06/2019,1.598
11/06/2019,1.680
10/06/2019,1.657
09/06/2019,1.635
08/06/2019,1.635
07/06/2019,1.635
06/06/2019,1.650
05/06/2019,1.654
04/06/2019,1.684
03/06/2019,1.691
02/06/2019,1.669
01/06/2019,1.669
31/05/2019,1.682
30/05/2019,1.741
29/05/2019,1.742
28/05/2019,1.796
27/05/2019,1.798
26/05/2019,1.795
25/05/2019,1.795
24/05/2019,1.791
23/05/2019,1.809
22/05/2019,1.830
21/05/2019,1.829
20/05/2019,1.847
19/05/2019,1.825
18/05/2019,1.825
17/05/2019,1.820
16/05/2019,1.820
15/05/2019,1.865
14/05/2019,1.869
13/05/2019,1.874
12/05/2019,1.875
11/05/2019,1.875
10/05/2019,1.872
09/05/2019,1.862
08/05/2019,1.876
07/05/2019,1.885
06/05/2019,1.902
05/05/2019,1.902
04/05/2019,1.902
03/05/2019,1.900
02/05/2019,1.885
01/05/2019,1.845
30/04/2019,1.845
29/04/2019,1.863
28/04/2019,1.875
27/04/2019,1.875
26/04/2019,1.876
25/04/2019,1.879
24/04/2019,1.912
23/04/2019,1.923
22/04/2019,1.929
21/04/2019,1.910
20/04/2019,1.910
19/04/2019,1.899
18/04/2019,1.892
17/04/2019,1.948
16/04/2019,1.932
15/04/2019,1.927
14/04/2019,1.885
13/04/2019,1.885
12/04/2019,1.881
11/04/2019,1.866
10/04/2019,1.871
09/04/2019,1.874
08/04/2019,1.867
07/04/2019,1.895
06/04/2019,1.895
05/04/2019,1.892
04/04/2019,1.877
03/04/2019,1.889
02/04/2019,1.857
01/04/2019,1.864
31/03/2019,1.830
30/03/2019,1.830
29/03/2019,1.833
28/03/2019,1.810
27/03/2019,1.845
26/03/2019,1.905
25/03/2019,1.886
24/03/2019,1.932
23/03/2019,1.932
22/03/2019,1.934
21/03/2019,1.932
20/03/2019,1.978
19/03/2019,1.979
18/03/2019,1.994
17/03/2019,1.992
16/03/2019,1.992
15/03/2019,1.988
14/03/2019,1.977
13/03/2019,1.966
12/03/2019,1.993
11/03/2019,1.985
10/03/2019,1.975
09/03/2019,1.975
08/03/2019,1.973
07/03/2019,2.003
06/03/2019,2.021
05/03/2019,2.030
04/03/2019,2.027
03/03/2019,1.985
02/03/2019,1.985
01/03/2019,1.985
28/02/2019,1.987
27/02/2019,1.985
26/02/2019,2.004
25/02/2019,2.011
24/02/2019,2.002
23/02/2019,2.002
22/02/2019,2.009
21/02/2019,2.009
20/02/2019,1.992
19/02/2019,1.996
18/02/2019,1.997
17/02/2019,1.965
16/02/2019,1.965
15/02/2019,1.961
14/02/2019,1.995
13/02/2019,1.986
12/02/2019,1.977
11/02/2019,1.944
10/02/2019,1.962
09/02/2019,1.962
08/02/2019,1.966
07/02/2019,1.995
06/02/2019,1.983
05/02/2019,1.983
04/02/2019,1.983
03/02/2019,1.983
02/02/2019,1.983
01/02/2019,1.983
31/01/2019,2.002
30/01/2019,2.056
29/01/2019,2.031
28/01/2019,2.021
27/01/2019,2.002
26/01/2019,2.002
25/01/2019,2.006
24/01/2019,1.993
23/01/2019,1.983
22/01/2019,1.999
21/01/2019,2.025
20/01/2019,2.012
19/01/2019,2.012
18/01/2019,2.004
17/01/2019,1.974
16/01/2019,1.982
15/01/2019,1.968
14/01/2019,1.975
13/01/2019,1.995
12/01/2019,1.995
11/01/2019,1.990
10/01/2019,1.968
09/01/2019,1.987
08/01/2019,1.993
07/01/2019,1.975
06/01/2019,1.967
05/01/2019,1.967
04/01/2019,1.980
03/01/2019,1.951
02/01/2019,1.947
01/01/2019,1.956
31/12/2018,1.956
30/12/2018,1.956
28/12/2018,1.937
27/12/2018,1.943
26/12/2018,1.950
25/12/2018,1.990
24/12/2018,1.990
23/12/2018,1.975
22/12/2018,1.975
21/12/2018,1.970
20/12/2018,1.931
19/12/2018,1.938
18/12/2018,1.983
17/12/2018,2.004
16/12/2018,2.000
15/12/2018,2.000
14/12/2018,2.002
13/12/2018,2.017
12/12/2018,2.010
11/12/2018,1.980
10/12/2018,1.978
09/12/2018,1.982
08/12/2018,1.982
07/12/2018,1.982
06/12/2018,1.982
05/12/2018,2.058
04/12/2018,2.102
03/12/2018,2.129
02/12/2018,2.110
01/12/2018,2.110
30/11/2018,2.105
29/11/2018,2.112
28/11/2018,2.156
27/11/2018,2.150
26/11/2018,2.166
25/11/2018,2.165
24/11/2018,2.165
23/11/2018,2.169
22/11/2018,2.206
21/11/2018,2.207
20/11/2018,2.206
19/11/2018,2.202
18/11/2018,2.220
16/11/2018,2.220
15/11/2018,2.231
14/11/2018,2.193
13/11/2018,2.218
12/11/2018,2.210
11/11/2018,2.225
09/11/2018,2.237
08/11/2018,2.259
07/11/2018,2.265
06/11/2018,2.293
05/11/2018,2.287
04/11/2018,2.280
03/11/2018,2.280
02/11/2018,2.285
01/11/2018,2.252
31/10/2018,2.241
30/10/2018,2.220
29/10/2018,2.179
28/10/2018,2.252
27/10/2018,2.252
26/10/2018,2.244
25/10/2018,2.265
24/10/2018,2.310
23/10/2018,2.307
22/10/2018,2.344
21/10/2018,2.322
20/10/2018,2.322
19/10/2018,2.319
18/10/2018,2.292
17/10/2018,2.341
16/10/2018,2.381
15/10/2018,2.380
14/10/2018,2.400
13/10/2018,2.400
12/10/2018,2.400
11/10/2018,2.358
10/10/2018,2.413
09/10/2018,2.442
08/10/2018,2.455
07/10/2018,2.445
06/10/2018,2.445
05/10/2018,2.455
04/10/2018,2.446
03/10/2018,2.375
02/10/2018,2.369
01/10/2018,2.384
30/09/2018,2.355
29/09/2018,2.355
28/09/2018,2.358
27/09/2018,2.376
26/09/2018,2.410
25/09/2018,2.410
24/09/2018,2.410
23/09/2018,2.410
22/09/2018,2.410
21/09/2018,2.414
20/09/2018,2.426
19/09/2018,2.370
18/09/2018,2.341
17/09/2018,2.314
16/09/2018,2.310
15/09/2018,2.310
14/09/2018,2.308
13/09/2018,2.259
12/09/2018,2.255
11/09/2018,2.274
10/09/2018,2.260
09/09/2018,2.262
08/09/2018,2.262
07/09/2018,2.270
06/09/2018,2.271
05/09/2018,2.276
04/09/2018,2.297
03/09/2018,2.291
02/09/2018,2.310
01/09/2018,2.310
31/08/2018,2.312
30/08/2018,2.367
29/08/2018,2.362
28/08/2018,2.353
27/08/2018,2.372
26/08/2018,2.377
25/08/2018,2.377
24/08/2018,2.381
23/08/2018,2.395
22/08/2018,2.398
21/08/2018,2.381
20/08/2018,2.406
19/08/2018,2.427
18/08/2018,2.427
17/08/2018,2.435
16/08/2018,2.475
15/08/2018,2.495
14/08/2018,2.506
13/08/2018,2.506
12/08/2018,2.496
11/08/2018,2.496
10/08/2018,2.488
09/08/2018,2.521
08/08/2018,2.558
07/08/2018,2.557
06/08/2018,2.561
05/08/2018,2.575
04/08/2018,2.575
03/08/2018,2.582
02/08/2018,2.574
01/08/2018,2.593
31/07/2018,2.540
30/07/2018,2.573
29/07/2018,2.570
28/07/2018,2.570
27/07/2018,2.572
26/07/2018,2.550
25/07/2018,2.547
24/07/2018,2.575
23/07/2018,2.535
22/07/2018,2.522
21/07/2018,2.522
20/07/2018,2.522
19/07/2018,2.539
18/07/2018,2.530
17/07/2018,2.552
16/07/2018,2.547
15/07/2018,2.557
14/07/2018,2.557
13/07/2018,2.556
12/07/2018,2.535
11/07/2018,2.520
10/07/2018,2.555
09/07/2018,2.559
08/07/2018,2.555
07/07/2018,2.555
06/07/2018,2.557
05/07/2018,2.545
04/07/2018,2.547
03/07/2018,2.577
02/07/2018,2.531
01/07/2018,2.555
30/06/2018,2.555
29/06/2018,2.555
28/06/2018,2.554
27/06/2018,2.576
26/06/2018,2.620
25/06/2018,2.608
24/06/2018,2.613
23/06/2018,2.613
22/06/2018,2.607
21/06/2018,2.594
20/06/2018,2.619
19/06/2018,2.620
18/06/2018,2.650
17/06/2018,2.677
16/06/2018,2.677
15/06/2018,2.671
14/06/2018,2.711
13/06/2018,2.715
12/06/2018,2.721
11/06/2018,2.732
10/06/2018,2.706
09/06/2018,2.706
08/06/2018,2.720
07/06/2018,2.750
06/06/2018,2.717
05/06/2018,2.716
04/06/2018,2.733
03/06/2018,2.702
02/06/2018,2.702
01/06/2018,2.703
31/05/2018,2.694
30/05/2018,2.696
29/05/2018,2.697
28/05/2018,2.727
27/05/2018,2.720
26/05/2018,2.720
25/05/2018,2.712
24/05/2018,2.719
23/05/2018,2.755
22/05/2018,2.765
21/05/2018,2.769
20/05/2018,2.750
19/05/2018,2.750
18/05/2018,2.772
17/05/2018,2.794
16/05/2018,2.800
15/05/2018,2.816
14/05/2018,2.796
12/05/2018,2.785
11/05/2018,2.785
10/05/2018,2.771
09/05/2018,2.805
08/05/2018,2.787
05/05/2018,2.762
04/05/2018,2.761
03/05/2018,2.750
02/05/2018,2.751
01/05/2018,2.717
30/04/2018,2.712
29/04/2018,2.695
28/04/2018,2.695
27/04/2018,2.700
26/04/2018,2.751
25/04/2018,2.760
24/04/2018,2.727
23/04/2018,2.726
22/04/2018,2.665
21/04/2018,2.665
20/04/2018,2.672
19/04/2018,2.649
18/04/2018,2.656
17/04/2018,2.636
16/04/2018,2.625
15/04/2018,2.607
14/04/2018,2.607
13/04/2018,2.598
12/04/2018,2.581
11/04/2018,2.596
10/04/2018,2.622
09/04/2018,2.613
07/04/2018,2.602
06/04/2018,2.607
05/04/2018,2.632
04/04/2018,2.618
03/04/2018,2.634
02/04/2018,2.644
31/03/2018,2.622
30/03/2018,2.624
29/03/2018,2.642
28/03/2018,2.639
27/03/2018,2.677
26/03/2018,2.687
24/03/2018,2.650
23/03/2018,2.648
22/03/2018,2.694
21/03/2018,2.723
20/03/2018,2.732
19/03/2018,2.724
17/03/2018,2.715
16/03/2018,2.712
15/03/2018,2.703
14/03/2018,2.711
13/03/2018,2.746
12/03/2018,2.759
10/03/2018,2.747
09/03/2018,2.743
08/03/2018,2.730
07/03/2018,2.727
06/03/2018,2.759
05/03/2018,2.737
03/03/2018,2.755
02/03/2018,2.735
01/03/2018,2.735
28/02/2018,2.736
27/02/2018,2.729
26/02/2018,2.763
24/02/2018,2.797
23/02/2018,2.792
22/02/2018,2.804
21/02/2018,2.801
20/02/2018,2.806
19/02/2018,2.798
18/02/2018,2.752
15/02/2018,2.752
14/02/2018,2.763
13/02/2018,2.780
12/02/2018,2.806
10/02/2018,2.767
09/02/2018,2.757
08/02/2018,2.744
07/02/2018,2.718
06/02/2018,2.748
05/02/2018,2.804
03/02/2018,2.752
02/02/2018,2.756
01/02/2018,2.756
31/01/2018,2.769
30/01/2018,2.781
29/01/2018,2.744
27/01/2018,2.680
26/01/2018,2.679
25/01/2018,2.659
24/01/2018,2.643
23/01/2018,2.658
22/01/2018,2.649
20/01/2018,2.640
19/01/2018,2.636
18/01/2018,2.621
17/01/2018,2.637
16/01/2018,2.642
15/01/2018,2.657
13/01/2018,2.617
12/01/2018,2.623
11/01/2018,2.589
10/01/2018,2.638
09/01/2018,2.564
08/01/2018,2.542
06/01/2018,2.515
05/01/2018,2.519
04/01/2018,2.523
03/01/2018,2.508
02/01/2018,2.488
29/12/2017,2.467
28/12/2017,2.470
27/12/2017,2.494
26/12/2017,2.491
23/12/2017,2.490
22/12/2017,2.496
21/12/2017,2.485
20/12/2017,2.467
19/12/2017,2.451
18/12/2017,2.432
16/12/2017,2.430
15/12/2017,2.433
14/12/2017,2.450
13/12/2017,2.452
12/12/2017,2.456
11/12/2017,2.483
09/12/2017,2.480
08/12/2017,2.485
07/12/2017,2.484
06/12/2017,2.464
05/12/2017,2.502
04/12/2017,2.487
02/12/2017,2.485
01/12/2017,2.491
30/11/2017,2.475
29/11/2017,2.482
28/11/2017,2.478
27/11/2017,2.531
25/11/2017,2.540
24/11/2017,2.537
23/11/2017,2.520
22/11/2017,2.541
21/11/2017,2.542
20/11/2017,2.547
18/11/2017,2.570
17/11/2017,2.570
16/11/2017,2.560
15/11/2017,2.571
14/11/2017,2.610
13/11/2017,2.582
11/11/2017,2.570
10/11/2017,2.561
09/11/2017,2.537
08/11/2017,2.543
07/11/2017,2.541
06/11/2017,2.549
04/11/2017,2.532
03/11/2017,2.525
02/11/2017,2.529
01/11/2017,2.547
31/10/2017,2.568
30/10/2017,2.521
29/10/2017,2.535
28/10/2017,2.535
27/10/2017,2.539
26/10/2017,2.543
25/10/2017,2.503
24/10/2017,2.456
23/10/2017,2.461
22/10/2017,2.470
21/10/2017,2.470
20/10/2017,2.471
19/10/2017,2.429
18/10/2017,2.392
17/10/2017,2.401
16/10/2017,2.395
14/10/2017,2.390
13/10/2017,2.391
12/10/2017,2.389
11/10/2017,2.418
10/10/2017,2.418
09/10/2017,2.370
03/10/2017,2.370
02/10/2017,2.370
30/09/2017,2.370
29/09/2017,2.375
28/09/2017,2.392
27/09/2017,2.359
26/09/2017,2.310
25/09/2017,2.269
23/09/2017,2.262
22/09/2017,2.268
21/09/2017,2.280
20/09/2017,2.284
19/09/2017,2.292
18/09/2017,2.264
16/09/2017,2.250
15/09/2017,2.248
14/09/2017,2.244
13/09/2017,2.241
12/09/2017,2.251
11/09/2017,2.250
10/09/2017,2.235
08/09/2017,2.240
07/09/2017,2.274
06/09/2017,2.280
05/09/2017,2.308
04/09/2017,2.308
02/09/2017,2.277
01/09/2017,2.270
31/08/2017,2.261
30/08/2017,2.244
29/08/2017,2.262
28/08/2017,2.253
26/08/2017,2.252
25/08/2017,2.253
24/08/2017,2.287
23/08/2017,2.302
22/08/2017,2.304
21/08/2017,2.301
19/08/2017,2.317
18/08/2017,2.312
17/08/2017,2.320
16/08/2017,2.334
15/08/2017,2.303
14/08/2017,2.300
12/08/2017,2.295
11/08/2017,2.303
10/08/2017,2.328
09/08/2017,2.339
08/08/2017,2.318
07/08/2017,2.280
06/08/2017,2.253
05/08/2017,2.253
04/08/2017,2.249
03/08/2017,2.249
02/08/2017,2.244
01/08/2017,2.258
31/07/2017,2.225
29/07/2017,2.225
28/07/2017,2.234
27/07/2017,2.213
26/07/2017,2.249
25/07/2017,2.203
24/07/2017,2.220
23/07/2017,2.220
22/07/2017,2.220
21/07/2017,2.218
20/07/2017,2.236
19/07/2017,2.259
18/07/2017,2.250
17/07/2017,2.275
16/07/2017,2.247
15/07/2017,2.247
14/07/2017,2.252
13/07/2017,2.234
12/07/2017,2.268
11/07/2017,2.278
10/07/2017,2.293
08/07/2017,2.317
07/07/2017,2.327
06/07/2017,2.281
05/07/2017,2.278
04/07/2017,2.279
03/07/2017,2.235
02/07/2017,2.212
01/07/2017,2.212
30/06/2017,2.214
29/06/2017,2.184
28/06/2017,2.178
27/06/2017,2.119
26/06/2017,2.125
25/06/2017,2.130
24/06/2017,2.130
23/06/2017,2.129
22/06/2017,2.135
21/06/2017,2.139
20/06/2017,2.142
19/06/2017,2.158
17/06/2017,2.159
16/06/2017,2.152
15/06/2017,2.123
14/06/2017,2.174
13/06/2017,2.177
12/06/2017,2.224
09/06/2017,2.165
08/06/2017,2.173
07/06/2017,2.160
06/06/2017,2.175
05/06/2017,2.177
03/06/2017,2.197
02/06/2017,2.209
01/06/2017,2.212
31/05/2017,2.222
30/05/2017,2.223
29/05/2017,2.246
27/05/2017,2.235
26/05/2017,2.237
25/05/2017,2.259
24/05/2017,2.269
23/05/2017,2.255
22/05/2017,2.270
20/05/2017,2.232
19/05/2017,2.247
18/05/2017,2.255
17/05/2017,2.254
16/05/2017,2.298
15/05/2017,2.297
13/05/2017,2.292
12/05/2017,2.287
11/05/2017,2.306
10/05/2017,2.297
09/05/2017,2.237
08/05/2017,2.245
07/05/2017,2.212
05/05/2017,2.212
04/05/2017,2.210
03/05/2017,2.237
02/05/2017,2.240
29/04/2017,2.192
28/04/2017,2.200
27/04/2017,2.196
26/04/2017,2.208
25/04/2017,2.194
24/04/2017,2.205
22/04/2017,2.167
21/04/2017,2.165
20/04/2017,2.145
19/04/2017,2.142
18/04/2017,2.172
17/04/2017,2.170
15/04/2017,2.184
14/04/2017,2.194
13/04/2017,2.172
12/04/2017,2.205
11/04/2017,2.204
10/04/2017,2.253
08/04/2017,2.197
07/04/2017,2.190
06/04/2017,2.182
05/04/2017,2.141
04/04/2017,2.139
03/04/2017,2.178
01/04/2017,2.187
31/03/2017,2.172
30/03/2017,2.184
29/03/2017,2.159
28/03/2017,2.161
27/03/2017,2.149
26/03/2017,2.185
25/03/2017,2.185
24/03/2017,2.175
23/03/2017,2.150
22/03/2017,2.152
21/03/2017,2.188
20/03/2017,2.186
18/03/2017,2.167
17/03/2017,2.178
16/03/2017,2.175
15/03/2017,2.268
14/03/2017,2.290
13/03/2017,2.297
11/03/2017,2.307
10/03/2017,2.319
09/03/2017,2.317
08/03/2017,2.302
07/03/2017,2.313
06/03/2017,2.262
04/03/2017,2.220
03/03/2017,2.232
02/03/2017,2.225
01/03/2017,2.157
28/02/2017,2.162
27/02/2017,2.170
25/02/2017,2.172
24/02/2017,2.175
23/02/2017,2.202
22/02/2017,2.246
21/02/2017,2.203
20/02/2017,2.184
18/02/2017,2.140
17/02/2017,2.136
16/02/2017,2.144
15/02/2017,2.151
14/02/2017,2.135
13/02/2017,2.151
11/02/2017,2.141
10/02/2017,2.150
09/02/2017,2.124
08/02/2017,2.131
07/02/2017,2.136
06/02/2017,2.154
04/02/2017,2.180
03/02/2017,2.185
02/02/2017,2.155
01/02/2017,2.174
31/01/2017,2.153
27/01/2017,2.187
26/01/2017,2.191
25/01/2017,2.134
24/01/2017,2.103
23/01/2017,2.126
21/01/2017,2.120
20/01/2017,2.126
19/01/2017,2.169
18/01/2017,2.125
17/01/2017,2.101
16/01/2017,2.119
14/01/2017,2.085
13/01/2017,2.094
12/01/2017,2.067
11/01/2017,2.128
10/01/2017,2.101
09/01/2017,2.132
07/01/2017,2.102
06/01/2017,2.084
05/01/2017,2.064
04/01/2017,2.097
03/01/2017,2.061
02/01/2017,2.054
30/12/2016,2.092
29/12/2016,2.058
28/12/2016,2.084
27/12/2016,2.112
26/12/2016,2.114
24/12/2016,2.115
23/12/2016,2.119
22/12/2016,2.098
21/12/2016,2.110
20/12/2016,2.162
19/12/2016,2.167
17/12/2016,2.160
16/12/2016,2.166
15/12/2016,2.195
14/12/2016,2.130
13/12/2016,2.199
12/12/2016,2.271
09/12/2016,2.205
08/12/2016,2.164
07/12/2016,2.200
06/12/2016,2.205
05/12/2016,2.190
03/12/2016,2.260
02/12/2016,2.259
01/12/2016,2.202
30/11/2016,2.146
29/11/2016,2.140
28/11/2016,2.153
26/11/2016,2.185
25/11/2016,2.185
24/11/2016,2.179
23/11/2016,2.139
22/11/2016,2.127
21/11/2016,2.121
19/11/2016,2.136
18/11/2016,2.135
17/11/2016,2.085
16/11/2016,2.100
15/11/2016,2.045
14/11/2016,2.062
12/11/2016,1.950
11/11/2016,1.939
10/11/2016,1.821
09/11/2016,1.682
08/11/2016,1.702
07/11/2016,1.707
05/11/2016,1.710
04/11/2016,1.696
03/11/2016,1.680
02/11/2016,1.692
01/11/2016,1.731
31/10/2016,1.683
29/10/2016,1.722
28/10/2016,1.719
27/10/2016,1.667
26/10/2016,1.631
25/10/2016,1.638
24/10/2016,1.607
22/10/2016,1.637
21/10/2016,1.626
20/10/2016,1.610
19/10/2016,1.613
18/10/2016,1.616
17/10/2016,1.615
15/10/2016,1.557
14/10/2016,1.550
13/10/2016,1.543
12/10/2016,1.590
11/10/2016,1.616
10/10/2016,1.548
08/10/2016,1.530
07/10/2016,1.530
06/10/2016,1.542
05/10/2016,1.511
04/10/2016,1.455
01/10/2016,1.424
30/09/2016,1.401
29/09/2016,1.455
28/09/2016,1.467
27/09/2016,1.494
26/09/2016,1.496
25/09/2016,1.502
24/09/2016,1.502
23/09/2016,1.500
22/09/2016,1.517
21/09/2016,1.595
20/09/2016,1.576
19/09/2016,1.583
17/09/2016,1.565
14/09/2016,1.565
13/09/2016,1.573
12/09/2016,1.565
10/09/2016,1.508
09/09/2016,1.511
08/09/2016,1.470
07/09/2016,1.458
06/09/2016,1.506
05/09/2016,1.512
04/09/2016,1.522
03/09/2016,1.522
02/09/2016,1.530
01/09/2016,1.526
31/08/2016,1.478
30/08/2016,1.452
29/08/2016,1.445
27/08/2016,1.415
26/08/2016,1.423
25/08/2016,1.421
24/08/2016,1.418
23/08/2016,1.422
22/08/2016,1.435
20/08/2016,1.425
19/08/2016,1.422
18/08/2016,1.416
17/08/2016,1.435
16/08/2016,1.395
14/08/2016,1.398
13/08/2016,1.398
12/08/2016,1.410
11/08/2016,1.396
10/08/2016,1.390
09/08/2016,1.427
08/08/2016,1.433
06/08/2016,1.392
05/08/2016,1.388
04/08/2016,1.410
03/08/2016,1.425
02/08/2016,1.379
01/08/2016,1.363
30/07/2016,1.382
29/07/2016,1.388
28/07/2016,1.359
27/07/2016,1.404
26/07/2016,1.411
25/07/2016,1.424
23/07/2016,1.415
22/07/2016,1.418
21/07/2016,1.438
20/07/2016,1.419
19/07/2016,1.428
18/07/2016,1.415
16/07/2016,1.390
15/07/2016,1.396
14/07/2016,1.367
13/07/2016,1.391
12/07/2016,1.393
11/07/2016,1.381
10/07/2016,1.387
09/07/2016,1.387
08/07/2016,1.375
07/07/2016,1.379
06/07/2016,1.389
05/07/2016,1.419
04/07/2016,1.412
02/07/2016,1.398
01/07/2016,1.410
30/06/2016,1.468
29/06/2016,1.464
28/06/2016,1.485
27/06/2016,1.481
26/06/2016,1.500
25/06/2016,1.500
24/06/2016,1.497
23/06/2016,1.631
22/06/2016,1.640
21/06/2016,1.624
20/06/2016,1.637
18/06/2016,1.597
17/06/2016,1.598
16/06/2016,1.582
15/06/2016,1.622
14/06/2016,1.632
13/06/2016,1.618
11/06/2016,1.652
10/06/2016,1.641
09/06/2016,1.663
08/06/2016,1.702
07/06/2016,1.712
06/06/2016,1.737
04/06/2016,1.737
03/06/2016,1.743
02/06/2016,1.763
01/06/2016,1.760
31/05/2016,1.812
30/05/2016,1.811
28/05/2016,1.775
27/05/2016,1.781
26/05/2016,1.789
25/05/2016,1.784
24/05/2016,1.770
23/05/2016,1.803
21/05/2016,1.800
20/05/2016,1.805
19/05/2016,1.834
18/05/2016,1.806
17/05/2016,1.792
16/05/2016,1.770
14/05/2016,1.765
13/05/2016,1.767
12/05/2016,1.764
11/05/2016,1.767
10/05/2016,1.767
09/05/2016,1.757
06/05/2016,1.774
05/05/2016,1.774
04/05/2016,1.772
03/05/2016,1.794
02/05/2016,1.808
01/05/2016,1.795
30/04/2016,1.795
29/04/2016,1.793
28/04/2016,1.799
27/04/2016,1.809
26/04/2016,1.820
25/04/2016,1.829
23/04/2016,1.830
22/04/2016,1.819
21/04/2016,1.823
20/04/2016,1.806
19/04/2016,1.850
18/04/2016,1.841
16/04/2016,1.838
15/04/2016,1.842
14/04/2016,1.848
13/04/2016,1.787
12/04/2016,1.796
11/04/2016,1.794
09/04/2016,1.795
08/04/2016,1.798
07/04/2016,1.799
06/04/2016,1.787
05/04/2016,1.789
04/04/2016,1.768
02/04/2016,1.795
01/04/2016,1.790
31/03/2016,1.787
30/03/2016,1.774
29/03/2016,1.805
28/03/2016,1.840
27/03/2016,1.832
25/03/2016,1.835
24/03/2016,1.844
23/03/2016,1.880
22/03/2016,1.844
21/03/2016,1.823
19/03/2016,1.832
18/03/2016,1.826
17/03/2016,1.863
16/03/2016,1.918
15/03/2016,1.919
14/03/2016,1.913
12/03/2016,1.922
11/03/2016,1.916
10/03/2016,1.863
09/03/2016,1.843
08/03/2016,1.847
07/03/2016,1.872
05/03/2016,1.877
04/03/2016,1.887
03/03/2016,1.862
02/03/2016,1.826
01/03/2016,1.787
29/02/2016,1.786
27/02/2016,1.775
26/02/2016,1.780
25/02/2016,1.811
24/02/2016,1.817
23/02/2016,1.834
22/02/2016,1.827
20/02/2016,1.815
19/02/2016,1.811
18/02/2016,1.804
17/02/2016,1.787
16/02/2016,1.780
15/02/2016,1.822
14/02/2016,1.797
13/02/2016,1.797
12/02/2016,1.811
11/02/2016,1.764
06/02/2016,1.880
05/02/2016,1.880
04/02/2016,1.871
03/02/2016,1.865
02/02/2016,1.924
01/02/2016,1.922
30/01/2016,1.980
29/01/2016,1.980
28/01/2016,2.015
27/01/2016,2.011
26/01/2016,1.990
25/01/2016,2.019
23/01/2016,2.035
22/01/2016,2.041
21/01/2016,1.994
20/01/2016,2.010
19/01/2016,2.068
18/01/2016,2.040
16/01/2016,2.020
15/01/2016,2.023
14/01/2016,2.028
13/01/2016,2.023
12/01/2016,2.046
11/01/2016,2.021
10/01/2016,2.057
09/01/2016,2.057
08/01/2016,2.057
07/01/2016,2.019
06/01/2016,2.037
05/01/2016,2.062
04/01/2016,2.035
31/12/2015,2.085
30/12/2015,2.068
29/12/2015,2.059
28/12/2015,2.092
25/12/2015,2.097
24/12/2015,2.096
23/12/2015,2.107
22/12/2015,2.115
21/12/2015,2.095
19/12/2015,2.122
18/12/2015,2.108
17/12/2015,2.164
16/12/2015,2.219
15/12/2015,2.222
14/12/2015,2.218
13/12/2015,2.243
11/12/2015,2.240
10/12/2015,2.229
09/12/2015,2.215
08/12/2015,2.238
07/12/2015,2.296
05/12/2015,2.300
04/12/2015,2.315
03/12/2015,2.264
02/12/2015,2.254
01/12/2015,2.271
30/11/2015,2.249
29/11/2015,2.267
27/11/2015,2.272
26/11/2015,2.239
25/11/2015,2.254
24/11/2015,2.277
23/11/2015,2.291
22/11/2015,2.267
21/11/2015,2.267
20/11/2015,2.254
19/11/2015,2.265
18/11/2015,2.292
17/11/2015,2.304
16/11/2015,2.280
14/11/2015,2.330
13/11/2015,2.335
12/11/2015,2.322
11/11/2015,2.321
10/11/2015,2.282
09/11/2015,2.281
07/11/2015,2.210
06/11/2015,2.199
05/11/2015,2.160
04/11/2015,2.175
03/11/2015,2.152
02/11/2015,2.111
31/10/2015,2.112
30/10/2015,2.107
29/10/2015,2.054
28/10/2015,2.041
27/10/2015,2.060
26/10/2015,2.096
24/10/2015,2.102
23/10/2015,2.108
22/10/2015,2.120
21/10/2015,2.110
20/10/2015,2.096
19/10/2015,2.085
18/10/2015,2.062
17/10/2015,2.062
16/10/2015,2.065
15/10/2015,2.071
14/10/2015,2.134
13/10/2015,2.137
12/10/2015,2.137
09/10/2015,2.090
08/10/2015,2.097
07/10/2015,2.085
06/10/2015,2.060
05/10/2015,2.045
03/10/2015,2.082
02/10/2015,2.084
01/10/2015,2.106
30/09/2015,2.056
27/09/2015,2.132
26/09/2015,2.132
25/09/2015,2.130
24/09/2015,2.161
23/09/2015,2.133
22/09/2015,2.157
21/09/2015,2.160
20/09/2015,2.192
18/09/2015,2.190
17/09/2015,2.281
16/09/2015,2.272
15/09/2015,2.254
14/09/2015,2.269
12/09/2015,2.235
11/09/2015,2.237
10/09/2015,2.236
09/09/2015,2.249
08/09/2015,2.238
07/09/2015,2.224
05/09/2015,2.240
04/09/2015,2.243
03/09/2015,2.272
02/09/2015,2.256
01/09/2015,2.317
31/08/2015,2.290
29/08/2015,2.285
28/08/2015,2.299
27/08/2015,2.264
26/08/2015,2.256
25/08/2015,2.221
24/08/2015,2.205
23/08/2015,2.252
22/08/2015,2.252
21/08/2015,2.258
20/08/2015,2.281
19/08/2015,2.307
18/08/2015,2.272
17/08/2015,2.285
14/08/2015,2.290
13/08/2015,2.295
12/08/2015,2.266
11/08/2015,2.326
10/08/2015,2.360
09/08/2015,2.412
08/08/2015,2.412
07/08/2015,2.420
06/08/2015,2.416
05/08/2015,2.433
04/08/2015,2.405
03/08/2015,2.403
02/08/2015,2.425
01/08/2015,2.425
31/07/2015,2.425
30/07/2015,2.390
29/07/2015,2.369
28/07/2015,2.392
27/07/2015,2.344
25/07/2015,2.335
24/07/2015,2.330
23/07/2015,2.362
22/07/2015,2.433
21/07/2015,2.456
20/07/2015,2.468
19/07/2015,2.467
18/07/2015,2.467
17/07/2015,2.471
16/07/2015,2.479
15/07/2015,2.497
14/07/2015,2.505
13/07/2015,2.511
11/07/2015,2.502
10/07/2015,2.502
09/07/2015,2.483
08/07/2015,2.479
07/07/2015,2.494
06/07/2015,2.465
05/07/2015,2.520
04/07/2015,2.520
03/07/2015,2.525
02/07/2015,2.529
01/07/2015,2.468
30/06/2015,2.442
29/06/2015,2.455
27/06/2015,2.495
26/06/2015,2.482
25/06/2015,2.471
24/06/2015,2.483
23/06/2015,2.481
22/06/2015,2.500
21/06/2015,2.445
20/06/2015,2.445
19/06/2015,2.438
18/06/2015,2.518
17/06/2015,2.559
16/06/2015,2.512
15/06/2015,2.499
13/06/2015,2.456
12/06/2015,2.478
11/06/2015,2.519
10/06/2015,2.483
09/06/2015,2.442
08/06/2015,2.489
07/06/2015,2.466
06/06/2015,2.466
05/06/2015,2.475
04/06/2015,2.478
03/06/2015,2.420
02/06/2015,2.322
01/06/2015,2.342
31/05/2015,2.305
30/05/2015,2.305
29/05/2015,2.313
28/05/2015,2.411
27/05/2015,2.442
26/05/2015,2.484
23/05/2015,2.477
22/05/2015,2.490
21/05/2015,2.503
20/05/2015,2.485
19/05/2015,2.556
18/05/2015,2.513
17/05/2015,2.507
16/05/2015,2.507
15/05/2015,2.542
14/05/2015,2.502
13/05/2015,2.545
12/05/2015,2.593
11/05/2015,2.457
09/05/2015,2.399
08/05/2015,2.435
07/05/2015,2.555
06/05/2015,2.536
05/05/2015,2.495
04/05/2015,2.480
01/05/2015,2.424
30/04/2015,2.401
29/04/2015,2.396
28/04/2015,2.369
27/04/2015,2.294
26/04/2015,2.295
25/04/2015,2.295
24/04/2015,2.279
23/04/2015,2.266
22/04/2015,2.174
21/04/2015,2.173
20/04/2015,2.140
19/04/2015,2.115
18/04/2015,2.115
17/04/2015,2.105
16/04/2015,2.163
15/04/2015,2.122
14/04/2015,2.124
13/04/2015,2.100
12/04/2015,2.075
11/04/2015,2.075
10/04/2015,2.066
09/04/2015,2.082
08/04/2015,2.110
07/04/2015,2.106
06/04/2015,2.073
05/04/2015,2.085
03/04/2015,2.092
02/04/2015,2.127
01/04/2015,2.149
31/03/2015,2.163
30/03/2015,2.169
28/03/2015,2.175
27/03/2015,2.191
26/03/2015,2.180
25/03/2015,2.183
24/03/2015,2.195
23/03/2015,2.190
21/03/2015,2.207
20/03/2015,2.207
19/03/2015,2.220
18/03/2015,2.287
17/03/2015,2.320
16/03/2015,2.317
14/03/2015,2.357
13/03/2015,2.355
12/03/2015,2.335
11/03/2015,2.316
10/03/2015,2.385
09/03/2015,2.370
07/03/2015,2.332
06/03/2015,2.322
05/03/2015,2.354
04/03/2015,2.363
03/03/2015,2.351
02/03/2015,2.329
28/02/2015,2.355
27/02/2015,2.348
26/02/2015,2.367
25/02/2015,2.379
24/02/2015,2.430
23/02/2015,2.423
19/02/2015,2.380
18/02/2015,2.380
17/02/2015,2.384
16/02/2015,2.472
15/02/2015,2.397
13/02/2015,2.400
12/02/2015,2.410
11/02/2015,2.349
10/02/2015,2.366
09/02/2015,2.293
07/02/2015,2.267
06/02/2015,2.276
05/02/2015,2.278
04/02/2015,2.260
03/02/2015,2.213
02/02/2015,2.243
01/02/2015,2.240
30/01/2015,2.240
29/01/2015,2.224
28/01/2015,2.261
27/01/2015,2.300
26/01/2015,2.298
24/01/2015,2.332
23/01/2015,2.327
22/01/2015,2.407
21/01/2015,2.369
20/01/2015,2.360
19/01/2015,2.385
17/01/2015,2.345
16/01/2015,2.334
15/01/2015,2.447
14/01/2015,2.367
13/01/2015,2.428
12/01/2015,2.447
10/01/2015,2.537
09/01/2015,2.539
08/01/2015,2.559
07/01/2015,2.562
06/01/2015,2.552
05/01/2015,2.629
03/01/2015,2.655
02/01/2015,2.662
31/12/2014,2.605
30/12/2014,2.598
29/12/2014,2.610
28/12/2014,2.650
27/12/2014,2.650
26/12/2014,2.645
25/12/2014,2.649
24/12/2014,2.669
23/12/2014,2.686
22/12/2014,2.673
20/12/2014,2.717
19/12/2014,2.731
18/12/2014,2.721
17/12/2014,2.684
16/12/2014,2.670
15/12/2014,2.695
14/12/2014,2.696
13/12/2014,2.696
12/12/2014,2.695
11/12/2014,2.705
10/12/2014,2.759
09/12/2014,2.752
08/12/2014,2.788
06/12/2014,2.724
05/12/2014,2.728
04/12/2014,2.721
03/12/2014,2.680
02/12/2014,2.602
01/12/2014,2.600
30/11/2014,2.590
29/11/2014,2.590
28/11/2014,2.587
27/11/2014,2.637
26/11/2014,2.631
25/11/2014,2.649
24/11/2014,2.683
22/11/2014,2.730
21/11/2014,2.724
20/11/2014,2.713
19/11/2014,2.739
18/11/2014,2.746
17/11/2014,2.764
16/11/2014,2.775
15/11/2014,2.775
14/11/2014,2.774
13/11/2014,2.776
12/11/2014,2.755
11/11/2014,2.719
10/11/2014,2.686
09/11/2014,2.675
07/11/2014,2.665
06/11/2014,2.650
05/11/2014,2.636
04/11/2014,2.629
03/11/2014,2.657
01/11/2014,2.655
31/10/2014,2.643
30/10/2014,2.686
29/10/2014,2.707
28/10/2014,2.722
27/10/2014,2.721
25/10/2014,2.700
24/10/2014,2.698
23/10/2014,2.725
22/10/2014,2.759
21/10/2014,2.758
20/10/2014,2.779
18/10/2014,2.730
17/10/2014,2.736
16/10/2014,2.764
15/10/2014,2.822
14/10/2014,2.833
13/10/2014,2.824
11/10/2014,2.820
10/10/2014,2.817
08/10/2014,2.851
07/10/2014,2.850
06/10/2014,2.849
02/10/2014,2.839
01/10/2014,2.809
30/09/2014,2.860
29/09/2014,2.916
27/09/2014,2.942
26/09/2014,2.942
25/09/2014,2.963
24/09/2014,2.976
23/09/2014,2.983
22/09/2014,2.991
19/09/2014,3.025
18/09/2014,3.021
17/09/2014,3.039
16/09/2014,3.034
15/09/2014,3.049
13/09/2014,3.017
12/09/2014,3.017
11/09/2014,3.084
05/09/2014,3.075
04/09/2014,3.101
03/09/2014,3.103
02/09/2014,3.059
01/09/2014,3.037
31/08/2014,3.036
29/08/2014,3.036
28/08/2014,3.049
27/08/2014,3.038
26/08/2014,3.070
25/08/2014,3.110
22/08/2014,3.148
21/08/2014,3.144
20/08/2014,3.143
19/08/2014,3.149
18/08/2014,3.099
17/08/2014,3.065
14/08/2014,3.065
13/08/2014,3.070
12/08/2014,3.062
11/08/2014,3.039
10/08/2014,3.040
08/08/2014,3.040
07/08/2014,3.084
06/08/2014,3.103
05/08/2014,3.067
04/08/2014,3.101
02/08/2014,3.099
01/08/2014,3.099
31/07/2014,3.053
30/07/2014,3.033
29/07/2014,3.037
28/07/2014,3.009
27/07/2014,3.008
25/07/2014,3.008
24/07/2014,3.010
23/07/2014,2.972
22/07/2014,2.995
21/07/2014,2.999
20/07/2014,2.972
18/07/2014,2.972
17/07/2014,2.944
16/07/2014,3.033
15/07/2014,3.072
14/07/2014,3.072
13/07/2014,3.066
12/07/2014,3.066
11/07/2014,3.066
10/07/2014,3.081
09/07/2014,3.159
08/07/2014,3.153
07/07/2014,3.130
04/07/2014,3.119
03/07/2014,3.101
02/07/2014,3.107
01/07/2014,3.169
30/06/2014,3.164
27/06/2014,3.180
26/06/2014,3.211
25/06/2014,3.217
24/06/2014,3.212
23/06/2014,3.233
20/06/2014,3.220
19/06/2014,3.253
18/06/2014,3.305
17/06/2014,3.304
16/06/2014,3.318
15/06/2014,3.307
13/06/2014,3.307
12/06/2014,3.313
11/06/2014,3.359
10/06/2014,3.347
09/06/2014,3.383
05/06/2014,3.390
03/06/2014,3.375
02/06/2014,3.363
30/05/2014,3.340
29/05/2014,3.325
28/05/2014,3.362
27/05/2014,3.368
26/05/2014,3.373
25/05/2014,3.387
23/05/2014,3.387
22/05/2014,3.407
21/05/2014,3.375
20/05/2014,3.389
19/05/2014,3.383
16/05/2014,3.391
15/05/2014,3.375
14/05/2014,3.445
13/05/2014,3.455
12/05/2014,3.439
09/05/2014,3.430
08/05/2014,3.464
07/05/2014,3.469
02/05/2014,3.507
30/04/2014,3.528
29/04/2014,3.524
28/04/2014,3.527
27/04/2014,3.529
25/04/2014,3.529
24/04/2014,3.549
23/04/2014,3.546
22/04/2014,3.560
21/04/2014,3.562
18/04/2014,3.545
17/04/2014,3.518
16/04/2014,3.547
15/04/2014,3.539
14/04/2014,3.538
11/04/2014,3.529
10/04/2014,3.536
09/04/2014,3.518
08/04/2014,3.541
07/04/2014,3.525
04/04/2014,3.561
03/04/2014,3.560
02/04/2014,3.561
01/04/2014,3.542
31/03/2014,3.518
28/03/2014,3.514
27/03/2014,3.528
26/03/2014,3.547
25/03/2014,3.543
24/03/2014,3.561
21/03/2014,3.566
20/03/2014,3.539
19/03/2014,3.524
18/03/2014,3.535
17/03/2014,3.515
14/03/2014,3.475
13/03/2014,3.530
12/03/2014,3.540
11/03/2014,3.564
10/03/2014,3.572
09/03/2014,3.587
07/03/2014,3.587
06/03/2014,3.572
05/03/2014,3.569
04/03/2014,3.581
03/03/2014,3.560
28/02/2014,3.500
27/02/2014,3.490
26/02/2014,3.510
25/02/2014,3.500
24/02/2014,3.510
21/02/2014,3.520
20/02/2014,3.480
19/02/2014,3.490
18/02/2014,3.520
17/02/2014,3.490
14/02/2014,3.480
13/02/2014,3.500
12/02/2014,3.540
11/02/2014,3.520
10/02/2014,3.540
07/02/2014,3.560
06/02/2014,3.550
05/02/2014,3.540
04/02/2014,3.540
03/02/2014,3.600
29/01/2014,3.620
28/01/2014,3.600
27/01/2014,3.600
24/01/2014,3.590
23/01/2014,3.650
22/01/2014,3.680
21/01/2014,3.660
20/01/2014,3.650
17/01/2014,3.640
16/01/2014,3.650
15/01/2014,3.650
14/01/2014,3.620
13/01/2014,3.610
10/01/2014,3.640
09/01/2014,3.670
08/01/2014,3.640
07/01/2014,3.650
06/01/2014,3.660
03/01/2014,3.690
02/01/2014,3.670
30/12/2013,3.570
27/12/2013,3.540
26/12/2013,3.570
25/12/2013,3.580
24/12/2013,3.580
23/12/2013,3.580
21/12/2013,3.620
20/12/2013,3.620
19/12/2013,3.620
18/12/2013,3.610
17/12/2013,3.600
16/12/2013,3.640
13/12/2013,3.680
12/12/2013,3.710
11/12/2013,3.700
10/12/2013,3.690
09/12/2013,3.690
06/12/2013,3.730
05/12/2013,3.760
04/12/2013,3.720
03/12/2013,3.710
02/12/2013,3.720
29/11/2013,3.670
28/11/2013,3.640
27/11/2013,3.630
26/11/2013,3.620
25/11/2013,3.620
22/11/2013,3.650
21/11/2013,3.680
20/11/2013,3.630
19/11/2013,3.630
18/11/2013,3.580
17/11/2013,3.580
15/11/2013,3.580
14/11/2013,3.560
13/11/2013,3.560
12/11/2013,3.590
11/11/2013,3.580
08/11/2013,3.490
07/11/2013,3.510
06/11/2013,3.500
05/11/2013,3.500
04/11/2013,3.490
03/11/2013,3.450
01/11/2013,3.450
31/10/2013,3.390
30/10/2013,3.350
29/10/2013,3.390
28/10/2013,3.400
27/10/2013,3.360
25/10/2013,3.360
24/10/2013,3.380
23/10/2013,3.340
22/10/2013,3.440
21/10/2013,3.450
18/10/2013,3.440
17/10/2013,3.490
16/10/2013,3.520
15/10/2013,3.540
14/10/2013,3.540
11/10/2013,3.510
10/10/2013,3.510
08/10/2013,3.450
07/10/2013,3.420
04/10/2013,3.400
02/10/2013,3.410
01/10/2013,3.430
30/09/2013,3.420
29/09/2013,3.440
27/09/2013,3.440
26/09/2013,3.460
25/09/2013,3.380
24/09/2013,3.400
23/09/2013,3.400
22/09/2013,3.480
17/09/2013,3.480
16/09/2013,3.500
15/09/2013,3.580
13/09/2013,3.580
12/09/2013,3.540
11/09/2013,3.570
10/09/2013,3.610
09/09/2013,3.590
08/09/2013,3.700
07/09/2013,3.700
06/09/2013,3.700
05/09/2013,3.700
04/09/2013,3.640
03/09/2013,3.600
02/09/2013,3.560
01/09/2013,3.530
30/08/2013,3.530
29/08/2013,3.580
28/08/2013,3.590
27/08/2013,3.640
26/08/2013,3.660
23/08/2013,3.720
22/08/2013,3.730
21/08/2013,3.670
20/08/2013,3.640
19/08/2013,3.750
16/08/2013,3.700
14/08/2013,3.660
13/08/2013,3.560
12/08/2013,3.530
11/08/2013,3.580
10/08/2013,3.580
09/08/2013,3.580
08/08/2013,3.580
07/08/2013,3.590
06/08/2013,3.510
05/08/2013,3.510
02/08/2013,3.580
01/08/2013,3.490
31/07/2013,3.500
30/07/2013,3.460
29/07/2013,3.470
26/07/2013,3.520
25/07/2013,3.520
24/07/2013,3.430
23/07/2013,3.400
22/07/2013,3.400
19/07/2013,3.400
18/07/2013,3.420
17/07/2013,3.460
16/07/2013,3.440
15/07/2013,3.430
12/07/2013,3.390
11/07/2013,3.370
10/07/2013,3.510
09/07/2013,3.590
08/07/2013,3.610
05/07/2013,3.510
04/07/2013,3.460
03/07/2013,3.470
02/07/2013,3.420
01/07/2013,3.510
28/06/2013,3.410
27/06/2013,3.420
26/06/2013,3.510
25/06/2013,3.570
24/06/2013,3.690
23/06/2013,3.520
21/06/2013,3.520
20/06/2013,3.390
19/06/2013,3.220
18/06/2013,3.210
17/06/2013,3.250
16/06/2013,3.200
14/06/2013,3.200
13/06/2013,3.270
12/06/2013,3.290
11/06/2013,3.160
10/06/2013,3.160
08/06/2013,3.130
07/06/2013,3.130
05/06/2013,3.160
04/06/2013,3.110
03/06/2013,3.120
31/05/2013,3.100
30/05/2013,3.040
29/05/2013,3.040
28/05/2013,2.940
27/05/2013,2.920
25/05/2013,2.940
24/05/2013,2.940
23/05/2013,2.930
22/05/2013,2.940
21/05/2013,2.920
20/05/2013,2.920
16/05/2013,2.880
15/05/2013,2.890
14/05/2013,2.870
13/05/2013,2.890
10/05/2013,2.860
09/05/2013,2.840
08/05/2013,2.830
07/05/2013,2.800
06/05/2013,2.800
03/05/2013,2.730
02/05/2013,2.720
30/04/2013,2.780
29/04/2013,2.790
26/04/2013,2.800
25/04/2013,2.820
24/04/2013,2.850
23/04/2013,2.850
22/04/2013,2.870
19/04/2013,2.860
18/04/2013,2.870
17/04/2013,2.900
16/04/2013,2.890
15/04/2013,2.970
12/04/2013,2.970
11/04/2013,2.910
10/04/2013,2.790
09/04/2013,2.790
08/04/2013,2.760
05/04/2013,2.750
04/04/2013,2.770
03/04/2013,2.780
02/04/2013,2.800
01/04/2013,2.810
29/03/2013,2.800
28/03/2013,2.770
27/03/2013,2.860
26/03/2013,2.870
25/03/2013,2.870
22/03/2013,2.870
21/03/2013,2.890
20/03/2013,2.890
19/03/2013,2.870
18/03/2013,2.900
17/03/2013,2.930
15/03/2013,2.930
14/03/2013,2.970
13/03/2013,2.950
12/03/2013,2.950
11/03/2013,3.010
08/03/2013,2.990
07/03/2013,2.990
06/03/2013,2.940
05/03/2013,2.930
04/03/2013,2.940
28/02/2013,2.940
27/02/2013,2.930
26/02/2013,2.970
25/02/2013,3.010
22/02/2013,3.030
21/02/2013,3.020
20/02/2013,3.040
19/02/2013,3.030
18/02/2013,3.060
17/02/2013,3.070
15/02/2013,3.070
14/02/2013,3.080
13/02/2013,3.070
12/02/2013,3.030
09/02/2013,3.060
08/02/2013,3.060
07/02/2013,3.050
06/02/2013,3.070
05/02/2013,3.070
04/02/2013,3.110
01/02/2013,3.120
31/01/2013,3.100
30/01/2013,3.100
29/01/2013,3.050
28/01/2013,3.020
25/01/2013,2.990
24/01/2013,3.000
23/01/2013,3.010
22/01/2013,3.010
21/01/2013,3.020
18/01/2013,3.020
17/01/2013,2.990
16/01/2013,3.010
15/01/2013,3.010
14/01/2013,3.040
13/01/2013,3.040
11/01/2013,3.040
10/01/2013,3.010
09/01/2013,3.040
08/01/2013,3.040
07/01/2013,3.110
04/01/2013,3.120
03/01/2013,3.130
02/01/2013,3.180
01/01/2013,3.150
30/12/2012,3.150
28/12/2012,3.150
27/12/2012,3.210
26/12/2012,3.230
24/12/2012,3.200
23/12/2012,3.170
22/12/2012,3.170
21/12/2012,3.170
20/12/2012,3.200
18/12/2012,3.190
17/12/2012,3.150
14/12/2012,3.140
13/12/2012,3.140
12/12/2012,3.100
11/12/2012,3.090
10/12/2012,3.080
07/12/2012,3.050
06/12/2012,3.080
05/12/2012,3.080
04/12/2012,3.030
03/12/2012,3.030
30/11/2012,3.020
29/11/2012,3.020
28/11/2012,3.020
27/11/2012,3.040
26/11/2012,3.020
23/11/2012,3.030
22/11/2012,3.010
21/11/2012,2.980
20/11/2012,2.990
19/11/2012,2.980
16/11/2012,2.960
15/11/2012,2.960
14/11/2012,2.970
13/11/2012,2.970
12/11/2012,2.990
09/11/2012,2.970
08/11/2012,2.960
07/11/2012,2.990
06/11/2012,2.990
05/11/2012,2.990
03/11/2012,2.970
02/11/2012,2.970
01/11/2012,2.960
31/10/2012,2.960
30/10/2012,2.970
29/10/2012,2.980
26/10/2012,2.980
25/10/2012,3.000
24/10/2012,3.010
23/10/2012,3.030
22/10/2012,3.040
19/10/2012,3.020
18/10/2012,3.030
17/10/2012,2.980
16/10/2012,2.950
15/10/2012,2.940
12/10/2012,2.940
11/10/2012,2.920
10/10/2012,2.910
09/10/2012,2.960
08/10/2012,2.960
05/10/2012,2.950
04/10/2012,2.950
02/10/2012,2.970
28/09/2012,3.000
27/09/2012,3.050
26/09/2012,3.030
25/09/2012,3.030
24/09/2012,3.040
23/09/2012,3.060
22/09/2012,3.060
21/09/2012,3.060
20/09/2012,3.070
19/09/2012,3.120
18/09/2012,3.090
17/09/2012,3.120
14/09/2012,3.070
13/09/2012,3.070
12/09/2012,3.040
11/09/2012,3.000
10/09/2012,3.030
07/09/2012,3.060
06/09/2012,2.990
05/09/2012,2.990
04/09/2012,3.010
03/09/2012,3.000
31/08/2012,3.020
30/08/2012,3.040
29/08/2012,3.030
28/08/2012,3.060
27/08/2012,3.060
24/08/2012,3.080
23/08/2012,3.120
22/08/2012,3.170
21/08/2012,3.160
20/08/2012,3.190
17/08/2012,3.190
16/08/2012,3.240
14/08/2012,3.100
13/08/2012,3.060
10/08/2012,3.040
09/08/2012,3.050
08/08/2012,3.000
07/08/2012,3.030
06/08/2012,3.020
03/08/2012,3.030
02/08/2012,3.100
01/08/2012,3.140
31/07/2012,3.150
30/07/2012,3.140
27/07/2012,3.120
26/07/2012,3.010
25/07/2012,3.000
24/07/2012,3.080
23/07/2012,3.080
20/07/2012,3.180
19/07/2012,3.170
18/07/2012,3.150
17/07/2012,3.170
16/07/2012,3.240
13/07/2012,3.260
12/07/2012,3.290
11/07/2012,3.520
10/07/2012,3.530
09/07/2012,3.520
06/07/2012,3.540
05/07/2012,3.540
04/07/2012,3.570
03/07/2012,3.590
02/07/2012,3.610
29/06/2012,3.630
28/06/2012,3.590
27/06/2012,3.610
26/06/2012,3.630
25/06/2012,3.630
22/06/2012,3.630
21/06/2012,3.660
20/06/2012,3.680
19/06/2012,3.650
18/06/2012,3.660
15/06/2012,3.630
14/06/2012,3.640
13/06/2012,3.640
12/06/2012,3.660
11/06/2012,3.660
08/06/2012,3.570
07/06/2012,3.670
05/06/2012,3.610
04/06/2012,3.560
01/06/2012,3.640
31/05/2012,3.690
30/05/2012,3.730
29/05/2012,3.740
25/05/2012,3.730
24/05/2012,3.730
23/05/2012,3.730
22/05/2012,3.740
21/05/2012,3.740
18/05/2012,3.720
17/05/2012,3.740
16/05/2012,3.750
15/05/2012,3.730
14/05/2012,3.750
11/05/2012,3.750
10/05/2012,3.790
09/05/2012,3.770
08/05/2012,3.780
07/05/2012,3.750
04/05/2012,3.790
03/05/2012,3.800
02/05/2012,3.820
30/04/2012,3.810
27/04/2012,3.840
26/04/2012,3.870
25/04/2012,3.880
24/04/2012,3.850
23/04/2012,3.850
20/04/2012,3.850
19/04/2012,3.870
18/04/2012,3.870
17/04/2012,3.860
16/04/2012,3.870
13/04/2012,3.910
12/04/2012,3.910
10/04/2012,3.910
09/04/2012,3.900
06/04/2012,3.950
05/04/2012,3.970
04/04/2012,3.970
03/04/2012,3.950
02/04/2012,3.990
30/03/2012,3.940
29/03/2012,3.990
28/03/2012,4.000
27/03/2012,4.030
26/03/2012,4.030
23/03/2012,4.060
22/03/2012,4.060
21/03/2012,4.040
20/03/2012,4.010
19/03/2012,4.010
16/03/2012,3.970
15/03/2012,3.950
14/03/2012,3.890
13/03/2012,3.850
12/03/2012,3.850
09/03/2012,3.880
08/03/2012,3.860
07/03/2012,3.890
06/03/2012,3.880
05/03/2012,3.870
02/03/2012,3.850
29/02/2012,3.810
28/02/2012,3.800
27/02/2012,3.820
24/02/2012,3.830
23/02/2012,3.830
22/02/2012,3.850
21/02/2012,3.850
20/02/2012,3.850
17/02/2012,3.830
16/02/2012,3.810
15/02/2012,3.830
14/02/2012,3.820
13/02/2012,3.830
10/02/2012,3.820
09/02/2012,3.810
08/02/2012,3.830
07/02/2012,3.810
06/02/2012,3.780
03/02/2012,3.760
02/02/2012,3.760
01/02/2012,3.750
31/01/2012,3.760
30/01/2012,3.770
27/01/2012,3.800
26/01/2012,3.820
25/01/2012,3.810
20/01/2012,3.820
19/01/2012,3.790
18/01/2012,3.790
17/01/2012,3.810
16/01/2012,3.790
13/01/2012,3.790
12/01/2012,3.780
11/01/2012,3.790
10/01/2012,3.790
09/01/2012,3.790
06/01/2012,3.780
05/01/2012,3.780
04/01/2012,3.790
03/01/2012,3.790
02/01/2012,3.780
29/12/2011,3.770
28/12/2011,3.850
27/12/2011,3.850
26/12/2011,3.840
23/12/2011,3.850
22/12/2011,3.830
21/12/2011,3.830
20/12/2011,3.830
19/12/2011,3.870
16/12/2011,3.790
15/12/2011,3.780
14/12/2011,3.790
13/12/2011,3.790
12/12/2011,3.810
09/12/2011,3.800
08/12/2011,3.810
07/12/2011,3.790
06/12/2011,3.790
05/12/2011,3.780
02/12/2011,3.790
01/12/2011,3.800
30/11/2011,3.770
29/11/2011,3.820
28/11/2011,3.810
25/11/2011,3.810
24/11/2011,3.760
23/11/2011,3.770
22/11/2011,3.780
21/11/2011,3.790
18/11/2011,3.810
17/11/2011,3.810
16/11/2011,3.780
15/11/2011,3.820
14/11/2011,3.840
11/11/2011,3.790
10/11/2011,3.760
09/11/2011,3.780
08/11/2011,3.790
07/11/2011,3.820
04/11/2011,3.830
03/11/2011,3.810
02/11/2011,3.830
01/11/2011,3.840
31/10/2011,3.860
28/10/2011,3.950
27/10/2011,3.920
26/10/2011,3.910
25/10/2011,3.940
24/10/2011,3.930
21/10/2011,3.930
20/10/2011,3.840
19/10/2011,3.840
18/10/2011,3.830
17/10/2011,3.840
14/10/2011,3.740
13/10/2011,3.770
12/10/2011,3.830
11/10/2011,3.850
10/10/2011,3.840
07/10/2011,3.820
06/10/2011,3.810
05/10/2011,3.780
04/10/2011,3.800
30/09/2011,3.930
29/09/2011,3.900
28/09/2011,3.890
27/09/2011,3.790
26/09/2011,3.830
23/09/2011,3.750
22/09/2011,3.820
21/09/2011,3.860
20/09/2011,3.810
19/09/2011,3.780
16/09/2011,3.680
15/09/2011,3.640
14/09/2011,3.540
09/09/2011,3.600
08/09/2011,3.660
07/09/2011,3.680
06/09/2011,3.650
05/09/2011,3.630
02/09/2011,3.780
01/09/2011,3.810
31/08/2011,3.870
30/08/2011,3.850
29/08/2011,3.880
26/08/2011,3.850
25/08/2011,3.850
24/08/2011,3.850
23/08/2011,3.890
22/08/2011,3.850
19/08/2011,3.840
18/08/2011,3.930
17/08/2011,3.930
16/08/2011,3.930
12/08/2011,3.900
11/08/2011,3.910
10/08/2011,3.970
09/08/2011,4.070
08/08/2011,4.060
05/08/2011,4.010
04/08/2011,4.110
03/08/2011,4.140
02/08/2011,4.210
01/08/2011,4.230
29/07/2011,4.190
28/07/2011,4.200
27/07/2011,4.230
26/07/2011,4.240
25/07/2011,4.180
22/07/2011,4.190
21/07/2011,4.170
20/07/2011,4.150
19/07/2011,4.130
18/07/2011,4.140
15/07/2011,4.180
14/07/2011,4.190
13/07/2011,4.180
12/07/2011,4.210
11/07/2011,4.310
08/07/2011,4.330
07/07/2011,4.290
06/07/2011,4.300
05/07/2011,4.300
04/07/2011,4.320
01/07/2011,4.320
30/06/2011,4.310
29/06/2011,4.290
28/06/2011,4.250
27/06/2011,4.240
24/06/2011,4.260
23/06/2011,4.230
22/06/2011,4.230
21/06/2011,4.250
20/06/2011,4.230
17/06/2011,4.250
16/06/2011,4.200
15/06/2011,4.280
14/06/2011,4.260
13/06/2011,4.250
10/06/2011,4.260
09/06/2011,4.190
08/06/2011,4.190
07/06/2011,4.190
03/06/2011,4.210
02/06/2011,4.200
01/06/2011,4.280
31/05/2011,4.230
30/05/2011,4.210
27/05/2011,4.230
26/05/2011,4.250
25/05/2011,4.210
24/05/2011,4.260
23/05/2011,4.270
20/05/2011,4.320
19/05/2011,4.330
18/05/2011,4.330
17/05/2011,4.340
16/05/2011,4.360
13/05/2011,4.360
12/05/2011,4.340
11/05/2011,4.410
09/05/2011,4.430
06/05/2011,4.440
04/05/2011,4.460
03/05/2011,4.470
02/05/2011,4.460
29/04/2011,4.480
28/04/2011,4.520
27/04/2011,4.530
26/04/2011,4.530
25/04/2011,4.530
22/04/2011,4.500
21/04/2011,4.490
20/04/2011,4.450
19/04/2011,4.430
18/04/2011,4.430
15/04/2011,4.490
14/04/2011,4.500
13/04/2011,4.490
12/04/2011,4.490
11/04/2011,4.520
08/04/2011,4.480
07/04/2011,4.470
06/04/2011,4.450
05/04/2011,4.440
04/04/2011,4.450
01/04/2011,4.470
31/03/2011,4.480
30/03/2011,4.500
29/03/2011,4.470
28/03/2011,4.470
25/03/2011,4.490
24/03/2011,4.450
23/03/2011,4.500
22/03/2011,4.490
21/03/2011,4.490
18/03/2011,4.460
17/03/2011,4.400
16/03/2011,4.370
15/03/2011,4.240
14/03/2011,4.360
11/03/2011,4.440
10/03/2011,4.500
09/03/2011,4.620
08/03/2011,4.680
07/03/2011,4.700
04/03/2011,4.710
03/03/2011,4.700
02/03/2011,4.680
28/02/2011,4.670
25/02/2011,4.640
24/02/2011,4.660
23/02/2011,4.700
22/02/2011,4.690
21/02/2011,4.760
18/02/2011,4.780
17/02/2011,4.810
16/02/2011,4.810
15/02/2011,4.810
14/02/2011,4.820
11/02/2011,4.810
10/02/2011,4.790
09/02/2011,4.810
08/02/2011,4.810
07/02/2011,4.790
01/02/2011,4.710
31/01/2011,4.710
28/01/2011,4.700
27/01/2011,4.710
26/01/2011,4.720
25/01/2011,4.740
24/01/2011,4.750
21/01/2011,4.700
20/01/2011,4.710
19/01/2011,4.710
18/01/2011,4.670
17/01/2011,4.680
14/01/2011,4.680
13/01/2011,4.700
12/01/2011,4.640
11/01/2011,4.710
10/01/2011,4.700
07/01/2011,4.710
06/01/2011,4.680
05/01/2011,4.630
04/01/2011,4.580
03/01/2011,4.570
30/12/2010,4.470
29/12/2010,4.520
28/12/2010,4.500
27/12/2010,4.480
24/12/2010,4.490
23/12/2010,4.470
22/12/2010,4.440
21/12/2010,4.490
20/12/2010,4.550
17/12/2010,4.570
16/12/2010,4.560
15/12/2010,4.590
14/12/2010,4.470
13/12/2010,4.430
10/12/2010,4.350
09/12/2010,4.380
08/12/2010,4.360
07/12/2010,4.310
06/12/2010,4.340
03/12/2010,4.350
02/12/2010,4.370
01/12/2010,4.350
30/11/2010,4.370
29/11/2010,4.420
26/11/2010,4.470
25/11/2010,4.430
24/11/2010,4.490
23/11/2010,4.500
22/11/2010,4.470
19/11/2010,4.470
18/11/2010,4.440
17/11/2010,4.450
16/11/2010,4.470
15/11/2010,4.570
12/11/2010,4.530
11/11/2010,4.520
10/11/2010,4.490
09/11/2010,4.570
08/11/2010,4.570
05/11/2010,4.510
04/11/2010,4.480
03/11/2010,4.430
02/11/2010,4.450
01/11/2010,4.380
29/10/2010,4.350
28/10/2010,4.280
27/10/2010,4.400
26/10/2010,4.330
25/10/2010,4.300
22/10/2010,4.190
21/10/2010,4.150
20/10/2010,4.100
19/10/2010,4.060
18/10/2010,3.970
15/10/2010,3.910
14/10/2010,3.950
13/10/2010,4.070
12/10/2010,4.080
11/10/2010,4.040
08/10/2010,3.990
07/10/2010,3.980
06/10/2010,3.990
05/10/2010,3.970
04/10/2010,4.010
01/10/2010,4.010
30/09/2010,4.120
29/09/2010,4.200
28/09/2010,0.000
27/09/2010,4.210
24/09/2010,4.240
20/09/2010,4.290
17/09/2010,4.250
16/09/2010,4.200
15/09/2010,4.230
14/09/2010,4.230
13/09/2010,4.240
10/09/2010,4.240
09/09/2010,4.250
08/09/2010,4.370
07/09/2010,4.440
06/09/2010,4.480
03/09/2010,4.430
02/09/2010,4.410
01/09/2010,4.400
31/08/2010,4.390
30/08/2010,4.440
27/08/2010,4.430
26/08/2010,4.470
25/08/2010,4.530
24/08/2010,4.530
23/08/2010,4.520
20/08/2010,4.530
19/08/2010,4.620
18/08/2010,4.730
17/08/2010,4.740
16/08/2010,4.740
13/08/2010,4.750
12/08/2010,4.770
11/08/2010,4.790
10/08/2010,4.850
09/08/2010,4.850
06/08/2010,4.840
05/08/2010,4.840
04/08/2010,4.810
03/08/2010,4.850
02/08/2010,4.850
30/07/2010,4.840
29/07/2010,4.840
28/07/2010,4.860
27/07/2010,4.870
26/07/2010,4.890
23/07/2010,4.880
22/07/2010,4.900
21/07/2010,4.910
20/07/2010,4.910
19/07/2010,4.910
16/07/2010,4.910
15/07/2010,4.910
14/07/2010,4.940
13/07/2010,4.940
12/07/2010,4.940
09/07/2010,4.920
08/07/2010,4.930
07/07/2010,4.930
06/07/2010,4.910
05/07/2010,4.910
02/07/2010,4.910
01/07/2010,4.910
30/06/2010,4.940
29/06/2010,4.960
28/06/2010,4.970
25/06/2010,4.990
24/06/2010,4.980
23/06/2010,4.980
22/06/2010,4.980
21/06/2010,4.970
18/06/2010,4.910
17/06/2010,4.910
16/06/2010,4.910
15/06/2010,4.910
14/06/2010,4.930
11/06/2010,4.940
10/06/2010,4.910
09/06/2010,4.890
08/06/2010,4.890
07/06/2010,4.880
04/06/2010,4.910
03/06/2010,4.890
01/06/2010,4.900
31/05/2010,4.940
28/05/2010,4.920
27/05/2010,4.930
26/05/2010,5.000
25/05/2010,4.930
24/05/2010,4.950
20/05/2010,5.030
19/05/2010,5.030
18/05/2010,5.030
17/05/2010,5.050
14/05/2010,4.990
13/05/2010,4.990
12/05/2010,4.960
11/05/2010,4.910
10/05/2010,4.950
07/05/2010,4.930
06/05/2010,4.910
04/05/2010,4.860
03/05/2010,4.870
30/04/2010,4.830
29/04/2010,4.820
28/04/2010,4.820
27/04/2010,4.870
26/04/2010,4.910
23/04/2010,4.920
22/04/2010,4.950
21/04/2010,4.960
20/04/2010,4.960
19/04/2010,4.940
16/04/2010,4.960
15/04/2010,4.980
14/04/2010,4.950
13/04/2010,4.950
12/04/2010,4.930
09/04/2010,4.830
08/04/2010,4.830
07/04/2010,4.880
06/04/2010,4.940
05/04/2010,4.950
02/04/2010,4.930
01/04/2010,4.920
31/03/2010,4.940
30/03/2010,5.000
29/03/2010,4.940
26/03/2010,4.900
25/03/2010,4.890
24/03/2010,4.930
23/03/2010,4.760
22/03/2010,4.690
19/03/2010,4.720
18/03/2010,4.730
17/03/2010,4.780
16/03/2010,4.830
15/03/2010,4.860
12/03/2010,4.840
11/03/2010,4.900
10/03/2010,5.020
09/03/2010,5.030
08/03/2010,5.030
05/03/2010,5.010
04/03/2010,5.040
03/03/2010,5.110
02/03/2010,5.130
26/02/2010,5.130
25/02/2010,5.130
24/02/2010,5.200
23/02/2010,5.290
22/02/2010,5.300
19/02/2010,5.310
18/02/2010,5.290
17/02/2010,5.300
16/02/2010,5.300
12/02/2010,5.290
11/02/2010,5.300
10/02/2010,5.360
09/02/2010,5.370
08/02/2010,5.350
05/02/2010,5.310
04/02/2010,5.360
03/02/2010,5.350
02/02/2010,5.340
01/02/2010,5.350
29/01/2010,5.340
28/01/2010,5.370
27/01/2010,5.340
26/01/2010,5.320
25/01/2010,5.340
22/01/2010,5.320
21/01/2010,5.320
20/01/2010,5.350
19/01/2010,5.370
18/01/2010,5.410
15/01/2010,5.350
14/01/2010,5.350
13/01/2010,5.330
12/01/2010,5.380
11/01/2010,5.360
08/01/2010,5.330
07/01/2010,5.300
06/01/2010,5.380
05/01/2010,5.360
04/01/2010,5.420
29/12/2009,5.400
28/12/2009,5.390
24/12/2009,5.330
23/12/2009,5.360
22/12/2009,5.370
21/12/2009,5.280
18/12/2009,5.250
17/12/2009,5.320
16/12/2009,5.300
15/12/2009,5.260
14/12/2009,5.290
11/12/2009,5.300
10/12/2009,5.360
09/12/2009,5.220
08/12/2009,5.260
07/12/2009,5.320
04/12/2009,5.260
03/12/2009,5.280
02/12/2009,5.290
01/12/2009,5.280
30/11/2009,5.240
27/11/2009,5.240
26/11/2009,5.340
25/11/2009,5.340
24/11/2009,5.380
23/11/2009,5.380
20/11/2009,5.330
19/11/2009,5.350
18/11/2009,5.400
17/11/2009,5.400
16/11/2009,5.410
13/11/2009,5.360
12/11/2009,5.400
11/11/2009,5.490
10/11/2009,5.500
09/11/2009,5.480
06/11/2009,5.490
05/11/2009,5.460
04/11/2009,5.430
03/11/2009,5.390
02/11/2009,5.380
30/10/2009,5.440
29/10/2009,5.430
28/10/2009,5.500
27/10/2009,5.570
26/10/2009,5.640
23/10/2009,5.580
22/10/2009,5.540
21/10/2009,5.520
20/10/2009,5.520
19/10/2009,5.540
16/10/2009,5.520
15/10/2009,5.430
14/10/2009,5.380
13/10/2009,5.380
12/10/2009,5.300
09/10/2009,5.260
08/10/2009,5.350
07/10/2009,5.350
06/10/2009,5.350
05/10/2009,5.280
01/10/2009,5.320
30/09/2009,5.330
29/09/2009,5.380
28/09/2009,5.350
25/09/2009,5.350
24/09/2009,5.330
23/09/2009,5.380
22/09/2009,5.400
21/09/2009,5.350
18/09/2009,5.330
17/09/2009,5.340
16/09/2009,5.380
15/09/2009,5.430
14/09/2009,5.430
11/09/2009,5.420
10/09/2009,5.480
09/09/2009,5.340
08/09/2009,5.350
07/09/2009,5.350
04/09/2009,5.320
03/09/2009,5.320
02/09/2009,5.380
01/09/2009,5.420
31/08/2009,5.470
28/08/2009,5.430
27/08/2009,5.400
26/08/2009,5.420
25/08/2009,5.460
24/08/2009,5.530
21/08/2009,5.420
20/08/2009,5.460
19/08/2009,5.420
18/08/2009,5.450
17/08/2009,5.480
14/08/2009,5.510
13/08/2009,5.470
12/08/2009,5.420
11/08/2009,5.430
10/08/2009,5.420
07/08/2009,5.390
06/08/2009,5.410
05/08/2009,5.380
04/08/2009,5.400
03/08/2009,5.370
31/07/2009,5.300
30/07/2009,5.240
29/07/2009,5.300
28/07/2009,5.280
27/07/2009,5.290
24/07/2009,5.270
23/07/2009,5.310
22/07/2009,5.320
21/07/2009,5.370
20/07/2009,5.380
17/07/2009,5.270
16/07/2009,5.160
15/07/2009,5.150
14/07/2009,5.100
13/07/2009,5.040
10/07/2009,4.980
09/07/2009,5.030
08/07/2009,5.100
07/07/2009,5.120
06/07/2009,5.080
03/07/2009,5.040
02/07/2009,5.060
01/07/2009,5.100
30/06/2009,5.180
29/06/2009,5.170
26/06/2009,5.210
25/06/2009,5.250
24/06/2009,5.230
23/06/2009,5.240
22/06/2009,5.290
19/06/2009,5.270
18/06/2009,5.240
17/06/2009,5.310
16/06/2009,5.320
15/06/2009,5.390
12/06/2009,5.390
11/06/2009,5.320
10/06/2009,5.290
09/06/2009,5.300
08/06/2009,5.280
05/06/2009,5.120
04/06/2009,5.110
03/06/2009,5.120
02/06/2009,5.230
01/06/2009,5.150
29/05/2009,5.170
28/05/2009,5.200
27/05/2009,5.100
25/05/2009,5.040
22/05/2009,5.080
20/05/2009,5.080
19/05/2009,5.100
18/05/2009,5.000
15/05/2009,5.020
14/05/2009,4.990
13/05/2009,5.020
12/05/2009,5.040
11/05/2009,5.140
08/05/2009,5.080
07/05/2009,5.090
06/05/2009,4.860
04/05/2009,4.820
30/04/2009,4.680
29/04/2009,4.580
28/04/2009,4.570
27/04/2009,4.740
24/04/2009,4.740
23/04/2009,4.840
22/04/2009,4.820
21/04/2009,4.810
20/04/2009,4.820
17/04/2009,4.880
16/04/2009,4.860
15/04/2009,4.880
14/04/2009,4.990
13/04/2009,5.070
10/04/2009,5.090
09/04/2009,5.090
08/04/2009,5.090
07/04/2009,5.120
06/04/2009,5.110
03/04/2009,5.050
02/04/2009,5.040
01/04/2009,5.110
30/03/2009,5.190
27/03/2009,5.040
26/03/2009,5.040
25/03/2009,4.990
24/03/2009,4.990
23/03/2009,4.940
20/03/2009,4.780
19/03/2009,4.680
18/03/2009,4.840
17/03/2009,4.860
16/03/2009,4.960
13/03/2009,4.850
12/03/2009,4.860
11/03/2009,4.900
10/03/2009,5.000
09/03/2009,5.080
06/03/2009,5.040
05/03/2009,5.030
04/03/2009,5.030
03/03/2009,5.080
02/03/2009,5.100
27/02/2009,5.090
26/02/2009,5.110
25/02/2009,5.200
24/02/2009,5.110
23/02/2009,5.160
20/02/2009,5.290
19/02/2009,5.260
18/02/2009,5.470
17/02/2009,5.440
16/02/2009,5.250
13/02/2009,5.170
11/02/2009,5.230
09/02/2009,5.280
06/02/2009,5.330
05/02/2009,5.220
04/02/2009,5.220
03/02/2009,5.170
02/02/2009,4.930
30/01/2009,4.650
29/01/2009,4.570
28/01/2009,4.520
23/01/2009,4.540
22/01/2009,4.470
21/01/2009,4.510
20/01/2009,4.540
19/01/2009,4.510
16/01/2009,4.570
14/01/2009,4.270
13/01/2009,4.400
12/01/2009,4.370
09/01/2009,4.320
08/01/2009,4.200
07/01/2009,4.310
06/01/2009,4.260
05/01/2009,4.220
02/01/2009,4.230
29/12/2008,4.440
26/12/2008,4.480
24/12/2008,4.490
23/12/2008,4.560
22/12/2008,4.580
19/12/2008,4.540
18/12/2008,4.700
17/12/2008,4.710
16/12/2008,4.750
15/12/2008,4.800
12/12/2008,4.840
10/12/2008,5.190
09/12/2008,5.150
08/12/2008,5.240
05/12/2008,5.220
04/12/2008,5.320
03/12/2008,5.330
02/12/2008,5.460
01/12/2008,5.710
26/11/2008,5.790
25/11/2008,5.970
24/11/2008,5.870
21/11/2008,5.890
20/11/2008,5.810
19/11/2008,5.940
18/11/2008,5.900
17/11/2008,6.020
13/11/2008,5.580
12/11/2008,5.520
11/11/2008,5.640
10/11/2008,5.460
06/11/2008,5.300
05/11/2008,5.450
03/11/2008,5.500
31/10/2008,5.520
30/10/2008,5.440
29/10/2008,5.480
28/10/2008,5.280
27/10/2008,5.070
24/10/2008,5.590
23/10/2008,5.450
22/10/2008,5.450
21/10/2008,5.490
20/10/2008,5.500
17/10/2008,5.590
15/10/2008,5.500
14/10/2008,5.520
13/10/2008,5.470
09/10/2008,5.470
07/10/2008,5.770
06/10/2008,5.930
01/10/2008,5.840
30/09/2008,5.870
29/09/2008,6.150
26/09/2008,6.090
25/09/2008,6.100
24/09/2008,6.010
23/09/2008,6.080
22/09/2008,6.020
19/09/2008,6.020
18/09/2008,6.000
17/09/2008,5.740
16/09/2008,5.760
12/09/2008,5.860
11/09/2008,5.900
10/09/2008,5.900
09/09/2008,5.910
08/09/2008,5.920
05/09/2008,5.940
04/09/2008,5.970
03/09/2008,6.050
02/09/2008,6.090
01/09/2008,6.080
29/08/2008,5.940
28/08/2008,5.940
27/08/2008,6.000
26/08/2008,6.040
25/08/2008,6.080
22/08/2008,5.950
21/08/2008,5.880
20/08/2008,5.910
19/08/2008,6.020
18/08/2008,6.020
14/08/2008,5.960
13/08/2008,5.830
12/08/2008,5.800
11/08/2008,5.780
08/08/2008,5.690
07/08/2008,5.760
06/08/2008,5.760
05/08/2008,5.850
04/08/2008,5.860
01/08/2008,5.900
31/07/2008,5.900
30/07/2008,5.870
29/07/2008,5.970
28/07/2008,5.910
25/07/2008,5.880
24/07/2008,5.870
23/07/2008,5.980
22/07/2008,5.990
21/07/2008,6.040
18/07/2008,5.930
17/07/2008,5.980
16/07/2008,6.060
15/07/2008,6.100
14/07/2008,6.110
11/07/2008,6.110
10/07/2008,6.130
09/07/2008,6.050
08/07/2008,6.110
07/07/2008,6.130
04/07/2008,6.190
03/07/2008,6.140
02/07/2008,6.040
01/07/2008,6.010
30/06/2008,5.980
27/06/2008,5.940
26/06/2008,5.900
25/06/2008,5.970
24/06/2008,5.960
23/06/2008,5.990
20/06/2008,5.830
19/06/2008,5.810
18/06/2008,5.800
17/06/2008,5.830
16/06/2008,5.870
13/06/2008,5.910
12/06/2008,5.850
11/06/2008,5.960
10/06/2008,5.980
09/06/2008,5.840
05/06/2008,5.730
04/06/2008,5.760
03/06/2008,5.740
02/06/2008,5.780
30/05/2008,5.680
29/05/2008,5.660
28/05/2008,5.590
27/05/2008,5.630
26/05/2008,5.670
23/05/2008,5.610
22/05/2008,5.590
21/05/2008,5.540
20/05/2008,5.550
19/05/2008,5.650
16/05/2008,5.480
15/05/2008,5.430
14/05/2008,5.440
13/05/2008,5.460
09/05/2008,5.410
08/05/2008,5.390
07/05/2008,5.220
06/05/2008,5.180
02/05/2008,5.160
30/04/2008,5.130
29/04/2008,5.150
28/04/2008,5.150
25/04/2008,5.110
24/04/2008,5.130
23/04/2008,5.150
22/04/2008,5.130
21/04/2008,5.160
18/04/2008,5.160
17/04/2008,5.110
16/04/2008,5.110
15/04/2008,5.140
14/04/2008,5.130
11/04/2008,5.080
10/04/2008,5.100
08/04/2008,5.190
07/04/2008,5.260
04/04/2008,5.240
03/04/2008,5.220
02/04/2008,5.270
01/04/2008,5.310
31/03/2008,5.360
28/03/2008,5.360
27/03/2008,5.350
26/03/2008,5.470
25/03/2008,5.500
24/03/2008,5.500
21/03/2008,5.400
20/03/2008,5.460
19/03/2008,5.440
18/03/2008,5.420
17/03/2008,5.480
14/03/2008,5.430
13/03/2008,5.410
12/03/2008,5.350
11/03/2008,5.350
10/03/2008,5.350
07/03/2008,5.250
06/03/2008,5.250
05/03/2008,5.190
04/03/2008,5.200
03/03/2008,5.190
29/02/2008,5.240
28/02/2008,5.270
27/02/2008,5.280
26/02/2008,5.330
25/02/2008,5.300
22/02/2008,5.290
21/02/2008,5.340
20/02/2008,5.260
19/02/2008,5.260
18/02/2008,5.220
15/02/2008,5.210
14/02/2008,5.240
13/02/2008,5.220
12/02/2008,5.290
11/02/2008,5.290
05/02/2008,5.340
04/02/2008,5.340
01/02/2008,5.240
31/01/2008,5.230
30/01/2008,5.270
29/01/2008,5.250
28/01/2008,5.250
25/01/2008,5.270
24/01/2008,5.270
23/01/2008,5.360
22/01/2008,5.400
21/01/2008,5.370
18/01/2008,5.400
17/01/2008,5.490
16/01/2008,5.440
15/01/2008,5.610
14/01/2008,5.680
11/01/2008,5.680
10/01/2008,5.930
09/01/2008,6.010
08/01/2008,5.990
07/01/2008,5.880
04/01/2008,5.840
03/01/2008,5.880
02/01/2008,5.740
01/01/2008,5.740
28/12/2007,5.740
27/12/2007,5.740
26/12/2007,5.780
24/12/2007,5.780
21/12/2007,5.780
20/12/2007,5.780
18/12/2007,5.830
17/12/2007,5.770
14/12/2007,5.830
13/12/2007,5.830
12/12/2007,5.930
11/12/2007,6.030
10/12/2007,6.030
07/12/2007,5.980
06/12/2007,5.830
05/12/2007,5.840
04/12/2007,5.720
03/12/2007,5.740
30/11/2007,5.840
29/11/2007,5.870
28/11/2007,5.780
27/11/2007,5.700
26/11/2007,5.670
23/11/2007,5.740
22/11/2007,5.720
21/11/2007,5.650
20/11/2007,5.650
19/11/2007,5.610
16/11/2007,5.490
15/11/2007,5.470
14/11/2007,5.430
13/11/2007,5.430
12/11/2007,5.420
09/11/2007,5.410
08/11/2007,5.420
07/11/2007,5.500
06/11/2007,5.520
05/11/2007,5.540
02/11/2007,5.560
01/11/2007,5.600
31/10/2007,5.570
30/10/2007,5.520
29/10/2007,5.510
26/10/2007,5.490
25/10/2007,5.490
24/10/2007,5.460
23/10/2007,5.480
22/10/2007,5.470
19/10/2007,5.560
18/10/2007,5.560
17/10/2007,5.550
16/10/2007,5.620
15/10/2007,5.640
12/10/2007,5.610
11/10/2007,5.580
10/10/2007,5.580
09/10/2007,5.580
08/10/2007,5.550
05/10/2007,5.550
04/10/2007,5.580
02/10/2007,5.610
01/10/2007,5.600
28/09/2007,5.600
27/09/2007,5.600
21/09/2007,5.580
20/09/2007,5.530
19/09/2007,5.510
18/09/2007,5.500
17/09/2007,5.500
14/09/2007,5.510
13/09/2007,5.470
12/09/2007,5.460
11/09/2007,5.470
10/09/2007,5.420
07/09/2007,5.520
06/09/2007,5.530
05/09/2007,5.550
04/09/2007,5.560
03/09/2007,5.570
31/08/2007,5.550
30/08/2007,5.520
29/08/2007,5.490
28/08/2007,5.500
27/08/2007,5.480
24/08/2007,5.470
23/08/2007,5.440
22/08/2007,5.400
21/08/2007,5.380
20/08/2007,5.380
17/08/2007,5.350
16/08/2007,5.340
14/08/2007,5.400
13/08/2007,5.360
10/08/2007,5.340
09/08/2007,5.480
08/08/2007,5.380
07/08/2007,5.380
06/08/2007,5.310
03/08/2007,5.310
02/08/2007,5.310
01/08/2007,5.310
31/07/2007,5.380
30/07/2007,5.390
27/07/2007,5.390
26/07/2007,5.450
25/07/2007,5.510
24/07/2007,5.530
23/07/2007,5.540
20/07/2007,5.560
19/07/2007,5.550
18/07/2007,5.570
16/07/2007,5.580
13/07/2007,5.590
12/07/2007,5.550
11/07/2007,5.490
10/07/2007,5.550
09/07/2007,5.550
06/07/2007,5.570
05/07/2007,5.590
04/07/2007,5.530
03/07/2007,5.540
02/07/2007,5.530
29/06/2007,5.520
28/06/2007,5.480
27/06/2007,5.540
26/06/2007,5.570
25/06/2007,5.580
22/06/2007,5.620
21/06/2007,5.660
20/06/2007,5.520
19/06/2007,5.500
18/06/2007,5.490
15/06/2007,5.490
14/06/2007,5.490
13/06/2007,5.510
12/06/2007,5.530
11/06/2007,5.450
08/06/2007,5.440
07/06/2007,5.320
05/06/2007,5.290
04/06/2007,5.310
01/06/2007,5.320
31/05/2007,5.320
30/05/2007,5.300
29/05/2007,5.300
28/05/2007,5.300
25/05/2007,5.300
23/05/2007,5.300
22/05/2007,5.260
21/05/2007,5.260
18/05/2007,5.250
17/05/2007,5.220
16/05/2007,5.190
15/05/2007,5.190
14/05/2007,5.170
11/05/2007,5.180
10/05/2007,5.180
09/05/2007,5.180
08/05/2007,5.150
07/05/2007,5.120
04/05/2007,5.090
03/05/2007,5.110
02/05/2007,5.140
30/04/2007,5.150
27/04/2007,5.130
26/04/2007,5.140
25/04/2007,5.110
24/04/2007,5.110
23/04/2007,5.140
20/04/2007,5.150
19/04/2007,5.070
18/04/2007,5.080
17/04/2007,5.100
16/04/2007,5.110
13/04/2007,5.120
12/04/2007,5.090
11/04/2007,5.080
10/04/2007,5.060
09/04/2007,5.060
06/04/2007,4.980
05/04/2007,4.980
04/04/2007,4.980
03/04/2007,4.950
02/04/2007,4.940
30/03/2007,4.930
29/03/2007,4.930
28/03/2007,4.920
27/03/2007,4.930
26/03/2007,4.940
23/03/2007,4.940
22/03/2007,4.930
21/03/2007,4.930
20/03/2007,4.940
19/03/2007,4.930
16/03/2007,4.940
15/03/2007,4.950
14/03/2007,4.950
13/03/2007,4.970
12/03/2007,4.960
09/03/2007,4.920
08/03/2007,4.920
07/03/2007,4.930
06/03/2007,4.960
05/03/2007,4.940
02/03/2007,4.990
28/02/2007,4.920
27/02/2007,4.950
26/02/2007,4.910
23/02/2007,4.950
22/02/2007,4.950
21/02/2007,4.960
20/02/2007,4.980
16/02/2007,4.950
15/02/2007,4.940
14/02/2007,5.010
13/02/2007,5.000
12/02/2007,5.000
09/02/2007,5.000
08/02/2007,5.000
07/02/2007,5.080
06/02/2007,5.090
05/02/2007,5.170
02/02/2007,5.130
01/02/2007,5.020
31/01/2007,5.040
30/01/2007,5.060
29/01/2007,5.080
26/01/2007,5.070
25/01/2007,5.080
24/01/2007,5.090
23/01/2007,5.060
22/01/2007,5.060
19/01/2007,5.060
18/01/2007,5.060
17/01/2007,5.050
16/01/2007,5.030
15/01/2007,5.040
12/01/2007,5.040
11/01/2007,4.970
10/01/2007,4.970
09/01/2007,4.960
08/01/2007,4.990
05/01/2007,5.000
04/01/2007,5.020
03/01/2007,5.020
02/01/2007,5.050
28/12/2006,5.050
27/12/2006,5.050
26/12/2006,4.980
22/12/2006,4.980
21/12/2006,4.980
20/12/2006,4.990
19/12/2006,4.960
18/12/2006,4.960
15/12/2006,4.950
14/12/2006,4.950
13/12/2006,4.880
12/12/2006,4.890
11/12/2006,4.920
08/12/2006,4.860
07/12/2006,4.850
06/12/2006,4.850
05/12/2006,4.880
04/12/2006,4.920
01/12/2006,4.950
30/11/2006,4.960
29/11/2006,4.980
28/11/2006,4.960
27/11/2006,4.950
24/11/2006,4.950
23/11/2006,4.950
22/11/2006,4.910
21/11/2006,4.910
20/11/2006,4.850
17/11/2006,4.880
16/11/2006,4.880
15/11/2006,4.900
14/11/2006,4.900
13/11/2006,4.830
10/11/2006,4.890
09/11/2006,4.860
08/11/2006,4.960
07/11/2006,4.930
06/11/2006,4.920
03/11/2006,4.770
02/11/2006,4.810
01/11/2006,4.870
31/10/2006,4.910
30/10/2006,4.850
27/10/2006,4.830
26/10/2006,4.830
25/10/2006,4.860
24/10/2006,4.870
23/10/2006,4.750
20/10/2006,4.740
19/10/2006,4.740
18/10/2006,4.770
17/10/2006,4.780
16/10/2006,4.800
13/10/2006,4.800
12/10/2006,4.770
11/10/2006,4.760
10/10/2006,4.710
09/10/2006,4.740
04/10/2006,4.730
02/10/2006,4.760
29/09/2006,4.720
28/09/2006,4.820
27/09/2006,4.840
26/09/2006,4.850
25/09/2006,4.850
22/09/2006,4.840
21/09/2006,4.880
20/09/2006,4.900
19/09/2006,4.950
18/09/2006,4.940
15/09/2006,4.900
14/09/2006,4.910
13/09/2006,4.890
12/09/2006,4.910
11/09/2006,4.900
08/09/2006,4.880
07/09/2006,4.890
06/09/2006,4.960
05/09/2006,4.890
04/09/2006,4.890
01/09/2006,4.910
31/08/2006,4.960
30/08/2006,4.960
29/08/2006,4.930
28/08/2006,4.910
25/08/2006,4.920
24/08/2006,4.890
23/08/2006,4.870
22/08/2006,4.900
21/08/2006,4.890
18/08/2006,4.870
17/08/2006,4.880
16/08/2006,4.950
14/08/2006,4.870
11/08/2006,4.870
10/08/2006,4.970
09/08/2006,4.960
08/08/2006,4.960
07/08/2006,5.000
04/08/2006,5.000
03/08/2006,4.980
02/08/2006,4.980
01/08/2006,4.970
31/07/2006,5.050
28/07/2006,5.080
27/07/2006,5.090
26/07/2006,5.120
25/07/2006,5.130
24/07/2006,5.120
21/07/2006,5.100
20/07/2006,5.100
19/07/2006,5.160
18/07/2006,5.150
14/07/2006,5.170
13/07/2006,5.240
12/07/2006,5.220
11/07/2006,5.220
10/07/2006,5.270
07/07/2006,5.250
06/07/2006,5.180
05/07/2006,5.180
04/07/2006,5.190
03/07/2006,5.180
30/06/2006,5.200
29/06/2006,5.280
28/06/2006,5.320
27/06/2006,5.350
26/06/2006,5.330
23/06/2006,5.350
22/06/2006,5.290
21/06/2006,5.290
20/06/2006,5.310
19/06/2006,5.290
16/06/2006,5.260
15/06/2006,5.250
14/06/2006,5.220
13/06/2006,5.190
12/06/2006,5.180
09/06/2006,5.170
08/06/2006,5.180
07/06/2006,5.180
05/06/2006,5.160
02/06/2006,5.160
01/06/2006,5.170
30/05/2006,5.150
29/05/2006,5.190
26/05/2006,5.210
25/05/2006,5.180
24/05/2006,5.200
23/05/2006,5.200
22/05/2006,5.160
19/05/2006,5.160
18/05/2006,5.200
17/05/2006,5.210
16/05/2006,5.240
15/05/2006,5.220
12/05/2006,5.170
11/05/2006,5.160
10/05/2006,5.240
09/05/2006,5.230
08/05/2006,5.220
04/05/2006,5.220
03/05/2006,5.270
02/05/2006,5.250
28/04/2006,5.240
27/04/2006,5.330
26/04/2006,5.330
25/04/2006,5.370
24/04/2006,5.380
21/04/2006,5.400
20/04/2006,5.460
19/04/2006,5.460
18/04/2006,5.540
17/04/2006,5.560
14/04/2006,5.580
13/04/2006,5.550
12/04/2006,5.510
11/04/2006,5.490
10/04/2006,5.440
07/04/2006,5.470
06/04/2006,5.450
05/04/2006,5.490
04/04/2006,5.520
03/04/2006,5.440
31/03/2006,5.410
30/03/2006,5.410
29/03/2006,5.400
28/03/2006,5.460
27/03/2006,5.490
24/03/2006,5.480
23/03/2006,5.470
22/03/2006,5.480
21/03/2006,5.470
20/03/2006,5.470
17/03/2006,5.420
16/03/2006,5.440
15/03/2006,5.370
14/03/2006,5.380
13/03/2006,5.380
10/03/2006,5.310
09/03/2006,5.410
08/03/2006,5.490
07/03/2006,5.500
06/03/2006,5.400
03/03/2006,5.340
02/03/2006,5.320
28/02/2006,5.250
27/02/2006,5.190
24/02/2006,5.180
23/02/2006,5.170
22/02/2006,5.180
21/02/2006,5.210
20/02/2006,5.230
17/02/2006,5.210
16/02/2006,5.190
15/02/2006,5.200
14/02/2006,5.240
13/02/2006,5.270
10/02/2006,5.270
09/02/2006,5.290
08/02/2006,5.410
07/02/2006,5.420
06/02/2006,5.430
03/02/2006,5.430
02/02/2006,5.370
01/02/2006,5.370
31/01/2006,5.460
27/01/2006,5.450
26/01/2006,5.440
25/01/2006,5.490
24/01/2006,5.550
23/01/2006,5.500
20/01/2006,5.510
19/01/2006,5.520
18/01/2006,5.480
17/01/2006,5.570
16/01/2006,5.550
13/01/2006,5.560
12/01/2006,5.690
11/01/2006,5.690
10/01/2006,5.690
09/01/2006,5.670
06/01/2006,5.720
05/01/2006,5.700
04/01/2006,5.640
03/01/2006,5.710
02/01/2006,5.710
30/12/2005,5.590
29/12/2005,5.590
28/12/2005,5.590
27/12/2005,5.560
26/12/2005,5.560
23/12/2005,5.550
22/12/2005,5.520
21/12/2005,5.440
20/12/2005,5.450
19/12/2005,5.450
16/12/2005,5.490
15/12/2005,5.490
14/12/2005,5.470
13/12/2005,5.600
12/12/2005,5.600
09/12/2005,5.560
08/12/2005,5.710
07/12/2005,5.820
06/12/2005,5.800
05/12/2005,5.810
02/12/2005,5.760
01/12/2005,5.710
30/11/2005,5.690
29/11/2005,5.630
28/11/2005,5.600
25/11/2005,5.630
24/11/2005,5.640
23/11/2005,5.670
22/11/2005,5.710
21/11/2005,5.760
18/11/2005,5.750
17/11/2005,5.750
16/11/2005,5.840
15/11/2005,5.820
14/11/2005,5.790
11/11/2005,5.800
10/11/2005,5.730
09/11/2005,5.710
08/11/2005,5.640
07/11/2005,5.650
04/11/2005,5.590
03/11/2005,5.570
02/11/2005,5.470
01/11/2005,5.470
31/10/2005,5.480
28/10/2005,5.500
27/10/2005,5.540
26/10/2005,5.460
25/10/2005,5.480
24/10/2005,5.420
21/10/2005,5.430
20/10/2005,5.350
19/10/2005,5.390
18/10/2005,5.450
17/10/2005,5.450
14/10/2005,5.360
13/10/2005,5.310
12/10/2005,5.210
11/10/2005,5.150
10/10/2005,5.250
07/10/2005,5.140
06/10/2005,5.200
05/10/2005,5.320
04/10/2005,5.320
30/09/2005,5.120
29/09/2005,5.120
28/09/2005,5.190
27/09/2005,5.360
26/09/2005,5.370
23/09/2005,5.320
22/09/2005,5.300
21/09/2005,5.300
20/09/2005,5.120
16/09/2005,5.300
15/09/2005,5.260
14/09/2005,5.200
13/09/2005,5.170
12/09/2005,5.180
09/09/2005,5.190
08/09/2005,5.140
07/09/2005,4.880
06/09/2005,4.800
05/09/2005,4.800
02/09/2005,4.790
01/09/2005,4.620
31/08/2005,4.620
30/08/2005,5.020
29/08/2005,4.830
26/08/2005,5.050
25/08/2005,5.110
24/08/2005,5.120
23/08/2005,5.040
22/08/2005,5.030
19/08/2005,4.990
18/08/2005,5.050
17/08/2005,5.020
16/08/2005,5.050
12/08/2005,5.110
11/08/2005,5.110
10/08/2005,5.170
09/08/2005,5.240
08/08/2005,5.200
05/08/2005,5.160
04/08/2005,5.000
03/08/2005,5.140
02/08/2005,5.120
01/08/2005,5.090
29/07/2005,5.020
28/07/2005,5.000
27/07/2005,4.800
26/07/2005,4.840
25/07/2005,4.670
22/07/2005,4.850
21/07/2005,4.970
20/07/2005,4.980
19/07/2005,5.000
18/07/2005,5.000
15/07/2005,5.000
14/07/2005,4.960
13/07/2005,4.920
12/07/2005,4.830
11/07/2005,4.740
08/07/2005,4.780
07/07/2005,4.760
06/07/2005,4.770
05/07/2005,4.800
04/07/2005,4.830
01/07/2005,4.660
30/06/2005,4.730
29/06/2005,4.620
28/06/2005,4.530
27/06/2005,4.560
24/06/2005,4.650
23/06/2005,4.450
22/06/2005,4.620
21/06/2005,4.550
20/06/2005,4.550
17/06/2005,4.550
16/06/2005,4.550
15/06/2005,4.580
14/06/2005,4.430
13/06/2005,4.410
10/06/2005,4.220
09/06/2005,4.180
08/06/2005,4.210
07/06/2005,4.250
03/06/2005,4.240
02/06/2005,4.240
01/06/2005,4.260
31/05/2005,4.360
30/05/2005,4.290
27/05/2005,4.270
26/05/2005,4.310
25/05/2005,4.310
24/05/2005,4.330
23/05/2005,4.370
20/05/2005,4.350
19/05/2005,4.340
18/05/2005,4.390
17/05/2005,4.420
16/05/2005,4.440
14/05/2005,4.460
13/05/2005,4.460
12/05/2005,4.550
11/05/2005,4.530
10/05/2005,4.540
09/05/2005,4.590
07/05/2005,4.490
06/05/2005,4.490
04/05/2005,4.520
03/05/2005,4.520
02/05/2005,4.570
30/04/2005,4.590
29/04/2005,4.590
28/04/2005,4.660
27/04/2005,4.640
26/04/2005,4.650
25/04/2005,4.660
23/04/2005,4.630
22/04/2005,4.630
21/04/2005,4.680
20/04/2005,4.710
19/04/2005,4.710
18/04/2005,4.700
16/04/2005,4.680
15/04/2005,4.680
14/04/2005,4.760
13/04/2005,4.750
12/04/2005,4.660
11/04/2005,4.670
09/04/2005,4.650
08/04/2005,4.650
07/04/2005,4.670
06/04/2005,4.720
04/04/2005,4.720
02/04/2005,4.720
01/04/2005,4.720
31/03/2005,4.720
30/03/2005,4.720
29/03/2005,4.770
28/03/2005,4.920
26/03/2005,4.940
25/03/2005,4.940
24/03/2005,4.860
23/03/2005,4.760
22/03/2005,4.670
21/03/2005,4.670
19/03/2005,4.660
18/03/2005,4.660
17/03/2005,4.670
16/03/2005,4.710
15/03/2005,4.690
14/03/2005,4.720
12/03/2005,4.750
11/03/2005,4.750
10/03/2005,4.820
09/03/2005,4.800
08/03/2005,4.830
07/03/2005,4.870
05/03/2005,4.850
04/03/2005,4.850
03/03/2005,4.780
02/03/2005,4.780
28/02/2005,4.760
26/02/2005,4.780
25/02/2005,4.780
24/02/2005,4.920
23/02/2005,4.810
22/02/2005,4.810
21/02/2005,4.820
19/02/2005,4.930
18/02/2005,4.930
17/02/2005,4.850
16/02/2005,4.910
15/02/2005,4.970
14/02/2005,5.090
12/02/2005,5.100
11/02/2005,5.100
07/02/2005,4.790
05/02/2005,4.860
04/02/2005,4.860
03/02/2005,4.800
02/02/2005,4.790
01/02/2005,4.800
31/01/2005,4.860
29/01/2005,4.720
28/01/2005,4.720
27/01/2005,4.630
26/01/2005,4.690
25/01/2005,4.650
24/01/2005,4.690
22/01/2005,4.640
21/01/2005,4.640
20/01/2005,4.390
19/01/2005,4.490
18/01/2005,4.500
17/01/2005,4.630
15/01/2005,4.460
14/01/2005,4.460
13/01/2005,4.200
12/01/2005,4.300
11/01/2005,4.280
10/01/2005,4.160
08/01/2005,4.140
07/01/2005,4.140
06/01/2005,4.020
05/01/2005,4.000
04/01/2005,3.930
03/01/2005,3.900
31/12/2004,3.810
30/12/2004,3.810
29/12/2004,3.820
28/12/2004,3.820
27/12/2004,3.810
24/12/2004,3.810
23/12/2004,3.810
22/12/2004,3.800
21/12/2004,3.810
20/12/2004,3.820
18/12/2004,3.830
17/12/2004,3.830
16/12/2004,3.810
15/12/2004,3.860
14/12/2004,3.890
13/12/2004,3.910
11/12/2004,3.860
10/12/2004,3.860
09/12/2004,3.880
08/12/2004,3.870
07/12/2004,3.900
06/12/2004,3.930
04/12/2004,3.940
03/12/2004,3.940
02/12/2004,3.920
01/12/2004,3.920
30/11/2004,3.930
29/11/2004,3.920
27/11/2004,3.910
26/11/2004,3.910
25/11/2004,3.920
24/11/2004,3.930
23/11/2004,3.930
22/11/2004,3.950
20/11/2004,3.950
19/11/2004,3.950
18/11/2004,3.970
17/11/2004,3.920
16/11/2004,3.920
15/11/2004,3.920
13/11/2004,3.880
12/11/2004,3.880
11/11/2004,3.860
10/11/2004,4.080
09/11/2004,3.980
08/11/2004,4.050
06/11/2004,4.030
05/11/2004,4.030
04/11/2004,4.020
03/11/2004,4.010
02/11/2004,3.960
01/11/2004,3.960
30/10/2004,3.950
29/10/2004,3.950
28/10/2004,3.950
27/10/2004,3.980
26/10/2004,3.980
25/10/2004,4.040
23/10/2004,4.070
22/10/2004,4.070
21/10/2004,4.090
20/10/2004,4.090
19/10/2004,4.090
18/10/2004,4.090
16/10/2004,4.050
15/10/2004,4.050
14/10/2004,4.150
13/10/2004,4.170
12/10/2004,4.180
11/10/2004,4.150
09/10/2004,4.170
08/10/2004,4.170
07/10/2004,4.070
06/10/2004,3.880
05/10/2004,3.880
04/10/2004,3.880
02/10/2004,4.050
01/10/2004,4.050
30/09/2004,4.010
25/09/2004,4.010
24/09/2004,4.010
23/09/2004,4.030
22/09/2004,4.060
21/09/2004,4.140
20/09/2004,4.140
18/09/2004,4.150
17/09/2004,4.150
16/09/2004,4.200
15/09/2004,4.200
14/09/2004,4.220
13/09/2004,4.220
11/09/2004,4.210
10/09/2004,4.210
09/09/2004,4.100
08/09/2004,4.100
07/09/2004,4.160
06/09/2004,4.160
04/09/2004,4.160
03/09/2004,4.160
02/09/2004,4.130
01/09/2004,4.160
31/08/2004,4.100
30/08/2004,4.130
28/08/2004,4.110
27/08/2004,4.110
26/08/2004,4.150
25/08/2004,4.220
24/08/2004,4.240
23/08/2004,4.200
21/08/2004,4.200
20/08/2004,4.200
19/08/2004,4.150
18/08/2004,4.190
17/08/2004,4.230
16/08/2004,4.190
14/08/2004,4.260
13/08/2004,4.260
12/08/2004,4.310
11/08/2004,4.500
10/08/2004,4.490
09/08/2004,4.560
07/08/2004,4.590
06/08/2004,4.590
05/08/2004,4.540
04/08/2004,4.540
03/08/2004,4.610
02/08/2004,4.650
31/07/2004,4.680
30/07/2004,4.680
29/07/2004,4.710
28/07/2004,4.730
27/07/2004,4.810
26/07/2004,4.860
24/07/2004,4.880
23/07/2004,4.880
22/07/2004,4.900
21/07/2004,4.910
20/07/2004,4.910
19/07/2004,4.920
16/07/2004,4.930
15/07/2004,4.930
14/07/2004,4.960
13/07/2004,4.930
12/07/2004,4.930
10/07/2004,4.930
09/07/2004,4.930
08/07/2004,4.930
07/07/2004,4.910
06/07/2004,4.890
05/07/2004,4.890
03/07/2004,4.910
02/07/2004,4.910
01/07/2004,4.910
30/06/2004,4.970
29/06/2004,5.060
28/06/2004,5.050
26/06/2004,5.070
25/06/2004,5.070
24/06/2004,5.090
23/06/2004,5.180
22/06/2004,5.160
21/06/2004,5.180
19/06/2004,5.090
18/06/2004,5.090
17/06/2004,5.050
16/06/2004,5.050
15/06/2004,5.050
14/06/2004,5.010
12/06/2004,4.940
11/06/2004,4.940
10/06/2004,4.930
09/06/2004,4.980
08/06/2004,4.870
07/06/2004,4.870
05/06/2004,4.870
04/06/2004,4.870
03/06/2004,4.870
02/06/2004,4.950
01/06/2004,4.930
31/05/2004,4.930
29/05/2004,4.990
28/05/2004,4.990
27/05/2004,5.080
25/05/2004,5.130
24/05/2004,5.150
22/05/2004,5.170
21/05/2004,5.170
20/05/2004,5.180
19/05/2004,5.180
18/05/2004,5.180
17/05/2004,5.150
15/05/2004,5.150
14/05/2004,5.150
13/05/2004,5.160
12/05/2004,5.200
11/05/2004,5.220
10/05/2004,5.220
08/05/2004,5.200
07/05/2004,5.200
06/05/2004,5.220
04/05/2004,5.220
03/05/2004,5.190
30/04/2004,5.190
29/04/2004,5.230
28/04/2004,5.230
27/04/2004,5.250
26/04/2004,5.250
24/04/2004,5.260
23/04/2004,5.260
22/04/2004,5.350
21/04/2004,5.300
20/04/2004,5.290
19/04/2004,5.300
17/04/2004,5.300
16/04/2004,5.300
14/04/2004,5.300
13/04/2004,5.240
12/04/2004,5.330
10/04/2004,5.330
09/04/2004,5.330
08/04/2004,5.330
07/04/2004,5.330
06/04/2004,5.210
03/04/2004,5.210
02/04/2004,5.210
01/04/2004,5.210
31/03/2004,5.210
30/03/2004,5.300
29/03/2004,5.280
27/03/2004,5.120
26/03/2004,5.120
25/03/2004,5.070
24/03/2004,5.100
23/03/2004,5.210
22/03/2004,5.210
20/03/2004,5.250
19/03/2004,5.250
18/03/2004,5.250
17/03/2004,5.250
16/03/2004,5.250
15/03/2004,5.190
13/03/2004,5.220
12/03/2004,5.220
11/03/2004,5.220
10/03/2004,5.290
09/03/2004,5.290
08/03/2004,5.290
06/03/2004,5.390
05/03/2004,5.390
03/03/2004,5.420
02/03/2004,5.380
27/02/2004,5.430
26/02/2004,5.430
25/02/2004,5.380
24/02/2004,5.410
23/02/2004,5.440
20/02/2004,5.400
18/02/2004,5.410
17/02/2004,5.480
16/02/2004,5.480
13/02/2004,5.380
11/02/2004,5.430
06/02/2004,5.460
04/02/2004,5.480
03/02/2004,5.470
02/02/2004,5.490
30/01/2004,5.490
29/01/2004,5.490
28/01/2004,5.470
27/01/2004,5.480
26/01/2004,5.490
20/01/2004,5.490
19/01/2004,5.490
12/01/2004,5.390
09/01/2004,5.400
08/01/2004,5.400
05/01/2004,5.350
29/12/2003,5.290
26/12/2003,5.310
24/12/2003,5.380
23/12/2003,5.370
22/12/2003,5.390
18/12/2003,5.430
17/12/2003,5.500
16/12/2003,5.430
15/12/2003,5.500
12/12/2003,5.400
08/12/2003,5.400
05/12/2003,5.550
03/12/2003,5.550
02/12/2003,5.500
01/12/2003,5.440
27/11/2003,5.310
24/11/2003,5.320
21/11/2003,5.320
19/11/2003,5.450
18/11/2003,5.450
13/11/2003,5.400
12/11/2003,5.320
06/11/2003,5.200
05/11/2003,5.200
04/11/2003,5.200
30/10/2003,5.100
27/10/2003,5.100
24/10/2003,4.980
23/10/2003,4.980
22/10/2003,4.980
21/10/2003,5.000
20/10/2003,4.980
14/10/2003,4.810
13/10/2003,4.760
09/10/2003,4.680
08/10/2003,4.620
07/10/2003,4.620
25/09/2003,4.660
23/09/2003,4.560
22/09/2003,4.640
18/09/2003,4.730
17/09/2003,4.800
16/09/2003,4.810
15/09/2003,4.810
05/09/2003,4.880
04/09/2003,4.880
02/09/2003,5.040
01/09/2003,5.030
29/08/2003,5.050
27/08/2003,5.200
26/08/2003,5.180
25/08/2003,5.320
22/08/2003,5.320
20/08/2003,5.340
19/08/2003,5.340
14/08/2003,5.250
13/08/2003,5.180
12/08/2003,5.180
08/08/2003,5.240
07/08/2003,5.240
06/08/2003,5.280
05/08/2003,5.360
01/08/2003,5.360
31/07/2003,5.250
30/07/2003,5.230
29/07/2003,5.220
28/07/2003,5.170
25/07/2003,5.140
23/07/2003,5.110
22/07/2003,5.150
18/07/2003,5.120
16/07/2003,5.150
15/07/2003,5.000
14/07/2003,4.920
10/07/2003,4.850
09/07/2003,4.750
08/07/2003,4.680
07/07/2003,4.530
03/07/2003,4.530
02/07/2003,4.580
27/06/2003,4.630
26/06/2003,4.560
25/06/2003,4.520
20/06/2003,4.340
19/06/2003,4.400
18/06/2003,4.340
17/06/2003,4.340
16/06/2003,4.340
13/06/2003,4.490
09/06/2003,4.500
05/06/2003,4.440
30/05/2003,4.540
28/05/2003,4.540
27/05/2003,4.580
26/05/2003,4.630
23/05/2003,4.600
21/05/2003,4.590
13/05/2003,4.820
12/05/2003,4.850
09/05/2003,4.860
02/05/2003,4.810
30/04/2003,4.910
28/04/2003,4.950
25/04/2003,4.960
24/04/2003,5.000
23/04/2003,5.020
21/04/2003,5.060
17/04/2003,5.040
16/04/2003,5.050
14/04/2003,5.050
08/04/2003,5.040
02/04/2003,5.020
01/04/2003,5.010
31/03/2003,5.010
27/03/2003,5.030
26/03/2003,5.080
19/03/2003,5.000
12/03/2003,5.150
11/03/2003,5.000
05/02/2003,5.100
28/01/2003,5.190
24/01/2003,5.400
10/01/2003,5.510
09/01/2003,5.500
07/01/2003,5.620
03/01/2003,5.590
23/12/2002,5.730
18/12/2002,5.760
12/12/2002,5.800
10/12/2002,5.840
03/12/2002,5.850
02/12/2002,5.880
28/11/2002,5.880
27/11/2002,5.770
26/11/2002,5.770
25/11/2002,5.700
21/11/2002,5.660
20/11/2002,5.650
19/11/2002,5.620
15/11/2002,5.610
14/11/2002,5.590
13/11/2002,5.600
12/11/2002,5.750
06/11/2002,5.980
05/11/2002,5.980
31/10/2002,5.970
28/10/2002,6.010
23/10/2002,6.120
17/10/2002,6.140
16/10/2002,6.140
11/10/2002,6.050
04/10/2002,6.050
02/10/2002,6.100
01/10/2002,6.080
30/09/2002,6.090
27/09/2002,6.140
26/09/2002,6.140
25/09/2002,6.110
23/09/2002,6.140
18/09/2002,6.150
17/09/2002,6.230
10/09/2002,6.100
05/09/2002,6.100
21/08/2002,6.160
20/08/2002,6.160
29/07/2002,6.330
20/07/2002,6.600
19/07/2002,6.600
18/07/2002,6.640
12/07/2002,6.630
11/07/2002,6.560
10/07/2002,6.600
27/06/2002,6.400
26/06/2002,6.540
21/06/2002,6.790
20/06/2002,6.650
19/06/2002,6.790
24/05/2002,7.050
23/05/2002,7.020
17/05/2002,7.070
15/05/2002,7.080
08/05/2002,7.130
06/05/2002,7.120
30/04/2002,7.210
25/04/2002,7.240
24/04/2002,7.270
23/04/2002,7.280
18/04/2002,7.300
17/04/2002,7.280
10/04/2002,7.330
09/04/2002,7.340
02/04/2002,7.340
26/03/2002,7.330
25/03/2002,7.310
21/03/2002,7.330
20/03/2002,7.360
13/03/2002,7.100
12/03/2002,7.060
11/03/2002,7.080
08/03/2002,7.060
04/03/2002,6.870
21/02/2002,6.950
19/02/2002,7.000
06/02/2002,7.020
05/02/2002,7.010
04/02/2002,7.050
01/02/2002,7.090
31/01/2002,7.120
30/01/2002,7.130
29/01/2002,7.160
28/01/2002,7.170
25/01/2002,7.160
24/01/2002,7.180
23/01/2002,7.160
21/01/2002,7.070
03/01/2002,7.110
02/01/2002,7.080
27/12/2001,6.980
24/12/2001,7.040
11/12/2001,7.100
05/12/2001,6.910
03/12/2001,6.760
30/11/2001,6.900
29/11/2001,6.900
26/11/2001,7.040
20/11/2001,7.010
19/11/2001,7.000
16/11/2001,7.000
13/11/2001,6.610
06/11/2001,6.670
05/11/2001,6.700
01/11/2001,6.810
29/10/2001,6.850
26/10/2001,6.870
25/10/2001,6.770
24/10/2001,6.650
23/10/2001,6.650
19/10/2001,6.550
15/10/2001,6.500
12/10/2001,6.700
11/10/2001,6.280
10/10/2001,6.180
09/10/2001,6.150
08/10/2001,6.000
05/10/2001,6.090
04/10/2001,6.000
28/09/2001,6.040
27/09/2001,6.100
26/09/2001,6.220
25/09/2001,6.170
24/09/2001,6.280
22/09/2001,6.260
21/09/2001,6.180
20/09/2001,6.280
19/09/2001,6.410
17/09/2001,6.150
14/09/2001,6.150
13/09/2001,6.150
12/09/2001,6.280
11/09/2001,6.350
10/09/2001,6.270
06/09/2001,6.250
05/09/2001,6.230
04/09/2001,6.120
03/09/2001,6.200
31/08/2001,6.200
30/08/2001,6.100
29/08/2001,6.100
28/08/2001,6.130
27/08/2001,6.050
24/08/2001,6.050
23/08/2001,5.890
22/08/2001,5.900
21/08/2001,5.930
20/08/2001,5.900
17/08/2001,6.100
16/08/2001,6.160
14/08/2001,6.070
13/08/2001,6.150
10/08/2001,6.280
09/08/2001,6.480
08/08/2001,6.670
06/08/2001,6.700
03/08/2001,6.700
02/08/2001,6.720
01/08/2001,6.760
31/07/2001,6.780
30/07/2001,6.750
27/07/2001,6.730
26/07/2001,6.720
25/07/2001,6.750
24/07/2001,6.780
23/07/2001,6.780
20/07/2001,6.780
19/07/2001,6.770
18/07/2001,6.900
13/07/2001,6.850
12/07/2001,6.850
11/07/2001,6.900
10/07/2001,6.240
06/07/2001,6.920
02/07/2001,6.770
29/06/2001,6.800
28/06/2001,6.770
27/06/2001,6.930
26/06/2001,6.870
25/06/2001,6.930
22/06/2001,6.990
21/06/2001,7.140
20/06/2001,7.290
14/06/2001,7.200
11/06/2001,7.280
31/05/2001,7.260
29/05/2001,7.340
28/05/2001,7.400
25/05/2001,7.500
24/05/2001,7.550
23/05/2001,7.620
17/05/2001,7.730
16/05/2001,7.850
15/05/2001,7.850
10/05/2001,7.520
09/05/2001,7.590
08/05/2001,7.650
03/05/2001,7.650
30/04/2001,7.850
20/04/2001,7.670
19/04/2001,7.500
18/04/2001,7.610
11/04/2001,7.610
04/04/2001,7.600
03/04/2001,7.700
02/04/2001,7.500
31/03/2001,7.510
30/03/2001,7.450
28/03/2001,7.150
21/03/2001,7.050
16/03/2001,6.850
15/03/2001,6.700
14/03/2001,7.100
12/03/2001,7.200
09/03/2001,7.200
02/03/2001,6.500
28/02/2001,6.850
23/02/2001,7.300
21/02/2001,6.150
16/02/2001,6.080
15/02/2001,5.950
14/02/2001,5.980
13/02/2001,6.350
12/02/2001,6.100
09/02/2001,6.200
08/02/2001,6.360
06/02/2001,6.400
05/02/2001,6.500
02/02/2001,6.500
31/01/2001,6.550
19/01/2001,6.420
18/01/2001,6.500
17/01/2001,6.600
16/01/2001,6.600
15/01/2001,6.650
12/01/2001,6.550
11/01/2001,6.650
10/01/2001,6.660
09/01/2001,6.690
08/01/2001,6.620
05/01/2001,6.700
04/01/2001,6.870
02/01/2001,7.260
29/12/2000,7.260
27/12/2000,7.305
26/12/2000,7.065
21/12/2000,7.071
20/12/2000,7.200
18/12/2000,7.150
15/12/2000,7.080
14/12/2000,7.110
13/12/2000,7.300
12/12/2000,7.270
08/12/2000,6.860
06/12/2000,6.950
05/12/2000,7.070
04/12/2000,7.080
01/12/2000,7.630
30/11/2000,7.750
29/11/2000,7.720
28/11/2000,7.730
16/11/2000,7.730
13/11/2000,7.570
09/11/2000,8.000
08/11/2000,8.190
02/11/2000,8.170
01/11/2000,8.150
30/10/2000,8.220
28/10/2000,8.240
27/10/2000,8.240
26/10/2000,8.300
