DATES,STX
08/07/2026,7246.79
07/07/2026,7656.31
06/07/2026,8051.33
03/07/2026,8088.34
02/07/2026,7648.09
01/07/2026,8303.41
30/06/2026,8476.48
29/06/2026,8394.65
26/06/2026,8411.21
25/06/2026,8930.3
24/06/2026,8471.02
23/06/2026,8203.84
22/06/2026,9114.55
19/06/2026,9052.42
18/06/2026,9063.84
17/06/2026,8864.24
16/06/2026,8726.6
15/06/2026,8545.98
12/06/2026,8123.62
11/06/2026,7763.95
10/06/2026,7730.82
09/06/2026,8096.93
08/06/2026,7484.41
05/06/2026,8160.59
04/06/2026,8639.41
02/06/2026,8801.49
01/06/2026,8788.38
29/05/2026,8476.15
28/05/2026,8185.29
27/05/2026,8228.7
26/05/2026,8047.51
22/05/2026,7847.71
21/05/2026,7815.59
20/05/2026,7208.95
19/05/2026,7271.66
18/05/2026,7516.04
15/05/2026,7493.18
14/05/2026,7981.41
13/05/2026,7844.01
12/05/2026,7643.15
11/05/2026,7822.24
08/05/2026,7498.0
07/05/2026,7490.05
06/05/2026,7384.56
04/05/2026,6936.99
30/04/2026,6598.87
29/04/2026,6690.9
28/04/2026,6641.02
27/04/2026,6615.03
24/04/2026,6475.63
23/04/2026,6475.81
22/04/2026,6417.93
21/04/2026,6388.47
20/04/2026,6219.09
17/04/2026,6191.92
16/04/2026,6226.05
15/04/2026,6091.39
14/04/2026,5967.75
13/04/2026,5808.62
10/04/2026,5858.87
09/04/2026,5778.01
08/04/2026,5872.34
07/04/2026,5494.78
06/04/2026,5450.33
03/04/2026,5377.3
02/04/2026,5234.05
01/04/2026,5478.7
31/03/2026,5052.46
30/03/2026,5277.3
27/03/2026,5438.87
26/03/2026,5460.46
25/03/2026,5642.21
24/03/2026,5553.92
23/03/2026,5405.75
20/03/2026,5781.2
19/03/2026,5763.22
18/03/2026,5925.03
17/03/2026,5640.48
16/03/2026,5549.85
13/03/2026,5487.24
12/03/2026,5583.25
11/03/2026,5609.95
10/03/2026,5532.59
09/03/2026,5251.87
06/03/2026,5584.87
05/03/2026,5583.9
04/03/2026,5093.54
03/03/2026,5791.91
27/02/2026,6244.13
26/02/2026,6307.27
25/02/2026,6083.86
24/02/2026,5969.64
23/02/2026,5846.09
20/02/2026,5808.53
19/02/2026,5677.25
13/02/2026,5507.01
12/02/2026,5522.27
11/02/2026,5354.49
10/02/2026,5301.69
09/02/2026,5298.04
06/02/2026,5089.14
05/02/2026,5163.57
04/02/2026,5371.1
03/02/2026,5288.08
02/02/2026,4949.67
30/01/2026,5224.36
29/01/2026,5221.25
28/01/2026,5170.81
27/01/2026,5084.85
26/01/2026,4949.59
23/01/2026,4990.07
22/01/2026,4952.53
21/01/2026,4909.93
20/01/2026,4885.75
19/01/2026,4904.66
16/01/2026,4840.74
15/01/2026,4797.55
14/01/2026,4723.1
13/01/2026,4692.64
12/01/2026,4624.79
09/01/2026,4586.32
08/01/2026,4552.37
07/01/2026,4551.06
06/01/2026,4525.48
05/01/2026,4457.52
02/01/2026,4309.63
30/12/2025,4214.17
29/12/2025,4220.56
26/12/2025,4129.68
24/12/2025,4108.62
23/12/2025,4117.32
22/12/2025,4105.93
19/12/2025,4020.55
18/12/2025,3994.51
17/12/2025,4056.41
16/12/2025,3999.13
15/12/2025,4090.59
12/12/2025,4167.16
11/12/2025,4110.62
10/12/2025,4135.0
09/12/2025,4143.55
08/12/2025,4154.85
05/12/2025,4100.05
04/12/2025,4028.51
03/12/2025,4036.3
02/12/2025,3994.93
01/12/2025,3920.37
28/11/2025,3926.59
27/11/2025,3986.91
26/11/2025,3960.87
25/11/2025,3857.78
24/11/2025,3846.06
21/11/2025,3853.26
20/11/2025,4004.85
19/11/2025,3929.51
18/11/2025,3953.62
17/11/2025,4089.25
14/11/2025,4011.57
13/11/2025,4170.63
12/11/2025,4150.39
11/11/2025,4106.39
10/11/2025,4073.24
07/11/2025,3953.76
06/11/2025,4026.45
05/11/2025,4004.42
04/11/2025,4121.74
03/11/2025,4221.87
31/10/2025,4107.5
30/10/2025,4086.89
29/10/2025,4081.15
28/10/2025,4010.41
27/10/2025,4042.83
24/10/2025,3941.59
23/10/2025,3845.56
22/10/2025,3883.68
21/10/2025,3823.84
20/10/2025,3814.69
17/10/2025,3748.89
16/10/2025,3748.37
15/10/2025,3657.28
14/10/2025,3561.81
13/10/2025,3584.55
10/10/2025,3610.6
06/10/2025,3549.21
02/10/2025,3549.21
01/10/2025,3455.83
30/09/2025,3424.6
29/09/2025,3431.21
26/09/2025,3386.05
25/09/2025,3471.11
24/09/2025,3472.14
23/09/2025,3486.19
22/09/2025,3468.65
19/09/2025,3445.24
18/09/2025,3461.3
17/09/2025,3413.4
16/09/2025,3449.62
15/09/2025,3407.31
12/09/2025,3395.54
11/09/2025,3344.2
10/09/2025,3314.53
09/09/2025,3260.05
08/09/2025,3219.59
05/09/2025,3205.12
04/09/2025,3200.83
03/09/2025,3184.42
02/09/2025,3172.35
01/09/2025,3142.93
29/08/2025,3186.01
28/08/2025,3196.32
27/08/2025,3187.16
26/08/2025,3179.36
25/08/2025,3209.86
22/08/2025,3168.73
21/08/2025,3141.74
20/08/2025,3130.09
19/08/2025,3151.56
18/08/2025,3177.28
14/08/2025,3225.66
13/08/2025,3224.37
12/08/2025,3189.91
11/08/2025,3206.77
08/08/2025,3210.01
07/08/2025,3227.68
06/08/2025,3198.14
05/08/2025,3198.0
04/08/2025,3147.75
01/08/2025,3119.41
31/07/2025,3245.44
30/07/2025,3254.47
29/07/2025,3230.57
28/07/2025,3209.52
25/07/2025,3196.05
24/07/2025,3190.45
23/07/2025,3183.77
22/07/2025,3169.94
21/07/2025,3210.81
18/07/2025,3188.07
17/07/2025,3192.29
16/07/2025,3186.38
15/07/2025,3215.28
14/07/2025,3202.03
11/07/2025,3175.77
10/07/2025,3183.23
09/07/2025,3133.74
08/07/2025,3114.95
07/07/2025,3059.47
04/07/2025,3054.28
03/07/2025,3116.27
02/07/2025,3075.06
01/07/2025,3089.65
30/06/2025,3071.7
27/06/2025,3055.94
26/06/2025,3079.56
25/06/2025,3108.25
24/06/2025,3103.64
23/06/2025,3014.47
20/06/2025,3021.84
19/06/2025,2977.74
18/06/2025,2972.19
17/06/2025,2950.3
16/06/2025,2946.66
13/06/2025,2894.62
12/06/2025,2920.03
11/06/2025,2907.04
10/06/2025,2871.85
09/06/2025,2855.77
05/06/2025,2812.05
04/06/2025,2770.84
02/06/2025,2698.97
30/05/2025,2697.67
29/05/2025,2720.64
28/05/2025,2670.15
27/05/2025,2637.22
26/05/2025,2644.4
23/05/2025,2592.09
22/05/2025,2593.67
21/05/2025,2625.58
20/05/2025,2601.8
19/05/2025,2603.42
16/05/2025,2626.87
15/05/2025,2621.36
14/05/2025,2640.57
13/05/2025,2608.42
12/05/2025,2607.33
09/05/2025,2577.27
08/05/2025,2579.48
07/05/2025,2573.8
02/05/2025,2559.79
30/04/2025,2556.61
29/04/2025,2565.42
28/04/2025,2548.86
25/04/2025,2546.3
24/04/2025,2522.33
23/04/2025,2525.56
22/04/2025,2486.64
21/04/2025,2488.42
18/04/2025,2483.42
17/04/2025,2470.41
16/04/2025,2447.43
15/04/2025,2477.41
14/04/2025,2455.89
11/04/2025,2432.72
10/04/2025,2445.06
09/04/2025,2293.7
08/04/2025,2334.23
07/04/2025,2328.2
04/04/2025,2465.42
03/04/2025,2486.7
02/04/2025,2505.86
01/04/2025,2521.39
31/03/2025,2481.12
28/03/2025,2557.98
27/03/2025,2607.15
26/03/2025,2643.94
25/03/2025,2615.81
24/03/2025,2632.07
21/03/2025,2643.13
20/03/2025,2637.1
19/03/2025,2628.62
18/03/2025,2612.34
17/03/2025,2610.69
14/03/2025,2566.36
13/03/2025,2573.64
12/03/2025,2574.82
11/03/2025,2537.6
10/03/2025,2570.39
07/03/2025,2563.48
06/03/2025,2576.16
05/03/2025,2558.13
04/03/2025,2528.92
28/02/2025,2532.78
27/02/2025,2621.75
26/02/2025,2641.09
25/02/2025,2630.29
24/02/2025,2645.27
21/02/2025,2654.58
20/02/2025,2654.06
19/02/2025,2671.52
18/02/2025,2626.81
17/02/2025,2610.42
14/02/2025,2591.05
13/02/2025,2583.17
12/02/2025,2548.39
11/02/2025,2539.05
10/02/2025,2521.27
07/02/2025,2521.92
06/02/2025,2536.75
05/02/2025,2509.27
04/02/2025,2481.69
03/02/2025,2453.95
31/01/2025,2517.37
24/01/2025,2536.8
23/01/2025,2515.49
22/01/2025,2547.06
21/01/2025,2518.03
20/01/2025,2520.05
17/01/2025,2523.55
16/01/2025,2527.49
15/01/2025,2496.81
14/01/2025,2497.4
13/01/2025,2489.56
10/01/2025,2515.78
09/01/2025,2521.9
08/01/2025,2521.05
07/01/2025,2492.1
06/01/2025,2488.64
03/01/2025,2441.92
02/01/2025,2398.94
30/12/2024,2399.49
27/12/2024,2404.77
26/12/2024,2429.67
24/12/2024,2440.52
23/12/2024,2442.01
20/12/2024,2404.15
19/12/2024,2435.93
18/12/2024,2484.43
17/12/2024,2456.81
16/12/2024,2488.97
13/12/2024,2494.46
12/12/2024,2482.12
11/12/2024,2442.51
10/12/2024,2417.84
09/12/2024,2360.58
06/12/2024,2428.16
05/12/2024,2441.85
04/12/2024,2464.0
03/12/2024,2500.1
02/12/2024,2454.48
29/11/2024,2455.91
28/11/2024,2504.67
27/11/2024,2503.06
26/11/2024,2520.36
25/11/2024,2534.34
22/11/2024,2501.24
21/11/2024,2480.63
20/11/2024,2482.29
19/11/2024,2471.95
18/11/2024,2469.07
15/11/2024,2416.86
14/11/2024,2418.86
13/11/2024,2417.08
12/11/2024,2482.57
11/11/2024,2531.66
08/11/2024,2561.15
07/11/2024,2564.63
06/11/2024,2563.51
05/11/2024,2576.88
04/11/2024,2588.97
01/11/2024,2542.36
31/10/2024,2556.15
30/10/2024,2593.79
29/10/2024,2617.8
28/10/2024,2612.43
25/10/2024,2583.27
24/10/2024,2581.03
23/10/2024,2599.62
22/10/2024,2570.7
21/10/2024,2604.92
18/10/2024,2593.82
17/10/2024,2609.3
16/10/2024,2610.36
15/10/2024,2633.45
14/10/2024,2623.29
11/10/2024,2596.91
10/10/2024,2599.16
08/10/2024,2594.36
07/10/2024,2610.38
04/10/2024,2569.71
02/10/2024,2561.69
30/09/2024,2593.27
27/09/2024,2649.78
26/09/2024,2671.57
25/09/2024,2596.32
24/09/2024,2631.68
23/09/2024,2602.01
20/09/2024,2593.37
19/09/2024,2580.8
13/09/2024,2575.41
12/09/2024,2572.09
11/09/2024,2513.37
10/09/2024,2523.43
09/09/2024,2535.93
06/09/2024,2544.28
05/09/2024,2575.5
04/09/2024,2580.8
03/09/2024,2664.63
02/09/2024,2681.0
30/08/2024,2674.31
29/08/2024,2662.28
28/08/2024,2689.83
27/08/2024,2689.25
26/08/2024,2698.01
23/08/2024,2701.69
22/08/2024,2707.67
21/08/2024,2701.13
20/08/2024,2696.63
19/08/2024,2674.36
16/08/2024,2697.23
14/08/2024,2644.5
13/08/2024,2621.5
12/08/2024,2618.3
09/08/2024,2588.43
08/08/2024,2556.73
07/08/2024,2568.41
06/08/2024,2522.15
05/08/2024,2441.55
02/08/2024,2676.19
01/08/2024,2777.68
31/07/2024,2770.69
30/07/2024,2738.19
29/07/2024,2765.53
26/07/2024,2731.9
25/07/2024,2710.65
24/07/2024,2758.71
23/07/2024,2774.29
22/07/2024,2763.51
19/07/2024,2795.46
18/07/2024,2824.35
17/07/2024,2843.29
16/07/2024,2866.09
15/07/2024,2860.92
12/07/2024,2857.0
11/07/2024,2891.35
10/07/2024,2867.99
09/07/2024,2867.38
08/07/2024,2857.76
05/07/2024,2862.23
04/07/2024,2824.94
03/07/2024,2794.01
02/07/2024,2780.86
01/07/2024,2804.31
28/06/2024,2797.82
27/06/2024,2784.06
26/06/2024,2792.05
25/06/2024,2774.39
24/06/2024,2764.73
21/06/2024,2784.26
20/06/2024,2807.63
19/06/2024,2797.33
18/06/2024,2763.92
17/06/2024,2744.1
14/06/2024,2758.42
13/06/2024,2754.89
12/06/2024,2728.17
11/06/2024,2705.32
10/06/2024,2701.17
07/06/2024,2722.67
05/06/2024,2689.5
04/06/2024,2662.1
03/06/2024,2682.52
31/05/2024,2636.52
30/05/2024,2635.44
29/05/2024,2677.3
28/05/2024,2722.85
27/05/2024,2722.99
24/05/2024,2687.6
23/05/2024,2721.81
22/05/2024,2723.46
21/05/2024,2724.18
20/05/2024,2742.14
17/05/2024,2724.62
16/05/2024,2753.0
14/05/2024,2730.34
13/05/2024,2727.21
10/05/2024,2727.63
09/05/2024,2712.14
08/05/2024,2745.05
07/05/2024,2734.36
03/05/2024,2676.63
02/05/2024,2683.65
01/05/2024,2692.06
30/04/2024,2692.06
29/04/2024,2687.44
26/04/2024,2656.33
25/04/2024,2628.62
24/04/2024,2675.75
23/04/2024,2623.02
22/04/2024,2629.44
19/04/2024,2591.86
18/04/2024,2634.7
17/04/2024,2584.18
16/04/2024,2609.63
15/04/2024,2670.43
12/04/2024,2681.82
11/04/2024,2706.96
09/04/2024,2705.16
08/04/2024,2717.65
05/04/2024,2714.21
04/04/2024,2742.0
03/04/2024,2706.97
02/04/2024,2753.16
01/04/2024,2747.86
29/03/2024,2746.63
28/03/2024,2745.82
27/03/2024,2755.11
26/03/2024,2757.09
25/03/2024,2737.57
22/03/2024,2748.56
21/03/2024,2754.86
20/03/2024,2690.14
19/03/2024,2656.17
18/03/2024,2685.84
15/03/2024,2666.84
14/03/2024,2718.76
13/03/2024,2693.57
12/03/2024,2681.81
11/03/2024,2659.84
08/03/2024,2680.35
07/03/2024,2647.62
06/03/2024,2641.49
05/03/2024,2649.4
04/03/2024,2674.27
29/02/2024,2642.36
28/02/2024,2652.29
27/02/2024,2625.05
26/02/2024,2647.08
23/02/2024,2667.7
22/02/2024,2664.27
21/02/2024,2653.31
20/02/2024,2657.79
19/02/2024,2680.26
16/02/2024,2648.76
15/02/2024,2613.8
14/02/2024,2620.42
13/02/2024,2649.64
08/02/2024,2620.32
07/02/2024,2609.58
06/02/2024,2576.2
05/02/2024,2591.31
02/02/2024,2615.31
01/02/2024,2542.46
31/01/2024,2497.09
30/01/2024,2498.81
29/01/2024,2500.65
26/01/2024,2478.56
25/01/2024,2470.34
24/01/2024,2469.69
23/01/2024,2478.61
22/01/2024,2464.35
19/01/2024,2472.74
18/01/2024,2440.04
17/01/2024,2435.9
16/01/2024,2497.59
15/01/2024,2525.99
12/01/2024,2525.05
11/01/2024,2540.27
10/01/2024,2541.98
09/01/2024,2561.24
08/01/2024,2567.82
05/01/2024,2578.08
04/01/2024,2587.02
03/01/2024,2607.31
02/01/2024,2669.81
28/12/2023,2655.28
27/12/2023,2613.5
26/12/2023,2602.59
22/12/2023,2599.51
21/12/2023,2600.02
20/12/2023,2614.3
19/12/2023,2568.55
18/12/2023,2566.86
15/12/2023,2563.56
14/12/2023,2544.18
13/12/2023,2510.66
12/12/2023,2535.27
11/12/2023,2525.36
08/12/2023,2517.85
07/12/2023,2492.07
06/12/2023,2495.38
05/12/2023,2494.28
04/12/2023,2514.95
01/12/2023,2505.01
30/11/2023,2535.29
29/11/2023,2519.81
28/11/2023,2521.76
27/11/2023,2495.66
24/11/2023,2496.63
23/11/2023,2514.96
22/11/2023,2511.7
21/11/2023,2510.42
20/11/2023,2491.2
17/11/2023,2469.85
16/11/2023,2488.18
15/11/2023,2486.67
14/11/2023,2433.25
13/11/2023,2403.76
10/11/2023,2409.66
09/11/2023,2427.08
08/11/2023,2421.62
07/11/2023,2443.96
06/11/2023,2502.37
03/11/2023,2368.34
02/11/2023,2343.12
01/11/2023,2301.56
31/10/2023,2277.99
30/10/2023,2310.55
27/10/2023,2302.81
26/10/2023,2299.08
25/10/2023,2363.17
24/10/2023,2383.51
23/10/2023,2357.02
20/10/2023,2375.0
19/10/2023,2415.8
18/10/2023,2462.6
17/10/2023,2460.17
16/10/2023,2436.24
13/10/2023,2456.15
12/10/2023,2479.82
11/10/2023,2450.08
10/10/2023,2402.58
06/10/2023,2408.73
05/10/2023,2403.6
04/10/2023,2405.69
27/09/2023,2465.07
26/09/2023,2462.97
25/09/2023,2495.76
22/09/2023,2508.13
21/09/2023,2514.97
20/09/2023,2559.74
19/09/2023,2559.21
18/09/2023,2574.72
15/09/2023,2601.28
14/09/2023,2572.89
13/09/2023,2534.7
12/09/2023,2536.58
11/09/2023,2556.88
08/09/2023,2547.68
07/09/2023,2548.26
06/09/2023,2563.34
05/09/2023,2582.18
04/09/2023,2584.55
01/09/2023,2563.71
31/08/2023,2556.27
30/08/2023,2561.22
29/08/2023,2552.16
28/08/2023,2543.41
25/08/2023,2519.14
24/08/2023,2537.68
23/08/2023,2505.5
22/08/2023,2515.74
21/08/2023,2508.8
18/08/2023,2504.5
17/08/2023,2519.85
16/08/2023,2525.64
14/08/2023,2570.87
11/08/2023,2591.26
10/08/2023,2601.56
09/08/2023,2605.12
08/08/2023,2573.98
07/08/2023,2580.71
04/08/2023,2602.8
03/08/2023,2605.39
02/08/2023,2616.47
01/08/2023,2667.07
31/07/2023,2632.58
28/07/2023,2608.32
27/07/2023,2603.81
26/07/2023,2592.36
25/07/2023,2636.46
24/07/2023,2628.53
21/07/2023,2609.76
20/07/2023,2600.23
19/07/2023,2608.24
18/07/2023,2607.62
17/07/2023,2619.0
14/07/2023,2628.3
13/07/2023,2591.23
12/07/2023,2574.72
11/07/2023,2562.49
10/07/2023,2520.7
07/07/2023,2526.71
06/07/2023,2556.29
05/07/2023,2579.0
04/07/2023,2593.31
03/07/2023,2602.47
30/06/2023,2564.28
29/06/2023,2550.02
28/06/2023,2564.19
27/06/2023,2581.39
26/06/2023,2582.2
23/06/2023,2570.1
22/06/2023,2593.7
21/06/2023,2582.63
20/06/2023,2604.91
19/06/2023,2609.5
16/06/2023,2625.79
15/06/2023,2608.54
14/06/2023,2619.08
13/06/2023,2637.95
12/06/2023,2629.35
09/06/2023,2641.16
08/06/2023,2610.85
07/06/2023,2615.6
05/06/2023,2615.41
02/06/2023,2601.36
01/06/2023,2569.17
31/05/2023,2577.12
30/05/2023,2585.52
26/05/2023,2558.81
25/05/2023,2554.69
24/05/2023,2567.45
23/05/2023,2567.55
22/05/2023,2557.08
19/05/2023,2537.79
18/05/2023,2515.4
17/05/2023,2494.66
16/05/2023,2480.24
15/05/2023,2479.35
12/05/2023,2475.42
11/05/2023,2491.0
10/05/2023,2496.51
09/05/2023,2510.06
08/05/2023,2513.21
04/05/2023,2500.94
03/05/2023,2501.4
02/05/2023,2524.39
28/04/2023,2501.53
27/04/2023,2495.81
26/04/2023,2484.83
25/04/2023,2489.02
24/04/2023,2523.5
21/04/2023,2544.4
20/04/2023,2563.11
19/04/2023,2575.08
18/04/2023,2571.09
17/04/2023,2575.91
14/04/2023,2571.49
13/04/2023,2561.66
12/04/2023,2550.64
11/04/2023,2547.86
10/04/2023,2512.08
07/04/2023,2490.41
06/04/2023,2459.23
05/04/2023,2495.21
04/04/2023,2480.51
03/04/2023,2472.34
31/03/2023,2476.86
30/03/2023,2453.16
29/03/2023,2443.92
28/03/2023,2434.94
27/03/2023,2409.22
24/03/2023,2414.96
23/03/2023,2424.48
22/03/2023,2416.96
21/03/2023,2388.35
20/03/2023,2379.2
17/03/2023,2395.69
16/03/2023,2377.91
15/03/2023,2379.72
14/03/2023,2348.97
13/03/2023,2410.6
10/03/2023,2394.59
09/03/2023,2419.09
08/03/2023,2431.91
07/03/2023,2463.35
06/03/2023,2462.62
03/03/2023,2432.07
02/03/2023,2427.85
28/02/2023,2412.85
27/02/2023,2402.64
24/02/2023,2423.61
23/02/2023,2439.09
22/02/2023,2417.68
21/02/2023,2458.96
20/02/2023,2455.12
17/02/2023,2451.21
16/02/2023,2475.48
15/02/2023,2427.9
14/02/2023,2465.64
13/02/2023,2452.7
10/02/2023,2469.73
09/02/2023,2481.52
08/02/2023,2483.64
07/02/2023,2451.71
06/02/2023,2438.19
03/02/2023,2480.4
02/02/2023,2468.88
01/02/2023,2449.8
31/01/2023,2425.08
30/01/2023,2450.47
27/01/2023,2484.02
26/01/2023,2468.65
25/01/2023,2428.57
20/01/2023,2395.26
19/01/2023,2380.34
18/01/2023,2368.32
17/01/2023,2379.39
16/01/2023,2399.86
13/01/2023,2386.09
12/01/2023,2365.1
11/01/2023,2359.53
10/01/2023,2351.31
09/01/2023,2350.19
06/01/2023,2289.97
05/01/2023,2264.65
04/01/2023,2255.98
03/01/2023,2218.68
02/01/2023,2225.67
29/12/2022,2236.4
28/12/2022,2280.45
27/12/2022,2332.79
26/12/2022,2317.14
23/12/2022,2313.69
22/12/2022,2356.73
21/12/2022,2328.95
20/12/2022,2333.29
19/12/2022,2352.17
16/12/2022,2360.02
15/12/2022,2360.97
14/12/2022,2399.25
13/12/2022,2372.4
12/12/2022,2373.02
09/12/2022,2389.04
08/12/2022,2371.08
07/12/2022,2382.81
06/12/2022,2393.16
05/12/2022,2419.32
02/12/2022,2434.33
01/12/2022,2479.84
30/11/2022,2472.53
29/11/2022,2433.39
28/11/2022,2408.27
25/11/2022,2437.86
24/11/2022,2441.33
23/11/2022,2418.01
22/11/2022,2405.27
21/11/2022,2419.5
18/11/2022,2444.48
17/11/2022,2442.9
16/11/2022,2477.45
15/11/2022,2480.33
14/11/2022,2474.65
11/11/2022,2483.16
10/11/2022,2402.23
09/11/2022,2424.41
08/11/2022,2399.04
07/11/2022,2371.79
04/11/2022,2348.43
03/11/2022,2329.17
02/11/2022,2336.87
01/11/2022,2335.22
31/10/2022,2293.61
28/10/2022,2268.4
27/10/2022,2288.78
26/10/2022,2249.56
25/10/2022,2235.07
24/10/2022,2236.16
21/10/2022,2213.12
20/10/2022,2218.09
19/10/2022,2237.44
18/10/2022,2249.95
17/10/2022,2219.71
14/10/2022,2212.55
13/10/2022,2162.87
12/10/2022,2202.47
11/10/2022,2192.07
07/10/2022,2232.84
06/10/2022,2237.86
05/10/2022,2215.22
04/10/2022,2209.38
30/09/2022,2155.49
29/09/2022,2170.93
28/09/2022,2169.29
27/09/2022,2223.86
26/09/2022,2220.94
23/09/2022,2290.0
22/09/2022,2332.31
21/09/2022,2347.21
20/09/2022,2367.85
19/09/2022,2355.66
16/09/2022,2382.78
15/09/2022,2401.83
14/09/2022,2411.42
13/09/2022,2449.54
08/09/2022,2384.28
07/09/2022,2376.46
06/09/2022,2410.02
05/09/2022,2403.68
02/09/2022,2409.41
01/09/2022,2415.61
31/08/2022,2472.05
30/08/2022,2450.93
29/08/2022,2426.89
26/08/2022,2481.03
25/08/2022,2477.26
24/08/2022,2447.45
23/08/2022,2435.34
22/08/2022,2462.5
19/08/2022,2492.69
18/08/2022,2508.05
17/08/2022,2516.47
16/08/2022,2533.52
12/08/2022,2527.94
11/08/2022,2523.78
10/08/2022,2480.88
09/08/2022,2503.46
08/08/2022,2493.1
05/08/2022,2490.8
04/08/2022,2473.11
03/08/2022,2461.45
02/08/2022,2439.62
01/08/2022,2452.25
29/07/2022,2451.5
28/07/2022,2435.27
27/07/2022,2415.53
26/07/2022,2412.96
25/07/2022,2403.69
22/07/2022,2393.14
21/07/2022,2409.16
20/07/2022,2386.85
19/07/2022,2370.97
18/07/2022,2375.25
15/07/2022,2330.98
14/07/2022,2322.32
13/07/2022,2328.61
12/07/2022,2317.76
11/07/2022,2340.27
08/07/2022,2350.61
07/07/2022,2334.27
06/07/2022,2292.01
05/07/2022,2341.78
04/07/2022,2300.34
01/07/2022,2305.42
30/06/2022,2332.64
29/06/2022,2377.99
28/06/2022,2422.09
27/06/2022,2401.92
24/06/2022,2366.6
23/06/2022,2314.32
22/06/2022,2342.81
21/06/2022,2408.93
20/06/2022,2391.03
17/06/2022,2440.93
16/06/2022,2451.41
15/06/2022,2447.38
14/06/2022,2492.97
13/06/2022,2504.51
10/06/2022,2595.87
09/06/2022,2625.44
08/06/2022,2626.15
07/06/2022,2626.34
03/06/2022,2670.65
02/06/2022,2658.99
31/05/2022,2685.9
30/05/2022,2669.66
27/05/2022,2638.05
26/05/2022,2612.45
25/05/2022,2617.22
24/05/2022,2605.87
23/05/2022,2647.38
20/05/2022,2639.29
19/05/2022,2592.34
18/05/2022,2625.98
17/05/2022,2620.44
16/05/2022,2596.58
13/05/2022,2604.24
12/05/2022,2550.08
11/05/2022,2592.27
10/05/2022,2596.56
09/05/2022,2610.81
06/05/2022,2644.51
04/05/2022,2677.57
03/05/2022,2680.46
02/05/2022,2687.45
29/04/2022,2695.05
28/04/2022,2667.49
27/04/2022,2639.06
26/04/2022,2668.31
25/04/2022,2657.13
22/04/2022,2704.71
21/04/2022,2728.21
20/04/2022,2718.69
19/04/2022,2718.89
18/04/2022,2693.21
15/04/2022,2696.06
14/04/2022,2716.71
13/04/2022,2716.49
12/04/2022,2666.76
11/04/2022,2693.1
08/04/2022,2700.39
07/04/2022,2695.86
06/04/2022,2735.03
05/04/2022,2759.2
04/04/2022,2757.9
01/04/2022,2739.85
31/03/2022,2757.65
30/03/2022,2746.74
29/03/2022,2741.07
28/03/2022,2729.56
25/03/2022,2729.98
24/03/2022,2729.66
23/03/2022,2735.05
22/03/2022,2710.0
21/03/2022,2686.05
18/03/2022,2707.02
17/03/2022,2694.51
16/03/2022,2659.23
15/03/2022,2621.53
14/03/2022,2645.65
11/03/2022,2661.28
10/03/2022,2680.32
08/03/2022,2622.4
07/03/2022,2651.31
04/03/2022,2713.43
03/03/2022,2747.08
02/03/2022,2703.52
28/02/2022,2699.18
25/02/2022,2676.76
24/02/2022,2648.8
23/02/2022,2719.53
22/02/2022,2706.79
21/02/2022,2743.8
18/02/2022,2744.52
17/02/2022,2744.09
16/02/2022,2729.68
15/02/2022,2676.54
14/02/2022,2704.48
11/02/2022,2747.71
10/02/2022,2771.93
09/02/2022,2768.85
08/02/2022,2746.47
07/02/2022,2745.06
04/02/2022,2750.26
03/02/2022,2707.82
28/01/2022,2663.34
27/01/2022,2614.49
26/01/2022,2709.24
25/01/2022,2720.39
24/01/2022,2792.0
21/01/2022,2834.29
20/01/2022,2862.68
19/01/2022,2842.28
18/01/2022,2864.24
17/01/2022,2890.1
14/01/2022,2921.92
13/01/2022,2962.09
12/01/2022,2972.48
11/01/2022,2927.38
10/01/2022,2926.72
07/01/2022,2954.89
06/01/2022,2920.53
05/01/2022,2953.97
04/01/2022,2989.24
03/01/2022,2988.77
30/12/2021,2977.65
29/12/2021,2993.29
28/12/2021,3020.24
27/12/2021,2999.55
24/12/2021,3012.43
23/12/2021,2998.17
22/12/2021,2984.48
21/12/2021,2975.03
20/12/2021,2963.0
17/12/2021,3017.73
16/12/2021,3006.41
15/12/2021,2989.39
14/12/2021,2987.95
13/12/2021,3001.66
10/12/2021,3010.23
09/12/2021,3029.57
08/12/2021,3001.8
07/12/2021,2991.72
06/12/2021,2973.25
03/12/2021,2968.33
02/12/2021,2945.27
01/12/2021,2899.72
30/11/2021,2839.01
29/11/2021,2909.32
26/11/2021,2936.44
25/11/2021,2980.27
24/11/2021,2994.29
23/11/2021,2997.33
22/11/2021,3013.25
19/11/2021,2971.02
18/11/2021,2947.38
17/11/2021,2962.42
16/11/2021,2997.21
15/11/2021,2999.52
12/11/2021,2968.8
11/11/2021,2924.92
10/11/2021,2930.17
09/11/2021,2962.46
08/11/2021,2960.2
05/11/2021,2969.27
04/11/2021,2983.22
03/11/2021,2975.71
02/11/2021,3013.49
01/11/2021,2978.94
29/10/2021,2970.68
28/10/2021,3009.55
27/10/2021,3025.49
26/10/2021,3049.08
25/10/2021,3020.54
22/10/2021,3006.16
21/10/2021,3007.33
20/10/2021,3013.13
19/10/2021,3029.04
18/10/2021,3006.68
15/10/2021,3015.06
14/10/2021,2988.64
13/10/2021,2944.41
12/10/2021,2916.38
08/10/2021,2956.3
07/10/2021,2959.46
06/10/2021,2908.31
05/10/2021,2962.17
01/10/2021,3019.18
30/09/2021,3068.82
29/09/2021,3060.27
28/09/2021,3097.92
27/09/2021,3133.64
24/09/2021,3125.24
23/09/2021,3127.58
17/09/2021,3140.51
16/09/2021,3130.09
15/09/2021,3153.4
14/09/2021,3148.83
13/09/2021,3127.86
10/09/2021,3125.76
09/09/2021,3114.7
08/09/2021,3162.99
07/09/2021,3187.42
06/09/2021,3203.33
03/09/2021,3201.06
02/09/2021,3175.85
01/09/2021,3207.02
31/08/2021,3199.27
30/08/2021,3144.19
27/08/2021,3133.9
26/08/2021,3128.53
25/08/2021,3146.81
24/08/2021,3138.3
23/08/2021,3090.21
20/08/2021,3060.51
19/08/2021,3097.83
18/08/2021,3158.93
17/08/2021,3143.09
13/08/2021,3171.29
12/08/2021,3208.38
11/08/2021,3220.62
10/08/2021,3243.19
09/08/2021,3260.42
06/08/2021,3270.36
05/08/2021,3276.13
04/08/2021,3280.38
03/08/2021,3237.14
02/08/2021,3223.04
30/07/2021,3202.32
29/07/2021,3242.65
28/07/2021,3236.86
27/07/2021,3232.53
26/07/2021,3224.95
23/07/2021,3254.42
22/07/2021,3250.21
21/07/2021,3215.91
20/07/2021,3232.7
19/07/2021,3244.04
16/07/2021,3276.91
15/07/2021,3286.22
14/07/2021,3264.81
13/07/2021,3271.38
12/07/2021,3246.47
09/07/2021,3217.95
08/07/2021,3252.68
07/07/2021,3285.34
06/07/2021,3305.21
05/07/2021,3293.21
02/07/2021,3281.78
01/07/2021,3282.06
30/06/2021,3296.68
29/06/2021,3286.68
28/06/2021,3301.89
25/06/2021,3302.84
24/06/2021,3286.1
23/06/2021,3276.19
22/06/2021,3263.88
21/06/2021,3240.79
18/06/2021,3267.93
17/06/2021,3264.96
16/06/2021,3278.68
15/06/2021,3258.63
14/06/2021,3252.13
11/06/2021,3249.32
10/06/2021,3224.64
09/06/2021,3216.18
08/06/2021,3247.83
07/06/2021,3252.12
04/06/2021,3240.08
03/06/2021,3247.43
02/06/2021,3224.23
01/06/2021,3221.87
31/05/2021,3203.92
28/05/2021,3188.73
27/05/2021,3165.51
26/05/2021,3168.43
25/05/2021,3171.32
24/05/2021,3144.3
21/05/2021,3156.42
20/05/2021,3162.28
18/05/2021,3173.05
17/05/2021,3134.52
14/05/2021,3153.32
13/05/2021,3122.11
12/05/2021,3161.66
11/05/2021,3209.43
10/05/2021,3249.3
07/05/2021,3197.2
06/05/2021,3178.74
04/05/2021,3147.37
03/05/2021,3127.2
30/04/2021,3147.86
29/04/2021,3174.07
28/04/2021,3181.47
27/04/2021,3215.42
26/04/2021,3217.53
23/04/2021,3186.1
22/04/2021,3177.52
21/04/2021,3171.66
20/04/2021,3220.7
19/04/2021,3198.84
16/04/2021,3198.62
15/04/2021,3194.33
14/04/2021,3182.38
13/04/2021,3169.08
12/04/2021,3135.59
09/04/2021,3131.88
08/04/2021,3143.26
07/04/2021,3137.41
06/04/2021,3127.08
05/04/2021,3120.83
02/04/2021,3112.8
01/04/2021,3087.4
31/03/2021,3061.42
30/03/2021,3070.0
29/03/2021,3036.04
26/03/2021,3041.01
25/03/2021,3008.33
24/03/2021,2996.35
23/03/2021,3004.74
22/03/2021,3035.46
19/03/2021,3039.53
18/03/2021,3066.01
17/03/2021,3047.5
16/03/2021,3067.17
15/03/2021,3045.71
12/03/2021,3054.39
11/03/2021,3013.7
10/03/2021,2958.12
09/03/2021,2976.12
08/03/2021,2996.11
05/03/2021,3026.26
04/03/2021,3043.49
03/03/2021,3082.99
02/03/2021,3043.87
26/02/2021,3012.95
25/02/2021,3099.69
24/02/2021,2994.98
23/02/2021,3070.09
22/02/2021,3079.75
19/02/2021,3107.62
18/02/2021,3086.66
17/02/2021,3133.73
16/02/2021,3163.25
15/02/2021,3147.0
10/02/2021,3100.58
09/02/2021,3084.67
08/02/2021,3091.24
05/02/2021,3120.63
04/02/2021,3087.55
03/02/2021,3129.68
02/02/2021,3096.81
01/02/2021,3056.53
29/01/2021,2976.21
28/01/2021,3069.05
27/01/2021,3122.56
26/01/2021,3140.31
25/01/2021,3208.99
22/01/2021,3140.63
21/01/2021,3160.84
20/01/2021,3114.55
19/01/2021,3092.66
18/01/2021,3013.93
15/01/2021,3085.9
14/01/2021,3149.93
13/01/2021,3148.29
12/01/2021,3125.95
11/01/2021,3148.45
08/01/2021,3152.18
07/01/2021,3031.68
06/01/2021,2968.21
05/01/2021,2990.57
04/01/2021,2944.45
30/12/2020,2873.47
29/12/2020,2820.51
28/12/2020,2808.6
24/12/2020,2806.86
23/12/2020,2759.82
22/12/2020,2733.68
21/12/2020,2778.65
18/12/2020,2772.18
17/12/2020,2770.43
16/12/2020,2771.79
15/12/2020,2756.82
14/12/2020,2762.2
11/12/2020,2770.06
10/12/2020,2746.46
09/12/2020,2755.47
08/12/2020,2700.93
07/12/2020,2745.44
04/12/2020,2731.45
03/12/2020,2696.22
02/12/2020,2675.9
01/12/2020,2634.25
30/11/2020,2591.34
27/11/2020,2633.45
26/11/2020,2625.91
25/11/2020,2601.54
24/11/2020,2617.76
23/11/2020,2602.59
20/11/2020,2553.5
19/11/2020,2547.42
18/11/2020,2545.64
17/11/2020,2539.15
16/11/2020,2543.03
13/11/2020,2493.87
12/11/2020,2475.62
11/11/2020,2485.87
10/11/2020,2452.83
09/11/2020,2447.2
06/11/2020,2416.5
05/11/2020,2413.79
04/11/2020,2357.32
03/11/2020,2343.31
02/11/2020,2300.16
30/10/2020,2267.15
29/10/2020,2326.67
28/10/2020,2345.26
27/10/2020,2330.84
26/10/2020,2343.91
23/10/2020,2360.81
22/10/2020,2355.05
21/10/2020,2370.86
20/10/2020,2358.41
19/10/2020,2346.74
16/10/2020,2341.53
15/10/2020,2361.21
14/10/2020,2380.48
13/10/2020,2403.15
12/10/2020,2403.73
08/10/2020,2391.96
07/10/2020,2386.94
06/10/2020,2365.9
05/10/2020,2358.0
29/09/2020,2327.89
28/09/2020,2308.08
25/09/2020,2278.79
24/09/2020,2272.7
23/09/2020,2333.24
22/09/2020,2332.59
21/09/2020,2389.39
18/09/2020,2412.4
17/09/2020,2406.17
16/09/2020,2435.92
15/09/2020,2443.58
14/09/2020,2427.91
11/09/2020,2396.69
10/09/2020,2396.48
09/09/2020,2375.81
08/09/2020,2401.91
07/09/2020,2384.22
04/09/2020,2368.25
03/09/2020,2395.9
02/09/2020,2364.37
01/09/2020,2349.55
31/08/2020,2326.17
28/08/2020,2353.8
27/08/2020,2344.45
26/08/2020,2369.32
25/08/2020,2366.73
24/08/2020,2329.83
21/08/2020,2304.59
20/08/2020,2274.22
19/08/2020,2360.54
18/08/2020,2348.24
14/08/2020,2407.49
13/08/2020,2437.53
12/08/2020,2432.35
11/08/2020,2418.67
10/08/2020,2386.38
07/08/2020,2351.67
06/08/2020,2342.61
05/08/2020,2311.86
04/08/2020,2279.97
03/08/2020,2251.04
31/07/2020,2249.37
30/07/2020,2267.01
29/07/2020,2263.16
28/07/2020,2256.99
27/07/2020,2217.86
24/07/2020,2200.44
23/07/2020,2216.19
22/07/2020,2228.66
21/07/2020,2228.83
20/07/2020,2198.2
17/07/2020,2201.19
16/07/2020,2183.76
15/07/2020,2201.88
14/07/2020,2183.61
13/07/2020,2186.06
10/07/2020,2150.25
09/07/2020,2167.9
08/07/2020,2158.88
07/07/2020,2164.17
06/07/2020,2187.93
03/07/2020,2152.41
02/07/2020,2135.37
01/07/2020,2106.7
30/06/2020,2108.33
29/06/2020,2093.48
26/06/2020,2134.65
25/06/2020,2112.37
24/06/2020,2161.51
23/06/2020,2131.24
22/06/2020,2126.73
19/06/2020,2141.32
18/06/2020,2133.48
17/06/2020,2141.05
16/06/2020,2138.05
15/06/2020,2030.82
12/06/2020,2132.3
11/06/2020,2176.78
10/06/2020,2195.69
09/06/2020,2188.92
08/06/2020,2184.29
05/06/2020,2181.87
04/06/2020,2151.18
03/06/2020,2147.0
02/06/2020,2087.19
01/06/2020,2065.08
29/05/2020,2029.6
28/05/2020,2028.54
27/05/2020,2031.2
26/05/2020,2029.78
25/05/2020,1994.6
22/05/2020,1970.13
21/05/2020,1998.31
20/05/2020,1989.64
19/05/2020,1980.61
18/05/2020,1937.11
15/05/2020,1927.28
14/05/2020,1924.96
13/05/2020,1940.42
12/05/2020,1922.17
11/05/2020,1935.4
08/05/2020,1945.82
07/05/2020,1928.61
06/05/2020,1928.76
04/05/2020,1895.37
29/04/2020,1947.56
28/04/2020,1934.09
27/04/2020,1922.77
24/04/2020,1889.01
23/04/2020,1914.73
22/04/2020,1896.15
21/04/2020,1879.38
20/04/2020,1898.36
17/04/2020,1914.53
16/04/2020,1857.07
14/04/2020,1857.08
13/04/2020,1825.76
10/04/2020,1860.7
09/04/2020,1836.21
08/04/2020,1807.14
07/04/2020,1823.6
06/04/2020,1791.88
03/04/2020,1725.44
02/04/2020,1724.86
01/04/2020,1685.46
31/03/2020,1754.64
30/03/2020,1717.12
27/03/2020,1717.73
26/03/2020,1686.24
25/03/2020,1704.76
24/03/2020,1609.97
23/03/2020,1482.46
20/03/2020,1566.15
19/03/2020,1457.64
18/03/2020,1591.2
17/03/2020,1672.44
16/03/2020,1714.86
13/03/2020,1771.44
12/03/2020,1834.33
11/03/2020,1908.27
10/03/2020,1962.93
09/03/2020,1954.77
06/03/2020,2040.22
05/03/2020,2085.26
04/03/2020,2059.33
03/03/2020,2014.15
02/03/2020,2002.51
28/02/2020,1987.01
27/02/2020,2054.89
26/02/2020,2076.77
25/02/2020,2103.61
24/02/2020,2079.04
21/02/2020,2162.84
20/02/2020,2195.5
19/02/2020,2210.34
18/02/2020,2208.88
17/02/2020,2242.17
14/02/2020,2243.59
13/02/2020,2232.96
12/02/2020,2238.38
11/02/2020,2223.12
10/02/2020,2201.07
07/02/2020,2211.95
06/02/2020,2227.94
05/02/2020,2165.63
04/02/2020,2157.9
03/02/2020,2118.88
31/01/2020,2119.01
30/01/2020,2148.0
29/01/2020,2185.28
28/01/2020,2176.72
23/01/2020,2246.13
22/01/2020,2267.25
21/01/2020,2239.69
20/01/2020,2262.64
17/01/2020,2250.57
16/01/2020,2248.05
15/01/2020,2230.98
14/01/2020,2238.88
13/01/2020,2229.26
10/01/2020,2206.39
09/01/2020,2186.45
08/01/2020,2151.31
07/01/2020,2175.54
06/01/2020,2155.07
03/01/2020,2176.46
02/01/2020,2175.17
30/12/2019,2197.67
27/12/2019,2204.21
26/12/2019,2197.93
24/12/2019,2190.08
23/12/2019,2203.71
20/12/2019,2204.18
19/12/2019,2196.56
18/12/2019,2194.76
17/12/2019,2195.68
16/12/2019,2168.15
13/12/2019,2170.25
12/12/2019,2137.35
11/12/2019,2105.62
10/12/2019,2098.0
09/12/2019,2088.65
06/12/2019,2081.85
05/12/2019,2060.74
04/12/2019,2068.89
03/12/2019,2084.07
02/12/2019,2091.92
29/11/2019,2087.96
28/11/2019,2118.6
27/11/2019,2127.85
26/11/2019,2121.35
25/11/2019,2123.5
22/11/2019,2101.96
21/11/2019,2096.6
20/11/2019,2125.32
19/11/2019,2153.24
18/11/2019,2160.69
15/11/2019,2162.18
14/11/2019,2139.23
13/11/2019,2122.45
12/11/2019,2140.92
11/11/2019,2124.09
08/11/2019,2137.23
07/11/2019,2144.29
06/11/2019,2144.15
05/11/2019,2142.64
04/11/2019,2130.24
01/11/2019,2100.2
31/10/2019,2083.48
30/10/2019,2080.27
29/10/2019,2092.69
28/10/2019,2093.6
25/10/2019,2087.89
24/10/2019,2085.66
23/10/2019,2080.62
22/10/2019,2088.86
21/10/2019,2064.84
18/10/2019,2060.69
17/10/2019,2077.94
16/10/2019,2082.83
15/10/2019,2068.17
14/10/2019,2067.4
11/10/2019,2044.61
10/10/2019,2028.15
08/10/2019,2046.25
07/10/2019,2021.73
04/10/2019,2020.69
02/10/2019,2031.91
01/10/2019,2072.42
30/09/2019,2063.05
27/09/2019,2049.93
26/09/2019,2074.52
25/09/2019,2073.39
24/09/2019,2101.04
23/09/2019,2091.7
20/09/2019,2091.52
19/09/2019,2080.35
18/09/2019,2070.73
17/09/2019,2062.33
16/09/2019,2062.22
11/09/2019,2049.2
10/09/2019,2032.08
09/09/2019,2019.55
06/09/2019,2009.13
05/09/2019,2004.75
04/09/2019,1988.53
03/09/2019,1965.69
02/09/2019,1969.19
30/08/2019,1967.79
29/08/2019,1933.41
28/08/2019,1941.09
27/08/2019,1924.6
26/08/2019,1916.31
23/08/2019,1948.3
22/08/2019,1951.01
21/08/2019,1964.65
20/08/2019,1960.25
19/08/2019,1939.9
16/08/2019,1927.17
14/08/2019,1938.37
13/08/2019,1925.83
12/08/2019,1942.29
09/08/2019,1937.75
08/08/2019,1920.61
07/08/2019,1909.71
06/08/2019,1917.5
05/08/2019,1946.98
02/08/2019,1998.13
01/08/2019,2017.34
31/07/2019,2024.55
30/07/2019,2038.68
29/07/2019,2029.48
26/07/2019,2066.26
25/07/2019,2074.48
24/07/2019,2082.3
23/07/2019,2101.45
22/07/2019,2093.34
19/07/2019,2094.36
18/07/2019,2066.55
17/07/2019,2072.92
16/07/2019,2091.87
15/07/2019,2082.48
12/07/2019,2086.66
11/07/2019,2080.58
10/07/2019,2058.78
09/07/2019,2052.03
08/07/2019,2064.17
05/07/2019,2110.59
04/07/2019,2108.73
03/07/2019,2096.02
02/07/2019,2122.02
01/07/2019,2129.74
28/06/2019,2130.62
27/06/2019,2134.32
26/06/2019,2121.85
25/06/2019,2121.64
24/06/2019,2126.33
21/06/2019,2125.62
20/06/2019,2131.29
19/06/2019,2124.78
18/06/2019,2098.71
17/06/2019,2090.73
14/06/2019,2095.41
13/06/2019,2103.15
12/06/2019,2108.75
11/06/2019,2111.81
10/06/2019,2099.49
07/06/2019,2072.33
05/06/2019,2069.11
04/06/2019,2066.97
03/06/2019,2067.85
31/05/2019,2041.74
30/05/2019,2038.8
29/05/2019,2023.32
28/05/2019,2048.83
27/05/2019,2044.21
24/05/2019,2045.31
23/05/2019,2059.59
22/05/2019,2064.86
21/05/2019,2061.25
20/05/2019,2055.71
17/05/2019,2055.8
16/05/2019,2067.69
15/05/2019,2092.78
14/05/2019,2081.84
13/05/2019,2079.01
10/05/2019,2108.04
09/05/2019,2102.01
08/05/2019,2168.01
07/05/2019,2176.99
03/05/2019,2196.32
02/05/2019,2212.75
30/04/2019,2203.59
29/04/2019,2216.43
26/04/2019,2179.31
25/04/2019,2190.5
24/04/2019,2201.03
23/04/2019,2220.51
22/04/2019,2216.65
19/04/2019,2216.15
18/04/2019,2213.77
17/04/2019,2245.89
16/04/2019,2248.63
15/04/2019,2242.88
12/04/2019,2233.45
11/04/2019,2224.44
10/04/2019,2224.39
09/04/2019,2213.56
08/04/2019,2210.6
05/04/2019,2209.61
04/04/2019,2206.53
03/04/2019,2203.27
02/04/2019,2177.18
01/04/2019,2168.28
29/03/2019,2140.67
28/03/2019,2128.1
27/03/2019,2145.62
26/03/2019,2148.8
25/03/2019,2144.86
22/03/2019,2186.95
21/03/2019,2184.88
20/03/2019,2177.1
19/03/2019,2177.62
18/03/2019,2179.49
15/03/2019,2176.11
14/03/2019,2155.68
13/03/2019,2148.41
12/03/2019,2157.18
11/03/2019,2138.1
08/03/2019,2137.44
07/03/2019,2165.79
06/03/2019,2175.6
05/03/2019,2179.23
04/03/2019,2190.66
28/02/2019,2195.44
27/02/2019,2234.79
26/02/2019,2226.6
25/02/2019,2232.56
22/02/2019,2230.5
21/02/2019,2228.66
20/02/2019,2229.76
19/02/2019,2205.63
18/02/2019,2210.89
15/02/2019,2196.09
14/02/2019,2225.85
13/02/2019,2201.48
12/02/2019,2190.47
11/02/2019,2180.73
08/02/2019,2177.05
07/02/2019,2203.42
01/02/2019,2203.46
31/01/2019,2204.85
30/01/2019,2206.2
29/01/2019,2183.36
28/01/2019,2177.3
25/01/2019,2177.73
24/01/2019,2145.03
23/01/2019,2127.78
22/01/2019,2117.77
21/01/2019,2124.61
18/01/2019,2124.28
17/01/2019,2107.06
16/01/2019,2106.1
15/01/2019,2097.18
14/01/2019,2064.52
11/01/2019,2075.57
10/01/2019,2063.28
09/01/2019,2064.71
08/01/2019,2025.27
07/01/2019,2037.1
04/01/2019,2010.25
03/01/2019,1993.7
02/01/2019,2010.0
28/12/2018,2041.04
27/12/2018,2028.44
26/12/2018,2028.01
24/12/2018,2055.01
21/12/2018,2061.49
20/12/2018,2060.12
19/12/2018,2078.84
18/12/2018,2062.11
17/12/2018,2071.09
14/12/2018,2069.38
13/12/2018,2095.55
12/12/2018,2082.57
11/12/2018,2052.97
10/12/2018,2053.79
07/12/2018,2075.76
06/12/2018,2068.69
05/12/2018,2101.31
04/12/2018,2114.35
03/12/2018,2131.93
30/11/2018,2096.86
29/11/2018,2114.1
28/11/2018,2108.22
27/11/2018,2099.42
26/11/2018,2083.02
23/11/2018,2057.48
22/11/2018,2069.95
21/11/2018,2076.55
20/11/2018,2082.58
19/11/2018,2100.56
16/11/2018,2092.4
15/11/2018,2088.06
14/11/2018,2068.05
13/11/2018,2071.23
12/11/2018,2080.44
09/11/2018,2086.09
08/11/2018,2092.63
07/11/2018,2078.69
06/11/2018,2089.62
05/11/2018,2076.92
02/11/2018,2096.0
01/11/2018,2024.46
31/10/2018,2029.69
30/10/2018,2014.69
29/10/2018,1996.05
26/10/2018,2027.15
25/10/2018,2063.3
24/10/2018,2097.58
23/10/2018,2106.1
22/10/2018,2161.71
19/10/2018,2156.26
18/10/2018,2148.31
17/10/2018,2167.51
16/10/2018,2145.12
15/10/2018,2145.12
12/10/2018,2161.85
11/10/2018,2129.67
10/10/2018,2228.61
08/10/2018,2253.83
05/10/2018,2267.52
04/10/2018,2274.49
02/10/2018,2309.57
01/10/2018,2338.88
28/09/2018,2343.07
27/09/2018,2355.43
21/09/2018,2339.17
20/09/2018,2323.45
19/09/2018,2308.46
18/09/2018,2308.98
17/09/2018,2303.01
14/09/2018,2318.25
13/09/2018,2286.23
12/09/2018,2282.92
11/09/2018,2283.2
10/09/2018,2288.66
07/09/2018,2281.58
06/09/2018,2287.61
05/09/2018,2291.77
04/09/2018,2315.72
03/09/2018,2307.03
31/08/2018,2322.88
30/08/2018,2307.35
29/08/2018,2309.03
28/08/2018,2303.12
27/08/2018,2299.3
24/08/2018,2293.21
23/08/2018,2282.6
22/08/2018,2273.33
21/08/2018,2270.06
20/08/2018,2247.88
17/08/2018,2247.05
16/08/2018,2240.8
14/08/2018,2258.91
13/08/2018,2248.45
10/08/2018,2282.79
09/08/2018,2303.71
08/08/2018,2301.45
07/08/2018,2300.16
06/08/2018,2286.5
03/08/2018,2287.68
02/08/2018,2270.2
01/08/2018,2307.07
31/07/2018,2295.26
30/07/2018,2293.51
27/07/2018,2294.99
26/07/2018,2289.06
25/07/2018,2273.03
24/07/2018,2280.2
23/07/2018,2269.31
20/07/2018,2289.19
19/07/2018,2282.29
18/07/2018,2290.11
17/07/2018,2297.92
16/07/2018,2301.99
13/07/2018,2310.9
12/07/2018,2285.06
11/07/2018,2280.62
10/07/2018,2294.16
09/07/2018,2285.8
06/07/2018,2272.87
05/07/2018,2257.55
04/07/2018,2265.46
03/07/2018,2272.76
02/07/2018,2271.54
29/06/2018,2326.13
28/06/2018,2314.24
27/06/2018,2342.03
26/06/2018,2350.92
25/06/2018,2357.88
22/06/2018,2357.22
21/06/2018,2337.83
20/06/2018,2363.91
19/06/2018,2340.11
18/06/2018,2376.24
15/06/2018,2404.04
14/06/2018,2423.48
12/06/2018,2468.83
11/06/2018,2470.15
08/06/2018,2451.58
07/06/2018,2470.58
05/06/2018,2453.76
04/06/2018,2447.76
01/06/2018,2438.96
31/05/2018,2423.01
30/05/2018,2409.03
29/05/2018,2457.25
28/05/2018,2478.96
25/05/2018,2460.8
24/05/2018,2466.01
23/05/2018,2471.91
21/05/2018,2465.57
18/05/2018,2460.65
17/05/2018,2448.45
16/05/2018,2459.82
15/05/2018,2458.54
14/05/2018,2476.11
11/05/2018,2477.71
10/05/2018,2464.16
09/05/2018,2443.98
08/05/2018,2449.81
04/05/2018,2461.38
03/05/2018,2487.25
02/05/2018,2505.61
30/04/2018,2515.38
27/04/2018,2492.4
26/04/2018,2475.64
25/04/2018,2448.81
24/04/2018,2464.14
23/04/2018,2474.11
20/04/2018,2476.33
19/04/2018,2486.1
18/04/2018,2479.98
17/04/2018,2453.77
16/04/2018,2457.49
13/04/2018,2455.07
12/04/2018,2442.71
11/04/2018,2444.22
10/04/2018,2450.74
09/04/2018,2444.08
06/04/2018,2429.58
05/04/2018,2437.52
04/04/2018,2408.06
03/04/2018,2442.43
02/04/2018,2444.16
30/03/2018,2445.85
29/03/2018,2436.37
28/03/2018,2419.29
27/03/2018,2452.06
26/03/2018,2437.08
23/03/2018,2416.76
22/03/2018,2496.02
21/03/2018,2484.97
20/03/2018,2485.52
19/03/2018,2475.03
16/03/2018,2493.97
15/03/2018,2492.38
14/03/2018,2486.08
13/03/2018,2494.49
12/03/2018,2484.12
09/03/2018,2459.45
08/03/2018,2433.08
07/03/2018,2401.82
06/03/2018,2411.41
05/03/2018,2375.06
02/03/2018,2402.16
28/02/2018,2427.36
27/02/2018,2456.14
26/02/2018,2457.65
23/02/2018,2451.52
22/02/2018,2414.28
21/02/2018,2429.65
20/02/2018,2415.12
19/02/2018,2442.82
14/02/2018,2421.83
13/02/2018,2395.19
12/02/2018,2385.38
09/02/2018,2363.77
08/02/2018,2407.62
07/02/2018,2396.56
06/02/2018,2453.31
05/02/2018,2491.75
02/02/2018,2525.39
01/02/2018,2568.54
31/01/2018,2566.46
30/01/2018,2567.74
29/01/2018,2598.19
26/01/2018,2574.76
25/01/2018,2562.23
24/01/2018,2538.0
23/01/2018,2536.6
22/01/2018,2502.11
19/01/2018,2520.26
18/01/2018,2515.81
17/01/2018,2515.43
16/01/2018,2521.74
15/01/2018,2503.73
12/01/2018,2496.42
11/01/2018,2487.91
10/01/2018,2499.75
09/01/2018,2510.23
08/01/2018,2513.28
05/01/2018,2497.52
04/01/2018,2466.46
03/01/2018,2486.35
02/01/2018,2479.65
28/12/2017,2467.49
27/12/2017,2436.67
26/12/2017,2427.34
22/12/2017,2440.54
21/12/2017,2429.83
20/12/2017,2472.37
19/12/2017,2478.53
18/12/2017,2481.88
15/12/2017,2482.07
14/12/2017,2469.48
13/12/2017,2480.55
12/12/2017,2461.0
11/12/2017,2471.49
08/12/2017,2464.0
07/12/2017,2461.98
06/12/2017,2474.37
05/12/2017,2510.12
04/12/2017,2501.67
01/12/2017,2475.41
30/11/2017,2476.37
29/11/2017,2512.9
28/11/2017,2514.19
27/11/2017,2507.81
24/11/2017,2544.33
23/11/2017,2537.15
22/11/2017,2540.51
21/11/2017,2530.7
20/11/2017,2527.67
17/11/2017,2533.99
16/11/2017,2534.79
15/11/2017,2518.25
14/11/2017,2526.64
13/11/2017,2530.35
10/11/2017,2542.95
09/11/2017,2550.57
08/11/2017,2552.4
07/11/2017,2545.44
06/11/2017,2549.41
03/11/2017,2557.97
02/11/2017,2546.36
01/11/2017,2556.47
31/10/2017,2523.43
30/10/2017,2501.93
27/10/2017,2496.63
26/10/2017,2480.63
25/10/2017,2492.5
24/10/2017,2490.49
23/10/2017,2490.05
20/10/2017,2489.54
19/10/2017,2473.06
18/10/2017,2482.91
17/10/2017,2484.37
16/10/2017,2480.05
13/10/2017,2473.62
12/10/2017,2474.76
11/10/2017,2458.16
10/10/2017,2433.81
29/09/2017,2394.47
28/09/2017,2373.14
27/09/2017,2372.57
26/09/2017,2374.32
25/09/2017,2380.4
22/09/2017,2388.71
21/09/2017,2406.5
20/09/2017,2412.2
19/09/2017,2416.05
18/09/2017,2418.21
15/09/2017,2386.07
14/09/2017,2377.66
13/09/2017,2360.18
12/09/2017,2365.47
11/09/2017,2359.08
08/09/2017,2343.72
07/09/2017,2346.19
06/09/2017,2319.82
05/09/2017,2326.62
04/09/2017,2329.65
01/09/2017,2357.69
31/08/2017,2363.19
30/08/2017,2372.29
29/08/2017,2364.74
28/08/2017,2370.3
25/08/2017,2378.51
24/08/2017,2375.84
23/08/2017,2366.4
22/08/2017,2365.33
21/08/2017,2355.0
18/08/2017,2358.37
17/08/2017,2361.67
16/08/2017,2348.26
14/08/2017,2334.22
11/08/2017,2319.71
10/08/2017,2359.47
09/08/2017,2368.39
08/08/2017,2394.73
07/08/2017,2398.75
04/08/2017,2395.45
03/08/2017,2386.85
02/08/2017,2427.63
01/08/2017,2422.96
31/07/2017,2402.71
28/07/2017,2400.99
27/07/2017,2443.24
26/07/2017,2434.51
25/07/2017,2439.9
24/07/2017,2451.53
21/07/2017,2450.06
20/07/2017,2441.84
19/07/2017,2429.94
18/07/2017,2426.04
17/07/2017,2425.1
14/07/2017,2414.63
13/07/2017,2409.49
12/07/2017,2391.77
11/07/2017,2396.0
10/07/2017,2382.1
07/07/2017,2379.87
06/07/2017,2387.81
05/07/2017,2388.35
04/07/2017,2380.52
03/07/2017,2394.48
30/06/2017,2391.79
29/06/2017,2395.66
28/06/2017,2382.56
27/06/2017,2391.95
26/06/2017,2388.66
23/06/2017,2378.6
22/06/2017,2370.37
21/06/2017,2357.53
20/06/2017,2369.23
19/06/2017,2370.9
16/06/2017,2361.83
15/06/2017,2361.65
14/06/2017,2372.64
13/06/2017,2374.7
12/06/2017,2357.87
09/06/2017,2381.69
08/06/2017,2363.57
07/06/2017,2360.14
05/06/2017,2368.62
02/06/2017,2371.72
01/06/2017,2344.61
31/05/2017,2347.38
30/05/2017,2343.68
29/05/2017,2352.97
26/05/2017,2355.3
25/05/2017,2342.93
24/05/2017,2317.34
23/05/2017,2311.74
22/05/2017,2304.03
19/05/2017,2288.48
18/05/2017,2286.82
17/05/2017,2293.08
16/05/2017,2295.33
15/05/2017,2290.65
12/05/2017,2286.02
11/05/2017,2296.37
10/05/2017,2270.12
08/05/2017,2292.76
04/05/2017,2241.24
02/05/2017,2219.67
28/04/2017,2205.44
27/04/2017,2209.46
26/04/2017,2207.84
25/04/2017,2196.85
24/04/2017,2173.74
21/04/2017,2165.04
20/04/2017,2149.15
19/04/2017,2138.4
18/04/2017,2148.46
17/04/2017,2145.76
14/04/2017,2134.88
13/04/2017,2148.61
12/04/2017,2128.91
11/04/2017,2123.85
10/04/2017,2133.32
07/04/2017,2151.73
06/04/2017,2152.75
05/04/2017,2160.85
04/04/2017,2161.1
03/04/2017,2167.51
31/03/2017,2160.23
30/03/2017,2164.64
29/03/2017,2166.98
28/03/2017,2163.31
27/03/2017,2155.66
24/03/2017,2168.95
23/03/2017,2172.72
22/03/2017,2168.3
21/03/2017,2178.38
20/03/2017,2157.01
17/03/2017,2164.58
16/03/2017,2150.08
15/03/2017,2133.0
14/03/2017,2133.78
13/03/2017,2117.59
10/03/2017,2097.35
09/03/2017,2091.06
08/03/2017,2095.41
07/03/2017,2094.05
06/03/2017,2081.36
03/03/2017,2078.75
02/03/2017,2102.65
28/02/2017,2091.64
27/02/2017,2085.52
24/02/2017,2094.12
23/02/2017,2107.63
22/02/2017,2106.61
21/02/2017,2102.93
20/02/2017,2084.39
17/02/2017,2080.58
16/02/2017,2081.84
15/02/2017,2083.86
14/02/2017,2074.57
13/02/2017,2078.65
10/02/2017,2075.08
09/02/2017,2065.88
08/02/2017,2065.08
07/02/2017,2075.21
06/02/2017,2077.66
03/02/2017,2073.16
02/02/2017,2071.01
01/02/2017,2080.48
31/01/2017,2067.57
26/01/2017,2083.59
25/01/2017,2066.94
24/01/2017,2065.76
23/01/2017,2065.99
20/01/2017,2065.61
19/01/2017,2072.79
18/01/2017,2070.54
17/01/2017,2071.87
16/01/2017,2064.17
13/01/2017,2076.79
12/01/2017,2087.14
11/01/2017,2075.17
10/01/2017,2045.12
09/01/2017,2048.78
06/01/2017,2049.12
05/01/2017,2041.95
04/01/2017,2045.64
03/01/2017,2043.97
02/01/2017,2026.16
29/12/2016,2026.46
28/12/2016,2024.49
27/12/2016,2042.17
26/12/2016,2037.75
23/12/2016,2035.9
22/12/2016,2035.73
21/12/2016,2037.96
20/12/2016,2041.94
19/12/2016,2038.39
16/12/2016,2042.24
15/12/2016,2036.65
14/12/2016,2036.87
13/12/2016,2035.98
12/12/2016,2027.24
09/12/2016,2024.69
08/12/2016,2031.07
07/12/2016,1991.89
06/12/2016,1989.86
05/12/2016,1963.36
02/12/2016,1970.61
01/12/2016,1983.75
30/11/2016,1983.48
29/11/2016,1978.39
28/11/2016,1978.13
25/11/2016,1974.46
24/11/2016,1971.26
23/11/2016,1987.95
22/11/2016,1983.47
21/11/2016,1966.05
18/11/2016,1974.58
17/11/2016,1980.55
16/11/2016,1979.65
15/11/2016,1967.53
14/11/2016,1974.4
11/11/2016,1984.43
10/11/2016,2002.6
09/11/2016,1958.38
08/11/2016,2003.38
07/11/2016,1997.58
04/11/2016,1982.02
03/11/2016,1983.8
02/11/2016,1978.94
01/11/2016,2007.39
31/10/2016,2008.19
28/10/2016,2019.42
27/10/2016,2024.12
26/10/2016,2013.89
25/10/2016,2037.17
24/10/2016,2047.74
21/10/2016,2033.0
20/10/2016,2040.6
19/10/2016,2040.94
18/10/2016,2040.43
17/10/2016,2027.61
14/10/2016,2022.66
13/10/2016,2015.44
12/10/2016,2033.73
11/10/2016,2031.93
10/10/2016,2056.82
07/10/2016,2053.8
06/10/2016,2065.3
05/10/2016,2053.0
04/10/2016,2054.86
30/09/2016,2043.63
29/09/2016,2068.72
28/09/2016,2053.06
27/09/2016,2062.82
26/09/2016,2047.11
23/09/2016,2054.07
22/09/2016,2049.7
21/09/2016,2035.99
20/09/2016,2025.71
19/09/2016,2015.78
13/09/2016,1999.36
12/09/2016,1991.48
09/09/2016,2037.87
08/09/2016,2063.73
07/09/2016,2061.88
06/09/2016,2066.53
05/09/2016,2060.08
02/09/2016,2038.31
01/09/2016,2032.72
31/08/2016,2034.65
30/08/2016,2039.74
29/08/2016,2032.35
26/08/2016,2037.5
25/08/2016,2042.92
24/08/2016,2043.76
23/08/2016,2049.93
22/08/2016,2042.16
19/08/2016,2056.24
18/08/2016,2055.47
17/08/2016,2043.75
16/08/2016,2047.76
12/08/2016,2050.47
11/08/2016,2048.8
10/08/2016,2044.64
09/08/2016,2043.78
08/08/2016,2031.12
05/08/2016,2017.94
04/08/2016,2000.03
03/08/2016,1994.79
02/08/2016,2019.03
01/08/2016,2029.61
29/07/2016,2016.19
28/07/2016,2021.1
27/07/2016,2025.05
26/07/2016,2027.34
25/07/2016,2012.32
22/07/2016,2010.34
21/07/2016,2012.22
20/07/2016,2015.46
19/07/2016,2016.89
18/07/2016,2021.11
15/07/2016,2017.26
14/07/2016,2008.77
13/07/2016,2005.55
12/07/2016,1991.23
11/07/2016,1988.54
08/07/2016,1963.1
07/07/2016,1974.08
06/07/2016,1953.12
05/07/2016,1989.85
04/07/2016,1995.3
01/07/2016,1987.32
30/06/2016,1970.35
29/06/2016,1956.36
28/06/2016,1936.22
27/06/2016,1926.85
24/06/2016,1925.24
23/06/2016,1986.71
22/06/2016,1992.58
21/06/2016,1982.7
20/06/2016,1981.12
17/06/2016,1953.4
16/06/2016,1951.99
15/06/2016,1968.83
14/06/2016,1972.03
13/06/2016,1979.06
10/06/2016,2017.63
09/06/2016,2024.17
08/06/2016,2027.08
07/06/2016,2011.63
03/06/2016,1985.84
02/06/2016,1985.11
01/06/2016,1982.72
31/05/2016,1983.4
30/05/2016,1967.13
27/05/2016,1969.17
26/05/2016,1957.06
25/05/2016,1960.51
24/05/2016,1937.68
23/05/2016,1955.25
20/05/2016,1947.67
19/05/2016,1946.78
18/05/2016,1956.73
17/05/2016,1968.06
16/05/2016,1967.91
13/05/2016,1966.99
12/05/2016,1977.49
11/05/2016,1980.1
10/05/2016,1982.5
09/05/2016,1967.81
04/05/2016,1976.71
03/05/2016,1986.41
02/05/2016,1978.15
29/04/2016,1994.15
28/04/2016,2000.93
27/04/2016,2015.4
26/04/2016,2019.63
25/04/2016,2014.55
22/04/2016,2015.49
21/04/2016,2022.1
20/04/2016,2005.83
19/04/2016,2011.36
18/04/2016,2009.1
15/04/2016,2014.71
14/04/2016,2015.93
12/04/2016,1981.32
11/04/2016,1970.37
08/04/2016,1972.05
07/04/2016,1973.89
06/04/2016,1971.32
05/04/2016,1962.74
04/04/2016,1978.97
01/04/2016,1973.57
31/03/2016,1995.85
30/03/2016,2002.14
29/03/2016,1994.91
28/03/2016,1982.54
25/03/2016,1983.81
24/03/2016,1985.97
23/03/2016,1995.12
22/03/2016,1996.81
21/03/2016,1989.76
18/03/2016,1992.12
17/03/2016,1987.99
16/03/2016,1974.9
15/03/2016,1969.97
14/03/2016,1972.27
11/03/2016,1971.41
10/03/2016,1969.33
09/03/2016,1952.95
08/03/2016,1946.12
07/03/2016,1957.87
04/03/2016,1955.63
03/03/2016,1958.17
02/03/2016,1947.42
29/02/2016,1916.66
26/02/2016,1920.16
25/02/2016,1918.57
24/02/2016,1912.53
23/02/2016,1914.22
22/02/2016,1916.36
19/02/2016,1916.24
18/02/2016,1908.84
17/02/2016,1883.94
16/02/2016,1888.3
15/02/2016,1862.2
12/02/2016,1835.28
11/02/2016,1861.54
05/02/2016,1917.79
04/02/2016,1916.26
03/02/2016,1890.67
02/02/2016,1906.6
01/02/2016,1924.82
29/01/2016,1912.06
28/01/2016,1906.94
27/01/2016,1897.87
26/01/2016,1871.69
25/01/2016,1893.43
22/01/2016,1879.43
21/01/2016,1840.53
20/01/2016,1845.45
19/01/2016,1889.64
18/01/2016,1878.45
15/01/2016,1878.87
14/01/2016,1900.01
13/01/2016,1916.28
12/01/2016,1890.86
11/01/2016,1894.84
08/01/2016,1917.62
07/01/2016,1904.33
06/01/2016,1925.43
05/01/2016,1930.53
04/01/2016,1918.76
30/12/2015,1961.31
29/12/2015,1966.31
28/12/2015,1964.06
24/12/2015,1990.65
23/12/2015,1999.22
22/12/2015,1992.56
21/12/2015,1981.19
18/12/2015,1975.32
17/12/2015,1977.96
16/12/2015,1969.4
15/12/2015,1932.97
14/12/2015,1927.82
11/12/2015,1948.62
10/12/2015,1952.07
09/12/2015,1948.24
08/12/2015,1949.04
07/12/2015,1963.67
04/12/2015,1974.4
03/12/2015,1994.07
02/12/2015,2009.29
01/12/2015,2023.93
30/11/2015,1991.97
27/11/2015,2028.99
26/11/2015,2030.68
25/11/2015,2009.42
24/11/2015,2016.29
23/11/2015,2003.7
20/11/2015,1989.86
19/11/2015,1988.91
18/11/2015,1962.88
17/11/2015,1963.58
16/11/2015,1943.02
13/11/2015,1973.29
12/11/2015,1993.36
11/11/2015,1997.27
10/11/2015,1996.59
09/11/2015,2025.7
06/11/2015,2041.07
05/11/2015,2049.41
04/11/2015,2052.77
03/11/2015,2048.4
02/11/2015,2035.24
30/10/2015,2029.47
29/10/2015,2034.16
28/10/2015,2042.51
27/10/2015,2044.65
26/10/2015,2048.08
23/10/2015,2040.4
22/10/2015,2023.0
21/10/2015,2042.98
20/10/2015,2039.36
19/10/2015,2030.27
16/10/2015,2030.26
15/10/2015,2033.27
14/10/2015,2009.55
13/10/2015,2019.05
12/10/2015,2021.63
08/10/2015,2019.53
07/10/2015,2005.84
06/10/2015,1990.65
05/10/2015,1978.25
02/10/2015,1969.68
01/10/2015,1979.32
30/09/2015,1962.81
25/09/2015,1942.85
24/09/2015,1947.1
23/09/2015,1944.64
22/09/2015,1982.06
21/09/2015,1964.68
18/09/2015,1995.95
17/09/2015,1976.49
16/09/2015,1975.45
15/09/2015,1937.56
14/09/2015,1931.46
11/09/2015,1941.37
10/09/2015,1962.11
09/09/2015,1934.2
08/09/2015,1878.68
07/09/2015,1883.22
04/09/2015,1886.04
03/09/2015,1915.53
02/09/2015,1915.22
01/09/2015,1914.23
31/08/2015,1941.49
28/08/2015,1937.67
27/08/2015,1908.0
26/08/2015,1894.09
25/08/2015,1846.63
24/08/2015,1829.81
21/08/2015,1876.07
20/08/2015,1914.55
19/08/2015,1939.38
18/08/2015,1956.26
17/08/2015,1968.52
13/08/2015,1983.46
12/08/2015,1975.47
11/08/2015,1986.65
10/08/2015,2003.17
07/08/2015,2010.23
06/08/2015,2013.29
05/08/2015,2029.76
04/08/2015,2027.99
03/08/2015,2008.49
31/07/2015,2030.16
30/07/2015,2019.03
29/07/2015,2037.62
28/07/2015,2039.1
27/07/2015,2038.81
24/07/2015,2045.96
23/07/2015,2065.07
22/07/2015,2064.73
21/07/2015,2083.62
20/07/2015,2073.31
17/07/2015,2076.79
16/07/2015,2087.89
15/07/2015,2072.91
14/07/2015,2059.23
13/07/2015,2061.52
10/07/2015,2031.17
09/07/2015,2027.81
08/07/2015,2016.21
07/07/2015,2040.29
06/07/2015,2053.93
03/07/2015,2104.41
02/07/2015,2107.33
01/07/2015,2097.89
30/06/2015,2074.2
29/06/2015,2060.49
26/06/2015,2090.26
25/06/2015,2085.06
24/06/2015,2085.53
23/06/2015,2081.2
22/06/2015,2055.16
19/06/2015,2046.96
18/06/2015,2041.88
17/06/2015,2034.86
16/06/2015,2028.72
15/06/2015,2042.32
12/06/2015,2052.17
11/06/2015,2056.61
10/06/2015,2051.32
09/06/2015,2064.03
08/06/2015,2065.19
05/06/2015,2068.1
04/06/2015,2072.86
03/06/2015,2063.16
02/06/2015,2078.64
01/06/2015,2102.37
29/05/2015,2114.8
28/05/2015,2110.89
27/05/2015,2107.5
26/05/2015,2143.5
22/05/2015,2146.1
21/05/2015,2122.81
20/05/2015,2139.54
19/05/2015,2120.85
18/05/2015,2113.72
15/05/2015,2106.5
14/05/2015,2120.33
13/05/2015,2114.16
12/05/2015,2096.77
11/05/2015,2097.38
08/05/2015,2085.52
07/05/2015,2091.0
06/05/2015,2104.58
04/05/2015,2132.23
30/04/2015,2127.17
29/04/2015,2142.63
28/04/2015,2147.67
27/04/2015,2157.54
24/04/2015,2159.8
23/04/2015,2173.41
22/04/2015,2143.89
21/04/2015,2144.79
20/04/2015,2146.71
17/04/2015,2143.5
16/04/2015,2139.9
15/04/2015,2119.96
14/04/2015,2111.72
13/04/2015,2098.92
10/04/2015,2087.76
09/04/2015,2058.87
08/04/2015,2059.26
07/04/2015,2047.03
06/04/2015,2046.43
03/04/2015,2045.42
02/04/2015,2029.07
01/04/2015,2028.45
31/03/2015,2041.03
30/03/2015,2030.04
27/03/2015,2019.8
26/03/2015,2022.56
25/03/2015,2042.81
24/03/2015,2041.37
23/03/2015,2036.59
20/03/2015,2037.24
19/03/2015,2037.89
18/03/2015,2028.45
17/03/2015,2029.91
16/03/2015,1987.33
13/03/2015,1985.79
12/03/2015,1970.59
11/03/2015,1980.83
10/03/2015,1984.77
09/03/2015,1992.82
06/03/2015,2012.94
05/03/2015,1998.38
04/03/2015,1998.29
03/03/2015,2001.38
02/03/2015,1996.81
27/02/2015,1985.8
26/02/2015,1993.08
25/02/2015,1990.47
24/02/2015,1976.12
23/02/2015,1968.39
17/02/2015,1961.45
16/02/2015,1958.23
13/02/2015,1957.5
12/02/2015,1941.63
11/02/2015,1945.7
10/02/2015,1935.86
09/02/2015,1947.0
06/02/2015,1955.52
05/02/2015,1952.84
04/02/2015,1962.79
03/02/2015,1951.96
02/02/2015,1952.68
30/01/2015,1949.26
29/01/2015,1951.02
28/01/2015,1961.58
27/01/2015,1952.4
26/01/2015,1935.68
23/01/2015,1936.09
22/01/2015,1920.82
21/01/2015,1921.23
20/01/2015,1918.31
19/01/2015,1902.62
16/01/2015,1888.13
15/01/2015,1914.14
14/01/2015,1913.66
13/01/2015,1917.14
12/01/2015,1920.95
09/01/2015,1924.7
08/01/2015,1904.65
07/01/2015,1883.83
06/01/2015,1882.45
05/01/2015,1915.75
02/01/2015,1926.44
30/12/2014,1915.59
29/12/2014,1927.86
26/12/2014,1948.16
24/12/2014,1946.61
23/12/2014,1939.02
22/12/2014,1943.12
19/12/2014,1929.98
18/12/2014,1897.5
17/12/2014,1900.16
16/12/2014,1904.13
15/12/2014,1920.36
12/12/2014,1921.71
11/12/2014,1916.59
10/12/2014,1945.56
09/12/2014,1970.95
08/12/2014,1978.95
05/12/2014,1986.62
04/12/2014,1986.61
03/12/2014,1969.91
02/12/2014,1965.83
01/12/2014,1965.22
28/11/2014,1980.78
27/11/2014,1982.09
26/11/2014,1980.84
25/11/2014,1980.21
24/11/2014,1978.54
21/11/2014,1964.84
20/11/2014,1958.04
19/11/2014,1966.87
18/11/2014,1967.01
17/11/2014,1943.63
14/11/2014,1945.14
13/11/2014,1960.51
12/11/2014,1967.27
11/11/2014,1963.0
10/11/2014,1958.23
07/11/2014,1939.87
06/11/2014,1936.48
05/11/2014,1931.43
04/11/2014,1935.19
03/11/2014,1952.97
31/10/2014,1964.43
30/10/2014,1958.93
29/10/2014,1961.17
28/10/2014,1925.68
27/10/2014,1931.97
24/10/2014,1925.69
23/10/2014,1931.65
22/10/2014,1936.97
21/10/2014,1915.28
20/10/2014,1930.06
17/10/2014,1900.66
16/10/2014,1918.83
15/10/2014,1925.91
14/10/2014,1929.25
13/10/2014,1927.21
10/10/2014,1940.92
08/10/2014,1965.25
07/10/2014,1972.91
06/10/2014,1968.39
02/10/2014,1976.16
01/10/2014,1991.54
30/09/2014,2020.09
29/09/2014,2026.6
26/09/2014,2031.64
25/09/2014,2034.11
24/09/2014,2035.64
23/09/2014,2028.91
22/09/2014,2039.27
19/09/2014,2053.82
18/09/2014,2047.74
17/09/2014,2062.61
16/09/2014,2042.92
15/09/2014,2035.82
12/09/2014,2041.86
11/09/2014,2034.16
05/09/2014,2049.41
04/09/2014,2056.26
03/09/2014,2051.2
02/09/2014,2051.58
01/09/2014,2067.86
29/08/2014,2068.54
28/08/2014,2075.76
27/08/2014,2074.93
26/08/2014,2068.05
25/08/2014,2060.89
22/08/2014,2056.7
21/08/2014,2044.21
20/08/2014,2072.78
19/08/2014,2071.14
18/08/2014,2053.13
14/08/2014,2063.22
13/08/2014,2062.36
12/08/2014,2041.47
11/08/2014,2039.37
08/08/2014,2031.1
07/08/2014,2054.51
06/08/2014,2060.73
05/08/2014,2066.26
04/08/2014,2080.42
01/08/2014,2073.1
31/07/2014,2076.12
30/07/2014,2082.61
29/07/2014,2061.97
28/07/2014,2048.81
25/07/2014,2033.85
24/07/2014,2026.62
23/07/2014,2028.32
22/07/2014,2028.93
21/07/2014,2018.5
18/07/2014,2019.42
17/07/2014,2020.9
16/07/2014,2013.48
15/07/2014,2012.72
14/07/2014,1993.88
11/07/2014,1988.74
10/07/2014,2002.84
09/07/2014,2000.5
08/07/2014,2006.66
07/07/2014,2005.12
04/07/2014,2009.66
03/07/2014,2010.97
02/07/2014,2015.28
01/07/2014,1999.0
30/06/2014,2002.21
27/06/2014,1988.51
26/06/2014,1995.05
25/06/2014,1981.77
24/06/2014,1994.35
23/06/2014,1974.92
20/06/2014,1968.07
19/06/2014,1992.03
18/06/2014,1989.49
17/06/2014,2001.55
16/06/2014,1993.59
13/06/2014,1990.85
12/06/2014,2011.65
11/06/2014,2014.67
10/06/2014,2011.8
09/06/2014,1990.04
05/06/2014,1995.48
03/06/2014,2008.56
02/06/2014,2002.0
30/05/2014,1994.96
29/05/2014,2012.26
28/05/2014,2017.06
27/05/2014,1997.63
26/05/2014,2010.35
23/05/2014,2017.17
22/05/2014,2015.59
21/05/2014,2008.33
20/05/2014,2011.26
19/05/2014,2015.14
16/05/2014,2013.44
15/05/2014,2010.2
14/05/2014,2010.83
13/05/2014,1982.93
12/05/2014,1964.94
09/05/2014,1956.55
08/05/2014,1950.6
07/05/2014,1939.88
02/05/2014,1959.44
30/04/2014,1961.79
29/04/2014,1964.77
28/04/2014,1969.26
25/04/2014,1971.66
24/04/2014,1998.34
23/04/2014,2000.37
22/04/2014,2004.22
21/04/2014,1999.22
18/04/2014,2004.28
17/04/2014,1992.05
16/04/2014,1992.21
15/04/2014,1992.27
14/04/2014,1997.02
11/04/2014,1997.44
10/04/2014,2008.61
09/04/2014,1998.95
08/04/2014,1993.03
07/04/2014,1989.7
04/04/2014,1988.09
03/04/2014,1993.7
02/04/2014,1997.25
01/04/2014,1991.98
31/03/2014,1985.61
28/03/2014,1981.0
27/03/2014,1977.97
26/03/2014,1964.31
25/03/2014,1941.25
24/03/2014,1945.55
21/03/2014,1934.94
20/03/2014,1919.52
19/03/2014,1937.68
18/03/2014,1940.21
17/03/2014,1927.53
14/03/2014,1919.9
13/03/2014,1934.38
12/03/2014,1932.54
11/03/2014,1963.87
10/03/2014,1954.42
07/03/2014,1974.68
06/03/2014,1975.62
05/03/2014,1971.24
04/03/2014,1954.11
03/03/2014,1964.69
28/02/2014,1979.99
27/02/2014,1978.43
26/02/2014,1970.77
25/02/2014,1964.86
24/02/2014,1949.05
21/02/2014,1957.83
20/02/2014,1930.57
19/02/2014,1942.93
18/02/2014,1946.91
17/02/2014,1946.36
14/02/2014,1940.28
13/02/2014,1926.96
12/02/2014,1935.84
11/02/2014,1932.06
10/02/2014,1923.3
07/02/2014,1922.5
06/02/2014,1907.89
05/02/2014,1891.32
04/02/2014,1886.85
03/02/2014,1919.96
29/01/2014,1941.15
28/01/2014,1916.93
27/01/2014,1910.34
24/01/2014,1940.56
23/01/2014,1947.59
22/01/2014,1970.42
21/01/2014,1963.89
20/01/2014,1953.78
17/01/2014,1944.48
16/01/2014,1957.32
15/01/2014,1953.28
14/01/2014,1946.07
13/01/2014,1948.92
10/01/2014,1938.54
09/01/2014,1946.11
08/01/2014,1958.96
07/01/2014,1959.44
06/01/2014,1953.28
03/01/2014,1946.14
02/01/2014,1967.19
31/12/2013,2011.34
30/12/2013,2011.34
27/12/2013,2002.28
26/12/2013,1999.3
24/12/2013,2001.59
23/12/2013,1996.89
20/12/2013,1983.35
19/12/2013,1975.65
18/12/2013,1974.63
17/12/2013,1965.74
16/12/2013,1961.15
13/12/2013,1962.91
12/12/2013,1967.93
11/12/2013,1977.97
10/12/2013,1993.45
09/12/2013,2000.38
06/12/2013,1980.41
05/12/2013,1984.77
04/12/2013,1986.8
03/12/2013,2009.36
02/12/2013,2030.78
29/11/2013,2044.87
28/11/2013,2045.77
27/11/2013,2028.81
26/11/2013,2022.64
25/11/2013,2015.98
22/11/2013,2006.23
21/11/2013,1993.78
20/11/2013,2017.24
19/11/2013,2031.64
18/11/2013,2010.81
15/11/2013,2005.64
14/11/2013,1967.56
13/11/2013,1963.56
12/11/2013,1995.48
11/11/2013,1977.3
08/11/2013,1984.87
07/11/2013,2004.04
06/11/2013,2013.67
05/11/2013,2013.93
04/11/2013,2025.17
01/11/2013,2039.42
31/10/2013,2030.09
30/10/2013,2059.58
29/10/2013,2051.76
28/10/2013,2048.14
25/10/2013,2034.39
24/10/2013,2046.69
23/10/2013,2035.75
22/10/2013,2056.12
21/10/2013,2053.01
18/10/2013,2052.4
17/10/2013,2040.61
16/10/2013,2034.61
15/10/2013,2040.96
14/10/2013,2020.27
11/10/2013,2024.9
10/10/2013,2001.4
08/10/2013,2002.76
07/10/2013,1994.42
04/10/2013,1996.98
02/10/2013,1999.47
01/10/2013,1998.87
30/09/2013,1996.96
27/09/2013,2011.8
26/09/2013,2007.32
25/09/2013,1998.06
24/09/2013,2007.1
23/09/2013,2009.41
17/09/2013,2005.58
16/09/2013,2013.37
13/09/2013,1994.32
12/09/2013,2004.06
11/09/2013,2003.85
10/09/2013,1994.06
09/09/2013,1974.67
06/09/2013,1955.31
05/09/2013,1951.65
04/09/2013,1933.03
03/09/2013,1933.74
02/09/2013,1924.81
30/08/2013,1926.36
29/08/2013,1907.54
28/08/2013,1884.52
27/08/2013,1885.84
26/08/2013,1887.86
23/08/2013,1870.16
22/08/2013,1849.12
21/08/2013,1867.46
20/08/2013,1887.85
19/08/2013,1917.64
16/08/2013,1920.11
14/08/2013,1923.91
13/08/2013,1913.03
12/08/2013,1884.83
09/08/2013,1880.71
08/08/2013,1883.97
07/08/2013,1878.33
06/08/2013,1906.62
05/08/2013,1916.22
02/08/2013,1923.38
01/08/2013,1920.74
31/07/2013,1914.03
30/07/2013,1917.05
29/07/2013,1899.89
26/07/2013,1910.81
25/07/2013,1909.61
24/07/2013,1912.08
23/07/2013,1904.15
22/07/2013,1880.35
19/07/2013,1871.41
18/07/2013,1875.48
17/07/2013,1887.49
16/07/2013,1866.36
15/07/2013,1875.16
12/07/2013,1869.98
11/07/2013,1877.6
10/07/2013,1824.16
09/07/2013,1830.35
08/07/2013,1816.85
05/07/2013,1833.31
04/07/2013,1839.14
03/07/2013,1824.66
02/07/2013,1855.02
01/07/2013,1855.73
28/06/2013,1863.32
27/06/2013,1834.7
26/06/2013,1783.45
25/06/2013,1780.63
24/06/2013,1799.01
21/06/2013,1822.83
20/06/2013,1850.49
19/06/2013,1888.31
18/06/2013,1900.62
17/06/2013,1883.1
14/06/2013,1889.24
13/06/2013,1882.73
12/06/2013,1909.91
11/06/2013,1920.68
10/06/2013,1932.7
07/06/2013,1923.85
05/06/2013,1959.19
04/06/2013,1989.51
03/06/2013,1989.57
31/05/2013,2001.05
30/05/2013,2000.1
29/05/2013,2001.2
28/05/2013,1986.22
27/05/2013,1979.97
24/05/2013,1973.45
23/05/2013,1969.19
22/05/2013,1993.83
21/05/2013,1981.09
20/05/2013,1982.43
16/05/2013,1986.81
15/05/2013,1971.26
14/05/2013,1968.83
13/05/2013,1948.7
10/05/2013,1944.75
09/05/2013,1979.45
08/05/2013,1956.45
07/05/2013,1954.35
06/05/2013,1961.48
03/05/2013,1965.71
02/05/2013,1957.21
30/04/2013,1963.95
29/04/2013,1940.7
26/04/2013,1944.56
25/04/2013,1951.6
24/04/2013,1935.31
23/04/2013,1918.63
22/04/2013,1926.31
19/04/2013,1906.75
18/04/2013,1900.06
17/04/2013,1923.84
16/04/2013,1922.21
15/04/2013,1920.45
12/04/2013,1924.23
11/04/2013,1949.8
10/04/2013,1935.58
09/04/2013,1920.74
08/04/2013,1918.69
05/04/2013,1927.23
04/04/2013,1959.45
03/04/2013,1983.22
02/04/2013,1986.15
01/04/2013,1995.99
29/03/2013,2004.89
28/03/2013,1993.52
27/03/2013,1993.44
26/03/2013,1983.7
25/03/2013,1977.67
22/03/2013,1948.71
21/03/2013,1950.82
20/03/2013,1959.41
19/03/2013,1978.56
18/03/2013,1968.18
15/03/2013,1986.5
14/03/2013,2002.13
13/03/2013,1999.73
12/03/2013,1993.34
11/03/2013,2003.35
08/03/2013,2006.01
07/03/2013,2004.4
06/03/2013,2020.74
05/03/2013,2016.61
04/03/2013,2013.15
28/02/2013,2026.49
27/02/2013,2004.04
26/02/2013,2000.01
25/02/2013,2009.52
22/02/2013,2018.89
21/02/2013,2015.22
20/02/2013,2024.64
19/02/2013,1985.83
18/02/2013,1981.91
15/02/2013,1981.18
14/02/2013,1979.61
13/02/2013,1976.07
12/02/2013,1945.79
08/02/2013,1950.9
07/02/2013,1931.77
06/02/2013,1936.19
05/02/2013,1938.18
04/02/2013,1953.21
01/02/2013,1957.79
31/01/2013,1961.94
30/01/2013,1964.43
29/01/2013,1955.96
28/01/2013,1939.71
25/01/2013,1946.69
24/01/2013,1964.48
23/01/2013,1980.41
22/01/2013,1996.52
21/01/2013,1986.86
18/01/2013,1987.85
17/01/2013,1974.27
16/01/2013,1977.45
15/01/2013,1983.74
14/01/2013,2007.04
11/01/2013,1996.67
10/01/2013,2006.8
09/01/2013,1991.81
08/01/2013,1997.94
07/01/2013,2011.25
04/01/2013,2011.94
03/01/2013,2019.41
02/01/2013,2031.1
28/12/2012,1997.05
27/12/2012,1987.35
26/12/2012,1982.25
24/12/2012,1981.82
21/12/2012,1980.42
20/12/2012,1999.5
18/12/2012,1993.09
17/12/2012,1983.07
14/12/2012,1995.04
13/12/2012,2002.77
12/12/2012,1975.44
11/12/2012,1964.62
10/12/2012,1957.42
07/12/2012,1957.45
06/12/2012,1949.62
05/12/2012,1947.04
04/12/2012,1935.18
03/12/2012,1940.02
30/11/2012,1932.9
29/11/2012,1934.85
28/11/2012,1912.78
27/11/2012,1925.2
26/11/2012,1908.51
23/11/2012,1911.33
22/11/2012,1899.5
21/11/2012,1884.04
20/11/2012,1890.18
19/11/2012,1878.1
16/11/2012,1860.83
15/11/2012,1870.72
14/11/2012,1894.04
13/11/2012,1889.7
12/11/2012,1900.87
09/11/2012,1904.41
08/11/2012,1914.41
07/11/2012,1937.55
06/11/2012,1928.17
05/11/2012,1908.22
02/11/2012,1918.72
01/11/2012,1898.44
31/10/2012,1912.06
30/10/2012,1899.58
29/10/2012,1891.52
26/10/2012,1891.43
25/10/2012,1924.5
24/10/2012,1913.96
23/10/2012,1926.81
22/10/2012,1941.59
19/10/2012,1943.84
18/10/2012,1959.12
17/10/2012,1955.15
16/10/2012,1941.54
15/10/2012,1925.59
12/10/2012,1933.26
11/10/2012,1933.09
10/10/2012,1948.22
09/10/2012,1979.04
08/10/2012,1981.89
05/10/2012,1995.17
04/10/2012,1992.68
02/10/2012,1996.03
28/09/2012,1996.21
27/09/2012,1988.7
26/09/2012,1980.44
25/09/2012,1991.41
24/09/2012,2003.44
21/09/2012,2002.37
20/09/2012,1990.33
19/09/2012,2007.88
18/09/2012,2004.96
17/09/2012,2002.35
14/09/2012,2007.58
13/09/2012,1950.69
12/09/2012,1950.03
11/09/2012,1920.0
10/09/2012,1924.7
07/09/2012,1929.58
06/09/2012,1881.24
05/09/2012,1874.03
04/09/2012,1907.13
03/09/2012,1912.71
31/08/2012,1905.12
30/08/2012,1906.38
29/08/2012,1928.54
28/08/2012,1916.33
27/08/2012,1917.87
24/08/2012,1919.81
23/08/2012,1942.54
22/08/2012,1935.19
21/08/2012,1943.22
20/08/2012,1946.31
17/08/2012,1946.54
16/08/2012,1957.91
14/08/2012,1956.96
13/08/2012,1932.44
10/08/2012,1946.4
09/08/2012,1940.59
08/08/2012,1903.23
07/08/2012,1886.8
06/08/2012,1885.88
03/08/2012,1848.68
02/08/2012,1869.4
01/08/2012,1879.93
31/07/2012,1881.99
30/07/2012,1843.79
27/07/2012,1829.16
26/07/2012,1782.47
25/07/2012,1769.31
24/07/2012,1793.93
23/07/2012,1789.44
20/07/2012,1822.93
19/07/2012,1822.96
18/07/2012,1794.91
17/07/2012,1821.96
16/07/2012,1817.79
13/07/2012,1812.89
12/07/2012,1785.39
11/07/2012,1826.39
10/07/2012,1829.45
09/07/2012,1836.13
06/07/2012,1858.2
05/07/2012,1875.49
04/07/2012,1874.45
03/07/2012,1867.82
02/07/2012,1851.65
29/06/2012,1854.01
28/06/2012,1819.18
27/06/2012,1817.65
26/06/2012,1817.81
25/06/2012,1825.38
22/06/2012,1847.39
21/06/2012,1889.15
20/06/2012,1904.12
19/06/2012,1891.77
18/06/2012,1891.71
15/06/2012,1858.16
14/06/2012,1871.48
13/06/2012,1859.32
12/06/2012,1854.74
11/06/2012,1867.04
08/06/2012,1835.64
07/06/2012,1847.95
05/06/2012,1801.85
04/06/2012,1783.13
01/06/2012,1834.51
31/05/2012,1843.47
30/05/2012,1844.86
29/05/2012,1849.91
25/05/2012,1824.17
24/05/2012,1814.47
23/05/2012,1808.62
22/05/2012,1828.69
21/05/2012,1799.13
18/05/2012,1782.46
17/05/2012,1845.24
16/05/2012,1840.53
15/05/2012,1898.96
14/05/2012,1913.73
11/05/2012,1917.13
10/05/2012,1944.93
09/05/2012,1950.29
08/05/2012,1967.01
07/05/2012,1956.44
04/05/2012,1989.15
03/05/2012,1995.11
02/05/2012,1999.07
30/04/2012,1981.99
27/04/2012,1975.35
26/04/2012,1964.04
25/04/2012,1961.98
24/04/2012,1963.42
23/04/2012,1972.63
20/04/2012,1974.65
19/04/2012,1999.86
18/04/2012,2004.53
17/04/2012,1985.3
16/04/2012,1992.63
13/04/2012,2008.91
12/04/2012,1986.63
10/04/2012,1994.41
09/04/2012,1997.08
06/04/2012,2029.03
05/04/2012,2028.77
04/04/2012,2018.61
03/04/2012,2049.28
02/04/2012,2029.29
30/03/2012,2014.04
29/03/2012,2014.41
28/03/2012,2031.74
27/03/2012,2039.76
26/03/2012,2019.19
23/03/2012,2026.83
22/03/2012,2026.12
21/03/2012,2027.23
20/03/2012,2042.15
19/03/2012,2047.0
16/03/2012,2034.44
15/03/2012,2043.76
14/03/2012,2045.08
13/03/2012,2025.04
12/03/2012,2002.5
09/03/2012,2018.3
08/03/2012,2000.76
07/03/2012,1982.15
06/03/2012,2000.36
05/03/2012,2016.06
02/03/2012,2034.63
29/02/2012,2030.25
28/02/2012,2003.69
27/02/2012,1991.16
24/02/2012,2019.89
23/02/2012,2007.8
22/02/2012,2028.65
21/02/2012,2024.24
20/02/2012,2024.9
17/02/2012,2023.47
16/02/2012,1997.45
15/02/2012,2025.32
14/02/2012,2002.64
13/02/2012,2005.74
10/02/2012,1993.71
09/02/2012,2014.62
08/02/2012,2003.73
07/02/2012,1981.59
06/02/2012,1973.13
03/02/2012,1972.34
02/02/2012,1984.3
01/02/2012,1959.24
31/01/2012,1955.79
30/01/2012,1940.55
27/01/2012,1964.83
26/01/2012,1957.18
25/01/2012,1952.23
20/01/2012,1949.89
19/01/2012,1914.97
18/01/2012,1892.39
17/01/2012,1892.74
16/01/2012,1859.27
13/01/2012,1875.68
12/01/2012,1864.57
11/01/2012,1845.55
10/01/2012,1853.22
09/01/2012,1826.49
06/01/2012,1843.14
05/01/2012,1863.74
04/01/2012,1866.22
03/01/2012,1875.41
02/01/2012,1826.37
29/12/2011,1825.74
28/12/2011,1825.12
27/12/2011,1842.02
26/12/2011,1856.7
23/12/2011,1867.22
22/12/2011,1847.49
21/12/2011,1848.41
20/12/2011,1793.06
19/12/2011,1776.93
16/12/2011,1839.96
15/12/2011,1819.11
14/12/2011,1857.75
13/12/2011,1864.06
12/12/2011,1899.76
09/12/2011,1874.75
08/12/2011,1912.39
07/12/2011,1919.42
06/12/2011,1902.82
05/12/2011,1922.9
02/12/2011,1916.04
01/12/2011,1916.18
30/11/2011,1847.51
29/11/2011,1856.52
28/11/2011,1815.28
25/11/2011,1776.4
24/11/2011,1795.06
23/11/2011,1783.1
22/11/2011,1826.28
21/11/2011,1820.03
18/11/2011,1839.17
17/11/2011,1876.67
16/11/2011,1856.07
15/11/2011,1886.12
14/11/2011,1902.81
11/11/2011,1863.45
10/11/2011,1813.25
09/11/2011,1907.53
08/11/2011,1903.14
07/11/2011,1919.1
04/11/2011,1928.41
03/11/2011,1869.96
02/11/2011,1898.01
01/11/2011,1909.63
31/10/2011,1909.03
28/10/2011,1929.48
27/10/2011,1922.04
26/10/2011,1894.31
25/10/2011,1888.65
24/10/2011,1898.32
21/10/2011,1838.38
20/10/2011,1805.09
19/10/2011,1855.92
18/10/2011,1838.9
17/10/2011,1865.18
14/10/2011,1835.4
13/10/2011,1823.1
12/10/2011,1809.5
11/10/2011,1795.02
10/10/2011,1766.44
07/10/2011,1759.77
06/10/2011,1710.32
05/10/2011,1666.52
04/10/2011,1706.19
30/09/2011,1769.65
29/09/2011,1769.29
28/09/2011,1723.09
27/09/2011,1735.71
26/09/2011,1652.71
23/09/2011,1697.44
22/09/2011,1800.55
21/09/2011,1854.28
20/09/2011,1837.97
19/09/2011,1820.94
16/09/2011,1840.1
15/09/2011,1774.08
14/09/2011,1749.16
09/09/2011,1812.93
08/09/2011,1846.64
07/09/2011,1833.46
06/09/2011,1766.71
05/09/2011,1785.83
02/09/2011,1867.75
01/09/2011,1880.7
31/08/2011,1880.11
30/08/2011,1843.82
29/08/2011,1829.5
26/08/2011,1778.95
25/08/2011,1764.58
24/08/2011,1754.78
23/08/2011,1776.68
22/08/2011,1710.7
19/08/2011,1744.88
18/08/2011,1860.58
17/08/2011,1892.67
16/08/2011,1879.87
12/08/2011,1793.31
11/08/2011,1817.44
10/08/2011,1806.24
09/08/2011,1801.35
08/08/2011,1869.45
05/08/2011,1943.75
04/08/2011,2018.47
03/08/2011,2066.26
02/08/2011,2121.27
01/08/2011,2172.31
29/07/2011,2133.21
28/07/2011,2155.85
27/07/2011,2174.31
26/07/2011,2168.7
25/07/2011,2150.48
22/07/2011,2171.23
21/07/2011,2145.04
20/07/2011,2154.95
19/07/2011,2130.21
18/07/2011,2130.48
15/07/2011,2145.2
14/07/2011,2130.07
13/07/2011,2129.64
12/07/2011,2109.73
11/07/2011,2157.16
08/07/2011,2180.35
07/07/2011,2180.59
06/07/2011,2171.19
05/07/2011,2161.75
04/07/2011,2145.3
01/07/2011,2125.74
30/06/2011,2100.69
29/06/2011,2094.42
28/06/2011,2062.91
27/06/2011,2070.29
24/06/2011,2090.81
23/06/2011,2055.86
22/06/2011,2063.9
21/06/2011,2048.17
20/06/2011,2019.65
17/06/2011,2031.93
16/06/2011,2046.63
15/06/2011,2086.53
14/06/2011,2076.83
13/06/2011,2048.74
10/06/2011,2046.67
09/06/2011,2071.42
08/06/2011,2083.35
07/06/2011,2099.71
03/06/2011,2113.47
02/06/2011,2114.2
01/06/2011,2141.34
31/05/2011,2142.47
30/05/2011,2093.79
27/05/2011,2100.24
26/05/2011,2091.91
25/05/2011,2035.87
24/05/2011,2061.76
23/05/2011,2055.71
20/05/2011,2111.5
19/05/2011,2095.51
18/05/2011,2135.78
17/05/2011,2102.41
16/05/2011,2104.18
13/05/2011,2120.08
12/05/2011,2122.65
11/05/2011,2166.63
09/05/2011,2139.17
06/05/2011,2147.45
04/05/2011,2180.64
03/05/2011,2200.73
02/05/2011,2228.96
29/04/2011,2192.36
28/04/2011,2208.35
27/04/2011,2206.7
26/04/2011,2206.3
25/04/2011,2216.0
22/04/2011,2197.82
21/04/2011,2198.54
20/04/2011,2169.91
19/04/2011,2122.68
18/04/2011,2137.72
15/04/2011,2140.5
14/04/2011,2141.06
13/04/2011,2121.92
12/04/2011,2089.4
11/04/2011,2122.39
08/04/2011,2127.97
07/04/2011,2122.14
06/04/2011,2126.71
05/04/2011,2130.43
04/04/2011,2115.87
01/04/2011,2121.01
31/03/2011,2106.7
30/03/2011,2091.38
29/03/2011,2072.13
28/03/2011,2056.39
25/03/2011,2054.04
24/03/2011,2036.78
23/03/2011,2012.18
22/03/2011,2013.66
21/03/2011,2003.42
18/03/2011,1981.13
17/03/2011,1959.03
16/03/2011,1957.97
15/03/2011,1923.92
14/03/2011,1971.23
11/03/2011,1955.54
10/03/2011,1981.58
09/03/2011,2001.47
08/03/2011,1996.32
07/03/2011,1980.27
04/03/2011,2004.68
03/03/2011,1970.66
02/03/2011,1928.24
28/02/2011,1939.3
25/02/2011,1963.43
24/02/2011,1949.88
23/02/2011,1961.63
22/02/2011,1969.92
21/02/2011,2005.3
18/02/2011,2013.14
17/02/2011,1977.22
16/02/2011,1989.11
15/02/2011,2010.52
14/02/2011,2014.59
11/02/2011,1977.19
10/02/2011,2008.5
09/02/2011,2045.58
08/02/2011,2069.7
07/02/2011,2081.74
01/02/2011,2072.03
31/01/2011,2069.73
28/01/2011,2107.87
27/01/2011,2115.01
26/01/2011,2110.46
25/01/2011,2086.67
24/01/2011,2082.16
21/01/2011,2069.92
20/01/2011,2106.66
19/01/2011,2115.69
18/01/2011,2096.48
17/01/2011,2099.85
14/01/2011,2108.17
13/01/2011,2089.48
12/01/2011,2094.95
11/01/2011,2088.32
10/01/2011,2080.81
07/01/2011,2086.2
06/01/2011,2077.61
05/01/2011,2082.55
04/01/2011,2085.14
03/01/2011,2070.08
30/12/2010,2051.0
29/12/2010,2043.49
28/12/2010,2033.32
27/12/2010,2022.19
24/12/2010,2029.6
23/12/2010,2037.53
22/12/2010,2038.11
21/12/2010,2037.09
20/12/2010,2020.28
17/12/2010,2026.3
16/12/2010,2009.24
15/12/2010,2017.48
14/12/2010,2009.05
13/12/2010,1996.59
10/12/2010,1986.14
09/12/2010,1988.96
08/12/2010,1955.72
07/12/2010,1962.52
06/12/2010,1953.64
03/12/2010,1957.26
02/12/2010,1950.26
01/12/2010,1929.32
30/11/2010,1904.63
29/11/2010,1895.54
26/11/2010,1901.8
25/11/2010,1927.68
24/11/2010,1925.98
23/11/2010,1928.94
22/11/2010,1944.34
19/11/2010,1940.96
18/11/2010,1927.86
17/11/2010,1897.11
16/11/2010,1899.13
15/11/2010,1913.81
12/11/2010,1913.12
11/11/2010,1914.73
10/11/2010,1967.85
09/11/2010,1947.46
08/11/2010,1942.41
05/11/2010,1938.96
04/11/2010,1942.5
03/11/2010,1935.97
02/11/2010,1918.04
01/11/2010,1914.74
29/10/2010,1882.95
28/10/2010,1907.87
27/10/2010,1909.54
26/10/2010,1919.41
25/10/2010,1915.71
22/10/2010,1897.31
21/10/2010,1874.69
20/10/2010,1870.44
19/10/2010,1857.32
18/10/2010,1875.42
15/10/2010,1902.29
14/10/2010,1899.76
13/10/2010,1876.15
12/10/2010,1868.04
11/10/2010,1889.91
08/10/2010,1897.07
07/10/2010,1900.85
06/10/2010,1903.95
05/10/2010,1878.94
04/10/2010,1879.29
01/10/2010,1876.73
30/09/2010,1872.81
29/09/2010,1866.45
28/09/2010,1855.97
27/09/2010,1860.83
24/09/2010,1846.6
20/09/2010,1832.63
17/09/2010,1827.35
16/09/2010,1811.85
15/09/2010,1823.88
14/09/2010,1815.25
13/09/2010,1818.86
10/09/2010,1802.58
09/09/2010,1784.36
08/09/2010,1779.22
07/09/2010,1787.74
06/09/2010,1792.42
03/09/2010,1780.02
02/09/2010,1775.73
01/09/2010,1764.69
31/08/2010,1742.75
30/08/2010,1760.13
27/08/2010,1729.56
26/08/2010,1729.76
25/08/2010,1734.79
24/08/2010,1760.53
23/08/2010,1767.71
20/08/2010,1775.54
19/08/2010,1779.64
18/08/2010,1761.99
17/08/2010,1755.03
16/08/2010,1743.31
13/08/2010,1746.24
12/08/2010,1721.75
11/08/2010,1758.19
10/08/2010,1781.13
09/08/2010,1790.17
06/08/2010,1783.83
05/08/2010,1783.86
04/08/2010,1789.26
03/08/2010,1790.6
02/08/2010,1782.27
30/07/2010,1759.33
29/07/2010,1770.88
28/07/2010,1773.47
27/07/2010,1768.31
26/07/2010,1769.07
23/07/2010,1758.06
22/07/2010,1735.53
21/07/2010,1748.78
20/07/2010,1736.77
19/07/2010,1731.95
16/07/2010,1738.45
15/07/2010,1751.29
14/07/2010,1758.01
13/07/2010,1735.08
12/07/2010,1734.05
09/07/2010,1723.01
08/07/2010,1698.64
07/07/2010,1675.65
06/07/2010,1684.94
05/07/2010,1675.37
02/07/2010,1671.82
01/07/2010,1686.24
30/06/2010,1698.29
29/06/2010,1707.76
28/06/2010,1732.03
25/06/2010,1729.84
24/06/2010,1739.87
23/06/2010,1725.82
22/06/2010,1731.48
21/06/2010,1739.68
18/06/2010,1711.95
17/06/2010,1707.92
16/06/2010,1705.33
15/06/2010,1690.03
14/06/2010,1690.6
11/06/2010,1675.34
10/06/2010,1651.7
09/06/2010,1647.22
08/06/2010,1651.48
07/06/2010,1637.97
04/06/2010,1664.13
03/06/2010,1661.84
01/06/2010,1630.4
31/05/2010,1641.25
28/05/2010,1622.78
27/05/2010,1607.5
26/05/2010,1582.12
25/05/2010,1560.83
24/05/2010,1604.93
20/05/2010,1600.18
19/05/2010,1630.08
18/05/2010,1643.24
17/05/2010,1651.51
14/05/2010,1695.63
13/05/2010,1694.58
12/05/2010,1663.03
11/05/2010,1670.24
10/05/2010,1677.63
07/05/2010,1647.5
06/05/2010,1684.71
04/05/2010,1718.75
03/05/2010,1721.21
30/04/2010,1741.56
29/04/2010,1728.42
28/04/2010,1733.91
27/04/2010,1749.55
26/04/2010,1752.2
23/04/2010,1737.03
22/04/2010,1739.52
21/04/2010,1747.58
20/04/2010,1718.03
19/04/2010,1705.3
16/04/2010,1734.49
15/04/2010,1743.91
14/04/2010,1735.33
13/04/2010,1710.59
12/04/2010,1710.3
09/04/2010,1724.47
08/04/2010,1733.78
07/04/2010,1726.6
06/04/2010,1726.09
05/04/2010,1724.99
02/04/2010,1723.49
01/04/2010,1719.17
31/03/2010,1692.85
30/03/2010,1700.19
29/03/2010,1691.99
26/03/2010,1697.72
25/03/2010,1688.39
24/03/2010,1681.01
23/03/2010,1681.82
22/03/2010,1672.67
19/03/2010,1686.11
18/03/2010,1675.17
17/03/2010,1682.86
16/03/2010,1648.01
15/03/2010,1649.5
12/03/2010,1662.74
11/03/2010,1656.62
10/03/2010,1662.24
09/03/2010,1660.83
08/03/2010,1660.04
05/03/2010,1634.57
04/03/2010,1618.2
03/03/2010,1622.44
02/03/2010,1615.12
26/02/2010,1594.58
25/02/2010,1587.51
24/02/2010,1612.83
23/02/2010,1628.9
22/02/2010,1627.1
19/02/2010,1593.9
18/02/2010,1621.19
17/02/2010,1627.43
16/02/2010,1601.05
12/02/2010,1593.66
11/02/2010,1597.81
10/02/2010,1570.12
09/02/2010,1570.49
08/02/2010,1552.79
05/02/2010,1567.12
04/02/2010,1616.42
03/02/2010,1615.02
02/02/2010,1595.81
01/02/2010,1606.44
29/01/2010,1602.43
28/01/2010,1642.43
27/01/2010,1625.48
26/01/2010,1637.34
25/01/2010,1670.2
22/01/2010,1684.35
21/01/2010,1722.01
20/01/2010,1714.38
19/01/2010,1710.22
18/01/2010,1711.78
15/01/2010,1701.8
14/01/2010,1685.77
13/01/2010,1671.41
12/01/2010,1698.64
11/01/2010,1694.12
08/01/2010,1695.26
07/01/2010,1683.45
06/01/2010,1705.32
05/01/2010,1690.62
04/01/2010,1696.14
30/12/2009,1682.77
29/12/2009,1672.48
28/12/2009,1685.59
24/12/2009,1682.34
23/12/2009,1661.35
22/12/2009,1655.54
21/12/2009,1644.23
18/12/2009,1647.04
17/12/2009,1647.84
16/12/2009,1664.24
15/12/2009,1665.85
14/12/2009,1664.77
11/12/2009,1656.9
10/12/2009,1652.73
09/12/2009,1634.17
08/12/2009,1627.78
07/12/2009,1632.65
04/12/2009,1624.76
03/12/2009,1615.0
02/12/2009,1591.63
01/12/2009,1569.72
30/11/2009,1555.6
27/11/2009,1524.5
26/11/2009,1599.52
25/11/2009,1611.88
24/11/2009,1606.42
23/11/2009,1619.05
20/11/2009,1620.6
19/11/2009,1620.54
18/11/2009,1603.97
17/11/2009,1585.98
16/11/2009,1592.47
13/11/2009,1571.99
12/11/2009,1572.73
11/11/2009,1594.82
10/11/2009,1582.3
09/11/2009,1576.79
06/11/2009,1572.46
05/11/2009,1552.24
04/11/2009,1579.93
03/11/2009,1549.92
02/11/2009,1559.09
30/10/2009,1580.69
29/10/2009,1585.85
28/10/2009,1609.71
27/10/2009,1649.53
26/10/2009,1657.11
23/10/2009,1640.17
22/10/2009,1630.33
21/10/2009,1653.86
20/10/2009,1659.15
19/10/2009,1649.07
16/10/2009,1640.36
15/10/2009,1658.99
14/10/2009,1649.09
13/10/2009,1628.93
12/10/2009,1639.81
09/10/2009,1646.79
08/10/2009,1615.46
07/10/2009,1598.0
06/10/2009,1598.44
05/10/2009,1606.9
01/10/2009,1644.63
30/09/2009,1673.14
29/09/2009,1690.05
28/09/2009,1675.55
25/09/2009,1691.48
24/09/2009,1693.88
23/09/2009,1711.47
22/09/2009,1718.88
21/09/2009,1695.5
18/09/2009,1699.71
17/09/2009,1695.47
16/09/2009,1683.33
15/09/2009,1653.4
14/09/2009,1634.91
11/09/2009,1651.7
10/09/2009,1644.68
09/09/2009,1607.77
08/09/2009,1619.69
07/09/2009,1608.57
04/09/2009,1608.9
03/09/2009,1613.53
02/09/2009,1613.16
01/09/2009,1623.06
31/08/2009,1591.85
28/08/2009,1607.94
27/08/2009,1599.33
26/08/2009,1614.12
25/08/2009,1601.38
24/08/2009,1612.22
21/08/2009,1580.98
20/08/2009,1576.39
19/08/2009,1545.96
18/08/2009,1550.24
17/08/2009,1547.06
14/08/2009,1591.41
13/08/2009,1564.64
12/08/2009,1565.35
11/08/2009,1579.21
10/08/2009,1576.11
07/08/2009,1576.0
06/08/2009,1565.04
05/08/2009,1559.47
04/08/2009,1566.37
03/08/2009,1564.98
31/07/2009,1557.29
30/07/2009,1534.74
29/07/2009,1524.32
28/07/2009,1526.03
27/07/2009,1524.05
24/07/2009,1502.59
23/07/2009,1496.49
22/07/2009,1494.04
21/07/2009,1488.99
20/07/2009,1478.51
17/07/2009,1440.1
16/07/2009,1432.22
15/07/2009,1420.86
14/07/2009,1385.56
13/07/2009,1378.12
10/07/2009,1428.62
09/07/2009,1430.89
08/07/2009,1431.02
07/07/2009,1434.2
06/07/2009,1428.94
03/07/2009,1420.04
02/07/2009,1411.48
01/07/2009,1411.66
30/06/2009,1390.07
29/06/2009,1388.45
26/06/2009,1394.53
25/06/2009,1392.73
24/06/2009,1363.79
23/06/2009,1360.54
22/06/2009,1399.71
19/06/2009,1383.34
18/06/2009,1375.76
17/06/2009,1391.17
16/06/2009,1399.15
15/06/2009,1412.42
12/06/2009,1428.59
11/06/2009,1419.39
10/06/2009,1414.88
09/06/2009,1371.84
08/06/2009,1393.3
05/06/2009,1394.71
04/06/2009,1378.14
03/06/2009,1414.89
02/06/2009,1412.85
01/06/2009,1415.1
29/05/2009,1395.89
28/05/2009,1392.17
27/05/2009,1362.02
26/05/2009,1372.04
25/05/2009,1400.9
22/05/2009,1403.75
21/05/2009,1421.65
20/05/2009,1435.7
19/05/2009,1428.21
18/05/2009,1386.68
15/05/2009,1391.73
14/05/2009,1380.95
13/05/2009,1414.52
12/05/2009,1403.51
11/05/2009,1415.16
08/05/2009,1412.13
07/05/2009,1401.08
06/05/2009,1393.45
04/05/2009,1397.92
30/04/2009,1369.36
29/04/2009,1338.42
28/04/2009,1300.24
27/04/2009,1339.83
24/04/2009,1354.1
23/04/2009,1368.8
22/04/2009,1356.02
21/04/2009,1336.81
20/04/2009,1336.39
17/04/2009,1329.0
16/04/2009,1336.72
15/04/2009,1333.09
14/04/2009,1342.63
13/04/2009,1338.26
10/04/2009,1336.04
09/04/2009,1316.35
08/04/2009,1262.07
07/04/2009,1300.1
06/04/2009,1297.85
03/04/2009,1283.75
02/04/2009,1276.97
01/04/2009,1233.36
31/03/2009,1206.26
30/03/2009,1197.46
27/03/2009,1237.51
26/03/2009,1243.8
25/03/2009,1229.02
24/03/2009,1221.7
23/03/2009,1199.5
20/03/2009,1170.94
19/03/2009,1161.81
18/03/2009,1169.95
17/03/2009,1163.88
16/03/2009,1125.46
13/03/2009,1126.03
12/03/2009,1128.39
11/03/2009,1127.51
10/03/2009,1092.2
09/03/2009,1071.73
06/03/2009,1055.03
05/03/2009,1058.18
04/03/2009,1059.26
03/03/2009,1025.57
02/03/2009,1018.81
27/02/2009,1063.03
26/02/2009,1054.79
25/02/2009,1067.08
24/02/2009,1063.88
23/02/2009,1099.55
20/02/2009,1065.95
19/02/2009,1107.1
18/02/2009,1113.19
17/02/2009,1127.19
16/02/2009,1175.47
13/02/2009,1192.44
12/02/2009,1179.84
11/02/2009,1190.18
10/02/2009,1198.87
09/02/2009,1202.69
06/02/2009,1210.26
05/02/2009,1177.88
04/02/2009,1195.37
03/02/2009,1163.2
02/02/2009,1146.95
30/01/2009,1162.11
29/01/2009,1166.56
28/01/2009,1157.98
23/01/2009,1093.4
22/01/2009,1116.23
21/01/2009,1103.61
20/01/2009,1126.81
19/01/2009,1150.65
16/01/2009,1135.2
15/01/2009,1111.34
14/01/2009,1182.68
13/01/2009,1167.71
12/01/2009,1156.75
09/01/2009,1180.96
08/01/2009,1205.7
07/01/2009,1228.17
06/01/2009,1194.28
05/01/2009,1173.57
02/01/2009,1157.4
30/12/2008,1124.47
29/12/2008,1117.59
26/12/2008,1117.86
24/12/2008,1128.51
23/12/2008,1144.31
22/12/2008,1179.61
19/12/2008,1180.97
18/12/2008,1175.91
17/12/2008,1169.75
16/12/2008,1161.56
15/12/2008,1158.19
12/12/2008,1103.82
11/12/2008,1154.43
10/12/2008,1145.87
09/12/2008,1105.84
08/12/2008,1105.05
05/12/2008,1028.13
04/12/2008,1006.54
03/12/2008,1022.67
02/12/2008,1023.2
01/12/2008,1058.62
28/11/2008,1076.07
27/11/2008,1063.48
26/11/2008,1029.78
25/11/2008,983.32
24/11/2008,970.14
21/11/2008,1003.73
20/11/2008,948.69
19/11/2008,1016.82
18/11/2008,1036.16
17/11/2008,1078.32
14/11/2008,1088.26
13/11/2008,1088.44
12/11/2008,1123.86
11/11/2008,1128.73
10/11/2008,1152.46
07/11/2008,1134.49
06/11/2008,1092.22
05/11/2008,1181.5
04/11/2008,1153.35
03/11/2008,1129.08
31/10/2008,1113.06
30/10/2008,1084.72
29/10/2008,968.97
28/10/2008,999.16
27/10/2008,946.45
24/10/2008,938.75
23/10/2008,1049.71
22/10/2008,1134.59
21/10/2008,1196.1
20/10/2008,1207.63
17/10/2008,1180.67
16/10/2008,1213.78
15/10/2008,1340.28
14/10/2008,1367.69
13/10/2008,1288.53
10/10/2008,1241.47
09/10/2008,1294.89
08/10/2008,1286.69
07/10/2008,1366.1
06/10/2008,1358.75
02/10/2008,1419.65
01/10/2008,1439.67
30/09/2008,1448.06
29/09/2008,1456.36
26/09/2008,1476.33
25/09/2008,1501.63
24/09/2008,1495.98
23/09/2008,1481.37
22/09/2008,1460.34
19/09/2008,1455.78
18/09/2008,1392.42
17/09/2008,1425.26
16/09/2008,1387.75
12/09/2008,1477.92
11/09/2008,1443.24
10/09/2008,1464.98
09/09/2008,1454.5
08/09/2008,1476.65
05/09/2008,1404.38
04/09/2008,1426.43
03/09/2008,1426.89
02/09/2008,1407.14
01/09/2008,1414.43
29/08/2008,1474.24
28/08/2008,1474.15
27/08/2008,1493.92
26/08/2008,1490.25
25/08/2008,1502.11
22/08/2008,1496.91
21/08/2008,1512.59
20/08/2008,1540.71
19/08/2008,1541.41
18/08/2008,1567.71
14/08/2008,1572.19
13/08/2008,1562.72
12/08/2008,1577.12
11/08/2008,1581.09
08/08/2008,1568.72
07/08/2008,1564.0
06/08/2008,1578.71
05/08/2008,1535.54
04/08/2008,1543.05
01/08/2008,1573.77
31/07/2008,1594.67
30/07/2008,1577.7
29/07/2008,1567.2
28/07/2008,1598.29
25/07/2008,1597.93
24/07/2008,1626.14
23/07/2008,1591.76
22/07/2008,1561.23
21/07/2008,1562.92
18/07/2008,1509.99
17/07/2008,1525.56
16/07/2008,1507.4
15/07/2008,1509.33
14/07/2008,1558.62
11/07/2008,1567.51
10/07/2008,1537.43
09/07/2008,1519.38
08/07/2008,1533.47
07/07/2008,1579.72
04/07/2008,1577.94
03/07/2008,1606.54
02/07/2008,1623.6
01/07/2008,1666.46
30/06/2008,1674.92
27/06/2008,1684.45
26/06/2008,1717.66
25/06/2008,1717.79
24/06/2008,1710.84
23/06/2008,1715.59
20/06/2008,1731.0
19/06/2008,1740.72
18/06/2008,1774.13
17/06/2008,1750.71
16/06/2008,1760.82
13/06/2008,1747.35
12/06/2008,1739.36
11/06/2008,1781.67
10/06/2008,1774.38
09/06/2008,1808.96
05/06/2008,1832.31
04/06/2008,1833.81
03/06/2008,1819.39
02/06/2008,1847.53
30/05/2008,1852.02
29/05/2008,1841.22
28/05/2008,1805.64
27/05/2008,1825.23
26/05/2008,1800.58
23/05/2008,1827.94
22/05/2008,1835.42
21/05/2008,1847.51
20/05/2008,1873.15
19/05/2008,1885.37
16/05/2008,1888.88
15/05/2008,1885.71
14/05/2008,1843.75
13/05/2008,1842.8
09/05/2008,1823.7
08/05/2008,1848.0
07/05/2008,1854.01
06/05/2008,1859.06
02/05/2008,1848.27
30/04/2008,1825.47
29/04/2008,1811.51
28/04/2008,1823.17
25/04/2008,1824.68
24/04/2008,1799.34
23/04/2008,1800.79
22/04/2008,1787.49
21/04/2008,1800.48
18/04/2008,1771.9
17/04/2008,1768.67
16/04/2008,1758.56
15/04/2008,1742.17
14/04/2008,1746.71
11/04/2008,1779.71
10/04/2008,1764.64
08/04/2008,1754.71
07/04/2008,1773.56
04/04/2008,1766.49
03/04/2008,1763.63
02/04/2008,1742.19
01/04/2008,1702.25
31/03/2008,1703.99
28/03/2008,1701.83
27/03/2008,1676.24
26/03/2008,1679.67
25/03/2008,1674.93
24/03/2008,1655.3
21/03/2008,1645.69
20/03/2008,1623.39
19/03/2008,1622.23
18/03/2008,1588.75
17/03/2008,1574.44
14/03/2008,1600.26
13/03/2008,1615.62
12/03/2008,1658.83
11/03/2008,1641.48
10/03/2008,1625.17
07/03/2008,1663.97
06/03/2008,1697.44
05/03/2008,1677.1
04/03/2008,1676.18
03/03/2008,1671.73
29/02/2008,1711.62
28/02/2008,1736.17
27/02/2008,1720.89
26/02/2008,1709.13
25/02/2008,1709.13
22/02/2008,1686.45
21/02/2008,1704.36
20/02/2008,1687.91
19/02/2008,1720.52
18/02/2008,1696.24
15/02/2008,1694.77
14/02/2008,1697.45
13/02/2008,1631.78
12/02/2008,1643.29
11/02/2008,1640.67
05/02/2008,1696.57
04/02/2008,1690.13
01/02/2008,1634.53
31/01/2008,1624.68
30/01/2008,1589.06
29/01/2008,1637.91
28/01/2008,1627.19
25/01/2008,1692.41
24/01/2008,1663.0
23/01/2008,1628.42
22/01/2008,1609.02
21/01/2008,1683.56
18/01/2008,1734.72
17/01/2008,1723.55
16/01/2008,1704.97
15/01/2008,1746.95
14/01/2008,1765.88
11/01/2008,1782.27
10/01/2008,1824.78
09/01/2008,1844.47
08/01/2008,1826.23
07/01/2008,1831.14
04/01/2008,1863.9
03/01/2008,1852.73
02/01/2008,1853.45
28/12/2007,1897.13
27/12/2007,1908.62
26/12/2007,1906.72
24/12/2007,1919.47
21/12/2007,1878.32
20/12/2007,1844.37
18/12/2007,1861.47
17/12/2007,1839.82
14/12/2007,1895.05
13/12/2007,1915.9
12/12/2007,1927.45
11/12/2007,1925.07
10/12/2007,1906.42
07/12/2007,1934.32
06/12/2007,1953.17
05/12/2007,1938.2
04/12/2007,1917.83
03/12/2007,1902.43
30/11/2007,1906.0
29/11/2007,1877.56
28/11/2007,1834.69
27/11/2007,1859.79
26/11/2007,1855.33
23/11/2007,1772.88
22/11/2007,1799.02
21/11/2007,1806.99
20/11/2007,1872.24
19/11/2007,1893.47
16/11/2007,1926.2
15/11/2007,1947.74
14/11/2007,1972.58
13/11/2007,1932.89
12/11/2007,1923.42
09/11/2007,1990.47
08/11/2007,1979.56
07/11/2007,2043.19
06/11/2007,2054.24
05/11/2007,2015.76
02/11/2007,2019.34
01/11/2007,2063.14
31/10/2007,2064.85
30/10/2007,2052.37
29/10/2007,2062.92
26/10/2007,2028.06
25/10/2007,1976.75
24/10/2007,1933.36
23/10/2007,1947.98
22/10/2007,1903.81
19/10/2007,1970.1
18/10/2007,2005.09
17/10/2007,1983.94
16/10/2007,2005.76
15/10/2007,2035.39
12/10/2007,2026.44
11/10/2007,2058.85
10/10/2007,2041.12
09/10/2007,2014.13
08/10/2007,2012.82
05/10/2007,1996.03
04/10/2007,2003.6
02/10/2007,2014.09
01/10/2007,1962.67
28/09/2007,1946.48
27/09/2007,1945.28
21/09/2007,1919.26
20/09/2007,1908.97
19/09/2007,1902.65
18/09/2007,1838.61
17/09/2007,1871.68
14/09/2007,1870.02
13/09/2007,1848.02
12/09/2007,1813.52
11/09/2007,1847.36
10/09/2007,1835.87
07/09/2007,1884.9
06/09/2007,1888.81
05/09/2007,1865.59
04/09/2007,1874.74
03/09/2007,1881.81
31/08/2007,1873.24
30/08/2007,1841.7
29/08/2007,1826.19
28/08/2007,1829.31
27/08/2007,1803.03
24/08/2007,1791.33
23/08/2007,1799.72
22/08/2007,1759.5
21/08/2007,1736.18
20/08/2007,1731.27
17/08/2007,1638.07
16/08/2007,1691.98
14/08/2007,1817.89
13/08/2007,1849.26
10/08/2007,1828.49
09/08/2007,1908.68
08/08/2007,1903.41
07/08/2007,1859.82
06/08/2007,1855.05
03/08/2007,1876.8
02/08/2007,1853.07
01/08/2007,1856.45
31/07/2007,1933.27
30/07/2007,1906.71
27/07/2007,1883.22
26/07/2007,1963.54
25/07/2007,2004.22
24/07/2007,1992.26
23/07/2007,1993.05
20/07/2007,1983.54
19/07/2007,1937.9
18/07/2007,1930.7
16/07/2007,1949.51
13/07/2007,1962.93
12/07/2007,1909.75
11/07/2007,1889.96
10/07/2007,1894.53
09/07/2007,1883.59
06/07/2007,1861.01
05/07/2007,1847.79
04/07/2007,1838.41
03/07/2007,1805.5
02/07/2007,1771.35
29/06/2007,1743.6
28/06/2007,1751.75
27/06/2007,1733.1
26/06/2007,1749.55
25/06/2007,1757.73
22/06/2007,1770.98
21/06/2007,1794.24
20/06/2007,1783.79
19/06/2007,1807.85
18/06/2007,1806.88
15/06/2007,1772.26
14/06/2007,1769.18
13/06/2007,1721.99
12/06/2007,1729.88
11/06/2007,1716.56
08/06/2007,1727.28
07/06/2007,1753.04
05/06/2007,1742.19
04/06/2007,1737.59
01/06/2007,1716.24
31/05/2007,1700.91
30/05/2007,1662.72
29/05/2007,1661.8
28/05/2007,1657.91
25/05/2007,1644.56
23/05/2007,1646.59
22/05/2007,1642.88
21/05/2007,1628.2
18/05/2007,1612.25
17/05/2007,1615.58
16/05/2007,1600.6
15/05/2007,1589.37
14/05/2007,1605.77
11/05/2007,1603.56
10/05/2007,1599.68
09/05/2007,1593.42
08/05/2007,1582.65
07/05/2007,1584.46
04/05/2007,1567.74
03/05/2007,1559.86
02/05/2007,1553.3
30/04/2007,1542.24
27/04/2007,1542.52
26/04/2007,1553.13
25/04/2007,1545.55
24/04/2007,1556.71
23/04/2007,1544.35
20/04/2007,1533.08
19/04/2007,1513.66
18/04/2007,1534.58
17/04/2007,1528.66
16/04/2007,1532.04
13/04/2007,1520.78
12/04/2007,1525.61
11/04/2007,1513.42
10/04/2007,1499.16
09/04/2007,1501.06
06/04/2007,1484.15
05/04/2007,1482.04
04/04/2007,1483.41
03/04/2007,1463.75
02/04/2007,1459.53
30/03/2007,1452.55
29/03/2007,1450.95
28/03/2007,1439.74
27/03/2007,1453.23
26/03/2007,1449.77
23/03/2007,1447.38
22/03/2007,1448.53
21/03/2007,1442.85
20/03/2007,1444.17
19/03/2007,1443.39
16/03/2007,1427.88
15/03/2007,1426.93
14/03/2007,1407.37
13/03/2007,1436.05
12/03/2007,1441.33
09/03/2007,1423.58
08/03/2007,1423.89
07/03/2007,1410.95
06/03/2007,1402.93
05/03/2007,1376.15
02/03/2007,1414.47
28/02/2007,1417.34
27/02/2007,1454.6
26/02/2007,1470.03
23/02/2007,1469.88
22/02/2007,1465.41
21/02/2007,1451.38
20/02/2007,1452.96
16/02/2007,1448.81
15/02/2007,1443.63
14/02/2007,1436.1
13/02/2007,1418.44
12/02/2007,1414.29
09/02/2007,1427.68
08/02/2007,1423.58
07/02/2007,1426.29
06/02/2007,1428.58
05/02/2007,1417.95
02/02/2007,1413.14
01/02/2007,1382.9
31/01/2007,1360.23
30/01/2007,1370.72
29/01/2007,1363.1
26/01/2007,1371.33
25/01/2007,1382.36
24/01/2007,1383.06
23/01/2007,1363.09
22/01/2007,1363.41
19/01/2007,1360.56
18/01/2007,1383.21
17/01/2007,1379.48
16/01/2007,1389.71
15/01/2007,1390.96
12/01/2007,1388.37
11/01/2007,1365.31
10/01/2007,1355.79
09/01/2007,1374.34
08/01/2007,1370.81
05/01/2007,1385.76
04/01/2007,1397.29
03/01/2007,1409.35
02/01/2007,1435.26
28/12/2006,1434.46
27/12/2006,1425.1
26/12/2006,1433.92
22/12/2006,1437.49
21/12/2006,1436.47
20/12/2006,1442.28
19/12/2006,1427.76
18/12/2006,1433.23
15/12/2006,1421.87
14/12/2006,1418.38
13/12/2006,1383.28
12/12/2006,1376.98
11/12/2006,1390.73
08/12/2006,1390.43
07/12/2006,1410.3
06/12/2006,1413.73
05/12/2006,1420.59
04/12/2006,1426.46
01/12/2006,1434.36
30/11/2006,1432.21
29/11/2006,1422.55
28/11/2006,1411.47
27/11/2006,1425.13
24/11/2006,1421.73
23/11/2006,1419.23
22/11/2006,1422.54
21/11/2006,1405.9
20/11/2006,1402.21
17/11/2006,1412.22
16/11/2006,1410.75
15/11/2006,1412.54
14/11/2006,1407.37
13/11/2006,1396.69
10/11/2006,1395.73
09/11/2006,1399.44
08/11/2006,1380.07
07/11/2006,1387.44
06/11/2006,1379.19
03/11/2006,1383.88
02/11/2006,1383.73
01/11/2006,1374.35
31/10/2006,1364.55
30/10/2006,1356.11
27/10/2006,1369.09
26/10/2006,1373.65
25/10/2006,1371.43
24/10/2006,1366.5
23/10/2006,1364.95
20/10/2006,1364.24
19/10/2006,1354.06
18/10/2006,1354.26
17/10/2006,1351.3
16/10/2006,1356.72
13/10/2006,1348.6
12/10/2006,1331.78
11/10/2006,1325.49
10/10/2006,1328.37
09/10/2006,1319.4
04/10/2006,1352.0
02/10/2006,1374.22
29/09/2006,1371.41
28/09/2006,1371.43
27/09/2006,1360.03
26/09/2006,1343.97
25/09/2006,1355.21
22/09/2006,1348.38
21/09/2006,1366.79
20/09/2006,1366.44
19/09/2006,1373.95
18/09/2006,1374.3
15/09/2006,1361.1
14/09/2006,1358.75
13/09/2006,1333.13
12/09/2006,1328.04
11/09/2006,1334.08
08/09/2006,1354.89
07/09/2006,1351.17
06/09/2006,1357.01
05/09/2006,1361.24
04/09/2006,1359.06
01/09/2006,1356.67
31/08/2006,1352.74
30/08/2006,1341.35
29/08/2006,1344.61
28/08/2006,1327.89
25/08/2006,1329.35
24/08/2006,1315.73
23/08/2006,1324.95
22/08/2006,1334.96
21/08/2006,1321.67
18/08/2006,1331.1
17/08/2006,1327.78
16/08/2006,1315.61
14/08/2006,1295.11
11/08/2006,1292.1
10/08/2006,1304.31
09/08/2006,1314.93
08/08/2006,1311.1
07/08/2006,1289.54
04/08/2006,1304.51
03/08/2006,1292.05
02/08/2006,1295.11
01/08/2006,1287.36
31/07/2006,1297.82
28/07/2006,1297.07
27/07/2006,1296.27
26/07/2006,1279.08
25/07/2006,1279.77
24/07/2006,1263.35
21/07/2006,1271.33
20/07/2006,1273.3
19/07/2006,1233.65
18/07/2006,1233.42
14/07/2006,1255.13
13/07/2006,1285.02
12/07/2006,1296.69
11/07/2006,1300.44
10/07/2006,1299.29
07/07/2006,1273.93
06/07/2006,1263.96
05/07/2006,1279.85
04/07/2006,1285.92
03/07/2006,1294.61
30/06/2006,1295.15
29/06/2006,1263.02
28/06/2006,1238.71
27/06/2006,1247.54
26/06/2006,1238.05
23/06/2006,1228.62
22/06/2006,1238.83
21/06/2006,1227.19
20/06/2006,1225.83
19/06/2006,1251.67
16/06/2006,1262.19
15/06/2006,1219.4
14/06/2006,1221.73
13/06/2006,1203.86
12/06/2006,1239.84
09/06/2006,1235.65
08/06/2006,1223.13
07/06/2006,1266.84
05/06/2006,1301.62
02/06/2006,1309.04
01/06/2006,1295.09
30/05/2006,1317.7
29/05/2006,1329.22
26/05/2006,1322.43
25/05/2006,1295.76
24/05/2006,1333.38
23/05/2006,1329.86
22/05/2006,1338.59
19/05/2006,1372.29
18/05/2006,1365.15
17/05/2006,1401.47
16/05/2006,1382.11
15/05/2006,1413.98
12/05/2006,1445.2
11/05/2006,1464.7
10/05/2006,1451.09
09/05/2006,1450.44
08/05/2006,1452.23
04/05/2006,1441.02
03/05/2006,1435.17
02/05/2006,1434.9
28/04/2006,1419.73
27/04/2006,1452.53
26/04/2006,1451.22
25/04/2006,1431.15
24/04/2006,1430.94
21/04/2006,1451.31
20/04/2006,1434.15
19/04/2006,1437.84
18/04/2006,1427.0
17/04/2006,1422.63
14/04/2006,1432.72
13/04/2006,1405.72
12/04/2006,1383.59
11/04/2006,1386.08
10/04/2006,1398.29
07/04/2006,1402.36
06/04/2006,1397.0
05/04/2006,1388.77
04/04/2006,1385.64
03/04/2006,1379.75
31/03/2006,1359.6
30/03/2006,1338.14
29/03/2006,1332.72
28/03/2006,1331.31
27/03/2006,1330.34
24/03/2006,1321.23
23/03/2006,1312.26
22/03/2006,1309.83
21/03/2006,1336.65
20/03/2006,1346.69
17/03/2006,1341.12
16/03/2006,1335.98
15/03/2006,1333.98
14/03/2006,1326.3
13/03/2006,1338.28
10/03/2006,1320.07
09/03/2006,1311.21
08/03/2006,1314.05
07/03/2006,1316.67
06/03/2006,1344.76
03/03/2006,1328.95
02/03/2006,1367.7
28/02/2006,1371.59
27/02/2006,1374.88
24/02/2006,1365.82
23/02/2006,1361.23
22/02/2006,1340.58
21/02/2006,1346.49
20/02/2006,1348.25
17/02/2006,1332.73
16/02/2006,1314.32
15/02/2006,1303.84
14/02/2006,1328.21
13/02/2006,1320.79
10/02/2006,1335.23
09/02/2006,1321.66
08/02/2006,1310.99
07/02/2006,1332.28
06/02/2006,1341.64
03/02/2006,1333.5
02/02/2006,1374.44
01/02/2006,1375.97
31/01/2006,1399.83
27/01/2006,1384.56
26/01/2006,1352.75
25/01/2006,1342.59
24/01/2006,1326.83
23/01/2006,1297.43
20/01/2006,1324.78
19/01/2006,1360.64
18/01/2006,1352.91
17/01/2006,1389.58
16/01/2006,1421.79
13/01/2006,1416.28
12/01/2006,1402.58
11/01/2006,1394.09
10/01/2006,1396.29
09/01/2006,1408.33
06/01/2006,1412.78
05/01/2006,1395.51
04/01/2006,1402.11
03/01/2006,1394.87
02/01/2006,1389.27
29/12/2005,1379.37
28/12/2005,1368.16
27/12/2005,1373.55
26/12/2005,1367.57
23/12/2005,1359.53
22/12/2005,1350.87
21/12/2005,1354.16
20/12/2005,1341.0
19/12/2005,1339.4
16/12/2005,1321.04
15/12/2005,1337.68
14/12/2005,1334.27
13/12/2005,1336.48
12/12/2005,1333.23
09/12/2005,1317.42
08/12/2005,1324.2
07/12/2005,1324.75
06/12/2005,1321.06
05/12/2005,1315.15
02/12/2005,1310.12
01/12/2005,1305.98
30/11/2005,1297.44
29/11/2005,1279.38
28/11/2005,1293.74
25/11/2005,1293.22
24/11/2005,1291.71
23/11/2005,1282.02
22/11/2005,1244.5
21/11/2005,1268.8
18/11/2005,1272.25
17/11/2005,1269.35
16/11/2005,1267.16
15/11/2005,1253.86
14/11/2005,1257.63
11/11/2005,1256.12
10/11/2005,1234.43
09/11/2005,1227.59
08/11/2005,1226.71
07/11/2005,1218.47
04/11/2005,1221.98
03/11/2005,1217.97
02/11/2005,1208.38
01/11/2005,1188.95
31/10/2005,1158.11
28/10/2005,1140.72
27/10/2005,1166.36
26/10/2005,1179.0
25/10/2005,1181.28
24/10/2005,1184.6
21/10/2005,1183.48
20/10/2005,1162.23
19/10/2005,1153.13
18/10/2005,1186.22
17/10/2005,1176.36
14/10/2005,1190.17
13/10/2005,1193.44
12/10/2005,1217.06
11/10/2005,1244.27
10/10/2005,1227.18
07/10/2005,1201.01
06/10/2005,1202.49
05/10/2005,1227.4
04/10/2005,1242.78
30/09/2005,1221.01
29/09/2005,1231.22
28/09/2005,1228.57
27/09/2005,1209.63
26/09/2005,1206.41
23/09/2005,1175.88
22/09/2005,1199.97
21/09/2005,1196.67
20/09/2005,1190.93
16/09/2005,1174.13
15/09/2005,1169.59
14/09/2005,1170.77
13/09/2005,1158.12
12/09/2005,1158.36
09/09/2005,1152.5
08/09/2005,1145.26
07/09/2005,1142.99
06/09/2005,1122.65
05/09/2005,1114.5
02/09/2005,1115.83
01/09/2005,1106.37
31/08/2005,1083.33
30/08/2005,1072.61
29/08/2005,1063.16
26/08/2005,1086.55
25/08/2005,1097.29
24/08/2005,1094.21
23/08/2005,1115.84
22/08/2005,1116.68
19/08/2005,1089.88
18/08/2005,1092.71
17/08/2005,1113.25
16/08/2005,1116.93
12/08/2005,1130.22
11/08/2005,1123.77
10/08/2005,1104.86
09/08/2005,1099.77
08/08/2005,1086.64
05/08/2005,1089.36
04/08/2005,1111.39
03/08/2005,1117.11
02/08/2005,1118.83
01/08/2005,1115.98
29/07/2005,1111.29
28/07/2005,1104.72
27/07/2005,1093.03
26/07/2005,1090.6
25/07/2005,1089.7
22/07/2005,1074.22
21/07/2005,1074.65
20/07/2005,1074.4
19/07/2005,1075.48
18/07/2005,1062.43
15/07/2005,1059.6
14/07/2005,1061.93
13/07/2005,1050.16
12/07/2005,1043.88
11/07/2005,1040.43
08/07/2005,1021.95
07/07/2005,1026.82
06/07/2005,1019.01
05/07/2005,1018.81
04/07/2005,1021.71
01/07/2005,1018.02
30/06/2005,1008.16
29/06/2005,999.08
28/06/2005,994.74
27/06/2005,991.11
24/06/2005,1002.43
23/06/2005,1010.8
22/06/2005,1002.15
21/06/2005,989.99
20/06/2005,994.65
17/06/2005,1003.68
16/06/2005,1003.14
15/06/2005,1001.94
14/06/2005,983.75
13/06/2005,990.49
10/06/2005,990.79
09/06/2005,987.58
08/06/2005,976.22
07/06/2005,970.88
03/06/2005,976.09
02/06/2005,970.88
01/06/2005,969.51
31/05/2005,970.21
30/05/2005,969.04
27/05/2005,960.91
26/05/2005,943.91
25/05/2005,941.3
24/05/2005,951.61
23/05/2005,951.05
20/05/2005,952.19
19/05/2005,952.09
18/05/2005,930.36
17/05/2005,927.16
16/05/2005,929.04
13/05/2005,923.19
12/05/2005,921.21
11/05/2005,923.38
10/05/2005,934.28
09/05/2005,935.2
06/05/2005,940.85
04/05/2005,929.35
03/05/2005,913.82
02/05/2005,918.42
29/04/2005,911.3
28/04/2005,917.73
27/04/2005,930.16
26/04/2005,944.46
25/04/2005,946.17
22/04/2005,940.79
21/04/2005,939.14
20/04/2005,937.36
19/04/2005,932.45
18/04/2005,925.0
15/04/2005,947.22
14/04/2005,953.92
13/04/2005,981.31
12/04/2005,981.79
11/04/2005,985.94
08/04/2005,992.17
07/04/2005,988.9
06/04/2005,988.0
04/04/2005,982.5
01/04/2005,981.9
31/03/2005,965.68
30/03/2005,955.45
29/03/2005,958.96
28/03/2005,977.7
25/03/2005,965.3
24/03/2005,956.33
23/03/2005,966.81
22/03/2005,980.41
21/03/2005,979.27
18/03/2005,979.72
17/03/2005,980.05
16/03/2005,993.13
15/03/2005,993.13
14/03/2005,1019.69
11/03/2005,1022.79
10/03/2005,998.66
09/03/2005,1008.79
08/03/2005,1000.28
07/03/2005,1007.5
04/03/2005,1012.96
03/03/2005,1010.92
02/03/2005,1007.48
28/02/2005,1011.36
25/02/2005,996.95
24/02/2005,987.1
23/02/2005,968.43
22/02/2005,977.8
21/02/2005,988.71
18/02/2005,984.1
17/02/2005,972.56
16/02/2005,971.56
15/02/2005,968.88
14/02/2005,964.79
11/02/2005,947.23
07/02/2005,949.19
04/02/2005,933.55
03/02/2005,928.79
02/02/2005,921.44
01/02/2005,923.69
31/01/2005,932.7
28/01/2005,921.59
27/01/2005,924.87
26/01/2005,927.0
25/01/2005,915.1
24/01/2005,923.11
21/01/2005,919.61
20/01/2005,909.37
19/01/2005,916.27
18/01/2005,920.57
17/01/2005,923.08
14/01/2005,905.1
13/01/2005,885.54
12/01/2005,880.03
11/01/2005,884.29
10/01/2005,874.18
07/01/2005,870.84
06/01/2005,871.28
05/01/2005,885.19
04/01/2005,886.9
03/01/2005,893.71
30/12/2004,895.92
29/12/2004,884.27
28/12/2004,878.43
27/12/2004,876.98
24/12/2004,879.92
23/12/2004,876.88
22/12/2004,883.38
21/12/2004,882.82
20/12/2004,884.31
17/12/2004,875.13
16/12/2004,873.7
15/12/2004,868.84
14/12/2004,849.4
13/12/2004,844.2
10/12/2004,844.85
09/12/2004,861.31
08/12/2004,871.74
07/12/2004,861.07
06/12/2004,870.75
03/12/2004,882.55
02/12/2004,884.1
01/12/2004,876.8
30/11/2004,878.06
29/11/2004,865.4
26/11/2004,858.12
25/11/2004,872.49
24/11/2004,872.56
23/11/2004,860.4
22/11/2004,849.99
19/11/2004,867.03
18/11/2004,875.84
17/11/2004,885.42
16/11/2004,876.61
15/11/2004,882.33
12/11/2004,876.67
11/11/2004,861.26
10/11/2004,860.54
09/11/2004,844.15
08/11/2004,846.11
05/11/2004,860.68
04/11/2004,851.2
03/11/2004,861.05
02/11/2004,846.67
01/11/2004,835.66
29/10/2004,834.84
28/10/2004,833.54
27/10/2004,809.91
26/10/2004,813.7
25/10/2004,808.14
22/10/2004,828.17
21/10/2004,820.63
20/10/2004,828.61
19/10/2004,855.77
18/10/2004,848.27
15/10/2004,841.94
14/10/2004,846.63
13/10/2004,856.18
12/10/2004,858.09
11/10/2004,881.11
08/10/2004,881.38
07/10/2004,885.33
06/10/2004,887.45
05/10/2004,884.84
04/10/2004,880.84
01/10/2004,846.01
30/09/2004,835.09
24/09/2004,832.1
23/09/2004,829.68
22/09/2004,835.1
21/09/2004,857.15
20/09/2004,856.87
17/09/2004,848.11
16/09/2004,855.38
15/09/2004,850.63
14/09/2004,851.42
13/09/2004,851.91
10/09/2004,836.34
09/09/2004,821.88
08/09/2004,815.85
07/09/2004,818.8
06/09/2004,824.21
03/09/2004,820.69
02/09/2004,823.83
01/09/2004,817.36
31/08/2004,803.57
30/08/2004,805.19
27/08/2004,810.3
26/08/2004,810.21
25/08/2004,803.97
24/08/2004,792.34
23/08/2004,787.65
20/08/2004,787.64
19/08/2004,788.53
18/08/2004,773.19
17/08/2004,771.03
16/08/2004,773.85
13/08/2004,776.02
12/08/2004,766.7
11/08/2004,753.06
10/08/2004,748.62
09/08/2004,742.13
06/08/2004,733.95
05/08/2004,743.35
04/08/2004,729.41
03/08/2004,726.44
02/08/2004,719.59
30/07/2004,735.34
29/07/2004,730.61
28/07/2004,744.42
27/07/2004,738.51
26/07/2004,736.21
23/07/2004,737.51
22/07/2004,742.63
21/07/2004,753.32
20/07/2004,737.0
19/07/2004,750.4
16/07/2004,739.39
15/07/2004,732.74
14/07/2004,736.57
13/07/2004,750.95
12/07/2004,746.27
09/07/2004,747.46
08/07/2004,743.64
07/07/2004,761.88
06/07/2004,758.47
05/07/2004,756.72
02/07/2004,755.42
01/07/2004,778.03
30/06/2004,785.79
29/06/2004,778.72
28/06/2004,770.95
25/06/2004,779.03
24/06/2004,763.13
23/06/2004,738.93
22/06/2004,746.48
21/06/2004,749.3
18/06/2004,741.73
17/06/2004,760.09
16/06/2004,752.34
15/06/2004,752.1
14/06/2004,738.79
11/06/2004,751.53
10/06/2004,782.3
09/06/2004,794.53
08/06/2004,809.31
07/06/2004,809.45
04/06/2004,780.74
03/06/2004,770.06
02/06/2004,804.39
01/06/2004,815.77
31/05/2004,803.84
28/05/2004,816.51
27/05/2004,802.46
25/05/2004,784.06
24/05/2004,799.64
21/05/2004,786.36
20/05/2004,767.79
19/05/2004,777.95
18/05/2004,741.99
17/05/2004,728.98
14/05/2004,768.46
13/05/2004,790.13
12/05/2004,817.09
11/05/2004,791.02
10/05/2004,790.68
07/05/2004,838.74
06/05/2004,837.68
04/05/2004,867.48
03/05/2004,866.11
30/04/2004,862.84
29/04/2004,875.41
28/04/2004,901.83
27/04/2004,915.47
26/04/2004,919.74
23/04/2004,936.06
22/04/2004,924.01
21/04/2004,929.95
20/04/2004,918.9
19/04/2004,902.1
16/04/2004,898.88
14/04/2004,916.31
13/04/2004,917.63
12/04/2004,918.86
09/04/2004,905.44
08/04/2004,916.86
07/04/2004,909.93
06/04/2004,906.19
02/04/2004,883.69
01/04/2004,882.75
31/03/2004,880.5
30/03/2004,873.46
29/03/2004,874.67
26/03/2004,863.95
25/03/2004,853.38
24/03/2004,861.72
23/03/2004,866.17
22/03/2004,863.69
19/03/2004,883.33
18/03/2004,872.82
17/03/2004,872.38
16/03/2004,850.13
15/03/2004,852.26
12/03/2004,848.8
11/03/2004,869.93
10/03/2004,876.02
09/03/2004,891.58
08/03/2004,900.1
05/03/2004,905.38
04/03/2004,907.43
03/03/2004,895.81
02/03/2004,899.21
27/02/2004,883.42
26/02/2004,864.86
25/02/2004,866.87
24/02/2004,864.59
23/02/2004,877.52
20/02/2004,877.49
19/02/2004,881.65
18/02/2004,877.1
17/02/2004,884.8
16/02/2004,881.28
13/02/2004,882.18
12/02/2004,877.95
11/02/2004,876.34
10/02/2004,866.8
09/02/2004,864.77
06/02/2004,850.23
05/02/2004,840.92
04/02/2004,835.5
03/02/2004,839.87
02/02/2004,854.89
30/01/2004,848.5
29/01/2004,853.47
28/01/2004,859.59
27/01/2004,863.03
26/01/2004,869.04
20/01/2004,861.37
19/01/2004,856.8
16/01/2004,847.95
15/01/2004,845.66
14/01/2004,849.62
13/01/2004,848.43
12/01/2004,850.79
09/01/2004,845.27
08/01/2004,824.15
07/01/2004,827.07
06/01/2004,823.43
05/01/2004,824.1
02/01/2004,821.26
30/12/2003,810.71
29/12/2003,792.44
26/12/2003,788.85
24/12/2003,792.55
23/12/2003,801.88
22/12/2003,804.54
19/12/2003,811.2
18/12/2003,807.5
17/12/2003,800.09
16/12/2003,810.79
15/12/2003,822.16
12/12/2003,806.08
11/12/2003,791.13
10/12/2003,794.64
09/12/2003,787.35
08/12/2003,784.8
05/12/2003,789.41
04/12/2003,805.13
03/12/2003,808.34
02/12/2003,807.78
01/12/2003,807.39
28/11/2003,796.18
27/11/2003,781.68
26/11/2003,782.65
25/11/2003,768.11
24/11/2003,753.65
21/11/2003,770.78
20/11/2003,769.45
19/11/2003,771.7
18/11/2003,800.97
17/11/2003,794.47
14/11/2003,809.89
13/11/2003,813.11
12/11/2003,796.31
11/11/2003,787.77
10/11/2003,796.56
07/11/2003,804.05
06/11/2003,790.04
05/11/2003,805.51
04/11/2003,796.06
03/11/2003,791.96
31/10/2003,782.36
30/10/2003,785.94
29/10/2003,779.66
28/10/2003,775.36
27/10/2003,761.61
24/10/2003,748.17
23/10/2003,754.14
22/10/2003,779.28
21/10/2003,779.89
20/10/2003,776.44
17/10/2003,767.75
16/10/2003,776.97
15/10/2003,764.23
14/10/2003,766.52
13/10/2003,757.02
10/10/2003,757.89
09/10/2003,736.16
08/10/2003,722.76
07/10/2003,727.09
06/10/2003,723.13
02/10/2003,715.24
01/10/2003,704.29
30/09/2003,697.52
29/09/2003,696.06
26/09/2003,697.4
25/09/2003,713.52
24/09/2003,724.7
23/09/2003,718.84
22/09/2003,714.89
19/09/2003,748.25
18/09/2003,758.18
17/09/2003,766.59
16/09/2003,763.63
15/09/2003,753.61
09/09/2003,767.46
08/09/2003,760.25
05/09/2003,761.55
04/09/2003,764.15
03/09/2003,766.32
02/09/2003,766.5
01/09/2003,764.11
29/08/2003,759.47
28/08/2003,752.81
27/08/2003,758.98
26/08/2003,753.0
25/08/2003,756.73
22/08/2003,754.72
21/08/2003,754.34
20/08/2003,737.2
19/08/2003,740.13
18/08/2003,730.1
14/08/2003,727.01
13/08/2003,713.08
12/08/2003,701.3
11/08/2003,704.58
08/08/2003,704.14
07/08/2003,709.81
06/08/2003,707.88
05/08/2003,721.84
04/08/2003,718.54
01/08/2003,727.26
31/07/2003,713.52
30/07/2003,714.15
29/07/2003,722.33
28/07/2003,717.8
25/07/2003,705.09
24/07/2003,702.94
23/07/2003,695.74
22/07/2003,699.7
21/07/2003,693.5
18/07/2003,699.35
16/07/2003,716.48
15/07/2003,713.45
14/07/2003,720.1
11/07/2003,704.15
10/07/2003,700.51
09/07/2003,705.5
08/07/2003,708.34
07/07/2003,704.29
04/07/2003,693.25
03/07/2003,686.83
02/07/2003,685.8
01/07/2003,674.75
30/06/2003,669.93
27/06/2003,677.28
26/06/2003,675.75
25/06/2003,674.03
24/06/2003,664.01
23/06/2003,674.59
20/06/2003,686.22
19/06/2003,690.49
18/06/2003,675.75
17/06/2003,674.66
16/06/2003,657.82
13/06/2003,665.24
12/06/2003,657.95
11/06/2003,651.29
10/06/2003,649.75
09/06/2003,650.35
05/06/2003,642.38
04/06/2003,640.27
03/06/2003,636.94
02/06/2003,648.71
30/05/2003,633.42
29/05/2003,632.43
28/05/2003,628.36
27/05/2003,614.3
26/05/2003,617.65
23/05/2003,611.51
22/05/2003,595.38
21/05/2003,600.57
20/05/2003,602.08
19/05/2003,596.36
16/05/2003,610.81
15/05/2003,619.35
14/05/2003,609.97
13/05/2003,614.07
12/05/2003,631.04
09/05/2003,619.11
07/05/2003,618.08
06/05/2003,604.33
02/05/2003,597.44
30/04/2003,599.35
29/04/2003,597.36
28/04/2003,569.02
25/04/2003,566.63
24/04/2003,588.35
23/04/2003,598.09
22/04/2003,603.32
21/04/2003,620.83
18/04/2003,624.77
17/04/2003,612.72
16/04/2003,621.34
15/04/2003,604.99
14/04/2003,594.4
11/04/2003,582.97
10/04/2003,577.73
09/04/2003,569.47
08/04/2003,587.32
07/04/2003,585.9
04/04/2003,558.01
03/04/2003,545.24
02/04/2003,542.92
01/04/2003,538.56
31/03/2003,535.7
28/03/2003,556.33
27/03/2003,549.26
26/03/2003,554.79
25/03/2003,554.98
24/03/2003,569.85
21/03/2003,575.77
20/03/2003,568.46
19/03/2003,541.78
18/03/2003,537.31
17/03/2003,515.24
14/03/2003,537.65
13/03/2003,531.78
12/03/2003,531.81
11/03/2003,532.53
10/03/2003,544.24
07/03/2003,546.02
06/03/2003,555.33
05/03/2003,560.26
04/03/2003,576.58
03/03/2003,590.04
28/02/2003,575.43
27/02/2003,582.46
26/02/2003,590.26
25/02/2003,592.25
24/02/2003,616.29
21/02/2003,603.6
20/02/2003,605.51
19/02/2003,600.83
18/02/2003,603.45
17/02/2003,601.87
14/02/2003,575.24
13/02/2003,575.67
12/02/2003,583.29
11/02/2003,575.98
10/02/2003,577.25
07/02/2003,577.48
06/02/2003,589.5
05/02/2003,600.68
04/02/2003,603.78
03/02/2003,600.41
30/01/2003,591.86
29/01/2003,583.35
28/01/2003,600.56
27/01/2003,593.09
24/01/2003,609.43
23/01/2003,625.18
22/01/2003,622.49
21/01/2003,632.86
20/01/2003,634.5
17/01/2003,636.46
16/01/2003,648.69
15/01/2003,648.29
14/01/2003,650.05
13/01/2003,648.06
10/01/2003,628.36
09/01/2003,630.4
08/01/2003,651.72
07/01/2003,652.2
06/01/2003,666.71
03/01/2003,661.1
02/01/2003,635.17
30/12/2002,627.55
27/12/2002,656.92
26/12/2002,671.89
24/12/2002,677.82
23/12/2002,691.38
20/12/2002,709.44
18/12/2002,709.22
17/12/2002,704.49
16/12/2002,692.42
13/12/2002,708.13
12/12/2002,715.38
11/12/2002,698.61
10/12/2002,702.44
09/12/2002,709.11
06/12/2002,718.09
05/12/2002,722.76
04/12/2002,714.5
03/12/2002,736.57
02/12/2002,730.16
29/11/2002,724.8
28/11/2002,714.54
27/11/2002,708.07
26/11/2002,702.27
25/11/2002,705.86
22/11/2002,692.87
21/11/2002,690.38
20/11/2002,682.0
19/11/2002,671.44
18/11/2002,667.13
15/11/2002,672.95
14/11/2002,652.15
13/11/2002,653.85
12/11/2002,654.43
11/11/2002,657.78
08/11/2002,674.85
07/11/2002,681.27
06/11/2002,682.56
05/11/2002,664.9
04/11/2002,672.68
01/11/2002,647.65
31/10/2002,658.92
30/10/2002,658.03
29/10/2002,673.18
28/10/2002,678.14
25/10/2002,655.88
24/10/2002,654.98
23/10/2002,657.43
22/10/2002,639.27
21/10/2002,652.67
18/10/2002,670.79
17/10/2002,644.66
16/10/2002,636.25
15/10/2002,629.57
14/10/2002,614.27
11/10/2002,587.51
10/10/2002,584.04
09/10/2002,619.94
08/10/2002,634.84
07/10/2002,627.4
04/10/2002,650.92
02/10/2002,648.1
01/10/2002,652.13
30/09/2002,646.42
27/09/2002,663.72
26/09/2002,662.41
25/09/2002,657.96
24/09/2002,672.28
23/09/2002,679.43
19/09/2002,704.12
18/09/2002,703.87
17/09/2002,726.8
16/09/2002,704.38
13/09/2002,718.17
12/09/2002,739.22
11/09/2002,724.71
10/09/2002,713.3
09/09/2002,697.89
06/09/2002,708.73
05/09/2002,720.98
04/09/2002,723.05
03/09/2002,740.59
02/09/2002,751.98
30/08/2002,736.4
29/08/2002,724.94
28/08/2002,724.05
27/08/2002,724.17
26/08/2002,734.79
23/08/2002,740.51
22/08/2002,745.75
21/08/2002,745.12
20/08/2002,736.7
19/08/2002,717.58
16/08/2002,718.29
14/08/2002,711.24
13/08/2002,708.63
12/08/2002,695.39
09/08/2002,692.45
08/08/2002,684.49
07/08/2002,679.37
06/08/2002,673.78
05/08/2002,675.76
02/08/2002,700.68
01/08/2002,707.8
31/07/2002,717.99
30/07/2002,724.08
29/07/2002,700.35
26/07/2002,697.84
25/07/2002,723.52
24/07/2002,721.41
23/07/2002,743.52
22/07/2002,720.9
19/07/2002,754.62
18/07/2002,773.85
16/07/2002,771.45
15/07/2002,783.52
12/07/2002,792.93
11/07/2002,764.88
10/07/2002,794.71
09/07/2002,801.99
08/07/2002,783.35
05/07/2002,787.83
04/07/2002,768.74
03/07/2002,753.36
02/07/2002,746.23
28/06/2002,742.72
27/06/2002,710.43
26/06/2002,701.87
25/06/2002,755.92
24/06/2002,767.92
21/06/2002,778.53
20/06/2002,776.81
19/06/2002,776.37
18/06/2002,809.4
17/06/2002,809.16
14/06/2002,822.01
12/06/2002,823.06
11/06/2002,815.33
10/06/2002,811.9
07/06/2002,795.16
05/06/2002,809.59
04/06/2002,806.33
03/06/2002,804.93
31/05/2002,796.4
30/05/2002,815.61
29/05/2002,835.19
28/05/2002,848.8
27/05/2002,840.57
24/05/2002,854.57
23/05/2002,845.51
22/05/2002,863.06
21/05/2002,837.56
20/05/2002,865.78
17/05/2002,875.03
16/05/2002,858.04
15/05/2002,862.62
14/05/2002,837.37
13/05/2002,821.89
10/05/2002,817.93
09/05/2002,838.67
08/05/2002,844.67
07/05/2002,826.34
06/05/2002,826.87
03/05/2002,856.72
02/05/2002,859.86
30/04/2002,842.34
29/04/2002,838.51
26/04/2002,869.65
25/04/2002,872.58
24/04/2002,915.69
23/04/2002,925.7
22/04/2002,920.89
19/04/2002,923.94
18/04/2002,937.61
17/04/2002,930.51
16/04/2002,901.29
15/04/2002,894.28
12/04/2002,875.69
11/04/2002,862.86
10/04/2002,856.03
09/04/2002,888.67
08/04/2002,900.69
04/04/2002,918.01
03/04/2002,918.59
02/04/2002,905.34
01/04/2002,875.83
29/03/2002,895.58
28/03/2002,892.67
27/03/2002,902.46
26/03/2002,881.03
25/03/2002,879.41
22/03/2002,895.98
21/03/2002,885.64
20/03/2002,887.48
19/03/2002,889.98
18/03/2002,869.71
15/03/2002,860.36
14/03/2002,856.86
13/03/2002,849.13
12/03/2002,846.03
11/03/2002,827.02
08/03/2002,825.27
07/03/2002,829.44
06/03/2002,843.06
05/03/2002,841.95
04/03/2002,834.21
28/02/2002,819.99
27/02/2002,822.11
26/02/2002,801.14
25/02/2002,791.48
22/02/2002,792.0
21/02/2002,787.62
20/02/2002,776.89
19/02/2002,782.27
18/02/2002,790.37
15/02/2002,783.59
14/02/2002,796.18
08/02/2002,739.66
07/02/2002,727.71
06/02/2002,741.55
05/02/2002,739.91
04/02/2002,730.21
01/02/2002,742.42
31/01/2002,748.07
30/01/2002,749.45
29/01/2002,774.03
28/01/2002,780.24
25/01/2002,774.68
24/01/2002,757.71
23/01/2002,742.62
22/01/2002,724.36
21/01/2002,717.35
18/01/2002,708.47
17/01/2002,713.5
16/01/2002,710.95
15/01/2002,718.64
14/01/2002,744.03
11/01/2002,727.36
10/01/2002,728.23
09/01/2002,751.61
08/01/2002,734.76
07/01/2002,751.48
04/01/2002,747.72
03/01/2002,727.66
02/01/2002,724.95
28/12/2001,693.7
27/12/2001,668.55
26/12/2001,653.87
24/12/2001,646.49
21/12/2001,644.71
20/12/2001,664.51
19/12/2001,647.05
18/12/2001,643.76
17/12/2001,648.28
14/12/2001,665.2
13/12/2001,676.59
12/12/2001,681.43
11/12/2001,670.08
10/12/2001,668.77
07/12/2001,704.5
06/12/2001,686.61
05/12/2001,688.31
04/12/2001,649.9
03/12/2001,650.66
30/11/2001,643.89
29/11/2001,628.86
28/11/2001,632.02
27/11/2001,670.1
26/11/2001,674.56
23/11/2001,645.18
22/11/2001,624.56
21/11/2001,615.45
20/11/2001,616.33
19/11/2001,626.43
16/11/2001,610.88
15/11/2001,606.44
14/11/2001,606.68
13/11/2001,588.83
12/11/2001,584.48
09/11/2001,576.75
08/11/2001,573.04
07/11/2001,562.03
06/11/2001,565.47
05/11/2001,561.62
02/11/2001,550.57
01/11/2001,544.09
31/10/2001,537.81
30/10/2001,533.87
29/10/2001,547.87
26/10/2001,543.41
25/10/2001,542.19
24/10/2001,541.49
23/10/2001,530.5
22/10/2001,528.7
19/10/2001,528.04
18/10/2001,524.21
17/10/2001,528.29
16/10/2001,521.91
15/10/2001,513.99
12/10/2001,516.4
11/10/2001,517.05
10/10/2001,503.46
09/10/2001,507.61
08/10/2001,496.13
05/10/2001,501.92
04/10/2001,500.64
28/09/2001,479.68
27/09/2001,472.38
26/09/2001,472.85
25/09/2001,472.13
24/09/2001,482.19
21/09/2001,472.31
20/09/2001,480.27
19/09/2001,486.75
18/09/2001,484.93
17/09/2001,468.76
14/09/2001,482.29
13/09/2001,499.25
12/09/2001,475.6
11/09/2001,540.57
10/09/2001,550.73
07/09/2001,555.08
06/09/2001,552.59
05/09/2001,551.91
04/09/2001,558.79
03/09/2001,541.83
31/08/2001,545.11
30/08/2001,564.36
29/08/2001,565.63
28/08/2001,576.51
27/08/2001,578.74
24/08/2001,569.31
23/08/2001,570.07
22/08/2001,574.87
21/08/2001,568.68
20/08/2001,567.09
17/08/2001,580.99
16/08/2001,580.95
14/08/2001,577.15
13/08/2001,562.0
10/08/2001,555.34
09/08/2001,549.67
08/08/2001,565.94
07/08/2001,567.5
06/08/2001,569.37
03/08/2001,568.69
02/08/2001,567.46
01/08/2001,562.79
31/07/2001,541.55
30/07/2001,533.53
27/07/2001,541.13
26/07/2001,529.22
25/07/2001,526.08
24/07/2001,526.62
23/07/2001,524.21
20/07/2001,537.71
19/07/2001,545.74
18/07/2001,540.53
16/07/2001,548.93
13/07/2001,548.49
12/07/2001,559.95
11/07/2001,553.65
10/07/2001,558.6
09/07/2001,560.0
06/07/2001,578.54
05/07/2001,593.61
04/07/2001,597.25
03/07/2001,594.31
02/07/2001,596.74
29/06/2001,595.13
28/06/2001,583.27
27/06/2001,584.76
26/06/2001,588.71
25/06/2001,598.02
22/06/2001,599.08
21/06/2001,595.53
20/06/2001,595.72
19/06/2001,608.91
18/06/2001,608.78
15/06/2001,618.96
14/06/2001,613.75
13/06/2001,614.05
12/06/2001,607.15
11/06/2001,608.23
08/06/2001,621.78
07/06/2001,601.14
05/06/2001,597.66
04/06/2001,610.91
01/06/2001,607.07
31/05/2001,612.16
30/05/2001,628.42
29/05/2001,632.05
28/05/2001,618.47
25/05/2001,624.11
24/05/2001,622.28
23/05/2001,622.6
22/05/2001,617.99
21/05/2001,618.96
18/05/2001,600.54
17/05/2001,596.39
16/05/2001,572.4
15/05/2001,581.3
14/05/2001,584.08
11/05/2001,583.06
10/05/2001,581.38
09/05/2001,578.84
08/05/2001,590.91
07/05/2001,596.5
04/05/2001,585.6
03/05/2001,584.4
02/05/2001,583.7
30/04/2001,577.36
27/04/2001,556.63
26/04/2001,561.62
25/04/2001,566.34
24/04/2001,555.64
23/04/2001,560.94
20/04/2001,556.29
19/04/2001,563.31
18/04/2001,540.0
17/04/2001,513.97
16/04/2001,508.35
13/04/2001,516.1
12/04/2001,514.21
11/04/2001,507.53
10/04/2001,491.21
09/04/2001,497.46
06/04/2001,506.22
04/04/2001,493.69
03/04/2001,503.26
02/04/2001,515.2
30/03/2001,523.22
29/03/2001,523.8
28/03/2001,528.79
27/03/2001,532.9
26/03/2001,545.98
23/03/2001,537.97
22/03/2001,527.05
21/03/2001,532.59
20/03/2001,531.59
19/03/2001,534.33
16/03/2001,538.67
15/03/2001,541.83
14/03/2001,543.28
13/03/2001,527.97
12/03/2001,545.05
09/03/2001,565.76
08/03/2001,579.28
07/03/2001,568.64
06/03/2001,568.15
05/03/2001,565.38
02/03/2001,559.44
28/02/2001,578.1
27/02/2001,577.57
26/02/2001,585.32
23/02/2001,583.52
22/02/2001,583.41
21/02/2001,594.53
20/02/2001,608.74
19/02/2001,596.67
16/02/2001,604.92
15/02/2001,603.63
14/02/2001,603.83
13/02/2001,598.78
12/02/2001,599.2
09/02/2001,595.47
08/02/2001,591.57
07/02/2001,576.19
06/02/2001,586.58
05/02/2001,579.16
02/02/2001,608.48
01/02/2001,612.3
31/01/2001,617.91
30/01/2001,591.34
29/01/2001,596.54
26/01/2001,591.73
22/01/2001,627.45
19/01/2001,619.78
18/01/2001,604.05
17/01/2001,595.83
16/01/2001,603.42
15/01/2001,599.0
12/01/2001,587.87
11/01/2001,561.79
10/01/2001,560.81
09/01/2001,589.92
08/01/2001,586.65
05/01/2001,580.85
04/01/2001,558.02
03/01/2001,521.43
02/01/2001,520.95
26/12/2000,504.62
22/12/2000,500.6
21/12/2000,511.9
20/12/2000,514.21
19/12/2000,530.8
18/12/2000,539.27
15/12/2000,534.0
14/12/2000,547.38
13/12/2000,557.84
12/12/2000,543.08
11/12/2000,554.8
08/12/2000,534.81
07/12/2000,523.78
06/12/2000,517.89
05/12/2000,516.96
04/12/2000,501.73
01/12/2000,514.46
30/11/2000,509.23
29/11/2000,516.44
28/11/2000,536.94
27/11/2000,554.04
24/11/2000,530.84
23/11/2000,514.31
22/11/2000,522.33
21/11/2000,531.45
20/11/2000,537.4
17/11/2000,551.26
16/11/2000,555.04
15/11/2000,557.48
14/11/2000,552.99
13/11/2000,538.94
10/11/2000,565.18
09/11/2000,560.66
08/11/2000,558.09
07/11/2000,553.35
06/11/2000,556.66
03/11/2000,560.41
02/11/2000,558.1
01/11/2000,548.76
31/10/2000,514.48
30/10/2000,504.73
27/10/2000,515.34
26/10/2000,523.67
25/10/2000,542.33
24/10/2000,545.05
23/10/2000,528.37
20/10/2000,545.97
19/10/2000,515.04
18/10/2000,514.17
17/10/2000,512.85
16/10/2000,550.1
13/10/2000,524.6
12/10/2000,534.71
11/10/2000,557.18
10/10/2000,588.34
09/10/2000,589.18
06/10/2000,608.85
05/10/2000,606.79
04/10/2000,598.42
02/10/2000,589.22
29/09/2000,613.22
28/09/2000,605.85
27/09/2000,599.31
26/09/2000,587.6
25/09/2000,584.63
22/09/2000,553.25
21/09/2000,595.99
20/09/2000,606.08
19/09/2000,571.17
18/09/2000,577.56
15/09/2000,628.2
14/09/2000,650.14
08/09/2000,653.68
07/09/2000,656.37
06/09/2000,676.69
05/09/2000,679.24
04/09/2000,681.3
01/09/2000,692.19
31/08/2000,688.62
30/08/2000,718.93
29/08/2000,731.56
28/08/2000,731.81
25/08/2000,729.8
24/08/2000,718.86
23/08/2000,719.79
22/08/2000,738.61
21/08/2000,722.58
18/08/2000,728.32
17/08/2000,743.49
16/08/2000,751.14
14/08/2000,733.25
11/08/2000,722.21
10/08/2000,729.28
09/08/2000,710.23
08/08/2000,666.08
07/08/2000,675.59
04/08/2000,710.0
03/08/2000,722.08
02/08/2000,728.33
01/08/2000,727.1
31/07/2000,705.97
28/07/2000,692.65
27/07/2000,727.68
26/07/2000,743.84
25/07/2000,737.64
24/07/2000,737.89
21/07/2000,783.06
20/07/2000,778.9
19/07/2000,797.3
18/07/2000,812.33
14/07/2000,827.95
13/07/2000,845.75
12/07/2000,839.76
11/07/2000,836.86
10/07/2000,851.47
07/07/2000,841.74
06/07/2000,837.63
05/07/2000,830.4
04/07/2000,818.53
03/07/2000,835.21
30/06/2000,821.22
29/06/2000,818.9
28/06/2000,818.73
27/06/2000,809.87
26/06/2000,791.55
23/06/2000,778.94
22/06/2000,782.24
21/06/2000,781.87
20/06/2000,785.32
19/06/2000,755.38
16/06/2000,759.04
15/06/2000,770.95
14/06/2000,819.27
13/06/2000,804.45
12/06/2000,845.81
09/06/2000,836.4
08/06/2000,800.11
07/06/2000,822.54
05/06/2000,794.21
02/06/2000,760.69
01/06/2000,738.49
31/05/2000,731.88
30/05/2000,691.26
29/05/2000,655.93
26/05/2000,656.66
25/05/2000,699.53
24/05/2000,674.95
23/05/2000,679.76
22/05/2000,691.61
19/05/2000,730.68
18/05/2000,712.95
17/05/2000,727.18
16/05/2000,746.77
15/05/2000,728.67
12/05/2000,740.3
10/05/2000,759.51
09/05/2000,760.85
08/05/2000,770.24
04/05/2000,751.29
03/05/2000,752.76
02/05/2000,752.59
28/04/2000,725.39
27/04/2000,692.07
26/04/2000,713.23
25/04/2000,737.2
24/04/2000,747.58
21/04/2000,767.16
20/04/2000,761.25
19/04/2000,755.08
18/04/2000,747.3
17/04/2000,707.72
14/04/2000,800.89
12/04/2000,837.01
11/04/2000,855.05
10/04/2000,870.17
07/04/2000,837.38
06/04/2000,804.35
04/04/2000,830.16
03/04/2000,846.44
31/03/2000,860.94
30/03/2000,889.95
29/03/2000,908.51
28/03/2000,891.29
27/03/2000,886.71
24/03/2000,889.24
23/03/2000,867.62
22/03/2000,882.43
21/03/2000,863.41
20/03/2000,850.51
17/03/2000,855.57
16/03/2000,841.22
15/03/2000,837.53
14/03/2000,846.74
13/03/2000,854.66
10/03/2000,891.36
09/03/2000,884.59
08/03/2000,915.94
07/03/2000,907.34
06/03/2000,909.33
03/03/2000,894.83
02/03/2000,894.66
29/02/2000,828.38
28/02/2000,819.01
25/02/2000,864.76
24/02/2000,867.37
23/02/2000,880.67
22/02/2000,850.02
21/02/2000,845.32
18/02/2000,879.14
17/02/2000,897.52
16/02/2000,879.5
15/02/2000,879.7
14/02/2000,910.87
11/02/2000,953.22
10/02/2000,966.18
09/02/2000,976.05
08/02/2000,961.22
07/02/2000,973.13
03/02/2000,950.22
02/02/2000,943.59
01/02/2000,928.75
31/01/2000,943.88
28/01/2000,941.67
27/01/2000,909.23
26/01/2000,885.54
25/01/2000,891.22
24/01/2000,926.77
21/01/2000,925.16
20/01/2000,945.9
19/01/2000,938.78
18/01/2000,981.53
17/01/2000,983.27
14/01/2000,948.03
13/01/2000,951.05
12/01/2000,955.01
11/01/2000,981.33
10/01/2000,987.24
07/01/2000,948.65
06/01/2000,960.79
05/01/2000,986.31
04/01/2000,1059.04
28/12/1999,1028.07
27/12/1999,1005.73
24/12/1999,991.63
23/12/1999,974.16
22/12/1999,967.83
21/12/1999,958.8
20/12/1999,967.05
17/12/1999,949.26
16/12/1999,948.57
15/12/1999,963.58
14/12/1999,1002.64
13/12/1999,1013.65
10/12/1999,1018.17
09/12/1999,980.54
08/12/1999,988.32
07/12/1999,999.92
06/12/1999,998.11
03/12/1999,966.59
02/12/1999,967.9
01/12/1999,999.16
30/11/1999,996.66
29/11/1999,964.26
26/11/1999,949.16
25/11/1999,972.71
24/11/1999,969.29
23/11/1999,974.05
22/11/1999,977.88
19/11/1999,993.11
18/11/1999,970.19
17/11/1999,967.64
16/11/1999,1007.72
15/11/1999,974.73
12/11/1999,969.26
11/11/1999,947.42
10/11/1999,938.76
09/11/1999,943.46
08/11/1999,907.6
05/11/1999,913.09
04/11/1999,911.82
03/11/1999,887.15
02/11/1999,890.18
01/11/1999,876.55
29/10/1999,833.51
28/10/1999,820.95
27/10/1999,793.42
26/10/1999,797.01
25/10/1999,798.84
22/10/1999,819.52
21/10/1999,818.51
20/10/1999,830.69
19/10/1999,811.44
18/10/1999,826.25
15/10/1999,862.63
14/10/1999,866.02
13/10/1999,855.52
12/10/1999,856.25
11/10/1999,834.39
08/10/1999,839.41
07/10/1999,851.15
06/10/1999,835.31
05/10/1999,791.55
04/10/1999,818.37
01/10/1999,839.35
30/09/1999,836.18
29/09/1999,868.88
28/09/1999,900.73
27/09/1999,903.79
22/09/1999,941.57
21/09/1999,957.42
20/09/1999,933.88
17/09/1999,925.2
16/09/1999,916.16
15/09/1999,952.69
14/09/1999,968.54
13/09/1999,980.91
10/09/1999,961.98
09/09/1999,950.53
08/09/1999,936.93
07/09/1999,943.92
06/09/1999,943.22
03/09/1999,910.62
02/09/1999,898.97
01/09/1999,905.52
31/08/1999,937.88
30/08/1999,942.57
27/08/1999,960.28
26/08/1999,959.88
25/08/1999,963.0
24/08/1999,932.41
23/08/1999,917.58
20/08/1999,878.39
19/08/1999,871.18
18/08/1999,868.94
17/08/1999,873.7
16/08/1999,907.28
13/08/1999,917.47
12/08/1999,949.35
11/08/1999,944.08
10/08/1999,968.66
09/08/1999,948.97
06/08/1999,938.26
05/08/1999,939.07
04/08/1999,975.45
03/08/1999,973.33
02/08/1999,959.81
30/07/1999,969.72
29/07/1999,998.71
28/07/1999,944.46
27/07/1999,928.85
26/07/1999,872.94
23/07/1999,904.96
22/07/1999,976.66
21/07/1999,965.11
20/07/1999,998.45
19/07/1999,1024.58
16/07/1999,1020.82
15/07/1999,982.14
14/07/1999,953.67
13/07/1999,987.5
12/07/1999,1004.25
09/07/1999,1027.93
08/07/1999,999.11
07/07/1999,1005.98
06/07/1999,989.43
05/07/1999,962.84
02/07/1999,933.42
01/07/1999,919.98
30/06/1999,883.0
29/06/1999,897.45
28/06/1999,903.05
25/06/1999,882.08
24/06/1999,877.3
23/06/1999,888.63
22/06/1999,875.97
21/06/1999,869.0
18/06/1999,837.73
17/06/1999,832.26
16/06/1999,829.53
15/06/1999,803.72
14/06/1999,821.91
11/06/1999,848.61
10/06/1999,856.06
09/06/1999,803.46
08/06/1999,853.6
07/06/1999,842.32
04/06/1999,797.5
03/06/1999,778.21
02/06/1999,775.0
01/06/1999,753.72
31/05/1999,736.02
28/05/1999,732.24
27/05/1999,726.66
26/05/1999,720.05
25/05/1999,698.69
24/05/1999,695.6
21/05/1999,710.49
20/05/1999,708.6
19/05/1999,734.98
18/05/1999,729.29
17/05/1999,717.83
14/05/1999,737.83
13/05/1999,742.37
12/05/1999,773.13
11/05/1999,781.41
10/05/1999,814.24
07/05/1999,810.62
06/05/1999,810.54
04/05/1999,771.17
03/05/1999,756.53
30/04/1999,752.59
29/04/1999,752.61
28/04/1999,790.03
27/04/1999,793.98
26/04/1999,776.3
23/04/1999,750.99
22/04/1999,740.4
21/04/1999,743.26
20/04/1999,770.43
19/04/1999,766.59
16/04/1999,725.14
15/04/1999,722.01
14/04/1999,687.41
13/04/1999,689.8
12/04/1999,689.64
09/04/1999,687.42
08/04/1999,681.19
07/04/1999,673.36
06/04/1999,666.73
02/04/1999,646.78
01/04/1999,636.89
31/03/1999,618.98
30/03/1999,618.05
29/03/1999,601.07
26/03/1999,609.79
25/03/1999,611.07
24/03/1999,611.48
23/03/1999,614.34
22/03/1999,607.74
19/03/1999,604.22
18/03/1999,578.98
17/03/1999,600.52
16/03/1999,601.83
15/03/1999,592.02
12/03/1999,590.8
11/03/1999,582.0
10/03/1999,569.27
09/03/1999,572.85
08/03/1999,571.84
05/03/1999,538.19
04/03/1999,532.29
03/03/1999,534.49
02/03/1999,533.97
26/02/1999,520.06
25/02/1999,499.14
24/02/1999,498.42
23/02/1999,502.88
22/02/1999,508.49
19/02/1999,522.18
18/02/1999,536.41
12/02/1999,551.77
11/02/1999,523.99
10/02/1999,524.49
09/02/1999,523.38
08/02/1999,545.38
05/02/1999,551.39
04/02/1999,550.15
03/02/1999,553.33
02/02/1999,567.28
01/02/1999,581.67
29/01/1999,571.43
28/01/1999,571.47
27/01/1999,565.2
26/01/1999,531.23
25/01/1999,539.76
22/01/1999,550.58
21/01/1999,582.04
20/01/1999,613.43
19/01/1999,618.12
18/01/1999,622.52
15/01/1999,614.57
14/01/1999,604.42
13/01/1999,633.03
12/01/1999,631.19
11/01/1999,640.95
08/01/1999,626.33
07/01/1999,637.59
06/01/1999,612.36
05/01/1999,598.55
04/01/1999,587.57
28/12/1998,562.46
24/12/1998,555.36
23/12/1998,553.53
22/12/1998,547.75
21/12/1998,565.27
18/12/1998,524.85
17/12/1998,528.89
16/12/1998,545.97
15/12/1998,579.86
14/12/1998,559.3
11/12/1998,555.17
10/12/1998,567.61
09/12/1998,526.52
08/12/1998,509.85
07/12/1998,514.52
05/12/1998,490.71
04/12/1998,466.34
03/12/1998,448.11
02/12/1998,446.35
01/12/1998,445.96
30/11/1998,451.88
28/11/1998,455.66
27/11/1998,447.0
26/11/1998,446.59
25/11/1998,464.01
24/11/1998,460.78
23/11/1998,453.95
21/11/1998,457.4
20/11/1998,452.93
19/11/1998,441.06
18/11/1998,423.74
17/11/1998,424.43
16/11/1998,422.21
14/11/1998,414.22
13/11/1998,404.3
12/11/1998,403.52
11/11/1998,400.7
10/11/1998,403.24
09/11/1998,424.45
07/11/1998,417.06
06/11/1998,416.3
05/11/1998,418.2
04/11/1998,413.47
03/11/1998,407.64
02/11/1998,404.61
31/10/1998,403.44
30/10/1998,384.75
29/10/1998,370.3
28/10/1998,363.91
27/10/1998,360.43
26/10/1998,373.32
24/10/1998,380.81
23/10/1998,378.83
22/10/1998,382.52
21/10/1998,380.8
20/10/1998,388.35
19/10/1998,373.97
17/10/1998,383.47
16/10/1998,374.01
15/10/1998,368.74
14/10/1998,346.13
13/10/1998,346.08
12/10/1998,352.17
10/10/1998,338.43
09/10/1998,327.96
08/10/1998,305.22
07/10/1998,313.49
02/10/1998,308.25
01/10/1998,305.64
30/09/1998,310.32
29/09/1998,312.33
28/09/1998,305.73
26/09/1998,306.3
25/09/1998,303.79
24/09/1998,310.75
23/09/1998,291.93
22/09/1998,292.61
21/09/1998,297.45
19/09/1998,301.23
18/09/1998,302.21
17/09/1998,310.88
16/09/1998,313.17
15/09/1998,310.29
14/09/1998,314.24
12/09/1998,320.33
11/09/1998,320.61
10/09/1998,338.95
09/09/1998,329.22
08/09/1998,326.35
07/09/1998,328.22
05/09/1998,315.83
04/09/1998,314.22
03/09/1998,314.78
02/09/1998,314.4
01/09/1998,309.71
31/08/1998,310.16
29/08/1998,304.79
28/08/1998,309.32
27/08/1998,313.92
26/08/1998,317.56
25/08/1998,310.23
24/08/1998,305.15
22/08/1998,305.33
21/08/1998,316.62
20/08/1998,316.59
19/08/1998,301.9
18/08/1998,291.15
17/08/1998,301.62
14/08/1998,304.61
13/08/1998,303.01
12/08/1998,305.35
11/08/1998,311.25
10/08/1998,311.95
08/08/1998,314.31
07/08/1998,321.71
06/08/1998,320.57
05/08/1998,322.83
04/08/1998,333.2
03/08/1998,329.47
01/08/1998,337.49
31/07/1998,343.33
30/07/1998,344.91
29/07/1998,344.41
28/07/1998,335.33
27/07/1998,329.8
25/07/1998,328.44
24/07/1998,343.79
23/07/1998,341.46
22/07/1998,362.07
21/07/1998,364.76
20/07/1998,365.18
18/07/1998,344.18
16/07/1998,330.35
15/07/1998,313.42
14/07/1998,306.73
13/07/1998,301.37
11/07/1998,304.97
10/07/1998,309.28
09/07/1998,319.02
08/07/1998,318.79
07/07/1998,317.5
06/07/1998,309.61
04/07/1998,307.85
03/07/1998,308.53
02/07/1998,311.77
01/07/1998,315.56
30/06/1998,297.88
29/06/1998,298.6
27/06/1998,301.9
26/06/1998,298.54
25/06/1998,300.57
24/06/1998,301.72
23/06/1998,303.31
22/06/1998,311.27
20/06/1998,315.75
19/06/1998,313.26
18/06/1998,325.49
17/06/1998,303.81
16/06/1998,280.0
15/06/1998,288.21
13/06/1998,302.81
12/06/1998,302.09
11/06/1998,328.7
10/06/1998,324.54
09/06/1998,339.22
08/06/1998,345.88
05/06/1998,341.53
03/06/1998,332.46
02/06/1998,324.1
01/06/1998,336.7
30/05/1998,332.03
29/05/1998,336.63
28/05/1998,323.09
27/05/1998,313.48
26/05/1998,311.99
25/05/1998,331.9
23/05/1998,356.05
22/05/1998,353.67
21/05/1998,362.3
20/05/1998,369.17
19/05/1998,362.53
18/05/1998,359.0
16/05/1998,352.32
15/05/1998,352.83
14/05/1998,362.94
13/05/1998,356.58
12/05/1998,351.86
11/05/1998,361.58
09/05/1998,374.76
08/05/1998,373.04
07/05/1998,379.47
06/05/1998,376.23
04/05/1998,391.8
02/05/1998,406.53
30/04/1998,421.22
29/04/1998,417.05
28/04/1998,402.39
27/04/1998,406.25
25/04/1998,411.63
24/04/1998,414.56
23/04/1998,416.54
22/04/1998,431.81
21/04/1998,439.21
20/04/1998,435.73
18/04/1998,441.68
17/04/1998,450.23
16/04/1998,454.15
15/04/1998,467.87
14/04/1998,467.63
13/04/1998,494.89
11/04/1998,490.63
10/04/1998,468.29
09/04/1998,468.11
08/04/1998,455.53
07/04/1998,459.58
06/04/1998,435.92
04/04/1998,442.45
03/04/1998,434.45
02/04/1998,453.66
01/04/1998,468.22
31/03/1998,481.04
30/03/1998,482.33
28/03/1998,496.26
27/03/1998,503.08
26/03/1998,501.13
25/03/1998,510.14
24/03/1998,508.43
23/03/1998,511.9
21/03/1998,521.62
20/03/1998,525.95
19/03/1998,521.73
18/03/1998,518.08
17/03/1998,515.51
16/03/1998,528.88
14/03/1998,533.56
13/03/1998,536.16
12/03/1998,535.84
11/03/1998,531.05
10/03/1998,525.56
09/03/1998,507.71
07/03/1998,525.98
06/03/1998,522.55
05/03/1998,535.68
04/03/1998,572.76
03/03/1998,570.89
02/03/1998,574.35
28/02/1998,558.98
27/02/1998,548.42
26/02/1998,524.98
25/02/1998,516.38
24/02/1998,540.89
23/02/1998,543.06
21/02/1998,528.95
20/02/1998,522.13
19/02/1998,513.45
18/02/1998,487.73
17/02/1998,471.73
16/02/1998,476.98
14/02/1998,484.12
13/02/1998,506.2
12/02/1998,512.49
11/02/1998,520.14
10/02/1998,541.77
09/02/1998,554.24
07/02/1998,542.7
06/02/1998,540.45
05/02/1998,528.05
04/02/1998,547.28
03/02/1998,550.21
02/02/1998,543.68
31/01/1998,567.38
30/01/1998,558.33
26/01/1998,518.64
24/01/1998,509.53
23/01/1998,486.86
22/01/1998,483.99
21/01/1998,506.66
20/01/1998,533.55
19/01/1998,528.77
17/01/1998,495.91
16/01/1998,488.1
15/01/1998,505.98
14/01/1998,475.13
13/01/1998,463.74
12/01/1998,456.2
10/01/1998,440.78
09/01/1998,414.0
08/01/1998,423.96
07/01/1998,409.42
06/01/1998,406.34
05/01/1998,396.49
03/01/1998,385.49
27/12/1997,376.31
26/12/1997,375.15
24/12/1997,351.45
23/12/1997,366.36
22/12/1997,396.06
20/12/1997,400.19
19/12/1997,397.02
17/12/1997,418.49
16/12/1997,404.26
15/12/1997,385.8
13/12/1997,359.82
12/12/1997,350.68
11/12/1997,377.37
10/12/1997,399.85
09/12/1997,388.0
08/12/1997,414.83
06/12/1997,435.73
05/12/1997,434.12
04/12/1997,405.81
03/12/1997,379.31
02/12/1997,376.87
01/12/1997,393.16
29/11/1997,407.86
28/11/1997,411.91
27/11/1997,433.1
26/11/1997,438.7
25/11/1997,439.59
24/11/1997,450.64
22/11/1997,485.43
21/11/1997,506.07
20/11/1997,488.41
19/11/1997,502.59
18/11/1997,494.66
17/11/1997,496.98
15/11/1997,519.37
14/11/1997,520.01
13/11/1997,519.47
12/11/1997,517.49
11/11/1997,522.11
10/11/1997,525.32
08/11/1997,495.7
07/11/1997,515.63
06/11/1997,553.87
05/11/1997,555.74
04/11/1997,542.13
03/11/1997,511.66
01/11/1997,497.22
31/10/1997,470.79
30/10/1997,485.08
29/10/1997,506.64
28/10/1997,495.28
27/10/1997,530.47
25/10/1997,548.47
24/10/1997,570.91
23/10/1997,604.06
22/10/1997,601.32
21/10/1997,566.85
20/10/1997,565.64
18/10/1997,584.71
17/10/1997,585.49
16/10/1997,579.25
15/10/1997,604.74
14/10/1997,620.68
13/10/1997,613.0
11/10/1997,620.23
10/10/1997,609.84
09/10/1997,609.36
08/10/1997,610.44
07/10/1997,630.03
06/10/1997,644.21
04/10/1997,646.15
02/10/1997,636.65
01/10/1997,644.92
30/09/1997,647.11
29/09/1997,625.07
27/09/1997,629.42
26/09/1997,638.26
25/09/1997,647.0
24/09/1997,655.75
23/09/1997,654.37
22/09/1997,668.45
20/09/1997,679.97
19/09/1997,689.16
18/09/1997,701.39
13/09/1997,699.74
12/09/1997,699.33
11/09/1997,695.37
10/09/1997,691.62
09/09/1997,688.97
08/09/1997,697.98
06/09/1997,702.91
05/09/1997,700.92
04/09/1997,687.99
03/09/1997,688.63
02/09/1997,688.78
01/09/1997,682.2
30/08/1997,695.37
29/08/1997,704.27
28/08/1997,716.86
27/08/1997,730.28
26/08/1997,734.03
25/08/1997,741.76
23/08/1997,742.58
22/08/1997,736.62
21/08/1997,739.47
20/08/1997,746.23
19/08/1997,741.29
18/08/1997,747.29
16/08/1997,748.41
14/08/1997,755.78
13/08/1997,762.73
12/08/1997,762.92
11/08/1997,765.07
09/08/1997,760.84
08/08/1997,752.01
07/08/1997,745.35
06/08/1997,745.65
05/08/1997,740.86
04/08/1997,734.19
02/08/1997,730.43
01/08/1997,731.45
31/07/1997,726.12
30/07/1997,726.89
29/07/1997,732.68
28/07/1997,733.92
26/07/1997,732.32
25/07/1997,733.64
24/07/1997,739.04
23/07/1997,730.58
22/07/1997,725.98
21/07/1997,740.93
19/07/1997,742.15
18/07/1997,747.37
16/07/1997,739.72
15/07/1997,755.05
14/07/1997,764.45
12/07/1997,767.27
11/07/1997,768.3
10/07/1997,767.77
09/07/1997,771.99
08/07/1997,767.74
07/07/1997,773.51
05/07/1997,779.24
04/07/1997,781.7
03/07/1997,775.26
02/07/1997,777.29
01/07/1997,758.03
30/06/1997,745.4
28/06/1997,746.89
27/06/1997,738.43
26/06/1997,744.34
25/06/1997,744.99
24/06/1997,753.7
23/06/1997,753.05
21/06/1997,760.4
20/06/1997,770.22
19/06/1997,770.95
18/06/1997,773.21
17/06/1997,792.29
16/06/1997,789.05
14/06/1997,791.97
13/06/1997,789.15
12/06/1997,774.66
11/06/1997,765.79
10/06/1997,769.83
09/06/1997,775.01
07/06/1997,762.77
05/06/1997,765.67
04/06/1997,763.25
03/06/1997,766.06
02/06/1997,758.39
31/05/1997,756.77
30/05/1997,746.36
29/05/1997,742.5
28/05/1997,738.12
27/05/1997,723.35
26/05/1997,718.99
24/05/1997,725.17
23/05/1997,730.53
22/05/1997,724.38
21/05/1997,737.71
20/05/1997,734.67
19/05/1997,721.2
17/05/1997,706.25
16/05/1997,699.53
15/05/1997,699.95
13/05/1997,683.86
12/05/1997,672.1
10/05/1997,678.98
09/05/1997,687.62
08/05/1997,684.69
07/05/1997,689.1
06/05/1997,701.57
03/05/1997,704.87
02/05/1997,706.1
30/04/1997,703.23
29/04/1997,704.05
28/04/1997,704.16
26/04/1997,699.76
25/04/1997,692.48
24/04/1997,690.8
23/04/1997,693.05
22/04/1997,687.96
21/04/1997,697.34
19/04/1997,700.65
18/04/1997,695.67
17/04/1997,694.76
16/04/1997,702.42
15/04/1997,701.39
14/04/1997,704.2
12/04/1997,696.95
11/04/1997,693.94
10/04/1997,688.04
09/04/1997,698.66
08/04/1997,694.97
07/04/1997,694.9
04/04/1997,687.42
03/04/1997,678.74
02/04/1997,678.86
01/04/1997,672.99
31/03/1997,677.34
29/03/1997,667.19
28/03/1997,652.87
27/03/1997,651.65
26/03/1997,656.62
25/03/1997,638.9
24/03/1997,617.26
22/03/1997,623.13
21/03/1997,627.63
20/03/1997,642.86
19/03/1997,646.29
18/03/1997,657.97
17/03/1997,658.9
15/03/1997,641.83
14/03/1997,642.08
13/03/1997,657.9
12/03/1997,663.9
11/03/1997,655.95
10/03/1997,667.35
08/03/1997,675.07
07/03/1997,681.22
06/03/1997,678.11
05/03/1997,674.9
04/03/1997,679.97
03/03/1997,679.64
28/02/1997,676.53
27/02/1997,669.41
26/02/1997,679.71
25/02/1997,682.81
24/02/1997,676.59
22/02/1997,681.24
21/02/1997,686.72
20/02/1997,711.13
19/02/1997,713.67
18/02/1997,706.94
17/02/1997,712.93
15/02/1997,722.32
14/02/1997,721.0
13/02/1997,716.71
12/02/1997,712.5
11/02/1997,713.43
10/02/1997,709.79
06/02/1997,700.22
05/02/1997,698.6
04/02/1997,695.95
03/02/1997,687.25
01/02/1997,683.13
31/01/1997,685.84
30/01/1997,676.52
29/01/1997,663.56
28/01/1997,662.85
27/01/1997,664.7
25/01/1997,685.11
24/01/1997,679.56
23/01/1997,676.91
22/01/1997,678.94
21/01/1997,690.54
20/01/1997,718.46
18/01/1997,694.23
17/01/1997,701.18
16/01/1997,711.86
15/01/1997,699.76
14/01/1997,686.59
13/01/1997,659.54
11/01/1997,659.54
10/01/1997,648.69
09/01/1997,639.87
08/01/1997,621.41
07/01/1997,611.05
06/01/1997,626.87
04/01/1997,643.41
03/01/1997,653.79
27/12/1996,651.22
26/12/1996,659.01
24/12/1996,677.76
23/12/1996,684.81
21/12/1996,693.14
20/12/1996,700.87
19/12/1996,690.97
18/12/1996,661.39
17/12/1996,663.35
16/12/1996,673.92
14/12/1996,687.34
13/12/1996,689.07
12/12/1996,689.38
11/12/1996,704.68
10/12/1996,702.83
09/12/1996,692.17
07/12/1996,696.11
06/12/1996,699.89
05/12/1996,706.3
04/12/1996,715.87
03/12/1996,725.59
02/12/1996,727.83
30/11/1996,726.48
29/11/1996,733.5
28/11/1996,736.92
27/11/1996,722.62
26/11/1996,715.97
25/11/1996,716.45
22/11/1996,731.44
21/11/1996,744.91
20/11/1996,744.14
19/11/1996,747.05
18/11/1996,750.82
16/11/1996,756.67
15/11/1996,750.29
14/11/1996,743.03
13/11/1996,747.32
12/11/1996,752.54
11/11/1996,729.53
09/11/1996,730.82
08/11/1996,739.11
07/11/1996,741.76
06/11/1996,747.29
05/11/1996,733.65
04/11/1996,747.42
02/11/1996,765.73
01/11/1996,767.87
31/10/1996,757.59
30/10/1996,757.09
29/10/1996,766.32
28/10/1996,780.08
26/10/1996,791.81
25/10/1996,793.78
24/10/1996,804.44
23/10/1996,811.98
22/10/1996,819.22
21/10/1996,832.62
19/10/1996,831.18
18/10/1996,830.25
17/10/1996,839.73
16/10/1996,835.17
15/10/1996,828.61
14/10/1996,842.28
12/10/1996,840.8
11/10/1996,833.43
10/10/1996,830.21
09/10/1996,817.78
08/10/1996,797.62
07/10/1996,795.33
05/10/1996,777.31
04/10/1996,776.43
02/10/1996,794.01
01/10/1996,789.47
30/09/1996,789.67
25/09/1996,793.21
24/09/1996,777.91
23/09/1996,769.2
21/09/1996,768.37
20/09/1996,759.35
19/09/1996,773.15
18/09/1996,782.1
17/09/1996,781.76
16/09/1996,781.88
14/09/1996,781.73
13/09/1996,785.19
12/09/1996,797.57
11/09/1996,801.45
10/09/1996,803.04
09/09/1996,797.38
07/09/1996,785.26
06/09/1996,784.05
05/09/1996,787.14
04/09/1996,791.64
03/09/1996,769.8
02/09/1996,774.26
31/08/1996,781.49
30/08/1996,782.87
29/08/1996,766.16
28/08/1996,753.35
27/08/1996,761.75
26/08/1996,766.89
24/08/1996,782.13
23/08/1996,781.42
22/08/1996,779.63
21/08/1996,789.12
20/08/1996,793.91
19/08/1996,800.52
17/08/1996,810.69
16/08/1996,814.96
14/08/1996,825.84
13/08/1996,833.43
12/08/1996,837.99
10/08/1996,836.77
09/08/1996,832.61
08/08/1996,837.2
07/08/1996,834.03
06/08/1996,828.05
05/08/1996,824.3
03/08/1996,824.08
02/08/1996,826.23
01/08/1996,835.27
31/07/1996,821.71
30/07/1996,807.28
29/07/1996,805.15
27/07/1996,804.55
26/07/1996,814.03
25/07/1996,820.29
24/07/1996,832.48
23/07/1996,838.78
22/07/1996,838.75
20/07/1996,840.05
19/07/1996,837.39
18/07/1996,816.47
16/07/1996,812.66
15/07/1996,814.11
13/07/1996,835.3
12/07/1996,839.82
11/07/1996,847.39
10/07/1996,858.79
09/07/1996,858.05
08/07/1996,847.99
06/07/1996,850.39
05/07/1996,845.12
04/07/1996,841.51
03/07/1996,838.24
02/07/1996,837.93
01/07/1996,833.79
29/06/1996,817.43
28/06/1996,823.53
27/06/1996,820.05
26/06/1996,823.63
25/06/1996,836.94
24/06/1996,842.48
22/06/1996,856.36
21/06/1996,864.27
20/06/1996,861.72
19/06/1996,869.56
18/06/1996,862.31
17/06/1996,856.43
15/06/1996,859.49
14/06/1996,862.53
13/06/1996,874.68
12/06/1996,873.31
11/06/1996,888.66
10/06/1996,892.17
08/06/1996,903.32
07/06/1996,907.83
05/06/1996,913.25
04/06/1996,909.43
03/06/1996,897.22
01/06/1996,907.98
31/05/1996,903.09
30/05/1996,898.56
29/05/1996,894.29
28/05/1996,906.21
27/05/1996,920.43
25/05/1996,911.76
23/05/1996,918.11
22/05/1996,924.0
21/05/1996,919.88
20/05/1996,935.07
18/05/1996,928.8
17/05/1996,937.51
16/05/1996,940.96
15/05/1996,958.17
14/05/1996,964.11
13/05/1996,978.73
11/05/1996,970.64
10/05/1996,965.83
09/05/1996,959.14
08/05/1996,976.75
07/05/1996,986.84
06/05/1996,974.1
04/05/1996,964.65
03/05/1996,965.67
02/05/1996,961.52
30/04/1996,980.9
29/04/1996,985.03
27/04/1996,968.45
26/04/1996,964.57
25/04/1996,964.69
24/04/1996,956.61
23/04/1996,940.55
22/04/1996,950.61
20/04/1996,941.69
19/04/1996,948.37
18/04/1996,936.89
17/04/1996,922.4
16/04/1996,907.73
15/04/1996,908.09
13/04/1996,895.57
12/04/1996,889.82
10/04/1996,869.17
09/04/1996,869.82
08/04/1996,877.03
06/04/1996,876.86
04/04/1996,881.5
03/04/1996,884.75
02/04/1996,884.47
01/04/1996,878.47
30/03/1996,874.16
29/03/1996,866.76
28/03/1996,856.56
27/03/1996,857.21
26/03/1996,859.07
25/03/1996,863.27
23/03/1996,868.76
22/03/1996,872.04
21/03/1996,868.2
20/03/1996,869.98
19/03/1996,860.13
18/03/1996,854.46
16/03/1996,856.58
15/03/1996,856.48
14/03/1996,844.43
13/03/1996,838.87
12/03/1996,844.42
11/03/1996,848.26
09/03/1996,863.63
08/03/1996,849.15
07/03/1996,842.22
06/03/1996,851.06
05/03/1996,857.72
04/03/1996,855.1
02/03/1996,856.51
29/02/1996,852.83
28/02/1996,855.21
27/02/1996,859.87
26/02/1996,859.05
24/02/1996,868.61
23/02/1996,876.55
22/02/1996,881.6
21/02/1996,883.23
17/02/1996,889.34
16/02/1996,878.03
15/02/1996,869.35
14/02/1996,869.98
13/02/1996,858.18
12/02/1996,865.12
10/02/1996,875.21
09/02/1996,881.88
08/02/1996,889.01
07/02/1996,883.77
06/02/1996,881.21
05/02/1996,890.68
03/02/1996,884.63
02/02/1996,881.48
01/02/1996,885.13
31/01/1996,878.82
30/01/1996,875.45
29/01/1996,873.15
27/01/1996,864.77
26/01/1996,867.38
25/01/1996,868.17
24/01/1996,865.55
23/01/1996,850.83
22/01/1996,842.8
20/01/1996,842.72
19/01/1996,848.07
18/01/1996,849.14
17/01/1996,857.06
16/01/1996,868.27
15/01/1996,865.46
13/01/1996,874.46
12/01/1996,878.64
11/01/1996,883.96
10/01/1996,885.77
09/01/1996,881.99
08/01/1996,866.81
06/01/1996,858.36
05/01/1996,856.62
04/01/1996,859.97
03/01/1996,888.85
27/12/1995,882.94
26/12/1995,876.37
23/12/1995,893.11
22/12/1995,894.67
21/12/1995,899.86
20/12/1995,892.04
19/12/1995,890.79
18/12/1995,867.18
16/12/1995,884.39
15/12/1995,899.55
14/12/1995,908.67
13/12/1995,929.46
12/12/1995,943.22
11/12/1995,947.75
09/12/1995,962.87
08/12/1995,958.62
07/12/1995,960.57
06/12/1995,954.61
05/12/1995,946.98
04/12/1995,934.95
02/12/1995,931.23
01/12/1995,939.0
30/11/1995,930.92
29/11/1995,948.31
28/11/1995,952.89
27/11/1995,949.23
25/11/1995,942.5
24/11/1995,944.85
23/11/1995,932.58
22/11/1995,921.03
21/11/1995,917.97
20/11/1995,931.64
18/11/1995,946.35
17/11/1995,952.37
16/11/1995,933.95
15/11/1995,937.04
14/11/1995,948.34
13/11/1995,954.04
11/11/1995,976.25
10/11/1995,965.95
09/11/1995,970.91
08/11/1995,980.84
07/11/1995,987.72
06/11/1995,992.77
04/11/1995,989.97
03/11/1995,989.74
02/11/1995,994.68
01/11/1995,997.52
31/10/1995,990.26
30/10/1995,982.87
28/10/1995,992.05
27/10/1995,1001.37
26/10/1995,1001.15
25/10/1995,997.88
24/10/1995,992.76
23/10/1995,976.39
21/10/1995,999.5
20/10/1995,994.89
19/10/1995,1000.22
18/10/1995,1006.7
17/10/1995,1005.78
16/10/1995,1007.48
14/10/1995,1016.77
13/10/1995,1014.3
12/10/1995,1016.66
11/10/1995,1011.0
10/10/1995,1004.16
09/10/1995,1008.29
07/10/1995,1003.4
06/10/1995,1002.07
05/10/1995,989.05
04/10/1995,982.89
02/10/1995,975.79
30/09/1995,982.65
29/09/1995,987.1
28/09/1995,985.88
27/09/1995,980.78
26/09/1995,983.82
25/09/1995,985.2
23/09/1995,991.33
22/09/1995,997.73
21/09/1995,1012.29
20/09/1995,1009.47
19/09/1995,992.57
18/09/1995,1000.21
16/09/1995,995.57
15/09/1995,985.64
14/09/1995,965.72
13/09/1995,968.32
12/09/1995,952.28
11/09/1995,950.98
07/09/1995,953.81
06/09/1995,944.52
05/09/1995,928.96
04/09/1995,922.49
02/09/1995,918.82
01/09/1995,911.36
31/08/1995,914.06
30/08/1995,914.71
29/08/1995,916.46
28/08/1995,922.44
26/08/1995,921.69
25/08/1995,921.1
24/08/1995,927.82
23/08/1995,925.81
22/08/1995,917.79
21/08/1995,913.31
19/08/1995,911.88
18/08/1995,906.9
17/08/1995,902.82
16/08/1995,904.44
14/08/1995,908.69
12/08/1995,910.03
11/08/1995,914.23
10/08/1995,916.01
09/08/1995,924.41
08/08/1995,901.87
07/08/1995,907.84
05/08/1995,914.16
04/08/1995,917.47
03/08/1995,922.95
02/08/1995,935.7
01/08/1995,944.6
31/07/1995,933.57
29/07/1995,928.64
28/07/1995,932.82
27/07/1995,940.75
26/07/1995,945.99
25/07/1995,953.53
24/07/1995,965.36
22/07/1995,963.25
21/07/1995,964.56
20/07/1995,961.41
19/07/1995,950.11
18/07/1995,961.01
15/07/1995,966.48
14/07/1995,972.02
13/07/1995,977.29
12/07/1995,962.22
11/07/1995,959.99
10/07/1995,961.84
08/07/1995,946.98
07/07/1995,942.39
06/07/1995,914.95
05/07/1995,904.98
04/07/1995,907.68
03/07/1995,914.1
01/07/1995,909.59
30/06/1995,894.41
29/06/1995,883.9
28/06/1995,872.68
26/06/1995,868.77
24/06/1995,872.46
23/06/1995,871.96
22/06/1995,871.18
21/06/1995,878.82
20/06/1995,884.35
19/06/1995,886.31
17/06/1995,880.67
16/06/1995,879.24
15/06/1995,880.91
14/06/1995,886.56
13/06/1995,887.32
12/06/1995,884.4
10/06/1995,886.31
09/06/1995,886.83
08/06/1995,890.68
07/06/1995,899.36
05/06/1995,899.04
03/06/1995,890.08
02/06/1995,894.24
01/06/1995,891.43
31/05/1995,882.5
30/05/1995,881.8
29/05/1995,887.5
27/05/1995,847.09
26/05/1995,850.76
25/05/1995,862.18
24/05/1995,848.63
23/05/1995,856.89
22/05/1995,864.13
20/05/1995,875.68
19/05/1995,876.01
18/05/1995,880.4
17/05/1995,886.2
16/05/1995,885.33
15/05/1995,887.11
13/05/1995,890.11
12/05/1995,886.11
11/05/1995,884.79
10/05/1995,891.87
09/05/1995,903.01
08/05/1995,910.39
06/05/1995,918.46
04/05/1995,922.05
03/05/1995,920.73
02/05/1995,906.04
29/04/1995,897.0
28/04/1995,896.84
27/04/1995,893.88
26/04/1995,880.73
25/04/1995,878.78
24/04/1995,876.89
22/04/1995,891.84
21/04/1995,903.16
20/04/1995,908.73
19/04/1995,909.86
18/04/1995,917.06
17/04/1995,918.89
15/04/1995,911.41
14/04/1995,906.06
13/04/1995,891.2
12/04/1995,893.47
11/04/1995,893.27
10/04/1995,899.39
08/04/1995,908.89
07/04/1995,914.3
06/04/1995,905.78
04/04/1995,911.61
03/04/1995,922.53
01/04/1995,934.09
31/03/1995,931.78
30/03/1995,926.93
29/03/1995,936.44
28/03/1995,947.9
27/03/1995,953.84
25/03/1995,955.51
24/03/1995,953.62
23/03/1995,947.27
22/03/1995,941.77
21/03/1995,946.07
20/03/1995,956.87
18/03/1995,951.34
17/03/1995,952.25
16/03/1995,954.16
15/03/1995,953.71
14/03/1995,956.65
13/03/1995,953.16
11/03/1995,954.2
10/03/1995,944.37
09/03/1995,943.75
08/03/1995,940.08
07/03/1995,936.13
06/03/1995,933.44
04/03/1995,919.15
03/03/1995,907.96
02/03/1995,903.42
28/02/1995,885.69
27/02/1995,894.6
25/02/1995,912.6
24/02/1995,892.89
23/02/1995,907.86
22/02/1995,919.48
21/02/1995,917.75
20/02/1995,929.23
18/02/1995,909.44
17/02/1995,910.22
16/02/1995,923.49
15/02/1995,926.09
14/02/1995,941.49
13/02/1995,957.1
11/02/1995,953.71
10/02/1995,955.31
09/02/1995,963.77
08/02/1995,958.35
07/02/1995,942.52
06/02/1995,945.27
04/02/1995,951.88
03/02/1995,940.64
02/02/1995,943.35
28/01/1995,925.56
27/01/1995,907.05
26/01/1995,927.85
25/01/1995,916.85
24/01/1995,916.83
23/01/1995,935.38
21/01/1995,955.11
20/01/1995,973.06
19/01/1995,974.9
18/01/1995,966.66
17/01/1995,956.96
16/01/1995,957.88
14/01/1995,969.56
13/01/1995,976.59
12/01/1995,1000.77
11/01/1995,999.08
10/01/1995,993.44
09/01/1995,998.32
07/01/1995,988.8
06/01/1995,975.32
05/01/1995,976.06
04/01/1995,997.01
03/01/1995,1013.57
28/12/1994,1027.37
27/12/1994,1025.33
26/12/1994,1024.6
24/12/1994,1035.82
23/12/1994,1040.55
22/12/1994,1040.2
21/12/1994,1026.86
20/12/1994,1023.99
19/12/1994,1028.62
17/12/1994,1036.54
16/12/1994,1036.76
15/12/1994,1027.87
14/12/1994,1026.62
13/12/1994,1025.89
12/12/1994,1042.78
10/12/1994,1033.27
09/12/1994,1037.67
08/12/1994,1053.7
07/12/1994,1068.93
06/12/1994,1075.01
05/12/1994,1065.03
03/12/1994,1054.03
02/12/1994,1053.63
01/12/1994,1066.21
30/11/1994,1074.41
29/11/1994,1081.26
28/11/1994,1069.48
26/11/1994,1081.45
25/11/1994,1079.34
24/11/1994,1085.16
23/11/1994,1095.97
22/11/1994,1106.7
21/11/1994,1117.08
19/11/1994,1117.58
18/11/1994,1118.44
17/11/1994,1120.63
16/11/1994,1118.75
15/11/1994,1125.8
14/11/1994,1128.57
12/11/1994,1116.23
11/11/1994,1122.57
10/11/1994,1126.87
09/11/1994,1138.39
08/11/1994,1138.75
07/11/1994,1132.99
05/11/1994,1125.01
04/11/1994,1119.52
03/11/1994,1117.73
02/11/1994,1105.74
01/11/1994,1108.43
31/10/1994,1105.62
29/10/1994,1098.26
28/10/1994,1082.58
27/10/1994,1084.71
26/10/1994,1092.03
25/10/1994,1091.02
24/10/1994,1081.15
22/10/1994,1088.9
21/10/1994,1095.32
20/10/1994,1088.77
19/10/1994,1094.76
18/10/1994,1113.29
17/10/1994,1109.87
15/10/1994,1096.48
14/10/1994,1103.37
13/10/1994,1096.54
12/10/1994,1089.66
11/10/1994,1078.66
10/10/1994,1068.68
08/10/1994,1061.96
07/10/1994,1065.84
06/10/1994,1069.93
05/10/1994,1057.29
04/10/1994,1064.64
01/10/1994,1054.23
30/09/1994,1050.51
29/09/1994,1037.55
28/09/1994,1039.79
27/09/1994,1052.01
26/09/1994,1045.12
24/09/1994,1037.41
23/09/1994,1030.99
22/09/1994,1034.01
17/09/1994,1023.61
16/09/1994,1000.8
15/09/1994,988.75
14/09/1994,999.36
13/09/1994,995.38
12/09/1994,995.7
10/09/1994,986.52
09/09/1994,984.8
08/09/1994,991.44
07/09/1994,972.68
06/09/1994,977.5
05/09/1994,969.61
03/09/1994,947.88
02/09/1994,944.52
01/09/1994,949.23
31/08/1994,944.23
30/08/1994,939.85
29/08/1994,936.01
27/08/1994,941.18
26/08/1994,951.38
25/08/1994,945.41
24/08/1994,943.64
23/08/1994,951.51
22/08/1994,962.96
20/08/1994,947.06
19/08/1994,943.23
18/08/1994,946.48
17/08/1994,942.96
16/08/1994,939.9
13/08/1994,944.61
12/08/1994,945.74
11/08/1994,939.19
10/08/1994,930.21
09/08/1994,917.5
08/08/1994,919.76
06/08/1994,932.17
05/08/1994,935.82
04/08/1994,927.49
03/08/1994,923.47
02/08/1994,927.55
01/08/1994,932.69
30/07/1994,927.97
29/07/1994,933.66
28/07/1994,926.2
27/07/1994,934.22
26/07/1994,935.2
25/07/1994,939.12
23/07/1994,950.58
22/07/1994,939.08
21/07/1994,935.35
20/07/1994,936.67
19/07/1994,939.05
18/07/1994,944.8
16/07/1994,949.73
15/07/1994,950.24
14/07/1994,958.72
13/07/1994,961.97
12/07/1994,960.59
11/07/1994,948.84
09/07/1994,956.38
08/07/1994,948.96
07/07/1994,945.71
06/07/1994,953.48
05/07/1994,960.49
04/07/1994,951.23
02/07/1994,938.3
01/07/1994,934.59
30/06/1994,933.36
29/06/1994,933.96
28/06/1994,923.61
27/06/1994,931.04
25/06/1994,919.96
24/06/1994,929.45
23/06/1994,935.57
22/06/1994,936.39
21/06/1994,936.83
20/06/1994,942.5
18/06/1994,926.19
17/06/1994,918.54
16/06/1994,901.08
15/06/1994,890.92
14/06/1994,903.72
13/06/1994,923.24
11/06/1994,918.6
10/06/1994,928.94
09/06/1994,935.79
08/06/1994,933.02
07/06/1994,921.72
04/06/1994,930.26
03/06/1994,942.43
02/06/1994,937.43
01/06/1994,932.77
31/05/1994,939.49
30/05/1994,945.64
28/05/1994,951.96
27/05/1994,953.86
26/05/1994,950.76
25/05/1994,943.92
24/05/1994,945.89
23/05/1994,945.5
21/05/1994,946.19
20/05/1994,948.5
19/05/1994,951.73
17/05/1994,946.87
16/05/1994,941.66
14/05/1994,942.38
13/05/1994,950.45
12/05/1994,952.45
11/05/1994,948.91
10/05/1994,947.4
09/05/1994,940.15
07/05/1994,936.41
06/05/1994,927.84
04/05/1994,922.33
03/05/1994,917.55
02/05/1994,919.26
30/04/1994,908.72
29/04/1994,900.14
28/04/1994,909.39
27/04/1994,897.43
26/04/1994,887.64
25/04/1994,892.7
23/04/1994,892.73
22/04/1994,884.85
21/04/1994,881.97
20/04/1994,880.84
19/04/1994,885.85
18/04/1994,892.15
16/04/1994,893.76
15/04/1994,889.48
14/04/1994,883.52
13/04/1994,882.33
12/04/1994,880.87
11/04/1994,894.47
09/04/1994,883.42
08/04/1994,872.53
07/04/1994,863.36
06/04/1994,863.04
04/04/1994,860.47
02/04/1994,855.37
01/04/1994,862.61
31/03/1994,867.22
30/03/1994,865.68
29/03/1994,875.62
28/03/1994,883.24
26/03/1994,872.68
25/03/1994,868.03
24/03/1994,875.72
23/03/1994,879.78
22/03/1994,877.95
21/03/1994,885.65
19/03/1994,893.99
18/03/1994,893.07
17/03/1994,898.56
16/03/1994,906.53
15/03/1994,911.43
14/03/1994,912.83
12/03/1994,903.42
11/03/1994,901.87
10/03/1994,878.58
09/03/1994,877.85
08/03/1994,884.85
07/03/1994,895.62
05/03/1994,902.77
04/03/1994,896.55
03/03/1994,902.16
02/03/1994,906.66
28/02/1994,918.88
26/02/1994,926.31
25/02/1994,919.76
24/02/1994,932.15
23/02/1994,950.01
22/02/1994,953.22
21/02/1994,946.0
19/02/1994,932.93
18/02/1994,925.39
17/02/1994,920.38
16/02/1994,920.43
15/02/1994,901.81
14/02/1994,901.38
12/02/1994,917.15
08/02/1994,923.0
07/02/1994,914.88
05/02/1994,942.6
04/02/1994,964.42
03/02/1994,955.02
02/02/1994,974.26
01/02/1994,960.1
31/01/1994,945.71
29/01/1994,946.11
28/01/1994,926.75
27/01/1994,907.44
26/01/1994,894.34
25/01/1994,892.06
24/01/1994,887.96
22/01/1994,877.75
21/01/1994,870.2
20/01/1994,878.29
19/01/1994,887.16
18/01/1994,873.06
17/01/1994,863.25
15/01/1994,868.65
14/01/1994,879.03
13/01/1994,898.66
12/01/1994,886.31
11/01/1994,881.02
10/01/1994,873.04
08/01/1994,890.01
07/01/1994,895.25
06/01/1994,893.17
05/01/1994,886.93
04/01/1994,877.3
03/01/1994,879.32
28/12/1993,866.18
27/12/1993,873.88
24/12/1993,861.42
23/12/1993,858.37
22/12/1993,868.6
21/12/1993,865.79
20/12/1993,848.63
18/12/1993,864.0
17/12/1993,874.1
16/12/1993,870.72
15/12/1993,865.86
14/12/1993,857.2
13/12/1993,850.03
11/12/1993,866.88
10/12/1993,861.72
09/12/1993,843.95
08/12/1993,836.71
07/12/1993,823.17
06/12/1993,826.49
04/12/1993,821.59
03/12/1993,806.86
02/12/1993,801.17
01/12/1993,808.75
30/11/1993,811.06
29/11/1993,804.54
27/11/1993,805.51
26/11/1993,810.04
25/11/1993,819.42
24/11/1993,828.98
23/11/1993,817.9
22/11/1993,834.58
20/11/1993,846.47
19/11/1993,840.36
18/11/1993,822.63
17/11/1993,810.17
16/11/1993,802.65
15/11/1993,810.72
13/11/1993,796.65
12/11/1993,791.47
11/11/1993,783.35
10/11/1993,777.89
09/11/1993,780.2
08/11/1993,775.47
06/11/1993,769.37
05/11/1993,773.3
04/11/1993,766.55
03/11/1993,756.87
02/11/1993,759.42
01/11/1993,761.76
30/10/1993,750.72
29/10/1993,742.72
28/10/1993,742.83
27/10/1993,744.86
26/10/1993,747.97
25/10/1993,742.48
23/10/1993,736.28
22/10/1993,736.99
21/10/1993,741.1
20/10/1993,738.63
19/10/1993,741.24
18/10/1993,747.19
16/10/1993,739.14
15/10/1993,734.67
14/10/1993,737.77
13/10/1993,740.39
12/10/1993,723.57
11/10/1993,722.09
09/10/1993,712.35
08/10/1993,714.58
07/10/1993,717.82
06/10/1993,716.9
05/10/1993,717.71
04/10/1993,715.05
02/10/1993,719.55
28/09/1993,718.87
27/09/1993,717.83
25/09/1993,703.55
24/09/1993,702.2
23/09/1993,703.49
22/09/1993,697.56
21/09/1993,694.66
20/09/1993,695.12
18/09/1993,685.94
17/09/1993,688.34
16/09/1993,686.39
15/09/1993,691.44
14/09/1993,695.37
13/09/1993,700.75
11/09/1993,696.61
10/09/1993,696.76
09/09/1993,696.14
08/09/1993,683.6
07/09/1993,690.95
06/09/1993,675.77
04/09/1993,665.66
03/09/1993,680.36
02/09/1993,678.03
01/09/1993,674.86
31/08/1993,664.88
30/08/1993,672.12
28/08/1993,689.82
27/08/1993,685.87
26/08/1993,695.74
25/08/1993,705.1
24/08/1993,715.03
23/08/1993,727.06
21/08/1993,734.39
20/08/1993,729.86
19/08/1993,737.97
18/08/1993,713.18
17/08/1993,688.94
16/08/1993,691.67
14/08/1993,666.67
13/08/1993,693.57
12/08/1993,725.94
11/08/1993,723.65
10/08/1993,719.44
09/08/1993,709.59
07/08/1993,716.88
06/08/1993,721.48
05/08/1993,732.05
04/08/1993,720.02
03/08/1993,721.54
02/08/1993,719.45
31/07/1993,729.94
30/07/1993,730.5
29/07/1993,743.21
28/07/1993,749.03
27/07/1993,750.48
26/07/1993,745.07
24/07/1993,741.83
23/07/1993,741.81
22/07/1993,746.56
21/07/1993,751.94
20/07/1993,749.86
19/07/1993,749.38
16/07/1993,759.17
15/07/1993,762.4
14/07/1993,762.96
13/07/1993,762.94
12/07/1993,769.07
10/07/1993,769.87
09/07/1993,770.46
08/07/1993,760.68
07/07/1993,753.11
06/07/1993,750.0
05/07/1993,752.78
03/07/1993,748.3
02/07/1993,746.88
01/07/1993,753.26
30/06/1993,748.87
29/06/1993,745.69
28/06/1993,734.22
26/06/1993,749.27
25/06/1993,760.01
24/06/1993,762.95
23/06/1993,762.53
22/06/1993,770.62
21/06/1993,766.06
19/06/1993,760.2
18/06/1993,762.09
17/06/1993,762.54
16/06/1993,759.26
15/06/1993,757.84
14/06/1993,759.47
12/06/1993,765.86
11/06/1993,768.48
10/06/1993,773.39
09/06/1993,777.25
08/06/1993,768.19
07/06/1993,766.28
05/06/1993,754.59
04/06/1993,760.15
03/06/1993,763.15
02/06/1993,759.81
01/06/1993,751.97
31/05/1993,752.31
29/05/1993,738.75
27/05/1993,737.22
26/05/1993,729.91
25/05/1993,727.27
24/05/1993,733.91
22/05/1993,733.34
21/05/1993,727.99
20/05/1993,727.37
19/05/1993,724.76
18/05/1993,722.61
17/05/1993,717.17
15/05/1993,705.38
14/05/1993,707.01
13/05/1993,710.61
12/05/1993,700.08
11/05/1993,701.36
10/05/1993,704.22
08/05/1993,703.16
07/05/1993,703.85
06/05/1993,710.8
04/05/1993,719.83
03/05/1993,718.59
01/05/1993,717.68
30/04/1993,721.57
29/04/1993,724.76
28/04/1993,728.41
27/04/1993,722.96
26/04/1993,730.92
24/04/1993,734.18
23/04/1993,735.7
22/04/1993,737.59
21/04/1993,733.58
20/04/1993,721.66
19/04/1993,725.76
17/04/1993,712.3
16/04/1993,706.86
15/04/1993,716.76
14/04/1993,704.92
13/04/1993,720.52
12/04/1993,720.96
10/04/1993,708.33
09/04/1993,702.93
08/04/1993,695.07
07/04/1993,699.49
06/04/1993,697.11
03/04/1993,689.24
02/04/1993,681.37
01/04/1993,665.61
31/03/1993,666.75
30/03/1993,665.02
29/03/1993,653.21
27/03/1993,656.48
26/03/1993,659.02
25/03/1993,662.69
24/03/1993,666.66
23/03/1993,666.95
22/03/1993,658.75
20/03/1993,668.75
19/03/1993,668.63
18/03/1993,666.39
17/03/1993,663.05
16/03/1993,637.87
15/03/1993,645.73
13/03/1993,634.84
12/03/1993,628.16
11/03/1993,615.26
09/03/1993,626.23
08/03/1993,625.62
06/03/1993,605.93
05/03/1993,615.57
04/03/1993,622.22
03/03/1993,632.99
02/03/1993,633.73
27/02/1993,642.96
26/02/1993,644.7
25/02/1993,655.61
24/02/1993,672.81
23/02/1993,676.62
22/02/1993,674.71
20/02/1993,652.07
19/02/1993,654.52
18/02/1993,653.91
17/02/1993,665.12
16/02/1993,672.22
15/02/1993,677.52
13/02/1993,677.33
12/02/1993,683.4
11/02/1993,681.6
10/02/1993,677.25
09/02/1993,675.33
08/02/1993,672.18
06/02/1993,671.42
05/02/1993,677.31
04/02/1993,684.04
03/02/1993,678.34
02/02/1993,666.18
01/02/1993,663.57
30/01/1993,670.56
29/01/1993,679.96
28/01/1993,687.79
27/01/1993,694.57
26/01/1993,702.5
25/01/1993,707.61
21/01/1993,699.92
20/01/1993,700.0
19/01/1993,699.32
18/01/1993,693.23
16/01/1993,691.31
15/01/1993,693.29
14/01/1993,692.23
13/01/1993,705.93
12/01/1993,703.05
11/01/1993,708.42
09/01/1993,709.77
08/01/1993,704.5
07/01/1993,696.95
06/01/1993,688.4
05/01/1993,690.79
04/01/1993,697.41
28/12/1992,678.44
26/12/1992,687.93
24/12/1992,675.36
23/12/1992,670.43
22/12/1992,657.01
21/12/1992,653.46
19/12/1992,663.31
17/12/1992,660.6
16/12/1992,654.09
15/12/1992,650.21
14/12/1992,651.23
12/12/1992,647.28
11/12/1992,645.7
10/12/1992,642.03
09/12/1992,620.74
08/12/1992,625.61
07/12/1992,616.21
05/12/1992,623.25
04/12/1992,635.28
03/12/1992,638.93
02/12/1992,650.2
01/12/1992,659.93
30/11/1992,663.36
28/11/1992,652.94
27/11/1992,650.85
26/11/1992,660.94
25/11/1992,652.47
24/11/1992,655.05
23/11/1992,669.46
21/11/1992,654.08
20/11/1992,635.55
19/11/1992,632.49
18/11/1992,621.25
17/11/1992,631.42
16/11/1992,616.64
14/11/1992,632.28
13/11/1992,652.97
12/11/1992,636.99
11/11/1992,658.96
10/11/1992,676.86
09/11/1992,686.81
07/11/1992,664.35
06/11/1992,644.94
05/11/1992,631.31
04/11/1992,619.0
03/11/1992,605.52
02/11/1992,621.97
31/10/1992,615.58
30/10/1992,610.09
29/10/1992,605.78
28/10/1992,585.34
27/10/1992,584.1
26/10/1992,582.74
24/10/1992,557.86
23/10/1992,571.34
22/10/1992,568.97
21/10/1992,559.71
20/10/1992,540.45
19/10/1992,539.7
17/10/1992,526.45
16/10/1992,518.91
15/10/1992,521.85
14/10/1992,524.96
13/10/1992,514.39
12/10/1992,514.9
10/10/1992,525.77
09/10/1992,524.27
08/10/1992,518.43
07/10/1992,524.38
06/10/1992,507.76
05/10/1992,502.22
02/10/1992,513.12
01/10/1992,508.76
30/09/1992,513.82
29/09/1992,514.11
28/09/1992,516.04
26/09/1992,524.23
25/09/1992,525.57
24/09/1992,523.35
23/09/1992,524.35
22/09/1992,519.16
21/09/1992,521.54
19/09/1992,540.55
18/09/1992,535.02
17/09/1992,533.66
16/09/1992,539.3
15/09/1992,544.82
14/09/1992,551.31
09/09/1992,551.12
08/09/1992,553.35
07/09/1992,557.59
05/09/1992,534.69
04/09/1992,544.08
03/09/1992,563.94
02/09/1992,562.74
01/09/1992,558.6
31/08/1992,562.8
29/08/1992,539.21
28/08/1992,518.56
27/08/1992,520.61
26/08/1992,513.87
25/08/1992,494.5
24/08/1992,483.73
22/08/1992,471.61
21/08/1992,459.07
20/08/1992,467.7
19/08/1992,479.09
18/08/1992,464.95
17/08/1992,462.13
14/08/1992,478.9
13/08/1992,488.25
12/08/1992,492.66
11/08/1992,502.45
10/08/1992,507.88
08/08/1992,494.35
07/08/1992,495.22
06/08/1992,500.04
05/08/1992,493.33
04/08/1992,501.48
03/08/1992,508.63
01/08/1992,506.57
31/07/1992,509.95
30/07/1992,509.23
29/07/1992,508.84
28/07/1992,514.45
27/07/1992,517.48
25/07/1992,521.76
24/07/1992,521.99
23/07/1992,518.53
22/07/1992,526.0
21/07/1992,511.84
20/07/1992,505.3
18/07/1992,505.64
16/07/1992,511.61
15/07/1992,514.19
14/07/1992,527.08
13/07/1992,512.54
11/07/1992,519.5
10/07/1992,523.88
09/07/1992,523.07
08/07/1992,531.79
07/07/1992,535.34
06/07/1992,535.72
04/07/1992,545.41
03/07/1992,547.2
02/07/1992,548.28
01/07/1992,551.98
30/06/1992,552.03
29/06/1992,551.55
27/06/1992,551.88
26/06/1992,552.09
25/06/1992,548.3
24/06/1992,551.99
23/06/1992,559.99
22/06/1992,558.32
20/06/1992,565.29
19/06/1992,571.02
18/06/1992,563.85
17/06/1992,576.72
16/06/1992,579.95
15/06/1992,579.81
13/06/1992,580.8
12/06/1992,566.2
11/06/1992,570.5
10/06/1992,562.87
09/06/1992,561.76
08/06/1992,563.65
05/06/1992,569.2
04/06/1992,568.81
03/06/1992,568.98
02/06/1992,567.34
01/06/1992,569.19
30/05/1992,574.2
29/05/1992,570.93
28/05/1992,578.63
27/05/1992,585.23
26/05/1992,569.51
25/05/1992,571.39
23/05/1992,575.87
22/05/1992,582.88
21/05/1992,573.83
20/05/1992,579.91
19/05/1992,587.97
18/05/1992,588.05
16/05/1992,585.84
15/05/1992,589.3
14/05/1992,587.56
13/05/1992,592.29
12/05/1992,586.4
11/05/1992,587.52
09/05/1992,594.62
08/05/1992,599.25
07/05/1992,603.34
06/05/1992,611.85
04/05/1992,620.33
02/05/1992,614.95
01/05/1992,620.37
30/04/1992,615.97
29/04/1992,612.72
28/04/1992,597.24
27/04/1992,608.06
25/04/1992,594.88
24/04/1992,595.88
23/04/1992,582.87
22/04/1992,584.22
21/04/1992,588.51
20/04/1992,587.81
18/04/1992,587.79
17/04/1992,587.72
16/04/1992,587.33
15/04/1992,578.11
14/04/1992,575.56
13/04/1992,578.19
11/04/1992,576.11
10/04/1992,569.65
09/04/1992,575.98
08/04/1992,572.97
07/04/1992,579.09
06/04/1992,590.02
04/04/1992,589.83
03/04/1992,596.39
02/04/1992,585.67
01/04/1992,599.0
31/03/1992,606.32
30/03/1992,597.69
28/03/1992,602.66
27/03/1992,617.38
26/03/1992,611.7
25/03/1992,607.83
23/03/1992,624.13
21/03/1992,617.3
20/03/1992,615.39
19/03/1992,612.67
18/03/1992,614.36
17/03/1992,615.19
16/03/1992,608.36
14/03/1992,609.45
13/03/1992,614.58
12/03/1992,619.11
11/03/1992,619.05
09/03/1992,628.02
07/03/1992,624.49
06/03/1992,626.09
05/03/1992,619.23
04/03/1992,630.47
03/03/1992,615.92
02/03/1992,620.65
29/02/1992,612.5
28/02/1992,614.99
27/02/1992,624.36
26/02/1992,621.42
25/02/1992,632.07
24/02/1992,637.73
22/02/1992,640.96
21/02/1992,632.91
20/02/1992,632.66
19/02/1992,648.13
18/02/1992,638.22
17/02/1992,640.14
15/02/1992,647.71
14/02/1992,658.63
13/02/1992,656.49
12/02/1992,664.23
11/02/1992,674.32
10/02/1992,687.18
08/02/1992,691.48
07/02/1992,690.9
06/02/1992,690.84
01/02/1992,691.37
31/01/1992,680.51
30/01/1992,664.13
29/01/1992,659.28
28/01/1992,665.96
27/01/1992,675.11
25/01/1992,664.29
24/01/1992,658.04
23/01/1992,667.47
22/01/1992,646.28
21/01/1992,630.0
20/01/1992,633.87
18/01/1992,621.21
17/01/1992,616.72
16/01/1992,610.19
15/01/1992,604.63
14/01/1992,616.12
13/01/1992,609.9
11/01/1992,617.92
10/01/1992,619.47
09/01/1992,637.11
08/01/1992,625.85
07/01/1992,645.27
06/01/1992,650.1
04/01/1992,650.31
03/01/1992,624.23
26/12/1991,610.92
24/12/1991,610.59
23/12/1991,586.51
21/12/1991,601.01
20/12/1991,612.25
19/12/1991,607.39
18/12/1991,607.69
17/12/1991,623.4
16/12/1991,630.45
14/12/1991,639.72
13/12/1991,647.37
12/12/1991,653.4
11/12/1991,641.15
10/12/1991,635.76
09/12/1991,615.7
07/12/1991,619.88
06/12/1991,635.17
05/12/1991,621.04
04/12/1991,631.59
03/12/1991,643.93
02/12/1991,651.44
30/11/1991,652.11
29/11/1991,652.47
28/11/1991,660.73
27/11/1991,649.03
26/11/1991,649.32
25/11/1991,656.38
23/11/1991,660.57
22/11/1991,660.64
21/11/1991,664.68
20/11/1991,668.13
19/11/1991,656.01
18/11/1991,663.75
16/11/1991,665.65
15/11/1991,667.84
14/11/1991,673.35
13/11/1991,675.85
12/11/1991,677.53
11/11/1991,679.58
09/11/1991,684.66
08/11/1991,682.03
07/11/1991,679.42
06/11/1991,679.2
05/11/1991,667.04
04/11/1991,669.92
02/11/1991,684.72
01/11/1991,689.32
31/10/1991,695.94
30/10/1991,700.38
29/10/1991,694.45
28/10/1991,693.09
26/10/1991,701.81
25/10/1991,708.07
24/10/1991,711.29
23/10/1991,714.36
22/10/1991,709.89
21/10/1991,716.67
19/10/1991,698.24
18/10/1991,696.53
17/10/1991,695.76
16/10/1991,692.06
15/10/1991,700.18
14/10/1991,703.81
12/10/1991,701.99
11/10/1991,708.3
10/10/1991,715.41
09/10/1991,709.38
08/10/1991,707.75
07/10/1991,713.88
05/10/1991,712.52
04/10/1991,720.53
02/10/1991,705.18
01/10/1991,706.63
30/09/1991,705.08
28/09/1991,691.74
27/09/1991,685.21
26/09/1991,679.48
25/09/1991,680.3
24/09/1991,683.93
20/09/1991,689.04
19/09/1991,683.7
18/09/1991,685.49
17/09/1991,682.95
16/09/1991,685.34
14/09/1991,688.71
13/09/1991,680.85
12/09/1991,683.31
11/09/1991,690.71
10/09/1991,688.69
09/09/1991,689.25
07/09/1991,681.9
06/09/1991,674.94
05/09/1991,674.81
04/09/1991,683.54
03/09/1991,675.67
02/09/1991,675.12
31/08/1991,683.11
30/08/1991,686.21
29/08/1991,685.44
28/08/1991,692.28
27/08/1991,690.34
26/08/1991,701.0
24/08/1991,697.74
23/08/1991,701.68
22/08/1991,716.95
21/08/1991,690.06
20/08/1991,686.1
19/08/1991,669.62
17/08/1991,698.95
16/08/1991,702.25
14/08/1991,693.12
13/08/1991,709.67
12/08/1991,706.06
10/08/1991,721.58
09/08/1991,745.13
08/08/1991,738.1
07/08/1991,741.67
06/08/1991,763.1
05/08/1991,758.18
03/08/1991,748.15
02/08/1991,733.03
01/08/1991,714.95
31/07/1991,717.03
30/07/1991,734.48
29/07/1991,714.27
27/07/1991,693.22
26/07/1991,674.34
25/07/1991,664.32
24/07/1991,666.1
23/07/1991,658.27
22/07/1991,659.49
20/07/1991,652.74
19/07/1991,650.06
18/07/1991,651.27
16/07/1991,636.14
15/07/1991,635.21
13/07/1991,636.5
12/07/1991,631.78
11/07/1991,621.74
10/07/1991,614.15
09/07/1991,614.42
08/07/1991,617.18
06/07/1991,610.43
05/07/1991,614.58
04/07/1991,603.37
03/07/1991,602.83
02/07/1991,611.65
01/07/1991,616.9
29/06/1991,605.27
28/06/1991,602.6
27/06/1991,602.61
26/06/1991,597.6
25/06/1991,595.21
24/06/1991,593.05
22/06/1991,590.57
21/06/1991,597.69
19/06/1991,604.27
18/06/1991,606.79
17/06/1991,608.77
15/06/1991,613.57
14/06/1991,613.71
13/06/1991,610.05
12/06/1991,610.96
11/06/1991,607.85
10/06/1991,606.55
08/06/1991,605.6
07/06/1991,604.07
05/06/1991,613.31
04/06/1991,601.19
03/06/1991,605.11
01/06/1991,612.47
31/05/1991,611.35
30/05/1991,613.74
29/05/1991,612.33
28/05/1991,613.82
27/05/1991,617.3
25/05/1991,617.29
24/05/1991,619.29
23/05/1991,624.89
22/05/1991,624.32
20/05/1991,628.71
18/05/1991,636.38
17/05/1991,636.55
16/05/1991,635.45
15/05/1991,632.17
14/05/1991,638.61
13/05/1991,630.84
11/05/1991,629.17
10/05/1991,629.83
09/05/1991,634.72
08/05/1991,631.12
07/05/1991,635.17
06/05/1991,640.62
04/05/1991,645.5
03/05/1991,649.1
02/05/1991,652.27
01/05/1991,644.39
30/04/1991,645.61
29/04/1991,644.6
27/04/1991,638.71
26/04/1991,634.29
25/04/1991,626.36
24/04/1991,632.63
23/04/1991,637.84
22/04/1991,615.61
20/04/1991,620.57
19/04/1991,628.33
18/04/1991,625.89
17/04/1991,632.55
16/04/1991,635.41
15/04/1991,634.52
13/04/1991,638.21
12/04/1991,639.44
11/04/1991,641.46
10/04/1991,645.75
09/04/1991,646.04
08/04/1991,646.46
06/04/1991,651.0
04/04/1991,654.14
03/04/1991,649.43
02/04/1991,643.56
01/04/1991,650.05
30/03/1991,659.85
29/03/1991,648.84
28/03/1991,651.98
27/03/1991,655.18
25/03/1991,664.05
23/03/1991,659.49
22/03/1991,659.83
21/03/1991,663.37
20/03/1991,669.36
19/03/1991,672.16
18/03/1991,678.15
16/03/1991,679.64
15/03/1991,682.97
14/03/1991,677.11
13/03/1991,679.21
12/03/1991,683.83
11/03/1991,681.38
09/03/1991,681.73
08/03/1991,675.94
07/03/1991,674.87
06/03/1991,676.37
05/03/1991,669.83
04/03/1991,670.42
02/03/1991,677.55
28/02/1991,675.57
27/02/1991,671.71
26/02/1991,677.27
25/02/1991,692.8
23/02/1991,685.39
22/02/1991,676.1
21/02/1991,672.1
20/02/1991,669.91
19/02/1991,669.45
18/02/1991,674.09
13/02/1991,644.91
12/02/1991,648.11
11/02/1991,629.57
09/02/1991,631.27
08/02/1991,628.85
07/02/1991,634.31
06/02/1991,635.66
05/02/1991,631.93
04/02/1991,632.79
02/02/1991,634.72
01/02/1991,632.53
31/01/1991,635.4
30/01/1991,638.09
29/01/1991,635.65
28/01/1991,633.93
26/01/1991,632.2
25/01/1991,632.95
24/01/1991,638.02
23/01/1991,625.22
22/01/1991,632.92
21/01/1991,636.91
19/01/1991,663.1
18/01/1991,667.35
17/01/1991,641.42
16/01/1991,613.34
15/01/1991,624.62
14/01/1991,652.25
12/01/1991,649.19
11/01/1991,627.7
10/01/1991,635.46
09/01/1991,660.39
08/01/1991,659.68
07/01/1991,676.65
