"Fecha","Último","Apertura","Máximo","Mínimo","Vol.","% var."
"08.07.2026","10.853,73","10.842,40","10.854,79","10.814,13","228,06M","0,01%"
"07.07.2026","10.852,41","10.817,49","10.852,41","10.788,08","219,52M","0,36%"
"06.07.2026","10.813,04","10.804,58","10.839,89","10.793,41","244,71M","0,13%"
"05.07.2026","10.798,97","10.830,93","10.837,64","10.775,19","198,13M","-0,26%"
"02.07.2026","10.826,98","10.858,47","10.868,11","10.826,98","261,83M","-0,28%"
"01.07.2026","10.856,90","10.804,90","10.879,82","10.804,89","294,13M","0,53%"
"30.06.2026","10.799,92","10.791,99","10.819,47","10.756,51","305,09M","0,07%"
"29.06.2026","10.792,15","10.905,52","10.918,38","10.785,08","246,68M","-1,06%"
"28.06.2026","10.907,67","10.936,34","10.951,01","10.877,35","145,67M","-0,23%"
"25.06.2026","10.933,23","10.987,19","10.994,78","10.933,23","207,57M","-0,67%"
"24.06.2026","11.006,80","11.016,54","11.072,20","11.006,80","241,85M","-0,25%"
"23.06.2026","11.033,99","11.067,10","11.074,18","11.022,68","201,81M","-0,35%"
"22.06.2026","11.072,40","11.082,90","11.084,31","11.052,74","179,89M","-0,04%"
"21.06.2026","11.076,67","11.109,06","11.128,22","11.067,41","166,83M","-0,40%"
"18.06.2026","11.121,13","11.117,12","11.136,26","11.099,80","275,07M","0,06%"
"17.06.2026","11.114,90","11.123,12","11.148,48","11.093,58","181,21M","-0,27%"
"16.06.2026","11.145,55","11.106,77","11.172,15","11.101,35","235,36M","0,45%"
"15.06.2026","11.095,86","11.156,38","11.159,46","11.091,01","307,15M","-0,08%"
"14.06.2026","11.104,42","11.090,61","11.137,49","11.085,62","202,95M","0,57%"
"11.06.2026","11.042,02","11.009,41","11.042,02","10.995,98","214,08M","0,27%"
"10.06.2026","11.012,64","11.115,48","11.115,71","11.008,20","237,69M","-0,92%"
"09.06.2026","11.115,37","10.985,35","11.115,37","10.982,07","315,72M","1,30%"
"08.06.2026","10.973,08","10.892,44","10.982,03","10.879,94","268,92M","0,41%"
"07.06.2026","10.928,79","10.948,32","10.957,35","10.907,90","185,98M","-0,56%"
"04.06.2026","10.990,45","11.006,69","11.015,93","10.972,84","236,91M","-0,11%"
"03.06.2026","11.002,04","11.023,83","11.047,53","10.975,96","229,49M","-0,12%"
"02.06.2026","11.015,55","11.022,32","11.050,47","10.991,01","299,61M","0,05%"
"01.06.2026","11.009,52","11.062,11","11.083,52","11.009,52","388,37M","-0,62%"
"31.05.2026","11.077,91","11.077,91","11.077,91","11.077,91","206,87M","0,46%"
"21.05.2026","11.027,54","11.001,51","11.032,07","10.973,13","372,87M","0,38%"
"20.05.2026","10.985,56","10.972,66","11.013,68","10.945,35","249,16M","0,03%"
"19.05.2026","10.982,30","10.956,47","10.988,96","10.944,33","245,88M","0,24%"
"18.05.2026","10.956,10","10.960,91","11.001,02","10.933,53","214,51M","-0,11%"
"17.05.2026","10.967,94","10.994,32","10.996,46","10.946,52","158,93M","-0,25%"
"14.05.2026","10.995,44","11.038,31","11.067,86","10.992,76","275,78M","-0,22%"
"13.05.2026","11.020,07","11.050,71","11.068,29","11.020,07","273,04M","-0,17%"
"12.05.2026","11.039,23","11.166,19","11.174,69","11.039,23","289,36M","-1,07%"
"11.05.2026","11.158,45","11.113,59","11.192,12","11.090,69","319,18M","0,39%"
"10.05.2026","11.115,07","11.060,64","11.144,84","11.029,52","202,19M","0,76%"
"07.05.2026","11.031,32","10.986,99","11.044,80","10.965,60","298,90M","0,75%"
"06.05.2026","10.949,27","11.024,14","11.052,87","10.949,27","320,96M","-0,52%"
"05.05.2026","11.006,97","11.077,54","11.081,65","10.973,65","285,24M","-0,75%"
"04.05.2026","11.090,65","11.187,69","11.190,78","11.076,34","301,36M","-0,91%"
"03.05.2026","11.192,84","11.198,14","11.224,11","11.159,10","250,81M","0,05%"
"30.04.2026","11.187,66","11.238,99","11.249,30","11.187,66","465,68M","-0,45%"
"29.04.2026","11.238,07","11.197,35","11.241,48","11.179,84","357,32M","0,52%"
"28.04.2026","11.179,95","11.199,13","11.223,14","11.177,66","328,69M","0,10%"
"27.04.2026","11.168,51","11.136,50","11.200,61","11.100,87","374,52M","0,42%"
"26.04.2026","11.121,56","11.116,77","11.146,65","11.072,77","216,69M","0,11%"
"23.04.2026","11.109,59","11.243,92","11.250,12","11.102,31","331,37M","-1,20%"
"22.04.2026","11.244,99","11.348,93","11.354,86","11.243,13","280,79M","-0,88%"
"21.04.2026","11.344,96","11.395,19","11.466,64","11.331,87","275,68M","-0,19%"
"20.04.2026","11.366,79","11.466,50","11.476,16","11.366,79","258,03M","-0,85%"
"19.04.2026","11.464,54","11.547,17","11.566,21","11.450,16","252,70M","-0,78%"
"16.04.2026","11.554,16","11.585,05","11.585,05","11.519,06","330,42M","-0,30%"
"15.04.2026","11.589,05","11.484,01","11.592,30","11.483,86","374,73M","0,90%"
"14.04.2026","11.486,18","11.427,20","11.489,08","11.414,90","279,37M","0,52%"
"13.04.2026","11.426,77","11.318,41","11.426,77","11.309,60","285,94M","0,99%"
"12.04.2026","11.314,64","11.299,58","11.355,63","11.269,41","224,93M","-0,25%"
"09.04.2026","11.343,17","11.322,21","11.343,17","11.285,00","271,75M","0,04%"
"08.04.2026","11.339,00","11.235,10","11.339,00","11.214,54","407,02M","2,27%"
"07.04.2026","11.087,54","11.250,74","11.251,75","11.086,26","287,57M","-1,55%"
"06.04.2026","11.262,62","11.273,53","11.294,50","11.241,05","253,84M","-0,08%"
"05.04.2026","11.271,96","11.271,33","11.305,44","11.247,08","260,94M","0,03%"
"02.04.2026","11.268,38","11.276,60","11.315,34","11.238,58","301,57M","-0,07%"
"01.04.2026","11.275,90","11.287,61","11.312,77","11.242,19","325,47M","0,23%"
"31.03.2026","11.249,54","11.167,84","11.275,68","11.155,97","366,59M","0,74%"
"30.03.2026","11.167,27","11.097,50","11.184,66","11.095,56","298,20M","0,82%"
"29.03.2026","11.076,40","11.095,64","11.140,43","11.067,76","199,52M","-0,13%"
"26.03.2026","11.090,33","11.083,18","11.112,63","11.036,99","263,42M","0,09%"
"25.03.2026","11.079,93","10.953,18","11.087,26","10.939,53","262,42M","1,19%"
"24.03.2026","10.949,38","10.954,43","10.982,86","10.880,50","337,04M","0,03%"
"16.03.2026","10.946,26","10.900,48","10.946,26","10.849,79","255,17M","0,55%"
"15.03.2026","10.886,63","10.884,17","10.900,75","10.779,03","153,17M","-0,06%"
"12.03.2026","10.893,27","10.946,16","10.986,41","10.877,76","236,21M","-0,45%"
"11.03.2026","10.942,00","10.944,27","11.035,95","10.913,25","224,78M","0,11%"
"10.03.2026","10.930,05","10.783,73","10.947,06","10.779,55","243,37M","0,92%"
"09.03.2026","10.830,73","11.037,93","11.043,34","10.828,31","343,87M","-1,60%"
"08.03.2026","11.007,19","10.887,65","11.021,99","10.885,55","282,94M","2,14%"
"05.03.2026","10.776,32","10.747,39","10.846,98","10.737,28","252,66M","0,78%"
"04.03.2026","10.692,69","10.586,51","10.782,40","10.579,10","321,34M","1,20%"
"03.03.2026","10.565,74","10.478,67","10.570,24","10.469,77","250,70M","0,73%"
"02.03.2026","10.488,91","10.489,80","10.586,46","10.366,46","277,44M","0,13%"
"01.03.2026","10.475,55","10.195,24","10.594,70","10.193,83","257,03M","-2,18%"
"26.02.2026","10.709,04","10.824,37","10.830,89","10.703,70","271,21M","-1,28%"
"25.02.2026","10.847,93","10.879,61","10.905,17","10.802,82","167,16M","-0,54%"
"24.02.2026","10.906,44","10.947,60","10.957,15","10.872,91","189,12M","-0,71%"
"23.02.2026","10.984,06","10.965,92","11.035,61","10.878,15","245,21M","0,34%"
"19.02.2026","10.947,25","11.146,96","11.147,04","10.929,79","254,83M","-1,87%"
"18.02.2026","11.155,45","11.050,75","11.155,45","11.018,90","209,30M","0,52%"
"17.02.2026","11.098,06","11.165,61","11.168,05","11.042,84","226,03M","-0,77%"
"16.02.2026","11.183,85","11.229,74","11.230,18","11.161,89","235,32M","-0,40%"
"15.02.2026","11.228,64","11.248,39","11.264,72","11.221,41","216,53M","-0,21%"
"12.02.2026","11.251,81","11.155,74","11.251,81","11.142,57","341,63M","0,75%"
"11.02.2026","11.167,54","11.201,95","11.218,92","11.130,45","356,35M","-0,41%"
"10.02.2026","11.213,97","11.190,54","11.213,97","11.150,77","303,64M","0,17%"
"09.02.2026","11.195,45","11.219,91","11.246,04","11.130,78","239,53M","-0,19%"
"08.02.2026","11.216,93","11.289,41","11.320,13","11.188,44","150,45M","0,25%"
"05.02.2026","11.188,73","11.320,52","11.322,09","11.164,35","239,04M","-1,34%"
"04.02.2026","11.341,27","11.330,43","11.381,82","11.306,60","219,42M","0,11%"
"03.02.2026","11.328,52","11.339,49","11.372,84","11.300,68","220,36M","0,07%"
"02.02.2026","11.321,09","11.066,75","11.321,09","11.022,14","240,24M","1,38%"
"01.02.2026","11.167,48","11.344,98","11.371,50","11.089,27","208,09M","-1,89%"
"29.01.2026","11.382,08","11.470,22","11.484,52","11.382,08","299,95M","-0,66%"
"28.01.2026","11.458,11","11.415,39","11.463,23","11.395,69","280,00M","0,67%"
"27.01.2026","11.381,83","11.292,15","11.394,52","11.288,25","326,97M","0,99%"
"26.01.2026","11.270,62","11.276,20","11.277,61","11.191,22","252,13M","0,02%"
"25.01.2026","11.268,48","11.139,09","11.285,13","11.139,01","214,07M","1,21%"
"22.01.2026","11.133,58","10.966,38","11.133,58","10.963,62","269,01M","1,69%"
"21.01.2026","10.948,28","10.900,01","10.958,18","10.871,23","234,68M","0,33%"
"20.01.2026","10.912,43","10.901,76","10.940,31","10.896,12","194,17M","-0,04%"
"19.01.2026","10.917,04","10.923,99","10.925,58","10.868,18","200,21M","0,04%"
"18.01.2026","10.912,18","10.847,81","10.952,19","10.844,48","180,00M","0,87%"
"15.01.2026","10.818,32","10.937,57","10.938,73","10.791,44","218,44M","-1,16%"
"14.01.2026","10.945,15","10.906,57","11.006,16","10.875,18","373,93M","0,47%"
"13.01.2026","10.893,63","10.763,44","10.893,63","10.718,17","279,67M","1,38%"
"12.01.2026","10.745,45","10.623,10","10.745,45","10.620,54","261,70M","1,28%"
"11.01.2026","10.609,76","10.502,83","10.609,76","10.502,67","189,21M","1,30%"
"08.01.2026","10.473,23","10.451,49","10.488,53","10.368,85","200,62M","0,17%"
"07.01.2026","10.455,14","10.504,18","10.547,00","10.368,95","280,15M","1,60%"
"06.01.2026","10.290,76","10.323,62","10.361,81","10.281,49","191,50M","-0,33%"
"05.01.2026","10.325,20","10.370,18","10.434,30","10.290,36","243,30M","-0,37%"
"04.01.2026","10.364,03","10.537,72","10.539,32","10.348,93","170,99M","-1,75%"
"01.01.2026","10.549,08","10.502,32","10.558,21","10.497,27","94,73M","0,56%"
"31.12.2025","10.490,69","10.393,18","10.501,22","10.391,14","150,49M","1,05%"
"30.12.2025","10.381,51","10.460,30","10.468,34","10.339,14","164,70M","-1,03%"
"29.12.2025","10.489,65","10.423,15","10.489,65","10.384,37","142,16M","0,70%"
"28.12.2025","10.416,65","10.526,99","10.528,27","10.415,99","136,02M","-1,04%"
"25.12.2025","10.526,09","10.534,25","10.553,19","10.514,98","80,46M","-0,14%"
"24.12.2025","10.540,72","10.601,08","10.602,75","10.521,68","123,50M","-0,52%"
"23.12.2025","10.595,85","10.543,70","10.596,38","10.528,20","161,96M","0,41%"
"22.12.2025","10.552,26","10.492,14","10.552,26","10.449,01","184,60M","0,65%"
"21.12.2025","10.484,59","10.488,63","10.562,14","10.472,88","127,42M","0,33%"
"18.12.2025","10.450,27","10.425,98","10.461,73","10.382,99","211,23M","0,35%"
"17.12.2025","10.414,06","10.431,93","10.444,90","10.376,54","149,42M","-0,37%"
"16.12.2025","10.452,91","10.600,67","10.609,02","10.449,62","155,39M","-1,30%"
"15.12.2025","10.590,17","10.573,38","10.594,94","10.504,53","151,15M","0,01%"
"14.12.2025","10.588,83","10.696,75","10.697,54","10.582,19","141,77M","-1,19%"
"11.12.2025","10.715,98","10.753,61","10.755,12","10.688,74","159,96M","-0,09%"
"10.12.2025","10.726,16","10.710,18","10.742,86","10.700,12","150,57M","0,25%"
"09.12.2025","10.699,79","10.613,24","10.699,79","10.610,04","174,20M","0,70%"
"08.12.2025","10.625,50","10.633,37","10.640,97","10.574,86","161,43M","-0,05%"
"07.12.2025","10.631,25","10.640,01","10.666,53","10.612,20","127,94M","0,05%"
"04.12.2025","10.626,15","10.584,24","10.700,13","10.583,26","207,21M","0,49%"
"03.12.2025","10.574,79","10.522,19","10.574,79","10.499,41","170,42M","0,37%"
"02.12.2025","10.536,28","10.543,41","10.575,18","10.500,53","179,22M","-0,06%"
"01.12.2025","10.543,00","10.594,71","10.600,32","10.499,19","162,67M","-0,45%"
"30.11.2025","10.590,88","10.651,19","10.687,46","10.588,18","129,11M","-0,47%"
"27.11.2025","10.640,65","10.655,03","10.688,33","10.612,08","138,06M","0,05%"
"26.11.2025","10.635,38","10.668,00","10.696,20","10.576,48","276,28M","-0,48%"
"25.11.2025","10.686,62","10.842,98","10.877,98","10.686,62","183,62M","-1,52%"
"24.11.2025","10.851,76","10.999,38","11.001,51","10.851,76","236,21M","-1,44%"
"23.11.2025","11.010,81","11.014,52","11.057,83","11.000,18","97,13M","0,00%"
"20.11.2025","11.010,63","11.006,91","11.030,86","10.977,78","132,23M","0,11%"
"19.11.2025","10.998,67","11.105,01","11.135,64","10.998,06","176,60M","-0,90%"
"18.11.2025","11.098,80","11.009,31","11.105,93","10.979,64","215,97M","0,43%"
"17.11.2025","11.051,13","11.034,68","11.106,06","11.023,79","185,78M","-0,01%"
"16.11.2025","11.052,61","11.160,64","11.160,64","11.043,62","157,04M","-1,12%"
"13.11.2025","11.177,66","11.251,72","11.259,83","11.177,66","165,80M","-0,69%"
"12.11.2025","11.254,88","11.261,86","11.297,84","11.246,72","201,59M","-0,14%"
"11.11.2025","11.270,45","11.248,56","11.270,45","11.225,01","187,57M","0,24%"
"10.11.2025","11.243,80","11.233,73","11.258,50","11.205,40","197,46M","0,00%"
"09.11.2025","11.244,36","11.288,71","11.291,10","11.183,28","158,25M","-0,51%"
"06.11.2025","11.302,35","11.263,20","11.321,17","11.257,08","220,76M","0,41%"
"05.11.2025","11.256,74","11.358,31","11.374,83","11.256,74","261,71M","-1,24%"
"04.11.2025","11.398,29","11.493,15","11.528,63","11.395,26","289,50M","-0,74%"
"03.11.2025","11.483,57","11.535,40","11.548,29","11.441,83","308,61M","-0,46%"
"02.11.2025","11.536,29","11.580,77","11.637,83","11.527,90","259,92M","-1,03%"
"30.10.2025","11.655,85","11.751,43","11.781,68","11.628,06","314,12M","-0,82%"
"29.10.2025","11.752,08","11.677,23","11.752,08","11.674,33","198,38M","0,67%"
"28.10.2025","11.674,06","11.615,38","11.693,11","11.615,38","257,54M","0,47%"
"27.10.2025","11.619,82","11.603,20","11.651,07","11.598,49","265,51M","0,23%"
"26.10.2025","11.593,45","11.620,30","11.643,01","11.590,03","168,74M","-0,16%"
"23.10.2025","11.611,68","11.599,57","11.615,89","11.548,95","226,17M","0,22%"
"22.10.2025","11.585,90","11.542,22","11.618,28","11.492,03","244,61M","0,35%"
"21.10.2025","11.545,80","11.664,92","11.665,77","11.539,43","232,78M","-0,85%"
"20.10.2025","11.644,55","11.702,55","11.715,56","11.625,04","226,56M","-0,39%"
"19.10.2025","11.690,61","11.697,45","11.740,24","11.679,96","190,83M","-0,05%"
"16.10.2025","11.696,58","11.682,90","11.723,80","11.677,83","306,93M","0,12%"
"15.10.2025","11.682,23","11.603,44","11.682,23","11.601,13","345,57M","0,74%"
"14.10.2025","11.596,00","11.593,05","11.630,36","11.592,30","267,95M","0,04%"
"13.10.2025","11.591,69","11.529,84","11.607,45","11.521,37","282,85M","0,85%"
"12.10.2025","11.494,45","11.371,70","11.538,86","11.320,27","233,24M","-0,77%"
"09.10.2025","11.583,31","11.564,07","11.602,69","11.556,74","254,93M","0,21%"
"08.10.2025","11.559,27","11.581,97","11.607,66","11.543,03","619,40M","-0,21%"
"07.10.2025","11.583,23","11.615,73","11.619,84","11.540,97","305,66M","-0,19%"
"06.10.2025","11.605,20","11.534,51","11.645,14","11.533,71","307,74M","0,66%"
"05.10.2025","11.528,59","11.513,90","11.560,66","11.509,99","248,78M","0,29%"
"02.10.2025","11.495,72","11.540,68","11.557,76","11.480,62","322,14M","-0,29%"
"01.10.2025","11.529,36","11.514,19","11.563,03","11.493,26","356,95M","0,23%"
"30.09.2025","11.502,97","11.439,26","11.555,36","11.425,07","394,00M","0,60%"
"29.09.2025","11.434,18","11.230,43","11.438,05","11.213,66","350,81M","1,82%"
"28.09.2025","11.229,54","11.272,00","11.330,74","11.223,87","255,58M","-0,69%"
"25.09.2025","11.308,11","11.659,56","11.661,23","11.184,71","529,13M","-1,04%"
"24.09.2025","11.426,45","11.045,78","11.450,70","11.000,48","598,31M","5,06%"
"22.09.2025","10.876,42","10.802,27","10.879,03","10.777,73","261,25M","0,63%"
"21.09.2025","10.808,68","10.800,13","10.862,05","10.758,92","272,83M","0,26%"
"18.09.2025","10.780,69","10.667,36","10.780,69","10.629,54","607,40M","1,22%"
"17.09.2025","10.650,39","10.533,50","10.650,39","10.524,57","234,28M","1,25%"
"16.09.2025","10.518,73","10.429,59","10.518,73","10.406,69","242,71M","0,88%"
"15.09.2025","10.427,06","10.426,84","10.445,05","10.366,59","240,14M","-0,07%"
"14.09.2025","10.433,98","10.436,93","10.452,17","10.371,16","153,51M","-0,18%"
"11.09.2025","10.453,06","10.502,62","10.517,60","10.430,96","192,58M","-0,43%"
"10.09.2025","10.498,04","10.519,37","10.519,52","10.456,41","232,14M","-0,30%"
"09.09.2025","10.529,17","10.499,99","10.529,17","10.421,08","253,05M","0,31%"
"08.09.2025","10.497,05","10.593,44","10.608,23","10.486,17","260,53M","-0,91%"
"07.09.2025","10.593,97","10.664,75","10.674,53","10.587,01","126,57M","-0,58%"
"04.09.2025","10.655,61","10.620,39","10.663,92","10.616,62","153,19M","0,34%"
"03.09.2025","10.619,10","10.649,54","10.695,74","10.615,82","168,38M","-0,45%"
"02.09.2025","10.667,44","10.669,70","10.676,51","10.611,95","215,94M","-0,03%"
"01.09.2025","10.670,56","10.699,66","10.709,64","10.644,26","208,27M","-0,25%"
"31.08.2025","10.696,89","10.760,09","10.771,41","10.678,98","236,73M","-0,33%"
"28.08.2025","10.732,31","10.807,97","10.823,70","10.732,31","271,05M","-0,70%"
"27.08.2025","10.808,45","10.882,88","10.883,85","10.808,45","197,81M","-0,61%"
"26.08.2025","10.874,74","10.898,52","10.900,40","10.855,47","380,57M","-0,21%"
"25.08.2025","10.898,04","10.901,00","10.921,50","10.887,92","252,38M","-0,06%"
"24.08.2025","10.904,53","10.910,79","10.966,75","10.904,53","227,68M","0,35%"
"21.08.2025","10.866,83","10.868,41","10.889,57","10.860,17","288,87M","-0,10%"
"20.08.2025","10.878,07","10.855,41","10.910,45","10.844,54","196,58M","-0,03%"
"19.08.2025","10.881,71","10.878,35","10.896,89","10.851,25","256,70M","-0,04%"
"18.08.2025","10.885,58","10.897,08","10.902,52","10.847,07","216,53M","-0,11%"
"17.08.2025","10.897,39","10.831,56","10.898,46","10.831,26","190,65M","0,59%"
"14.08.2025","10.833,59","10.765,37","10.833,59","10.752,43","242,98M","0,65%"
"13.08.2025","10.763,45","10.779,44","10.815,21","10.745,82","233,22M","-0,06%"
"12.08.2025","10.769,66","10.783,28","10.804,45","10.747,92","234,47M","-0,20%"
"11.08.2025","10.791,64","10.886,91","10.887,59","10.791,64","266,74M","-0,99%"
"10.08.2025","10.899,11","10.924,68","10.929,29","10.887,72","234,51M","-0,29%"
"07.08.2025","10.930,30","10.932,41","10.938,56","10.911,86","272,46M","-0,15%"
"06.08.2025","10.946,74","10.922,17","10.949,54","10.909,56","357,67M","0,23%"
"05.08.2025","10.921,85","10.837,97","10.921,85","10.816,12","527,09M","0,76%"
"04.08.2025","10.839,45","10.796,48","10.839,45","10.725,34","447,00M","0,06%"
"03.08.2025","10.833,10","10.890,24","10.890,53","10.772,86","272,78M","-0,80%"
"31.07.2025","10.920,27","10.907,30","10.920,27","10.852,32","417,32M","0,05%"
"30.07.2025","10.914,38","10.818,94","10.914,38","10.779,11","677,61M","0,84%"
"29.07.2025","10.823,91","10.894,36","10.898,61","10.791,22","302,33M","-0,56%"
"28.07.2025","10.885,32","10.943,19","10.977,37","10.885,32","546,78M","-0,65%"
"27.07.2025","10.956,22","10.956,37","10.976,56","10.944,22","447,00M","0,10%"
"24.07.2025","10.945,80","10.996,53","11.013,18","10.921,20","535,59M","-0,35%"
"23.07.2025","10.983,93","10.844,31","10.983,93","10.831,35","564,79M","1,30%"
"22.07.2025","10.843,20","10.990,83","10.995,11","10.838,86","515,70M","-1,26%"
"21.07.2025","10.981,17","10.982,48","11.002,57","10.932,33","355,52M","0,15%"
"20.07.2025","10.964,71","11.020,94","11.085,43","10.958,75","324,41M","-0,38%"
"17.07.2025","11.006,98","11.033,02","11.042,01","10.977,62","255,76M","-0,29%"
"16.07.2025","11.038,74","11.090,01","11.130,87","11.030,82","217,45M","-0,51%"
"15.07.2025","11.095,41","11.200,65","11.209,19","11.068,23","273,45M","-1,05%"
"14.07.2025","11.213,59","11.255,01","11.257,42","11.166,87","238,49M","-0,35%"
"13.07.2025","11.252,90","11.279,13","11.310,16","11.229,80","254,67M","-0,21%"
"10.07.2025","11.276,91","11.271,68","11.306,07","11.256,21","290,62M","-0,01%"
"09.07.2025","11.277,73","11.291,56","11.297,93","11.238,45","347,34M","-0,14%"
"08.07.2025","11.294,07","11.334,89","11.351,90","11.275,79","466,70M","-0,45%"
"07.07.2025","11.345,46","11.320,59","11.370,44","11.299,97","415,21M","0,26%"
"06.07.2025","11.315,73","11.239,31","11.322,60","11.211,82","215,38M","0,63%"
"03.07.2025","11.244,45","11.142,68","11.244,45","11.135,62","310,46M","1,03%"
"02.07.2025","11.129,64","11.129,76","11.159,44","11.095,94","330,32M","0,07%"
"01.07.2025","11.121,60","11.188,26","11.198,88","11.104,69","292,54M","-0,38%"
"30.06.2025","11.163,96","11.204,25","11.227,32","11.163,96","300,74M","-0,35%"
"29.06.2025","11.202,64","11.105,54","11.202,64","11.094,65","250,46M","1,21%"
"26.06.2025","11.068,27","10.977,67","11.068,27","10.937,10","311,03M","0,86%"
"25.06.2025","10.973,98","10.999,50","11.011,49","10.914,80","292,44M","0,09%"
"24.06.2025","10.964,28","10.883,79","10.964,28","10.848,09","435,53M","2,37%"
"23.06.2025","10.710,24","10.587,63","10.712,18","10.587,09","229,46M","1,29%"
"22.06.2025","10.574,27","10.604,52","10.730,86","10.572,64","233,62M","-0,34%"
"19.06.2025","10.610,71","10.582,37","10.633,85","10.529,05","265,57M","0,18%"
"18.06.2025","10.591,13","10.675,71","10.678,74","10.572,48","229,93M","-1,15%"
"17.06.2025","10.713,82","10.859,93","10.876,03","10.713,82","250,80M","-1,41%"
"16.06.2025","10.867,04","10.755,90","10.925,78","10.753,83","260,49M","1,26%"
"15.06.2025","10.731,59","10.429,67","10.784,77","10.429,11","292,23M","-1,01%"
"12.06.2025","10.840,94","10.963,42","10.963,87","10.810,04","256,20M","-1,49%"
"11.06.2025","11.005,02","11.090,38","11.165,09","10.972,11","245,52M","0,00%"
"04.06.2025","11.004,53","10.861,08","11.005,48","10.858,48","183,27M","1,59%"
"03.06.2025","10.832,43","10.874,76","10.882,96","10.832,43","169,97M","-0,16%"
"02.06.2025","10.850,09","10.846,12","10.883,26","10.816,80","174,31M","0,23%"
"01.06.2025","10.825,27","11.005,79","11.009,74","10.792,03","151,08M","-1,50%"
"29.05.2025","10.990,41","11.097,28","11.107,76","10.970,78","338,83M","-0,56%"
"28.05.2025","11.052,76","10.943,50","11.082,57","10.936,84","174,26M","1,17%"
"27.05.2025","10.925,18","11.081,99","11.086,65","10.893,06","209,22M","-1,36%"
"26.05.2025","11.075,96","11.035,34","11.075,96","10.946,94","202,02M","0,69%"
"25.05.2025","10.999,78","11.201,26","11.207,76","10.999,78","144,13M","-1,69%"
"22.05.2025","11.188,74","11.270,28","11.273,65","11.179,16","201,94M","-1,02%"
"21.05.2025","11.303,68","11.421,01","11.449,26","11.303,68","182,19M","-1,18%"
"20.05.2025","11.438,18","11.397,58","11.457,64","11.371,53","196,39M","0,29%"
"19.05.2025","11.405,28","11.433,95","11.445,91","11.370,73","240,13M","-0,29%"
"18.05.2025","11.438,94","11.492,40","11.516,39","11.430,76","158,12M","-0,40%"
"15.05.2025","11.485,05","11.527,22","11.545,52","11.458,38","234,71M","-0,41%"
"14.05.2025","11.532,00","11.529,17","11.551,32","11.486,76","272,06M","0,00%"
"13.05.2025","11.532,27","11.528,37","11.532,27","11.477,71","235,72M","0,38%"
"12.05.2025","11.488,60","11.388,06","11.519,46","11.388,06","315,24M","1,25%"
"11.05.2025","11.346,59","11.401,81","11.426,74","11.334,40","159,36M","-0,15%"
"08.05.2025","11.364,11","11.437,00","11.454,94","11.334,48","199,82M","-0,30%"
"07.05.2025","11.398,74","11.430,17","11.459,78","11.389,05","211,69M","-0,31%"
"06.05.2025","11.434,08","11.429,35","11.480,78","11.396,20","221,64M","0,10%"
"05.05.2025","11.422,95","11.392,23","11.454,02","11.313,80","263,47M","0,10%"
"04.05.2025","11.411,50","11.546,32","11.564,68","11.411,50","193,18M","-1,14%"
"01.05.2025","11.543,67","11.664,17","11.668,19","11.504,18","242,92M","-1,10%"
"30.04.2025","11.671,58","11.749,35","11.765,96","11.653,28","298,35M","-0,64%"
"29.04.2025","11.746,20","11.792,48","11.809,40","11.745,84","333,76M","-0,33%"
"28.04.2025","11.784,63","11.769,96","11.796,17","11.738,30","382,68M","0,24%"
"27.04.2025","11.756,21","11.790,35","11.800,71","11.748,10","297,94M","-0,07%"
"24.04.2025","11.764,39","11.694,05","11.774,72","11.684,14","398,03M","0,71%"
"23.04.2025","11.681,11","11.667,62","11.714,41","11.656,56","294,55M","0,82%"
"22.04.2025","11.586,40","11.554,50","11.606,53","11.523,83","230,20M","0,33%"
"21.04.2025","11.548,66","11.633,71","11.642,16","11.543,17","167,91M","-0,67%"
"20.04.2025","11.626,60","11.574,75","11.636,32","11.574,20","187,03M","0,64%"
"17.04.2025","11.552,98","11.595,23","11.609,96","11.543,28","290,05M","-0,70%"
"16.04.2025","11.634,42","11.606,90","11.637,21","11.559,49","342,02M","0,15%"
"15.04.2025","11.616,81","11.618,78","11.641,59","11.595,01","340,59M","0,17%"
"14.04.2025","11.597,35","11.605,77","11.608,87","11.559,22","399,25M","0,04%"
"13.04.2025","11.592,52","11.565,59","11.616,98","11.558,99","276,82M","0,78%"
"10.04.2025","11.502,54","11.603,81","11.605,09","11.415,39","429,47M","3,66%"
"09.04.2025","11.096,65","11.272,86","11.367,01","11.066,73","353,15M","-1,82%"
"08.04.2025","11.302,76","11.393,87","11.533,11","11.302,76","495,72M","0,97%"
"07.04.2025","11.194,02","10.847,73","11.225,20","10.657,20","587,92M","1,05%"
"06.04.2025","11.077,19","11.277,81","11.348,99","11.077,19","450,17M","-6,78%"
"03.04.2025","11.882,65","11.866,36","12.007,26","11.836,96","280,47M","-1,18%"
"27.03.2025","12.025,05","11.972,79","12.075,11","11.970,15","251,28M","0,46%"
"26.03.2025","11.970,19","11.727,88","11.970,19","11.727,88","290,19M","2,26%"
"25.03.2025","11.706,21","11.790,27","11.798,88","11.706,21","264,23M","-0,61%"
"24.03.2025","11.778,08","11.711,67","11.778,08","11.669,54","174,58M","0,71%"
"23.03.2025","11.694,77","11.753,94","11.782,83","11.694,74","142,48M","-0,56%"
"20.03.2025","11.760,32","11.719,11","11.763,81","11.681,86","229,08M","0,43%"
"19.03.2025","11.709,43","11.784,39","11.787,46","11.665,67","201,55M","-0,70%"
"18.03.2025","11.792,40","11.872,23","11.880,89","11.761,22","261,09M","-0,76%"
"17.03.2025","11.883,04","11.882,62","11.937,46","11.849,83","236,43M","0,25%"
"16.03.2025","11.853,78","11.736,82","11.881,35","11.714,65","213,78M","1,09%"
"13.03.2025","11.725,88","11.706,36","11.757,82","11.684,94","270,51M","0,18%"
"12.03.2025","11.704,93","11.737,30","11.750,21","11.659,30","334,54M","-0,11%"
"11.03.2025","11.717,96","11.671,89","11.728,90","11.535,39","399,47M","-0,24%"
"10.03.2025","11.745,63","11.843,21","11.849,35","11.724,71","259,44M","-0,77%"
"09.03.2025","11.836,52","11.803,62","11.854,14","11.718,01","189,15M","0,22%"
"06.03.2025","11.811,11","11.890,83","11.907,03","11.686,74","256,32M","-0,74%"
"05.03.2025","11.898,86","11.939,97","11.981,76","11.870,66","215,24M","-0,28%"
"04.03.2025","11.931,70","12.092,60","12.111,71","11.920,93","252,51M","-1,58%"
"03.03.2025","12.123,81","12.042,53","12.146,35","12.007,66","257,26M","0,73%"
"02.03.2025","12.035,45","12.124,25","12.149,92","12.006,09","201,37M","-0,63%"
"27.02.2025","12.111,90","12.228,12","12.232,41","12.111,90","303,20M","-0,99%"
"26.02.2025","12.232,65","12.300,91","12.315,84","12.199,92","216,69M","-0,56%"
"25.02.2025","12.301,23","12.313,67","12.321,87","12.208,93","219,52M","-0,15%"
"24.02.2025","12.319,46","12.374,42","12.430,20","12.310,89","255,12M","-0,55%"
"20.02.2025","12.388,15","12.309,32","12.388,15","12.301,62","272,34M","0,57%"
"19.02.2025","12.317,59","12.318,67","12.348,16","12.288,12","236,66M","-0,13%"
"18.02.2025","12.333,67","12.279,94","12.336,62","12.262,92","231,10M","0,55%"
"17.02.2025","12.266,46","12.360,97","12.366,01","12.238,51","219,70M","-0,85%"
"16.02.2025","12.372,07","12.386,49","12.450,62","12.362,71","175,55M","-0,10%"
"13.02.2025","12.385,00","12.371,81","12.392,05","12.351,05","232,18M","-0,01%"
"12.02.2025","12.385,70","12.415,58","12.424,70","12.363,32","292,29M","-0,31%"
"11.02.2025","12.424,32","12.470,01","12.470,18","12.415,72","314,92M","-0,38%"
"10.02.2025","12.471,72","12.451,00","12.481,93","12.443,81","277,27M","0,02%"
"09.02.2025","12.469,14","12.438,81","12.480,65","12.425,90","227,83M","0,29%"
"06.02.2025","12.433,58","12.408,15","12.438,15","12.381,47","290,57M","0,15%"
"05.02.2025","12.414,40","12.419,36","12.452,10","12.403,85","315,56M","-0,16%"
"04.02.2025","12.433,93","12.371,85","12.433,93","12.356,88","369,51M","0,46%"
"03.02.2025","12.377,03","12.395,57","12.395,63","12.315,29","272,19M","-0,26%"
"02.02.2025","12.409,87","12.427,41","12.448,67","12.392,43","237,61M","-0,05%"
"30.01.2025","12.415,49","12.450,28","12.453,35","12.401,27","274,40M","-0,19%"
"29.01.2025","12.439,48","12.479,81","12.536,28","12.384,40","326,59M","0,15%"
"28.01.2025","12.420,64","12.391,18","12.478,15","12.383,92","355,07M","0,39%"
"27.01.2025","12.372,89","12.388,31","12.439,82","12.372,89","455,28M","-0,11%"
"26.01.2025","12.386,16","12.366,74","12.427,35","12.355,28","719,84M","0,26%"
"23.01.2025","12.354,04","12.368,25","12.392,79","12.330,86","252,30M","-0,07%"
"22.01.2025","12.362,39","12.376,38","12.434,54","12.362,39","346,10M","-0,06%"
"21.01.2025","12.369,63","12.393,37","12.402,10","12.341,84","293,39M","-0,08%"
"20.01.2025","12.379,54","12.336,51","12.398,84","12.335,44","278,76M","0,39%"
"19.01.2025","12.331,87","12.264,38","12.346,82","12.259,31","370,54M","0,62%"
"16.01.2025","12.256,06","12.236,52","12.262,80","12.219,49","326,47M","0,36%"
"15.01.2025","12.212,24","12.187,23","12.222,56","12.169,44","331,26M","0,32%"
"14.01.2025","12.172,75","12.123,60","12.172,75","12.109,64","375,84M","0,52%"
"13.01.2025","12.109,94","12.134,58","12.171,07","12.101,45","242,32M","-0,14%"
"12.01.2025","12.126,97","12.118,94","12.143,56","12.108,03","218,65M","0,24%"
"09.01.2025","12.097,75","12.094,05","12.121,42","12.041,35","358,74M","0,07%"
"08.01.2025","12.088,74","12.107,64","12.143,25","12.076,51","535,56M","-0,20%"
"07.01.2025","12.113,29","12.112,12","12.161,91","12.091,86","384,44M","0,07%"
"06.01.2025","12.104,69","12.076,44","12.129,02","12.069,49","401,48M","0,29%"
"05.01.2025","12.069,82","12.101,88","12.106,05","12.048,19","254,92M","-0,27%"
"02.01.2025","12.102,55","12.087,94","12.120,49","12.069,71","287,05M","0,21%"
"01.01.2025","12.077,31","12.053,18","12.083,08","12.042,15","240,08M","0,34%"
"31.12.2024","12.036,50","12.031,30","12.082,05","12.016,30","335,18M","0,30%"
"30.12.2024","12.000,92","11.896,83","12.015,16","11.896,83","392,73M","0,91%"
"29.12.2024","11.892,75","11.859,28","11.909,77","11.843,97","339,26M","0,28%"
"26.12.2024","11.859,47","11.893,84","11.913,72","11.859,47","457,45M","-0,28%"
"25.12.2024","11.892,32","11.919,91","11.934,79","11.882,57","949,97M","-0,18%"
"24.12.2024","11.913,95","11.956,26","11.974,87","11.907,46","744,85M","-0,29%"
"23.12.2024","11.948,79","11.858,72","11.948,79","11.835,98","194,54M","0,84%"
"22.12.2024","11.849,37","11.898,73","11.980,03","11.848,12","171,30M","-0,36%"
"19.12.2024","11.892,44","11.889,69","11.918,56","11.835,15","476,75M","-0,57%"
"18.12.2024","11.961,05","11.951,51","11.972,05","11.896,59","358,55M","0,10%"
"17.12.2024","11.948,72","12.094,12","12.094,24","11.948,72","245,54M","-1,22%"
"16.12.2024","12.096,73","12.048,74","12.096,73","12.046,31","320,25M","0,31%"
"15.12.2024","12.059,53","12.108,98","12.146,34","12.059,03","443,08M","-0,33%"
"12.12.2024","12.099,33","12.169,97","12.211,17","12.099,33","373,92M","-0,41%"
"11.12.2024","12.149,19","12.215,13","12.219,15","12.149,19","620,16M","-0,36%"
"10.12.2024","12.193,64","12.108,67","12.202,31","12.106,86","572,99M","0,80%"
"09.12.2024","12.097,40","11.986,99","12.107,83","11.966,28","586,26M","1,19%"
"08.12.2024","11.955,24","11.938,99","11.998,62","11.933,79","870,83M","0,20%"
"05.12.2024","11.931,85","11.892,82","11.935,96","11.882,35","410,31M","0,38%"
"04.12.2024","11.886,86","11.825,59","11.886,86","11.775,12","334,52M","0,60%"
"03.12.2024","11.815,93","11.734,58","11.815,93","11.725,44","365,39M","0,65%"
"02.12.2024","11.739,35","11.748,48","11.753,99","11.681,55","351,57M","-0,02%"
"01.12.2024","11.741,74","11.681,41","11.757,72","11.671,73","313,35M","0,86%"
"28.11.2024","11.641,31","11.615,83","11.657,28","11.589,30","376,94M","0,44%"
"27.11.2024","11.590,79","11.742,51","11.782,26","11.590,79","648,89M","-1,24%"
"26.11.2024","11.736,07","11.797,79","11.812,46","11.723,31","362,75M","-0,44%"
"25.11.2024","11.787,72","11.865,65","11.870,52","11.787,72","637,82M","-0,65%"
"24.11.2024","11.864,90","11.860,98","11.926,87","11.851,25","593,83M","0,21%"
"21.11.2024","11.840,52","11.864,56","11.875,03","11.817,84","691,44M","-0,23%"
"20.11.2024","11.867,92","11.884,60","11.918,22","11.843,11","421,81M","-0,07%"
"19.11.2024","11.875,91","11.846,74","11.906,61","11.830,76","635,97M","0,38%"
"18.11.2024","11.830,38","11.826,71","11.850,34","11.770,55","445,48M","0,16%"
"17.11.2024","11.811,98","11.754,27","11.854,26","11.747,52","516,84M","0,18%"
"14.11.2024","11.791,18","11.915,52","11.941,89","11.791,18","504,40M","-1,17%"
"13.11.2024","11.930,45","12.032,10","12.041,18","11.923,45","365,70M","-0,97%"
"12.11.2024","12.047,67","12.104,52","12.143,44","12.047,67","478,29M","-0,49%"
"11.11.2024","12.106,41","12.107,46","12.162,28","12.063,05","938,85M","0,03%"
"10.11.2024","12.103,16","12.132,28","12.175,69","12.071,81","525,60M","-0,23%"
"07.11.2024","12.130,83","12.126,67","12.158,65","12.115,93","1,23B","0,31%"
"06.11.2024","12.093,35","12.054,41","12.161,37","12.044,37","981,17M","0,65%"
"05.11.2024","12.014,94","12.028,14","12.055,58","11.943,11","984,95M","-0,20%"
"04.11.2024","12.039,31","12.058,17","12.059,34","11.960,05","647,06M","-0,07%"
"03.11.2024","12.048,26","12.045,34","12.076,85","12.038,88","458,94M","0,22%"
"31.10.2024","12.022,11","12.024,18","12.066,43","12.003,56","555,83M","0,03%"
"30.10.2024","12.018,81","12.059,82","12.075,66","12.010,28","571,99M","-0,36%"
"29.10.2024","12.062,09","12.069,39","12.095,01","12.010,38","1,25B","0,07%"
"28.10.2024","12.053,15","12.096,17","12.113,90","12.053,15","584,88M","-0,13%"
"27.10.2024","12.068,97","12.002,15","12.123,23","11.997,05","916,99M","1,54%"
"24.10.2024","11.886,06","11.885,25","11.904,47","11.839,84","768,01M","-0,13%"
"23.10.2024","11.901,77","11.953,21","11.953,21","11.856,45","1,38B","-0,46%"
"22.10.2024","11.956,99","12.019,68","12.023,01","11.941,87","504,08M","-0,43%"
"21.10.2024","12.008,31","11.895,56","12.018,27","11.895,22","1,19B","1,06%"
"20.10.2024","11.882,93","11.918,69","11.932,92","11.845,81","297,63M","-0,21%"
"17.10.2024","11.907,43","12.043,37","12.076,43","11.907,43","622,27M","-1,09%"
"16.10.2024","12.038,67","11.996,35","12.044,48","11.987,63","1,60B","0,31%"
"15.10.2024","12.001,63","11.974,26","12.014,00","11.935,57","422,10M","0,35%"
"14.10.2024","11.959,67","12.066,53","12.069,90","11.938,19","437,41M","-0,91%"
"13.10.2024","12.069,21","12.014,01","12.094,11","12.014,01","690,57M","0,63%"
"10.10.2024","11.994,22","11.930,58","12.017,53","11.911,56","546,94M","0,56%"
"09.10.2024","11.927,33","12.042,54","12.052,27","11.913,46","628,22M","-0,83%"
"08.10.2024","12.027,17","11.931,60","12.047,85","11.910,94","969,40M","0,95%"
"07.10.2024","11.913,62","11.789,56","11.961,58","11.774,82","699,12M","1,23%"
"06.10.2024","11.769,04","11.976,12","12.004,19","11.762,82","823,48M","-1,58%"
"03.10.2024","11.957,54","12.051,30","12.100,06","11.927,71","856,53M","-0,72%"
"02.10.2024","12.044,07","12.145,83","12.179,75","12.019,15","1,07B","-1,71%"
"01.10.2024","12.253,54","12.222,18","12.279,94","12.216,96","705,65M","0,22%"
"30.09.2024","12.226,10","12.293,30","12.311,15","12.214,55","1,06B","-0,37%"
"29.09.2024","12.271,77","12.353,18","12.358,27","12.263,12","503,64M","-0,83%"
"26.09.2024","12.374,30","12.329,42","12.390,54","12.310,73","573,74M","0,25%"
"25.09.2024","12.343,72","12.269,23","12.343,72","12.244,15","299,90M","0,61%"
"24.09.2024","12.268,42","12.141,22","12.268,42","12.135,36","417,98M","1,14%"
"22.09.2024","12.129,62","12.105,12","12.138,77","12.084,62","233,19M","0,41%"
"19.09.2024","12.080,47","11.968,78","12.080,47","11.938,08","361,60M","1,34%"
"18.09.2024","11.920,94","11.865,34","11.938,56","11.837,93","365,59M","0,30%"
"17.09.2024","11.885,66","11.867,89","11.891,41","11.845,39","432,50M","0,15%"
"16.09.2024","11.867,37","11.910,17","11.918,78","11.844,13","538,99M","-0,28%"
"15.09.2024","11.900,30","11.876,23","11.911,97","11.869,62","257,16M","0,49%"
"12.09.2024","11.842,55","11.838,10","11.885,45","11.800,98","631,85M","0,65%"
"11.09.2024","11.766,40","11.949,78","11.956,60","11.766,40","311,32M","-1,84%"
"10.09.2024","11.986,60","11.994,12","12.019,53","11.919,26","368,80M","0,20%"
"09.09.2024","11.962,90","11.980,89","12.014,97","11.947,09","618,35M","-0,16%"
"08.09.2024","11.982,30","12.035,76","12.039,29","11.943,60","401,06M","-0,97%"
"05.09.2024","12.099,49","12.127,26","12.136,11","12.087,76","604,30M","-0,24%"
"04.09.2024","12.128,14","12.072,70","12.139,85","11.976,38","446,70M","-0,43%"
"03.09.2024","12.180,37","12.172,18","12.203,03","12.145,23","450,93M","0,11%"
"02.09.2024","12.167,47","12.202,44","12.226,99","12.139,82","325,71M","-0,18%"
"01.09.2024","12.189,40","12.162,65","12.193,61","12.151,27","227,06M","0,36%"
"29.08.2024","12.145,15","12.122,98","12.145,15","12.066,68","417,48M","0,23%"
"28.08.2024","12.117,15","12.178,74","12.209,37","12.086,68","248,08M","-0,53%"
"27.08.2024","12.182,20","12.266,38","12.266,82","12.179,07","322,35M","-0,64%"
"26.08.2024","12.261,18","12.302,03","12.329,95","12.226,06","351,77M","-0,01%"
"25.08.2024","12.262,64","12.260,51","12.320,11","12.245,48","297,92M","0,56%"
"22.08.2024","12.194,43","12.194,16","12.220,51","12.141,89","325,31M","0,06%"
"21.08.2024","12.187,44","12.092,70","12.202,31","12.070,72","404,02M","0,69%"
"20.08.2024","12.103,82","12.035,46","12.114,06","11.997,63","349,49M","0,67%"
"19.08.2024","12.023,03","11.988,91","12.023,03","11.965,35","346,19M","0,35%"
"18.08.2024","11.981,40","11.919,27","11.989,42","11.919,27","249,56M","0,56%"
"15.08.2024","11.915,02","11.873,97","11.936,82","11.872,42","300,01M","0,55%"
"14.08.2024","11.849,65","11.809,89","11.873,44","11.793,99","260,35M","0,45%"
"13.08.2024","11.796,84","11.753,22","11.798,11","11.712,97","209,70M","0,48%"
"12.08.2024","11.740,66","11.768,81","11.794,21","11.721,45","251,89M","-0,26%"
"11.08.2024","11.771,69","11.735,18","11.798,09","11.727,23","240,63M","0,90%"
"08.08.2024","11.667,12","11.736,26","11.749,00","11.632,68","283,52M","-0,53%"
"07.08.2024","11.729,71","11.754,30","11.791,63","11.696,94","311,03M","0,43%"
"06.08.2024","11.679,16","11.543,05","11.752,03","11.543,05","404,09M","1,52%"
"05.08.2024","11.504,46","11.620,87","11.648,84","11.318,09","453,72M","-2,13%"
"04.08.2024","11.754,37","11.803,94","11.867,83","11.722,16","334,15M","-2,42%"
"01.08.2024","12.045,78","12.102,61","12.123,69","11.992,63","235,06M","-0,53%"
"31.07.2024","12.109,52","12.065,23","12.109,52","12.004,48","352,46M","0,37%"
"30.07.2024","12.064,65","12.114,49","12.127,02","12.045,59","279,22M","-0,47%"
"29.07.2024","12.121,40","12.181,88","12.205,27","12.113,48","303,05M","-0,44%"
"28.07.2024","12.175,43","12.047,24","12.178,52","12.047,24","285,35M","1,24%"
"25.07.2024","12.026,21","12.093,19","12.094,52","12.007,73","277,96M","-0,62%"
"24.07.2024","12.101,21","12.090,79","12.123,90","12.047,92","259,51M","-0,04%"
"23.07.2024","12.105,54","12.167,59","12.172,47","12.095,14","296,33M","-0,57%"
"22.07.2024","12.174,76","12.194,25","12.234,56","12.163,43","439,53M","-0,23%"
"21.07.2024","12.202,93","12.170,41","12.202,93","12.136,47","345,02M","0,12%"
"18.07.2024","12.188,32","12.158,52","12.188,32","12.117,22","387,14M","0,25%"
"17.07.2024","12.157,61","12.090,22","12.177,53","12.084,48","239,76M","0,64%"
"16.07.2024","12.080,37","11.958,17","12.080,37","11.950,71","230,58M","1,11%"
"15.07.2024","11.947,70","11.896,61","11.947,70","11.831,66","243,23M","0,56%"
"14.07.2024","11.881,55","11.800,03","11.891,35","11.796,93","215,16M","0,76%"
"11.07.2024","11.792,41","11.767,88","11.814,01","11.744,75","219,35M","0,07%"
"10.07.2024","11.784,09","11.778,33","11.805,04","11.747,34","211,32M","0,04%"
"09.07.2024","11.779,83","11.711,16","11.779,83","11.707,09","209,78M","0,53%"
"08.07.2024","11.718,17","11.680,43","11.724,29","11.629,62","212,69M","0,25%"
"07.07.2024","11.688,61","11.672,19","11.716,77","11.645,13","195,30M","0,26%"
"04.07.2024","11.658,66","11.601,94","11.658,66","11.567,16","186,45M","0,55%"
"03.07.2024","11.595,20","11.626,04","11.626,04","11.557,66","225,55M","-0,09%"
"02.07.2024","11.606,09","11.661,30","11.682,14","11.606,09","315,31M","-0,45%"
"01.07.2024","11.658,53","11.697,91","11.763,98","11.616,22","273,68M","-0,18%"
"30.06.2024","11.679,50","11.738,60","11.758,67","11.679,50","229,59M","-0,43%"
"27.06.2024","11.729,62","11.678,04","11.763,01","11.677,09","300,03M","0,63%"
"26.06.2024","11.656,35","11.732,73","11.733,85","11.652,51","287,59M","-0,63%"
"25.06.2024","11.730,77","11.670,10","11.750,44","11.659,72","261,16M","0,29%"
"24.06.2024","11.697,04","11.724,41","11.821,35","11.639,29","292,44M","-0,28%"
"23.06.2024","11.729,97","11.646,10","11.741,05","11.633,33","205,74M","2,01%"
"13.06.2024","11.498,93","11.674,05","11.691,19","11.498,93","403,33M","-1,31%"
"12.06.2024","11.651,81","11.777,96","11.799,66","11.651,81","529,06M","-1,05%"
"11.06.2024","11.775,47","11.839,93","11.907,34","11.768,95","494,34M","-0,66%"
"10.06.2024","11.853,82","11.889,96","11.954,20","11.835,18","370,65M","-0,01%"
"09.06.2024","11.855,11","11.569,40","11.899,05","11.556,15","1,96B","2,55%"
"06.06.2024","11.560,39","11.564,07","11.655,43","11.525,78","249,36M","0,06%"
"05.06.2024","11.553,16","11.650,54","11.655,07","11.467,87","285,28M","-0,51%"
"04.06.2024","11.612,03","11.809,43","11.812,37","11.612,03","306,64M","-1,66%"
"03.06.2024","11.808,25","11.682,16","11.831,21","11.655,84","388,98M","1,58%"
"02.06.2024","11.625,10","11.556,51","11.625,10","11.443,55","223,92M","1,06%"
"30.05.2024","11.503,49","11.697,23","11.703,48","11.503,49","416,05M","-1,65%"
"29.05.2024","11.696,51","11.674,82","11.735,38","11.594,35","246,48M","0,31%"
"28.05.2024","11.659,94","11.852,52","11.863,35","11.659,94","208,46M","-1,45%"
"27.05.2024","11.831,22","11.890,96","11.903,97","11.769,38","214,78M","-0,16%"
"26.05.2024","11.850,64","11.998,05","12.017,71","11.831,52","164,90M","-1,21%"
"23.05.2024","11.995,99","12.152,61","12.156,20","11.994,82","221,72M","-1,32%"
"22.05.2024","12.157,03","12.116,64","12.157,03","12.066,02","214,94M","0,29%"
"21.05.2024","12.122,48","12.119,04","12.145,45","12.085,34","191,55M","-0,02%"
"20.05.2024","12.125,36","12.154,65","12.179,43","12.059,17","207,32M","-0,60%"
"19.05.2024","12.198,38","12.195,46","12.222,63","12.105,92","200,18M","0,00%"
"16.05.2024","12.198,44","12.146,10","12.222,78","12.124,50","263,80M","0,79%"
"15.05.2024","12.103,20","12.114,53","12.176,99","12.089,01","246,75M","-0,15%"
"14.05.2024","12.120,91","12.263,47","12.286,69","12.097,31","285,17M","-1,13%"
"13.05.2024","12.259,60","12.207,78","12.280,92","12.146,66","269,61M","0,35%"
"12.05.2024","12.217,05","12.278,23","12.284,03","12.192,82","231,14M","-0,55%"
"09.05.2024","12.284,41","12.464,26","12.467,88","12.284,41","295,86M","-1,41%"
"08.05.2024","12.460,11","12.363,10","12.460,11","12.358,72","297,61M","0,83%"
"07.05.2024","12.357,99","12.386,68","12.391,43","12.306,80","315,16M","-0,12%"
"06.05.2024","12.372,50","12.386,02","12.432,11","12.334,09","261,98M","0,00%"
"05.05.2024","12.373,11","12.386,96","12.439,68","12.352,37","210,63M","0,17%"
"02.05.2024","12.352,33","12.350,80","12.380,08","12.331,44","254,59M","0,05%"
"01.05.2024","12.345,65","12.374,39","12.411,67","12.316,02","258,80M","-0,40%"
"30.04.2024","12.394,91","12.401,15","12.403,88","12.307,92","277,94M","0,21%"
"29.04.2024","12.369,46","12.273,70","12.394,23","12.251,77","316,45M","1,13%"
"28.04.2024","12.231,54","12.263,16","12.285,35","12.185,13","189,22M","-0,19%"
"25.04.2024","12.254,53","12.389,14","12.433,70","12.238,40","271,28M","-0,82%"
"24.04.2024","12.355,69","12.506,72","12.548,95","12.302,84","388,76M","-1,03%"
"23.04.2024","12.484,41","12.535,43","12.625,29","12.454,49","409,66M","-0,20%"
"22.04.2024","12.508,93","12.544,57","12.574,80","12.469,49","518,79M","-0,07%"
"21.04.2024","12.518,22","12.565,16","12.583,65","12.489,35","316,89M","0,13%"
"18.04.2024","12.502,35","12.481,58","12.540,09","12.450,26","311,28M","0,29%"
"17.04.2024","12.465,98","12.518,01","12.544,11","12.346,13","367,27M","-0,28%"
"16.04.2024","12.500,43","12.721,87","12.734,40","12.495,68","371,83M","-1,64%"
"15.04.2024","12.708,34","12.665,89","12.812,13","12.640,44","346,58M","0,33%"
"14.04.2024","12.666,90","12.465,72","12.727,52","12.458,98","243,17M","-0,30%"
"04.04.2024","12.705,42","12.664,01","12.725,72","12.609,92","271,12M","0,66%"
"03.04.2024","12.622,22","12.498,47","12.633,48","12.483,74","279,12M","1,17%"
"02.04.2024","12.476,59","12.406,60","12.476,59","12.379,56","274,68M","0,43%"
"01.04.2024","12.423,01","12.389,58","12.526,10","12.373,39","246,76M","0,17%"
"31.03.2024","12.401,56","12.552,21","12.564,89","12.378,12","339,62M","-1,31%"
"28.03.2024","12.565,89","12.682,96","12.717,02","12.507,30","424,24M","-0,33%"
"27.03.2024","12.607,98","12.590,22","12.635,52","12.551,51","294,08M","0,18%"
"26.03.2024","12.585,54","12.660,02","12.733,69","12.583,88","349,45M","-0,56%"
"25.03.2024","12.656,94","12.727,52","12.776,96","12.656,94","334,68M","-1,09%"
"24.03.2024","12.796,09","12.869,09","12.883,29","12.779,07","340,48M","-0,31%"
"21.03.2024","12.835,65","12.773,26","12.879,90","12.772,97","371,48M","0,76%"
"20.03.2024","12.739,33","12.815,37","12.830,28","12.736,33","353,33M","-0,51%"
"19.03.2024","12.804,00","12.774,45","12.823,30","12.735,99","456,18M","0,25%"
"18.03.2024","12.772,46","12.783,22","12.808,15","12.656,93","672,04M","0,08%"
"17.03.2024","12.762,43","12.744,29","12.799,02","12.722,37","379,82M","0,27%"
"14.03.2024","12.728,53","12.724,16","12.788,21","12.677,29","469,38M","0,04%"
"13.03.2024","12.723,15","12.631,67","12.752,24","12.628,52","425,42M","0,87%"
"12.03.2024","12.613,94","12.571,37","12.627,14","12.553,28","356,15M","0,46%"
"11.03.2024","12.555,72","12.631,12","12.631,94","12.505,61","419,22M","-0,50%"
"10.03.2024","12.618,62","12.617,47","12.653,98","12.599,56","312,33M","0,32%"
"07.03.2024","12.577,88","12.569,77","12.638,55","12.532,38","439,82M","0,13%"
"06.03.2024","12.561,90","12.474,13","12.574,25","12.434,26","343,89M","0,74%"
"05.03.2024","12.470,15","12.436,47","12.488,50","12.399,46","386,64M","0,29%"
"04.03.2024","12.434,59","12.568,35","12.606,06","12.426,73","403,11M","-0,96%"
"03.03.2024","12.555,20","12.630,40","12.645,45","12.545,64","346,82M","-0,60%"
"29.02.2024","12.630,86","12.615,06","12.654,38","12.607,87","549,48M","0,15%"
"28.02.2024","12.611,42","12.594,44","12.612,49","12.572,10","490,03M","0,08%"
"27.02.2024","12.601,55","12.526,36","12.622,89","12.503,69","462,24M","0,56%"
"26.02.2024","12.531,76","12.597,21","12.668,91","12.531,76","468,77M","-0,58%"
"25.02.2024","12.604,59","12.641,04","12.661,87","12.591,61","385,40M","-0,24%"
"21.02.2024","12.634,33","12.612,66","12.660,48","12.582,24","301,11M","0,22%"
"20.02.2024","12.606,50","12.611,58","12.619,94","12.533,55","364,94M","0,09%"
"19.02.2024","12.594,57","12.502,62","12.594,57","12.455,65","422,62M","0,74%"
"18.02.2024","12.502,00","12.494,91","12.534,05","12.483,65","386,40M","0,14%"
"15.02.2024","12.484,59","12.447,09","12.516,64","12.438,70","456,14M","0,37%"
"14.02.2024","12.438,77","12.351,03","12.451,84","12.312,29","335,40M","0,28%"
"13.02.2024","12.404,59","12.299,85","12.413,11","12.299,85","388,47M","0,88%"
"12.02.2024","12.295,91","12.209,17","12.295,91","12.195,25","377,99M","0,71%"
"11.02.2024","12.209,06","12.223,96","12.272,34","12.179,23","274,20M","0,05%"
"08.02.2024","12.202,78","12.174,95","12.274,62","12.149,81","345,73M","0,30%"
"07.02.2024","12.165,93","12.031,58","12.165,93","12.026,47","306,74M","0,78%"
"06.02.2024","12.071,41","12.035,49","12.071,41","11.943,34","320,85M","0,39%"
"05.02.2024","12.024,91","12.012,90","12.071,92","11.963,15","294,83M","0,52%"
"04.02.2024","11.962,72","11.913,72","11.962,72","11.898,59","237,87M","0,41%"
"01.02.2024","11.914,29","11.786,64","11.928,48","11.770,90","362,52M","1,00%"
"31.01.2024","11.796,63","11.938,34","12.033,66","11.796,63","282,47M","-1,58%"
"30.01.2024","11.985,97","12.261,99","12.279,76","11.951,44","355,88M","-2,18%"
"29.01.2024","12.252,81","12.281,91","12.313,28","12.235,11","286,62M","-0,09%"
"28.01.2024","12.264,17","12.182,20","12.283,25","12.180,00","261,17M","0,84%"
"25.01.2024","12.161,56","12.174,48","12.195,73","12.140,58","318,99M","-0,10%"
"24.01.2024","12.174,18","12.114,84","12.198,80","12.099,11","241,43M","0,57%"
"23.01.2024","12.105,33","12.137,25","12.164,95","12.066,04","307,02M","-0,04%"
"22.01.2024","12.110,32","12.054,66","12.127,98","12.037,81","337,48M","0,89%"
"21.01.2024","12.003,66","12.010,14","12.061,09","11.984,84","278,19M","0,37%"
"18.01.2024","11.959,07","12.063,36","12.095,66","11.869,24","399,12M","-0,86%"
"17.01.2024","12.063,00","12.093,86","12.125,77","12.048,49","365,74M","-0,12%"
"16.01.2024","12.077,58","12.126,40","12.139,01","12.054,63","365,43M","-0,37%"
"15.01.2024","12.122,11","12.066,06","12.158,20","12.057,74","311,91M","0,51%"
"14.01.2024","12.060,03","12.073,54","12.087,73","12.017,94","336,01M","-0,46%"
"11.01.2024","12.116,09","12.166,73","12.213,62","12.116,09","414,83M","-0,17%"
"10.01.2024","12.136,90","12.214,36","12.239,59","12.136,90","427,84M","-0,50%"
"09.01.2024","12.197,61","12.258,72","12.299,93","12.197,61","433,90M","-0,44%"
"08.01.2024","12.252,06","12.291,06","12.344,38","12.231,73","402,90M","-0,27%"
"07.01.2024","12.285,07","12.201,20","12.323,79","12.189,13","378,52M","1,15%"
"04.01.2024","12.145,45","11.863,01","12.145,45","11.821,26","464,99M","1,82%"
"03.01.2024","11.928,89","12.091,54","12.137,68","11.928,89","604,14M","-1,60%"
"02.01.2024","12.123,08","12.049,66","12.123,08","12.011,36","366,62M","0,71%"
"01.01.2024","12.037,04","12.003,36","12.051,95","12.001,99","248,89M","0,58%"
"31.12.2023","11.967,39","11.941,79","11.982,06","11.934,45","205,20M","0,30%"
"28.12.2023","11.931,92","11.896,55","11.931,92","11.865,70","244,14M","0,36%"
"27.12.2023","11.889,35","11.904,18","11.944,10","11.830,14","280,67M","0,14%"
"26.12.2023","11.872,63","11.827,70","11.914,06","11.824,57","241,60M","0,50%"
"25.12.2023","11.813,09","11.696,21","11.816,41","11.695,19","199,22M","1,05%"
"24.12.2023","11.690,65","11.636,70","11.696,26","11.632,47","173,25M","0,59%"
"21.12.2023","11.621,93","11.660,13","11.667,81","11.593,98","200,99M","-0,69%"
"20.12.2023","11.702,90","11.725,36","11.725,47","11.673,91","228,97M","-0,09%"
"19.12.2023","11.713,46","11.654,00","11.713,46","11.642,36","234,55M","0,32%"
"18.12.2023","11.676,34","11.596,41","11.683,84","11.543,75","260,54M","0,65%"
"17.12.2023","11.600,72","11.579,37","11.637,08","11.572,21","194,52M","0,50%"
"14.12.2023","11.542,93","11.439,31","11.554,08","11.435,22","308,51M","1,24%"
"13.12.2023","11.401,47","11.398,69","11.414,47","11.349,37","203,19M","0,06%"
"12.12.2023","11.395,00","11.386,50","11.423,16","11.346,59","252,13M","0,12%"
"11.12.2023","11.380,95","11.302,48","11.396,87","11.274,42","258,64M","0,75%"
"10.12.2023","11.296,72","11.223,44","11.307,38","11.216,99","227,44M","0,64%"
"07.12.2023","11.225,35","11.162,29","11.229,15","11.145,33","242,80M","0,46%"
"06.12.2023","11.174,02","11.146,87","11.198,87","11.138,07","243,74M","0,27%"
"05.12.2023","11.143,83","11.199,22","11.213,12","11.118,94","235,92M","-0,42%"
"04.12.2023","11.191,39","11.225,43","11.242,60","11.191,39","234,76M","-0,25%"
"03.12.2023","11.219,02","11.178,19","11.226,84","11.162,38","218,12M","0,37%"
"30.11.2023","11.177,48","11.092,68","11.177,48","11.061,78","295,68M","0,67%"
"29.11.2023","11.103,05","11.140,39","11.145,98","11.072,40","301,13M","0,02%"
"28.11.2023","11.100,92","11.087,22","11.112,94","11.063,63","207,22M","0,18%"
"27.11.2023","11.080,74","11.079,90","11.105,52","11.049,73","226,32M","-0,09%"
"26.11.2023","11.090,42","11.078,04","11.103,39","11.069,21","225,14M","0,11%"
"23.11.2023","11.078,08","11.093,24","11.116,45","11.050,19","167,88M","-0,20%"
"22.11.2023","11.099,98","11.125,70","11.131,65","11.067,75","200,52M","-0,26%"
"21.11.2023","11.129,10","11.119,19","11.149,34","11.090,07","266,12M","0,09%"
"20.11.2023","11.118,94","11.111,68","11.126,08","11.084,69","275,28M","-0,16%"
"19.11.2023","11.137,03","11.095,02","11.145,53","11.091,82","264,72M","0,50%"
"16.11.2023","11.081,97","11.014,91","11.081,97","11.001,78","247,17M","0,54%"
"15.11.2023","11.022,89","10.904,16","11.022,89","10.902,32","242,76M","1,53%"
"14.11.2023","10.857,10","10.791,50","10.902,87","10.786,84","263,19M","0,62%"
"13.11.2023","10.789,75","10.845,42","10.846,96","10.758,46","221,95M","-0,41%"
"12.11.2023","10.833,64","10.836,21","10.883,01","10.820,14","202,65M","-0,07%"
"09.11.2023","10.840,76","10.913,20","10.922,96","10.814,28","173,90M","-0,81%"
"08.11.2023","10.928,76","10.939,44","10.979,61","10.878,29","217,62M","-0,16%"
"07.11.2023","10.945,97","10.957,02","10.988,05","10.898,98","185,29M","-0,03%"
"06.11.2023","10.948,86","10.921,69","10.974,48","10.874,14","255,48M","0,09%"
"05.11.2023","10.938,95","10.916,26","10.950,12","10.877,09","181,59M","0,79%"
"02.11.2023","10.853,36","10.828,58","10.990,41","10.819,59","219,25M","0,36%"
"01.11.2023","10.814,89","10.700,25","10.866,87","10.601,45","274,55M","1,17%"
"31.10.2023","10.690,09","10.561,73","10.700,08","10.534,47","215,15M","1,46%"
"30.10.2023","10.535,87","10.501,03","10.626,53","10.500,25","171,95M","0,51%"
"29.10.2023","10.482,85","10.418,79","10.492,24","10.354,04","118,17M","0,71%"
"26.10.2023","10.408,94","10.471,06","10.499,72","10.395,83","156,16M","-0,91%"
"25.10.2023","10.504,76","10.422,38","10.504,76","10.368,56","187,24M","1,20%"
"24.10.2023","10.379,71","10.300,57","10.396,15","10.262,38","195,39M","0,84%"
"23.10.2023","10.293,19","10.482,94","10.552,44","10.293,19","212,84M","-1,93%"
"22.10.2023","10.496,16","10.637,32","10.643,99","10.494,46","150,80M","-1,49%"
"19.10.2023","10.654,56","10.708,81","10.737,17","10.621,85","144,51M","-0,56%"
"18.10.2023","10.714,06","10.729,80","10.784,32","10.687,15","197,82M","-0,16%"
"17.10.2023","10.731,40","10.626,48","10.774,04","10.614,05","207,96M","1,03%"
"16.10.2023","10.622,12","10.532,93","10.622,12","10.501,64","179,18M","0,75%"
"15.10.2023","10.542,86","10.585,75","10.588,53","10.510,57","153,21M","-0,41%"
"12.10.2023","10.586,22","10.566,42","10.600,89","10.466,77","284,44M","0,13%"
"11.10.2023","10.572,70","10.651,90","10.699,30","10.523,83","289,66M","-0,63%"
"10.10.2023","10.640,06","10.617,23","10.679,63","10.584,76","218,60M","0,61%"
"09.10.2023","10.575,34","10.578,62","10.651,19","10.532,51","193,33M","-0,20%"
"08.10.2023","10.596,02","10.759,23","10.770,48","10.576,22","201,08M","-1,57%"
"05.10.2023","10.764,85","10.848,32","10.851,36","10.760,05","151,16M","-0,70%"
"04.10.2023","10.840,27","10.932,98","10.935,77","10.826,64","323,10M","-1,02%"
"03.10.2023","10.952,34","10.998,77","11.007,12","10.943,54","166,33M","-0,49%"
"02.10.2023","11.005,94","11.028,99","11.101,45","11.005,94","170,81M","-0,31%"
"01.10.2023","11.040,17","11.078,23","11.079,89","11.026,12","143,24M","-0,14%"
"28.09.2023","11.055,96","11.103,35","11.146,29","11.049,96","181,09M","-0,19%"
"27.09.2023","11.076,94","10.922,09","11.076,94","10.905,01","204,64M","1,45%"
"26.09.2023","10.918,24","10.875,17","10.963,27","10.819,68","203,84M","0,37%"
"25.09.2023","10.877,94","10.931,24","11.004,31","10.877,94","190,12M","-0,65%"
"21.09.2023","10.949,42","11.090,14","11.090,59","10.946,03","166,03M","-1,01%"
"20.09.2023","11.061,50","11.081,77","11.082,01","11.026,16","182,55M","-0,08%"
"19.09.2023","11.070,77","11.029,28","11.082,83","10.992,25","186,12M","0,31%"
"18.09.2023","11.036,04","11.105,71","11.148,51","11.002,96","204,63M","-0,61%"
"17.09.2023","11.104,15","11.159,63","11.165,22","11.099,52","147,98M","-0,45%"
"14.09.2023","11.154,54","11.132,11","11.154,54","11.095,14","233,77M","0,29%"
"13.09.2023","11.122,23","11.131,30","11.158,20","11.086,66","235,28M","-0,31%"
"12.09.2023","11.156,26","11.240,60","11.246,57","11.121,83","233,92M","-0,70%"
"11.09.2023","11.235,14","11.161,47","11.235,14","11.132,75","231,71M","0,73%"
"10.09.2023","11.154,05","11.210,63","11.218,68","11.124,56","169,78M","-0,55%"
"07.09.2023","11.215,56","11.300,99","11.308,46","11.199,70","209,02M","-0,73%"
"06.09.2023","11.298,16","11.403,56","11.415,97","11.281,01","212,24M","-0,99%"
"05.09.2023","11.410,98","11.444,60","11.451,87","11.376,68","190,53M","-0,17%"
"04.09.2023","11.430,87","11.466,69","11.492,79","11.412,86","188,74M","-0,22%"
"03.09.2023","11.455,78","11.488,48","11.511,16","11.432,30","154,05M","-0,31%"
"31.08.2023","11.491,20","11.572,83","11.593,02","11.491,20","306,56M","-0,72%"
"30.08.2023","11.574,75","11.463,36","11.579,26","11.458,53","182,32M","1,16%"
"29.08.2023","11.442,56","11.477,15","11.488,45","11.415,75","169,12M","-0,19%"
"28.08.2023","11.464,26","11.479,57","11.506,45","11.462,57","176,71M","-0,05%"
"27.08.2023","11.470,11","11.424,48","11.487,37","11.424,48","163,65M","0,57%"
"24.08.2023","11.405,30","11.395,98","11.446,52","11.392,41","227,28M","0,34%"
"23.08.2023","11.367,07","11.382,23","11.450,17","11.367,07","201,16M","-0,09%"
"22.08.2023","11.377,55","11.394,61","11.432,89","11.364,84","181,34M","-0,27%"
"21.08.2023","11.408,45","11.529,64","11.536,68","11.408,45","213,73M","-0,81%"
"20.08.2023","11.501,42","11.454,35","11.514,75","11.449,95","151,14M","0,44%"
"17.08.2023","11.451,31","11.375,92","11.467,59","11.352,73","232,39M","0,51%"
"16.08.2023","11.392,76","11.391,10","11.488,14","11.348,87","194,43M","-0,18%"
"15.08.2023","11.412,88","11.491,45","11.494,68","11.398,59","198,07M","-0,70%"
"14.08.2023","11.493,82","11.532,96","11.549,50","11.474,66","232,35M","-0,45%"
"13.08.2023","11.546,15","11.440,07","11.554,34","11.439,11","231,68M","1,07%"
"10.08.2023","11.424,12","11.283,49","11.450,77","11.283,49","215,99M","1,22%"
"09.08.2023","11.286,21","11.263,98","11.310,35","11.194,20","246,17M","0,37%"
"08.08.2023","11.244,27","11.302,31","11.379,04","11.244,27","219,91M","-0,25%"
"07.08.2023","11.271,94","11.350,83","11.425,45","11.235,15","271,44M","-0,70%"
"06.08.2023","11.351,48","11.408,39","11.437,72","11.344,44","168,55M","-0,21%"
"03.08.2023","11.375,78","11.441,86","11.496,28","11.375,78","257,94M","-0,89%"
"02.08.2023","11.478,28","11.610,17","11.613,71","11.472,53","204,56M","-1,36%"
"01.08.2023","11.636,07","11.674,88","11.707,21","11.602,01","212,81M","-0,48%"
"31.07.2023","11.692,23","11.786,50","11.786,50","11.640,15","215,81M","-0,82%"
"30.07.2023","11.789,28","11.854,55","11.869,09","11.763,21","173,09M","-0,49%"
"27.07.2023","11.847,72","11.894,32","11.933,68","11.847,72","234,06M","-0,49%"
"26.07.2023","11.906,13","11.892,58","11.917,29","11.848,73","251,32M","0,20%"
"25.07.2023","11.882,68","11.842,11","11.896,87","11.834,82","243,22M","0,68%"
"24.07.2023","11.801,90","11.761,42","11.819,51","11.740,82","273,00M","0,35%"
"23.07.2023","11.760,30","11.757,07","11.773,25","11.715,77","167,71M","0,04%"
"20.07.2023","11.755,94","11.767,83","11.775,56","11.723,65","245,37M","0,03%"
"19.07.2023","11.752,63","11.768,50","11.786,26","11.733,82","254,02M","-0,14%"
"18.07.2023","11.768,71","11.794,96","11.826,34","11.726,76","326,49M","-0,10%"
"17.07.2023","11.780,27","11.713,39","11.784,99","11.671,15","273,98M","0,55%"
"16.07.2023","11.715,50","11.733,20","11.754,37","11.694,07","275,38M","0,07%"
"13.07.2023","11.707,87","11.740,65","11.750,37","11.695,62","410,12M","-0,16%"
"12.07.2023","11.727,19","11.685,53","11.758,79","11.678,72","443,51M","0,54%"
"11.07.2023","11.664,50","11.604,16","11.673,27","11.603,25","354,98M","0,67%"
"10.07.2023","11.586,93","11.594,38","11.624,22","11.565,82","474,24M","-0,19%"
"09.07.2023","11.609,35","11.590,76","11.618,03","11.557,67","317,88M","0,10%"
"06.07.2023","11.597,91","11.596,00","11.598,61","11.553,97","281,86M","0,05%"
"05.07.2023","11.591,55","11.615,91","11.637,41","11.568,00","292,73M","-0,23%"
"04.07.2023","11.618,72","11.557,80","11.618,72","11.552,60","247,29M","0,64%"
"03.07.2023","11.545,13","11.508,35","11.545,13","11.463,83","265,70M","0,45%"
"02.07.2023","11.493,91","11.491,76","11.522,87","11.481,73","181,42M","0,30%"
"22.06.2023","11.458,98","11.462,14","11.493,91","11.445,24","235,14M","-0,06%"
"21.06.2023","11.466,17","11.428,09","11.466,17","11.411,60","193,64M","0,30%"
"20.06.2023","11.431,37","11.395,46","11.431,37","11.354,88","233,73M","0,08%"
"19.06.2023","11.421,70","11.501,61","11.510,20","11.388,33","303,05M","-0,83%"
"18.06.2023","11.516,89","11.535,36","11.572,89","11.511,30","449,97M","0,01%"
"15.06.2023","11.516,14","11.541,34","11.572,41","11.491,06","586,98M","-0,15%"
"14.06.2023","11.533,03","11.430,53","11.542,33","11.427,76","282,84M","1,04%"
"13.06.2023","11.413,82","11.421,12","11.464,85","11.412,32","241,71M","-0,08%"
"12.06.2023","11.423,13","11.400,27","11.424,78","11.345,11","196,50M","0,24%"
"11.06.2023","11.396,13","11.393,02","11.440,25","11.388,51","167,52M","-0,01%"
"08.06.2023","11.397,14","11.379,25","11.397,14","11.336,20","188,36M","0,21%"
"07.06.2023","11.372,83","11.340,23","11.378,77","11.327,60","180,78M","0,49%"
"06.06.2023","11.316,87","11.300,94","11.316,87","11.267,85","190,67M","0,21%"
"05.06.2023","11.293,59","11.235,44","11.340,35","11.229,62","182,01M","0,64%"
"04.06.2023","11.221,96","11.092,83","11.221,96","11.087,33","140,62M","1,88%"
"01.06.2023","11.014,95","11.034,48","11.085,70","11.014,95","174,95M","0,01%"
"31.05.2023","11.014,13","11.119,84","11.122,66","10.987,02","341,61M","-1,13%"
"30.05.2023","11.139,98","11.156,09","11.202,99","11.139,98","150,88M","0,04%"
"29.05.2023","11.135,67","11.139,42","11.171,28","11.121,54","157,16M","-0,02%"
"28.05.2023","11.138,05","11.196,04","11.223,34","11.133,63","158,58M","-0,42%"
"25.05.2023","11.184,57","11.226,72","11.230,67","11.181,47","168,45M","-0,46%"
"24.05.2023","11.236,27","11.271,28","11.275,05","11.184,94","176,23M","-0,35%"
"23.05.2023","11.275,77","11.333,80","11.343,13","11.275,77","215,42M","-0,47%"
"22.05.2023","11.329,19","11.334,22","11.345,02","11.296,94","212,04M","-0,11%"
"21.05.2023","11.341,82","11.351,36","11.368,28","11.315,06","167,42M","-0,02%"
"18.05.2023","11.344,40","11.295,08","11.358,14","11.295,08","216,86M","0,59%"
"17.05.2023","11.277,60","11.201,61","11.277,60","11.187,16","204,38M","0,64%"
"16.05.2023","11.206,02","11.263,20","11.315,13","11.147,86","241,45M","-0,22%"
"15.05.2023","11.230,20","11.347,47","11.354,88","11.230,20","220,77M","-1,04%"
"14.05.2023","11.348,43","11.442,06","11.450,50","11.346,44","154,36M","-0,39%"
"11.05.2023","11.392,78","11.297,87","11.396,27","11.268,13","224,26M","0,88%"
"10.05.2023","11.293,18","11.299,05","11.301,87","11.233,60","222,21M","-0,11%"
"09.05.2023","11.305,28","11.390,38","11.390,83","11.261,33","244,52M","0,43%"
"08.05.2023","11.256,39","11.256,76","11.299,79","11.220,53","209,48M","0,00%"
"07.05.2023","11.256,65","11.164,61","11.259,82","11.164,14","184,64M","1,24%"
"04.05.2023","11.118,77","11.026,46","11.118,77","10.999,59","175,74M","0,41%"
"03.05.2023","11.073,17","11.144,78","11.159,39","11.039,16","231,53M","-1,30%"
"02.05.2023","11.218,61","11.283,74","11.302,74","11.170,34","190,54M","-0,59%"
"01.05.2023","11.285,61","11.316,03","11.325,87","11.245,44","202,26M","-0,20%"
"30.04.2023","11.307,77","11.301,38","11.350,25","11.300,97","174,62M","0,32%"
"27.04.2023","11.271,19","11.278,24","11.291,61","11.238,49","208,17M","-0,32%"
"26.04.2023","11.307,22","11.264,05","11.330,66","11.216,92","245,94M","0,37%"
"25.04.2023","11.265,11","11.178,70","11.265,11","11.141,90","214,60M","0,91%"
"17.04.2023","11.163,57","11.029,07","11.163,57","11.028,00","178,16M","1,19%"
"16.04.2023","11.032,57","10.979,61","11.040,01","10.968,75","158,58M","0,62%"
"13.04.2023","10.964,67","10.942,87","10.989,77","10.909,46","164,73M","0,27%"
"12.04.2023","10.935,39","10.844,24","10.935,39","10.843,81","153,98M","0,80%"
"11.04.2023","10.849,05","10.895,20","10.905,33","10.816,16","168,09M","-0,52%"
"10.04.2023","10.905,48","10.973,43","10.977,44","10.894,90","207,74M","-0,55%"
"09.04.2023","10.965,78","10.917,50","10.987,93","10.916,98","211,57M","0,55%"
"06.04.2023","10.906,15","10.902,35","10.923,27","10.860,69","170,88M","-0,13%"
"05.04.2023","10.920,63","10.965,86","10.967,63","10.879,73","202,51M","-0,26%"
"04.04.2023","10.948,60","10.835,69","10.948,60","10.832,57","232,17M","1,31%"
"03.04.2023","10.806,89","10.701,03","10.806,89","10.698,96","229,55M","1,60%"
"02.04.2023","10.636,62","10.616,35","10.690,02","10.616,35","178,34M","0,44%"
"30.03.2023","10.590,10","10.515,75","10.590,10","10.508,92","218,78M","0,83%"
"29.03.2023","10.503,18","10.472,89","10.503,18","10.452,21","250,91M","0,34%"
"28.03.2023","10.468,08","10.486,67","10.531,23","10.416,11","232,03M","0,04%"
"27.03.2023","10.463,61","10.456,91","10.533,96","10.440,12","231,41M","0,04%"
"26.03.2023","10.459,36","10.441,30","10.476,42","10.426,40","122,20M","0,12%"
"23.03.2023","10.446,39","10.334,83","10.446,39","10.302,20","128,34M","0,93%"
"22.03.2023","10.350,51","10.352,94","10.422,76","10.334,43","154,46M","-0,09%"
"21.03.2023","10.359,74","10.242,22","10.371,36","10.242,22","157,68M","1,39%"
"20.03.2023","10.218,12","10.122,74","10.218,12","10.098,31","178,87M","0,59%"
"19.03.2023","10.157,73","10.012,86","10.163,67","10.008,38","118,01M","1,82%"
"16.03.2023","9.976,65","10.042,63","10.083,09","9.932,88","231,18M","-0,72%"
"15.03.2023","10.048,50","10.233,13","10.264,80","10.046,44","197,78M","-1,55%"
"14.03.2023","10.207,17","10.284,01","10.326,55","10.207,17","146,52M","-0,95%"
"13.03.2023","10.305,09","10.414,66","10.462,89","10.305,09","169,01M","-0,76%"
"12.03.2023","10.383,82","10.432,13","10.451,80","10.358,73","134,43M","-0,76%"
"09.03.2023","10.463,18","10.411,87","10.513,45","10.400,59","142,86M","0,51%"
"08.03.2023","10.410,21","10.420,07","10.420,67","10.327,50","148,27M","-0,60%"
"07.03.2023","10.473,32","10.453,39","10.533,84","10.446,96","175,92M","0,24%"
"06.03.2023","10.447,96","10.420,87","10.447,96","10.397,60","168,03M","0,35%"
"05.03.2023","10.411,26","10.345,82","10.411,26","10.335,24","114,10M","1,30%"
"02.03.2023","10.277,76","10.238,71","10.330,82","10.235,08","171,39M","0,84%"
"01.03.2023","10.192,26","10.123,27","10.216,23","10.094,52","168,64M","0,89%"
"28.02.2023","10.102,70","9.984,81","10.118,75","9.930,86","237,06M","1,08%"
"27.02.2023","9.994,79","10.052,85","10.065,96","9.963,58","161,14M","-0,57%"
"26.02.2023","10.051,78","10.155,83","10.172,19","10.040,30","105,78M","-1,00%"
"23.02.2023","10.153,30","10.234,86","10.234,88","10.148,96","136,90M","-1,13%"
"21.02.2023","10.269,73","10.370,43","10.370,97","10.235,06","117,77M","-0,98%"
"20.02.2023","10.370,97","10.488,20","10.492,90","10.366,55","127,44M","-1,16%"
"19.02.2023","10.493,17","10.551,30","10.551,30","10.471,90","124,90M","-0,52%"
"16.02.2023","10.548,45","10.572,30","10.589,80","10.547,23","165,95M","-0,23%"
"15.02.2023","10.573,05","10.454,13","10.573,05","10.451,41","157,98M","0,73%"
"14.02.2023","10.496,59","10.538,78","10.559,69","10.476,09","128,42M","-0,22%"
"13.02.2023","10.519,74","10.426,57","10.531,47","10.426,50","190,53M","0,96%"
"12.02.2023","10.419,44","10.406,52","10.438,16","10.364,16","143,63M","0,07%"
"09.02.2023","10.412,16","10.518,05","10.518,44","10.391,88","117,33M","-0,91%"
"08.02.2023","10.507,72","10.476,45","10.520,33","10.443,40","157,42M","0,37%"
"07.02.2023","10.469,50","10.589,01","10.596,27","10.468,10","164,70M","-0,82%"
"06.02.2023","10.555,71","10.543,08","10.566,57","10.451,33","175,42M","-0,03%"
"05.02.2023","10.558,58","10.681,17","10.682,30","10.526,78","213,30M","-1,34%"
"02.02.2023","10.701,79","10.757,05","10.768,91","10.650,08","172,36M","-0,76%"
"01.02.2023","10.783,73","10.788,79","10.800,14","10.739,82","132,31M","-0,08%"
"31.01.2023","10.792,85","10.795,96","10.795,96","10.717,30","147,58M","-0,16%"
"30.01.2023","10.810,68","10.839,91","10.842,75","10.719,79","164,07M","-0,27%"
"29.01.2023","10.839,49","10.855,91","10.858,34","10.809,91","117,35M","0,16%"
"26.01.2023","10.821,65","10.814,05","10.837,61","10.774,61","125,94M","0,12%"
"25.01.2023","10.809,15","10.795,57","10.822,72","10.735,78","144,17M","0,13%"
"24.01.2023","10.795,60","10.767,71","10.813,86","10.767,26","115,47M","0,28%"
"23.01.2023","10.765,77","10.727,44","10.765,77","10.692,95","128,01M","0,38%"
"22.01.2023","10.724,62","10.716,73","10.748,39","10.701,53","98,28M","0,40%"
"19.01.2023","10.682,01","10.609,01","10.686,76","10.579,26","101,07M","0,17%"
"18.01.2023","10.664,04","10.674,17","10.713,80","10.644,76","127,83M","-0,18%"
"17.01.2023","10.682,90","10.718,15","10.722,02","10.610,79","171,14M","-0,42%"
"16.01.2023","10.728,45","10.720,03","10.744,82","10.681,74","146,25M","0,01%"
"15.01.2023","10.726,87","10.762,94","10.808,50","10.721,11","141,86M","-0,16%"
"12.01.2023","10.744,22","10.630,62","10.744,22","10.624,32","186,39M","1,19%"
"11.01.2023","10.617,49","10.644,36","10.676,64","10.602,18","213,75M","-0,16%"
"10.01.2023","10.634,06","10.659,39","10.660,37","10.595,52","143,99M","-0,12%"
"09.01.2023","10.647,18","10.545,86","10.647,18","10.541,08","136,63M","1,05%"
"08.01.2023","10.536,91","10.544,66","10.580,12","10.517,23","109,73M","0,05%"
"05.01.2023","10.531,83","10.530,43","10.531,83","10.441,64","176,45M","0,00%"
"04.01.2023","10.531,90","10.644,61","10.697,71","10.514,09","242,42M","-1,21%"
"03.01.2023","10.660,94","10.584,96","10.667,08","10.581,35","144,95M","0,78%"
"02.01.2023","10.578,34","10.556,56","10.588,96","10.515,82","149,28M","0,30%"
"01.01.2023","10.546,67","10.505,57","10.565,61","10.500,21","77,06M","0,65%"
"29.12.2022","10.478,46","10.482,07","10.542,65","10.447,63","115,00M","-0,07%"
"28.12.2022","10.485,29","10.355,50","10.485,29","10.321,74","134,96M","1,22%"
"27.12.2022","10.359,26","10.236,61","10.392,35","10.210,44","104,45M","1,28%"
"26.12.2022","10.228,64","10.239,11","10.254,25","10.220,33","85,57M","-0,06%"
"25.12.2022","10.234,52","10.230,96","10.255,63","10.208,77","79,76M","0,18%"
"22.12.2022","10.215,79","10.297,28","10.315,30","10.215,79","100,38M","-0,60%"
"21.12.2022","10.276,94","10.298,12","10.323,38","10.248,62","137,82M","-0,03%"
"20.12.2022","10.280,15","10.159,91","10.280,15","10.051,08","136,79M","0,92%"
"19.12.2022","10.186,18","10.265,17","10.267,41","10.128,14","163,85M","-0,64%"
"18.12.2022","10.251,68","10.268,56","10.316,61","10.233,96","117,49M","-0,38%"
"15.12.2022","10.290,42","10.232,49","10.294,65","10.181,92","231,70M","0,41%"
"14.12.2022","10.248,12","10.289,82","10.386,11","10.204,87","347,94M","0,26%"
"13.12.2022","10.221,14","10.077,88","10.303,60","10.067,47","534,38M","1,87%"
"12.12.2022","10.033,19","10.168,17","10.168,17","9.950,17","642,15M","-1,04%"
"11.12.2022","10.138,31","10.263,99","10.326,44","10.122,00","84,26M","-1,06%"
"08.12.2022","10.246,61","10.209,21","10.308,63","10.089,12","113,40M","0,60%"
"07.12.2022","10.185,14","10.443,52","10.466,64","10.185,14","115,30M","-2,48%"
"06.12.2022","10.444,27","10.405,83","10.444,27","10.265,63","133,30M","0,24%"
"05.12.2022","10.419,15","10.735,57","10.737,98","10.419,15","116,63M","-2,84%"
"04.12.2022","10.723,95","10.853,78","10.858,66","10.722,67","85,62M","-0,91%"
"01.12.2022","10.822,65","10.928,97","10.957,64","10.822,65","123,16M","-0,68%"
"30.11.2022","10.896,91","10.749,86","10.896,91","10.683,47","169,56M","1,35%"
"29.11.2022","10.752,01","10.761,95","10.826,90","10.718,84","109,81M","0,05%"
"28.11.2022","10.746,64","10.683,82","10.837,48","10.577,76","111,18M","-0,46%"
"27.11.2022","10.796,46","10.935,48","10.936,52","10.744,86","74,79M","-1,30%"
"24.11.2022","10.938,75","10.944,69","10.946,02","10.799,57","143,59M","-0,24%"
"22.11.2022","10.965,41","10.921,21","10.965,41","10.835,61","80,08M","0,32%"
"21.11.2022","10.930,51","11.034,36","11.034,49","10.876,84","101,73M","-1,11%"
"20.11.2022","11.053,16","11.139,72","11.142,82","11.022,83","86,42M","-0,80%"
"17.11.2022","11.142,02","11.163,32","11.169,03","11.093,85","107,52M","-0,08%"
"16.11.2022","11.151,24","11.074,91","11.151,24","10.975,50","130,45M","0,49%"
"15.11.2022","11.096,58","11.213,53","11.217,22","11.046,88","121,44M","-0,90%"
"14.11.2022","11.197,46","11.234,05","11.246,90","11.093,38","139,30M","-0,44%"
"13.11.2022","11.246,93","11.346,94","11.365,56","11.238,83","119,83M","0,31%"
"10.11.2022","11.211,70","11.369,53","11.369,67","11.178,78","129,15M","-1,71%"
"09.11.2022","11.407,18","11.467,88","11.467,92","11.358,87","120,03M","-0,69%"
"08.11.2022","11.486,53","11.592,06","11.597,28","11.430,04","146,35M","-0,97%"
"07.11.2022","11.598,76","11.516,69","11.598,76","11.440,62","142,68M","0,67%"
"06.11.2022","11.521,28","11.560,72","11.609,42","11.508,44","113,71M","0,72%"
"03.11.2022","11.439,19","11.463,48","11.506,05","11.411,80","138,93M","-0,79%"
"02.11.2022","11.530,29","11.500,32","11.553,70","11.333,38","198,72M","0,00%"
"01.11.2022","11.530,44","11.677,03","11.681,08","11.462,96","182,17M","-1,18%"
"31.10.2022","11.667,80","11.647,78","11.667,80","11.549,39","145,61M","0,30%"
"30.10.2022","11.632,33","11.728,53","11.773,87","11.630,79","104,02M","-0,66%"
"27.10.2022","11.709,50","11.781,16","11.839,83","11.703,20","187,31M","-0,76%"
"26.10.2022","11.798,77","11.983,52","12.004,85","11.732,10","160,38M","-1,46%"
"25.10.2022","11.973,86","12.080,05","12.099,60","11.909,36","164,79M","-0,84%"
"24.10.2022","12.075,27","11.979,28","12.075,27","11.927,81","147,92M","0,57%"
"23.10.2022","12.006,59","12.035,59","12.076,04","11.989,53","129,98M","0,36%"
"20.10.2022","11.963,68","11.801,39","11.963,68","11.798,35","140,54M","1,43%"
"19.10.2022","11.795,10","11.814,28","11.851,16","11.769,38","130,25M","-0,13%"
"18.10.2022","11.809,95","11.624,66","11.809,95","11.623,61","148,25M","2,11%"
"17.10.2022","11.566,38","11.421,96","11.591,61","11.416,30","111,56M","1,41%"
"16.10.2022","11.405,88","11.440,18","11.467,87","11.331,23","98,77M","-0,14%"
"13.10.2022","11.421,78","11.548,12","11.564,52","11.421,78","112,89M","-1,12%"
"12.10.2022","11.551,34","11.533,00","11.590,21","11.502,62","143,75M","0,32%"
"11.10.2022","11.514,26","11.542,79","11.560,08","11.456,51","124,15M","-0,14%"
"10.10.2022","11.530,37","11.554,00","11.628,74","11.471,89","139,85M","-0,31%"
"09.10.2022","11.566,45","11.758,44","11.769,26","11.555,15","115,45M","-1,63%"
"06.10.2022","11.757,79","11.802,63","11.824,22","11.747,23","135,22M","-0,11%"
"05.10.2022","11.770,32","11.862,97","11.880,52","11.709,64","186,50M","-0,09%"
"04.10.2022","11.780,41","11.711,15","11.785,91","11.679,16","195,96M","1,49%"
"03.10.2022","11.607,96","11.544,69","11.647,41","11.533,94","184,54M","1,05%"
"02.10.2022","11.487,07","11.420,66","11.530,18","11.325,68","148,68M","0,72%"
"29.09.2022","11.405,32","11.253,33","11.411,35","11.252,80","172,24M","2,11%"
"28.09.2022","11.170,08","11.121,36","11.241,11","11.032,52","165,84M","1,39%"
"27.09.2022","11.017,38","10.981,28","11.085,96","10.932,34","161,14M","0,99%"
"26.09.2022","10.909,18","11.113,68","11.193,42","10.909,18","172,34M","-2,26%"
"25.09.2022","11.161,38","11.201,19","11.218,09","11.121,94","128,31M","-2,62%"
"21.09.2022","11.461,09","11.498,37","11.543,42","11.402,57","118,14M","-0,37%"
"20.09.2022","11.503,60","11.523,93","11.615,45","11.503,60","126,95M","0,50%"
"19.09.2022","11.446,33","11.545,32","11.602,22","11.404,06","125,00M","-1,09%"
"18.09.2022","11.572,18","11.807,59","11.814,84","11.554,56","137,87M","-2,18%"
"15.09.2022","11.829,54","11.920,15","12.016,12","11.829,54","162,48M","-0,54%"
"14.09.2022","11.893,27","11.871,41","11.987,71","11.846,15","121,83M","-1,58%"
"13.09.2022","12.084,45","12.035,45","12.089,66","11.985,36","137,01M","0,52%"
"12.09.2022","12.022,12","11.956,63","12.022,12","11.930,63","112,07M","0,68%"
"11.09.2022","11.940,36","11.951,03","12.014,60","11.935,42","121,24M","0,90%"
"08.09.2022","11.834,26","11.886,51","11.927,63","11.748,50","126,52M","-0,25%"
"07.09.2022","11.863,81","11.983,86","12.034,21","11.862,13","131,75M","-1,09%"
"06.09.2022","11.994,72","12.115,74","12.169,16","11.994,72","135,14M","-0,87%"
"05.09.2022","12.099,84","12.185,20","12.227,59","12.099,84","115,34M","-0,77%"
"04.09.2022","12.194,29","12.107,74","12.225,87","12.073,12","112,38M","0,43%"
"01.09.2022","12.142,65","12.253,13","12.283,70","12.116,14","162,61M","-1,15%"
"31.08.2022","12.283,33","12.431,98","12.453,18","12.273,49","192,38M","-1,38%"
"30.08.2022","12.455,65","12.561,10","12.594,61","12.455,65","144,90M","-0,60%"
"29.08.2022","12.530,66","12.534,53","12.597,63","12.516,97","161,93M","0,04%"
"28.08.2022","12.526,11","12.475,16","12.574,22","12.459,79","137,74M","-0,52%"
"25.08.2022","12.591,74","12.480,55","12.591,74","12.473,61","135,27M","1,19%"
"24.08.2022","12.443,77","12.420,43","12.450,54","12.347,32","153,84M","0,19%"
"23.08.2022","12.420,77","12.541,38","12.616,13","12.420,77","156,64M","-1,11%"
"22.08.2022","12.560,48","12.537,27","12.606,40","12.503,03","138,14M","0,05%"
"21.08.2022","12.554,50","12.626,98","12.644,37","12.549,02","129,65M","-0,53%"
"18.08.2022","12.621,73","12.659,95","12.714,56","12.621,73","186,36M","-0,20%"
"17.08.2022","12.646,74","12.554,49","12.652,44","12.550,12","182,26M","0,81%"
"16.08.2022","12.545,14","12.542,15","12.574,52","12.506,80","214,89M","0,01%"
"15.08.2022","12.543,77","12.512,98","12.543,77","12.454,21","192,54M","0,23%"
"14.08.2022","12.514,37","12.548,38","12.568,17","12.497,17","223,68M","-0,13%"
"11.08.2022","12.530,76","12.471,84","12.538,32","12.469,15","213,74M","0,80%"
"10.08.2022","12.431,45","12.346,11","12.431,45","12.314,86","178,84M","0,82%"
"09.08.2022","12.329,99","12.314,47","12.344,08","12.277,38","167,98M","0,27%"
"08.08.2022","12.297,29","12.230,02","12.324,90","12.226,74","156,64M","0,66%"
"07.08.2022","12.216,84","12.314,08","12.315,97","12.201,49","147,51M","-0,61%"
"04.08.2022","12.291,54","12.292,72","12.329,22","12.243,41","183,52M","0,00%"
"03.08.2022","12.291,93","12.290,30","12.299,24","12.202,37","200,01M","-0,15%"
"02.08.2022","12.310,63","12.334,02","12.334,47","12.221,21","210,26M","-0,23%"
"01.08.2022","12.338,95","12.236,73","12.338,95","12.197,35","209,35M","1,15%"
"31.07.2022","12.199,08","12.225,31","12.268,51","12.186,20","177,79M","0,36%"
"28.07.2022","12.155,02","12.122,98","12.195,68","12.111,81","316,77M","0,85%"
"27.07.2022","12.052,18","12.004,92","12.097,62","11.984,31","138,65M","0,74%"
"26.07.2022","11.964,21","11.912,85","11.977,68","11.886,08","164,32M","0,76%"
"25.07.2022","11.874,22","11.961,79","11.962,15","11.858,52","163,76M","-0,84%"
"24.07.2022","11.975,14","11.982,09","12.052,90","11.955,54","152,86M","-0,11%"
"21.07.2022","11.987,97","11.930,99","11.987,97","11.834,92","166,68M","1,04%"
"20.07.2022","11.864,34","11.810,10","11.995,29","11.780,48","217,39M","0,88%"
"19.07.2022","11.761,35","11.582,51","11.761,41","11.530,60","190,99M","1,79%"
"18.07.2022","11.555,08","11.297,43","11.555,08","11.296,62","163,24M","2,33%"
"17.07.2022","11.292,41","11.308,20","11.365,45","11.239,13","107,28M","1,16%"
"14.07.2022","11.163,02","11.280,09","11.316,89","11.096,74","121,22M","-1,12%"
"13.07.2022","11.289,75","11.418,81","11.531,08","11.289,75","135,37M","-1,11%"
"06.07.2022","11.416,54","11.261,91","11.420,19","11.223,69","144,20M","0,63%"
"05.07.2022","11.344,57","11.361,22","11.413,45","11.311,12","143,36M","-0,12%"
"04.07.2022","11.358,40","11.466,33","11.480,42","11.294,91","136,34M","-0,93%"
"03.07.2022","11.464,98","11.590,31","11.609,93","11.451,60","124,21M","-0,51%"
"30.06.2022","11.523,25","11.740,17","11.756,30","11.523,25","177,87M","-1,74%"
"29.06.2022","11.727,19","11.654,86","11.783,99","11.618,80","167,17M","0,48%"
"28.06.2022","11.671,15","11.425,50","11.671,15","11.380,67","149,62M","2,13%"
"27.06.2022","11.427,26","11.573,04","11.588,53","11.406,07","189,52M","-0,74%"
"26.06.2022","11.513,01","11.515,18","11.566,69","11.480,31","155,31M","1,79%"
"23.06.2022","11.310,67","11.348,21","11.379,04","11.229,55","143,59M","-0,08%"
"22.06.2022","11.319,88","11.641,56","11.641,56","11.319,88","219,79M","-2,91%"
"21.06.2022","11.659,64","11.441,71","11.683,32","11.439,61","173,78M","2,62%"
"20.06.2022","11.361,53","11.298,97","11.456,11","11.217,91","155,67M","0,55%"
"19.06.2022","11.299,18","11.668,14","11.676,39","11.299,18","178,91M","-4,44%"
"16.06.2022","11.824,42","12.029,14","12.116,94","11.809,80","219,61M","-1,29%"
"15.06.2022","11.978,51","12.036,02","12.131,74","11.978,23","184,15M","-0,35%"
"14.06.2022","12.020,68","12.038,42","12.114,78","11.708,78","231,21M","-0,27%"
"13.06.2022","12.053,44","12.278,52","12.286,19","11.983,30","209,74M","-2,18%"
"12.06.2022","12.322,35","12.530,66","12.530,66","12.322,35","173,57M","-2,23%"
"09.06.2022","12.603,89","12.597,60","12.612,74","12.497,45","151,19M","0,06%"
"08.06.2022","12.596,30","12.690,72","12.748,90","12.584,27","141,34M","-0,52%"
"07.06.2022","12.662,75","12.832,04","12.838,83","12.651,31","152,06M","-1,24%"
"06.06.2022","12.821,96","12.679,49","12.851,70","12.677,87","180,13M","1,31%"
"05.06.2022","12.656,05","12.610,21","12.673,84","12.557,52","138,08M","0,40%"
"02.06.2022","12.605,01","12.766,20","12.768,96","12.605,01","178,89M","-1,26%"
"01.06.2022","12.766,47","12.911,45","12.912,92","12.766,47","182,27M","-1,20%"
"31.05.2022","12.921,74","12.967,78","13.034,50","12.806,05","386,64M","0,11%"
"30.05.2022","12.907,17","12.711,77","12.922,64","12.710,41","226,70M","1,72%"
"29.05.2022","12.689,01","12.633,85","12.717,13","12.633,84","151,47M","1,27%"
"26.05.2022","12.530,34","12.655,70","12.730,14","12.472,88","167,92M","-0,47%"
"25.05.2022","12.588,89","12.333,28","12.631,44","12.325,13","184,34M","2,34%"
"24.05.2022","12.300,86","12.251,21","12.355,23","12.199,50","157,93M","0,53%"
"23.05.2022","12.235,91","12.386,10","12.456,70","12.178,51","178,94M","-0,80%"
"22.05.2022","12.334,94","12.536,22","12.539,70","12.243,78","784,68M","-0,75%"
"19.05.2022","12.427,96","12.484,90","12.545,06","12.349,28","191,15M","-2,25%"
"18.05.2022","12.713,38","12.750,69","12.919,26","12.700,72","190,60M","0,19%"
"17.05.2022","12.689,87","12.937,48","12.953,89","12.575,65","204,80M","-1,74%"
"16.05.2022","12.914,89","13.229,41","13.286,34","12.914,46","174,71M","-1,78%"
"15.05.2022","13.149,29","13.017,07","13.211,58","12.895,88","141,54M","2,45%"
"12.05.2022","12.835,30","13.391,49","13.393,00","12.835,30","209,81M","-4,06%"
"11.05.2022","13.379,08","13.493,01","13.595,40","13.377,69","164,50M","-0,96%"
"10.05.2022","13.509,31","13.760,97","13.769,05","13.462,51","184,89M","-2,21%"
"09.05.2022","13.814,85","13.853,06","13.949,13","13.812,63","223,50M","-0,04%"
"08.05.2022","13.820,35","13.790,83","13.832,79","13.747,77","140,10M","0,63%"
"28.04.2022","13.733,87","13.708,73","13.765,70","13.652,95","151,72M","0,66%"
"27.04.2022","13.643,91","13.533,74","13.675,74","13.515,75","149,65M","1,04%"
"26.04.2022","13.503,49","13.585,58","13.635,76","13.417,10","158,46M","-0,29%"
"25.04.2022","13.543,25","13.451,11","13.543,25","13.371,16","181,60M","0,60%"
"24.04.2022","13.463,09","13.491,86","13.504,82","13.388,65","124,07M","-0,53%"
"21.04.2022","13.534,40","13.680,54","13.701,93","13.534,40","181,37M","-0,98%"
"20.04.2022","13.668,54","13.552,67","13.672,81","13.483,54","182,21M","1,21%"
"19.04.2022","13.505,57","13.752,12","13.783,56","13.505,57","180,24M","-1,66%"
"18.04.2022","13.733,14","13.670,20","13.742,25","13.658,11","158,34M","0,37%"
"17.04.2022","13.682,39","13.644,85","13.707,66","13.584,07","174,21M","0,45%"
"14.04.2022","13.621,08","13.540,10","13.621,08","13.436,45","201,09M","0,60%"
"13.04.2022","13.540,27","13.648,97","13.680,02","13.509,50","240,23M","-0,78%"
"12.04.2022","13.646,12","13.500,72","13.646,12","13.489,47","241,92M","1,21%"
"11.04.2022","13.483,23","13.412,30","13.511,52","13.399,67","217,59M","0,66%"
"10.04.2022","13.395,46","13.350,90","13.422,59","13.342,83","169,83M","0,61%"
"07.04.2022","13.313,98","13.250,63","13.328,23","13.231,17","183,62M","0,44%"
"06.04.2022","13.255,96","13.198,42","13.271,95","13.167,81","285,12M","0,37%"
"05.04.2022","13.206,88","13.189,72","13.226,12","13.159,79","214,40M","0,32%"
"04.04.2022","13.165,34","13.087,63","13.165,34","13.057,01","183,40M","0,63%"
"03.04.2022","13.082,76","13.132,42","13.147,97","13.063,52","116,98M","-0,06%"
"31.03.2022","13.090,40","13.029,14","13.090,40","12.981,91","209,38M","0,40%"
"30.03.2022","13.038,22","13.096,78","13.101,06","12.992,27","216,18M","-0,48%"
"29.03.2022","13.101,36","13.065,16","13.114,89","13.039,64","235,20M","0,29%"
"28.03.2022","13.064,11","12.999,81","13.064,11","12.972,88","207,25M","0,50%"
"27.03.2022","12.999,73","12.916,10","13.000,10","12.901,30","198,57M","0,40%"
"24.03.2022","12.948,37","12.957,36","12.968,15","12.914,05","171,14M","0,03%"
"23.03.2022","12.944,16","12.875,40","12.944,16","12.862,60","158,20M","0,49%"
"22.03.2022","12.881,45","12.851,03","12.881,45","12.791,69","170,74M","0,39%"
"21.03.2022","12.831,69","12.905,55","12.959,96","12.828,81","211,83M","-0,34%"
"20.03.2022","12.875,80","12.836,39","12.919,40","12.808,40","188,05M","0,83%"
"17.03.2022","12.769,21","12.719,76","12.831,80","12.674,05","345,68M","0,89%"
"16.03.2022","12.656,23","12.459,80","12.656,23","12.447,71","264,40M","2,00%"
"15.03.2022","12.407,60","12.458,87","12.484,80","12.390,65","156,49M","-0,68%"
"14.03.2022","12.492,14","12.626,18","12.637,09","12.479,24","194,10M","-0,90%"
"13.03.2022","12.605,40","12.725,43","12.771,51","12.605,18","209,29M","-0,62%"
"10.03.2022","12.684,16","12.734,64","12.791,74","12.641,33","203,09M","-0,43%"
"09.03.2022","12.738,59","12.864,11","12.928,00","12.738,59","229,46M","-0,88%"
"08.03.2022","12.851,22","12.795,88","12.879,39","12.718,20","262,21M","0,34%"
"07.03.2022","12.808,03","12.858,59","12.881,92","12.684,33","285,82M","0,03%"
"06.03.2022","12.804,22","12.841,83","12.862,68","12.798,76","276,19M","0,38%"
"03.03.2022","12.756,31","12.724,96","12.781,46","12.694,91","303,81M","0,80%"
"02.03.2022","12.654,65","12.700,03","12.750,16","12.607,46","277,67M","-0,16%"
"01.03.2022","12.674,34","12.594,70","12.748,00","12.583,64","266,79M","0,67%"
"28.02.2022","12.590,26","12.415,16","12.590,26","12.344,40","264,76M","1,39%"
"27.02.2022","12.417,56","12.497,38","12.570,31","12.400,58","235,88M","0,98%"
"24.02.2022","12.297,62","12.269,27","12.368,38","12.190,37","384,61M","-1,84%"
"23.02.2022","12.527,63","12.521,36","12.591,46","12.470,81","254,69M","-0,27%"
"21.02.2022","12.561,60","12.475,23","12.640,81","12.475,23","295,94M","0,79%"
"20.02.2022","12.463,17","12.530,44","12.616,61","12.463,17","228,18M","-0,11%"
"17.02.2022","12.476,54","12.519,46","12.519,46","12.428,35","218,85M","-0,15%"
"16.02.2022","12.495,22","12.362,75","12.511,58","12.344,33","243,45M","1,17%"
"15.02.2022","12.350,64","12.187,51","12.358,17","12.160,46","191,51M","1,20%"
"14.02.2022","12.204,58","12.020,46","12.204,58","11.967,50","190,16M","1,46%"
"13.02.2022","12.029,04","12.182,54","12.184,89","11.910,47","225,16M","-1,95%"
"10.02.2022","12.268,71","12.203,52","12.268,71","12.174,29","153,95M","0,52%"
"09.02.2022","12.205,47","12.240,40","12.245,35","12.168,84","142,07M","-0,17%"
"08.02.2022","12.225,88","12.258,41","12.274,94","12.181,75","154,87M","-0,19%"
"07.02.2022","12.249,19","12.224,49","12.258,12","12.194,88","173,94M","0,37%"
"06.02.2022","12.204,45","12.179,84","12.214,97","12.109,64","147,30M","0,51%"
"03.02.2022","12.142,38","12.178,04","12.219,24","12.142,38","135,17M","-0,41%"
"02.02.2022","12.192,61","12.287,44","12.316,26","12.192,61","166,19M","-0,82%"
"01.02.2022","12.293,38","12.310,14","12.348,66","12.246,28","189,84M","0,18%"
"31.01.2022","12.271,84","12.269,92","12.359,97","12.269,92","229,53M","0,10%"
"30.01.2022","12.259,25","12.218,81","12.274,80","12.218,18","197,41M","0,66%"
"27.01.2022","12.179,32","12.156,23","12.195,82","12.147,34","162,82M","-0,03%"
"26.01.2022","12.182,51","12.119,35","12.222,39","12.093,53","134,01M","0,61%"
"25.01.2022","12.108,56","12.051,95","12.108,56","11.976,56","117,98M","0,33%"
"24.01.2022","12.068,43","12.127,11","12.174,81","12.031,45","109,81M","-0,59%"
"23.01.2022","12.139,83","12.276,16","12.276,18","12.113,09","130,94M","-1,23%"
"20.01.2022","12.290,96","12.274,27","12.291,05","12.218,30","150,86M","0,25%"
"19.01.2022","12.260,13","12.186,30","12.260,13","12.135,34","170,34M","0,54%"
"18.01.2022","12.193,75","12.174,52","12.260,34","12.166,10","209,76M","0,23%"
"17.01.2022","12.165,84","12.137,57","12.165,84","12.048,81","192,86M","0,46%"
"16.01.2022","12.110,15","12.107,24","12.209,54","12.045,49","229,04M","0,26%"
"13.01.2022","12.079,01","11.965,23","12.079,01","11.946,97","197,93M","1,02%"
"12.01.2022","11.957,08","11.845,46","11.957,08","11.819,39","193,83M","0,96%"
"11.01.2022","11.843,55","11.675,81","11.843,55","11.641,70","185,96M","1,53%"
"10.01.2022","11.664,83","11.577,00","11.664,83","11.576,23","204,54M","0,90%"
"09.01.2022","11.560,47","11.452,98","11.560,47","11.451,54","172,46M","1,14%"
"06.01.2022","11.430,51","11.427,73","11.468,52","11.371,71","142,59M","-0,20%"
"05.01.2022","11.453,08","11.358,58","11.453,08","11.358,58","139,97M","0,85%"
"04.01.2022","11.356,80","11.351,62","11.380,51","11.317,46","134,43M","0,26%"
"03.01.2022","11.327,52","11.320,25","11.407,66","11.264,42","188,43M","-0,04%"
"02.01.2022","11.331,91","11.280,35","11.345,86","11.257,02","129,75M","0,44%"
"30.12.2021","11.281,71","11.199,56","11.281,71","11.167,14","132,21M","0,73%"
"29.12.2021","11.199,84","11.312,10","11.343,72","11.144,98","224,48M","-1,02%"
"28.12.2021","11.315,32","11.193,93","11.315,32","11.193,48","144,98M","1,38%"
"27.12.2021","11.161,04","11.156,28","11.175,85","11.086,96","138,68M","-0,07%"
"26.12.2021","11.168,30","11.272,55","11.298,18","11.158,05","113,81M","-0,92%"
"23.12.2021","11.271,46","11.215,58","11.286,67","11.198,62","128,64M","0,60%"
"22.12.2021","11.204,43","11.287,75","11.336,45","11.181,22","165,94M","-0,50%"
"21.12.2021","11.261,28","11.175,15","11.261,28","11.170,57","142,76M","0,81%"
"20.12.2021","11.170,48","11.121,06","11.171,23","11.036,30","188,17M","0,09%"
"19.12.2021","11.160,24","11.241,41","11.267,37","11.150,93","176,44M","-1,34%"
"16.12.2021","11.311,89","11.200,75","11.365,33","11.199,77","255,18M","1,51%"
"15.12.2021","11.143,38","11.027,02","11.149,93","11.012,06","187,55M","1,08%"
"14.12.2021","11.024,68","11.035,48","11.058,95","10.975,46","182,35M","0,04%"
"13.12.2021","11.019,86","11.030,37","11.096,91","11.019,86","232,27M","0,46%"
"12.12.2021","10.969,06","10.916,08","10.974,35","10.880,00","305,58M","0,28%"
"09.12.2021","10.938,88","11.007,53","11.049,19","10.892,58","174,79M","-0,48%"
"08.12.2021","10.991,80","11.130,97","11.132,34","10.991,80","218,19M","-1,05%"
"07.12.2021","11.108,20","11.125,08","11.149,13","11.081,64","208,86M","0,79%"
"06.12.2021","11.021,07","11.196,72","11.278,37","11.021,07","236,30M","-1,09%"
"05.12.2021","11.142,47","10.926,06","11.142,47","10.925,08","189,52M","2,39%"
"02.12.2021","10.882,79","10.838,11","10.914,82","10.796,27","139,64M","0,30%"
"01.12.2021","10.849,96","10.809,19","10.866,98","10.753,02","184,74M","0,82%"
"30.11.2021","10.761,80","10.789,10","10.789,82","10.599,73","289,15M","-0,45%"
"29.11.2021","10.810,60","10.870,62","10.986,56","10.779,79","189,95M","0,21%"
"28.11.2021","10.787,79","10.668,40","10.952,01","10.668,40","223,13M","-4,53%"
"25.11.2021","11.299,45","11.368,18","11.472,35","11.299,45","140,07M","-0,62%"
"24.11.2021","11.369,38","11.328,02","11.425,49","11.281,56","150,24M","1,00%"
"23.11.2021","11.256,52","11.127,25","11.302,18","11.036,61","184,89M","0,76%"
"22.11.2021","11.171,76","11.457,98","11.514,12","11.149,32","206,07M","-2,74%"
"21.11.2021","11.485,94","11.640,63","11.641,56","11.417,58","161,49M","-1,92%"
"18.11.2021","11.710,45","11.814,19","11.839,30","11.700,78","144,06M","-1,04%"
"17.11.2021","11.833,54","11.805,93","11.850,57","11.778,88","143,33M","0,05%"
"16.11.2021","11.827,48","11.839,63","11.859,67","11.752,43","159,59M","-0,08%"
"15.11.2021","11.836,58","11.903,08","11.920,15","11.836,58","170,20M","-0,64%"
"14.11.2021","11.913,05","11.928,49","11.936,00","11.883,74","115,99M","0,12%"
"11.11.2021","11.898,94","11.855,57","11.914,13","11.841,94","131,89M","0,35%"
"10.11.2021","11.857,51","11.751,22","11.863,19","11.741,23","151,15M","0,89%"
"09.11.2021","11.753,18","11.856,67","11.872,28","11.753,18","181,47M","-0,79%"
"08.11.2021","11.846,53","11.849,82","11.912,44","11.794,09","191,61M","0,04%"
"07.11.2021","11.841,60","11.785,15","11.843,27","11.755,86","140,86M","0,76%"
"04.11.2021","11.752,23","11.674,99","11.752,23","11.636,34","130,22M","0,57%"
"03.11.2021","11.685,66","11.750,75","11.758,64","11.627,38","156,97M","-0,57%"
"02.11.2021","11.752,12","11.726,19","11.789,21","11.724,45","130,70M","0,25%"
"01.11.2021","11.722,95","11.708,62","11.759,74","11.695,97","129,59M","0,16%"
"31.10.2021","11.704,14","11.757,16","11.807,27","11.699,36","153,68M","-0,47%"
"28.10.2021","11.758,82","11.745,50","11.783,00","11.671,08","185,91M","-0,41%"
"27.10.2021","11.807,79","11.851,68","11.886,26","11.779,29","174,45M","-0,33%"
"26.10.2021","11.846,69","11.890,40","11.922,07","11.846,69","156,85M","-0,36%"
"25.10.2021","11.889,84","11.845,93","11.898,66","11.783,48","178,92M","0,35%"
"24.10.2021","11.848,05","11.950,65","11.954,88","11.832,90","221,43M","-0,77%"
"21.10.2021","11.939,58","11.919,29","11.939,58","11.877,53","202,42M","0,30%"
"20.10.2021","11.903,74","11.822,56","11.903,74","11.810,26","189,75M","0,94%"
"19.10.2021","11.792,54","11.781,66","11.836,30","11.744,66","198,61M","0,29%"
"18.10.2021","11.758,02","11.759,13","11.774,78","11.707,94","193,49M","-0,13%"
"17.10.2021","11.773,36","11.748,27","11.782,79","11.741,11","218,21M","0,63%"
"14.10.2021","11.699,11","11.641,39","11.699,11","11.636,99","194,66M","0,64%"
"13.10.2021","11.624,98","11.539,14","11.624,98","11.531,96","172,52M","0,71%"
"12.10.2021","11.542,88","11.559,14","11.568,89","11.485,92","213,59M","0,27%"
"11.10.2021","11.512,11","11.571,51","11.590,24","11.330,63","261,10M","-0,47%"
"10.10.2021","11.566,02","11.602,39","11.675,48","11.502,08","205,60M","-0,22%"
"07.10.2021","11.591,33","11.585,34","11.629,35","11.544,45","167,67M","0,17%"
"06.10.2021","11.571,88","11.577,36","11.654,98","11.538,45","219,52M","0,14%"
"05.10.2021","11.555,53","11.471,08","11.573,13","11.470,70","198,93M","0,77%"
"04.10.2021","11.466,91","11.448,40","11.514,99","11.421,53","198,02M","0,12%"
"03.10.2021","11.453,25","11.494,11","11.497,74","11.428,09","182,58M","-0,37%"
"30.09.2021","11.495,76","11.388,12","11.495,76","11.379,61","181,90M","0,98%"
"29.09.2021","11.383,65","11.363,01","11.390,53","11.331,35","181,26M","0,01%"
"28.09.2021","11.382,41","11.383,72","11.444,20","11.355,83","263,19M","0,12%"
"27.09.2021","11.369,09","11.366,55","11.391,32","11.333,48","238,15M","0,14%"
"26.09.2021","11.352,86","11.342,94","11.370,83","11.323,12","169,40M","0,73%"
"22.09.2021","11.270,57","11.311,15","11.345,43","11.270,57","140,81M","-0,40%"
"21.09.2021","11.315,81","11.284,49","11.354,53","11.239,29","176,89M","-0,11%"
"20.09.2021","11.328,33","11.370,58","11.372,66","11.293,66","183,13M","-0,61%"
"19.09.2021","11.397,84","11.424,20","11.434,98","11.371,22","184,05M","-0,21%"
"16.09.2021","11.422,11","11.409,92","11.435,57","11.378,08","223,09M","0,10%"
"15.09.2021","11.410,98","11.382,46","11.414,58","11.358,61","176,40M","0,33%"
"14.09.2021","11.373,18","11.394,42","11.418,70","11.357,22","180,28M","-0,12%"
"13.09.2021","11.386,38","11.343,27","11.386,38","11.294,72","182,78M","0,38%"
"12.09.2021","11.342,85","11.424,40","11.428,09","11.325,60","159,47M","-0,66%"
"09.09.2021","11.417,79","11.446,05","11.450,78","11.397,65","181,57M","-0,33%"
"08.09.2021","11.455,65","11.425,54","11.455,65","11.408,30","174,31M","0,36%"
"07.09.2021","11.414,34","11.416,58","11.458,68","11.402,92","192,92M","0,06%"
"06.09.2021","11.407,91","11.336,74","11.407,91","11.332,93","195,90M","0,64%"
"05.09.2021","11.335,92","11.324,38","11.346,87","11.315,71","192,65M","0,14%"
"02.09.2021","11.319,87","11.300,76","11.324,09","11.285,01","175,08M","0,08%"
"01.09.2021","11.310,54","11.315,66","11.327,88","11.292,74","166,58M","-0,08%"
"31.08.2021","11.319,24","11.253,82","11.319,24","11.251,63","224,83M","0,57%"
"30.08.2021","11.255,05","11.195,48","11.255,05","11.169,83","153,93M","0,67%"
"29.08.2021","11.180,19","11.141,95","11.180,19","11.138,77","138,49M","0,46%"
"26.08.2021","11.128,59","11.169,27","11.169,54","11.104,03","118,04M","-0,25%"
"25.08.2021","11.156,63","11.153,24","11.183,11","11.103,23","139,78M","0,14%"
"24.08.2021","11.141,03","11.092,11","11.141,03","11.057,57","133,77M","0,71%"
"23.08.2021","11.062,99","11.090,76","11.179,24","11.032,67","160,58M","-0,12%"
"22.08.2021","11.076,55","11.191,11","11.213,56","11.049,05","150,36M","-1,12%"
"19.08.2021","11.201,64","11.305,12","11.305,22","11.164,89","196,94M","-1,26%"
"18.08.2021","11.344,94","11.391,31","11.402,65","11.308,31","143,80M","-0,42%"
"17.08.2021","11.392,83","11.310,09","11.392,83","11.270,85","167,30M","0,63%"
"16.08.2021","11.321,85","11.341,49","11.384,89","11.312,08","171,47M","-0,26%"
"15.08.2021","11.351,63","11.314,71","11.354,22","11.295,43","165,02M","0,25%"
"12.08.2021","11.323,70","11.326,86","11.391,58","11.270,50","220,67M","-0,01%"
"11.08.2021","11.325,10","11.299,41","11.348,66","11.292,19","206,42M","0,22%"
"10.08.2021","11.299,87","11.200,80","11.299,87","11.198,33","189,87M","0,91%"
"09.08.2021","11.197,97","11.215,37","11.225,30","11.174,61","225,56M","-0,15%"
"08.08.2021","11.215,33","11.202,59","11.235,41","11.191,77","205,47M","0,05%"
"05.08.2021","11.209,42","11.155,34","11.209,42","11.066,77","213,78M","0,42%"
"04.08.2021","11.162,38","11.206,21","11.210,54","11.128,71","207,79M","-0,41%"
"03.08.2021","11.208,76","11.151,66","11.208,76","11.123,50","247,57M","0,46%"
"02.08.2021","11.157,02","11.091,66","11.157,02","11.091,66","265,06M","0,81%"
"01.08.2021","11.066,93","11.041,85","11.100,03","11.033,71","252,17M","0,49%"
"29.07.2021","11.012,71","10.939,51","11.012,71","10.921,11","208,60M","0,72%"
"28.07.2021","10.933,73","10.911,05","10.948,81","10.905,02","205,67M","0,16%"
"27.07.2021","10.916,67","10.899,75","10.927,70","10.887,34","223,38M","0,17%"
"26.07.2021","10.897,87","10.920,55","10.923,11","10.841,99","223,77M","0,20%"
"25.07.2021","10.876,36","10.867,22","10.955,97","10.867,22","216,68M","0,76%"
"15.07.2021","10.794,51","10.792,03","10.873,82","10.782,74","236,23M","0,15%"
"14.07.2021","10.778,07","10.734,27","10.802,04","10.721,09","199,00M","0,39%"
"13.07.2021","10.735,85","10.707,60","10.767,84","10.690,68","192,04M","0,35%"
"12.07.2021","10.698,54","10.670,05","10.766,35","10.589,38","245,17M","0,10%"
"11.07.2021","10.688,34","10.871,24","10.883,32","10.659,12","248,87M","-1,26%"
"08.07.2021","10.825,01","10.946,67","10.946,78","10.814,90","304,56M","-1,22%"
"07.07.2021","10.958,55","10.953,35","10.967,35","10.904,90","277,04M","-0,12%"
"06.07.2021","10.971,21","11.002,77","11.020,99","10.971,21","285,68M","-0,27%"
"05.07.2021","11.001,03","11.031,33","11.043,25","10.955,75","381,63M","-0,28%"
"04.07.2021","11.031,73","10.993,75","11.063,86","10.993,59","364,68M","0,48%"
"01.07.2021","10.979,05","10.987,13","11.006,66","10.968,11","352,20M","-0,05%"
"30.06.2021","10.984,15","11.002,74","11.009,70","10.940,44","374,66M","-0,11%"
"29.06.2021","10.996,38","10.963,93","10.996,38","10.934,73","366,37M","0,36%"
"28.06.2021","10.957,07","10.981,20","10.985,79","10.939,69","373,94M","-0,09%"
"27.06.2021","10.966,71","10.926,64","10.990,14","10.925,30","429,81M","0,43%"
"24.06.2021","10.919,68","10.913,06","10.932,73","10.895,66","390,34M","0,23%"
"23.06.2021","10.894,20","10.922,57","10.935,89","10.881,28","474,87M","0,02%"
"22.06.2021","10.891,64","10.874,08","10.916,90","10.873,95","345,73M","0,30%"
"21.06.2021","10.859,18","10.777,96","10.872,90","10.745,92","328,09M","0,63%"
"20.06.2021","10.790,75","10.858,15","10.863,73","10.770,63","342,02M","-0,57%"
"17.06.2021","10.853,12","10.862,49","10.894,61","10.847,31","419,03M","-0,03%"
"16.06.2021","10.855,95","10.848,73","10.870,13","10.811,08","264,27M","0,23%"
"15.06.2021","10.831,38","10.918,19","10.932,82","10.816,73","370,35M","-0,75%"
"14.06.2021","10.913,56","10.908,89","10.989,61","10.844,63","426,15M","0,15%"
"13.06.2021","10.897,47","10.825,72","10.903,42","10.816,87","382,23M","0,94%"
"10.06.2021","10.796,33","10.796,99","10.839,24","10.780,47","387,08M","0,06%"
"09.06.2021","10.790,24","10.749,78","10.790,24","10.746,95","431,16M","0,51%"
"08.06.2021","10.735,39","10.719,30","10.753,71","10.599,15","512,09M","0,14%"
"07.06.2021","10.719,85","10.689,92","10.719,85","10.681,94","418,63M","0,32%"
"06.06.2021","10.685,45","10.705,47","10.743,26","10.676,95","441,91M","-0,12%"
"03.06.2021","10.698,30","10.657,78","10.700,84","10.648,23","412,52M","0,39%"
"02.06.2021","10.656,81","10.617,28","10.680,20","10.610,29","267,44M","0,56%"
"01.06.2021","10.597,42","10.560,85","10.644,34","10.552,67","499,94M","0,44%"
"31.05.2021","10.551,23","10.561,46","10.569,50","10.514,97","464,24M","0,03%"
"30.05.2021","10.547,67","10.529,76","10.571,98","10.519,24","408,59M","0,27%"
"27.05.2021","10.519,52","10.472,41","10.519,52","10.461,53","382,97M","0,46%"
"26.05.2021","10.471,55","10.452,61","10.490,16","10.447,57","302,15M","0,23%"
"25.05.2021","10.448,00","10.332,21","10.448,00","10.331,98","319,70M","1,25%"
"24.05.2021","10.318,51","10.349,07","10.375,53","10.318,51","382,71M","-0,25%"
"23.05.2021","10.343,86","10.352,67","10.367,67","10.307,83","356,68M","0,04%"
"20.05.2021","10.339,85","10.369,58","10.381,15","10.313,11","297,88M","-0,32%"
"19.05.2021","10.372,54","10.427,04","10.431,19","10.360,29","263,02M","-0,49%"
"18.05.2021","10.423,51","10.424,23","10.492,97","10.401,38","317,84M","0,26%"
"17.05.2021","10.396,44","10.332,98","10.413,19","10.318,47","298,20M","0,71%"
"10.05.2021","10.322,68","10.235,72","10.322,68","10.233,15","222,05M","0,92%"
"09.05.2021","10.228,19","10.244,86","10.273,28","10.209,91","172,40M","0,00%"
"06.05.2021","10.228,35","10.254,88","10.258,27","10.170,53","245,64M","-0,23%"
"05.05.2021","10.252,15","10.324,70","10.332,38","10.252,15","241,25M","-0,65%"
"04.05.2021","10.318,94","10.320,96","10.354,03","10.253,32","238,91M","0,09%"
"03.05.2021","10.309,37","10.381,40","10.386,34","10.309,37","270,27M","-0,54%"
"02.05.2021","10.365,51","10.406,06","10.416,48","10.330,72","321,05M","-0,51%"
"29.04.2021","10.418,98","10.493,64","10.503,33","10.382,49","356,29M","-1,07%"
"28.04.2021","10.531,22","10.328,49","10.540,17","10.308,60","457,40M","2,57%"
"27.04.2021","10.267,17","10.226,35","10.267,17","10.205,03","359,50M","0,35%"
"26.04.2021","10.231,06","10.155,11","10.231,06","10.139,97","309,56M","0,87%"
"25.04.2021","10.142,48","10.139,08","10.173,30","10.128,99","275,14M","0,08%"
"22.04.2021","10.134,08","10.109,59","10.136,66","10.092,22","260,56M","0,38%"
"21.04.2021","10.095,36","10.127,94","10.142,16","10.095,36","251,78M","-0,21%"
"20.04.2021","10.116,98","10.097,01","10.125,57","10.086,86","345,98M","0,19%"
"19.04.2021","10.097,65","10.062,16","10.097,65","10.007,38","338,52M","0,49%"
"18.04.2021","10.048,70","10.009,61","10.065,05","10.006,10","237,44M","0,61%"
"15.04.2021","9.987,92","9.863,29","9.987,92","9.862,29","225,51M","1,42%"
"14.04.2021","9.847,62","9.820,03","9.847,62","9.767,01","202,95M","0,09%"
"13.04.2021","9.838,28","9.911,53","9.922,00","9.838,28","254,23M","-0,70%"
"12.04.2021","9.907,62","9.927,02","9.929,65","9.846,57","285,60M","-0,31%"
"11.04.2021","9.938,32","10.010,59","10.015,76","9.921,27","302,39M","-0,74%"
"08.04.2021","10.012,13","10.011,35","10.039,23","9.977,15","282,44M","-0,02%"
"07.04.2021","10.014,30","9.992,51","10.030,35","9.979,16","336,29M","0,25%"
"06.04.2021","9.988,98","9.965,18","9.995,84","9.958,93","396,76M","0,24%"
"05.04.2021","9.964,84","9.969,51","9.984,14","9.939,60","364,40M","0,02%"
"04.04.2021","9.962,77","9.891,10","9.986,16","9.862,77","373,20M","0,68%"
"01.04.2021","9.895,56","9.908,07","9.938,50","9.869,47","328,30M","-0,12%"
"31.03.2021","9.907,82","9.810,52","9.909,64","9.762,37","507,95M","2,83%"
"30.03.2021","9.635,34","9.610,66","9.635,34","9.592,28","355,30M","0,20%"
"29.03.2021","9.615,63","9.496,36","9.615,63","9.492,07","314,74M","1,40%"
"28.03.2021","9.482,95","9.438,60","9.508,20","9.422,91","252,81M","0,69%"
"25.03.2021","9.417,71","9.463,52","9.495,43","9.417,71","253,31M","-0,49%"
"24.03.2021","9.464,08","9.462,58","9.498,71","9.430,66","290,92M","-0,27%"
"23.03.2021","9.489,63","9.546,12","9.571,88","9.489,63","376,55M","-0,61%"
"22.03.2021","9.547,42","9.500,56","9.565,69","9.466,84","344,72M","0,51%"
"21.03.2021","9.498,85","9.462,19","9.508,42","9.454,25","289,28M","0,14%"
"18.03.2021","9.485,96","9.604,45","9.624,14","9.485,96","355,78M","-1,21%"
"17.03.2021","9.602,26","9.666,49","9.673,57","9.566,66","472,28M","-0,60%"
"16.03.2021","9.660,27","9.640,31","9.698,68","9.619,71","727,29M","0,15%"
"15.03.2021","9.645,74","9.678,50","9.678,70","9.610,72","508,45M","-0,20%"
"14.03.2021","9.664,61","9.611,32","9.666,58","9.611,32","450,29M","0,80%"
"11.03.2021","9.587,79","9.605,62","9.639,88","9.549,62","455,91M","-0,08%"
"10.03.2021","9.595,45","9.486,59","9.617,31","9.486,09","536,31M","1,29%"
"09.03.2021","9.473,20","9.381,64","9.487,65","9.380,74","571,87M","1,05%"
"08.03.2021","9.374,37","9.353,07","9.397,17","9.320,35","582,33M","0,25%"
"07.03.2021","9.351,08","9.320,56","9.375,35","9.320,19","572,99M","1,18%"
"04.03.2021","9.242,28","9.311,16","9.311,92","9.242,28","507,27M","-0,73%"
"03.03.2021","9.310,28","9.267,84","9.314,75","9.257,27","531,20M","0,67%"
"02.03.2021","9.248,28","9.159,46","9.266,99","9.158,98","570,40M","1,20%"
"01.03.2021","9.138,37","9.161,80","9.222,98","9.132,03","497,68M","-0,07%"
"28.02.2021","9.144,99","9.115,61","9.198,65","9.099,14","408,62M","-0,54%"
"25.02.2021","9.194,92","9.161,60","9.263,16","9.161,14","449,56M","0,87%"
"24.02.2021","9.115,76","9.166,81","9.217,03","9.078,54","545,87M","-0,39%"
"23.02.2021","9.151,71","9.096,86","9.177,91","9.095,43","465,77M","0,82%"
"22.02.2021","9.077,62","9.090,13","9.114,01","9.064,02","382,52M","-0,09%"
"21.02.2021","9.085,97","9.067,92","9.108,32","9.061,80","313,22M","0,68%"
"18.02.2021","9.024,23","9.084,31","9.118,23","9.024,23","382,32M","-0,66%"
"17.02.2021","9.084,31","9.101,96","9.134,41","9.058,28","489,11M","-0,19%"
"16.02.2021","9.101,96","9.081,78","9.117,63","9.027,34","480,10M","0,22%"
"15.02.2021","9.081,78","9.035,53","9.142,21","9.054,76","386,14M","0,51%"
"14.02.2021","9.035,53","8.943,85","9.047,70","8.956,49","324,15M","1,03%"
"11.02.2021","8.943,85","8.901,63","8.943,85","8.891,48","292,08M","0,47%"
"10.02.2021","8.901,63","8.892,92","8.972,26","8.889,92","304,66M","0,10%"
"09.02.2021","8.892,92","8.809,34","8.918,16","8.825,72","313,30M","0,95%"
"08.02.2021","8.809,34","8.687,93","8.822,20","8.692,74","276,19M","1,40%"
"07.02.2021","8.687,93","8.617,87","8.719,62","8.619,72","200,02M","0,81%"
"04.02.2021","8.617,87","8.542,55","8.626,29","8.464,47","233,52M","0,88%"
"03.02.2021","8.542,55","8.618,57","8.622,71","8.542,55","230,93M","-0,88%"
"02.02.2021","8.618,57","8.648,43","8.714,79","8.611,06","206,58M","-0,35%"
"01.02.2021","8.648,43","8.702,55","8.755,98","8.648,43","218,64M","-0,62%"
"31.01.2021","8.702,55","8.807,02","8.781,46","8.677,51","251,18M","-1,19%"
"28.01.2021","8.807,02","8.784,12","8.816,76","8.739,40","177,80M","0,26%"
"27.01.2021","8.784,12","8.789,87","8.820,48","8.784,12","142,29M","-0,07%"
"26.01.2021","8.789,87","8.846,95","8.844,73","8.789,87","160,05M","-0,65%"
"25.01.2021","8.846,95","8.829,52","8.872,71","8.837,69","169,00M","0,20%"
"24.01.2021","8.829,52","8.876,49","8.886,02","8.819,56","188,99M","-0,53%"
"21.01.2021","8.876,49","8.878,30","8.909,86","8.876,49","183,09M","-0,02%"
"20.01.2021","8.878,30","8.901,87","8.916,39","8.878,30","206,20M","-0,26%"
"19.01.2021","8.901,87","8.931,29","8.955,44","8.901,87","229,89M","-0,33%"
"18.01.2021","8.931,29","8.874,90","8.931,29","8.853,89","332,27M","0,64%"
"17.01.2021","8.874,90","8.898,68","8.901,48","8.866,66","242,17M","-0,27%"
"14.01.2021","8.898,68","8.914,29","8.912,78","8.873,42","222,48M","-0,18%"
"13.01.2021","8.914,29","8.884,46","8.914,29","8.880,91","257,00M","0,34%"
"12.01.2021","8.884,46","8.869,47","8.884,46","8.854,34","221,95M","0,17%"
"11.01.2021","8.869,47","8.817,05","8.869,47","8.804,26","301,60M","0,59%"
"10.01.2021","8.817,05","8.737,20","8.841,22","8.768,89","280,20M","0,91%"
"07.01.2021","8.737,20","8.670,80","8.737,20","8.659,60","256,25M","0,77%"
"06.01.2021","8.670,80","8.682,11","8.692,90","8.664,94","198,22M","-0,13%"
"05.01.2021","8.682,11","8.667,66","8.695,23","8.632,67","220,96M","0,17%"
"04.01.2021","8.667,66","8.612,82","8.670,77","8.621,55","245,61M","0,64%"
"03.01.2021","8.612,82","8.689,53","8.698,34","8.600,56","264,78M","-0,88%"
"31.12.2020","8.689,53","8.760,08","8.755,49","8.689,53","210,65M","-0,81%"
"30.12.2020","8.760,08","8.746,76","8.760,08","8.718,17","247,09M","0,15%"
"29.12.2020","8.746,76","8.715,38","8.746,76","8.692,25","282,54M","0,36%"
"28.12.2020","8.715,38","8.740,66","8.750,53","8.709,62","326,68M","-0,29%"
"27.12.2020","8.740,66","8.702,68","8.751,97","8.707,61","396,77M","0,44%"
"24.12.2020","8.702,68","8.720,67","8.733,10","8.678,80","365,22M","-0,21%"
"23.12.2020","8.720,67","8.680,45","8.730,70","8.648,44","367,34M","0,46%"
"22.12.2020","8.680,45","8.538,68","8.680,45","8.527,39","349,39M","1,66%"
"21.12.2020","8.538,68","8.686,89","8.585,99","8.464,32","482,15M","-1,71%"
"20.12.2020","8.686,89","8.711,58","8.761,84","8.684,42","365,92M","-0,28%"
"17.12.2020","8.711,58","8.721,18","8.765,80","8.711,58","424,72M","-0,11%"
"16.12.2020","8.721,18","8.659,37","8.721,18","8.673,84","372,83M","0,71%"
"15.12.2020","8.659,37","8.660,31","8.699,62","8.649,13","347,10M","-0,01%"
"14.12.2020","8.660,31","8.644,47","8.660,31","8.632,52","315,50M","0,18%"
"13.12.2020","8.644,47","8.643,97","8.680,98","8.633,77","321,96M","0,01%"
"10.12.2020","8.643,97","8.660,21","8.667,98","8.637,23","338,73M","-0,19%"
"09.12.2020","8.660,21","8.612,13","8.663,86","8.613,57","367,76M","0,56%"
"08.12.2020","8.612,13","8.633,38","8.636,37","8.584,49","391,85M","-0,25%"
"07.12.2020","8.633,38","8.581,68","8.633,38","8.536,92","369,44M","0,60%"
"06.12.2020","8.581,68","8.674,97","8.703,33","8.580,92","376,34M","-1,08%"
"03.12.2020","8.674,97","8.694,13","8.691,96","8.638,27","352,91M","-0,22%"
"02.12.2020","8.694,13","8.722,12","8.720,33","8.658,75","357,24M","-0,32%"
"01.12.2020","8.722,12","8.747,09","8.731,36","8.692,59","649,87M","-0,29%"
"30.11.2020","8.747,09","8.708,59","8.747,09","8.660,72","505,90M","0,44%"
"29.11.2020","8.708,59","8.693,47","8.730,54","8.694,84","444,73M","0,17%"
"26.11.2020","8.693,47","8.628,06","8.693,47","8.608,45","487,46M","0,05%"
"25.11.2020","8.688,76","8.636,14","8.721,45","8.667,60","533,91M","0,61%"
"24.11.2020","8.636,14","8.610,84","8.675,36","8.618,84","496,53M","0,29%"
"23.11.2020","8.610,84","8.588,17","8.623,69","8.547,51","483,85M","0,26%"
"22.11.2020","8.588,17","8.578,42","8.629,18","8.580,83","452,25M","0,11%"
"19.11.2020","8.578,42","8.621,19","8.616,23","8.571,47","429,89M","-0,50%"
"18.11.2020","8.621,19","8.572,73","8.621,19","8.548,28","529,22M","0,57%"
"17.11.2020","8.572,73","8.526,64","8.582,48","8.534,19","551,70M","0,54%"
"16.11.2020","8.526,64","8.501,58","8.526,64","8.458,45","507,40M","0,29%"
"15.11.2020","8.501,58","8.434,90","8.507,67","8.454,27","456,27M","0,79%"
"12.11.2020","8.434,90","8.449,66","8.449,94","8.409,17","346,24M","-0,17%"
"11.11.2020","8.449,66","8.405,04","8.453,01","8.376,97","407,55M","0,53%"
"10.11.2020","8.405,04","8.366,46","8.510,68","8.326,01","618,92M","0,46%"
"09.11.2020","8.366,46","8.160,35","8.366,46","8.178,33","440,96M","2,53%"
"08.11.2020","8.160,35","8.089,15","8.160,35","8.065,27","287,36M","0,88%"
"05.11.2020","8.089,15","8.088,73","8.091,58","8.029,84","262,88M","0,01%"
"04.11.2020","8.088,73","7.998,59","8.118,73","8.046,48","319,79M","1,13%"
"03.11.2020","7.998,59","8.021,02","8.082,83","7.998,59","291,33M","-0,28%"
"02.11.2020","8.021,02","7.864,78","8.032,99","7.874,30","305,73M","1,99%"
"01.11.2020","7.864,78","7.907,72","7.920,53","7.842,69","229,68M","-0,54%"
"29.10.2020","7.907,72","8.123,05","8.039,41","7.907,72","356,35M","-2,65%"
"28.10.2020","8.123,05","8.198,90","8.223,60","8.113,19","319,83M","-0,93%"
"27.10.2020","8.198,90","8.155,31","8.198,90","8.101,02","318,75M","0,53%"
"26.10.2020","8.155,31","8.154,59","8.267,09","8.020,41","498,72M","0,01%"
"25.10.2020","8.154,59","8.505,18","8.487,49","8.154,59","364,10M","-4,12%"
"22.10.2020","8.505,18","8.496,85","8.505,18","8.439,43","324,88M","0,10%"
"21.10.2020","8.496,85","8.533,00","8.567,30","8.496,85","372,73M","-0,42%"
"20.10.2020","8.533,00","8.547,61","8.533,00","8.466,28","440,55M","-0,17%"
"19.10.2020","8.547,61","8.560,81","8.581,55","8.531,23","377,31M","-0,15%"
"18.10.2020","8.560,81","8.553,79","8.598,58","8.546,84","415,13M","0,08%"
"15.10.2020","8.553,79","8.592,10","8.593,62","8.516,64","533,11M","-0,45%"
"14.10.2020","8.592,10","8.601,07","8.613,77","8.577,13","543,23M","-0,10%"
"13.10.2020","8.601,07","8.544,94","8.614,50","8.533,30","477,83M","0,66%"
"12.10.2020","8.544,94","8.513,26","8.548,52","8.481,29","479,30M","0,37%"
"11.10.2020","8.513,26","8.412,55","8.513,97","8.436,83","454,64M","1,20%"
"08.10.2020","8.412,55","8.358,79","8.420,14","8.349,61","436,52M","0,64%"
"07.10.2020","8.358,79","8.369,33","8.381,18","8.338,31","431,48M","-0,13%"
"06.10.2020","8.369,33","8.257,67","8.369,33","8.249,48","482,53M","1,35%"
"05.10.2020","8.257,67","8.177,76","8.257,67","8.095,88","505,84M","0,98%"
"04.10.2020","8.177,76","8.295,05","8.287,97","8.177,76","496,82M","-1,41%"
"01.10.2020","8.295,05","8.299,08","8.340,31","8.263,37","712,34M","-0,05%"
"30.09.2020","8.299,08","8.284,34","8.312,54","8.272,59","542,69M","0,18%"
"29.09.2020","8.284,34","8.334,65","8.360,93","8.284,34","627,75M","-0,60%"
"28.09.2020","8.334,65","8.293,62","8.373,34","8.313,04","672,46M","0,49%"
"27.09.2020","8.293,62","8.236,17","8.302,50","8.244,56","560,80M","0,70%"
"24.09.2020","8.236,17","8.244,82","8.265,33","8.199,48","407,32M","-0,10%"
"22.09.2020","8.244,82","8.291,35","8.287,44","8.213,14","407,81M","-0,56%"
"21.09.2020","8.291,35","8.364,61","8.390,25","8.291,35","512,40M","-0,88%"
"20.09.2020","8.364,61","8.337,88","8.376,83","8.332,59","439,64M","0,32%"
"17.09.2020","8.337,88","8.311,21","8.339,29","8.279,64","519,54M","0,32%"
"16.09.2020","8.311,21","8.321,74","8.377,97","8.290,20","593,96M","-0,13%"
"15.09.2020","8.321,74","8.256,07","8.328,53","8.252,09","613,21M","0,80%"
"14.09.2020","8.256,07","8.203,57","8.265,53","8.140,16","782,26M","0,64%"
"13.09.2020","8.203,57","8.135,16","8.206,00","8.157,22","516,12M","0,84%"
"10.09.2020","8.135,16","8.079,74","8.151,61","8.090,21","543,59M","0,69%"
"09.09.2020","8.079,74","8.089,54","8.079,74","8.022,46","508,05M","-0,12%"
"08.09.2020","8.089,54","8.050,14","8.103,94","8.054,74","529,05M","0,49%"
"07.09.2020","8.050,14","8.024,62","8.066,24","8.026,06","433,54M","0,32%"
"06.09.2020","8.024,62","8.045,09","8.034,54","7.977,37","401,63M","-0,25%"
"03.09.2020","8.045,09","8.013,44","8.053,71","8.001,43","564,10M","0,39%"
"02.09.2020","8.013,44","7.898,86","8.013,44","7.861,61","497,72M","1,45%"
"01.09.2020","7.898,86","7.940,70","7.995,55","7.898,86","514,15M","-0,53%"
"31.08.2020","7.940,70","7.983,82","8.017,28","7.940,70","546,49M","-0,54%"
"30.08.2020","7.983,82","7.934,43","7.984,27","7.929,61","369,58M","0,62%"
"27.08.2020","7.934,43","7.955,04","7.977,04","7.924,68","420,28M","-0,26%"
"26.08.2020","7.955,04","7.938,36","7.955,04","7.908,01","388,65M","0,21%"
"25.08.2020","7.938,36","7.957,38","7.995,71","7.938,36","393,94M","-0,24%"
"24.08.2020","7.957,38","7.901,93","7.957,38","7.892,48","396,87M","0,70%"
"23.08.2020","7.901,93","7.842,84","7.901,93","7.848,70","364,92M","0,75%"
"20.08.2020","7.842,84","7.853,05","7.848,30","7.812,27","299,45M","-0,13%"
"19.08.2020","7.853,05","7.853,57","7.890,79","7.842,15","388,12M","-0,01%"
"18.08.2020","7.853,57","7.757,26","7.853,57","7.734,22","328,38M","1,24%"
"17.08.2020","7.757,26","7.759,48","7.800,91","7.700,90","407,84M","-0,03%"
"16.08.2020","7.759,48","7.704,25","7.760,35","7.716,02","312,37M","0,72%"
"13.08.2020","7.704,25","7.645,55","7.708,78","7.652,35","339,68M","0,77%"
"12.08.2020","7.645,55","7.626,23","7.646,51","7.601,67","312,72M","0,25%"
"11.08.2020","7.626,23","7.535,96","7.626,23","7.536,34","386,55M","1,20%"
"10.08.2020","7.535,96","7.530,31","7.545,31","7.517,30","297,46M","0,08%"
"09.08.2020","7.530,31","7.499,97","7.533,86","7.490,80","282,12M","0,40%"
"06.08.2020","7.499,97","7.470,26","7.518,13","7.486,39","242,26M","0,40%"
"05.08.2020","7.470,26","7.459,21","7.505,22","7.459,77","229,08M","0,15%"
"28.07.2020","7.459,21","7.455,74","7.459,26","7.437,54","201,69M","0,05%"
"27.07.2020","7.455,74","7.434,05","7.463,16","7.423,95","186,59M","0,29%"
"26.07.2020","7.434,05","7.426,78","7.444,21","7.403,78","223,26M","0,10%"
"23.07.2020","7.426,78","7.427,89","7.430,47","7.406,71","232,58M","-0,01%"
"22.07.2020","7.427,89","7.417,26","7.436,03","7.411,93","320,82M","0,14%"
"21.07.2020","7.417,26","7.377,36","7.417,26","7.373,83","328,00M","0,54%"
"20.07.2020","7.377,36","7.423,23","7.409,89","7.257,16","419,03M","-0,62%"
"19.07.2020","7.423,23","7.426,76","7.449,29","7.417,46","273,94M","-0,05%"
"16.07.2020","7.426,76","7.418,04","7.439,32","7.416,85","272,74M","0,12%"
"15.07.2020","7.418,04","7.380,35","7.418,04","7.383,01","269,85M","0,51%"
"14.07.2020","7.380,35","7.412,21","7.410,09","7.357,00","267,92M","-0,43%"
"13.07.2020","7.412,21","7.431,58","7.443,47","7.406,01","341,35M","-0,26%"
"12.07.2020","7.431,58","7.416,67","7.453,52","7.425,33","303,43M","0,20%"
"09.07.2020","7.416,67","7.394,26","7.439,73","7.405,27","314,26M","0,30%"
"08.07.2020","7.394,26","7.400,53","7.415,52","7.391,47","317,68M","-0,08%"
"07.07.2020","7.400,53","7.390,59","7.427,42","7.391,17","267,13M","0,13%"
"06.07.2020","7.390,59","7.388,49","7.424,79","7.375,01","395,53M","0,03%"
"05.07.2020","7.388,49","7.312,24","7.388,67","7.329,71","303,52M","1,04%"
"02.07.2020","7.312,24","7.253,33","7.312,24","7.271,41","211,10M","0,81%"
"01.07.2020","7.253,33","7.224,09","7.283,68","7.213,99","215,52M","0,40%"
"30.06.2020","7.224,09","7.287,41","7.328,28","7.224,09","315,09M","-0,87%"
"29.06.2020","7.287,41","7.292,62","7.307,54","7.269,49","326,47M","-0,07%"
"28.06.2020","7.292,62","7.232,34","7.298,86","7.259,66","217,66M","0,83%"
"25.06.2020","7.232,34","7.213,36","7.244,35","7.155,32","223,50M","0,26%"
"24.06.2020","7.213,36","7.265,08","7.272,55","7.196,69","246,31M","-0,71%"
"23.06.2020","7.265,08","7.260,09","7.276,70","7.218,63","217,19M","0,07%"
"22.06.2020","7.260,09","7.345,88","7.342,07","7.244,51","265,53M","-1,17%"
"21.06.2020","7.345,88","7.355,66","7.381,98","7.343,93","255,00M","-0,13%"
"18.06.2020","7.355,66","7.309,67","7.355,66","7.293,39","398,58M","0,63%"
"17.06.2020","7.309,67","7.308,21","7.355,14","7.291,95","331,25M","0,02%"
"16.06.2020","7.308,21","7.263,65","7.358,16","7.284,40","351,33M","0,61%"
"15.06.2020","7.263,65","7.292,54","7.272,18","7.229,17","296,98M","-0,40%"
"14.06.2020","7.292,54","7.309,80","7.306,50","7.252,78","2,35B","-0,24%"
"11.06.2020","7.309,80","7.328,09","7.309,80","7.254,85","259,73M","-0,25%"
"10.06.2020","7.328,09","7.329,38","7.339,29","7.287,17","264,53M","-0,02%"
"09.06.2020","7.329,38","7.300,48","7.329,38","7.277,88","264,66M","0,40%"
"08.06.2020","7.300,48","7.267,86","7.306,43","7.247,47","275,32M","0,45%"
"07.06.2020","7.267,86","7.207,78","7.277,70","7.233,67","225,87M","0,83%"
"04.06.2020","7.207,78","7.222,41","7.207,78","7.129,25","234,18M","-0,20%"
"03.06.2020","7.222,41","7.285,23","7.311,85","7.202,39","286,85M","-0,86%"
"02.06.2020","7.285,23","7.288,81","7.321,36","7.277,63","343,52M","-0,05%"
"01.06.2020","7.288,81","7.213,03","7.288,81","7.202,14","349,59M","1,05%"
"31.05.2020","7.213,03","7.050,66","7.338,96","7.149,71","307,44M","2,30%"
"21.05.2020","7.050,66","7.050,17","7.084,00","7.037,81","274,85M","0,01%"
"20.05.2020","7.050,17","7.044,56","7.073,50","7.014,65","190,72M","0,08%"
"19.05.2020","7.044,56","6.921,15","7.057,61","6.961,79","242,30M","1,78%"
"18.05.2020","6.921,15","6.824,70","6.944,16","6.862,50","230,18M","1,41%"
"17.05.2020","6.824,70","6.716,98","6.825,47","6.778,75","198,54M","1,60%"
"14.05.2020","6.716,98","6.721,24","6.731,82","6.680,75","158,06M","-0,06%"
"13.05.2020","6.721,24","6.684,42","6.762,71","6.719,65","192,59M","0,55%"
"12.05.2020","6.684,42","6.603,96","6.724,78","6.622,86","222,87M","1,22%"
"11.05.2020","6.603,96","6.682,91","6.634,91","6.448,66","223,16M","-1,18%"
"10.05.2020","6.682,91","6.628,53","6.706,51","6.658,13","148,05M","0,82%"
"07.05.2020","6.628,53","6.655,11","6.677,85","6.602,67","177,48M","-0,40%"
"06.05.2020","6.655,11","6.710,51","6.810,46","6.655,11","223,46M","-0,83%"
"05.05.2020","6.710,51","6.595,97","6.762,41","6.700,88","228,55M","1,74%"
"04.05.2020","6.595,97","6.585,58","6.672,83","6.492,53","252,06M","0,16%"
"03.05.2020","6.585,58","7.112,90","6.726,67","6.575,31","305,74M","-7,41%"
"30.04.2020","7.112,90","6.985,33","7.112,90","7.024,98","300,44M","1,83%"
"29.04.2020","6.985,33","6.884,82","7.013,95","6.898,68","271,51M","1,46%"
"28.04.2020","6.884,82","6.827,80","6.884,82","6.809,36","233,88M","0,84%"
"27.04.2020","6.827,80","6.838,67","6.899,32","6.813,67","268,82M","-0,16%"
"26.04.2020","6.838,67","6.604,90","6.843,59","6.698,51","234,07M","3,54%"
"23.04.2020","6.604,90","6.541,47","6.640,64","6.587,31","201,61M","0,97%"
"22.04.2020","6.541,47","6.496,72","6.564,00","6.444,71","199,49M","0,69%"
"21.04.2020","6.496,72","6.601,07","6.554,60","6.454,93","189,54M","-1,58%"
"20.04.2020","6.601,07","6.678,44","6.665,35","6.576,20","152,06M","-1,16%"
"19.04.2020","6.678,44","6.631,69","6.712,47","6.652,98","140,65M","0,70%"
"16.04.2020","6.631,69","6.813,67","6.806,35","6.631,69","162,60M","-2,67%"
"15.04.2020","6.813,67","6.874,64","6.913,88","6.804,97","176,55M","-0,89%"
"14.04.2020","6.874,64","6.804,54","6.874,64","6.791,82","175,01M","1,03%"
"13.04.2020","6.804,54","6.865,74","6.914,17","6.804,54","169,32M","-0,89%"
"12.04.2020","6.865,74","7.006,24","7.012,51","6.855,85","195,00M","-2,01%"
"09.04.2020","7.006,24","6.999,34","7.073,95","6.988,96","239,31M","0,10%"
"08.04.2020","6.999,34","6.986,40","6.999,34","6.926,61","238,61M","0,19%"
"07.04.2020","6.986,40","6.860,92","6.986,40","6.854,15","262,77M","1,83%"
"06.04.2020","6.860,92","6.752,19","6.860,92","6.731,47","212,84M","1,61%"
"05.04.2020","6.752,19","6.749,69","6.881,39","6.738,70","278,74M","0,04%"
"02.04.2020","6.749,69","6.569,39","6.749,69","6.600,57","262,64M","2,74%"
"01.04.2020","6.569,39","6.505,35","6.569,39","6.479,28","170,89M","0,98%"
"31.03.2020","6.505,35","6.373,29","6.529,26","6.396,27","219,73M","2,07%"
"30.03.2020","6.373,29","6.376,62","6.404,41","6.354,35","164,72M","-0,05%"
"29.03.2020","6.376,62","6.326,92","6.385,94","6.260,45","161,30M","0,79%"
"26.03.2020","6.326,92","6.208,65","6.326,92","6.254,81","146,67M","1,90%"
"25.03.2020","6.208,65","6.193,66","6.401,82","6.171,91","330,44M","0,24%"
"24.03.2020","6.193,66","5.990,23","6.213,22","6.095,29","204,97M","3,40%"
"23.03.2020","5.990,23","6.171,91","6.173,11","5.974,78","190,44M","-2,94%"
"22.03.2020","6.171,91","6.267,56","6.284,40","6.159,21","165,16M","-1,53%"
"19.03.2020","6.267,56","6.154,85","6.347,89","6.105,16","359,73M","1,83%"
"18.03.2020","6.154,85","6.107,05","6.235,30","6.097,61","226,12M","0,78%"
"17.03.2020","6.107,05","5.959,69","6.182,01","5.971,61","258,60M","2,47%"
"16.03.2020","5.959,69","6.287,36","6.184,37","5.959,69","253,77M","-5,21%"
"15.03.2020","6.287,36","6.357,06","6.497,71","6.287,36","211,46M","-1,10%"
"12.03.2020","6.357,06","6.552,49","6.456,65","6.178,07","255,98M","-2,98%"
"11.03.2020","6.552,49","6.762,03","6.828,11","6.492,32","282,57M","-3,10%"
"10.03.2020","6.762,03","6.315,51","6.779,43","6.486,95","345,46M","7,07%"
"09.03.2020","6.315,51","6.846,36","6.461,50","6.196,98","283,91M","-7,75%"
"08.03.2020","6.846,36","7.467,52","7.027,98","6.835,33","295,73M","-8,32%"
"05.03.2020","7.467,52","7.524,50","7.571,19","7.457,62","145,77M","-0,76%"
"04.03.2020","7.524,50","7.556,52","7.531,43","7.416,59","174,56M","-0,42%"
"03.03.2020","7.556,52","7.349,19","7.561,31","7.475,49","171,03M","2,82%"
"02.03.2020","7.349,19","7.345,10","7.561,90","7.349,19","198,26M","0,06%"
"01.03.2020","7.345,10","7.628,34","7.461,16","7.314,88","184,11M","-3,71%"
"27.02.2020","7.628,34","7.711,12","7.678,51","7.561,50","179,73M","-1,07%"
"26.02.2020","7.711,12","7.758,15","7.729,36","7.655,84","157,35M","-0,61%"
"25.02.2020","7.758,15","7.747,10","7.776,30","7.687,54","143,73M","0,14%"
"24.02.2020","7.747,10","7.982,95","7.965,56","7.745,51","181,57M","-2,95%"
"23.02.2020","7.982,95","8.007,39","8.015,03","7.953,81","122,26M","-0,31%"
"20.02.2020","8.007,39","7.967,60","8.031,02","7.975,18","147,73M","0,50%"
"19.02.2020","7.967,60","7.858,93","7.967,60","7.862,47","111,91M","1,38%"
"18.02.2020","7.858,93","7.872,55","7.877,64","7.845,24","96,87M","-0,17%"
"17.02.2020","7.872,55","7.836,96","7.895,61","7.843,56","99,23M","0,45%"
"16.02.2020","7.836,96","7.874,41","7.886,89","7.819,31","121,36M","-0,48%"
"13.02.2020","7.874,41","7.915,36","7.937,53","7.839,47","188,56M","-0,52%"
"12.02.2020","7.915,36","7.895,64","7.923,06","7.876,81","148,13M","0,25%"
"11.02.2020","7.895,64","7.971,93","7.956,38","7.895,64","136,60M","-0,96%"
"10.02.2020","7.971,93","7.952,52","7.979,68","7.919,58","120,65M","0,24%"
"09.02.2020","7.952,52","8.053,09","8.085,39","7.890,09","152,18M","-1,25%"
"06.02.2020","8.053,09","8.094,36","8.123,87","8.036,52","171,72M","-0,51%"
"05.02.2020","8.094,36","8.138,40","8.179,31","8.084,91","153,27M","-0,54%"
"04.02.2020","8.138,40","8.112,69","8.149,08","8.120,95","148,54M","0,32%"
"03.02.2020","8.112,69","8.157,51","8.194,73","8.112,69","151,23M","-0,55%"
"02.02.2020","8.157,51","8.246,59","8.187,98","8.138,62","157,67M","-1,08%"
"30.01.2020","8.246,59","8.185,51","8.255,41","8.166,76","145,69M","0,75%"
"29.01.2020","8.185,51","8.166,08","8.216,66","8.156,42","143,04M","0,24%"
"28.01.2020","8.166,08","8.178,47","8.206,14","8.153,03","133,75M","-0,15%"
"27.01.2020","8.178,47","8.326,97","8.335,20","8.178,47","174,69M","-1,78%"
"26.01.2020","8.326,97","8.386,35","8.360,52","8.319,22","175,17M","-0,71%"
"23.01.2020","8.386,35","8.428,21","8.412,60","8.356,32","181,02M","-0,50%"
"22.01.2020","8.428,21","8.445,33","8.470,57","8.428,21","170,02M","-0,20%"
"21.01.2020","8.445,33","8.469,71","8.465,72","8.431,01","174,82M","-0,29%"
"20.01.2020","8.469,71","8.449,29","8.473,50","8.437,69","174,43M","0,24%"
"19.01.2020","8.449,29","8.459,80","8.490,38","8.441,55","158,06M","-0,12%"
"16.01.2020","8.459,80","8.432,56","8.459,80","8.423,46","168,72M","0,32%"
"15.01.2020","8.432,56","8.474,81","8.480,85","8.432,56","217,03M","-0,50%"
"14.01.2020","8.474,81","8.441,14","8.479,35","8.419,82","206,94M","0,40%"
"13.01.2020","8.441,14","8.371,13","8.455,24","8.370,12","189,62M","0,84%"
"12.01.2020","8.371,13","8.345,77","8.406,23","8.358,88","168,53M","0,30%"
"09.01.2020","8.345,77","8.124,11","8.345,77","8.226,28","183,50M","2,73%"
"08.01.2020","8.124,11","8.198,97","8.169,16","8.076,79","160,90M","-0,91%"
"07.01.2020","8.198,97","8.206,13","8.269,31","8.181,94","143,52M","-0,09%"
"06.01.2020","8.206,13","8.193,72","8.210,81","8.123,91","157,83M","0,15%"
"05.01.2020","8.193,72","8.397,01","8.305,33","8.189,95","175,92M","-2,42%"
"02.01.2020","8.397,01","8.358,85","8.397,01","8.368,21","147,58M","0,46%"
"01.01.2020","8.358,85","8.389,23","8.389,86","8.354,95","146,53M","-0,36%"
"31.12.2019","8.389,23","8.345,01","8.389,23","8.323,89","156,03M","0,53%"
"30.12.2019","8.345,01","8.411,94","8.419,75","8.345,01","179,16M","-0,80%"
"29.12.2019","8.411,94","8.353,14","8.423,37","8.358,33","190,68M","0,70%"
"26.12.2019","8.353,14","8.342,79","8.370,23","8.316,75","155,85M","0,12%"
"25.12.2019","8.342,79","8.419,84","8.424,00","8.333,28","200,42M","-0,92%"
"24.12.2019","8.419,84","8.416,39","8.439,75","8.389,19","222,34M","0,04%"
"23.12.2019","8.416,39","8.300,73","8.416,39","8.303,94","219,69M","1,39%"
"22.12.2019","8.300,73","8.291,39","8.300,73","8.272,77","173,49M","0,11%"
"19.12.2019","8.291,39","8.253,43","8.307,85","8.223,73","294,00M","0,46%"
"18.12.2019","8.253,43","8.197,39","8.267,72","8.169,96","243,30M","0,68%"
"17.12.2019","8.197,39","8.138,99","8.197,39","8.130,05","281,27M","0,72%"
"16.12.2019","8.138,99","8.049,50","8.211,73","8.056,76","234,28M","1,11%"
"15.12.2019","8.049,50","8.005,77","8.100,40","8.023,60","194,84M","0,55%"
"12.12.2019","8.005,77","8.133,72","8.161,05","8.005,77","540,68M","-1,57%"
"11.12.2019","8.133,72","8.066,42","8.167,94","8.078,78","179,05M","0,83%"
"10.12.2019","8.066,42","8.120,01","8.132,86","8.066,42","107,85M","-0,66%"
"09.12.2019","8.120,01","8.098,74","8.209,32","8.112,32","160,57M","0,26%"
"08.12.2019","8.098,74","7.905,51","8.114,20","7.907,58","129,82M","2,44%"
"05.12.2019","7.905,51","7.871,20","7.924,94","7.845,77","94,27M","0,44%"
"04.12.2019","7.871,20","7.883,03","7.885,72","7.808,54","102,35M","-0,15%"
"03.12.2019","7.883,03","7.833,38","7.888,41","7.831,18","103,27M","0,63%"
"02.12.2019","7.833,38","7.901,93","7.916,51","7.827,66","80,78M","-0,87%"
"01.12.2019","7.901,93","7.859,06","7.910,63","7.859,16","62,06M","0,55%"
"28.11.2019","7.859,06","7.853,08","7.889,10","7.823,28","82,00M","0,08%"
"27.11.2019","7.853,08","7.877,83","7.927,60","7.825,72","90,16M","-0,31%"
"26.11.2019","7.877,83","8.013,69","8.024,69","7.877,83","190,10M","-1,70%"
"25.11.2019","8.013,69","7.999,57","8.026,62","7.944,93","104,95M","0,18%"
"24.11.2019","7.999,57","8.062,61","8.084,89","7.999,57","82,46M","-0,78%"
"21.11.2019","8.062,61","8.054,06","8.062,61","8.030,91","177,28M","0,11%"
"20.11.2019","8.054,06","8.045,32","8.054,49","8.018,21","105,73M","0,11%"
"19.11.2019","8.045,32","8.000,33","8.045,32","7.993,01","120,00M","0,56%"
"18.11.2019","8.000,33","7.927,95","8.000,33","7.933,83","110,37M","0,91%"
"17.11.2019","7.927,95","7.924,19","7.952,64","7.871,28","76,37M","0,05%"
"14.11.2019","7.924,19","7.932,52","7.988,02","7.908,04","149,47M","-0,11%"
"13.11.2019","7.932,52","7.981,31","8.020,88","7.907,46","119,67M","-0,61%"
"12.11.2019","7.981,31","7.922,41","7.990,68","7.909,86","112,32M","0,74%"
"11.11.2019","7.922,41","7.874,58","7.922,41","7.878,76","106,19M","0,61%"
"10.11.2019","7.874,58","7.798,25","7.904,07","7.819,72","106,85M","0,98%"
"07.11.2019","7.798,25","7.749,26","7.844,70","7.739,75","117,21M","0,63%"
"06.11.2019","7.749,26","7.782,28","7.793,88","7.737,81","87,95M","-0,42%"
"05.11.2019","7.782,28","7.653,21","7.782,28","7.642,52","108,45M","1,69%"
"04.11.2019","7.653,21","7.590,33","7.653,21","7.559,16","92,04M","0,83%"
"03.11.2019","7.590,33","7.744,08","7.691,94","7.558,08","85,80M","-1,99%"
"31.10.2019","7.744,08","7.792,76","7.777,37","7.719,04","80,83M","-0,62%"
"30.10.2019","7.792,76","7.693,61","7.792,76","7.659,01","103,38M","1,29%"
"29.10.2019","7.693,61","7.784,71","7.786,66","7.652,91","131,12M","-1,17%"
"28.10.2019","7.784,71","7.891,73","7.893,14","7.779,95","104,96M","-1,36%"
"27.10.2019","7.891,73","7.913,28","7.924,14","7.879,14","86,70M","-0,27%"
"24.10.2019","7.913,28","7.887,36","7.913,28","7.858,45","101,37M","0,33%"
"23.10.2019","7.887,36","7.872,74","7.892,63","7.824,51","116,69M","0,19%"
"22.10.2019","7.872,74","7.764,09","7.877,62","7.766,81","134,32M","1,40%"
"21.10.2019","7.764,09","7.784,94","7.796,25","7.693,26","109,21M","-0,27%"
"20.10.2019","7.784,94","7.635,82","7.812,39","7.708,91","132,96M","1,95%"
"17.10.2019","7.635,82","7.518,37","7.635,82","7.493,51","100,82M","1,56%"
"16.10.2019","7.518,37","7.481,53","7.524,85","7.396,60","104,24M","0,49%"
"15.10.2019","7.481,53","7.599,06","7.604,54","7.481,53","90,45M","-1,55%"
"14.10.2019","7.599,06","7.631,02","7.645,81","7.578,05","133,34M","-0,42%"
"13.10.2019","7.631,02","7.695,48","7.763,44","7.631,02","74,35M","-0,84%"
"10.10.2019","7.695,48","7.715,89","7.727,04","7.634,78","89,30M","-0,26%"
"09.10.2019","7.715,89","7.832,93","7.833,03","7.715,89","91,70M","-1,49%"
"08.10.2019","7.832,93","7.878,23","7.884,58","7.771,34","109,80M","-0,57%"
"07.10.2019","7.878,23","7.962,77","7.973,32","7.878,23","106,33M","-1,06%"
"06.10.2019","7.962,77","7.921,15","7.985,77","7.941,12","103,92M","0,53%"
"03.10.2019","7.921,15","7.984,43","7.957,37","7.903,09","111,62M","-0,79%"
"02.10.2019","7.984,43","8.052,71","8.056,33","7.964,95","116,90M","-0,85%"
"01.10.2019","8.052,71","8.091,76","8.128,37","8.052,71","121,90M","-0,48%"
"30.09.2019","8.091,76","8.055,26","8.111,61","8.059,91","135,00M","0,45%"
"29.09.2019","8.055,26","8.028,19","8.068,73","8.022,98","86,25M","0,34%"
"26.09.2019","8.028,19","8.030,29","8.060,03","8.010,28","100,49M","-0,03%"
"25.09.2019","8.030,29","8.069,55","8.073,26","7.994,92","129,77M","-0,49%"
"24.09.2019","8.069,55","7.954,14","8.073,25","7.948,93","109,72M","1,45%"
"22.09.2019","7.954,14","7.926,82","7.959,52","7.884,04","78,13M","0,34%"
"19.09.2019","7.926,82","7.821,23","7.926,82","7.769,18","260,85M","1,35%"
"18.09.2019","7.821,23","7.770,55","7.835,06","7.783,55","104,28M","0,65%"
"17.09.2019","7.770,55","7.827,17","7.834,09","7.713,89","107,87M","-0,72%"
"16.09.2019","7.827,17","7.749,46","7.835,22","7.720,15","121,06M","1,00%"
"15.09.2019","7.749,46","7.831,80","7.770,92","7.589,50","106,95M","-1,05%"
"12.09.2019","7.831,80","7.855,30","7.873,70","7.803,63","97,31M","-0,30%"
"11.09.2019","7.855,30","7.965,13","7.953,49","7.767,37","121,56M","-1,38%"
"10.09.2019","7.965,13","8.055,24","8.049,93","7.939,27","118,05M","-1,12%"
"09.09.2019","8.055,24","8.050,88","8.055,24","7.999,18","104,48M","0,05%"
"08.09.2019","8.050,88","8.054,75","8.099,63","8.040,52","110,92M","-0,05%"
"05.09.2019","8.054,75","8.058,39","8.122,08","8.010,35","146,05M","-0,05%"
"04.09.2019","8.058,39","7.924,18","8.058,39","7.929,17","137,37M","1,69%"
"03.09.2019","7.924,18","7.971,14","8.000,72","7.924,18","133,47M","-0,59%"
"02.09.2019","7.971,14","7.912,30","7.972,98","7.857,96","132,72M","0,74%"
"01.09.2019","7.912,30","8.019,77","8.032,77","7.893,45","93,70M","-1,34%"
"29.08.2019","8.019,77","8.171,17","8.193,19","8.013,69","146,93M","-1,85%"
"28.08.2019","8.171,17","8.285,54","8.268,78","8.149,13","167,14M","-1,38%"
"27.08.2019","8.285,54","8.257,86","8.320,96","8.086,91","766,04M","0,34%"
"26.08.2019","8.257,86","8.241,67","8.264,81","8.143,40","125,95M","0,20%"
"25.08.2019","8.241,67","8.445,66","8.410,60","8.233,49","99,55M","-2,42%"
"22.08.2019","8.445,66","8.508,93","8.530,40","8.371,29","202,65M","-0,74%"
"21.08.2019","8.508,93","8.589,75","8.596,92","8.508,93","106,71M","-0,94%"
"20.08.2019","8.589,75","8.565,79","8.627,47","8.574,35","117,84M","0,28%"
"19.08.2019","8.565,79","8.527,41","8.625,18","8.544,74","118,62M","0,45%"
"18.08.2019","8.527,41","8.550,23","8.571,63","8.505,39","94,99M","-0,27%"
"08.08.2019","8.550,23","8.482,95","8.554,44","8.448,84","118,81M","0,79%"
"07.08.2019","8.482,95","8.394,07","8.517,28","8.412,94","111,43M","1,06%"
"06.08.2019","8.394,07","8.465,25","8.412,13","8.320,49","120,84M","-0,84%"
"05.08.2019","8.465,25","8.557,09","8.560,03","8.441,27","116,22M","-1,07%"
"04.08.2019","8.557,09","8.666,39","8.621,36","8.514,74","95,57M","-1,26%"
"01.08.2019","8.666,39","8.732,62","8.719,61","8.631,70","87,62M","-0,76%"
"31.07.2019","8.732,62","8.740,93","8.771,11","8.723,75","91,64M","-0,10%"
"30.07.2019","8.740,93","8.729,12","8.771,75","8.704,17","108,52M","0,14%"
"29.07.2019","8.729,12","8.859,32","8.843,62","8.714,27","121,22M","-1,47%"
"28.07.2019","8.859,32","8.819,00","8.859,32","8.755,79","80,31M","0,46%"
"25.07.2019","8.819,00","8.785,74","8.819,00","8.731,72","135,18M","0,38%"
"24.07.2019","8.785,74","8.796,06","8.838,15","8.763,56","89,68M","-0,12%"
"23.07.2019","8.796,06","8.907,46","8.921,18","8.796,06","87,87M","-1,25%"
"22.07.2019","8.907,46","8.957,80","8.985,85","8.907,46","95,93M","-0,56%"
"21.07.2019","8.957,80","9.033,83","8.986,71","8.907,85","109,32M","-0,84%"
"18.07.2019","9.033,83","9.075,55","9.070,14","9.033,83","131,20M","-0,46%"
"17.07.2019","9.075,55","9.073,01","9.089,43","9.053,83","125,26M","0,03%"
"16.07.2019","9.073,01","9.044,21","9.090,40","9.035,76","125,90M","0,32%"
"15.07.2019","9.044,21","9.015,16","9.048,27","8.969,85","114,43M","0,32%"
"14.07.2019","9.015,16","8.968,23","9.050,56","8.974,50","124,49M","0,52%"
"11.07.2019","8.968,23","8.905,57","8.970,00","8.903,89","135,09M","0,70%"
"10.07.2019","8.905,57","8.854,49","8.906,26","8.850,94","121,12M","0,58%"
"09.07.2019","8.854,49","8.827,01","8.854,49","8.823,93","131,49M","0,31%"
"08.07.2019","8.827,01","8.811,11","8.827,01","8.767,16","116,16M","0,18%"
"07.07.2019","8.811,11","8.846,53","8.855,87","8.804,89","89,28M","-0,40%"
"04.07.2019","8.846,53","8.853,47","8.880,73","8.834,87","87,54M","-0,08%"
"03.07.2019","8.853,47","8.834,26","8.854,76","8.807,34","84,28M","0,22%"
"02.07.2019","8.834,26","8.852,69","8.861,88","8.811,18","119,61M","-0,21%"
"01.07.2019","8.852,69","8.821,76","8.852,69","8.808,62","102,87M","0,35%"
"30.06.2019","8.821,76","8.796,61","8.889,00","8.813,78","109,29M","0,29%"
"27.06.2019","8.796,61","8.687,08","8.811,76","8.703,64","100,53M","1,26%"
"26.06.2019","8.687,08","8.649,88","8.719,61","8.661,17","177,39M","0,43%"
"25.06.2019","8.649,88","8.598,97","8.649,88","8.532,50","155,95M","0,59%"
"24.06.2019","8.598,97","8.739,16","8.748,91","8.495,80","138,03M","-1,60%"
"23.06.2019","8.739,16","8.869,70","8.884,35","8.734,91","111,21M","-1,47%"
"20.06.2019","8.869,70","8.936,26","8.953,39","8.812,21","307,05M","-0,74%"
"19.06.2019","8.936,26","9.000,43","9.036,54","8.936,26","219,11M","-0,71%"
"18.06.2019","9.000,43","8.975,63","9.018,71","8.924,70","204,73M","0,28%"
"17.06.2019","8.975,63","8.886,84","9.001,87","8.894,56","218,81M","1,00%"
"16.06.2019","8.886,84","8.941,54","8.978,27","8.864,59","130,37M","-0,61%"
"13.06.2019","8.941,54","9.084,75","9.047,43","8.939,72","183,48M","-1,58%"
"12.06.2019","9.084,75","8.989,72","9.084,75","8.948,65","184,87M","1,06%"
"11.06.2019","8.989,72","8.849,21","8.989,72","8.821,72","178,94M","1,59%"
"10.06.2019","8.849,21","8.699,22","8.866,10","8.702,34","170,00M","1,72%"
"09.06.2019","8.699,22","8.516,48","8.699,22","8.549,37","99,68M","2,15%"
"30.05.2019","8.516,48","8.413,88","8.516,48","8.391,44","95,07M","1,22%"
"29.05.2019","8.413,88","8.550,90","8.510,36","8.366,95","114,84M","-1,60%"
"28.05.2019","8.550,90","8.381,97","8.550,90","8.316,25","731,69M","2,02%"
"27.05.2019","8.381,97","8.360,19","8.419,55","8.215,29","116,56M","0,26%"
"26.05.2019","8.360,19","8.531,16","8.539,26","8.270,05","106,22M","-2,00%"
"23.05.2019","8.531,16","8.656,17","8.662,96","8.494,43","153,10M","-1,44%"
"22.05.2019","8.656,17","8.609,35","8.718,27","8.624,03","160,75M","0,54%"
"21.05.2019","8.609,35","8.468,93","8.609,35","8.480,58","117,71M","1,66%"
"20.05.2019","8.468,93","8.525,22","8.531,37","8.374,81","125,37M","-0,66%"
"19.05.2019","8.525,22","8.621,85","8.694,12","8.511,81","101,36M","-1,12%"
"16.05.2019","8.621,85","8.480,70","8.621,85","8.506,42","137,22M","1,66%"
"15.05.2019","8.480,70","8.374,27","8.621,39","8.457,76","177,73M","1,27%"
"14.05.2019","8.374,27","8.366,64","8.545,35","8.189,98","208,30M","0,09%"
"13.05.2019","8.366,64","8.674,66","8.629,93","8.366,64","184,47M","-3,55%"
"12.05.2019","8.674,66","8.856,94","8.855,53","8.647,13","111,70M","-2,06%"
"09.05.2019","8.856,94","8.899,80","8.936,12","8.801,80","119,03M","-0,48%"
"08.05.2019","8.899,80","8.968,86","8.967,62","8.860,51","101,00M","-0,77%"
"07.05.2019","8.968,86","9.043,22","9.082,73","8.944,39","106,99M","-0,82%"
"06.05.2019","9.043,22","9.178,96","9.141,63","8.866,78","148,05M","-1,48%"
"05.05.2019","9.178,96","9.336,90","9.327,25","9.142,09","124,84M","-1,69%"
"02.05.2019","9.336,90","9.361,96","9.403,05","9.329,82","139,85M","-0,27%"
"01.05.2019","9.361,96","9.304,20","9.361,96","9.270,51","143,16M","0,62%"
"30.04.2019","9.304,20","9.276,50","9.364,83","9.279,88","216,90M","0,30%"
"29.04.2019","9.276,50","9.265,79","9.288,75","9.230,36","108,57M","0,12%"
"28.04.2019","9.265,79","9.275,54","9.304,71","9.249,44","91,38M","-0,11%"
"25.04.2019","9.275,54","9.237,77","9.275,69","9.198,33","176,82M","0,41%"
"24.04.2019","9.237,77","9.227,93","9.255,10","9.204,16","119,59M","0,11%"
"23.04.2019","9.227,93","9.195,02","9.252,79","9.195,97","122,49M","0,36%"
"22.04.2019","9.195,02","9.239,67","9.258,77","9.186,09","158,64M","-0,48%"
"21.04.2019","9.239,67","9.196,53","9.241,18","9.182,54","119,73M","0,47%"
"18.04.2019","9.196,53","9.238,05","9.245,63","9.177,63","106,73M","-0,45%"
"17.04.2019","9.238,05","9.139,55","9.238,05","9.133,27","166,56M","1,08%"
"16.04.2019","9.139,55","9.088,13","9.141,67","9.082,87","133,34M","0,57%"
"15.04.2019","9.088,13","9.055,34","9.092,96","9.051,27","123,84M","0,36%"
"14.04.2019","9.055,34","9.087,97","9.083,27","9.042,65","100,69M","-0,36%"
"11.04.2019","9.087,97","9.077,20","9.099,81","9.064,85","132,54M","0,12%"
"10.04.2019","9.077,20","9.047,58","9.077,20","9.020,38","116,31M","0,33%"
"09.04.2019","9.047,58","9.037,97","9.054,45","9.022,69","112,13M","0,11%"
"08.04.2019","9.037,97","9.011,11","9.037,97","8.944,45","117,54M","0,30%"
"07.04.2019","9.011,11","9.063,88","9.100,83","8.988,42","120,48M","-0,58%"
"04.04.2019","9.063,88","8.985,48","9.065,69","8.936,21","141,25M","0,87%"
"03.04.2019","8.985,48","8.934,69","8.989,67","8.934,99","178,06M","0,57%"
"02.04.2019","8.934,69","8.896,55","8.934,69","8.865,25","129,98M","0,43%"
"01.04.2019","8.896,55","8.819,44","8.896,55","8.816,91","109,89M","0,87%"
"31.03.2019","8.819,44","8.788,84","8.826,71","8.782,24","108,42M","0,35%"
"28.03.2019","8.788,84","8.766,33","8.826,65","8.749,24","123,03M","0,26%"
"27.03.2019","8.766,33","8.678,88","8.766,33","8.667,87","122,12M","1,01%"
"26.03.2019","8.678,88","8.666,69","8.685,35","8.647,96","130,81M","0,14%"
"25.03.2019","8.666,69","8.647,17","8.668,81","8.591,03","127,64M","0,23%"
"24.03.2019","8.647,17","8.708,66","8.686,15","8.643,66","115,43M","-0,71%"
"21.03.2019","8.708,66","8.640,52","8.714,13","8.635,17","118,73M","0,79%"
"20.03.2019","8.640,52","8.658,95","8.655,16","8.614,32","164,17M","-0,21%"
"19.03.2019","8.658,95","8.653,16","8.666,54","8.630,13","177,61M","0,07%"
"18.03.2019","8.653,16","8.563,44","8.653,16","8.539,12","159,30M","1,05%"
"17.03.2019","8.563,44","8.582,88","8.606,45","8.553,37","135,47M","-0,23%"
"14.03.2019","8.582,88","8.526,68","8.585,70","8.536,94","185,79M","0,66%"
"13.03.2019","8.526,68","8.446,07","8.526,68","8.456,93","136,06M","0,95%"
"12.03.2019","8.446,07","8.426,29","8.446,07","8.412,16","115,38M","0,23%"
"11.03.2019","8.426,29","8.465,75","8.466,86","8.410,81","113,14M","-0,47%"
"10.03.2019","8.465,75","8.479,16","8.515,25","8.461,33","130,40M","-0,16%"
"07.03.2019","8.479,16","8.534,16","8.524,55","8.437,93","119,02M","-0,64%"
"06.03.2019","8.534,16","8.561,37","8.560,38","8.516,00","99,04M","-0,32%"
"05.03.2019","8.561,37","8.565,42","8.567,16","8.539,40","118,91M","-0,05%"
"04.03.2019","8.565,42","8.534,27","8.565,42","8.517,21","112,20M","0,37%"
"03.03.2019","8.534,27","8.492,70","8.554,72","8.497,18","112,92M","0,49%"
"28.02.2019","8.492,70","8.472,50","8.502,42","8.444,31","111,64M","0,24%"
"27.02.2019","8.472,50","8.456,22","8.472,50","8.389,99","104,28M","0,19%"
"26.02.2019","8.456,22","8.433,09","8.456,95","8.375,44","81,85M","0,27%"
"25.02.2019","8.433,09","8.513,27","8.515,51","8.410,34","112,05M","-0,94%"
"24.02.2019","8.513,27","8.547,48","8.556,25","8.513,27","93,87M","-0,40%"
"21.02.2019","8.547,48","8.567,24","8.573,82","8.512,72","77,32M","-0,23%"
"20.02.2019","8.567,24","8.516,60","8.567,24","8.509,32","75,20M","0,59%"
"19.02.2019","8.516,60","8.569,83","8.570,77","8.506,26","105,88M","-0,62%"
"18.02.2019","8.569,83","8.592,01","8.607,45","8.562,65","123,10M","-0,26%"
"17.02.2019","8.592,01","8.626,28","8.635,98","8.589,03","77,33M","-0,40%"
"14.02.2019","8.626,28","8.617,22","8.630,01","8.579,10","92,49M","0,11%"
"13.02.2019","8.617,22","8.600,32","8.661,31","8.600,90","104,58M","0,20%"
"12.02.2019","8.600,32","8.543,39","8.600,32","8.532,35","119,74M","0,67%"
"11.02.2019","8.543,39","8.573,21","8.586,86","8.531,39","91,53M","-0,35%"
"10.02.2019","8.573,21","8.612,84","8.633,77","8.558,43","91,36M","-0,46%"
"07.02.2019","8.612,84","8.633,33","8.648,79","8.609,26","101,43M","-0,24%"
"06.02.2019","8.633,33","8.623,92","8.677,73","8.616,50","125,90M","0,11%"
"05.02.2019","8.623,92","8.520,64","8.624,77","8.523,98","131,29M","1,21%"
"04.02.2019","8.520,64","8.526,71","8.568,61","8.506,78","108,30M","-0,07%"
"03.02.2019","8.526,71","8.559,95","8.590,66","8.514,63","109,55M","-0,39%"
"31.01.2019","8.559,95","8.583,63","8.623,18","8.559,95","149,82M","-0,28%"
"30.01.2019","8.583,63","8.581,48","8.604,01","8.556,43","152,17M","0,03%"
"29.01.2019","8.581,48","8.623,93","8.635,59","8.539,60","152,13M","-0,49%"
"28.01.2019","8.623,93","8.509,43","8.623,93","8.504,78","199,58M","1,35%"
"27.01.2019","8.509,43","8.434,89","8.528,30","8.408,84","166,69M","0,88%"
"24.01.2019","8.434,89","8.466,10","8.456,43","8.420,28","106,39M","-0,37%"
"23.01.2019","8.466,10","8.399,40","8.466,10","8.406,08","115,25M","0,79%"
"22.01.2019","8.399,40","8.402,04","8.419,71","8.386,43","114,27M","-0,03%"
"21.01.2019","8.402,04","8.383,52","8.402,04","8.267,63","173,72M","0,22%"
"20.01.2019","8.383,52","8.448,02","8.468,62","8.372,51","104,90M","-0,76%"
"17.01.2019","8.448,02","8.406,47","8.448,02","8.380,58","107,18M","0,49%"
"16.01.2019","8.406,47","8.347,25","8.423,62","8.356,88","137,61M","0,71%"
"15.01.2019","8.347,25","8.270,55","8.352,62","8.261,97","117,89M","0,93%"
"14.01.2019","8.270,55","8.291,66","8.306,51","8.262,87","121,52M","-0,25%"
"13.01.2019","8.291,66","8.210,16","8.310,99","8.195,05","118,55M","0,99%"
"10.01.2019","8.210,16","8.146,68","8.230,13","8.153,88","134,56M","0,78%"
"09.01.2019","8.146,68","8.057,04","8.146,68","8.058,03","141,93M","1,11%"
"08.01.2019","8.057,04","8.047,58","8.071,97","8.007,34","139,84M","0,12%"
"07.01.2019","8.047,58","7.932,24","8.050,72","7.936,02","130,10M","1,45%"
"06.01.2019","7.932,24","7.830,47","7.933,90","7.894,05","98,08M","1,30%"
"03.01.2019","7.830,47","7.790,86","7.834,53","7.774,88","72,17M","0,51%"
"02.01.2019","7.790,86","7.798,39","7.795,83","7.765,84","66,31M","-0,10%"
"01.01.2019","7.798,39","7.826,73","7.832,24","7.795,02","62,44M","-0,36%"
"31.12.2018","7.826,73","7.809,77","7.837,92","7.806,62","75,26M","0,22%"
"30.12.2018","7.809,77","7.749,32","7.814,87","7.763,32","64,42M","0,78%"
"27.12.2018","7.749,32","7.710,93","7.813,85","7.749,32","97,41M","0,50%"
"26.12.2018","7.710,93","7.717,75","7.740,49","7.698,44","88,17M","-0,09%"
"25.12.2018","7.717,75","7.764,51","7.724,88","7.677,30","114,09M","-0,60%"
"24.12.2018","7.764,51","7.730,58","7.773,83","7.722,35","110,40M","0,44%"
"23.12.2018","7.730,58","7.753,36","7.732,94","7.589,23","115,70M","-0,29%"
"20.12.2018","7.753,36","7.860,35","7.851,81","7.724,21","133,32M","-1,36%"
"19.12.2018","7.860,35","7.943,39","7.925,45","7.854,50","112,42M","-1,05%"
"18.12.2018","7.943,39","7.968,26","7.975,24","7.934,30","127,23M","-0,31%"
"17.12.2018","7.968,26","7.908,07","7.972,17","7.914,05","136,39M","0,76%"
"16.12.2018","7.908,07","7.914,29","7.920,10","7.872,46","135,27M","-0,08%"
"13.12.2018","7.914,29","7.890,09","7.926,79","7.888,92","105,40M","0,31%"
"12.12.2018","7.890,09","7.838,94","7.890,09","7.840,93","126,48M","0,65%"
"11.12.2018","7.838,94","7.819,67","7.838,94","7.793,00","99,34M","0,25%"
"10.12.2018","7.819,67","7.839,27","7.851,93","7.804,62","98,16M","-0,25%"
"09.12.2018","7.839,27","7.848,98","7.875,41","7.828,39","95,88M","-0,12%"
"06.12.2018","7.848,98","7.883,63","7.872,72","7.828,25","144,84M","-0,44%"
"05.12.2018","7.883,63","7.905,12","7.892,24","7.823,25","118,03M","-0,27%"
"04.12.2018","7.905,12","7.916,79","7.921,51","7.886,23","165,96M","-0,15%"
"03.12.2018","7.916,79","7.845,02","7.931,56","7.867,76","159,25M","0,91%"
"02.12.2018","7.845,02","7.702,99","7.853,69","7.715,79","130,47M","1,84%"
"29.11.2018","7.702,99","7.632,50","7.702,99","7.628,48","155,58M","0,92%"
"28.11.2018","7.632,50","7.573,48","7.640,43","7.575,39","151,37M","0,78%"
"27.11.2018","7.573,48","7.528,90","7.578,63","7.536,49","104,96M","0,59%"
"26.11.2018","7.528,90","7.512,57","7.548,78","7.517,61","96,13M","0,22%"
"25.11.2018","7.512,57","7.607,32","7.579,71","7.501,52","101,84M","-1,25%"
"22.11.2018","7.607,32","7.514,36","7.608,01","7.522,02","124,51M","1,24%"
"21.11.2018","7.514,36","7.504,94","7.514,76","7.464,04","119,59M","0,13%"
"20.11.2018","7.504,94","7.560,13","7.567,39","7.504,94","106,01M","-0,73%"
"19.11.2018","7.560,13","7.496,91","7.570,41","7.473,27","120,75M","0,84%"
"18.11.2018","7.496,91","7.662,17","7.664,41","7.494,94","142,75M","-2,16%"
"15.11.2018","7.662,17","7.659,88","7.684,90","7.628,69","128,50M","0,03%"
"14.11.2018","7.659,88","7.750,95","7.701,45","7.642,66","151,80M","-1,17%"
"13.11.2018","7.750,95","7.774,99","7.786,09","7.731,79","141,69M","-0,31%"
"12.11.2018","7.774,99","7.711,11","7.774,99","7.714,41","125,54M","0,83%"
"11.11.2018","7.711,11","7.743,39","7.735,80","7.657,06","123,69M","-0,42%"
"08.11.2018","7.743,39","7.792,56","7.802,16","7.743,39","123,11M","-0,63%"
"07.11.2018","7.792,56","7.812,34","7.818,65","7.780,77","133,11M","-0,25%"
"06.11.2018","7.812,34","7.802,27","7.836,24","7.798,57","127,05M","0,13%"
"05.11.2018","7.802,27","7.846,93","7.853,48","7.784,75","138,68M","-0,57%"
"04.11.2018","7.846,93","7.879,37","7.887,26","7.839,46","117,11M","-0,41%"
"01.11.2018","7.879,37","7.907,01","7.924,48","7.868,05","166,16M","-0,35%"
"31.10.2018","7.907,01","7.832,98","7.917,99","7.836,74","182,29M","0,95%"
"30.10.2018","7.832,98","7.847,51","7.861,89","7.813,39","148,33M","-0,19%"
"29.10.2018","7.847,51","7.802,65","7.904,97","7.818,25","187,57M","0,57%"
"28.10.2018","7.802,65","7.835,55","7.837,75","7.767,75","129,59M","-0,42%"
"25.10.2018","7.835,55","7.512,52","7.854,25","7.574,03","319,60M","4,30%"
"24.10.2018","7.512,52","7.549,77","7.613,94","7.503,36","127,66M","-0,49%"
"23.10.2018","7.549,77","7.648,64","7.701,11","7.514,84","198,10M","-1,29%"
"22.10.2018","7.648,64","7.660,21","7.648,64","7.403,79","211,14M","-0,15%"
"21.10.2018","7.660,21","7.648,15","7.660,21","7.355,47","188,75M","0,16%"
"18.10.2018","7.648,15","7.657,87","7.673,99","7.620,35","114,55M","-0,13%"
"17.10.2018","7.657,87","7.666,80","7.702,99","7.628,58","156,65M","-0,12%"
"16.10.2018","7.666,80","7.567,57","7.666,80","7.262,65","286,06M","1,31%"
"15.10.2018","7.567,57","7.266,59","7.567,57","7.305,90","225,84M","4,14%"
"14.10.2018","7.266,59","7.530,80","7.471,84","7.001,94","251,11M","-3,51%"
"11.10.2018","7.530,80","7.834,79","7.834,48","7.511,23","171,59M","-3,88%"
"10.10.2018","7.834,79","7.904,74","7.907,87","7.824,89","103,23M","-0,88%"
"09.10.2018","7.904,74","7.939,17","7.948,31","7.896,34","117,70M","-0,43%"
"08.10.2018","7.939,17","7.893,62","7.943,98","7.862,21","117,92M","0,58%"
"07.10.2018","7.893,62","7.997,61","8.005,31","7.869,40","129,96M","-1,30%"
"04.10.2018","7.997,61","8.008,55","8.028,36","7.982,06","104,15M","-0,14%"
"03.10.2018","8.008,55","7.981,19","8.010,47","7.940,43","126,53M","0,34%"
"02.10.2018","7.981,19","8.038,07","8.062,28","7.967,17","133,85M","-0,71%"
"01.10.2018","8.038,07","7.999,54","8.038,59","7.987,74","124,58M","0,48%"
"30.09.2018","7.999,54","7.898,68","8.007,33","7.915,11","118,76M","1,28%"
"27.09.2018","7.898,68","7.893,55","7.930,45","7.882,68","169,08M","0,06%"
"26.09.2018","7.893,55","7.905,27","7.940,64","7.867,90","114,23M","-0,15%"
"25.09.2018","7.905,27","7.768,31","7.908,42","7.782,09","121,41M","1,76%"
"20.09.2018","7.768,31","7.729,65","7.769,33","7.706,61","103,02M","0,50%"
"19.09.2018","7.729,65","7.643,40","7.732,26","7.637,05","118,25M","1,13%"
"18.09.2018","7.643,40","7.609,65","7.667,80","7.581,52","124,37M","0,44%"
"17.09.2018","7.609,65","7.469,81","7.609,68","7.407,27","142,02M","1,87%"
"16.09.2018","7.469,81","7.590,65","7.601,92","7.451,46","116,83M","-1,59%"
"13.09.2018","7.590,65","7.635,38","7.631,27","7.535,43","92,33M","-0,59%"
"12.09.2018","7.635,38","7.693,07","7.726,68","7.600,05","104,24M","-0,75%"
"11.09.2018","7.693,07","7.706,34","7.719,14","7.675,14","79,71M","-0,17%"
"10.09.2018","7.706,34","7.729,07","7.775,54","7.684,18","104,48M","-0,29%"
"09.09.2018","7.729,07","7.687,76","7.737,19","7.616,32","94,70M","0,54%"
"06.09.2018","7.687,76","7.719,10","7.754,94","7.552,47","159,04M","-0,41%"
"05.09.2018","7.719,10","7.968,24","7.976,52","7.601,82","176,14M","-3,13%"
"04.09.2018","7.968,24","7.942,43","8.002,38","7.934,99","109,59M","0,32%"
"03.09.2018","7.942,43","7.915,07","7.955,28","7.914,40","90,25M","0,35%"
"02.09.2018","7.915,07","7.948,25","7.943,70","7.876,70","91,69M","-0,42%"
"30.08.2018","7.948,25","8.018,54","8.015,21","7.921,99","87,81M","-0,88%"
"29.08.2018","8.018,54","8.036,56","8.037,05","7.970,59","94,15M","-0,22%"
"28.08.2018","8.036,56","8.000,13","8.036,56","8.002,76","90,18M","0,46%"
"27.08.2018","8.000,13","7.978,83","8.045,16","7.967,83","76,84M","0,27%"
"26.08.2018","7.978,83","7.903,85","7.988,10","7.903,53","74,68M","1,42%"
"16.08.2018","7.867,16","7.865,68","7.867,16","7.826,34","92,39M","0,02%"
"15.08.2018","7.865,68","7.893,18","7.912,94","7.834,48","90,88M","-0,35%"
"14.08.2018","7.893,18","7.872,79","7.962,93","7.862,88","126,79M","0,26%"
"13.08.2018","7.872,79","8.064,92","8.062,67","7.839,58","141,74M","-2,38%"
"12.08.2018","8.064,92","8.176,18","8.141,40","8.056,79","133,75M","-1,36%"
"09.08.2018","8.176,18","8.210,29","8.205,10","8.165,90","171,67M","-0,42%"
"08.08.2018","8.210,29","8.242,82","8.258,34","8.205,46","155,66M","-0,39%"
"07.08.2018","8.242,82","8.230,13","8.242,82","8.208,82","155,78M","0,15%"
"06.08.2018","8.230,13","8.242,71","8.250,48","8.221,16","145,75M","-0,15%"
"05.08.2018","8.242,71","8.253,54","8.262,86","8.230,90","131,09M","-0,13%"
"02.08.2018","8.253,54","8.288,98","8.288,55","8.232,36","126,61M","-0,43%"
"01.08.2018","8.288,98","8.294,83","8.313,57","8.284,98","125,16M","-0,07%"
"31.07.2018","8.294,83","8.309,37","8.332,61","8.293,73","132,04M","-0,17%"
"30.07.2018","8.309,37","8.307,42","8.334,31","8.284,69","158,52M","0,02%"
"29.07.2018","8.307,42","8.367,70","8.372,34","8.286,42","144,09M","-0,72%"
"26.07.2018","8.367,70","8.399,83","8.404,95","8.346,79","120,84M","-0,38%"
"25.07.2018","8.399,83","8.405,82","8.420,32","8.389,01","105,28M","-0,07%"
"24.07.2018","8.405,82","8.448,48","8.455,75","8.402,60","125,76M","-0,50%"
"23.07.2018","8.448,48","8.466,62","8.502,92","8.444,74","160,80M","-0,21%"
"22.07.2018","8.466,62","8.449,97","8.487,13","8.450,05","104,96M","0,20%"
"19.07.2018","8.449,97","8.452,30","8.457,31","8.426,93","111,74M","-0,03%"
"18.07.2018","8.452,30","8.462,59","8.471,14","8.435,55","107,31M","-0,12%"
"17.07.2018","8.462,59","8.490,75","8.483,22","8.437,67","106,02M","-0,33%"
"16.07.2018","8.490,75","8.405,09","8.490,75","8.400,21","124,48M","1,02%"
"15.07.2018","8.405,09","8.362,41","8.408,91","8.357,58","109,23M","0,51%"
"12.07.2018","8.362,41","8.388,66","8.372,11","8.324,36","106,46M","-0,31%"
"11.07.2018","8.388,66","8.417,91","8.426,15","8.367,86","115,57M","-0,35%"
"10.07.2018","8.417,91","8.326,59","8.425,51","8.324,09","141,12M","1,10%"
"09.07.2018","8.326,59","8.222,53","8.329,63","8.218,82","124,01M","1,27%"
"08.07.2018","8.222,53","8.177,61","8.222,53","8.167,37","105,52M","0,55%"
"05.07.2018","8.177,61","8.247,39","8.249,76","8.174,96","133,40M","-0,85%"
"04.07.2018","8.247,39","8.235,56","8.252,27","8.200,99","107,90M","0,14%"
"03.07.2018","8.235,56","8.274,98","8.286,39","8.220,88","121,27M","-0,48%"
"02.07.2018","8.274,98","8.339,86","8.345,18","8.266,61","162,45M","-0,78%"
"01.07.2018","8.339,86","8.314,19","8.355,91","8.322,18","152,35M","0,31%"
"28.06.2018","8.314,19","8.317,27","8.339,09","8.286,12","154,45M","-0,04%"
"27.06.2018","8.317,27","8.298,89","8.318,70","8.293,74","118,64M","0,22%"
"26.06.2018","8.298,89","8.342,35","8.330,98","8.279,45","124,68M","-0,52%"
"25.06.2018","8.342,35","8.350,96","8.360,44","8.317,27","145,68M","-0,10%"
"24.06.2018","8.350,96","8.206,40","8.362,77","8.224,22","115,69M","1,76%"
"21.06.2018","8.206,40","8.166,30","8.229,93","8.154,36","76,08M","0,49%"
"20.06.2018","8.166,30","8.270,46","8.283,50","8.157,50","80,32M","-1,26%"
"12.06.2018","8.270,46","8.243,97","8.278,48","8.219,27","100,34M","0,32%"
"11.06.2018","8.243,97","8.278,51","8.295,09","8.216,28","111,81M","-0,42%"
"10.06.2018","8.278,51","8.344,39","8.354,87","8.249,19","117,20M","-0,79%"
"07.06.2018","8.344,39","8.383,23","8.396,09","8.297,06","138,53M","-0,46%"
"06.06.2018","8.383,23","8.406,90","8.461,00","8.343,64","155,63M","-0,28%"
"05.06.2018","8.406,90","8.335,39","8.406,90","8.328,69","138,22M","0,86%"
"04.06.2018","8.335,39","8.329,55","8.433,80","8.309,85","175,46M","0,07%"
"03.06.2018","8.329,55","8.161,08","8.329,55","8.161,08","181,64M","2,06%"
"31.05.2018","8.161,08","8.009,55","8.176,51","8.015,67","196,58M","1,89%"
"30.05.2018","8.009,55","7.999,59","8.043,62","7.976,65","134,86M","0,12%"
"29.05.2018","7.999,59","7.962,77","8.016,69","7.959,89","138,99M","0,46%"
"28.05.2018","7.962,77","7.972,05","7.977,66","7.948,37","138,07M","-0,12%"
"27.05.2018","7.972,05","8.037,81","8.044,00","7.966,57","101,48M","-0,82%"
"24.05.2018","8.037,81","8.039,05","8.050,55","8.000,63","142,05M","-0,02%"
"23.05.2018","8.039,05","8.044,67","8.071,55","8.018,48","137,47M","-0,07%"
"22.05.2018","8.044,67","7.996,43","8.046,07","7.969,50","129,63M","0,60%"
"21.05.2018","7.996,43","8.018,06","8.022,50","7.982,07","105,73M","-0,27%"
"20.05.2018","8.018,06","8.016,85","8.060,14","8.005,42","117,07M","0,02%"
"17.05.2018","8.016,85","7.958,47","8.025,23","7.942,26","126,45M","0,73%"
"16.05.2018","7.958,47","8.039,29","8.048,11","7.953,52","173,51M","-1,01%"
"15.05.2018","8.039,29","8.070,69","8.096,97","8.027,40","184,18M","-0,39%"
"14.05.2018","8.070,69","8.023,01","8.079,91","8.019,49","237,39M","0,59%"
"13.05.2018","8.023,01","7.914,27","8.025,07","7.914,27","182,35M","1,37%"
"10.05.2018","7.914,27","7.878,29","7.931,39","7.811,12","187,04M","0,46%"
"09.05.2018","7.878,29","8.012,59","8.034,19","7.858,70","187,43M","-1,68%"
"08.05.2018","8.012,59","8.117,42","8.117,57","7.983,37","191,45M","-1,29%"
"07.05.2018","8.117,42","8.113,87","8.122,85","8.083,99","158,92M","0,04%"
"06.05.2018","8.113,87","8.107,47","8.171,02","8.107,47","161,89M","0,08%"
"03.05.2018","8.107,47","8.098,75","8.113,56","8.065,40","178,69M","0,11%"
"02.05.2018","8.098,75","8.158,06","8.172,33","8.097,52","199,39M","-0,73%"
"01.05.2018","8.158,06","8.208,87","8.208,87","8.110,71","197,54M","-0,62%"
"30.04.2018","8.208,87","8.224,94","8.237,48","8.188,12","212,70M","-0,20%"
"29.04.2018","8.224,94","8.248,47","8.279,55","8.222,45","206,88M","-0,29%"
"26.04.2018","8.248,47","8.233,05","8.253,86","8.165,49","205,25M","0,19%"
"25.04.2018","8.233,05","8.315,42","8.315,42","8.231,18","213,19M","-0,99%"
"24.04.2018","8.315,42","8.335,35","8.345,19","8.253,57","295,16M","-0,24%"
"23.04.2018","8.335,35","8.256,60","8.339,33","8.255,99","255,83M","0,95%"
"22.04.2018","8.256,60","8.277,14","8.295,63","8.238,14","208,54M","-0,25%"
"19.04.2018","8.277,14","8.146,13","8.278,04","8.138,41","250,26M","1,61%"
"18.04.2018","8.146,13","8.096,40","8.147,57","8.083,99","242,73M","0,61%"
"17.04.2018","8.096,40","8.050,30","8.104,21","8.039,43","240,34M","0,57%"
"16.04.2018","8.050,30","7.972,51","8.053,48","7.968,18","212,26M","0,98%"
"15.04.2018","7.972,51","7.824,12","7.975,48","7.824,43","189,25M","1,90%"
"12.04.2018","7.824,12","7.802,74","7.858,65","7.789,57","189,27M","0,27%"
"11.04.2018","7.802,74","7.951,42","7.980,47","7.771,15","271,75M","-1,87%"
"10.04.2018","7.951,42","7.975,45","7.990,34","7.942,54","161,69M","-0,30%"
"09.04.2018","7.975,45","7.968,44","8.023,22","7.961,94","215,74M","0,09%"
"08.04.2018","7.968,44","7.953,36","7.985,70","7.945,12","205,67M","0,19%"
"05.04.2018","7.953,36","7.871,67","7.960,37","7.870,78","229,79M","1,04%"
"04.04.2018","7.871,67","7.799,77","7.876,92","7.799,77","249,54M","0,92%"
"03.04.2018","7.799,77","7.783,48","7.799,79","7.747,47","224,09M","0,21%"
"02.04.2018","7.783,48","7.800,88","7.803,29","7.751,52","191,84M","-0,22%"
"01.04.2018","7.800,88","7.870,87","7.888,75","7.798,81","167,72M","-0,89%"
"29.03.2018","7.870,87","7.900,28","7.985,75","7.821,76","191,58M","-0,37%"
"28.03.2018","7.900,28","7.942,54","7.950,70","7.866,79","175,74M","-0,53%"
"27.03.2018","7.942,54","7.857,46","7.946,98","7.852,45","181,17M","1,08%"
"26.03.2018","7.857,46","7.842,63","7.867,48","7.799,31","173,59M","0,19%"
"25.03.2018","7.842,63","7.840,94","7.870,79","7.828,84","187,37M","0,02%"
"22.03.2018","7.840,94","7.761,74","7.847,63","7.757,78","213,22M","1,02%"
"21.03.2018","7.761,74","7.724,79","7.769,87","7.724,36","186,44M","0,48%"
"20.03.2018","7.724,79","7.710,57","7.746,21","7.677,95","164,62M","0,18%"
"19.03.2018","7.710,57","7.728,06","7.732,00","7.699,88","176,24M","-0,23%"
"18.03.2018","7.728,06","7.744,68","7.776,69","7.714,17","162,69M","-0,21%"
"15.03.2018","7.744,68","7.775,42","7.775,42","7.711,99","177,14M","-0,40%"
"14.03.2018","7.775,42","7.778,05","7.789,33","7.761,59","159,67M","-0,03%"
"13.03.2018","7.778,05","7.780,83","7.839,28","7.752,76","179,55M","-0,04%"
"12.03.2018","7.780,83","7.696,07","7.827,24","7.695,78","263,83M","1,10%"
"11.03.2018","7.696,07","7.562,11","7.699,56","7.562,74","184,21M","1,77%"
"08.03.2018","7.562,11","7.453,17","7.565,86","7.452,51","129,97M","1,46%"
"07.03.2018","7.453,17","7.437,61","7.461,97","7.434,58","106,44M","0,21%"
"06.03.2018","7.437,61","7.366,83","7.447,09","7.365,24","133,08M","0,96%"
"05.03.2018","7.366,83","7.368,85","7.391,58","7.336,41","122,66M","-0,03%"
"04.03.2018","7.368,85","7.411,16","7.421,06","7.363,45","132,23M","-0,57%"
"01.03.2018","7.411,16","7.418,80","7.421,24","7.389,23","168,77M","-0,10%"
"28.02.2018","7.418,80","7.465,47","7.465,47","7.401,67","137,03M","-0,63%"
"27.02.2018","7.465,47","7.471,90","7.491,89","7.461,01","114,45M","-0,09%"
"26.02.2018","7.471,90","7.493,63","7.496,87","7.466,84","110,57M","-0,29%"
"25.02.2018","7.493,63","7.525,22","7.553,69","7.487,83","154,22M","-0,42%"
"22.02.2018","7.525,22","7.505,62","7.528,13","7.459,39","144,34M","0,26%"
"21.02.2018","7.505,62","7.506,09","7.529,54","7.496,41","112,28M","-0,01%"
"20.02.2018","7.506,09","7.528,24","7.549,96","7.500,23","120,20M","-0,29%"
"19.02.2018","7.528,24","7.508,44","7.529,74","7.496,01","147,65M","0,26%"
"18.02.2018","7.508,44","7.510,47","7.554,96","7.498,42","163,27M","-0,03%"
"15.02.2018","7.510,47","7.419,71","7.518,13","7.419,62","153,62M","1,22%"
"14.02.2018","7.419,71","7.412,56","7.435,84","7.404,18","116,20M","0,10%"
"13.02.2018","7.412,56","7.425,57","7.452,10","7.395,59","151,00M","-0,18%"
"12.02.2018","7.425,57","7.327,15","7.433,12","7.327,52","147,08M","1,34%"
"11.02.2018","7.327,15","7.403,15","7.414,91","7.310,84","146,34M","-1,03%"
"08.02.2018","7.403,15","7.417,17","7.435,33","7.385,13","168,59M","-0,19%"
"07.02.2018","7.417,17","7.466,33","7.539,77","7.416,88","175,02M","-0,66%"
"06.02.2018","7.466,33","7.587,39","7.587,39","7.429,49","221,46M","-1,60%"
"05.02.2018","7.587,39","7.608,33","7.613,32","7.558,75","228,68M","-0,28%"
"04.02.2018","7.608,33","7.656,07","7.656,07","7.592,42","174,13M","-0,62%"
"01.02.2018","7.656,07","7.650,12","7.671,48","7.625,48","184,10M","0,08%"
"31.01.2018","7.650,12","7.631,17","7.702,25","7.615,41","230,43M","0,25%"
"30.01.2018","7.631,17","7.568,36","7.631,18","7.561,19","215,79M","0,83%"
"29.01.2018","7.568,36","7.538,38","7.579,76","7.539,32","273,71M","0,40%"
"28.01.2018","7.538,38","7.521,64","7.545,57","7.502,10","181,90M","0,22%"
"25.01.2018","7.521,64","7.479,09","7.525,26","7.474,99","159,72M","0,57%"
"24.01.2018","7.479,09","7.493,90","7.500,85","7.471,11","175,32M","-0,20%"
"23.01.2018","7.493,90","7.480,89","7.516,81","7.473,36","181,56M","0,17%"
"22.01.2018","7.480,89","7.513,30","7.526,22","7.480,30","158,08M","-0,43%"
"21.01.2018","7.513,30","7.539,02","7.540,97","7.503,86","164,63M","-0,34%"
"18.01.2018","7.539,02","7.539,74","7.560,70","7.512,07","204,91M","-0,01%"
"17.01.2018","7.539,74","7.531,56","7.550,30","7.507,70","159,92M","0,11%"
"16.01.2018","7.531,56","7.483,23","7.546,22","7.482,81","182,82M","0,65%"
"15.01.2018","7.483,23","7.439,64","7.487,96","7.438,90","188,83M","0,59%"
"14.01.2018","7.439,64","7.338,04","7.442,03","7.340,55","203,22M","1,38%"
"11.01.2018","7.338,04","7.300,37","7.338,53","7.297,12","166,74M","0,52%"
"10.01.2018","7.300,37","7.290,96","7.303,54","7.282,81","158,78M","0,13%"
"09.01.2018","7.290,96","7.310,26","7.318,24","7.277,41","167,96M","-0,26%"
"08.01.2018","7.310,26","7.317,65","7.338,75","7.308,66","156,86M","-0,10%"
"07.01.2018","7.317,65","7.277,06","7.330,84","7.275,90","178,79M","0,56%"
"04.01.2018","7.277,06","7.224,29","7.283,37","7.225,23","228,50M","0,73%"
"03.01.2018","7.224,29","7.171,74","7.224,50","7.148,79","244,55M","0,73%"
"02.01.2018","7.171,74","7.194,15","7.212,95","7.167,64","255,20M","-0,31%"
"01.01.2018","7.194,15","7.226,32","7.228,66","7.154,53","187,99M","-0,45%"
"31.12.2017","7.226,32","7.230,61","7.271,89","7.215,03","264,21M","-0,06%"
"28.12.2017","7.230,61","7.201,21","7.236,47","7.197,97","242,90M","0,41%"
"27.12.2017","7.201,21","7.177,55","7.219,86","7.176,33","238,23M","0,33%"
"26.12.2017","7.177,55","7.146,37","7.180,84","7.130,33","187,78M","0,44%"
"25.12.2017","7.146,37","7.181,46","7.182,87","7.142,40","166,31M","-0,49%"
"24.12.2017","7.181,46","7.209,71","7.215,96","7.181,12","150,44M","-0,39%"
"21.12.2017","7.209,71","7.212,62","7.233,30","7.197,34","167,96M","-0,04%"
"20.12.2017","7.212,62","7.199,41","7.232,07","7.181,08","180,82M","0,18%"
"19.12.2017","7.199,41","7.191,58","7.219,75","7.162,65","224,73M","0,11%"
"18.12.2017","7.191,58","7.093,21","7.193,13","7.092,67","242,37M","1,39%"
"17.12.2017","7.093,21","7.075,72","7.099,25","7.063,92","206,20M","0,25%"
"14.12.2017","7.075,72","7.094,11","7.116,17","7.064,16","225,62M","-0,26%"
"13.12.2017","7.094,11","7.123,06","7.127,92","7.077,41","250,59M","-0,41%"
"12.12.2017","7.123,06","7.100,46","7.132,56","7.087,89","298,24M","0,32%"
"11.12.2017","7.100,46","7.144,74","7.155,45","7.098,83","305,14M","-0,62%"
"10.12.2017","7.144,74","7.085,51","7.151,46","7.083,65","330,89M","0,84%"
"07.12.2017","7.085,51","7.026,06","7.086,69","7.007,05","342,99M","0,85%"
"06.12.2017","7.026,06","7.067,13","7.067,45","7.023,88","232,66M","-0,58%"
"05.12.2017","7.067,13","7.103,08","7.103,08","7.052,39","214,51M","-0,51%"
"04.12.2017","7.103,08","7.089,33","7.120,45","7.076,77","256,29M","0,19%"
"03.12.2017","7.089,33","7.003,97","7.099,39","7.004,91","237,24M","1,22%"
"30.11.2017","7.003,97","6.972,04","7.004,18","6.961,42","168,96M","0,46%"
"29.11.2017","6.972,04","6.967,35","7.001,53","6.962,69","196,98M","0,07%"
"28.11.2017","6.967,35","6.939,21","6.975,60","6.938,99","175,24M","0,41%"
"27.11.2017","6.939,21","6.933,77","6.981,94","6.925,98","210,17M","0,08%"
"26.11.2017","6.933,77","6.878,21","6.945,43","6.877,19","141,66M","0,81%"
"23.11.2017","6.878,21","6.822,45","6.882,48","6.819,78","155,72M","0,82%"
"22.11.2017","6.822,45","6.778,32","6.825,86","6.778,32","132,05M","0,65%"
"21.11.2017","6.778,32","6.804,23","6.811,85","6.752,65","130,83M","-0,38%"
"20.11.2017","6.804,23","6.872,16","6.881,65","6.804,23","126,63M","-0,99%"
"19.11.2017","6.872,16","6.913,46","6.913,55","6.859,29","146,53M","-0,60%"
"16.11.2017","6.913,46","6.912,35","6.919,02","6.850,90","203,89M","0,02%"
"15.11.2017","6.912,35","6.979,28","6.981,81","6.901,75","208,42M","-0,96%"
"14.11.2017","6.979,28","6.961,52","6.983,13","6.942,25","192,14M","0,26%"
"13.11.2017","6.961,52","6.933,09","6.961,53","6.877,98","186,26M","0,41%"
"12.11.2017","6.933,09","6.954,38","6.954,56","6.849,39","180,28M","-0,31%"
"09.11.2017","6.954,38","6.936,49","6.960,28","6.882,81","206,73M","0,26%"
"08.11.2017","6.936,49","6.933,46","6.936,60","6.856,50","193,37M","0,04%"
"07.11.2017","6.933,46","6.984,87","6.984,87","6.770,37","287,45M","-0,74%"
"06.11.2017","6.984,87","6.978,73","6.989,40","6.859,34","207,63M","0,09%"
"05.11.2017","6.978,73","6.956,51","6.980,49","6.801,05","232,40M","0,32%"
"02.11.2017","6.956,51","6.948,49","6.959,62","6.933,71","182,90M","0,12%"
"01.11.2017","6.948,49","6.934,37","6.951,72","6.927,88","156,53M","0,20%"
"31.10.2017","6.934,37","6.945,28","6.947,74","6.899,09","178,53M","-0,16%"
"30.10.2017","6.945,28","6.956,47","6.988,64","6.935,87","180,76M","-0,16%"
"29.10.2017","6.956,47","6.910,65","6.956,89","6.900,46","146,37M","0,66%"
"26.10.2017","6.910,65","6.905,82","6.911,90","6.872,40","160,38M","0,07%"
"25.10.2017","6.905,82","6.884,90","6.912,01","6.864,66","118,02M","0,30%"
"24.10.2017","6.884,90","6.886,26","6.904,87","6.819,26","139,47M","-0,02%"
"23.10.2017","6.886,26","6.975,06","6.975,82","6.849,92","138,29M","-1,27%"
"22.10.2017","6.975,06","7.011,26","7.031,10","6.958,84","122,80M","-0,52%"
"19.10.2017","7.011,26","6.941,78","7.013,99","6.947,08","156,24M","1,00%"
"18.10.2017","6.941,78","6.992,30","6.995,79","6.929,30","121,89M","-0,72%"
"17.10.2017","6.992,30","6.976,97","6.992,44","6.955,75","108,33M","0,22%"
"16.10.2017","6.976,97","6.937,94","6.976,97","6.925,49","141,54M","0,56%"
"15.10.2017","6.937,94","6.987,76","7.012,56","6.935,87","100,65M","-0,71%"
"12.10.2017","6.987,76","6.889,98","6.988,30","6.846,94","160,36M","1,42%"
"11.10.2017","6.889,98","7.041,28","7.042,05","6.878,60","147,55M","-2,15%"
"10.10.2017","7.041,28","7.114,01","7.124,38","7.034,90","116,89M","-1,02%"
"09.10.2017","7.114,01","7.194,06","7.196,42","7.100,20","116,21M","-1,11%"
"08.10.2017","7.194,06","7.259,22","7.258,91","7.189,53","110,45M","-0,90%"
"05.10.2017","7.259,22","7.285,75","7.296,24","7.235,95","112,95M","-0,36%"
"04.10.2017","7.285,75","7.244,38","7.288,29","7.242,96","134,36M","0,57%"
"03.10.2017","7.244,38","7.224,10","7.258,05","7.211,73","116,96M","0,28%"
"02.10.2017","7.224,10","7.233,84","7.245,37","7.210,13","120,37M","-0,13%"
"01.10.2017","7.233,84","7.283,01","7.281,45","7.192,79","137,69M","-0,68%"
"28.09.2017","7.283,01","7.233,31","7.284,79","7.224,73","126,33M","0,69%"
"27.09.2017","7.233,31","7.240,10","7.250,90","7.207,29","106,40M","-0,09%"
"26.09.2017","7.240,10","7.224,13","7.272,53","7.224,13","94,88M","0,22%"
"25.09.2017","7.224,13","7.326,32","7.329,01","7.218,20","95,66M","-1,39%"
"21.09.2017","7.326,32","7.319,84","7.346,51","7.319,77","87,61M","0,09%"
"20.09.2017","7.319,84","7.351,15","7.352,62","7.289,28","296,30M","-0,43%"
"19.09.2017","7.351,15","7.393,39","7.411,96","7.343,15","127,37M","-0,57%"
"18.09.2017","7.393,39","7.403,02","7.427,28","7.391,83","142,95M","-0,13%"
"17.09.2017","7.403,02","7.373,17","7.405,54","7.373,17","131,29M","0,40%"
"14.09.2017","7.373,17","7.379,62","7.389,27","7.353,15","102,23M","-0,09%"
"13.09.2017","7.379,62","7.399,98","7.403,78","7.359,90","103,91M","-0,28%"
"12.09.2017","7.399,98","7.411,30","7.428,86","7.386,51","115,31M","-0,15%"
"11.09.2017","7.411,30","7.377,95","7.418,20","7.377,69","128,67M","0,45%"
"10.09.2017","7.377,95","7.360,61","7.383,86","7.345,55","114,81M","0,24%"
"07.09.2017","7.360,61","7.306,12","7.362,66","7.284,93","93,94M","0,75%"
"06.09.2017","7.306,12","7.258,64","7.307,23","7.258,64","65,17M","0,65%"
"29.08.2017","7.258,64","7.261,84","7.274,43","7.241,37","97,60M","-0,04%"
"28.08.2017","7.261,84","7.225,18","7.265,05","7.220,62","95,38M","0,51%"
"27.08.2017","7.225,18","7.245,66","7.259,18","7.223,39","72,83M","-0,28%"
"24.08.2017","7.245,66","7.263,75","7.273,09","7.239,48","96,99M","-0,25%"
"23.08.2017","7.263,75","7.253,52","7.289,22","7.252,85","129,76M","0,14%"
"22.08.2017","7.253,52","7.225,38","7.262,67","7.219,85","107,02M","0,39%"
"21.08.2017","7.225,38","7.209,24","7.246,29","7.204,31","119,23M","0,22%"
"20.08.2017","7.209,24","7.179,34","7.234,73","7.174,90","121,84M","0,42%"
"17.08.2017","7.179,34","7.128,35","7.180,44","7.125,53","139,84M","0,72%"
"16.08.2017","7.128,35","7.103,24","7.128,65","7.091,63","121,03M","0,35%"
"15.08.2017","7.103,24","7.125,47","7.134,11","7.099,68","157,64M","-0,31%"
"14.08.2017","7.125,47","7.148,21","7.148,21","7.121,62","128,92M","-0,32%"
"13.08.2017","7.148,21","7.164,64","7.171,23","7.142,17","141,78M","-0,23%"
"10.08.2017","7.164,64","7.153,17","7.175,42","7.149,53","148,85M","0,16%"
"09.08.2017","7.153,17","7.145,54","7.180,88","7.144,07","141,86M","0,11%"
"08.08.2017","7.145,54","7.113,37","7.152,02","7.108,10","134,89M","0,45%"
"07.08.2017","7.113,37","7.094,28","7.124,53","7.075,12","126,88M","0,27%"
"06.08.2017","7.094,28","7.085,56","7.114,61","7.079,49","95,22M","0,12%"
"03.08.2017","7.085,56","7.080,87","7.094,35","7.069,25","113,28M","0,07%"
"02.08.2017","7.080,87","7.109,27","7.110,68","7.058,71","102,90M","-0,40%"
"01.08.2017","7.109,27","7.094,17","7.132,13","7.094,17","111,68M","0,21%"
"31.07.2017","7.094,17","7.115,84","7.116,15","7.076,75","97,63M","-0,30%"
"30.07.2017","7.115,84","7.175,17","7.175,17","7.112,04","91,50M","-0,83%"
"27.07.2017","7.175,17","7.200,43","7.210,14","7.142,23","91,83M","-0,35%"
"26.07.2017","7.200,43","7.227,96","7.232,87","7.193,89","81,51M","-0,38%"
"25.07.2017","7.227,96","7.252,51","7.253,56","7.218,61","88,58M","-0,34%"
"24.07.2017","7.252,51","7.263,60","7.264,61","7.234,59","96,87M","-0,15%"
"23.07.2017","7.263,60","7.261,13","7.284,74","7.246,54","91,32M","0,03%"
"20.07.2017","7.261,13","7.229,56","7.272,20","7.226,57","103,51M","0,44%"
"19.07.2017","7.229,56","7.254,69","7.261,66","7.207,77","125,58M","-0,35%"
"18.07.2017","7.254,69","7.288,89","7.302,56","7.253,91","126,16M","-0,47%"
"17.07.2017","7.288,89","7.348,76","7.348,76","7.283,50","106,53M","-0,81%"
"16.07.2017","7.348,76","7.313,42","7.364,15","7.313,42","116,93M","0,48%"
"13.07.2017","7.313,42","7.306,58","7.365,79","7.306,73","149,13M","0,09%"
"12.07.2017","7.306,58","7.245,39","7.313,66","7.245,39","147,08M","0,84%"
"11.07.2017","7.245,39","7.236,94","7.264,82","7.234,15","165,10M","0,12%"
"10.07.2017","7.236,94","7.166,77","7.266,38","7.167,71","195,43M","0,98%"
"09.07.2017","7.166,77","7.203,99","7.216,91","7.161,20","100,62M","-0,52%"
"06.07.2017","7.203,99","7.266,43","7.286,76","7.199,56","110,66M","-0,86%"
"05.07.2017","7.266,43","7.299,74","7.318,57","7.232,78","115,05M","-0,46%"
"04.07.2017","7.299,74","7.493,45","7.491,89","7.295,51","113,25M","-2,59%"
"03.07.2017","7.493,45","7.486,31","7.493,99","7.355,45","146,86M","0,10%"
"02.07.2017","7.486,31","7.425,72","7.586,22","7.345,61","148,44M","0,82%"
"22.06.2017","7.425,72","7.334,87","7.496,74","7.277,06","272,75M","1,24%"
"21.06.2017","7.334,87","6.952,67","7.336,53","6.952,98","369,80M","5,50%"
"20.06.2017","6.952,67","7.046,53","7.087,07","6.931,60","108,62M","-1,33%"
"19.06.2017","7.046,53","6.881,39","7.077,99","6.877,62","123,39M","2,40%"
"18.06.2017","6.881,39","6.820,81","6.883,50","6.814,88","90,76M","0,89%"
"15.06.2017","6.820,81","6.853,54","6.855,93","6.820,80","88,26M","-0,48%"
"14.06.2017","6.853,54","6.820,60","6.865,12","6.819,52","76,20M","0,48%"
"13.06.2017","6.820,60","6.822,43","6.827,39","6.810,52","79,70M","-0,03%"
"12.06.2017","6.822,43","6.809,19","6.840,10","6.788,26","94,61M","0,19%"
"11.06.2017","6.809,19","6.865,48","6.880,90","6.807,33","122,52M","-0,82%"
"08.06.2017","6.865,48","6.946,42","6.946,42","6.865,14","136,85M","-1,17%"
"07.06.2017","6.946,42","6.933,28","6.951,07","6.917,51","310,45M","0,19%"
"06.06.2017","6.933,28","6.964,83","6.978,52","6.925,46","220,91M","-0,45%"
"05.06.2017","6.964,83","6.927,59","6.974,51","6.873,45","257,09M","0,54%"
"04.06.2017","6.927,59","6.863,62","6.932,05","6.851,96","115,82M","0,93%"
"01.06.2017","6.863,62","6.871,24","6.884,67","6.863,33","127,20M","-0,11%"
"31.05.2017","6.871,24","6.870,62","6.894,60","6.857,82","89,03M","0,01%"
"30.05.2017","6.870,62","6.821,71","6.880,80","6.820,89","97,72M","0,72%"
"29.05.2017","6.821,71","6.783,39","6.826,15","6.765,71","125,29M","0,56%"
"28.05.2017","6.783,39","6.871,72","6.875,06","6.778,04","77,62M","-1,29%"
"25.05.2017","6.871,72","6.901,43","6.918,45","6.870,70","130,61M","-0,43%"
"24.05.2017","6.901,43","6.936,37","6.949,93","6.891,85","94,57M","-0,50%"
"23.05.2017","6.936,37","6.987,65","6.987,65","6.921,85","143,94M","-0,73%"
"22.05.2017","6.987,65","6.990,53","6.998,13","6.972,61","160,68M","-0,04%"
"21.05.2017","6.990,53","6.938,10","7.009,93","6.937,55","158,83M","0,76%"
"18.05.2017","6.938,10","6.947,36","6.962,98","6.929,38","140,86M","-0,13%"
"17.05.2017","6.947,36","6.940,48","6.951,67","6.927,39","294,17M","0,10%"
"16.05.2017","6.940,48","6.891,99","6.948,30","6.881,53","242,45M","0,70%"