DATES,Ryr
09/07/2026,7.244
08/07/2026,7.101
07/07/2026,7.151
06/07/2026,7.151
03/07/2026,7.116
02/07/2026,7.116
01/07/2026,6.975
30/06/2026,6.939
29/06/2026,6.950
26/06/2026,6.950
25/06/2026,6.956
24/06/2026,7.028
23/06/2026,7.057
22/06/2026,6.978
19/06/2026,6.997
18/06/2026,6.997
17/06/2026,6.928
16/06/2026,6.928
15/06/2026,7.115
12/06/2026,7.486
11/06/2026,7.486
10/06/2026,7.542
09/06/2026,7.525
08/06/2026,7.561
05/06/2026,7.561
04/06/2026,7.534
03/06/2026,7.526
02/06/2026,7.526
01/06/2026,7.517
29/05/2026,7.431
28/05/2026,7.525
27/05/2026,7.554
26/05/2026,7.554
25/05/2026,7.548
22/05/2026,7.715
21/05/2026,7.709
20/05/2026,7.871
19/05/2026,7.871
18/05/2026,7.481
15/05/2026,7.370
14/05/2026,7.325
13/05/2026,7.225
12/05/2026,7.108
11/05/2026,7.225
08/05/2026,7.225
07/05/2026,7.368
06/05/2026,7.153
05/05/2026,7.153
04/05/2026,6.971
01/05/2026,6.900
30/04/2026,6.831
29/04/2026,6.831
28/04/2026,6.810
27/04/2026,6.794
24/04/2026,6.812
23/04/2026,6.675
22/04/2026,6.675
21/04/2026,6.644
20/04/2026,6.617
17/04/2026,6.667
16/04/2026,6.634
15/04/2026,6.615
14/04/2026,6.605
13/04/2026,6.602
10/04/2026,6.545
09/04/2026,6.606
08/04/2026,6.606
07/04/2026,6.705
06/04/2026,6.723
03/04/2026,6.790
02/04/2026,6.790
01/04/2026,6.790
31/03/2026,6.960
30/03/2026,6.929
27/03/2026,6.929
26/03/2026,7.022
25/03/2026,7.113
24/03/2026,6.989
23/03/2026,6.989
20/03/2026,6.822
19/03/2026,6.748
18/03/2026,6.748
17/03/2026,6.728
16/03/2026,6.613
13/03/2026,6.613
12/03/2026,6.602
11/03/2026,6.607
10/03/2026,6.607
09/03/2026,6.311
06/03/2026,6.311
05/03/2026,6.146
04/03/2026,6.043
03/03/2026,6.043
02/03/2026,5.965
27/02/2026,5.925
26/02/2026,5.883
25/02/2026,5.883
24/02/2026,5.916
23/02/2026,5.902
20/02/2026,5.891
19/02/2026,5.879
18/02/2026,5.875
17/02/2026,5.875
16/02/2026,5.898
13/02/2026,5.909
12/02/2026,5.909
11/02/2026,5.934
10/02/2026,5.934
09/02/2026,5.938
06/02/2026,5.935
05/02/2026,5.917
04/02/2026,5.917
03/02/2026,5.906
02/02/2026,5.964
30/01/2026,5.945
29/01/2026,5.967
28/01/2026,5.984
27/01/2026,6.015
26/01/2026,6.024
23/01/2026,6.024
22/01/2026,6.032
21/01/2026,6.060
20/01/2026,6.032
19/01/2026,6.009
16/01/2026,5.990
15/01/2026,5.993
14/01/2026,5.996
13/01/2026,5.977
12/01/2026,5.981
09/01/2026,5.979
08/01/2026,5.967
07/01/2026,5.980
06/01/2026,5.980
05/01/2026,6.012
02/01/2026,6.012
01/01/2026,6.034
31/12/2025,6.034
30/12/2025,6.034
29/12/2025,6.034
26/12/2025,5.957
25/12/2025,5.957
24/12/2025,5.957
23/12/2025,5.951
22/12/2025,5.951
19/12/2025,5.953
18/12/2025,5.956
17/12/2025,5.979
16/12/2025,6.008
15/12/2025,6.013
12/12/2025,5.893
11/12/2025,5.893
10/12/2025,5.895
09/12/2025,5.881
08/12/2025,5.846
05/12/2025,5.846
04/12/2025,5.840
03/12/2025,5.842
02/12/2025,5.896
01/12/2025,5.896
28/11/2025,5.890
27/11/2025,5.853
26/11/2025,5.853
25/11/2025,5.846
24/11/2025,5.842
21/11/2025,5.845
20/11/2025,5.854
19/11/2025,5.854
18/11/2025,5.839
17/11/2025,5.839
14/11/2025,5.799
13/11/2025,5.768
12/11/2025,5.844
11/11/2025,5.844
10/11/2025,5.858
07/11/2025,5.873
06/11/2025,5.908
05/11/2025,5.908
04/11/2025,5.912
03/11/2025,5.930
31/10/2025,5.914
30/10/2025,5.938
29/10/2025,5.938
28/10/2025,5.952
27/10/2025,5.933
24/10/2025,5.916
23/10/2025,5.899
22/10/2025,5.890
21/10/2025,5.907
20/10/2025,5.896
17/10/2025,5.883
16/10/2025,5.866
15/10/2025,5.866
14/10/2025,5.885
13/10/2025,5.884
10/10/2025,5.975
09/10/2025,5.975
08/10/2025,6.036
07/10/2025,6.041
06/10/2025,6.041
03/10/2025,6.026
02/10/2025,5.989
01/10/2025,6.019
30/09/2025,6.019
29/09/2025,6.046
26/09/2025,6.025
25/09/2025,5.997
24/09/2025,5.975
23/09/2025,5.975
22/09/2025,5.970
19/09/2025,5.939
18/09/2025,5.931
17/09/2025,5.952
16/09/2025,5.954
15/09/2025,5.954
12/09/2025,5.975
11/09/2025,5.945
10/09/2025,5.962
09/09/2025,5.960
08/09/2025,5.960
05/09/2025,6.075
04/09/2025,6.038
03/09/2025,6.075
02/09/2025,6.022
01/09/2025,5.986
29/08/2025,5.986
28/08/2025,5.920
27/08/2025,5.995
26/08/2025,5.995
25/08/2025,6.019
22/08/2025,6.019
21/08/2025,6.023
20/08/2025,6.019
19/08/2025,6.019
18/08/2025,6.013
15/08/2025,6.002
14/08/2025,6.002
13/08/2025,6.080
12/08/2025,6.097
11/08/2025,6.065
08/08/2025,6.009
07/08/2025,6.082
06/08/2025,6.082
05/08/2025,6.129
04/08/2025,6.167
01/08/2025,6.184
31/07/2025,6.184
30/07/2025,6.157
29/07/2025,6.210
28/07/2025,6.196
25/07/2025,6.250
24/07/2025,6.219
23/07/2025,6.214
22/07/2025,6.265
21/07/2025,6.265
18/07/2025,6.249
17/07/2025,6.246
16/07/2025,6.227
15/07/2025,6.248
14/07/2025,6.259
11/07/2025,6.225
10/07/2025,6.225
09/07/2025,6.228
08/07/2025,6.275
07/07/2025,6.225
04/07/2025,6.190
03/07/2025,6.204
02/07/2025,6.220
01/07/2025,6.250
30/06/2025,6.280
27/06/2025,6.280
26/06/2025,6.280
25/06/2025,6.330
24/06/2025,6.400
23/06/2025,6.400
20/06/2025,6.370
19/06/2025,6.390
18/06/2025,6.350
17/06/2025,6.340
16/06/2025,6.370
13/06/2025,6.350
12/06/2025,6.375
11/06/2025,6.350
10/06/2025,6.310
09/06/2025,6.310
06/06/2025,6.303
05/06/2025,6.280
04/06/2025,6.290
03/06/2025,6.230
02/06/2025,6.240
30/05/2025,6.230
29/05/2025,6.230
28/05/2025,6.230
27/05/2025,6.200
26/05/2025,6.260
23/05/2025,6.170
22/05/2025,6.140
21/05/2025,6.160
20/05/2025,6.160
19/05/2025,6.150
16/05/2025,6.140
15/05/2025,6.170
14/05/2025,6.200
13/05/2025,6.150
09/05/2025,6.150
08/05/2025,6.200
07/05/2025,6.200
06/05/2025,6.280
05/05/2025,6.220
02/05/2025,6.220
30/04/2025,6.280
29/04/2025,6.330
28/04/2025,6.260
25/04/2025,6.270
24/04/2025,6.250
23/04/2025,6.280
22/04/2025,6.280
21/04/2025,6.280
16/04/2025,6.310
15/04/2025,6.320
14/04/2025,6.250
11/04/2025,6.150
10/04/2025,6.150
08/04/2025,6.110
07/04/2025,6.050
04/04/2025,6.120
03/04/2025,6.120
02/04/2025,6.120
31/03/2025,6.110
28/03/2025,6.170
27/03/2025,6.210
26/03/2025,6.210
25/03/2025,6.220
24/03/2025,6.210
20/03/2025,6.200
19/03/2025,6.190
18/03/2025,6.180
17/03/2025,6.170
14/03/2025,6.160
13/03/2025,6.160
11/03/2025,6.180
10/03/2025,6.160
07/03/2025,6.160
06/03/2025,6.160
05/03/2025,6.100
04/03/2025,6.120
03/03/2025,6.120
28/02/2025,6.060
27/02/2025,6.060
26/02/2025,6.030
25/02/2025,6.030
24/02/2025,6.089
21/02/2025,6.108
20/02/2025,6.145
19/02/2025,6.145
18/02/2025,6.127
17/02/2025,6.114
14/02/2025,6.113
13/02/2025,6.113
12/02/2025,6.078
11/02/2025,6.074
10/02/2025,6.087
07/02/2025,6.087
06/02/2025,6.032
05/02/2025,6.176
04/02/2025,6.201
03/02/2025,6.201
31/01/2025,6.200
30/01/2025,6.184
28/01/2025,6.216
27/01/2025,6.216
24/01/2025,6.288
23/01/2025,6.272
22/01/2025,6.260
21/01/2025,6.350
20/01/2025,6.350
17/01/2025,6.376
16/01/2025,6.378
15/01/2025,6.325
14/01/2025,6.268
13/01/2025,6.174
10/01/2025,6.167
09/01/2025,6.167
08/01/2025,6.117
07/01/2025,6.117
06/01/2025,6.166
03/01/2025,6.185
02/01/2025,6.175
27/12/2024,6.175
26/12/2024,6.099
23/12/2024,6.099
20/12/2024,6.077
19/12/2024,5.947
18/12/2024,5.950
17/12/2024,5.950
16/12/2024,5.915
13/12/2024,5.912
12/12/2024,5.898
11/12/2024,5.917
10/12/2024,5.917
09/12/2024,5.905
06/12/2024,5.929
05/12/2024,5.960
04/12/2024,5.971
03/12/2024,5.986
02/12/2024,6.030
29/11/2024,6.030
28/11/2024,6.051
27/11/2024,6.050
26/11/2024,6.051
25/11/2024,6.051
22/11/2024,6.031
21/11/2024,6.025
20/11/2024,6.106
19/11/2024,6.127
18/11/2024,6.116
15/11/2024,6.077
14/11/2024,5.995
13/11/2024,5.960
12/11/2024,5.940
11/11/2024,5.925
08/11/2024,5.936
07/11/2024,5.956
06/11/2024,5.899
05/11/2024,5.901
04/11/2024,5.904
30/10/2024,5.884
29/10/2024,5.889
28/10/2024,5.889
25/10/2024,5.874
24/10/2024,5.874
23/10/2024,5.910
22/10/2024,5.789
21/10/2024,5.789
18/10/2024,5.766
17/10/2024,5.760
16/10/2024,5.746
15/10/2024,5.758
14/10/2024,5.758
11/10/2024,5.741
10/10/2024,5.779
09/10/2024,5.745
08/10/2024,5.903
07/10/2024,5.903
04/10/2024,5.758
03/10/2024,5.724
02/10/2024,5.679
01/10/2024,5.650
30/09/2024,5.715
27/09/2024,5.690
26/09/2024,5.750
25/09/2024,5.813
24/09/2024,5.735
23/09/2024,5.735
20/09/2024,5.872
19/09/2024,5.872
18/09/2024,5.969
17/09/2024,6.053
16/09/2024,6.053
13/09/2024,6.107
12/09/2024,6.123
11/09/2024,6.134
10/09/2024,6.134
09/09/2024,6.108
06/09/2024,6.090
05/09/2024,6.125
04/09/2024,6.125
03/09/2024,6.103
02/09/2024,6.083
30/08/2024,6.083
29/08/2024,6.074
28/08/2024,6.062
27/08/2024,6.059
22/08/2024,6.059
21/08/2024,6.083
20/08/2024,6.077
19/08/2024,6.037
16/08/2024,6.048
15/08/2024,6.125
14/08/2024,6.155
13/08/2024,6.155
12/08/2024,6.155
09/08/2024,6.163
08/08/2024,6.188
07/08/2024,6.185
06/08/2024,6.121
02/08/2024,6.175
01/08/2024,6.190
31/07/2024,6.198
30/07/2024,6.198
29/07/2024,6.233
26/07/2024,6.262
25/07/2024,6.299
24/07/2024,6.299
23/07/2024,6.277
22/07/2024,6.277
19/07/2024,6.275
18/07/2024,6.256
17/07/2024,6.277
16/07/2024,6.253
15/07/2024,6.253
12/07/2024,6.271
11/07/2024,6.263
10/07/2024,6.323
09/07/2024,6.387
08/07/2024,6.438
05/07/2024,6.508
04/07/2024,6.575
03/07/2024,6.641
02/07/2024,6.618
01/07/2024,6.618
28/06/2024,6.614
27/06/2024,6.676
26/06/2024,6.676
25/06/2024,6.702
24/06/2024,6.718
21/06/2024,6.721
20/06/2024,6.713
19/06/2024,6.710
18/06/2024,6.688
17/06/2024,6.748
14/06/2024,6.687
13/06/2024,6.771
12/06/2024,6.834
11/06/2024,6.737
10/06/2024,6.690
07/06/2024,6.658
06/06/2024,6.695
05/06/2024,6.733
04/06/2024,6.735
03/06/2024,6.735
31/05/2024,6.756
30/05/2024,6.795
29/05/2024,6.799
28/05/2024,6.744
27/05/2024,6.764
24/05/2024,6.708
23/05/2024,6.735
22/05/2024,6.797
21/05/2024,6.600
20/05/2024,6.600
17/05/2024,6.716
16/05/2024,6.845
15/05/2024,6.880
14/05/2024,6.880
13/05/2024,6.872
10/05/2024,6.899
09/05/2024,6.880
08/05/2024,6.880
07/05/2024,6.868
06/05/2024,6.868
03/05/2024,6.971
02/05/2024,6.969
01/05/2024,7.071
30/04/2024,7.001
29/04/2024,6.850
26/04/2024,6.914
25/04/2024,6.850
24/04/2024,6.850
23/04/2024,6.875
22/04/2024,6.875
19/04/2024,6.891
18/04/2024,6.799
17/04/2024,6.843
16/04/2024,6.850
15/04/2024,6.850
12/04/2024,6.750
11/04/2024,6.795
10/04/2024,6.528
09/04/2024,6.528
08/04/2024,6.450
05/04/2024,6.504
04/04/2024,6.336
03/04/2024,6.276
02/04/2024,6.264
01/04/2024,6.264
29/03/2024,6.329
28/03/2024,6.329
27/03/2024,6.279
26/03/2024,6.249
25/03/2024,6.249
22/03/2024,6.226
21/03/2024,6.250
20/03/2024,6.266
19/03/2024,6.274
18/03/2024,6.274
15/03/2024,6.232
14/03/2024,6.225
13/03/2024,6.225
12/03/2024,6.234
11/03/2024,6.301
08/03/2024,6.286
07/03/2024,6.359
06/03/2024,6.335
05/03/2024,6.300
04/03/2024,6.373
01/03/2024,6.270
29/02/2024,6.269
28/02/2024,6.251
27/02/2024,6.251
26/02/2024,6.275
23/02/2024,6.324
22/02/2024,6.398
21/02/2024,6.357
20/02/2024,6.384
19/02/2024,6.460
16/02/2024,6.266
15/02/2024,6.266
14/02/2024,6.294
13/02/2024,6.300
12/02/2024,6.300
09/02/2024,6.278
08/02/2024,6.278
07/02/2024,6.205
06/02/2024,6.257
05/02/2024,6.240
02/02/2024,6.268
01/02/2024,6.191
31/01/2024,6.157
30/01/2024,6.213
29/01/2024,6.213
26/01/2024,6.273
25/01/2024,6.252
24/01/2024,6.252
23/01/2024,6.276
22/01/2024,6.348
19/01/2024,6.221
18/01/2024,6.220
17/01/2024,6.200
16/01/2024,6.169
15/01/2024,6.271
12/01/2024,6.292
11/01/2024,6.274
10/01/2024,6.205
09/01/2024,6.200
08/01/2024,6.172
05/01/2024,6.100
04/01/2024,6.100
03/01/2024,6.184
02/01/2024,6.134
01/01/2024,6.088
29/12/2023,6.023
28/12/2023,5.943
27/12/2023,5.955
26/12/2023,5.987
25/12/2023,5.987
22/12/2023,5.925
21/12/2023,5.907
20/12/2023,5.976
19/12/2023,6.097
18/12/2023,6.116
15/12/2023,6.051
14/12/2023,6.054
13/12/2023,6.263
12/12/2023,6.248
11/12/2023,6.248
08/12/2023,6.254
07/12/2023,6.184
06/12/2023,6.255
05/12/2023,6.255
04/12/2023,6.204
01/12/2023,6.327
30/11/2023,6.240
29/11/2023,6.231
28/11/2023,6.267
27/11/2023,6.339
24/11/2023,6.286
23/11/2023,6.286
22/11/2023,6.380
21/11/2023,6.380
20/11/2023,6.442
17/11/2023,6.482
16/11/2023,6.553
15/11/2023,6.683
14/11/2023,6.715
13/11/2023,6.715
10/11/2023,6.787
09/11/2023,6.715
08/11/2023,6.848
07/11/2023,6.846
06/11/2023,6.886
03/11/2023,6.981
02/11/2023,7.113
01/11/2023,7.113
31/10/2023,7.092
30/10/2023,7.192
27/10/2023,6.974
26/10/2023,6.868
25/10/2023,6.868
24/10/2023,6.879
23/10/2023,6.639
20/10/2023,6.639
19/10/2023,6.647
18/10/2023,6.626
17/10/2023,6.614
16/10/2023,6.625
13/10/2023,6.648
12/10/2023,6.593
11/10/2023,6.660
10/10/2023,6.615
09/10/2023,6.649
06/10/2023,6.591
05/10/2023,6.637
04/10/2023,6.651
03/10/2023,6.620
02/10/2023,6.582
29/09/2023,6.582
28/09/2023,6.584
27/09/2023,6.555
26/09/2023,6.555
25/09/2023,6.510
22/09/2023,6.434
21/09/2023,6.434
20/09/2023,6.418
19/09/2023,6.419
18/09/2023,6.450
15/09/2023,6.438
14/09/2023,6.424
13/09/2023,6.471
12/09/2023,6.453
11/09/2023,6.481
08/09/2023,6.532
07/09/2023,6.532
06/09/2023,6.519
05/09/2023,6.474
04/09/2023,6.388
01/09/2023,6.549
31/08/2023,6.549
30/08/2023,6.501
29/08/2023,6.465
28/08/2023,6.602
25/08/2023,6.556
24/08/2023,6.601
23/08/2023,6.601
22/08/2023,6.503
21/08/2023,6.583
18/08/2023,6.503
17/08/2023,6.510
16/08/2023,6.502
15/08/2023,6.554
14/08/2023,6.554
11/08/2023,6.492
10/08/2023,6.531
09/08/2023,6.531
08/08/2023,6.578
07/08/2023,6.578
04/08/2023,6.581
03/08/2023,6.605
02/08/2023,6.505
01/08/2023,6.495
31/07/2023,6.433
28/07/2023,6.453
27/07/2023,6.441
26/07/2023,6.439
25/07/2023,6.439
24/07/2023,6.356
21/07/2023,6.357
20/07/2023,6.280
19/07/2023,6.361
18/07/2023,6.361
17/07/2023,6.382
14/07/2023,6.323
13/07/2023,6.661
12/07/2023,6.688
11/07/2023,6.688
10/07/2023,6.772
07/07/2023,6.700
06/07/2023,6.757
05/07/2023,6.594
04/07/2023,6.586
03/07/2023,6.535
30/06/2023,6.420
29/06/2023,6.291
28/06/2023,6.364
27/06/2023,6.291
26/06/2023,6.144
23/06/2023,6.299
22/06/2023,6.298
21/06/2023,6.131
20/06/2023,6.131
19/06/2023,6.117
16/06/2023,6.174
15/06/2023,6.076
14/06/2023,5.991
13/06/2023,5.976
12/06/2023,6.011
09/06/2023,5.949
08/06/2023,6.049
07/06/2023,5.942
06/06/2023,5.885
05/06/2023,5.893
02/06/2023,5.863
01/06/2023,5.851
31/05/2023,5.945
30/05/2023,5.945
29/05/2023,5.967
26/05/2023,5.985
25/05/2023,5.980
24/05/2023,5.952
23/05/2023,5.858
22/05/2023,5.833
19/05/2023,5.838
18/05/2023,5.751
17/05/2023,5.744
16/05/2023,5.818
15/05/2023,5.835
12/05/2023,5.820
11/05/2023,5.868
10/05/2023,5.852
09/05/2023,5.797
08/05/2023,5.923
05/05/2023,5.941
04/05/2023,6.031
03/05/2023,6.146
02/05/2023,6.146
01/05/2023,6.210
28/04/2023,6.142
27/04/2023,6.204
26/04/2023,6.151
25/04/2023,6.179
24/04/2023,6.222
21/04/2023,6.298
20/04/2023,6.227
19/04/2023,6.221
18/04/2023,6.240
17/04/2023,6.256
14/04/2023,6.232
13/04/2023,6.251
12/04/2023,6.186
11/04/2023,6.150
10/04/2023,6.219
07/04/2023,6.219
06/04/2023,6.219
05/04/2023,6.150
04/04/2023,6.166
03/04/2023,6.215
31/03/2023,6.245
30/03/2023,6.251
29/03/2023,6.294
28/03/2023,6.292
27/03/2023,6.271
24/03/2023,6.195
23/03/2023,6.254
22/03/2023,6.286
21/03/2023,6.187
20/03/2023,6.167
17/03/2023,6.338
16/03/2023,6.270
15/03/2023,6.218
14/03/2023,6.182
13/03/2023,6.182
10/03/2023,6.372
09/03/2023,6.372
08/03/2023,6.473
07/03/2023,6.404
06/03/2023,6.550
03/03/2023,6.512
02/03/2023,6.411
01/03/2023,6.382
28/02/2023,6.344
27/02/2023,6.318
24/02/2023,6.328
23/02/2023,6.328
22/02/2023,6.308
21/02/2023,6.353
20/02/2023,6.353
17/02/2023,6.416
16/02/2023,6.354
15/02/2023,6.351
14/02/2023,6.325
13/02/2023,6.325
10/02/2023,6.302
09/02/2023,6.333
08/02/2023,6.357
07/02/2023,6.245
06/02/2023,6.104
03/02/2023,6.046
02/02/2023,6.054
01/02/2023,6.082
31/01/2023,6.130
30/01/2023,6.105
27/01/2023,6.057
26/01/2023,5.966
25/01/2023,5.987
24/01/2023,5.987
23/01/2023,6.032
20/01/2023,6.150
19/01/2023,6.173
18/01/2023,6.284
17/01/2023,6.317
16/01/2023,6.361
13/01/2023,6.660
12/01/2023,6.660
11/01/2023,7.088
10/01/2023,7.088
09/01/2023,7.088
06/01/2023,7.131
05/01/2023,7.131
04/01/2023,6.863
03/01/2023,6.863
02/01/2023,6.981
30/12/2022,6.981
29/12/2022,6.913
28/12/2022,6.913
27/12/2022,7.025
26/12/2022,6.968
23/12/2022,6.900
22/12/2022,6.955
21/12/2022,6.942
20/12/2022,6.795
19/12/2022,6.795
16/12/2022,6.795
15/12/2022,6.760
14/12/2022,6.939
13/12/2022,6.939
12/12/2022,6.858
09/12/2022,6.750
08/12/2022,6.878
07/12/2022,6.814
06/12/2022,6.900
05/12/2022,6.875
02/12/2022,6.922
01/12/2022,6.863
30/11/2022,7.031
29/11/2022,6.962
28/11/2022,6.900
25/11/2022,7.000
24/11/2022,7.047
23/11/2022,7.174
22/11/2022,7.244
21/11/2022,7.300
18/11/2022,7.300
17/11/2022,7.351
16/11/2022,7.596
15/11/2022,7.596
14/11/2022,7.704
11/11/2022,7.503
10/11/2022,7.600
09/11/2022,7.600
08/11/2022,7.534
07/11/2022,7.526
04/11/2022,7.548
03/11/2022,7.486
02/11/2022,7.416
01/11/2022,7.502
31/10/2022,7.502
28/10/2022,7.416
27/10/2022,7.432
26/10/2022,7.290
25/10/2022,7.290
24/10/2022,7.290
21/10/2022,7.290
20/10/2022,7.305
19/10/2022,7.305
18/10/2022,7.201
17/10/2022,7.201
14/10/2022,7.305
13/10/2022,7.201
12/10/2022,7.102
11/10/2022,7.002
10/10/2022,7.252
07/10/2022,7.252
06/10/2022,6.952
05/10/2022,7.022
04/10/2022,7.097
03/10/2022,6.956
30/09/2022,7.085
29/09/2022,7.273
28/09/2022,7.106
27/09/2022,7.106
26/09/2022,7.139
23/09/2022,7.041
22/09/2022,6.867
21/09/2022,6.925
20/09/2022,6.871
19/09/2022,6.756
16/09/2022,6.795
15/09/2022,6.795
14/09/2022,6.777
13/09/2022,6.777
12/09/2022,6.777
09/09/2022,6.648
08/09/2022,6.757
07/09/2022,6.581
06/09/2022,6.581
05/09/2022,6.435
02/09/2022,6.510
01/09/2022,6.273
31/08/2022,6.229
30/08/2022,6.170
29/08/2022,6.193
26/08/2022,6.079
25/08/2022,6.001
24/08/2022,6.050
23/08/2022,6.050
22/08/2022,6.012
19/08/2022,5.884
18/08/2022,5.921
17/08/2022,5.871
16/08/2022,5.862
15/08/2022,5.947
12/08/2022,5.940
11/08/2022,5.976
10/08/2022,5.967
09/08/2022,6.016
08/08/2022,6.041
05/08/2022,6.096
04/08/2022,6.011
03/08/2022,5.962
02/08/2022,6.102
01/08/2022,6.324
29/07/2022,6.150
28/07/2022,6.423
27/07/2022,6.751
26/07/2022,6.735
25/07/2022,6.746
22/07/2022,6.819
21/07/2022,6.778
20/07/2022,6.794
19/07/2022,6.924
18/07/2022,6.962
15/07/2022,6.785
14/07/2022,6.794
13/07/2022,6.794
12/07/2022,6.939
11/07/2022,6.934
08/07/2022,6.913
07/07/2022,6.933
06/07/2022,6.923
05/07/2022,6.932
04/07/2022,6.970
01/07/2022,6.998
30/06/2022,7.069
29/06/2022,7.079
28/06/2022,7.090
27/06/2022,7.090
24/06/2022,7.000
23/06/2022,7.074
22/06/2022,6.750
21/06/2022,6.719
20/06/2022,6.719
17/06/2022,6.719
16/06/2022,6.719
15/06/2022,6.719
14/06/2022,6.569
13/06/2022,6.710
10/06/2022,6.710
09/06/2022,6.750
08/06/2022,6.703
07/06/2022,6.712
06/06/2022,6.712
03/06/2022,6.753
02/06/2022,6.550
01/06/2022,6.582
31/05/2022,6.536
30/05/2022,6.635
27/05/2022,6.626
26/05/2022,6.910
25/05/2022,6.869
24/05/2022,6.203
23/05/2022,6.204
20/05/2022,6.457
19/05/2022,6.321
18/05/2022,6.613
17/05/2022,6.216
16/05/2022,6.416
13/05/2022,6.416
12/05/2022,6.082
11/05/2022,6.160
10/05/2022,6.050
09/05/2022,6.182
06/05/2022,6.140
05/05/2022,6.018
04/05/2022,6.057
03/05/2022,5.989
02/05/2022,5.951
29/04/2022,5.997
28/04/2022,6.014
27/04/2022,6.097
26/04/2022,6.060
25/04/2022,6.060
22/04/2022,6.069
21/04/2022,6.028
20/04/2022,6.028
19/04/2022,6.007
18/04/2022,6.023
15/04/2022,6.022
14/04/2022,6.022
13/04/2022,5.983
12/04/2022,5.999
11/04/2022,5.996
08/04/2022,5.992
07/04/2022,6.025
06/04/2022,6.059
05/04/2022,6.059
04/04/2022,6.112
01/04/2022,6.092
31/03/2022,6.092
30/03/2022,5.956
29/03/2022,5.956
28/03/2022,5.712
25/03/2022,5.650
24/03/2022,5.650
23/03/2022,5.639
22/03/2022,5.538
21/03/2022,5.539
18/03/2022,5.485
17/03/2022,5.508
16/03/2022,5.535
15/03/2022,5.589
14/03/2022,5.550
11/03/2022,5.639
10/03/2022,5.477
09/03/2022,5.441
08/03/2022,5.450
07/03/2022,5.249
04/03/2022,5.259
03/03/2022,5.224
02/03/2022,5.257
01/03/2022,5.302
28/02/2022,5.293
25/02/2022,5.308
24/02/2022,5.290
23/02/2022,5.304
22/02/2022,5.369
21/02/2022,5.432
18/02/2022,5.432
17/02/2022,5.308
16/02/2022,5.336
15/02/2022,5.320
14/02/2022,5.327
11/02/2022,5.243
10/02/2022,5.074
09/02/2022,5.050
08/02/2022,4.914
07/02/2022,4.876
04/02/2022,4.876
03/02/2022,4.841
02/02/2022,4.848
01/02/2022,4.978
31/01/2022,4.923
28/01/2022,5.015
27/01/2022,5.015
26/01/2022,4.962
25/01/2022,4.962
24/01/2022,4.957
21/01/2022,4.879
20/01/2022,4.879
19/01/2022,4.851
18/01/2022,4.784
17/01/2022,4.753
14/01/2022,4.706
13/01/2022,4.724
12/01/2022,4.769
11/01/2022,4.765
10/01/2022,4.765
07/01/2022,4.837
06/01/2022,4.800
05/01/2022,4.800
04/01/2022,4.809
03/01/2022,4.749
31/12/2021,4.724
30/12/2021,4.955
29/12/2021,4.784
28/12/2021,4.784
27/12/2021,4.801
24/12/2021,4.801
23/12/2021,4.776
22/12/2021,4.774
21/12/2021,4.784
20/12/2021,4.837
17/12/2021,4.875
16/12/2021,4.841
15/12/2021,4.795
14/12/2021,4.867
13/12/2021,4.955
10/12/2021,4.949
09/12/2021,4.978
08/12/2021,5.045
07/12/2021,4.989
06/12/2021,5.005
03/12/2021,4.990
02/12/2021,4.981
01/12/2021,4.950
30/11/2021,5.005
29/11/2021,4.950
26/11/2021,4.998
25/11/2021,4.995
24/11/2021,5.012
23/11/2021,5.019
22/11/2021,5.002
19/11/2021,5.009
18/11/2021,5.022
17/11/2021,5.102
16/11/2021,5.243
15/11/2021,4.954
12/11/2021,5.296
11/11/2021,5.341
10/11/2021,4.957
09/11/2021,4.957
08/11/2021,4.957
05/11/2021,4.957
04/11/2021,4.900
03/11/2021,4.750
02/11/2021,4.810
01/11/2021,4.816
29/10/2021,4.810
28/10/2021,4.852
27/10/2021,4.846
26/10/2021,4.898
25/10/2021,4.979
22/10/2021,4.901
21/10/2021,4.931
20/10/2021,4.946
19/10/2021,4.946
18/10/2021,4.975
15/10/2021,4.964
14/10/2021,4.972
13/10/2021,4.981
12/10/2021,4.973
11/10/2021,4.959
08/10/2021,4.870
07/10/2021,4.785
06/10/2021,4.784
05/10/2021,4.757
04/10/2021,4.720
01/10/2021,4.718
30/09/2021,4.684
29/09/2021,4.714
28/09/2021,4.594
27/09/2021,4.594
24/09/2021,4.553
23/09/2021,4.410
22/09/2021,4.381
21/09/2021,4.364
20/09/2021,4.350
17/09/2021,4.322
16/09/2021,4.308
15/09/2021,4.272
14/09/2021,4.230
13/09/2021,4.200
10/09/2021,4.200
09/09/2021,4.178
08/09/2021,4.221
07/09/2021,4.221
06/09/2021,4.189
03/09/2021,4.191
02/09/2021,4.221
01/09/2021,4.178
31/08/2021,4.147
30/08/2021,4.218
27/08/2021,4.224
26/08/2021,4.245
25/08/2021,4.272
24/08/2021,4.274
23/08/2021,4.203
20/08/2021,4.190
19/08/2021,4.266
18/08/2021,4.166
17/08/2021,4.078
16/08/2021,4.064
13/08/2021,4.086
12/08/2021,3.976
11/08/2021,3.926
10/08/2021,3.933
09/08/2021,3.933
06/08/2021,3.849
05/08/2021,3.872
04/08/2021,3.864
03/08/2021,3.918
02/08/2021,3.887
30/07/2021,3.887
29/07/2021,3.867
28/07/2021,3.819
27/07/2021,3.819
26/07/2021,3.825
23/07/2021,3.865
22/07/2021,3.899
21/07/2021,3.894
20/07/2021,3.856
19/07/2021,3.824
16/07/2021,3.825
15/07/2021,3.890
14/07/2021,3.870
13/07/2021,3.906
12/07/2021,3.856
09/07/2021,3.789
08/07/2021,3.828
07/07/2021,3.995
06/07/2021,3.995
05/07/2021,3.780
02/07/2021,3.997
01/07/2021,4.007
30/06/2021,4.007
29/06/2021,3.992
28/06/2021,4.026
25/06/2021,3.763
24/06/2021,3.763
23/06/2021,3.894
22/06/2021,3.899
21/06/2021,3.680
18/06/2021,3.749
17/06/2021,3.796
16/06/2021,3.914
15/06/2021,3.926
14/06/2021,3.758
11/06/2021,3.742
10/06/2021,3.777
09/06/2021,3.842
08/06/2021,3.889
07/06/2021,3.881
04/06/2021,3.921
03/06/2021,3.946
02/06/2021,3.969
01/06/2021,3.959
31/05/2021,4.014
28/05/2021,3.991
27/05/2021,4.088
26/05/2021,3.995
25/05/2021,3.951
24/05/2021,4.206
21/05/2021,4.186
20/05/2021,3.988
19/05/2021,3.937
18/05/2021,3.946
17/05/2021,3.946
14/05/2021,4.049
13/05/2021,4.006
12/05/2021,3.972
11/05/2021,3.987
10/05/2021,3.987
07/05/2021,4.001
06/05/2021,4.007
05/05/2021,4.081
04/05/2021,4.077
03/05/2021,4.002
30/04/2021,3.960
29/04/2021,3.984
28/04/2021,3.987
27/04/2021,3.987
26/04/2021,4.114
23/04/2021,3.937
22/04/2021,4.049
21/04/2021,4.058
20/04/2021,3.938
19/04/2021,3.978
16/04/2021,4.036
15/04/2021,4.112
14/04/2021,4.221
13/04/2021,4.221
12/04/2021,4.267
09/04/2021,4.157
08/04/2021,4.161
07/04/2021,4.161
06/04/2021,4.172
05/04/2021,4.346
02/04/2021,4.360
01/04/2021,4.360
31/03/2021,4.450
30/03/2021,4.450
29/03/2021,4.423
26/03/2021,4.381
25/03/2021,4.502
24/03/2021,4.657
23/03/2021,4.657
22/03/2021,4.658
19/03/2021,4.628
18/03/2021,4.639
17/03/2021,4.521
16/03/2021,4.550
15/03/2021,4.537
12/03/2021,4.411
11/03/2021,4.176
10/03/2021,4.051
09/03/2021,4.051
08/03/2021,3.881
05/03/2021,4.001
04/03/2021,4.007
03/03/2021,3.973
02/03/2021,3.916
01/03/2021,3.902
26/02/2021,3.902
25/02/2021,3.678
24/02/2021,3.649
23/02/2021,3.586
22/02/2021,3.451
19/02/2021,3.314
18/02/2021,3.306
17/02/2021,3.201
16/02/2021,3.181
15/02/2021,3.154
12/02/2021,3.144
11/02/2021,3.124
10/02/2021,3.130
09/02/2021,3.111
08/02/2021,3.150
05/02/2021,3.099
04/02/2021,3.094
03/02/2021,3.073
02/02/2021,3.012
01/02/2021,2.969
29/01/2021,3.030
28/01/2021,3.005
27/01/2021,2.960
26/01/2021,2.960
25/01/2021,2.950
22/01/2021,2.951
21/01/2021,2.908
20/01/2021,2.929
19/01/2021,2.948
18/01/2021,2.968
15/01/2021,3.031
14/01/2021,3.034
13/01/2021,3.026
12/01/2021,3.048
11/01/2021,3.050
08/01/2021,3.013
07/01/2021,3.044
06/01/2021,2.964
05/01/2021,3.002
04/01/2021,3.002
31/12/2020,2.992
30/12/2020,2.992
29/12/2020,2.974
28/12/2020,3.017
25/12/2020,3.043
24/12/2020,3.043
23/12/2020,3.025
22/12/2020,3.075
21/12/2020,3.065
18/12/2020,3.065
17/12/2020,3.043
16/12/2020,3.079
15/12/2020,3.034
14/12/2020,3.033
11/12/2020,3.074
10/12/2020,3.087
09/12/2020,3.090
08/12/2020,3.162
07/12/2020,3.141
04/12/2020,3.110
03/12/2020,3.158
02/12/2020,3.130
01/12/2020,3.012
30/11/2020,3.066
27/11/2020,3.047
26/11/2020,3.026
25/11/2020,3.134
24/11/2020,3.134
23/11/2020,2.916
20/11/2020,2.904
19/11/2020,3.008
18/11/2020,3.065
17/11/2020,3.019
16/11/2020,3.029
13/11/2020,3.029
12/11/2020,3.029
11/11/2020,2.961
10/11/2020,2.999
09/11/2020,2.999
06/11/2020,3.046
05/11/2020,3.043
04/11/2020,3.089
03/11/2020,3.089
02/11/2020,3.047
30/10/2020,3.054
29/10/2020,3.046
28/10/2020,3.046
27/10/2020,3.061
26/10/2020,3.004
23/10/2020,3.004
22/10/2020,2.948
21/10/2020,2.948
20/10/2020,2.946
19/10/2020,2.900
16/10/2020,2.900
15/10/2020,2.909
14/10/2020,2.894
13/10/2020,2.894
12/10/2020,2.882
09/10/2020,2.882
08/10/2020,2.861
07/10/2020,2.887
06/10/2020,2.824
05/10/2020,2.824
02/10/2020,2.934
01/10/2020,2.934
30/09/2020,3.050
29/09/2020,3.100
28/09/2020,3.075
25/09/2020,3.038
24/09/2020,3.038
23/09/2020,3.168
22/09/2020,3.145
21/09/2020,3.145
18/09/2020,2.870
17/09/2020,2.903
16/09/2020,2.903
15/09/2020,2.949
14/09/2020,2.938
11/09/2020,2.946
10/09/2020,2.946
09/09/2020,2.917
08/09/2020,2.917
07/09/2020,2.895
04/09/2020,2.915
03/09/2020,2.939
02/09/2020,2.886
01/09/2020,2.886
31/08/2020,2.770
28/08/2020,2.755
27/08/2020,2.753
26/08/2020,2.732
25/08/2020,2.671
24/08/2020,2.646
21/08/2020,2.613
20/08/2020,2.580
19/08/2020,2.588
18/08/2020,2.568
17/08/2020,2.568
14/08/2020,2.685
13/08/2020,2.735
12/08/2020,2.735
11/08/2020,2.750
10/08/2020,2.658
07/08/2020,2.667
06/08/2020,2.706
05/08/2020,2.765
04/08/2020,2.765
03/08/2020,2.765
31/07/2020,2.704
30/07/2020,2.829
29/07/2020,2.829
28/07/2020,2.795
27/07/2020,2.795
24/07/2020,2.818
23/07/2020,2.792
22/07/2020,2.790
21/07/2020,2.790
20/07/2020,2.684
17/07/2020,2.680
16/07/2020,2.680
15/07/2020,2.616
14/07/2020,2.682
13/07/2020,2.703
10/07/2020,2.765
09/07/2020,2.765
08/07/2020,2.836
07/07/2020,2.807
06/07/2020,2.774
03/07/2020,2.774
02/07/2020,2.813
01/07/2020,2.813
30/06/2020,2.794
29/06/2020,2.808
26/06/2020,3.336
25/06/2020,3.336
24/06/2020,3.419
23/06/2020,3.441
22/06/2020,3.441
19/06/2020,3.442
18/06/2020,3.335
17/06/2020,3.335
16/06/2020,3.360
15/06/2020,3.294
12/06/2020,3.300
11/06/2020,3.277
10/06/2020,3.302
09/06/2020,3.282
08/06/2020,3.319
05/06/2020,3.285
04/06/2020,3.302
03/06/2020,3.284
02/06/2020,3.284
01/06/2020,3.193
29/05/2020,3.166
28/05/2020,3.159
27/05/2020,3.209
26/05/2020,3.289
25/05/2020,3.312
22/05/2020,3.289
21/05/2020,3.352
20/05/2020,3.352
19/05/2020,3.332
18/05/2020,3.312
15/05/2020,3.312
14/05/2020,3.306
13/05/2020,3.367
12/05/2020,3.413
11/05/2020,3.413
08/05/2020,3.347
07/05/2020,3.298
06/05/2020,3.360
05/05/2020,3.311
04/05/2020,3.391
01/05/2020,3.522
30/04/2020,3.496
29/04/2020,3.464
28/04/2020,3.442
27/04/2020,3.542
24/04/2020,3.720
23/04/2020,3.854
22/04/2020,3.904
21/04/2020,3.822
20/04/2020,3.801
17/04/2020,3.987
16/04/2020,4.209
15/04/2020,4.243
14/04/2020,4.232
13/04/2020,4.233
10/04/2020,4.429
09/04/2020,4.429
08/04/2020,4.386
07/04/2020,4.656
06/04/2020,4.811
03/04/2020,4.877
02/04/2020,5.019
01/04/2020,5.000
31/03/2020,5.068
30/03/2020,4.948
27/03/2020,4.943
26/03/2020,5.024
25/03/2020,5.024
24/03/2020,5.490
23/03/2020,5.490
20/03/2020,4.954
19/03/2020,4.954
18/03/2020,4.891
17/03/2020,4.835
16/03/2020,4.835
13/03/2020,4.830
12/03/2020,4.197
11/03/2020,4.197
10/03/2020,4.122
09/03/2020,4.085
06/03/2020,4.232
05/03/2020,4.229
04/03/2020,4.213
03/03/2020,4.380
02/03/2020,4.376
28/02/2020,4.342
27/02/2020,4.342
26/02/2020,4.333
25/02/2020,4.379
24/02/2020,4.337
21/02/2020,4.370
20/02/2020,4.403
19/02/2020,4.409
18/02/2020,4.471
17/02/2020,4.464
14/02/2020,4.461
13/02/2020,4.417
12/02/2020,4.398
11/02/2020,4.398
10/02/2020,4.431
07/02/2020,4.462
06/02/2020,4.462
05/02/2020,4.470
04/02/2020,4.498
03/02/2020,4.498
31/01/2020,4.575
30/01/2020,4.625
29/01/2020,4.589
28/01/2020,4.589
27/01/2020,4.589
24/01/2020,4.702
23/01/2020,4.792
22/01/2020,4.855
21/01/2020,4.825
20/01/2020,4.825
17/01/2020,4.796
16/01/2020,4.796
15/01/2020,4.757
14/01/2020,4.718
13/01/2020,4.768
10/01/2020,4.720
09/01/2020,4.720
08/01/2020,4.713
07/01/2020,4.483
06/01/2020,4.425
03/01/2020,4.430
02/01/2020,4.440
01/01/2020,4.483
31/12/2019,4.483
30/12/2019,4.483
27/12/2019,4.405
26/12/2019,4.458
25/12/2019,4.502
24/12/2019,4.502
23/12/2019,4.458
20/12/2019,4.470
19/12/2019,4.482
18/12/2019,4.450
17/12/2019,4.423
16/12/2019,4.423
13/12/2019,4.552
12/12/2019,4.552
11/12/2019,4.607
10/12/2019,4.628
09/12/2019,4.635
06/12/2019,4.643
05/12/2019,4.639
04/12/2019,4.679
03/12/2019,4.679
02/12/2019,4.685
29/11/2019,4.700
28/11/2019,4.700
27/11/2019,4.714
26/11/2019,4.714
25/11/2019,4.696
22/11/2019,4.696
21/11/2019,4.677
20/11/2019,4.686
19/11/2019,4.684
18/11/2019,4.686
15/11/2019,4.675
14/11/2019,4.675
13/11/2019,4.671
12/11/2019,4.610
11/11/2019,4.610
08/11/2019,4.590
07/11/2019,4.558
06/11/2019,4.558
05/11/2019,4.520
04/11/2019,4.517
01/11/2019,4.570
31/10/2019,4.550
30/10/2019,4.540
29/10/2019,4.583
28/10/2019,4.583
25/10/2019,4.632
24/10/2019,4.626
23/10/2019,4.679
22/10/2019,4.568
21/10/2019,4.568
18/10/2019,4.594
17/10/2019,4.616
16/10/2019,4.654
15/10/2019,4.702
14/10/2019,4.707
11/10/2019,4.682
10/10/2019,4.679
09/10/2019,4.637
08/10/2019,4.600
07/10/2019,4.600
04/10/2019,4.640
03/10/2019,4.640
02/10/2019,4.665
01/10/2019,4.695
30/09/2019,4.695
27/09/2019,4.749
26/09/2019,4.773
25/09/2019,4.763
24/09/2019,4.800
23/09/2019,4.823
20/09/2019,4.814
19/09/2019,4.733
18/09/2019,4.733
17/09/2019,4.823
16/09/2019,4.823
13/09/2019,4.852
12/09/2019,4.864
11/09/2019,4.706
10/09/2019,4.600
09/09/2019,4.505
06/09/2019,4.506
05/09/2019,4.506
04/09/2019,4.491
03/09/2019,4.491
02/09/2019,4.430
30/08/2019,4.385
29/08/2019,4.440
28/08/2019,4.475
27/08/2019,4.475
26/08/2019,4.475
23/08/2019,4.438
22/08/2019,4.449
21/08/2019,4.449
20/08/2019,4.433
19/08/2019,4.433
16/08/2019,4.363
15/08/2019,4.355
14/08/2019,4.290
13/08/2019,4.352
09/08/2019,4.352
08/08/2019,4.539
07/08/2019,4.605
06/08/2019,4.519
05/08/2019,4.560
02/08/2019,4.560
01/08/2019,4.679
31/07/2019,4.744
30/07/2019,4.764
29/07/2019,4.756
26/07/2019,4.697
25/07/2019,4.697
24/07/2019,4.858
23/07/2019,4.906
22/07/2019,4.906
19/07/2019,4.933
18/07/2019,4.945
17/07/2019,4.940
16/07/2019,4.940
15/07/2019,5.044
12/07/2019,5.045
11/07/2019,5.045
10/07/2019,5.130
09/07/2019,5.125
08/07/2019,5.060
05/07/2019,5.034
04/07/2019,5.046
03/07/2019,5.046
02/07/2019,5.149
01/07/2019,5.088
28/06/2019,5.105
27/06/2019,5.106
26/06/2019,5.022
25/06/2019,5.022
24/06/2019,5.126
21/06/2019,5.161
20/06/2019,5.088
19/06/2019,5.225
18/06/2019,5.335
17/06/2019,5.277
14/06/2019,5.238
13/06/2019,5.189
12/06/2019,5.189
11/06/2019,5.062
10/06/2019,5.251
07/06/2019,5.251
06/06/2019,5.390
05/06/2019,5.390
04/06/2019,5.390
03/06/2019,5.491
31/05/2019,5.649
30/05/2019,5.609
29/05/2019,5.685
28/05/2019,5.723
27/05/2019,5.745
24/05/2019,5.745
23/05/2019,5.831
22/05/2019,5.831
21/05/2019,5.840
20/05/2019,5.822
17/05/2019,5.782
16/05/2019,5.797
15/05/2019,5.797
14/05/2019,5.796
13/05/2019,5.796
10/05/2019,5.796
09/05/2019,5.846
08/05/2019,5.846
07/05/2019,5.819
06/05/2019,5.819
03/05/2019,5.843
02/05/2019,5.950
01/05/2019,5.950
30/04/2019,6.025
29/04/2019,6.025
26/04/2019,5.994
25/04/2019,6.068
24/04/2019,6.137
23/04/2019,6.137
22/04/2019,6.137
19/04/2019,6.114
18/04/2019,6.114
17/04/2019,6.135
16/04/2019,6.117
15/04/2019,6.024
12/04/2019,6.024
11/04/2019,6.024
10/04/2019,6.037
09/04/2019,6.037
08/04/2019,5.855
05/04/2019,5.855
04/04/2019,5.909
03/04/2019,5.911
02/04/2019,5.830
01/04/2019,5.728
29/03/2019,5.622
28/03/2019,5.804
27/03/2019,5.976
26/03/2019,5.991
25/03/2019,6.005
22/03/2019,5.986
21/03/2019,5.986
20/03/2019,6.101
19/03/2019,6.199
18/03/2019,6.199
15/03/2019,6.247
14/03/2019,6.270
13/03/2019,6.232
12/03/2019,6.162
11/03/2019,6.162
08/03/2019,6.131
07/03/2019,6.194
06/03/2019,6.292
05/03/2019,6.348
04/03/2019,6.358
01/03/2019,6.381
28/02/2019,6.381
27/02/2019,6.332
26/02/2019,6.346
25/02/2019,6.346
22/02/2019,6.379
21/02/2019,6.418
20/02/2019,6.449
19/02/2019,6.449
18/02/2019,6.376
15/02/2019,6.343
14/02/2019,6.343
13/02/2019,6.312
12/02/2019,6.369
11/02/2019,6.283
08/02/2019,6.283
07/02/2019,6.078
06/02/2019,6.078
05/02/2019,6.191
04/02/2019,6.191
01/02/2019,6.403
31/01/2019,6.403
30/01/2019,6.489
29/01/2019,6.468
28/01/2019,6.481
25/01/2019,6.501
24/01/2019,6.455
23/01/2019,6.458
22/01/2019,6.458
21/01/2019,6.435
18/01/2019,6.435
17/01/2019,6.489
16/01/2019,6.489
15/01/2019,6.540
14/01/2019,6.540
11/01/2019,6.763
10/01/2019,6.764
09/01/2019,6.867
08/01/2019,6.867
07/01/2019,6.905
04/01/2019,6.855
03/01/2019,6.931
02/01/2019,7.046
01/01/2019,7.046
31/12/2018,7.046
28/12/2018,7.046
27/12/2018,7.098
26/12/2018,7.148
25/12/2018,7.148
24/12/2018,7.148
21/12/2018,7.148
20/12/2018,7.050
19/12/2018,7.096
18/12/2018,7.096
17/12/2018,7.130
14/12/2018,7.130
13/12/2018,7.249
12/12/2018,7.249
11/12/2018,7.120
10/12/2018,7.094
07/12/2018,7.094
06/12/2018,7.010
05/12/2018,7.044
04/12/2018,7.055
03/12/2018,7.035
30/11/2018,7.035
29/11/2018,7.035
28/11/2018,7.076
27/11/2018,7.168
26/11/2018,7.168
23/11/2018,7.140
22/11/2018,7.296
21/11/2018,7.296
20/11/2018,7.374
19/11/2018,7.350
16/11/2018,7.350
15/11/2018,7.459
14/11/2018,7.470
13/11/2018,7.370
12/11/2018,7.508
09/11/2018,7.609
08/11/2018,7.609
07/11/2018,7.842
06/11/2018,7.981
05/11/2018,7.981
02/11/2018,7.950
01/11/2018,7.950
31/10/2018,7.950
30/10/2018,8.000
29/10/2018,8.064
26/10/2018,7.642
25/10/2018,7.800
24/10/2018,8.000
23/10/2018,8.000
22/10/2018,8.189
19/10/2018,8.035
18/10/2018,8.052
17/10/2018,8.027
16/10/2018,8.100
15/10/2018,8.024
12/10/2018,8.010
11/10/2018,8.012
10/10/2018,7.979
09/10/2018,8.087
08/10/2018,7.771
05/10/2018,7.800
04/10/2018,7.650
03/10/2018,7.420
02/10/2018,7.366
01/10/2018,7.557
28/09/2018,7.213
27/09/2018,7.243
26/09/2018,7.169
25/09/2018,7.097
24/09/2018,7.034
21/09/2018,6.897
20/09/2018,6.834
19/09/2018,7.582
18/09/2018,7.598
17/09/2018,7.536
14/09/2018,7.557
13/09/2018,6.875
12/09/2018,7.550
11/09/2018,7.539
10/09/2018,7.471
07/09/2018,6.673
06/09/2018,6.980
05/09/2018,6.473
04/09/2018,6.425
03/09/2018,6.757
31/08/2018,6.370
30/08/2018,6.779
29/08/2018,6.375
28/08/2018,6.375
24/08/2018,6.725
23/08/2018,6.400
22/08/2018,6.430
20/08/2018,6.441
17/08/2018,6.770
16/08/2018,6.787
15/08/2018,6.766
14/08/2018,6.475
13/08/2018,6.425
10/08/2018,6.425
09/08/2018,6.829
08/08/2018,6.427
07/08/2018,6.452
06/08/2018,6.450
03/08/2018,6.450
02/08/2018,6.488
01/08/2018,6.525
31/07/2018,6.545
30/07/2018,6.543
27/07/2018,6.650
26/07/2018,6.675
25/07/2018,6.600
24/07/2018,6.501
23/07/2018,6.463
20/07/2018,6.395
19/07/2018,6.350
18/07/2018,6.450
17/07/2018,6.413
16/07/2018,6.450
13/07/2018,6.446
12/07/2018,6.375
11/07/2018,6.350
10/07/2018,6.350
09/07/2018,6.375
06/07/2018,6.355
05/07/2018,6.355
04/07/2018,6.350
03/07/2018,6.344
02/07/2018,6.453
29/06/2018,6.422
28/06/2018,6.410
27/06/2018,6.420
26/06/2018,6.884
25/06/2018,6.370
22/06/2018,6.905
21/06/2018,7.046
20/06/2018,6.351
19/06/2018,6.834
18/06/2018,6.643
14/06/2018,6.200
13/06/2018,6.096
11/06/2018,6.096
08/06/2018,6.078
07/06/2018,6.060
06/06/2018,6.060
05/06/2018,6.081
04/06/2018,6.085
01/06/2018,6.080
31/05/2018,6.099
30/05/2018,6.150
29/05/2018,6.584
28/05/2018,6.634
27/05/2018,6.112
25/05/2018,6.112
24/05/2018,6.280
23/05/2018,6.295
22/05/2018,6.320
21/05/2018,6.870
20/05/2018,6.745
18/05/2018,6.745
17/05/2018,6.657
16/05/2018,6.548
15/05/2018,6.032
13/05/2018,6.529
11/05/2018,6.529
10/05/2018,6.061
09/05/2018,6.065
08/05/2018,6.078
07/05/2018,6.110
06/05/2018,6.138
04/05/2018,6.138
03/05/2018,6.200
02/05/2018,6.175
01/05/2018,6.203
30/04/2018,6.203
29/04/2018,6.205
27/04/2018,6.205
26/04/2018,6.293
25/04/2018,6.634
24/04/2018,6.688
23/04/2018,6.582
22/04/2018,6.240
20/04/2018,6.240
19/04/2018,6.539
18/04/2018,6.216
17/04/2018,6.222
16/04/2018,6.774
13/04/2018,6.050
12/04/2018,6.100
11/04/2018,7.004
10/04/2018,5.950
09/04/2018,5.950
06/04/2018,5.950
05/04/2018,6.716
04/04/2018,6.688
03/04/2018,5.950
02/04/2018,6.764
01/04/2018,6.000
28/03/2018,6.000
27/03/2018,5.992
26/03/2018,5.949
25/03/2018,5.974
23/03/2018,5.974
22/03/2018,6.074
21/03/2018,6.123
20/03/2018,6.031
19/03/2018,6.055
16/03/2018,6.134
15/03/2018,6.230
14/03/2018,6.365
13/03/2018,6.078
12/03/2018,5.935
09/03/2018,5.906
08/03/2018,5.929
07/03/2018,6.747
06/03/2018,6.870
05/03/2018,6.759
02/03/2018,6.791
01/03/2018,6.802
28/02/2018,6.734
27/02/2018,6.761
26/02/2018,6.843
23/02/2018,6.855
22/02/2018,6.804
21/02/2018,6.863
20/02/2018,6.879
19/02/2018,6.697
18/02/2018,6.709
15/02/2018,6.709
14/02/2018,6.569
13/02/2018,6.560
12/02/2018,6.691
09/02/2018,6.533
08/02/2018,6.436
07/02/2018,6.245
06/02/2018,6.200
05/02/2018,6.189
02/02/2018,6.209
01/02/2018,6.075
31/01/2018,6.207
30/01/2018,6.207
29/01/2018,6.045
26/01/2018,6.042
25/01/2018,6.067
24/01/2018,6.015
23/01/2018,6.015
22/01/2018,5.869
19/01/2018,5.945
18/01/2018,5.838
17/01/2018,5.816
16/01/2018,5.889
15/01/2018,5.795
12/01/2018,5.795
11/01/2018,5.820
10/01/2018,5.726
09/01/2018,5.917
08/01/2018,5.684
05/01/2018,5.795
04/01/2018,5.500
03/01/2018,5.550
29/12/2017,5.699
28/12/2017,5.583
27/12/2017,5.804
22/12/2017,5.827
21/12/2017,5.795
20/12/2017,5.720
19/12/2017,5.804
18/12/2017,5.681
16/12/2017,5.685
15/12/2017,5.685
14/12/2017,5.691
13/12/2017,5.700
12/12/2017,5.682
11/12/2017,5.780
08/12/2017,5.580
07/12/2017,5.580
06/12/2017,5.703
05/12/2017,5.680
04/12/2017,5.575
01/12/2017,5.704
29/11/2017,5.555
28/11/2017,5.580
27/11/2017,5.634
24/11/2017,5.540
23/11/2017,5.361
22/11/2017,5.539
21/11/2017,5.432
20/11/2017,5.396
17/11/2017,5.486
16/11/2017,5.454
15/11/2017,5.318
14/11/2017,5.329
13/11/2017,5.438
10/11/2017,5.405
09/11/2017,5.306
08/11/2017,5.450
07/11/2017,5.328
06/11/2017,5.218
03/11/2017,5.121
02/11/2017,5.015
30/10/2017,4.795
29/10/2017,4.789
27/10/2017,4.789
26/10/2017,4.746
25/10/2017,4.749
24/10/2017,4.662
23/10/2017,4.650
22/10/2017,4.643
20/10/2017,4.643
19/10/2017,4.640
18/10/2017,4.839
17/10/2017,4.846
15/10/2017,4.634
13/10/2017,4.634
12/10/2017,4.645
11/10/2017,4.655
10/10/2017,4.661
09/10/2017,4.644
08/10/2017,4.639
06/10/2017,4.639
05/10/2017,4.625
04/10/2017,4.661
03/10/2017,4.658
02/10/2017,4.613
01/10/2017,4.609
29/09/2017,4.609
28/09/2017,4.619
27/09/2017,4.597
26/09/2017,4.575
25/09/2017,4.593
24/09/2017,4.620
22/09/2017,4.620
21/09/2017,4.646
20/09/2017,4.640
19/09/2017,4.620
18/09/2017,4.946
17/09/2017,4.563
15/09/2017,4.563
14/09/2017,4.581
13/09/2017,4.561
11/09/2017,4.547
10/09/2017,4.538
08/09/2017,4.538
07/09/2017,4.597
06/09/2017,4.566
05/09/2017,4.607
04/09/2017,4.631
31/08/2017,4.666
30/08/2017,4.693
29/08/2017,4.687
28/08/2017,4.986
25/08/2017,4.986
24/08/2017,4.679
23/08/2017,4.692
22/08/2017,4.709
21/08/2017,4.992
18/08/2017,4.992
17/08/2017,5.069
16/08/2017,5.064
15/08/2017,5.084
14/08/2017,5.011
13/08/2017,4.635
11/08/2017,4.635
10/08/2017,4.988
09/08/2017,5.037
08/08/2017,5.064
07/08/2017,5.099
06/08/2017,4.960
04/08/2017,4.960
03/08/2017,4.650
02/08/2017,4.991
01/08/2017,4.989
31/07/2017,4.674
30/07/2017,5.022
28/07/2017,5.022
27/07/2017,5.029
26/07/2017,5.032
25/07/2017,4.974
24/07/2017,4.999
23/07/2017,4.690
21/07/2017,4.690
20/07/2017,5.002
19/07/2017,4.650
18/07/2017,5.063
17/07/2017,5.073
16/07/2017,5.050
14/07/2017,5.050
13/07/2017,5.103
12/07/2017,5.016
11/07/2017,5.023
10/07/2017,5.023
09/07/2017,4.699
07/07/2017,4.699
06/07/2017,4.993
05/07/2017,4.661
04/07/2017,4.988
03/07/2017,5.041
02/07/2017,4.669
01/07/2017,4.669
30/06/2017,4.669
29/06/2017,4.641
28/06/2017,4.626
27/06/2017,4.606
25/06/2017,4.603
23/06/2017,4.603
22/06/2017,4.631
21/06/2017,4.641
20/06/2017,4.661
19/06/2017,4.642
18/06/2017,4.641
16/06/2017,4.641
15/06/2017,4.628
14/06/2017,4.662
13/06/2017,4.620
12/06/2017,4.938
09/06/2017,4.938
08/06/2017,4.945
07/06/2017,4.634
06/06/2017,4.683
05/06/2017,4.730
04/06/2017,4.726
02/06/2017,4.726
01/06/2017,5.006
31/05/2017,4.972
30/05/2017,5.041
29/05/2017,4.943
28/05/2017,4.988
26/05/2017,4.988
25/05/2017,4.729
24/05/2017,4.986
23/05/2017,4.973
22/05/2017,4.725
21/05/2017,5.050
19/05/2017,5.050
18/05/2017,4.845
17/05/2017,5.012
16/05/2017,5.149
15/05/2017,5.061
14/05/2017,5.043
12/05/2017,5.043
11/05/2017,5.027
10/05/2017,5.050
09/05/2017,5.101
08/05/2017,4.797
07/05/2017,5.035
05/05/2017,5.035
04/05/2017,5.160
03/05/2017,5.146
02/05/2017,5.096
27/04/2017,5.162
26/04/2017,5.134
25/04/2017,5.177
24/04/2017,5.229
23/04/2017,5.302
22/04/2017,5.302
21/04/2017,5.302
20/04/2017,5.230
19/04/2017,5.321
18/04/2017,5.546
17/04/2017,5.416
16/04/2017,5.168
12/04/2017,5.168
11/04/2017,5.216
10/04/2017,5.273
09/04/2017,5.200
07/04/2017,5.200
06/04/2017,5.159
05/04/2017,5.164
04/04/2017,5.189
03/04/2017,5.159
02/04/2017,5.055
31/03/2017,5.055
30/03/2017,5.444
29/03/2017,5.354
28/03/2017,5.434
27/03/2017,5.225
26/03/2017,5.304
24/03/2017,5.304
23/03/2017,5.120
22/03/2017,4.676
21/03/2017,4.977
20/03/2017,5.020
18/03/2017,5.095
17/03/2017,5.095
16/03/2017,4.729
15/03/2017,5.095
14/03/2017,5.111
13/03/2017,5.100
10/03/2017,5.238
09/03/2017,4.944
08/03/2017,4.968
07/03/2017,5.048
06/03/2017,4.959
03/03/2017,4.979
02/03/2017,4.452
01/03/2017,4.408
28/02/2017,4.368
27/02/2017,4.322
24/02/2017,4.329
23/02/2017,4.911
22/02/2017,4.961
21/02/2017,4.367
20/02/2017,5.000
17/02/2017,4.347
16/02/2017,4.964
15/02/2017,4.863
14/02/2017,4.291
13/02/2017,4.870
10/02/2017,4.236
09/02/2017,4.241
08/02/2017,4.250
07/02/2017,4.293
06/02/2017,4.251
03/02/2017,4.771
02/02/2017,4.247
01/02/2017,4.302
31/01/2017,4.300
30/01/2017,5.071
27/01/2017,4.332
26/01/2017,4.350
25/01/2017,4.943
24/01/2017,4.321
23/01/2017,4.411
20/01/2017,4.398
19/01/2017,4.313
18/01/2017,4.286
17/01/2017,4.341
16/01/2017,4.362
13/01/2017,4.364
12/01/2017,4.306
11/01/2017,4.979
10/01/2017,5.046
09/01/2017,4.918
06/01/2017,4.745
05/01/2017,4.264
04/01/2017,5.077
03/01/2017,5.139
29/12/2016,4.628
28/12/2016,4.596
27/12/2016,4.733
23/12/2016,5.009
22/12/2016,4.493
21/12/2016,5.086
20/12/2016,5.073
19/12/2016,5.005
16/12/2016,5.005
15/12/2016,4.966
14/12/2016,4.562
13/12/2016,5.043
12/12/2016,5.036
09/12/2016,4.593
08/12/2016,4.524
07/12/2016,5.030
06/12/2016,5.246
05/12/2016,5.225
02/12/2016,4.528
01/12/2016,4.706
29/11/2016,4.520
28/11/2016,5.213
25/11/2016,4.855
24/11/2016,4.464
23/11/2016,4.535
22/11/2016,4.417
21/11/2016,4.404
18/11/2016,4.540
17/11/2016,4.302
16/11/2016,5.023
15/11/2016,4.585
14/11/2016,5.079
11/11/2016,4.941
10/11/2016,3.958
09/11/2016,4.688
08/11/2016,4.684
07/11/2016,4.623
04/11/2016,3.991
03/11/2016,4.584
02/11/2016,4.039
28/10/2016,3.934
27/10/2016,4.445
26/10/2016,3.804
25/10/2016,3.801
24/10/2016,3.792
23/10/2016,3.892
21/10/2016,3.892
20/10/2016,3.863
19/10/2016,3.943
18/10/2016,4.068
17/10/2016,4.170
16/10/2016,3.857
15/10/2016,3.857
14/10/2016,3.857
13/10/2016,3.850
12/10/2016,3.853
11/10/2016,3.832
10/10/2016,3.679
07/10/2016,3.690
06/10/2016,3.664
05/10/2016,3.658
04/10/2016,3.634
03/10/2016,3.634
02/10/2016,3.645
30/09/2016,3.645
29/09/2016,3.635
28/09/2016,3.633
27/09/2016,3.619
26/09/2016,3.609
25/09/2016,3.571
24/09/2016,3.571
23/09/2016,3.571
22/09/2016,3.578
21/09/2016,3.606
20/09/2016,3.550
19/09/2016,3.627
17/09/2016,3.616
16/09/2016,3.616
15/09/2016,3.574
14/09/2016,3.585
13/09/2016,3.433
11/09/2016,3.413
09/09/2016,3.413
08/09/2016,3.262
07/09/2016,3.397
06/09/2016,3.409
05/09/2016,3.432
04/09/2016,3.430
02/09/2016,3.430
01/09/2016,3.416
31/08/2016,3.408
30/08/2016,3.399
29/08/2016,3.393
26/08/2016,3.393
25/08/2016,3.420
24/08/2016,3.427
23/08/2016,3.401
22/08/2016,3.339
21/08/2016,3.344
19/08/2016,3.344
18/08/2016,3.329
17/08/2016,3.345
16/08/2016,3.310
15/08/2016,3.259
14/08/2016,3.247
13/08/2016,3.247
12/08/2016,3.247
11/08/2016,3.214
10/08/2016,3.222
09/08/2016,3.244
08/08/2016,3.231
07/08/2016,3.200
06/08/2016,3.200
05/08/2016,3.200
04/08/2016,3.206
03/08/2016,3.206
02/08/2016,3.195
01/08/2016,3.222
31/07/2016,3.247
29/07/2016,3.247
28/07/2016,3.203
27/07/2016,3.161
26/07/2016,3.228
25/07/2016,3.238
24/07/2016,3.182
22/07/2016,3.182
21/07/2016,3.201
20/07/2016,4.102
19/07/2016,3.875
18/07/2016,4.445
17/07/2016,4.440
15/07/2016,4.440
14/07/2016,4.433
13/07/2016,4.416
12/07/2016,4.293
11/07/2016,4.443
10/07/2016,4.190
08/07/2016,4.190
07/07/2016,4.178
05/07/2016,4.202
04/07/2016,4.197
03/07/2016,4.411
01/07/2016,4.411
30/06/2016,4.218
29/06/2016,4.352
28/06/2016,4.075
27/06/2016,4.435
26/06/2016,4.442
24/06/2016,4.442
23/06/2016,4.083
22/06/2016,4.437
21/06/2016,4.258
20/06/2016,4.418
19/06/2016,4.428
17/06/2016,4.428
16/06/2016,4.437
15/06/2016,4.429
14/06/2016,4.442
13/06/2016,4.429
12/06/2016,4.217
10/06/2016,4.217
09/06/2016,4.410
08/06/2016,4.435
07/06/2016,4.116
06/06/2016,4.549
05/06/2016,4.687
03/06/2016,4.687
02/06/2016,4.369
01/06/2016,4.432
31/05/2016,4.473
30/05/2016,4.453
29/05/2016,4.213
27/05/2016,4.213
26/05/2016,4.232
25/05/2016,4.460
24/05/2016,4.558
23/05/2016,4.473
22/05/2016,4.690
20/05/2016,4.690
19/05/2016,4.347
18/05/2016,4.620
17/05/2016,4.493
16/05/2016,4.701
15/05/2016,4.552
13/05/2016,4.552
12/05/2016,4.327
11/05/2016,4.713
10/05/2016,4.722
08/05/2016,4.702
06/05/2016,4.702
05/05/2016,4.727
04/05/2016,4.227
03/05/2016,4.702
02/05/2016,4.678
01/05/2016,4.582
29/04/2016,4.582
28/04/2016,4.688
27/04/2016,4.712
26/04/2016,4.725
25/04/2016,4.728
24/04/2016,4.698
22/04/2016,4.698
21/04/2016,4.712
20/04/2016,3.675
19/04/2016,4.595
18/04/2016,4.717
15/04/2016,4.470
14/04/2016,4.380
13/04/2016,4.712
12/04/2016,4.738
11/04/2016,4.706
10/04/2016,4.707
08/04/2016,4.707
06/04/2016,4.690
05/04/2016,4.750
04/04/2016,4.747
03/04/2016,4.805
01/04/2016,4.805
31/03/2016,4.690
30/03/2016,4.271
29/03/2016,4.527
28/03/2016,4.938
27/03/2016,4.723
23/03/2016,4.723
22/03/2016,4.770
21/03/2016,4.988
18/03/2016,4.780
17/03/2016,4.972
16/03/2016,4.967
15/03/2016,4.267
14/03/2016,4.257
11/03/2016,4.728
10/03/2016,3.830
09/03/2016,3.826
08/03/2016,3.846
07/03/2016,3.835
04/03/2016,3.814
03/03/2016,3.853
02/03/2016,3.819
01/03/2016,3.797
29/02/2016,3.828
26/02/2016,3.807
24/02/2016,3.827
23/02/2016,3.837
22/02/2016,3.836
19/02/2016,3.816
18/02/2016,3.840
17/02/2016,3.900
16/02/2016,3.972
15/02/2016,3.964
14/02/2016,3.826
12/02/2016,3.826
11/02/2016,3.899
10/02/2016,4.035
09/02/2016,4.067
05/02/2016,4.084
04/02/2016,4.137
03/02/2016,4.166
02/02/2016,4.186
01/02/2016,4.190
29/01/2016,4.207
28/01/2016,4.261
27/01/2016,4.297
26/01/2016,4.329
25/01/2016,4.300
22/01/2016,4.347
21/01/2016,4.385
20/01/2016,4.393
19/01/2016,4.394
18/01/2016,4.419
15/01/2016,4.354
14/01/2016,4.415
13/01/2016,4.293
12/01/2016,4.195
11/01/2016,4.121
10/01/2016,4.114
08/01/2016,4.114
07/01/2016,4.126
06/01/2016,4.139
05/01/2016,4.114
04/01/2016,4.120
31/12/2015,4.100
29/12/2015,4.100
28/12/2015,4.099
23/12/2015,4.608
22/12/2015,4.099
21/12/2015,4.089
18/12/2015,4.100
17/12/2015,4.088
16/12/2015,4.110
15/12/2015,4.113
14/12/2015,4.126
11/12/2015,4.116
10/12/2015,4.128
09/12/2015,4.117
08/12/2015,4.091
07/12/2015,4.086
04/12/2015,4.077
03/12/2015,4.071
02/12/2015,4.070
01/12/2015,4.066
27/11/2015,4.070
26/11/2015,4.109
25/11/2015,4.075
24/11/2015,4.076
23/11/2015,4.075
22/11/2015,4.091
16/11/2015,4.091
13/11/2015,4.065
12/11/2015,4.063
11/11/2015,4.092
10/11/2015,3.868
09/11/2015,3.830
06/11/2015,3.752
05/11/2015,3.785
04/11/2015,3.753
03/11/2015,3.746
02/11/2015,3.735
30/10/2015,3.720
29/10/2015,3.677
28/10/2015,3.670
27/10/2015,3.675
26/10/2015,3.678
23/10/2015,3.677
22/10/2015,3.674
21/10/2015,3.676
20/10/2015,3.673
19/10/2015,3.673
18/10/2015,3.670
16/10/2015,3.670
15/10/2015,3.665
14/10/2015,3.685
13/10/2015,3.711
12/10/2015,3.720
11/10/2015,3.726
09/10/2015,3.726
08/10/2015,3.731
07/10/2015,3.732
06/10/2015,3.722
05/10/2015,3.733
04/10/2015,3.768
03/10/2015,3.768
02/10/2015,3.768
01/10/2015,3.777
30/09/2015,3.799
29/09/2015,3.766
28/09/2015,3.743
27/09/2015,3.737
24/09/2015,3.737
23/09/2015,3.733
22/09/2015,3.722
21/09/2015,3.707
20/09/2015,3.728
18/09/2015,3.728
17/09/2015,3.777
16/09/2015,3.769
15/09/2015,3.767
14/09/2015,3.775
13/09/2015,3.730
11/09/2015,3.730
10/09/2015,3.713
09/09/2015,3.671
08/09/2015,3.645
07/09/2015,4.273
04/09/2015,4.260
03/09/2015,4.478
02/09/2015,4.250
01/09/2015,4.360
31/08/2015,4.360
29/08/2015,4.360
28/08/2015,4.360
27/08/2015,4.360
26/08/2015,4.272
25/08/2015,4.263
24/08/2015,4.252
23/08/2015,4.262
20/08/2015,4.262
19/08/2015,4.235
18/08/2015,4.352
17/08/2015,4.335
16/08/2015,4.258
14/08/2015,4.258
13/08/2015,4.230
12/08/2015,4.240
11/08/2015,4.382
10/08/2015,4.237
09/08/2015,4.218
07/08/2015,4.218
06/08/2015,4.320
05/08/2015,4.170
04/08/2015,4.302
03/08/2015,4.262
02/08/2015,4.185
31/07/2015,4.185
30/07/2015,4.362
29/07/2015,4.338
28/07/2015,4.352
27/07/2015,4.397
26/07/2015,4.270
24/07/2015,4.270
23/07/2015,4.380
22/07/2015,4.375
21/07/2015,4.412
20/07/2015,4.345
19/07/2015,4.353
18/07/2015,4.353
16/07/2015,4.353
15/07/2015,4.358
14/07/2015,4.365
13/07/2015,4.367
12/07/2015,4.393
10/07/2015,4.393
09/07/2015,4.375
08/07/2015,4.370
07/07/2015,4.350
06/07/2015,4.395
05/07/2015,4.355
03/07/2015,4.355
02/07/2015,4.447
01/07/2015,4.340
30/06/2015,4.355
29/06/2015,4.342
28/06/2015,4.385
26/06/2015,4.385
25/06/2015,4.380
24/06/2015,4.367
23/06/2015,4.342
22/06/2015,4.373
21/06/2015,4.353
19/06/2015,4.353
18/06/2015,4.373
17/06/2015,4.367
16/06/2015,4.355
15/06/2015,4.368
14/06/2015,4.373
11/06/2015,4.373
10/06/2015,4.352
09/06/2015,4.352
08/06/2015,4.325
07/06/2015,4.385
05/06/2015,4.385
04/06/2015,4.370
03/06/2015,4.373
02/06/2015,4.368
01/06/2015,4.358
31/05/2015,4.347
30/05/2015,4.347
29/05/2015,4.347
28/05/2015,4.343
27/05/2015,4.315
26/05/2015,4.363
25/05/2015,4.357
24/05/2015,4.375
22/05/2015,4.375
21/05/2015,4.347
20/05/2015,4.348
19/05/2015,4.368
18/05/2015,4.363
17/05/2015,4.382
15/05/2015,4.382
14/05/2015,4.367
13/05/2015,4.417
12/05/2015,4.400
11/05/2015,4.393
10/05/2015,4.410
08/05/2015,4.410
07/05/2015,4.483
06/05/2015,4.462
05/05/2015,4.497
04/05/2015,4.503
03/05/2015,4.313
30/04/2015,4.313
29/04/2015,4.133
28/04/2015,4.110
27/04/2015,4.095
26/04/2015,4.116
24/04/2015,4.116
23/04/2015,4.092
22/04/2015,4.097
21/04/2015,4.133
20/04/2015,4.110
19/04/2015,4.110
17/04/2015,4.110
16/04/2015,4.117
15/04/2015,4.113
14/04/2015,4.113
13/04/2015,4.193
12/04/2015,4.155
10/04/2015,4.155
09/04/2015,4.167
08/04/2015,4.167
07/04/2015,4.138
06/04/2015,4.155
05/04/2015,4.165
01/04/2015,4.165
31/03/2015,4.061
30/03/2015,4.061
29/03/2015,4.116
27/03/2015,4.116
26/03/2015,4.077
25/03/2015,4.050
24/03/2015,4.073
23/03/2015,4.055
20/03/2015,4.061
19/03/2015,4.064
18/03/2015,4.104
17/03/2015,4.066
16/03/2015,4.068
13/03/2015,4.059
12/03/2015,4.045
11/03/2015,4.059
10/03/2015,4.055
09/03/2015,4.070
06/03/2015,3.980
05/03/2015,3.952
04/03/2015,3.975
03/03/2015,3.934
02/03/2015,3.945
27/02/2015,3.954
26/02/2015,3.952
25/02/2015,3.973
24/02/2015,4.016
23/02/2015,3.996
20/02/2015,4.007
19/02/2015,4.048
18/02/2015,4.048
17/02/2015,3.966
16/02/2015,3.957
13/02/2015,3.945
12/02/2015,3.966
11/02/2015,3.986
10/02/2015,3.968
09/02/2015,3.947
06/02/2015,3.927
05/02/2015,4.002
04/02/2015,4.057
03/02/2015,4.009
02/02/2015,4.020
01/02/2015,4.034
30/01/2015,4.034
29/01/2015,4.075
28/01/2015,4.082
27/01/2015,4.107
26/01/2015,3.961
23/01/2015,4.184
22/01/2015,4.277
21/01/2015,4.252
20/01/2015,4.227
14/01/2015,4.271
13/01/2015,4.266
12/01/2015,4.305
09/01/2015,4.286
08/01/2015,4.398
07/01/2015,4.323
06/01/2015,4.336
05/01/2015,4.323
29/12/2014,4.371
28/12/2014,4.400
24/12/2014,4.400
23/12/2014,4.400
22/12/2014,4.359
19/12/2014,4.341
18/12/2014,4.375
17/12/2014,4.416
16/12/2014,4.396
15/12/2014,4.396
14/12/2014,4.165
12/12/2014,4.165
11/12/2014,4.344
10/12/2014,4.323
09/12/2014,4.338
05/12/2014,4.323
04/12/2014,4.309
03/12/2014,4.252
02/12/2014,4.317
01/12/2014,4.279
30/11/2014,4.144
28/11/2014,4.144
27/11/2014,4.215
26/11/2014,4.084
25/11/2014,4.233
24/11/2014,4.296
21/11/2014,4.292
20/11/2014,4.250
19/11/2014,4.260
18/11/2014,4.175
17/11/2014,4.221
16/11/2014,4.275
14/11/2014,4.275
13/11/2014,4.208
12/11/2014,4.287
11/11/2014,4.269
10/11/2014,4.258
07/11/2014,4.102
06/11/2014,4.096
05/11/2014,4.084
04/11/2014,4.079
03/11/2014,4.100
31/10/2014,4.113
30/10/2014,4.130
29/10/2014,4.156
28/10/2014,4.190
27/10/2014,4.169
24/10/2014,4.180
23/10/2014,4.170
22/10/2014,4.144
21/10/2014,4.162
20/10/2014,4.207
17/10/2014,4.195
16/10/2014,4.188
15/10/2014,4.146
14/10/2014,4.141
13/10/2014,4.128
10/10/2014,4.224
09/10/2014,4.254
08/10/2014,4.263
07/10/2014,4.308
03/10/2014,4.315
02/10/2014,4.300
01/10/2014,4.335
30/09/2014,4.347
29/09/2014,4.344
27/09/2014,4.350
26/09/2014,4.350
25/09/2014,4.353
24/09/2014,4.380
23/09/2014,4.381
18/09/2014,4.375
17/09/2014,4.342
16/09/2014,4.410
15/09/2014,4.437
14/09/2014,4.397
13/09/2014,4.397
12/09/2014,4.397
11/09/2014,4.431
10/09/2014,4.429
09/09/2014,4.416
08/09/2014,4.365
07/09/2014,4.395
05/09/2014,4.395
04/09/2014,4.379
03/09/2014,4.369
02/09/2014,4.379
01/09/2014,4.365
31/08/2014,4.338
30/08/2014,4.338
29/08/2014,4.338
28/08/2014,4.338
27/08/2014,4.340
26/08/2014,4.356
25/08/2014,4.365
22/08/2014,4.365
21/08/2014,4.325
20/08/2014,4.325
19/08/2014,4.302
18/08/2014,4.331
17/08/2014,4.327
15/08/2014,4.327
14/08/2014,4.321
13/08/2014,4.319
12/08/2014,4.327
11/08/2014,4.338
10/08/2014,4.235
08/08/2014,4.235
07/08/2014,4.246
06/08/2014,4.236
05/08/2014,4.215
04/08/2014,4.217
03/08/2014,4.202
02/08/2014,4.202
01/08/2014,4.202
31/07/2014,4.208
30/07/2014,4.202
28/07/2014,4.231
27/07/2014,4.238
25/07/2014,4.238
24/07/2014,4.233
23/07/2014,4.233
22/07/2014,4.229
21/07/2014,4.227
20/07/2014,4.233
18/07/2014,4.233
17/07/2014,4.167
15/07/2014,4.167
14/07/2014,4.165
13/07/2014,4.162
12/07/2014,4.162
11/07/2014,4.162
10/07/2014,4.160
09/07/2014,4.152
08/07/2014,4.148
07/07/2014,4.173
06/07/2014,4.202
04/07/2014,4.202
03/07/2014,4.198
02/07/2014,4.161
01/07/2014,4.167
30/06/2014,4.167
29/06/2014,4.165
27/06/2014,4.165
26/06/2014,4.161
25/06/2014,4.171
24/06/2014,4.160
23/06/2014,4.173
22/06/2014,4.188
20/06/2014,4.188
19/06/2014,4.202
18/06/2014,4.179
17/06/2014,4.154
16/06/2014,4.169
15/06/2014,4.183
13/06/2014,4.183
12/06/2014,4.190
11/06/2014,4.190
10/06/2014,4.142
09/06/2014,4.165
08/06/2014,4.088
06/06/2014,4.088
05/06/2014,4.185
04/06/2014,4.146
03/06/2014,4.158
02/06/2014,4.175
01/06/2014,4.144
30/05/2014,4.144
29/05/2014,4.198
28/05/2014,4.165
27/05/2014,4.158
26/05/2014,4.175
25/05/2014,4.146
23/05/2014,4.146
22/05/2014,4.160
21/05/2014,4.262
20/05/2014,4.266
19/05/2014,4.321
18/05/2014,4.268
16/05/2014,4.268
15/05/2014,4.310
14/05/2014,4.329
13/05/2014,4.371
12/05/2014,4.358
11/05/2014,4.317
09/05/2014,4.317
08/05/2014,4.352
07/05/2014,4.354
06/05/2014,4.381
05/05/2014,4.410
04/05/2014,4.404
02/05/2014,4.404
01/05/2014,4.406
30/04/2014,4.406
29/04/2014,4.410
28/04/2014,4.410
27/04/2014,4.412
25/04/2014,4.412
24/04/2014,4.365
23/04/2014,4.417
22/04/2014,4.475
21/04/2014,4.471
20/04/2014,4.402
16/04/2014,4.402
15/04/2014,4.415
14/04/2014,4.412
13/04/2014,4.383
11/04/2014,4.383
10/04/2014,4.404
09/04/2014,4.411
08/04/2014,4.411
07/04/2014,4.373
06/04/2014,4.419
04/04/2014,4.419
03/04/2014,4.411
02/04/2014,4.407
01/04/2014,4.440
31/03/2014,4.456
30/03/2014,4.471
28/03/2014,4.471
27/03/2014,4.450
26/03/2014,4.479
25/03/2014,4.625
24/03/2014,4.627
23/03/2014,4.571
22/03/2014,4.571
21/03/2014,4.571
20/03/2014,4.571
19/03/2014,4.258
18/03/2014,4.160
17/03/2014,4.163
16/03/2014,4.177
14/03/2014,4.177
13/03/2014,4.221
12/03/2014,4.290
11/03/2014,4.217
10/03/2014,4.319
09/03/2014,4.293
07/03/2014,4.293
06/03/2014,4.338
05/03/2014,4.338
04/03/2014,4.335
03/03/2014,4.332
28/02/2014,4.346
27/02/2014,4.319
26/02/2014,4.285
25/02/2014,4.348
24/02/2014,4.325
23/02/2014,4.325
21/02/2014,4.325
20/02/2014,4.351
19/02/2014,4.329
18/02/2014,4.331
17/02/2014,4.335
16/02/2014,4.330
14/02/2014,4.330
13/02/2014,4.342
12/02/2014,4.329
11/02/2014,4.342
10/02/2014,4.340
09/02/2014,4.363
07/02/2014,4.363
06/02/2014,4.300
05/02/2014,4.319
04/02/2014,4.300
03/02/2014,4.300
02/02/2014,4.280
30/01/2014,4.280
29/01/2014,4.290
28/01/2014,4.283
27/01/2014,4.289
24/01/2014,4.308
23/01/2014,4.294
22/01/2014,4.302
21/01/2014,4.281
20/01/2014,4.287
19/01/2014,4.298
17/01/2014,4.298
16/01/2014,4.294
15/01/2014,4.281
14/01/2014,4.227
13/01/2014,4.254
12/01/2014,4.240
10/01/2014,4.240
09/01/2014,4.271
08/01/2014,4.283
07/01/2014,4.287
06/01/2014,4.260
05/01/2014,4.085
03/01/2014,4.085
02/01/2014,4.120
01/01/2014,3.804
30/12/2013,3.804
27/12/2013,3.804
26/12/2013,3.783
25/12/2013,3.724
23/12/2013,3.724
22/12/2013,3.713
20/12/2013,3.713
19/12/2013,3.743
18/12/2013,3.696
17/12/2013,3.708
16/12/2013,3.710
15/12/2013,3.701
13/12/2013,3.701
12/12/2013,3.692
11/12/2013,3.707
10/12/2013,3.742
09/12/2013,3.719
06/12/2013,3.660
05/12/2013,3.653
04/12/2013,3.648
03/12/2013,3.640
02/12/2013,3.644
29/11/2013,3.652
28/11/2013,3.630
27/11/2013,3.605
26/11/2013,3.624
25/11/2013,3.594
22/11/2013,3.626
21/11/2013,3.657
20/11/2013,3.648
19/11/2013,3.585
18/11/2013,3.610
17/11/2013,3.646
15/11/2013,3.646
14/11/2013,3.681
13/11/2013,3.658
12/11/2013,3.675
11/11/2013,3.652
08/11/2013,3.531
07/11/2013,3.519
06/11/2013,3.554
05/11/2013,3.565
04/11/2013,3.635
03/11/2013,3.633
31/10/2013,3.633
30/10/2013,3.602
29/10/2013,3.629
27/10/2013,3.648
25/10/2013,3.648
24/10/2013,3.694
23/10/2013,3.808
22/10/2013,3.865
21/10/2013,4.093
18/10/2013,3.837
17/10/2013,3.844
16/10/2013,3.833
14/10/2013,3.852
11/10/2013,3.844
10/10/2013,3.898
09/10/2013,3.873
08/10/2013,3.892
07/10/2013,3.904
04/10/2013,3.883
03/10/2013,3.958
02/10/2013,3.848
01/10/2013,3.856
30/09/2013,3.844
29/09/2013,3.777
27/09/2013,3.777
26/09/2013,3.838
25/09/2013,3.763
24/09/2013,3.706
23/09/2013,3.721
22/09/2013,3.721
20/09/2013,3.721
19/09/2013,3.766
18/09/2013,3.767
17/09/2013,3.735
16/09/2013,3.748
15/09/2013,3.765
13/09/2013,3.765
12/09/2013,3.742
11/09/2013,3.735
10/09/2013,3.755
09/09/2013,3.779
08/09/2013,3.758
07/09/2013,3.758
06/09/2013,3.758
05/09/2013,3.760
04/09/2013,3.756
03/09/2013,3.773
02/09/2013,3.754
01/09/2013,3.750
30/08/2013,3.750
29/08/2013,3.760
28/08/2013,3.758
27/08/2013,3.754
23/08/2013,3.727
22/08/2013,3.638
16/08/2013,3.567
15/08/2013,3.544
14/08/2013,3.683
13/08/2013,3.673
12/08/2013,3.694
11/08/2013,3.685
10/08/2013,3.685
08/08/2013,3.685
07/08/2013,3.671
06/08/2013,3.735
05/08/2013,3.681
02/08/2013,3.625
01/08/2013,3.608
31/07/2013,3.765
30/07/2013,3.975
29/07/2013,3.967
26/07/2013,3.973
25/07/2013,3.973
24/07/2013,3.960
23/07/2013,3.965
22/07/2013,3.981
19/07/2013,3.973
18/07/2013,3.971
17/07/2013,4.008
16/07/2013,4.054
15/07/2013,4.202
12/07/2013,4.183
11/07/2013,4.302
10/07/2013,4.281
09/07/2013,4.306
08/07/2013,4.429
05/07/2013,4.525
04/07/2013,4.179
03/07/2013,4.271
02/07/2013,4.223
01/07/2013,4.254
28/06/2013,4.277
27/06/2013,4.398
26/06/2013,4.383
25/06/2013,4.273
24/06/2013,4.042
23/06/2013,3.940
21/06/2013,3.940
20/06/2013,3.898
19/06/2013,3.617
18/06/2013,3.591
17/06/2013,3.581
16/06/2013,3.583
14/06/2013,3.583
13/06/2013,3.579
11/06/2013,3.543
10/06/2013,3.570
08/06/2013,3.566
07/06/2013,3.566
06/06/2013,3.546
05/06/2013,3.540
04/06/2013,3.589
03/06/2013,3.586
31/05/2013,3.540
30/05/2013,3.879
29/05/2013,4.217
28/05/2013,3.506
27/05/2013,3.252
25/05/2013,3.108
24/05/2013,3.108
23/05/2013,3.431
22/05/2013,3.379
21/05/2013,3.375
20/05/2013,3.161
17/05/2013,3.042
16/05/2013,3.040
15/05/2013,3.077
14/05/2013,3.204
10/05/2013,3.200
09/05/2013,3.392
08/05/2013,3.242
07/05/2013,3.321
06/05/2013,3.352
03/05/2013,3.431
02/05/2013,3.469
30/04/2013,3.481
29/04/2013,3.465
26/04/2013,3.294
25/04/2013,3.273
24/04/2013,3.190
23/04/2013,3.050
22/04/2013,3.440
19/04/2013,3.450
18/04/2013,3.431
17/04/2013,3.442
16/04/2013,3.458
15/04/2013,3.635
12/04/2013,3.763
11/04/2013,3.533
10/04/2013,3.535
08/04/2013,3.435
05/04/2013,3.408
04/04/2013,3.321
03/04/2013,3.295
02/04/2013,3.423
01/04/2013,3.293
27/03/2013,3.529
26/03/2013,3.517
25/03/2013,3.583
22/03/2013,3.690
21/03/2013,3.498
20/03/2013,3.519
19/03/2013,3.529
18/03/2013,3.490
17/03/2013,3.529
15/03/2013,3.529
14/03/2013,3.446
13/03/2013,3.521
12/03/2013,3.504
11/03/2013,3.659
08/03/2013,3.708
07/03/2013,3.902
06/03/2013,3.523
05/03/2013,4.088
04/03/2013,3.744
01/03/2013,3.741
28/02/2013,3.866
27/02/2013,4.265
26/02/2013,4.153
25/02/2013,4.144
22/02/2013,4.154
21/02/2013,4.173
20/02/2013,3.975
19/02/2013,4.265
18/02/2013,3.957
17/02/2013,3.892
15/02/2013,3.892
14/02/2013,3.992
13/02/2013,4.073
12/02/2013,4.094
11/02/2013,4.110
09/02/2013,4.077
08/02/2013,4.077
07/02/2013,4.165
06/02/2013,4.127
05/02/2013,4.207
04/02/2013,4.192
01/02/2013,4.173
31/01/2013,4.242
30/01/2013,4.339
29/01/2013,4.358
28/01/2013,4.407
25/01/2013,4.464
24/01/2013,4.527
23/01/2013,4.514
22/01/2013,4.592
21/01/2013,4.544
18/01/2013,4.529
17/01/2013,4.500
16/01/2013,4.531
15/01/2013,4.508
14/01/2013,4.591
13/01/2013,4.473
11/01/2013,4.473
10/01/2013,4.350
09/01/2013,4.366
08/01/2013,4.375
07/01/2013,4.358
04/01/2013,4.392
03/01/2013,4.403
02/01/2013,4.416
01/01/2013,4.400
30/12/2012,4.400
28/12/2012,4.400
27/12/2012,4.411
26/12/2012,4.458
23/12/2012,4.411
22/12/2012,4.411
21/12/2012,4.411
20/12/2012,4.452
19/12/2012,4.432
18/12/2012,4.404
17/12/2012,4.411
14/12/2012,4.383
13/12/2012,4.413
12/12/2012,4.387
11/12/2012,4.415
10/12/2012,4.290
07/12/2012,4.404
06/12/2012,4.442
05/12/2012,4.394
04/12/2012,5.022
03/12/2012,5.047
29/11/2012,5.038
28/11/2012,5.098
27/11/2012,5.006
26/11/2012,5.035
23/11/2012,5.021
22/11/2012,5.085
21/11/2012,5.135
20/11/2012,5.115
19/11/2012,5.173
16/11/2012,5.156
15/11/2012,5.114
14/11/2012,5.131
13/11/2012,5.088
12/11/2012,5.077
09/11/2012,5.077
08/11/2012,5.154
07/11/2012,4.942
06/11/2012,5.082
05/11/2012,5.110
03/11/2012,5.107
31/10/2012,5.107
30/10/2012,5.094
29/10/2012,5.098
25/10/2012,5.150
24/10/2012,4.994
23/10/2012,5.167
22/10/2012,5.175
19/10/2012,5.165
18/10/2012,5.179
17/10/2012,4.997
16/10/2012,5.075
15/10/2012,5.056
12/10/2012,4.886
11/10/2012,4.894
10/10/2012,4.908
09/10/2012,4.958
08/10/2012,4.965
05/10/2012,4.925
04/10/2012,4.941
03/10/2012,4.919
02/10/2012,4.948
01/10/2012,4.913
28/09/2012,4.896
27/09/2012,4.871
26/09/2012,4.900
25/09/2012,4.886
24/09/2012,4.867
23/09/2012,4.863
22/09/2012,4.863
21/09/2012,4.863
20/09/2012,4.845
19/09/2012,4.874
18/09/2012,4.874
17/09/2012,4.884
14/09/2012,4.892
13/09/2012,4.866
12/09/2012,4.885
11/09/2012,4.971
10/09/2012,4.989
07/09/2012,4.969
06/09/2012,5.006
05/09/2012,5.013
04/09/2012,5.008
03/09/2012,5.015
31/08/2012,5.030
30/08/2012,5.056
29/08/2012,5.032
28/08/2012,5.032
24/08/2012,5.036
23/08/2012,5.050
22/08/2012,5.020
21/08/2012,5.015
17/08/2012,5.015
16/08/2012,5.002
15/08/2012,5.033
14/08/2012,5.027
13/08/2012,5.059
10/08/2012,5.036
09/08/2012,4.984
08/08/2012,5.054
06/08/2012,4.983
03/08/2012,5.023
02/08/2012,5.018
01/08/2012,5.034
31/07/2012,5.119
30/07/2012,5.116
27/07/2012,5.118
26/07/2012,5.127
25/07/2012,5.163
24/07/2012,5.169
23/07/2012,5.151
20/07/2012,5.285
19/07/2012,5.723
18/07/2012,5.692
17/07/2012,5.648
16/07/2012,5.744
13/07/2012,5.760
12/07/2012,5.813
11/07/2012,5.617
10/07/2012,5.825
09/07/2012,5.812
06/07/2012,5.792
05/07/2012,5.767
04/07/2012,5.896
03/07/2012,5.848
02/07/2012,5.933
29/06/2012,5.919
28/06/2012,5.894
27/06/2012,5.719
26/06/2012,5.944
25/06/2012,5.908
22/06/2012,5.965
21/06/2012,5.904
20/06/2012,5.944
19/06/2012,5.937
18/06/2012,5.948
15/06/2012,5.994
14/06/2012,5.985
13/06/2012,5.960
11/06/2012,5.979
08/06/2012,6.019
07/06/2012,6.010
06/06/2012,6.019
05/06/2012,6.017
04/06/2012,6.021
01/06/2012,6.008
31/05/2012,6.050
30/05/2012,5.992
29/05/2012,6.025
28/05/2012,5.848
25/05/2012,6.031
24/05/2012,6.011
23/05/2012,6.008
22/05/2012,6.026
21/05/2012,5.975
18/05/2012,5.944
17/05/2012,5.973
16/05/2012,5.927
15/05/2012,5.915
14/05/2012,5.927
11/05/2012,5.846
10/05/2012,5.694
09/05/2012,5.952
08/05/2012,5.846
07/05/2012,5.917
04/05/2012,5.843
03/05/2012,5.809
02/05/2012,5.906
30/04/2012,5.786
27/04/2012,5.860
26/04/2012,5.828
25/04/2012,5.823
24/04/2012,5.835
23/04/2012,5.811
20/04/2012,5.839
19/04/2012,5.832
18/04/2012,5.808
17/04/2012,5.817
16/04/2012,5.813
13/04/2012,5.794
12/04/2012,5.765
11/04/2012,5.796
10/04/2012,5.804
04/04/2012,5.764
03/04/2012,5.746
02/04/2012,5.792
30/03/2012,5.796
29/03/2012,5.883
28/03/2012,5.940
27/03/2012,5.840
26/03/2012,6.085
23/03/2012,5.925
22/03/2012,5.919
21/03/2012,6.215
20/03/2012,5.792
19/03/2012,5.837
16/03/2012,5.794
15/03/2012,5.667
14/03/2012,5.661
13/03/2012,5.537
12/03/2012,5.480
09/03/2012,5.222
08/03/2012,5.228
07/03/2012,5.313
06/03/2012,5.294
05/03/2012,5.311
02/03/2012,5.274
01/03/2012,5.165
29/02/2012,5.217
28/02/2012,5.226
27/02/2012,5.225
24/02/2012,5.125
23/02/2012,5.142
22/02/2012,5.236
21/02/2012,4.984
20/02/2012,5.049
17/02/2012,5.072
16/02/2012,5.043
15/02/2012,5.106
14/02/2012,5.133
13/02/2012,5.120
10/02/2012,5.097
09/02/2012,5.081
08/02/2012,5.139
07/02/2012,5.198
06/02/2012,5.129
03/02/2012,5.211
02/02/2012,5.259
01/02/2012,5.301
31/01/2012,5.390
30/01/2012,5.391
27/01/2012,5.367
26/01/2012,5.316
25/01/2012,5.383
24/01/2012,5.375
20/01/2012,5.371
19/01/2012,5.365
18/01/2012,5.389
17/01/2012,5.400
16/01/2012,5.415
13/01/2012,5.338
12/01/2012,5.378
11/01/2012,5.409
10/01/2012,5.503
09/01/2012,5.442
06/01/2012,5.449
05/01/2012,5.339
04/01/2012,5.434
03/01/2012,5.611
02/01/2012,5.498
29/12/2011,5.413
28/12/2011,5.456
27/12/2011,5.413
26/12/2011,5.431
23/12/2011,5.425
22/12/2011,5.326
21/12/2011,5.394
20/12/2011,5.548
19/12/2011,5.642
16/12/2011,5.696
15/12/2011,5.715
14/12/2011,5.751
13/12/2011,5.713
12/12/2011,5.767
09/12/2011,5.714
08/12/2011,5.708
07/12/2011,5.818
06/12/2011,5.783
05/12/2011,5.830
02/12/2011,5.879
01/12/2011,5.825
29/11/2011,5.884
28/11/2011,5.902
25/11/2011,5.929
24/11/2011,5.874
23/11/2011,5.857
22/11/2011,5.877
21/11/2011,5.867
18/11/2011,5.895
17/11/2011,5.894
16/11/2011,5.852
15/11/2011,5.889
14/11/2011,5.897
11/11/2011,5.903
10/11/2011,5.905
09/11/2011,5.900
08/11/2011,5.950
04/11/2011,5.966
03/11/2011,5.948
02/11/2011,6.008
28/10/2011,5.919
27/10/2011,5.960
26/10/2011,5.985
25/10/2011,6.000
24/10/2011,5.998
21/10/2011,5.983
20/10/2011,5.986
19/10/2011,6.013
18/10/2011,6.085
17/10/2011,6.008
14/10/2011,6.008
13/10/2011,5.930
12/10/2011,5.933
11/10/2011,5.894
10/10/2011,6.083
07/10/2011,6.117
06/10/2011,6.181
05/10/2011,6.248
04/10/2011,6.321
03/10/2011,6.214
30/09/2011,6.227
29/09/2011,6.273
28/09/2011,6.475
26/09/2011,6.627
23/09/2011,6.750
22/09/2011,6.275
21/09/2011,6.165
20/09/2011,6.590
19/09/2011,6.227
16/09/2011,6.075
15/09/2011,5.925
14/09/2011,5.654
13/09/2011,5.698
12/09/2011,5.720
09/09/2011,5.773
08/09/2011,5.728
07/09/2011,5.746
06/09/2011,5.697
05/09/2011,5.754
02/09/2011,5.752
01/09/2011,5.816
31/08/2011,5.924
26/08/2011,5.942
25/08/2011,5.969
24/08/2011,5.966
23/08/2011,5.859
22/08/2011,5.879
19/08/2011,5.880
18/08/2011,5.905
17/08/2011,5.935
16/08/2011,5.990
15/08/2011,6.016
12/08/2011,6.024
11/08/2011,6.113
10/08/2011,6.094
09/08/2011,6.146
08/08/2011,6.091
05/08/2011,6.145
04/08/2011,6.017
03/08/2011,6.047
02/08/2011,6.115
01/08/2011,6.222
29/07/2011,6.307
28/07/2011,6.221
27/07/2011,6.265
26/07/2011,6.346
25/07/2011,6.356
22/07/2011,6.411
21/07/2011,6.358
20/07/2011,6.438
19/07/2011,6.483
18/07/2011,6.508
15/07/2011,6.462
14/07/2011,6.540
13/07/2011,6.548
12/07/2011,6.623
11/07/2011,6.500
08/07/2011,6.554
07/07/2011,6.477
06/07/2011,6.525
05/07/2011,6.444
04/07/2011,6.492
01/07/2011,6.563
30/06/2011,6.558
29/06/2011,6.591
28/06/2011,6.574
27/06/2011,6.562
24/06/2011,6.540
23/06/2011,6.679
22/06/2011,6.646
21/06/2011,6.592
17/06/2011,6.554
16/06/2011,6.610
15/06/2011,6.581
14/06/2011,6.617
13/06/2011,6.675
10/06/2011,6.478
09/06/2011,6.496
08/06/2011,6.499
07/06/2011,6.665
06/06/2011,6.681
03/06/2011,6.646
02/06/2011,6.688
01/06/2011,6.631
31/05/2011,6.579
30/05/2011,6.510
27/05/2011,6.579
26/05/2011,6.535
25/05/2011,6.504
24/05/2011,6.567
23/05/2011,6.494
20/05/2011,6.519
19/05/2011,6.594
18/05/2011,6.667
17/05/2011,6.631
16/05/2011,6.540
13/05/2011,6.542
12/05/2011,6.521
11/05/2011,6.571
10/05/2011,6.548
09/05/2011,6.636
06/05/2011,6.610
05/05/2011,6.510
04/05/2011,6.463
03/05/2011,6.427
02/05/2011,6.385
29/04/2011,6.454
28/04/2011,6.444
27/04/2011,6.604
26/04/2011,6.652
25/04/2011,6.521
20/04/2011,6.603
19/04/2011,6.652
18/04/2011,6.704
15/04/2011,6.847
14/04/2011,6.900
13/04/2011,7.006
12/04/2011,7.031
11/04/2011,6.938
08/04/2011,6.909
07/04/2011,6.655
06/04/2011,6.929
05/04/2011,7.157
04/04/2011,7.177
01/04/2011,7.186
31/03/2011,7.206
30/03/2011,7.255
29/03/2011,7.194
28/03/2011,7.212
25/03/2011,7.327
24/03/2011,7.415
23/03/2011,7.413
22/03/2011,7.406
21/03/2011,7.398
18/03/2011,7.495
17/03/2011,7.590
16/03/2011,7.516
15/03/2011,7.565
14/03/2011,7.562
11/03/2011,7.519
10/03/2011,7.550
09/03/2011,7.614
08/03/2011,7.515
07/03/2011,7.544
04/03/2011,7.542
03/03/2011,7.529
02/03/2011,7.571
01/03/2011,7.435
28/02/2011,7.410
25/02/2011,7.440
24/02/2011,7.523
23/02/2011,7.533
22/02/2011,7.717
21/02/2011,7.456
18/02/2011,7.481
17/02/2011,7.565
16/02/2011,7.533
15/02/2011,7.429
14/02/2011,7.677
11/02/2011,7.469
10/02/2011,7.056
09/02/2011,7.375
08/02/2011,6.911
07/02/2011,6.994
04/02/2011,6.837
03/02/2011,6.751
02/02/2011,6.831
01/02/2011,6.973
31/01/2011,7.196
28/01/2011,6.885
27/01/2011,7.142
26/01/2011,7.425
25/01/2011,7.464
24/01/2011,7.458
21/01/2011,7.787
20/01/2011,7.065
19/01/2011,7.044
18/01/2011,6.500
17/01/2011,6.371
14/01/2011,6.264
13/01/2011,6.179
12/01/2011,6.242
11/01/2011,6.400
10/01/2011,6.277
07/01/2011,6.221
06/01/2011,6.073
05/01/2011,6.077
04/01/2011,6.054
03/01/2011,6.035
30/12/2010,6.100
29/12/2010,6.125
28/12/2010,6.092
23/12/2010,6.090
22/12/2010,6.077
21/12/2010,6.096
20/12/2010,6.089
17/12/2010,6.100
16/12/2010,5.997
15/12/2010,5.989
14/12/2010,6.015
13/12/2010,6.008
10/12/2010,5.993
09/12/2010,6.046
08/12/2010,6.031
07/12/2010,6.000
06/12/2010,5.979
03/12/2010,5.992
02/12/2010,6.122
01/12/2010,6.042
30/11/2010,6.004
26/11/2010,5.941
25/11/2010,5.935
24/11/2010,5.910
23/11/2010,5.900
22/11/2010,5.910
19/11/2010,5.875
18/11/2010,5.898
17/11/2010,5.921
15/11/2010,5.733
12/11/2010,5.821
11/11/2010,5.935
10/11/2010,5.969
09/11/2010,6.021
08/11/2010,5.970
05/11/2010,5.950
04/11/2010,5.930
03/11/2010,5.965
02/11/2010,5.961
29/10/2010,5.958
28/10/2010,5.954
27/10/2010,6.077
26/10/2010,5.964
25/10/2010,5.875
22/10/2010,5.875
21/10/2010,5.942
20/10/2010,5.875
19/10/2010,5.898
18/10/2010,5.938
15/10/2010,5.886
14/10/2010,5.940
13/10/2010,6.025
12/10/2010,6.047
11/10/2010,6.099
08/10/2010,6.106
07/10/2010,6.115
06/10/2010,6.144
05/10/2010,6.155
04/10/2010,6.199
01/10/2010,6.240
30/09/2010,6.233
29/09/2010,6.297
28/09/2010,6.229
27/09/2010,6.315
24/09/2010,6.240
23/09/2010,6.336
22/09/2010,6.360
21/09/2010,6.423
20/09/2010,6.433
17/09/2010,6.448
16/09/2010,6.361
15/09/2010,6.339
14/09/2010,6.375
13/09/2010,6.233
09/09/2010,6.478
08/09/2010,6.334
07/09/2010,6.360
06/09/2010,6.541
03/09/2010,6.673
02/09/2010,6.781
01/09/2010,6.823
31/08/2010,6.937
27/08/2010,7.050
26/08/2010,7.161
25/08/2010,7.211
24/08/2010,7.242
23/08/2010,7.229
20/08/2010,7.256
19/08/2010,7.221
18/08/2010,7.283
17/08/2010,7.067
16/08/2010,7.025
13/08/2010,6.944
12/08/2010,7.198
11/08/2010,7.266
10/08/2010,7.427
09/08/2010,7.389
06/08/2010,7.450
05/08/2010,7.458
04/08/2010,7.549
03/08/2010,7.583
02/08/2010,7.610
30/07/2010,7.598
29/07/2010,7.630
28/07/2010,7.614
27/07/2010,7.635
26/07/2010,7.631
23/07/2010,7.656
22/07/2010,7.648
21/07/2010,7.852
20/07/2010,7.725
19/07/2010,7.675
16/07/2010,7.600
15/07/2010,7.616
14/07/2010,7.594
13/07/2010,7.660
12/07/2010,7.785
09/07/2010,7.736
08/07/2010,7.677
07/07/2010,7.804
06/07/2010,7.879
05/07/2010,7.890
02/07/2010,7.897
01/07/2010,7.944
29/06/2010,7.929
28/06/2010,7.933
25/06/2010,7.964
24/06/2010,7.910
23/06/2010,7.956
22/06/2010,7.964
21/06/2010,7.996
18/06/2010,7.963
17/06/2010,7.963
16/06/2010,8.000
15/06/2010,7.979
11/06/2010,8.081
10/06/2010,8.039
09/06/2010,7.962
08/06/2010,8.036
07/06/2010,7.990
04/06/2010,7.977
03/06/2010,7.967
02/06/2010,7.958
01/06/2010,8.015
31/05/2010,8.004
28/05/2010,8.020
27/05/2010,8.002
26/05/2010,8.004
25/05/2010,8.038
24/05/2010,8.040
21/05/2010,8.113
20/05/2010,8.027
19/05/2010,8.052
18/05/2010,8.042
17/05/2010,8.033
14/05/2010,8.031
13/05/2010,8.038
12/05/2010,8.036
11/05/2010,8.016
10/05/2010,8.394
07/05/2010,8.394
06/05/2010,8.115
05/05/2010,8.121
04/05/2010,8.069
03/05/2010,8.111
30/04/2010,8.111
29/04/2010,8.121
28/04/2010,8.092
27/04/2010,8.015
26/04/2010,7.985
23/04/2010,8.019
22/04/2010,7.984
21/04/2010,8.000
20/04/2010,7.973
19/04/2010,7.996
16/04/2010,7.958
15/04/2010,7.981
14/04/2010,8.060
13/04/2010,8.064
12/04/2010,8.115
08/04/2010,8.085
07/04/2010,8.089
06/04/2010,8.039
05/04/2010,8.012
31/03/2010,8.040
30/03/2010,8.031
29/03/2010,8.028
26/03/2010,8.040
25/03/2010,8.050
24/03/2010,8.050
23/03/2010,8.089
22/03/2010,8.065
19/03/2010,8.064
18/03/2010,8.098
17/03/2010,8.069
16/03/2010,8.024
15/03/2010,8.067
12/03/2010,8.089
11/03/2010,8.079
10/03/2010,8.087
09/03/2010,8.071
08/03/2010,8.081
05/03/2010,8.056
04/03/2010,7.941
03/03/2010,7.977
02/03/2010,7.958
01/03/2010,7.952
26/02/2010,7.985
25/02/2010,8.028
24/02/2010,8.058
23/02/2010,8.060
22/02/2010,8.023
19/02/2010,8.078
18/02/2010,7.953
17/02/2010,8.038
16/02/2010,8.089
15/02/2010,8.056
12/02/2010,8.046
11/02/2010,8.140
10/02/2010,8.047
09/02/2010,8.052
08/02/2010,8.092
05/02/2010,7.996
04/02/2010,7.977
03/02/2010,8.031
02/02/2010,8.119
01/02/2010,8.077
29/01/2010,8.092
28/01/2010,8.104
27/01/2010,8.280
26/01/2010,8.121
25/01/2010,8.132
22/01/2010,8.118
21/01/2010,8.117
20/01/2010,8.121
19/01/2010,8.201
18/01/2010,8.096
15/01/2010,8.117
14/01/2010,8.098
13/01/2010,8.038
12/01/2010,7.966
11/01/2010,8.010
08/01/2010,7.964
07/01/2010,7.907
06/01/2010,7.994
05/01/2010,8.036
04/01/2010,8.094
29/12/2009,8.111
28/12/2009,8.055
23/12/2009,7.979
22/12/2009,7.903
21/12/2009,7.861
18/12/2009,7.866
17/12/2009,7.839
16/12/2009,7.815
15/12/2009,7.788
14/12/2009,7.773
11/12/2009,7.749
10/12/2009,7.806
09/12/2009,7.776
08/12/2009,7.811
07/12/2009,7.824
04/12/2009,7.850
03/12/2009,7.871
02/12/2009,7.895
01/12/2009,7.908
27/11/2009,7.927
26/11/2009,7.919
25/11/2009,7.925
24/11/2009,7.916
23/11/2009,7.909
20/11/2009,7.917
19/11/2009,7.954
18/11/2009,7.950
17/11/2009,7.956
16/11/2009,7.952
13/11/2009,7.944
12/11/2009,7.975
11/11/2009,7.955
10/11/2009,7.938
09/11/2009,7.950
06/11/2009,7.948
05/11/2009,7.969
04/11/2009,7.952
03/11/2009,7.950
30/10/2009,7.950
29/10/2009,7.927
28/10/2009,7.946
27/10/2009,7.958
26/10/2009,7.948
23/10/2009,7.985
22/10/2009,7.938
21/10/2009,7.972
20/10/2009,7.994
19/10/2009,8.015
16/10/2009,7.981
15/10/2009,7.958
14/10/2009,7.977
13/10/2009,7.911
12/10/2009,7.947
09/10/2009,7.971
08/10/2009,8.020
07/10/2009,8.054
06/10/2009,8.058
05/10/2009,8.090
02/10/2009,8.057
01/10/2009,8.079
30/09/2009,8.027
29/09/2009,8.044
28/09/2009,8.017
25/09/2009,8.135
24/09/2009,7.977
23/09/2009,7.960
22/09/2009,7.931
18/09/2009,7.917
17/09/2009,7.914
16/09/2009,7.973
15/09/2009,7.990
14/09/2009,7.967
11/09/2009,7.960
10/09/2009,7.973
09/09/2009,8.092
08/09/2009,8.127
04/09/2009,8.005
03/09/2009,8.031
02/09/2009,8.148
01/09/2009,8.135
28/08/2009,7.977
27/08/2009,7.967
26/08/2009,7.937
25/08/2009,7.942
24/08/2009,7.954
20/08/2009,7.959
19/08/2009,7.938
18/08/2009,7.940
17/08/2009,7.948
14/08/2009,7.958
13/08/2009,7.959
12/08/2009,7.963
11/08/2009,7.971
10/08/2009,7.994
07/08/2009,7.960
06/08/2009,8.004
04/08/2009,7.971
03/08/2009,8.017
31/07/2009,8.010
30/07/2009,8.000
29/07/2009,7.991
28/07/2009,7.981
27/07/2009,8.006
24/07/2009,8.019
23/07/2009,8.000
22/07/2009,8.029
21/07/2009,8.096
20/07/2009,8.131
16/07/2009,8.127
15/07/2009,8.152
14/07/2009,8.125
13/07/2009,8.137
10/07/2009,8.167
09/07/2009,8.127
08/07/2009,8.150
07/07/2009,8.106
06/07/2009,8.141
03/07/2009,8.142
02/07/2009,8.142
01/07/2009,8.125
30/06/2009,8.113
29/06/2009,8.129
26/06/2009,8.142
25/06/2009,8.151
24/06/2009,8.146
23/06/2009,8.175
22/06/2009,8.150
19/06/2009,8.131
18/06/2009,8.160
17/06/2009,8.152
16/06/2009,8.177
15/06/2009,8.142
11/06/2009,8.171
10/06/2009,8.208
09/06/2009,8.110
08/06/2009,8.117
05/06/2009,7.998
04/06/2009,8.017
03/06/2009,8.177
02/06/2009,8.002
01/06/2009,8.015
29/05/2009,7.948
28/05/2009,7.940
27/05/2009,7.903
26/05/2009,7.886
25/05/2009,7.942
22/05/2009,7.852
21/05/2009,7.847
20/05/2009,7.911
19/05/2009,7.925
18/05/2009,7.944
15/05/2009,7.948
14/05/2009,7.927
13/05/2009,7.929
12/05/2009,7.931
11/05/2009,7.971
08/05/2009,7.996
07/05/2009,8.012
06/05/2009,8.038
05/05/2009,8.038
04/05/2009,8.102
30/04/2009,8.127
29/04/2009,8.138
28/04/2009,8.144
27/04/2009,8.096
24/04/2009,8.038
23/04/2009,8.085
22/04/2009,7.998
21/04/2009,8.052
20/04/2009,8.048
17/04/2009,8.018
16/04/2009,8.027
15/04/2009,8.054
14/04/2009,8.081
13/04/2009,8.113
08/04/2009,8.077
07/04/2009,8.121
03/04/2009,8.108
02/04/2009,8.113
01/04/2009,8.115
31/03/2009,8.156
30/03/2009,8.140
27/03/2009,8.154
26/03/2009,8.160
25/03/2009,8.175
24/03/2009,8.146
23/03/2009,8.040
20/03/2009,8.077
19/03/2009,7.960
18/03/2009,8.008
17/03/2009,8.025
16/03/2009,8.054
13/03/2009,8.133
12/03/2009,8.060
11/03/2009,8.081
10/03/2009,8.077
09/03/2009,8.119
06/03/2009,8.158
05/03/2009,8.023
04/03/2009,8.077
03/03/2009,8.406
02/03/2009,8.123
27/02/2009,8.077
26/02/2009,8.119
25/02/2009,8.194
24/02/2009,8.181
23/02/2009,8.117
20/02/2009,8.066
19/02/2009,8.104
18/02/2009,8.121
17/02/2009,7.911
16/02/2009,7.950
13/02/2009,7.908
12/02/2009,7.885
11/02/2009,7.840
10/02/2009,7.798
09/02/2009,7.736
06/02/2009,7.835
05/02/2009,7.783
04/02/2009,7.702
03/02/2009,7.477
02/02/2009,7.457
30/01/2009,7.492
29/01/2009,7.442
28/01/2009,7.554
27/01/2009,7.481
26/01/2009,7.498
23/01/2009,7.598
22/01/2009,7.485
21/01/2009,7.481
20/01/2009,7.485
19/01/2009,7.583
16/01/2009,7.375
15/01/2009,7.319
14/01/2009,7.292
13/01/2009,7.308
12/01/2009,7.319
09/01/2009,7.319
08/01/2009,7.297
07/01/2009,7.339
06/01/2009,7.435
05/01/2009,7.454
24/12/2008,7.437
23/12/2008,7.714
22/12/2008,7.935
19/12/2008,7.923
18/12/2008,8.012
17/12/2008,8.087
16/12/2008,8.181
15/12/2008,8.248
12/12/2008,8.890
11/12/2008,8.498
10/12/2008,8.644
09/12/2008,8.429
08/12/2008,8.952
05/12/2008,9.108
04/12/2008,9.444
03/12/2008,9.421
02/12/2008,9.442
28/11/2008,9.452
27/11/2008,9.440
26/11/2008,9.458
25/11/2008,9.325
24/11/2008,9.229
21/11/2008,9.683
20/11/2008,9.319
19/11/2008,9.240
18/11/2008,9.117
17/11/2008,8.837
14/11/2008,9.137
13/11/2008,9.156
12/11/2008,8.965
11/11/2008,8.871
10/11/2008,8.669
07/11/2008,9.581
06/11/2008,9.244
05/11/2008,9.236
04/11/2008,9.361
03/11/2008,9.356
31/10/2008,9.477
30/10/2008,10.073
29/10/2008,10.210
28/10/2008,10.913
27/10/2008,10.802
24/10/2008,10.515
23/10/2008,10.310
22/10/2008,8.564
21/10/2008,8.436
20/10/2008,8.355
17/10/2008,8.235
16/10/2008,8.233
15/10/2008,8.090
14/10/2008,8.117
13/10/2008,8.181
10/10/2008,8.221
09/10/2008,8.098
08/10/2008,8.012
07/10/2008,7.938
06/10/2008,7.869
03/10/2008,7.925
02/10/2008,7.873
30/09/2008,8.140
29/09/2008,7.658
26/09/2008,7.669
25/09/2008,7.650
24/09/2008,7.644
23/09/2008,7.577
22/09/2008,7.573
19/09/2008,7.739
18/09/2008,8.056
17/09/2008,7.660
16/09/2008,7.486
15/09/2008,7.256
12/09/2008,7.348
11/09/2008,7.681
10/09/2008,7.710
09/09/2008,8.083
08/09/2008,8.069
05/09/2008,8.108
04/09/2008,7.946
03/09/2008,8.073
02/09/2008,8.177
01/09/2008,8.308
29/08/2008,8.060
28/08/2008,8.148
27/08/2008,8.288
26/08/2008,8.382
22/08/2008,8.573
21/08/2008,8.648
20/08/2008,8.692
19/08/2008,8.840
15/08/2008,8.746
14/08/2008,8.171
13/08/2008,8.040
12/08/2008,8.173
11/08/2008,8.121
08/08/2008,8.500
07/08/2008,8.389
06/08/2008,8.698
05/08/2008,9.219
04/08/2008,9.494
01/08/2008,9.622
31/07/2008,9.661
30/07/2008,9.631
29/07/2008,9.627
28/07/2008,9.642
25/07/2008,9.561
24/07/2008,9.615
23/07/2008,9.958
22/07/2008,10.150
21/07/2008,10.121
18/07/2008,10.183
17/07/2008,10.075
16/07/2008,10.148
15/07/2008,9.952
14/07/2008,9.883
11/07/2008,9.954
10/07/2008,9.908
09/07/2008,9.817
08/07/2008,9.977
07/07/2008,9.960
04/07/2008,9.888
03/07/2008,9.598
02/07/2008,9.479
01/07/2008,9.352
30/06/2008,9.429
27/06/2008,9.512
26/06/2008,9.496
25/06/2008,9.483
24/06/2008,9.508
23/06/2008,9.344
20/06/2008,9.637
19/06/2008,9.669
18/06/2008,9.710
17/06/2008,9.702
16/06/2008,9.554
13/06/2008,9.631
12/06/2008,9.456
11/06/2008,9.485
10/06/2008,9.327
06/06/2008,9.115
05/06/2008,9.290
04/06/2008,9.435
03/06/2008,9.190
02/06/2008,9.264
30/05/2008,8.929
29/05/2008,9.033
28/05/2008,9.029
27/05/2008,9.143
26/05/2008,9.131
23/05/2008,8.852
22/05/2008,8.856
21/05/2008,8.771
20/05/2008,8.762
19/05/2008,8.944
16/05/2008,8.911
15/05/2008,9.104
14/05/2008,9.129
13/05/2008,9.117
12/05/2008,9.125
09/05/2008,9.142
08/05/2008,9.186
07/05/2008,9.175
06/05/2008,9.190
05/05/2008,8.423
02/05/2008,8.427
30/04/2008,8.583
29/04/2008,8.656
28/04/2008,8.467
25/04/2008,8.486
24/04/2008,8.502
23/04/2008,8.452
22/04/2008,8.104
21/04/2008,7.812
18/04/2008,7.773
17/04/2008,7.827
16/04/2008,7.611
15/04/2008,7.483
14/04/2008,7.433
11/04/2008,7.423
10/04/2008,7.413
09/04/2008,7.425
08/04/2008,7.298
04/04/2008,7.394
03/04/2008,7.252
02/04/2008,7.250
01/04/2008,7.263
31/03/2008,7.267
28/03/2008,7.250
27/03/2008,7.288
26/03/2008,7.292
25/03/2008,7.292
24/03/2008,7.198
19/03/2008,7.160
18/03/2008,7.190
17/03/2008,7.150
14/03/2008,7.107
13/03/2008,7.161
12/03/2008,7.286
11/03/2008,7.236
10/03/2008,7.183
07/03/2008,7.115
06/03/2008,7.115
05/03/2008,7.131
04/03/2008,7.056
03/03/2008,7.065
29/02/2008,7.069
28/02/2008,7.235
27/02/2008,7.111
26/02/2008,6.986
22/02/2008,6.919
21/02/2008,6.940
20/02/2008,6.896
19/02/2008,6.756
18/02/2008,6.810
15/02/2008,6.921
14/02/2008,6.981
13/02/2008,6.883
12/02/2008,6.688
11/02/2008,6.702
08/02/2008,6.671
07/02/2008,6.671
06/02/2008,6.437
05/02/2008,6.356
04/02/2008,6.154
01/02/2008,6.098
31/01/2008,6.098
30/01/2008,6.102
29/01/2008,6.046
28/01/2008,6.121
25/01/2008,6.140
24/01/2008,6.210
23/01/2008,6.317
22/01/2008,6.335
21/01/2008,6.312
18/01/2008,6.160
17/01/2008,6.250
16/01/2008,6.239
15/01/2008,6.240
14/01/2008,6.225
11/01/2008,6.242
10/01/2008,6.398
09/01/2008,6.507
08/01/2008,6.580
07/01/2008,6.604
04/01/2008,6.587
03/01/2008,6.604
02/01/2008,6.558
28/12/2007,6.583
27/12/2007,6.465
26/12/2007,6.475
21/12/2007,6.556
20/12/2007,6.611
19/12/2007,6.650
18/12/2007,6.564
17/12/2007,6.527
14/12/2007,6.535
13/12/2007,6.594
12/12/2007,6.639
11/12/2007,6.706
10/12/2007,6.740
07/12/2007,6.750
06/12/2007,6.792
05/12/2007,6.964
04/12/2007,6.942
03/12/2007,7.025
29/11/2007,6.970
28/11/2007,7.001
27/11/2007,7.020
26/11/2007,7.076
23/11/2007,7.071
22/11/2007,7.062
21/11/2007,7.062
20/11/2007,7.058
19/11/2007,7.052
16/11/2007,7.038
15/11/2007,7.089
14/11/2007,7.106
13/11/2007,7.092
12/11/2007,7.099
09/11/2007,7.140
08/11/2007,7.130
07/11/2007,7.123
06/11/2007,7.160
05/11/2007,7.087
31/10/2007,7.077
30/10/2007,7.117
26/10/2007,7.150
25/10/2007,7.179
24/10/2007,7.174
23/10/2007,7.252
22/10/2007,7.332
19/10/2007,7.246
18/10/2007,7.308
17/10/2007,7.310
16/10/2007,7.212
15/10/2007,7.173
11/10/2007,7.147
10/10/2007,7.125
09/10/2007,7.119
08/10/2007,7.104
05/10/2007,7.092
04/10/2007,7.104
03/10/2007,7.081
02/10/2007,7.095
01/10/2007,7.179
28/09/2007,7.154
27/09/2007,7.244
26/09/2007,7.344
25/09/2007,7.219
24/09/2007,7.152
21/09/2007,7.177
20/09/2007,7.227
19/09/2007,7.321
18/09/2007,7.521
17/09/2007,7.525
14/09/2007,7.623
13/09/2007,7.688
12/09/2007,7.739
11/09/2007,7.746
10/09/2007,7.710
07/09/2007,7.748
06/09/2007,7.754
05/09/2007,7.779
04/09/2007,7.829
03/09/2007,7.850
31/08/2007,7.875
30/08/2007,7.892
29/08/2007,7.919
28/08/2007,7.892
24/08/2007,7.883
23/08/2007,7.827
22/08/2007,7.902
21/08/2007,7.781
17/08/2007,7.627
16/08/2007,7.458
15/08/2007,7.444
14/08/2007,7.425
13/08/2007,7.469
10/08/2007,7.500
09/08/2007,7.462
08/08/2007,7.483
07/08/2007,7.525
06/08/2007,7.500
03/08/2007,7.450
02/08/2007,7.399
01/08/2007,7.448
31/07/2007,7.473
30/07/2007,7.519
27/07/2007,7.579
26/07/2007,7.475
25/07/2007,7.477
24/07/2007,7.614
23/07/2007,7.429
20/07/2007,7.448
19/07/2007,7.548
18/07/2007,7.494
17/07/2007,7.419
16/07/2007,7.486
13/07/2007,7.577
12/07/2007,7.750
11/07/2007,8.206
10/07/2007,7.752
09/07/2007,7.745
06/07/2007,7.756
05/07/2007,7.721
04/07/2007,7.777
03/07/2007,7.514
02/07/2007,7.546
29/06/2007,7.423
28/06/2007,7.602
27/06/2007,7.490
26/06/2007,7.438
25/06/2007,7.471
22/06/2007,7.450
21/06/2007,7.510
20/06/2007,7.477
19/06/2007,7.348
18/06/2007,7.340
15/06/2007,7.215
14/06/2007,7.465
13/06/2007,7.519
12/06/2007,7.383
08/06/2007,7.329
07/06/2007,7.204
06/06/2007,7.183
05/06/2007,7.139
04/06/2007,7.069
01/06/2007,7.029
31/05/2007,7.037
30/05/2007,7.037
29/05/2007,7.041
28/05/2007,6.993
25/05/2007,7.080
24/05/2007,7.032
23/05/2007,7.039
22/05/2007,7.102
21/05/2007,7.084
18/05/2007,7.086
17/05/2007,7.037
16/05/2007,7.046
15/05/2007,7.116
11/05/2007,7.077
10/05/2007,7.117
09/05/2007,7.032
08/05/2007,7.032
07/05/2007,7.062
04/05/2007,7.077
03/05/2007,7.199
02/05/2007,7.186
30/04/2007,7.252
27/04/2007,7.264
26/04/2007,7.252
25/04/2007,7.412
24/04/2007,7.245
23/04/2007,7.295
20/04/2007,7.293
19/04/2007,7.270
18/04/2007,7.338
17/04/2007,7.343
16/04/2007,7.346
13/04/2007,7.529
12/04/2007,7.414
11/04/2007,7.343
10/04/2007,7.318
04/04/2007,7.259
03/04/2007,7.259
02/04/2007,7.260
30/03/2007,7.171
29/03/2007,7.177
28/03/2007,7.246
27/03/2007,7.157
26/03/2007,7.218
23/03/2007,7.298
22/03/2007,7.482
21/03/2007,7.630
20/03/2007,7.500
19/03/2007,7.434
16/03/2007,7.494
15/03/2007,7.379
14/03/2007,7.183
13/03/2007,7.050
12/03/2007,7.072
09/03/2007,7.030
08/03/2007,7.088
07/03/2007,7.016
06/03/2007,7.073
05/03/2007,6.983
02/03/2007,6.846
01/03/2007,6.777
28/02/2007,6.825
27/02/2007,6.714
26/02/2007,6.706
23/02/2007,6.677
22/02/2007,6.796
21/02/2007,6.675
20/02/2007,6.690
19/02/2007,6.750
16/02/2007,6.792
15/02/2007,6.823
14/02/2007,6.809
13/02/2007,6.825
12/02/2007,6.823
09/02/2007,6.852
08/02/2007,6.852
07/02/2007,6.904
06/02/2007,6.979
05/02/2007,6.868
02/02/2007,7.011
01/02/2007,6.912
31/01/2007,7.012
30/01/2007,6.760
29/01/2007,6.813
26/01/2007,6.738
25/01/2007,6.625
24/01/2007,6.683
23/01/2007,6.625
22/01/2007,6.579
19/01/2007,6.748
18/01/2007,6.659
17/01/2007,6.765
16/01/2007,6.770
15/01/2007,6.804
12/01/2007,6.802
11/01/2007,6.723
10/01/2007,6.502
09/01/2007,6.491
08/01/2007,6.510
05/01/2007,6.467
04/01/2007,6.427
03/01/2007,6.417
02/01/2007,6.370
29/12/2006,6.380
28/12/2006,6.398
27/12/2006,6.492
22/12/2006,6.520
21/12/2006,6.535
20/12/2006,6.547
19/12/2006,6.573
18/12/2006,6.593
15/12/2006,6.628
14/12/2006,6.639
13/12/2006,6.680
12/12/2006,6.766
11/12/2006,6.925
07/12/2006,6.989
06/12/2006,6.914
05/12/2006,6.760
04/12/2006,6.738
30/11/2006,6.700
29/11/2006,6.691
28/11/2006,6.668
27/11/2006,6.822
24/11/2006,6.829
23/11/2006,7.050
22/11/2006,7.317
21/11/2006,7.473
20/11/2006,7.287
17/11/2006,6.712
16/11/2006,6.616
15/11/2006,6.412
14/11/2006,6.411
13/11/2006,6.637
10/11/2006,6.921
09/11/2006,6.902
08/11/2006,6.929
07/11/2006,7.048
06/11/2006,6.904
03/11/2006,6.907
02/11/2006,7.574
31/10/2006,7.676
30/10/2006,7.753
27/10/2006,7.758
26/10/2006,7.815
25/10/2006,7.833
23/10/2006,7.860
20/10/2006,7.873
19/10/2006,7.880
18/10/2006,7.928
17/10/2006,8.037
16/10/2006,7.975
13/10/2006,7.953
12/10/2006,7.959
11/10/2006,7.955
10/10/2006,7.902
09/10/2006,7.837
06/10/2006,7.997
05/10/2006,7.944
04/10/2006,8.164
03/10/2006,8.256
02/10/2006,8.264
27/09/2006,8.261
26/09/2006,8.273
25/09/2006,8.273
22/09/2006,8.279
21/09/2006,8.311
20/09/2006,8.345
19/09/2006,8.316
18/09/2006,8.393
15/09/2006,8.439
14/09/2006,8.468
13/09/2006,8.535
12/09/2006,8.575
11/09/2006,8.621
08/09/2006,8.626
07/09/2006,8.545
06/09/2006,8.622
05/09/2006,8.806
04/09/2006,8.836
01/09/2006,8.869
31/08/2006,9.100
30/08/2006,9.176
29/08/2006,9.194
28/08/2006,9.188
25/08/2006,9.181
24/08/2006,9.178
23/08/2006,9.163
22/08/2006,9.161
18/08/2006,9.149
17/08/2006,9.111
16/08/2006,9.235
15/08/2006,9.345
14/08/2006,9.337
11/08/2006,9.372
10/08/2006,9.411
09/08/2006,9.408
08/08/2006,9.433
07/08/2006,9.544
04/08/2006,9.606
03/08/2006,9.619
02/08/2006,9.643
01/08/2006,9.698
31/07/2006,9.873
28/07/2006,9.935
27/07/2006,10.017
26/07/2006,10.180
25/07/2006,10.222
21/07/2006,10.195
20/07/2006,10.227
19/07/2006,10.419
18/07/2006,10.425
17/07/2006,10.339
14/07/2006,10.208
13/07/2006,10.148
12/07/2006,10.215
11/07/2006,10.316
10/07/2006,10.416
07/07/2006,10.412
06/07/2006,10.372
05/07/2006,10.343
04/07/2006,10.252
03/07/2006,10.192
30/06/2006,10.302
29/06/2006,10.488
28/06/2006,10.505
27/06/2006,10.657
26/06/2006,11.030
23/06/2006,11.147
22/06/2006,11.195
21/06/2006,11.596
20/06/2006,12.130
19/06/2006,12.153
16/06/2006,11.984
15/06/2006,12.185
14/06/2006,12.024
13/06/2006,12.114
09/06/2006,11.488
08/06/2006,11.072
07/06/2006,10.920
06/06/2006,10.631
05/06/2006,10.550
02/06/2006,10.614
01/06/2006,10.395
31/05/2006,10.059
30/05/2006,10.307
29/05/2006,10.233
26/05/2006,10.227
25/05/2006,10.777
24/05/2006,10.943
23/05/2006,11.782
22/05/2006,10.744
19/05/2006,9.491
18/05/2006,8.838
17/05/2006,8.195
16/05/2006,8.212
15/05/2006,7.933
12/05/2006,7.820
11/05/2006,7.992
10/05/2006,8.068
09/05/2006,8.101
08/05/2006,8.102
05/05/2006,8.086
04/05/2006,8.050
03/05/2006,7.630
02/05/2006,7.532
28/04/2006,7.443
27/04/2006,7.234
26/04/2006,7.206
25/04/2006,7.230
24/04/2006,7.117
21/04/2006,7.316
20/04/2006,7.429
19/04/2006,7.485
18/04/2006,7.536
17/04/2006,7.548
12/04/2006,7.541
11/04/2006,7.508
10/04/2006,7.492
07/04/2006,7.500
06/04/2006,7.550
05/04/2006,7.592
04/04/2006,7.673
03/04/2006,7.781
31/03/2006,7.838
30/03/2006,7.818
29/03/2006,7.738
28/03/2006,7.900
27/03/2006,8.158
24/03/2006,8.368
23/03/2006,8.450
22/03/2006,8.506
21/03/2006,8.712
20/03/2006,8.770
17/03/2006,8.754
16/03/2006,8.695
15/03/2006,8.941
14/03/2006,8.966
13/03/2006,9.027
10/03/2006,9.094
09/03/2006,9.121
08/03/2006,9.131
07/03/2006,9.154
06/03/2006,9.153
03/03/2006,9.173
02/03/2006,9.153
01/03/2006,9.182
28/02/2006,9.100
27/02/2006,9.327
24/02/2006,9.203
23/02/2006,8.983
22/02/2006,8.986
21/02/2006,8.997
20/02/2006,8.984
17/02/2006,9.030
16/02/2006,9.107
15/02/2006,9.277
14/02/2006,9.341
13/02/2006,9.622
10/02/2006,9.756
09/02/2006,9.775
08/02/2006,9.788
07/02/2006,9.814
06/02/2006,9.816
03/02/2006,9.830
02/02/2006,9.838
01/02/2006,9.835
31/01/2006,9.828
30/01/2006,9.841
27/01/2006,9.820
26/01/2006,9.813
25/01/2006,9.791
24/01/2006,9.774
23/01/2006,9.767
20/01/2006,9.757
19/01/2006,9.773
18/01/2006,9.557
17/01/2006,9.521
16/01/2006,9.496
13/01/2006,9.561
12/01/2006,9.538
11/01/2006,9.504
10/01/2006,9.758
09/01/2006,9.942
06/01/2006,9.986
05/01/2006,10.057
04/01/2006,10.083
03/01/2006,10.079
02/01/2006,10.180
29/12/2005,10.193
28/12/2005,10.220
27/12/2005,10.248
23/12/2005,10.248
22/12/2005,10.255
21/12/2005,10.252
20/12/2005,10.254
19/12/2005,10.270
16/12/2005,10.288
15/12/2005,10.362
14/12/2005,10.448
13/12/2005,10.903
12/12/2005,10.902
09/12/2005,10.933
08/12/2005,10.896
07/12/2005,10.920
06/12/2005,10.915
05/12/2005,10.902
02/12/2005,10.893
01/12/2005,10.887
30/11/2005,10.882
29/11/2005,10.925
25/11/2005,11.015
24/11/2005,11.042
23/11/2005,11.171
22/11/2005,11.329
21/11/2005,11.332
18/11/2005,11.290
17/11/2005,11.303
16/11/2005,11.298
15/11/2005,11.680
14/11/2005,11.767
11/11/2005,11.786
10/11/2005,11.800
09/11/2005,11.861
08/11/2005,11.877
07/11/2005,11.903
03/11/2005,11.908
02/11/2005,11.910
28/10/2005,11.907
27/10/2005,11.917
26/10/2005,11.910
25/10/2005,11.890
24/10/2005,11.928
21/10/2005,11.918
20/10/2005,11.887
19/10/2005,11.880
18/10/2005,11.945
17/10/2005,11.943
13/10/2005,11.945
12/10/2005,11.945
11/10/2005,11.952
10/10/2005,11.948
07/10/2005,11.952
06/10/2005,11.950
05/10/2005,11.952
04/10/2005,11.947
03/10/2005,11.962
30/09/2005,11.957
29/09/2005,11.964
28/09/2005,11.968
27/09/2005,11.973
26/09/2005,12.008
23/09/2005,12.023
22/09/2005,12.065
21/09/2005,12.107
20/09/2005,12.128
19/09/2005,12.152
16/09/2005,12.136
15/09/2005,12.132
14/09/2005,12.130
13/09/2005,12.139
12/09/2005,12.131
09/09/2005,12.134
08/09/2005,12.127
07/09/2005,12.105
06/09/2005,12.076
05/09/2005,12.021
02/09/2005,12.000
01/09/2005,12.027
31/08/2005,12.025
30/08/2005,11.993
26/08/2005,11.995
25/08/2005,12.032
24/08/2005,12.076
23/08/2005,12.142
22/08/2005,12.158
19/08/2005,12.136
18/08/2005,12.136
17/08/2005,12.143
16/08/2005,12.159
15/08/2005,12.147
12/08/2005,12.136
11/08/2005,12.139
10/08/2005,12.161
09/08/2005,12.175
08/08/2005,12.183
05/08/2005,12.146
04/08/2005,12.158
03/08/2005,12.219
02/08/2005,12.213
01/08/2005,12.233
29/07/2005,12.235
28/07/2005,12.188
27/07/2005,12.221
22/07/2005,12.248
21/07/2005,12.262
20/07/2005,12.328
19/07/2005,12.348
18/07/2005,12.383
15/07/2005,12.422
14/07/2005,12.500
13/07/2005,12.507
12/07/2005,12.577
11/07/2005,12.568
08/07/2005,12.573
07/07/2005,12.218
06/07/2005,12.257
05/07/2005,12.243
04/07/2005,12.235
01/07/2005,12.002
30/06/2005,12.033
29/06/2005,11.953
28/06/2005,12.195
27/06/2005,12.173
24/06/2005,12.177
23/06/2005,12.168
22/06/2005,12.193
21/06/2005,12.152
20/06/2005,12.058
17/06/2005,12.105
16/06/2005,12.143
15/06/2005,12.145
14/06/2005,12.157
10/06/2005,12.090
09/06/2005,12.055
08/06/2005,11.975
07/06/2005,11.967
06/06/2005,11.975
03/06/2005,12.002
02/06/2005,12.012
01/06/2005,12.000
31/05/2005,11.997
30/05/2005,12.011
27/05/2005,12.050
26/05/2005,12.060
25/05/2005,12.052
24/05/2005,12.040
23/05/2005,12.048
20/05/2005,12.073
19/05/2005,12.050
18/05/2005,12.043
17/05/2005,12.045
16/05/2005,12.068
13/05/2005,12.050
12/05/2005,12.073
11/05/2005,12.040
10/05/2005,12.117
09/05/2005,12.155
06/05/2005,12.115
05/05/2005,12.098
04/05/2005,12.109
03/05/2005,12.109
29/04/2005,12.112
28/04/2005,12.097
27/04/2005,12.102
26/04/2005,12.071
25/04/2005,12.065
22/04/2005,12.048
21/04/2005,12.038
20/04/2005,12.028
19/04/2005,12.170
18/04/2005,12.220
15/04/2005,12.138
14/04/2005,12.129
13/04/2005,12.152
12/04/2005,12.245
11/04/2005,12.268
08/04/2005,12.258
07/04/2005,12.218
06/04/2005,12.205
05/04/2005,12.167
04/04/2005,12.167
01/04/2005,12.141
31/03/2005,12.275
30/03/2005,12.407
29/03/2005,12.413
28/03/2005,12.392
23/03/2005,12.343
22/03/2005,12.342
21/03/2005,12.345
18/03/2005,12.333
17/03/2005,12.355
16/03/2005,12.368
15/03/2005,12.370
14/03/2005,12.372
11/03/2005,12.370
10/03/2005,12.395
09/03/2005,12.438
08/03/2005,12.435
07/03/2005,12.443
04/03/2005,12.434
03/03/2005,12.442
02/03/2005,12.436
01/03/2005,12.458
28/02/2005,12.462
24/02/2005,12.475
23/02/2005,12.418
22/02/2005,12.702
21/02/2005,12.692
18/02/2005,12.660
17/02/2005,12.702
16/02/2005,12.688
15/02/2005,12.660
14/02/2005,12.488
11/02/2005,12.488
10/02/2005,12.482
09/02/2005,12.513
08/02/2005,12.347
07/02/2005,12.450
04/02/2005,12.473
03/02/2005,12.496
02/02/2005,12.510
01/02/2005,12.487
31/01/2005,12.493
28/01/2005,12.589
27/01/2005,12.757
26/01/2005,12.807
25/01/2005,12.988
24/01/2005,13.001
21/01/2005,12.987
20/01/2005,13.088
19/01/2005,13.139
18/01/2005,13.198
17/01/2005,13.192
14/01/2005,13.191
13/01/2005,13.368
12/01/2005,13.587
11/01/2005,13.627
10/01/2005,13.657
07/01/2005,13.723
06/01/2005,13.732
05/01/2005,13.733
04/01/2005,13.842
03/01/2005,13.848
29/12/2004,13.867
28/12/2004,13.836
23/12/2004,13.811
22/12/2004,13.835
21/12/2004,13.817
20/12/2004,13.818
17/12/2004,13.797
16/12/2004,13.757
15/12/2004,13.758
14/12/2004,13.798
13/12/2004,13.777
10/12/2004,13.735
09/12/2004,13.779
08/12/2004,13.804
07/12/2004,13.822
06/12/2004,13.779
02/12/2004,13.725
01/12/2004,13.718
30/11/2004,13.688
26/11/2004,13.685
25/11/2004,13.658
24/11/2004,13.596
23/11/2004,13.689
22/11/2004,13.663
19/11/2004,13.663
18/11/2004,13.704
17/11/2004,13.723
16/11/2004,13.789
12/11/2004,13.779
11/11/2004,13.785
10/11/2004,13.784
09/11/2004,13.730
08/11/2004,13.754
05/11/2004,13.709
04/11/2004,13.700
03/11/2004,13.696
02/11/2004,13.605
29/10/2004,13.586
28/10/2004,13.577
27/10/2004,13.557
26/10/2004,13.500
25/10/2004,13.470
22/10/2004,13.471
21/10/2004,13.466
20/10/2004,13.475
19/10/2004,13.402
18/10/2004,13.439
15/10/2004,13.442
14/10/2004,13.417
13/10/2004,13.377
12/10/2004,13.505
11/10/2004,13.432
08/10/2004,13.402
07/10/2004,13.350
06/10/2004,13.368
05/10/2004,13.377
04/10/2004,13.359
01/10/2004,13.357
30/09/2004,13.398
29/09/2004,13.393
28/09/2004,13.440
27/09/2004,13.437
24/09/2004,13.535
23/09/2004,13.521
22/09/2004,13.793
21/09/2004,13.843
20/09/2004,13.833
17/09/2004,13.857
16/09/2004,13.840
15/09/2004,13.836
14/09/2004,13.827
13/09/2004,13.639
10/09/2004,13.623
09/09/2004,13.648
08/09/2004,13.670
07/09/2004,13.493
06/09/2004,13.470
03/09/2004,13.427
02/09/2004,13.427
01/09/2004,13.447
31/08/2004,13.443
30/08/2004,13.443
27/08/2004,13.452
26/08/2004,13.555
25/08/2004,13.607
24/08/2004,13.353
23/08/2004,13.233
20/08/2004,13.208
19/08/2004,13.195
18/08/2004,13.157
17/08/2004,13.145
16/08/2004,13.080
13/08/2004,13.063
12/08/2004,13.055
11/08/2004,13.048
10/08/2004,13.046
09/08/2004,13.082
06/08/2004,13.182
05/08/2004,13.210
04/08/2004,13.059
03/08/2004,12.623
02/08/2004,12.668
30/07/2004,12.680
29/07/2004,12.548
28/07/2004,12.573
27/07/2004,12.561
26/07/2004,12.569
23/07/2004,12.555
22/07/2004,12.586
21/07/2004,12.564
20/07/2004,12.786
19/07/2004,12.873
16/07/2004,12.873
15/07/2004,12.887
14/07/2004,12.871
13/07/2004,12.873
12/07/2004,12.907
09/07/2004,12.898
08/07/2004,12.913
07/07/2004,12.923
06/07/2004,12.920
05/07/2004,12.917
02/07/2004,12.912
01/07/2004,12.920
30/06/2004,12.928
29/06/2004,12.918
28/06/2004,12.917
25/06/2004,12.923
24/06/2004,12.970
23/06/2004,12.950
22/06/2004,12.893
21/06/2004,12.883
18/06/2004,12.870
17/06/2004,12.855
16/06/2004,12.798
15/06/2004,12.760
14/06/2004,12.717
11/06/2004,12.723
10/06/2004,12.748
09/06/2004,12.750
08/06/2004,12.692
07/06/2004,12.465
04/06/2004,12.445
03/06/2004,12.440
02/06/2004,12.434
01/06/2004,12.652
31/05/2004,12.643
28/05/2004,12.617
27/05/2004,12.620
26/05/2004,12.621
25/05/2004,12.630
24/05/2004,12.609
21/05/2004,12.462
20/05/2004,12.441
19/05/2004,12.420
18/05/2004,12.395
17/05/2004,12.427
14/05/2004,12.387
13/05/2004,12.121
12/05/2004,12.145
11/05/2004,11.959
07/05/2004,11.861
06/05/2004,11.937
05/05/2004,11.937
04/05/2004,11.960
03/05/2004,11.998
30/04/2004,12.028
29/04/2004,11.984
28/04/2004,11.952
27/04/2004,12.125
26/04/2004,12.345
23/04/2004,12.382
22/04/2004,12.384
21/04/2004,12.398
20/04/2004,12.452
19/04/2004,12.454
15/04/2004,12.455
14/04/2004,12.489
13/04/2004,12.633
12/04/2004,12.613
08/04/2004,12.614
06/04/2004,12.614
05/04/2004,12.618
02/04/2004,12.641
01/04/2004,12.613
31/03/2004,12.632
30/03/2004,12.631
29/03/2004,12.611
26/03/2004,12.655
25/03/2004,12.686
24/03/2004,12.665
23/03/2004,12.955
22/03/2004,12.988
19/03/2004,12.863
18/03/2004,12.875
17/03/2004,12.872
16/03/2004,12.865
15/03/2004,12.877
12/03/2004,12.883
11/03/2004,12.975
10/03/2004,12.962
09/03/2004,12.966
08/03/2004,13.009
05/03/2004,13.067
04/03/2004,13.163
03/03/2004,13.229
02/03/2004,13.229
01/03/2004,13.215
27/02/2004,13.133
26/02/2004,13.141
24/02/2004,12.805
23/02/2004,12.618
20/02/2004,12.318
19/02/2004,11.870
18/02/2004,11.836
17/02/2004,11.823
16/02/2004,11.802
13/02/2004,11.795
12/02/2004,11.821
11/02/2004,11.829
10/02/2004,11.803
09/02/2004,11.791
06/02/2004,11.760
05/02/2004,11.648
04/02/2004,11.653
03/02/2004,11.646
02/02/2004,11.646
30/01/2004,11.642
29/01/2004,11.668
28/01/2004,11.525
27/01/2004,11.523
26/01/2004,11.492
23/01/2004,11.468
22/01/2004,11.493
21/01/2004,11.475
20/01/2004,11.497
19/01/2004,11.506
16/01/2004,11.516
15/01/2004,11.527
14/01/2004,11.543
12/01/2004,11.602
09/01/2004,11.584
08/01/2004,11.617
07/01/2004,11.595
06/01/2004,11.613
05/01/2004,11.662
30/12/2003,11.790
29/12/2003,11.733
23/12/2003,11.750
22/12/2003,11.748
19/12/2003,11.706
18/12/2003,11.682
17/12/2003,11.656
16/12/2003,11.647
15/12/2003,11.659
12/12/2003,11.663
11/12/2003,11.674
10/12/2003,11.655
09/12/2003,11.647
08/12/2003,11.657
05/12/2003,11.632
04/12/2003,11.623
03/12/2003,11.632
02/12/2003,11.628
01/12/2003,11.628
28/11/2003,11.723
27/11/2003,11.767
25/11/2003,11.666
24/11/2003,11.666
21/11/2003,11.518
20/11/2003,11.493
19/11/2003,11.493
18/11/2003,11.484
17/11/2003,11.473
14/11/2003,11.465
13/11/2003,11.458
12/11/2003,11.446
11/11/2003,11.438
10/11/2003,11.405
07/11/2003,11.333
06/11/2003,11.310
05/11/2003,11.288
04/11/2003,11.192
03/11/2003,11.237
31/10/2003,11.268
30/10/2003,11.173
29/10/2003,11.295
28/10/2003,11.218
27/10/2003,11.184
24/10/2003,11.105
23/10/2003,11.085
22/10/2003,11.083
21/10/2003,11.197
20/10/2003,11.175
17/10/2003,11.232
15/10/2003,11.184
14/10/2003,10.975
13/10/2003,11.175
10/10/2003,11.165
09/10/2003,11.169
08/10/2003,11.195
07/10/2003,11.400
06/10/2003,11.488
03/10/2003,11.489
02/10/2003,11.542
01/10/2003,11.543
30/09/2003,11.558
29/09/2003,11.553
26/09/2003,11.580
25/09/2003,11.587
24/09/2003,11.646
23/09/2003,11.645
22/09/2003,11.637
19/09/2003,11.630
18/09/2003,11.580
17/09/2003,11.587
16/09/2003,11.555
15/09/2003,11.575
12/09/2003,11.580
11/09/2003,11.760
10/09/2003,12.213
09/09/2003,11.890
08/09/2003,11.898
05/09/2003,11.896
04/09/2003,11.898
03/09/2003,11.910
02/09/2003,11.927
01/09/2003,11.923
29/08/2003,11.922
28/08/2003,11.897
27/08/2003,11.877
26/08/2003,11.853
25/08/2003,11.793
21/08/2003,11.793
20/08/2003,11.857
19/08/2003,11.857
18/08/2003,11.857
15/08/2003,11.814
14/08/2003,11.716
13/08/2003,11.721
12/08/2003,11.717
11/08/2003,11.717
08/08/2003,11.761
07/08/2003,11.820
06/08/2003,11.907
05/08/2003,12.057
04/08/2003,12.112
01/08/2003,11.780
31/07/2003,11.580
30/07/2003,11.510
29/07/2003,11.537
28/07/2003,11.560
25/07/2003,11.345
24/07/2003,11.338
23/07/2003,11.272
22/07/2003,11.296
21/07/2003,11.306
18/07/2003,11.371
17/07/2003,11.421
16/07/2003,11.428
15/07/2003,11.434
14/07/2003,11.072
11/07/2003,11.472
10/07/2003,11.472
09/07/2003,11.455
08/07/2003,11.463
07/07/2003,11.470
04/07/2003,11.450
03/07/2003,11.188
02/07/2003,11.518
01/07/2003,11.667
30/06/2003,11.688
27/06/2003,11.660
26/06/2003,11.542
25/06/2003,11.454
24/06/2003,11.483
23/06/2003,11.402
20/06/2003,11.558
19/06/2003,11.558
18/06/2003,11.580
17/06/2003,11.581
16/06/2003,11.640
12/06/2003,11.604
11/06/2003,11.471
10/06/2003,11.367
09/06/2003,11.444
06/06/2003,11.619
05/06/2003,11.683
04/06/2003,11.769
03/06/2003,11.835
02/06/2003,11.677
30/05/2003,11.536
29/05/2003,11.521
28/05/2003,11.514
27/05/2003,11.698
26/05/2003,11.785
23/05/2003,11.879
22/05/2003,11.902
21/05/2003,11.890
20/05/2003,11.879
19/05/2003,11.892
16/05/2003,11.904
15/05/2003,11.852
14/05/2003,11.903
13/05/2003,12.394
12/05/2003,12.712
09/05/2003,12.754
08/05/2003,12.735
07/05/2003,12.815
06/05/2003,12.904
05/05/2003,12.933
30/04/2003,12.986
29/04/2003,13.085
28/04/2003,13.144
25/04/2003,13.269
24/04/2003,12.000
23/04/2003,13.504
22/04/2003,13.602
21/04/2003,13.758
16/04/2003,13.365
15/04/2003,13.254
14/04/2003,13.225
11/04/2003,13.231
09/04/2003,13.137
08/04/2003,13.104
04/04/2003,12.936
03/04/2003,12.927
02/04/2003,12.906
01/04/2003,12.931
28/03/2003,12.917
27/03/2003,13.155
26/03/2003,13.300
25/03/2003,13.502
24/03/2003,13.494
21/03/2003,13.504
20/03/2003,13.535
19/03/2003,13.323
18/03/2003,13.383
17/03/2003,13.260
14/03/2003,13.286
13/03/2003,13.273
12/03/2003,13.250
11/03/2003,13.350
10/03/2003,13.352
07/03/2003,13.346
06/03/2003,13.385
05/03/2003,13.365
04/03/2003,13.060
03/03/2003,13.000
28/02/2003,12.990
27/02/2003,12.990
26/02/2003,12.994
24/02/2003,13.026
21/02/2003,13.031
20/02/2003,13.042
19/02/2003,13.252
18/02/2003,13.381
17/02/2003,13.354
14/02/2003,13.288
13/02/2003,13.300
12/02/2003,13.252
11/02/2003,13.242
10/02/2003,13.221
07/02/2003,13.064
06/02/2003,12.825
05/02/2003,12.656
04/02/2003,12.675
03/02/2003,12.413
31/01/2003,12.304
30/01/2003,12.310
29/01/2003,12.323
28/01/2003,12.225
27/01/2003,12.212
24/01/2003,12.192
23/01/2003,12.202
22/01/2003,12.248
21/01/2003,12.286
20/01/2003,12.282
17/01/2003,12.288
16/01/2003,12.300
15/01/2003,12.305
14/01/2003,12.321
13/01/2003,12.231
10/01/2003,12.240
09/01/2003,12.229
08/01/2003,12.381
07/01/2003,12.417
06/01/2003,12.435
03/01/2003,12.467
02/01/2003,12.498
27/12/2002,12.567
26/12/2002,12.550
23/12/2002,12.479
20/12/2002,12.442
19/12/2002,12.442
18/12/2002,12.425
17/12/2002,12.454
16/12/2002,12.475
13/12/2002,12.444
12/12/2002,12.446
11/12/2002,12.458
10/12/2002,12.486
09/12/2002,12.540
05/12/2002,12.473
04/12/2002,12.401
03/12/2002,12.413
02/12/2002,12.440
29/11/2002,12.429
28/11/2002,12.425
27/11/2002,12.436
26/11/2002,12.464
25/11/2002,12.423
22/11/2002,12.415
21/11/2002,12.436
20/11/2002,12.454
19/11/2002,12.398
18/11/2002,12.389
15/11/2002,12.400
14/11/2002,12.390
13/11/2002,12.390
12/11/2002,12.000
11/11/2002,12.398
08/11/2002,12.406
07/11/2002,12.433
06/11/2002,12.467
05/11/2002,12.492
04/11/2002,12.581
30/10/2002,12.849
29/10/2002,12.471
28/10/2002,12.475
25/10/2002,12.535
24/10/2002,12.508
23/10/2002,12.548
22/10/2002,12.506
21/10/2002,12.554
18/10/2002,12.483
17/10/2002,12.456
16/10/2002,12.515
15/10/2002,12.604
14/10/2002,12.579
11/10/2002,12.519
10/10/2002,12.538
09/10/2002,12.571
08/10/2002,12.535
07/10/2002,12.600
04/10/2002,12.486
03/10/2002,12.464
02/10/2002,12.454
01/10/2002,12.452
30/09/2002,12.433
27/09/2002,12.427
26/09/2002,12.446
25/09/2002,12.444
24/09/2002,12.486
23/09/2002,12.481
20/09/2002,12.465
19/09/2002,12.485
18/09/2002,12.496
17/09/2002,12.502
16/09/2002,12.571
13/09/2002,12.420
12/09/2002,12.446
11/09/2002,12.479
09/09/2002,12.494
06/09/2002,12.519
05/09/2002,12.544
04/09/2002,12.567
03/09/2002,12.619
02/09/2002,12.710
30/08/2002,12.750
29/08/2002,12.790
28/08/2002,12.794
27/08/2002,12.811
26/08/2002,12.844
23/08/2002,12.863
22/08/2002,12.883
21/08/2002,12.885
20/08/2002,12.587
19/08/2002,12.538
15/08/2002,12.477
14/08/2002,12.488
13/08/2002,12.502
12/08/2002,12.531
09/08/2002,12.439
08/08/2002,12.419
07/08/2002,12.444
06/08/2002,12.394
05/08/2002,12.365
02/08/2002,12.361
01/08/2002,12.481
31/07/2002,12.594
30/07/2002,12.694
29/07/2002,12.704
26/07/2002,12.610
25/07/2002,12.611
24/07/2002,12.631
23/07/2002,12.444
22/07/2002,12.408
19/07/2002,12.436
18/07/2002,12.561
17/07/2002,12.692
16/07/2002,12.762
12/07/2002,12.969
11/07/2002,13.002
10/07/2002,13.083
09/07/2002,13.111
08/07/2002,13.229
05/07/2002,13.142
04/07/2002,13.123
03/07/2002,13.106
02/07/2002,13.108
01/07/2002,13.094
28/06/2002,13.079
27/06/2002,13.079
26/06/2002,13.085
25/06/2002,13.092
24/06/2002,13.036
21/06/2002,12.969
20/06/2002,12.992
19/06/2002,13.033
18/06/2002,13.170
17/06/2002,13.233
14/06/2002,13.273
13/06/2002,13.342
11/06/2002,13.381
10/06/2002,13.434
07/06/2002,13.577
06/06/2002,13.462
05/06/2002,13.454
04/06/2002,13.481
03/06/2002,13.442
31/05/2002,13.361
30/05/2002,13.329
29/05/2002,13.108
28/05/2002,13.004
27/05/2002,12.905
24/05/2002,12.925
23/05/2002,12.923
22/05/2002,12.923
21/05/2002,12.927
20/05/2002,12.925
17/05/2002,12.946
16/05/2002,13.012
15/05/2002,12.948
14/05/2002,13.000
13/05/2002,12.958
10/05/2002,12.679
09/05/2002,12.679
08/05/2002,12.667
07/05/2002,12.698
06/05/2002,12.765
03/05/2002,12.846
02/05/2002,13.071
01/05/2002,13.071
30/04/2002,13.071
29/04/2002,13.091
26/04/2002,13.117
25/04/2002,13.102
24/04/2002,13.116
23/04/2002,13.981
22/04/2002,13.962
19/04/2002,13.925
18/04/2002,13.908
17/04/2002,13.988
16/04/2002,14.330
15/04/2002,14.342
12/04/2002,14.384
11/04/2002,14.394
10/04/2002,14.408
09/04/2002,14.396
04/04/2002,14.475
03/04/2002,14.465
02/04/2002,14.425
01/04/2002,14.436
27/03/2002,14.406
26/03/2002,14.417
25/03/2002,14.442
22/03/2002,14.442
21/03/2002,14.394
20/03/2002,14.379
19/03/2002,14.375
18/03/2002,14.379
15/03/2002,14.385
14/03/2002,14.379
13/03/2002,14.492
12/03/2002,14.506
11/03/2002,14.465
08/03/2002,14.441
07/03/2002,14.442
06/03/2002,14.430
05/03/2002,14.469
04/03/2002,14.459
01/03/2002,14.480
28/02/2002,14.496
27/02/2002,14.527
26/02/2002,14.535
22/02/2002,14.440
21/02/2002,14.310
20/02/2002,14.310
19/02/2002,14.214
18/02/2002,14.186
15/02/2002,14.190
14/02/2002,14.190
13/02/2002,14.227
12/02/2002,14.223
11/02/2002,14.221
08/02/2002,14.169
07/02/2002,14.204
06/02/2002,14.200
05/02/2002,14.238
04/02/2002,14.242
01/02/2002,14.500
31/01/2002,14.438
30/01/2002,14.369
29/01/2002,14.375
25/01/2002,14.052
24/01/2002,13.887
23/01/2002,13.596
22/01/2002,13.410
21/01/2002,13.802
17/01/2002,14.200
16/01/2002,14.233
15/01/2002,14.314
14/01/2002,14.352
11/01/2002,14.333
10/01/2002,14.413
09/01/2002,14.454
08/01/2002,14.456
07/01/2002,14.696
04/01/2002,14.785
03/01/2002,15.104
02/01/2002,15.242
28/12/2001,15.530
27/12/2001,15.573
26/12/2001,15.741
21/12/2001,15.829
20/12/2001,15.619
19/12/2001,15.754
18/12/2001,15.469
17/12/2001,15.377
14/12/2001,15.377
13/12/2001,15.385
12/12/2001,15.367
11/12/2001,15.348
10/12/2001,15.367
07/12/2001,15.398
06/12/2001,15.464
05/12/2001,15.427
04/12/2001,15.462
03/12/2001,15.632
28/11/2001,15.723
27/11/2001,15.665
26/11/2001,15.792
23/11/2001,15.842
22/11/2001,16.391
21/11/2001,16.392
20/11/2001,16.396
19/11/2001,16.452
16/11/2001,16.529
15/11/2001,16.704
14/11/2001,16.775
13/11/2001,16.987
12/11/2001,17.106
09/11/2001,17.307
08/11/2001,17.454
07/11/2001,17.477
06/11/2001,17.515
05/11/2001,17.602
31/10/2001,17.616
30/10/2001,17.321
29/10/2001,17.321
26/10/2001,17.271
25/10/2001,17.096
23/10/2001,16.882
22/10/2001,16.864
19/10/2001,16.852
18/10/2001,16.875
17/10/2001,16.868
16/10/2001,16.927
15/10/2001,16.771
11/10/2001,16.146
10/10/2001,16.667
09/10/2001,16.146
08/10/2001,15.979
05/10/2001,15.989
04/10/2001,15.985
03/10/2001,15.982
02/10/2001,15.955
01/10/2001,15.952
28/09/2001,15.922
27/09/2001,15.955
26/09/2001,15.943
25/09/2001,15.914
24/09/2001,15.841
21/09/2001,15.816
20/09/2001,15.802
19/09/2001,15.788
18/09/2001,15.848
17/09/2001,15.841
14/09/2001,15.841
13/09/2001,15.839
12/09/2001,15.914
11/09/2001,15.586
07/09/2001,15.664
06/09/2001,15.670
05/09/2001,15.698
04/09/2001,15.693
03/09/2001,15.791
31/08/2001,15.773
30/08/2001,15.743
29/08/2001,15.766
28/08/2001,15.741
27/08/2001,15.639
24/08/2001,15.648
22/08/2001,15.600
21/08/2001,15.600
20/08/2001,15.566
17/08/2001,15.578
16/08/2001,15.532
14/08/2001,15.543
13/08/2001,15.711
10/08/2001,15.789
09/08/2001,15.750
08/08/2001,15.739
07/08/2001,15.732
06/08/2001,15.727
03/08/2001,15.125
02/08/2001,15.684
01/08/2001,15.759
31/07/2001,15.748
30/07/2001,15.875
27/07/2001,15.559
26/07/2001,15.484
25/07/2001,15.625
24/07/2001,15.750
23/07/2001,15.750
20/07/2001,15.650
19/07/2001,15.436
18/07/2001,15.625
17/07/2001,15.323
16/07/2001,15.280
13/07/2001,15.500
12/07/2001,15.000
11/07/2001,15.216
10/07/2001,15.225
09/07/2001,15.125
06/07/2001,15.223
05/07/2001,14.970
04/07/2001,15.200
03/07/2001,15.169
02/07/2001,15.175
29/06/2001,15.175
28/06/2001,15.180
27/06/2001,15.125
26/06/2001,15.148
22/06/2001,15.152
21/06/2001,15.136
20/06/2001,15.166
19/06/2001,15.175
18/06/2001,15.500
15/06/2001,15.250
14/06/2001,15.475
13/06/2001,15.125
11/06/2001,15.250
08/06/2001,14.800
07/06/2001,14.875
06/06/2001,15.000
05/06/2001,15.250
04/06/2001,15.250
01/06/2001,15.100
31/05/2001,15.125
30/05/2001,15.046
29/05/2001,14.984
28/05/2001,15.006
25/05/2001,15.027
24/05/2001,15.100
23/05/2001,15.027
22/05/2001,15.018
21/05/2001,15.033
18/05/2001,15.125
17/05/2001,15.114
16/05/2001,15.080
15/05/2001,15.123
14/05/2001,15.137
11/05/2001,15.137
10/05/2001,15.208
09/05/2001,15.327
08/05/2001,15.380
07/05/2001,15.386
04/05/2001,15.000
03/05/2001,15.404
02/05/2001,15.500
30/04/2001,15.375
27/04/2001,15.093
26/04/2001,14.952
25/04/2001,14.877
24/04/2001,15.000
23/04/2001,15.006
20/04/2001,15.066
19/04/2001,15.500
18/04/2001,14.950
17/04/2001,15.131
16/04/2001,15.123
11/04/2001,15.135
10/04/2001,15.250
06/04/2001,15.102
05/04/2001,15.125
04/04/2001,15.500
03/04/2001,14.875
02/04/2001,14.698
30/03/2001,15.000
29/03/2001,14.627
28/03/2001,14.436
27/03/2001,14.500
26/03/2001,14.457
23/03/2001,14.507
22/03/2001,14.750
21/03/2001,14.577
20/03/2001,14.611
19/03/2001,14.609
16/03/2001,14.604
15/03/2001,14.679
14/03/2001,14.682
13/03/2001,14.694
12/03/2001,14.682
09/03/2001,14.661
07/03/2001,14.684
06/03/2001,14.698
05/03/2001,14.744
02/03/2001,14.756
01/03/2001,14.755
28/02/2001,14.893
27/02/2001,14.930
26/02/2001,14.979
23/02/2001,15.255
22/02/2001,15.473
21/02/2001,15.432
20/02/2001,15.439
19/02/2001,15.420
16/02/2001,15.384
15/02/2001,15.570
13/02/2001,15.916
12/02/2001,16.141
06/02/2001,16.750
05/02/2001,16.348
02/02/2001,16.341
31/01/2001,16.289
30/01/2001,16.295
29/01/2001,16.295
26/01/2001,16.282
25/01/2001,16.264
24/01/2001,16.750
23/01/2001,16.400
22/01/2001,16.534
19/01/2001,18.300
18/01/2001,18.252
17/01/2001,18.636
16/01/2001,17.261
15/01/2001,17.143
12/01/2001,16.857
11/01/2001,16.850
10/01/2001,16.846
09/01/2001,16.979
08/01/2001,17.307
05/01/2001,17.707
02/01/2001,17.700
29/12/2000,17.685
28/12/2000,15.500
27/12/2000,15.500
26/12/2000,17.830
22/12/2000,17.750
21/12/2000,18.250
20/12/2000,18.250
19/12/2000,17.796
18/12/2000,17.811
15/12/2000,17.920
14/12/2000,17.934
12/12/2000,17.913
11/12/2000,17.968
08/12/2000,18.155
07/12/2000,18.046
06/12/2000,17.641
05/12/2000,17.641
04/12/2000,17.239
01/12/2000,17.200
30/11/2000,16.961
29/11/2000,16.961
28/11/2000,17.011
27/11/2000,16.989
24/11/2000,17.500
23/11/2000,16.917
22/11/2000,17.202
21/11/2000,17.255
20/11/2000,17.264
17/11/2000,17.432
16/11/2000,17.443
15/11/2000,17.655
14/11/2000,18.025
13/11/2000,18.250
10/11/2000,18.363
09/11/2000,18.500
08/11/2000,18.273
07/11/2000,18.729
30/10/2000,19.375
27/10/2000,18.854
26/10/2000,19.000
25/10/2000,19.750
24/10/2000,20.700
23/10/2000,20.700
20/10/2000,18.880
19/10/2000,20.750
18/10/2000,20.750
17/10/2000,16.500
16/10/2000,18.600
13/10/2000,18.875
12/10/2000,16.700
11/10/2000,16.475
09/10/2000,16.250
06/10/2000,16.500
05/10/2000,16.250
04/10/2000,15.975
03/10/2000,15.875
02/10/2000,16.000
29/09/2000,15.595
28/09/2000,15.500
27/09/2000,15.975
26/09/2000,16.000
25/09/2000,16.000
22/09/2000,15.500
21/09/2000,15.975
20/09/2000,15.975
19/09/2000,16.000
18/09/2000,16.300
15/09/2000,15.750
14/09/2000,15.500
13/09/2000,15.500
12/09/2000,15.125
08/09/2000,14.800
07/09/2000,14.900
06/09/2000,14.900
05/09/2000,14.900
04/09/2000,14.900
01/09/2000,14.900
31/08/2000,14.625
30/08/2000,14.625
29/08/2000,14.625
28/08/2000,14.650
25/08/2000,14.700
24/08/2000,14.750
23/08/2000,14.750
22/08/2000,14.750
21/08/2000,14.600
18/08/2000,14.750
17/08/2000,14.700
16/08/2000,14.875
15/08/2000,14.650
14/08/2000,14.875
11/08/2000,14.625
10/08/2000,14.650
09/08/2000,14.625
08/08/2000,14.650
07/08/2000,14.875
04/08/2000,14.750
03/08/2000,15.000
02/08/2000,14.850
01/08/2000,14.750
31/07/2000,14.750
28/07/2000,14.750
27/07/2000,14.750
26/07/2000,14.625
25/07/2000,14.850
24/07/2000,14.625
21/07/2000,14.750
20/07/2000,14.875
19/07/2000,14.750
18/07/2000,14.950
17/07/2000,14.950
14/07/2000,14.950
13/07/2000,15.000
11/07/2000,15.375
10/07/2000,14.925
07/07/2000,14.875
06/07/2000,14.425
05/07/2000,14.500
04/07/2000,14.375
03/07/2000,14.375
30/06/2000,14.200
29/06/2000,14.181
28/06/2000,14.065
27/06/2000,14.250
26/06/2000,14.225
23/06/2000,14.225
22/06/2000,14.125
21/06/2000,14.180
20/06/2000,14.125
19/06/2000,14.125
16/06/2000,14.125
15/06/2000,14.244
14/06/2000,14.216
