"Fecha","Último","Apertura","Máximo","Mínimo","Vol.","% var."
"26.10.2011","17.288,83","17.336,34","17.350,49","17.273,52","4,90M","0,20%"
"25.10.2011","17.254,86","17.012,79","17.322,13","16.900,26","17,51M","1,86%"
"24.10.2011","16.939,28","17.011,06","17.104,88","16.898,60","12,67M","0,92%"
"21.10.2011","16.785,64","16.975,79","17.032,32","16.752,21","13,80M","-0,89%"
"20.10.2011","16.936,89","16.911,85","16.962,06","16.744,99","11,95M","-0,87%"
"19.10.2011","17.085,34","16.883,36","17.106,99","16.874,34","11,33M","2,01%"
"18.10.2011","16.748,29","16.817,38","16.824,76","16.669,04","14,07M","-1,63%"
"17.10.2011","17.025,09","17.176,05","17.188,55","16.928,38","18,37M","-0,34%"
"14.10.2011","17.082,69","16.836,83","17.112,45","16.828,45","15,45M","1,18%"
"13.10.2011","16.883,92","17.048,00","17.084,07","16.854,03","17,90M","-0,44%"
"12.10.2011","16.958,39","16.660,43","16.987,06","16.608,57","21,26M","2,55%"
"11.10.2011","16.536,47","16.668,15","16.774,12","16.510,71","20,07M","-0,13%"
"10.10.2011","16.557,23","16.270,07","16.595,93","16.230,77","17,26M","2,00%"
"07.10.2011","16.232,54","16.222,49","16.347,48","16.148,97","16,88M","2,79%"
"05.10.2011","15.792,41","15.967,72","16.044,91","15.760,53","18,87M","-0,46%"
"04.10.2011","15.864,86","16.081,77","16.202,38","15.745,43","19,65M","-1,77%"
"03.10.2011","16.151,45","16.255,97","16.255,97","16.056,33","17,02M","-1,84%"
"30.09.2011","16.453,76","16.599,74","16.745,16","16.404,78","19,90M","-1,46%"
"29.09.2011","16.698,07","16.387,91","16.756,08","16.316,66","19,16M","1,53%"
"28.09.2011","16.446,02","16.663,26","16.663,26","16.363,63","19,56M","-0,47%"
"27.09.2011","16.524,03","16.289,32","16.551,65","16.282,74","16,15M","2,95%"
"26.09.2011","16.051,10","16.209,19","16.209,19","15.801,01","18,83M","-0,69%"
"23.09.2011","16.162,06","16.222,37","16.368,41","16.052,47","22,07M","-1,22%"
"22.09.2011","16.361,15","16.827,85","16.833,61","16.316,03","18,30M","-4,13%"
"21.09.2011","17.065,15","17.128,83","17.191,12","17.000,61","13,39M","-0,20%"
"20.09.2011","17.099,28","16.768,63","17.135,44","16.758,69","14,29M","2,11%"
"19.09.2011","16.745,35","16.865,93","16.865,93","16.709,41","11,59M","-1,11%"
"16.09.2011","16.933,83","17.047,73","17.122,54","16.889,58","20,33M","0,34%"
"15.09.2011","16.876,54","16.837,76","16.922,40","16.545,47","15,45M","1,00%"
"14.09.2011","16.709,60","16.522,71","16.754,22","16.387,38","15,91M","1,47%"
"13.09.2011","16.467,44","16.618,17","16.766,19","16.374,68","14,58M","-0,21%"
"12.09.2011","16.501,74","16.668,25","16.668,25","16.393,04","13,46M","-2,17%"
"09.09.2011","16.866,97","17.189,75","17.211,80","16.830,95","11,78M","-1,74%"
"08.09.2011","17.165,54","17.118,08","17.209,66","16.987,37","12,22M","0,59%"
"07.09.2011","17.065,00","16.922,31","17.157,21","16.922,31","17,33M","1,20%"
"06.09.2011","16.862,81","16.663,73","16.894,73","16.488,30","14,56M","0,89%"
"05.09.2011","16.713,33","16.678,34","16.760,07","16.561,46","12,16M","-0,64%"
"02.09.2011","16.821,46","16.963,67","16.989,86","16.688,06","12,75M","0,87%"
"30.08.2011","16.676,75","16.585,10","16.714,70","16.443,35","15,19M","1,59%"
"29.08.2011","16.416,33","16.080,74","16.462,03","16.068,73","11,14M","3,58%"
"26.08.2011","15.848,83","16.155,55","16.256,38","15.765,53","14,10M","-1,84%"
"25.08.2011","16.146,33","16.338,14","16.373,84","16.104,34","12,16M","-0,85%"
"24.08.2011","16.284,98","16.490,78","16.533,22","16.253,78","13,68M","-1,29%"
"23.08.2011","16.498,47","16.446,85","16.549,21","16.213,18","11,37M","0,96%"
"22.08.2011","16.341,70","16.155,99","16.370,46","16.046,48","11,69M","1,24%"
"19.08.2011","16.141,67","16.237,78","16.287,72","15.987,77","16,38M","-1,99%"
"18.08.2011","16.469,79","16.910,27","16.916,81","16.433,31","14,69M","-2,20%"
"17.08.2011","16.840,80","16.782,24","17.000,38","16.708,98","14,94M","0,66%"
"16.08.2011","16.730,94","17.015,99","17.035,49","16.673,52","12,65M","-0,65%"
"12.08.2011","16.839,63","17.246,88","17.246,88","16.784,56","13,35M","-1,29%"
"11.08.2011","17.059,40","17.056,61","17.207,82","17.012,95","9,50M","-0,42%"
"10.08.2011","17.130,51","17.244,71","17.256,46","17.022,25","15,58M","1,62%"
"09.08.2011","16.857,91","16.517,87","17.135,04","16.432,00","23,75M","-0,78%"
"08.08.2011","16.990,18","16.907,57","17.247,87","16.759,45","19,96M","-1,82%"
"05.08.2011","17.305,87","17.350,37","17.358,18","16.990,91","20,41M","-2,19%"
"04.08.2011","17.693,18","17.983,86","18.032,55","17.664,73","10,98M","-1,38%"
"03.08.2011","17.940,55","17.970,19","18.005,76","17.859,50","13,43M","-0,94%"
"02.08.2011","18.109,89","18.283,55","18.283,55","18.037,87","11,07M","-1,12%"
"01.08.2011","18.314,33","18.352,23","18.440,07","18.219,25","9,62M","0,64%"
"29.07.2011","18.197,20","18.194,15","18.334,27","18.131,86","16,10M","-0,07%"
"28.07.2011","18.209,52","18.300,55","18.327,85","18.188,88","12,23M","-1,21%"
"27.07.2011","18.432,25","18.571,15","18.578,55","18.358,76","14,16M","-0,46%"
"26.07.2011","18.518,22","18.898,19","18.944,60","18.481,63","15,53M","-1,87%"
"25.07.2011","18.871,29","18.753,35","18.932,27","18.670,84","22,82M","0,80%"
"22.07.2011","18.722,30","18.565,04","18.747,06","18.533,43","14,88M","1,55%"
"21.07.2011","18.436,19","18.514,65","18.566,99","18.415,36","8,03M","-0,36%"
"20.07.2011","18.502,38","18.756,31","18.765,60","18.473,90","9,82M","-0,81%"
"19.07.2011","18.653,87","18.521,38","18.690,42","18.481,83","8,38M","0,79%"
"18.07.2011","18.507,04","18.592,19","18.622,56","18.469,53","9,03M","-0,30%"
"15.07.2011","18.561,92","18.694,19","18.936,43","18.513,22","6,83M","-0,30%"
"14.07.2011","18.618,20","18.563,69","18.803,05","18.449,23","11,74M","0,12%"
"13.07.2011","18.596,02","18.468,82","18.626,41","18.465,40","9,71M","1,00%"
"12.07.2011","18.411,62","18.534,11","18.589,19","18.326,42","10,59M","-1,65%"
"11.07.2011","18.721,39","18.823,19","18.843,97","18.679,49","9,11M","-0,72%"
"08.07.2011","18.858,04","19.084,06","19.131,70","18.817,71","12,23M","-1,15%"
"07.07.2011","19.078,30","18.776,62","19.097,78","18.767,25","11,44M","1,88%"
"06.07.2011","18.726,97","18.730,29","18.823,45","18.682,60","8,43M","-0,09%"
"05.07.2011","18.744,56","18.837,88","18.837,88","18.694,05","12,21M","-0,37%"
"04.07.2011","18.814,48","18.896,24","18.942,42","18.781,88","12,24M","0,28%"
"01.07.2011","18.762,80","18.974,96","19.031,38","18.713,07","14,00M","-0,44%"
"30.06.2011","18.845,87","18.741,10","18.873,39","18.723,14","11,43M","0,81%"
"29.06.2011","18.693,86","18.552,19","18.715,39","18.552,19","13,72M","1,09%"
"28.06.2011","18.492,45","18.493,59","18.527,45","18.323,44","11,37M","0,43%"
"27.06.2011","18.412,41","18.132,70","18.494,11","18.132,70","13,44M","0,94%"
"24.06.2011","18.240,68","17.804,94","18.268,95","17.804,94","14,71M","2,89%"
"23.06.2011","17.727,49","17.526,92","17.754,55","17.482,21","11,31M","1,01%"
"22.06.2011","17.550,63","17.659,37","17.678,86","17.492,19","9,65M","-0,06%"
"21.06.2011","17.560,30","17.574,37","17.714,88","17.504,27","11,44M","0,31%"
"20.06.2011","17.506,63","17.925,17","17.925,17","17.314,38","12,88M","-2,04%"
"17.06.2011","17.870,53","18.060,17","18.064,76","17.844,09","10,87M","-0,64%"
"16.06.2011","17.985,88","18.060,11","18.155,10","17.958,94","10,60M","-0,81%"
"15.06.2011","18.132,24","18.298,59","18.308,69","18.111,21","9,69M","-0,96%"
"14.06.2011","18.308,66","18.276,78","18.380,19","18.261,11","26,75M","0,23%"
"13.06.2011","18.266,03","18.242,25","18.313,21","18.120,76","10,35M","-0,01%"
"10.06.2011","18.268,54","18.390,41","18.399,02","18.182,90","9,59M","-0,63%"
"09.06.2011","18.384,90","18.394,57","18.449,64","18.327,01","10,00M","-0,05%"
"08.06.2011","18.394,29","18.448,40","18.505,10","18.365,94","10,76M","-0,55%"
"07.06.2011","18.495,62","18.355,30","18.545,95","18.351,24","9,96M","0,41%"
"06.06.2011","18.420,11","18.344,27","18.458,63","18.258,42","8,89M","0,24%"
"03.06.2011","18.376,48","18.554,40","18.672,65","18.345,85","14,46M","-0,64%"
"02.06.2011","18.494,18","18.425,85","18.540,67","18.390,57","15,48M","-0,62%"
"01.06.2011","18.608,81","18.527,12","18.636,12","18.514,66","12,68M","0,57%"
"31.05.2011","18.503,28","18.266,61","18.526,80","18.266,61","14,57M","1,49%"
"30.05.2011","18.232,06","18.319,74","18.380,17","18.199,52","11,52M","-0,19%"
"27.05.2011","18.266,10","18.105,61","18.298,64","18.087,16","12,72M","1,23%"
"26.05.2011","18.044,64","17.917,11","18.072,61","17.862,88","12,55M","1,11%"
"25.05.2011","17.847,24","17.976,36","17.976,36","17.786,13","10,29M","-0,91%"
"24.05.2011","18.011,97","18.016,43","18.110,39","17.933,94","12,51M","0,10%"
"23.05.2011","17.993,33","18.269,06","18.269,06","17.971,02","10,32M","-1,82%"
"20.05.2011","18.326,09","18.199,96","18.429,47","18.161,38","17,10M","1,02%"
"19.05.2011","18.141,40","18.166,64","18.198,45","18.057,82","13,30M","0,31%"
"18.05.2011","18.086,20","18.177,32","18.218,20","18.020,79","12,35M","-0,28%"
"17.05.2011","18.137,35","18.374,45","18.435,80","18.084,67","14,13M","-1,13%"
"16.05.2011","18.345,03","18.492,68","18.492,68","18.319,88","9,34M","-1,01%"
"13.05.2011","18.531,28","18.362,45","18.724,54","18.280,70","12,51M","1,07%"
"12.05.2011","18.335,79","18.525,32","18.610,02","18.314,34","10,13M","-1,34%"
"11.05.2011","18.584,96","18.572,61","18.622,44","18.454,93","10,08M","0,39%"
"10.05.2011","18.512,77","18.564,95","18.689,37","18.429,06","13,16M","-0,09%"
"09.05.2011","18.528,96","18.628,63","18.643,58","18.367,21","9,10M","0,05%"
"06.05.2011","18.518,81","18.289,78","18.568,48","18.271,68","30,11M","1,69%"
"05.05.2011","18.210,58","18.484,71","18.569,21","18.160,65","14,79M","-1,40%"
"04.05.2011","18.469,36","18.558,33","18.604,36","18.339,53","12,99M","-0,35%"
"03.05.2011","18.534,69","18.979,31","19.024,95","18.502,42","13,37M","-2,44%"
"02.05.2011","18.998,02","19.224,05","19.253,87","18.954,76","9,43M","-0,72%"
"29.04.2011","19.135,96","19.292,57","19.356,50","19.015,05","10,61M","-0,81%"
"28.04.2011","19.292,02","19.532,85","19.542,05","19.265,92","13,91M","-0,81%"
"27.04.2011","19.448,69","19.610,71","19.633,63","19.412,79","13,36M","-0,49%"
"26.04.2011","19.545,35","19.596,32","19.626,13","19.306,92","11,58M","-0,20%"
"25.04.2011","19.584,31","19.538,52","19.697,49","19.531,34","11,42M","-0,09%"
"21.04.2011","19.602,23","19.582,50","19.695,98","19.530,50","15,12M","0,67%"
"20.04.2011","19.470,98","19.274,21","19.484,77","19.171,03","15,39M","1,83%"
"19.04.2011","19.121,83","19.091,78","19.201,92","18.976,19","11,31M","0,16%"
"18.04.2011","19.091,17","19.389,74","19.649,22","19.071,47","13,77M","-1,53%"
"15.04.2011","19.386,82","19.670,07","19.700,96","19.337,12","17,08M","-1,57%"
"13.04.2011","19.696,86","19.187,01","19.737,33","19.101,63","17,84M","2,25%"
"11.04.2011","19.262,54","19.382,91","19.426,30","19.242,59","9,44M","-0,97%"
"08.04.2011","19.451,45","19.602,81","19.697,21","19.388,42","10,44M","-0,71%"
"07.04.2011","19.591,18","19.620,88","19.665,09","19.537,02","9,62M","-0,11%"
"06.04.2011","19.612,20","19.698,61","19.811,14","19.550,55","14,37M","-0,38%"
"05.04.2011","19.686,82","19.731,38","19.770,21","19.523,54","12,65M","-0,08%"
"04.04.2011","19.701,73","19.473,93","19.729,60","19.449,36","10,66M","1,45%"
"01.04.2011","19.420,39","19.463,11","19.562,55","19.382,35","12,46M","-0,13%"
"31.03.2011","19.445,22","19.339,75","19.575,16","19.284,35","16,18M","0,80%"
"30.03.2011","19.290,18","19.178,77","19.357,10","19.178,77","12,18M","0,89%"
"29.03.2011","19.120,80","18.949,57","19.226,21","18.944,82","17,27M","0,94%"
"28.03.2011","18.943,14","18.799,71","19.024,18","18.799,57","12,86M","0,68%"
"25.03.2011","18.815,64","18.480,69","18.858,30","18.480,69","15,26M","2,53%"
"24.03.2011","18.350,74","18.286,42","18.373,97","18.269,32","11,11M","0,79%"
"23.03.2011","18.206,16","17.972,04","18.218,28","17.950,17","13,34M","1,21%"
"22.03.2011","17.988,30","17.929,09","18.041,38","17.878,80","11,77M","0,84%"
"21.03.2011","17.839,05","17.984,72","18.007,73","17.792,17","12,45M","-0,22%"
"18.03.2011","17.878,81","18.251,18","18.259,61","17.849,53","16,40M","-1,49%"
"17.03.2011","18.149,87","18.227,16","18.354,27","18.104,02","18,12M","-1,14%"
"16.03.2011","18.358,69","18.263,68","18.444,47","18.263,68","16,22M","1,05%"
"15.03.2011","18.167,64","18.113,79","18.326,33","17.920,55","22,34M","-1,47%"
"14.03.2011","18.439,48","18.167,10","18.463,84","18.155,43","15,38M","1,46%"
"11.03.2011","18.174,09","18.248,11","18.368,43","18.063,29","20,59M","-0,84%"
"10.03.2011","18.327,98","18.430,84","18.430,84","18.261,26","18,68M","-0,77%"
"09.03.2011","18.469,95","18.522,80","18.583,30","18.303,80","22,62M","0,16%"
"08.03.2011","18.439,65","18.277,34","18.466,81","18.266,62","13,80M","1,19%"
"07.03.2011","18.222,67","18.361,65","18.361,65","18.058,71","15,20M","-1,43%"
"04.03.2011","18.486,45","18.622,70","18.736,97","18.448,69","19,89M","-0,02%"
"03.03.2011","18.489,76","18.318,32","18.603,57","18.253,62","28,61M","0,23%"
"01.03.2011","18.446,50","17.982,28","18.478,68","17.964,39","24,76M","3,50%"
"28.02.2011","17.823,40","17.811,08","18.296,53","17.718,88","29,94M","0,69%"
"25.02.2011","17.700,91","17.775,08","17.812,44","17.469,97","21,88M","0,39%"
"24.02.2011","17.632,41","18.135,12","18.135,12","17.559,70","23,04M","-3,00%"
"23.02.2011","18.178,33","18.233,77","18.377,48","18.150,01","22,22M","-0,64%"
"22.02.2011","18.296,16","18.390,72","18.457,90","18.187,33","19,71M","-0,77%"
"21.02.2011","18.438,31","18.238,54","18.457,49","18.082,66","19,27M","1,25%"
"18.02.2011","18.211,52","18.564,08","18.690,97","18.159,82","21,98M","-1,60%"
"17.02.2011","18.506,82","18.345,12","18.532,61","18.233,79","16,56M","1,13%"
"16.02.2011","18.300,90","18.273,06","18.358,84","18.216,12","18,77M","0,15%"
"15.02.2011","18.273,80","18.260,08","18.361,66","18.050,48","23,64M","0,39%"
"14.02.2011","18.202,20","17.940,16","18.227,62","17.857,12","21,76M","2,67%"
"11.02.2011","17.728,61","17.519,13","17.752,56","17.295,62","25,39M","1,52%"
"10.02.2011","17.463,04","17.603,29","17.636,88","17.362,59","25,12M","-0,74%"
"09.02.2011","17.592,77","17.723,99","17.864,32","17.508,35","30,27M","-1,03%"
"08.02.2011","17.775,70","18.141,51","18.141,51","17.742,18","14,21M","-1,45%"
"07.02.2011","18.037,19","18.135,02","18.180,94","17.977,01","13,07M","0,16%"
"04.02.2011","18.008,15","18.450,07","18.542,20","17.926,98","22,94M","-2,39%"
"03.02.2011","18.449,31","18.113,73","18.466,21","18.064,61","21,55M","1,98%"
"02.02.2011","18.090,62","18.216,91","18.306,00","18.042,61","22,83M","0,38%"
"01.02.2011","18.022,22","18.425,18","18.452,06","17.982,17","20,11M","-1,67%"
"31.01.2011","18.327,76","18.226,21","18.395,09","18.038,48","19,90M","-0,37%"
"28.01.2011","18.395,97","18.708,62","18.723,12","18.235,45","18,63M","-1,54%"
"27.01.2011","18.684,43","19.086,69","19.086,69","18.656,05","13,77M","-1,50%"
"25.01.2011","18.969,45","19.227,42","19.340,99","18.949,44","13,45M","-0,95%"
"24.01.2011","19.151,28","19.095,69","19.194,46","18.998,38","11,53M","0,76%"
"21.01.2011","19.007,53","19.007,08","19.065,34","18.932,40","10,94M","-0,20%"
"20.01.2011","19.046,54","18.892,43","19.100,26","18.794,73","12,83M","0,36%"
"19.01.2011","18.978,32","19.153,31","19.167,06","18.898,56","16,14M","-0,60%"
"18.01.2011","19.092,05","18.983,20","19.120,62","18.933,47","14,37M","1,11%"
"17.01.2011","18.882,25","18.911,43","19.018,94","18.779,38","17,78M","0,12%"
"14.01.2011","18.860,44","19.198,04","19.447,82","18.811,96","15,79M","-1,68%"
"13.01.2011","19.182,82","19.492,30","19.522,38","19.136,27","16,89M","-1,80%"
"12.01.2011","19.534,10","19.353,34","19.574,63","19.048,56","19,39M","1,76%"
"11.01.2011","19.196,34","19.279,77","19.431,56","19.003,60","20,07M","-0,14%"
"10.01.2011","19.224,12","19.714,42","19.720,43","19.158,43","17,20M","-2,38%"
"07.01.2011","19.691,81","20.163,85","20.210,62","19.629,22","15,85M","-2,44%"
"06.01.2011","20.184,74","20.395,50","20.425,85","20.107,17","16,68M","-0,57%"
"05.01.2011","20.301,10","20.509,95","20.509,95","20.243,95","14,31M","-0,96%"
"04.01.2011","20.498,72","20.617,38","20.651,21","20.449,01","15,23M","-0,30%"
"03.01.2011","20.561,05","20.621,61","20.664,80","20.531,00","11,93M","0,25%"
"31.12.2010","20.509,09","20.412,76","20.552,03","20.412,76","12,60M","0,59%"
"30.12.2010","20.389,07","20.274,12","20.410,91","20.274,12","10,56M","0,66%"
"29.12.2010","20.256,03","20.060,88","20.274,20","20.054,64","9,95M","1,15%"
"28.12.2010","20.025,42","20.056,47","20.090,41","19.981,76","10,65M","-0,02%"
"27.12.2010","20.028,93","20.062,60","20.190,13","20.010,33","9,82M","-0,22%"
"24.12.2010","20.073,66","19.911,46","20.086,42","19.880,36","16,49M","0,45%"
"23.12.2010","19.982,88","20.038,83","20.076,08","19.939,30","7,64M","-0,16%"
"22.12.2010","20.015,80","20.118,82","20.151,25","19.931,31","12,08M","-0,22%"
"21.12.2010","20.060,32","19.925,76","20.090,84","19.925,76","14,16M","0,86%"
"20.12.2010","19.888,88","19.770,02","20.006,16","19.711,12","11,24M","0,12%"
"16.12.2010","19.864,85","19.698,58","19.897,22","19.554,35","15,45M","1,10%"
"15.12.2010","19.647,77","19.791,22","19.817,61","19.571,43","14,08M","-0,76%"
"14.12.2010","19.799,19","19.746,75","19.836,82","19.621,41","13,46M","0,55%"
"13.12.2010","19.691,78","19.600,28","19.710,57","19.321,41","15,42M","0,94%"
"10.12.2010","19.508,89","19.201,89","19.537,40","19.074,57","16,05M","1,39%"
"09.12.2010","19.242,36","19.746,15","19.771,09","19.160,87","17,20M","-2,31%"
"08.12.2010","19.696,48","19.874,30","19.875,51","19.611,35","12,55M","-1,19%"
"07.12.2010","19.934,64","19.982,90","20.008,36","19.824,44","13,42M","-0,23%"
"06.12.2010","19.981,31","20.038,25","20.217,86","19.944,71","14,05M","0,07%"
"03.12.2010","19.966,93","20.007,89","20.067,81","19.877,12","13,87M","-0,13%"
"02.12.2010","19.992,70","20.038,66","20.084,25","19.917,77","16,61M","0,72%"
"01.12.2010","19.850,00","19.529,99","19.887,26","19.525,15","14,94M","1,68%"
"30.11.2010","19.521,25","19.373,23","19.610,46","19.218,02","18,79M","0,60%"
"29.11.2010","19.405,10","19.230,34","19.450,09","19.167,19","12,30M","1,40%"
"26.11.2010","19.136,61","19.391,96","19.417,61","18.954,82","25,14M","-0,94%"
"25.11.2010","19.318,16","19.560,25","19.628,27","19.257,37","13,75M","-0,73%"
"24.11.2010","19.459,85","19.735,28","19.835,57","19.375,92","12,12M","-1,18%"
"23.11.2010","19.691,84","19.841,42","19.841,42","19.342,69","14,30M","-1,33%"
"22.11.2010","19.957,59","19.713,84","19.989,02","19.641,42","10,91M","1,90%"
"19.11.2010","19.585,44","19.982,75","19.982,75","19.504,87","16,42M","-1,73%"
"18.11.2010","19.930,64","19.997,83","20.056,44","19.615,51","21,77M","0,33%"
"16.11.2010","19.865,14","20.371,73","20.380,10","19.832,22","15,28M","-2,19%"
"15.11.2010","20.309,69","20.167,62","20.335,51","20.046,60","14,30M","0,76%"
"12.11.2010","20.156,89","20.529,74","20.593,91","20.108,40","14,54M","-2,10%"
"11.11.2010","20.589,09","20.930,45","20.937,38","20.544,22","12,69M","-1,37%"
"10.11.2010","20.875,71","20.917,54","20.970,91","20.849,92","15,18M","-0,27%"
"09.11.2010","20.932,48","20.851,91","20.984,08","20.762,81","11,76M","0,38%"
"08.11.2010","20.852,38","21.041,97","21.075,71","20.822,37","13,74M","-0,73%"
"05.11.2010","21.004,96","21.045,66","21.108,64","20.961,98","5,18M","0,53%"
"04.11.2010","20.893,57","20.605,63","20.917,03","20.605,63","12,80M","2,09%"
"03.11.2010","20.465,74","20.472,86","20.538,80","20.426,18","9,98M","0,59%"
"02.11.2010","20.345,69","20.407,18","20.418,35","20.281,73","13,28M","-0,05%"
"01.11.2010","20.355,63","20.272,49","20.609,65","20.267,10","5,40M","1,61%"
"29.10.2010","20.032,34","19.986,32","20.080,33","19.768,96","14,31M","0,46%"
"28.10.2010","19.941,04","20.116,49","20.185,46","19.869,32","11,69M","-0,32%"
"27.10.2010","20.005,37","20.220,58","20.220,58","19.923,71","12,09M","-1,07%"
"26.10.2010","20.221,39","20.325,44","20.344,68","20.189,30","10,28M","-0,40%"
"25.10.2010","20.303,12","20.199,73","20.452,30","20.199,73","12,25M","0,68%"
"22.10.2010","20.165,86","20.334,14","20.351,74","20.088,67","13,15M","-0,47%"
"21.10.2010","20.260,58","19.951,34","20.293,10","19.886,12","12,86M","1,95%"
"20.10.2010","19.872,15","19.924,02","20.043,82","19.822,66","10,68M","-0,56%"
"19.10.2010","19.983,13","20.298,55","20.332,02","19.923,96","12,05M","-0,92%"
"18.10.2010","20.168,89","20.160,55","20.229,39","19.870,51","12,63M","0,22%"
"15.10.2010","20.125,05","20.518,50","20.578,45","20.090,18","9,30M","-1,82%"
"14.10.2010","20.497,64","20.700,42","20.854,55","20.442,82","15,20M","-0,92%"
"13.10.2010","20.687,88","20.223,45","20.703,97","20.211,66","14,46M","2,40%"
"12.10.2010","20.203,34","20.357,79","20.368,40","20.107,25","13,47M","-0,67%"
"11.10.2010","20.339,89","20.291,59","20.461,27","20.274,95","11,66M","0,44%"
"08.10.2010","20.250,26","20.297,58","20.409,19","20.145,74","15,39M","-0,32%"
"07.10.2010","20.315,32","20.544,30","20.581,29","20.272,77","19,28M","-1,11%"
"06.10.2010","20.543,08","20.448,69","20.669,95","20.447,05","16,16M","0,66%"
"05.10.2010","20.407,71","20.461,98","20.560,54","20.383,16","17,82M","-0,33%"
"04.10.2010","20.475,73","20.501,21","20.706,74","20.437,36","14,98M","0,15%"
"01.10.2010","20.445,04","20.094,10","20.475,47","20.094,10","19,15M","1,87%"
"30.09.2010","20.069,12","19.931,49","20.114,73","19.864,46","15,77M","0,57%"
"29.09.2010","19.956,34","20.086,89","20.234,05","19.923,11","18,76M","-0,74%"
"28.09.2010","20.104,86","20.114,37","20.157,51","19.981,96","13,46M","-0,06%"
"27.09.2010","20.117,38","20.082,26","20.267,98","20.082,26","17,32M","0,36%"
"24.09.2010","20.045,18","19.836,43","20.071,75","19.833,52","17,49M","0,93%"
"23.09.2010","19.861,01","19.944,30","19.998,32","19.771,63","11,78M","-0,40%"
"22.09.2010","19.941,72","20.039,43","20.105,54","19.804,02","14,50M","-0,30%"
"21.09.2010","20.001,55","19.925,79","20.088,96","19.860,88","15,88M","0,48%"
"20.09.2010","19.906,10","19.445,42","19.927,30","19.445,42","19,54M","1,59%"
"17.09.2010","19.594,75","19.436,71","19.639,18","19.436,71","16,68M","0,91%"
"16.09.2010","19.417,49","19.476,93","19.636,66","19.383,46","16,20M","-0,43%"
"15.09.2010","19.502,11","19.343,74","19.554,50","19.340,99","17,45M","0,80%"
"14.09.2010","19.346,96","19.218,13","19.487,02","19.218,13","21,01M","0,72%"
"13.09.2010","19.208,33","18.845,31","19.243,44","18.845,31","15,85M","2,17%"
"09.09.2010","18.799,66","18.669,12","18.823,17","18.669,12","13,11M","0,71%"
"08.09.2010","18.666,71","18.627,67","18.721,21","18.540,65","20,12M","0,12%"
"07.09.2010","18.645,06","18.571,73","18.711,20","18.571,43","14,61M","0,46%"
"06.09.2010","18.560,05","18.124,29","18.600,30","18.124,29","18,23M","1,86%"
"03.09.2010","18.221,43","18.238,08","18.316,32","18.206,50","9,43M","-0,09%"
"02.09.2010","18.238,31","18.215,28","18.355,84","18.215,28","13,36M","0,18%"
"01.09.2010","18.205,87","18.027,12","18.227,14","18.027,12","14,34M","1,31%"
"31.08.2010","17.971,12","18.015,66","18.015,66","17.819,99","16,35M","-0,34%"
"30.08.2010","18.032,11","18.063,48","18.216,50","17.960,23","11,61M","0,19%"
"27.08.2010","17.998,41","18.205,90","18.248,36","17.944,16","13,62M","-1,25%"
"26.08.2010","18.226,35","18.194,78","18.261,06","18.159,13","12,83M","0,26%"
"25.08.2010","18.179,64","18.308,51","18.312,43","18.156,00","15,80M","-0,72%"
"24.08.2010","18.311,59","18.407,01","18.451,73","18.260,71","14,41M","-0,53%"
"23.08.2010","18.409,35","18.400,33","18.454,38","18.371,02","11,39M","0,04%"
"20.08.2010","18.401,82","18.444,24","18.464,14","18.360,90","14,13M","-0,29%"
"19.08.2010","18.454,94","18.276,50","18.475,27","18.276,50","14,50M","1,08%"
"18.08.2010","18.257,12","18.067,67","18.286,00","18.067,67","14,80M","1,15%"
"17.08.2010","18.048,85","18.049,19","18.140,15","18.026,00","12,83M","-0,01%"
"16.08.2010","18.050,78","18.169,80","18.203,92","17.997,46","15,99M","-0,64%"
"13.08.2010","18.167,03","18.080,29","18.260,39","18.050,42","18,57M","0,52%"
"12.08.2010","18.073,90","17.972,65","18.113,62","17.914,78","19,61M","0,02%"
"11.08.2010","18.070,19","18.177,35","18.263,88","18.042,89","20,19M","-0,82%"
"10.08.2010","18.219,99","18.272,28","18.293,40","18.170,77","17,87M","-0,37%"
"09.08.2010","18.287,50","18.141,11","18.309,25","18.139,90","10,94M","0,79%"
"06.08.2010","18.143,99","18.165,49","18.244,56","18.118,19","9,71M","-0,16%"
"05.08.2010","18.172,83","18.234,85","18.295,43","18.156,45","10,20M","-0,24%"
"04.08.2010","18.217,44","18.115,56","18.249,46","18.093,03","11,17M","0,57%"
"03.08.2010","18.114,83","18.149,90","18.167,45","18.072,38","13,71M","0,19%"
"02.08.2010","18.081,21","17.911,31","18.104,24","17.911,31","10,90M","1,19%"
"30.07.2010","17.868,29","17.981,06","18.000,35","17.838,92","13,97M","-0,69%"
"29.07.2010","17.992,00","17.961,58","18.013,10","17.902,84","11,53M","0,19%"
"28.07.2010","17.957,37","18.077,85","18.137,14","17.925,40","15,46M","-0,67%"
"27.07.2010","18.077,61","17.998,74","18.149,56","17.998,74","15,73M","0,32%"
"26.07.2010","18.020,05","18.056,24","18.194,09","17.993,88","16,85M","-0,61%"
"23.07.2010","18.130,98","18.132,29","18.237,56","18.093,93","17,47M","0,10%"
"22.07.2010","18.113,15","17.978,37","18.127,90","17.879,88","15,95M","0,76%"
"21.07.2010","17.977,23","17.873,92","18.012,20","17.873,92","13,00M","0,55%"
"20.07.2010","17.878,14","17.918,43","18.040,17","17.848,07","11,67M","-0,28%"
"19.07.2010","17.928,42","17.914,12","18.005,07","17.856,40","11,78M","-0,15%"
"16.07.2010","17.955,82","17.911,13","17.980,27","17.892,16","13,26M","0,26%"
"15.07.2010","17.909,46","17.874,71","17.978,56","17.858,73","11,78M","-0,16%"
"14.07.2010","17.938,16","18.024,95","18.167,22","17.897,26","16,83M","-0,27%"
"13.07.2010","17.985,90","17.908,30","17.998,04","17.855,85","16,96M","0,27%"
"12.07.2010","17.937,20","17.875,97","18.010,07","17.874,95","16,18M","0,58%"
"09.07.2010","17.833,54","17.667,85","17.857,58","17.667,85","25,94M","1,03%"
"08.07.2010","17.651,73","17.536,48","17.728,37","17.536,48","14,13M","1,03%"
"07.07.2010","17.471,03","17.623,66","17.623,66","17.447,15","15,17M","-0,81%"
"06.07.2010","17.614,48","17.402,68","17.643,14","17.395,58","15,68M","0,99%"
"05.07.2010","17.441,44","17.473,83","17.505,73","17.423,74","7,76M","-0,11%"
"02.07.2010","17.460,95","17.523,47","17.598,94","17.426,78","17,22M","-0,28%"
"01.07.2010","17.509,33","17.679,34","17.679,34","17.455,41","16,24M","-1,08%"
"30.06.2010","17.700,90","17.476,85","17.725,04","17.373,78","18,27M","0,95%"
"29.06.2010","17.534,09","17.777,95","17.777,95","17.465,73","19,15M","-1,35%"
"28.06.2010","17.774,26","17.577,66","17.794,80","17.571,85","19,11M","1,14%"
"25.06.2010","17.574,53","17.705,11","17.714,73","17.546,73","19,27M","-0,88%"
"24.06.2010","17.730,24","17.750,51","17.845,65","17.632,80","15,59M","-0,14%"
"23.06.2010","17.755,94","17.694,87","17.782,41","17.629,19","17,62M","0,04%"
"22.06.2010","17.749,69","17.868,12","17.868,12","17.725,63","15,27M","-0,71%"
"21.06.2010","17.876,55","17.654,81","17.919,62","17.654,81","26,28M","1,74%"
"18.06.2010","17.570,82","17.628,02","17.721,99","17.525,29","24,02M","-0,26%"
"17.06.2010","17.616,69","17.490,52","17.647,42","17.394,90","25,34M","0,88%"
"16.06.2010","17.462,87","17.500,30","17.530,38","17.407,30","27,41M","0,29%"
"15.06.2010","17.412,83","17.355,49","17.442,50","17.249,46","22,31M","0,43%"
"14.06.2010","17.338,17","17.118,74","17.351,18","17.118,74","17,41M","1,60%"
"11.06.2010","17.064,95","16.994,07","17.131,56","16.994,07","24,68M","0,84%"
"10.06.2010","16.922,08","16.668,91","16.942,60","16.668,91","24,74M","1,59%"
"09.06.2010","16.657,89","16.621,12","16.817,69","16.591,26","36,65M","0,25%"
"08.06.2010","16.617,10","16.760,60","16.895,73","16.560,64","27,33M","-0,98%"
"07.06.2010","16.781,07","17.069,77","17.069,77","16.686,73","26,02M","-1,97%"
"04.06.2010","17.117,69","17.036,55","17.150,42","16.963,92","22,41M","0,56%"
"03.06.2010","17.022,33","16.786,28","17.072,63","16.786,28","21,81M","1,68%"
"02.06.2010","16.741,84","16.574,79","16.774,15","16.571,45","28,98M","1,02%"
"01.06.2010","16.572,03","16.942,82","16.942,82","16.318,39","20,51M","-2,20%"
"31.05.2010","16.944,63","16.872,17","16.971,15","16.806,50","15,55M","0,48%"
"28.05.2010","16.863,06","16.692,66","16.891,17","16.692,66","19,05M","1,18%"
"27.05.2010","16.666,40","16.410,88","16.694,55","16.331,10","18,82M","1,70%"
"26.05.2010","16.387,84","16.069,78","16.410,35","16.069,78","18,40M","2,28%"
"25.05.2010","16.022,48","16.444,57","16.444,57","15.960,15","21,61M","-2,71%"
"24.05.2010","16.469,55","16.494,61","16.757,73","16.413,03","22,26M","0,15%"
"21.05.2010","16.445,61","16.317,94","16.486,74","16.187,03","24,28M","-0,45%"
"20.05.2010","16.519,68","16.419,10","16.617,80","16.419,10","21,53M","0,68%"
"19.05.2010","16.408,49","16.802,39","16.802,39","16.373,32","22,12M","-2,77%"
"18.05.2010","16.875,76","16.840,59","17.000,34","16.744,13","16,78M","0,24%"
"17.05.2010","16.835,56","16.961,92","16.961,92","16.551,00","20,34M","-0,94%"
"14.05.2010","16.994,60","17.267,25","17.329,32","16.923,65","15,13M","-1,57%"
"13.05.2010","17.265,87","17.323,63","17.389,15","17.240,35","17,93M","0,41%"
"12.05.2010","17.195,81","17.141,53","17.252,52","17.028,08","18,40M","0,32%"
"11.05.2010","17.141,53","17.336,13","17.379,15","17.104,45","20,34M","-1,09%"
"10.05.2010","17.330,55","16.799,49","17.356,54","16.799,49","19,72M","3,35%"
"07.05.2010","16.769,11","16.939,58","16.939,58","16.684,13","19,35M","-1,29%"
"06.05.2010","16.987,53","17.080,47","17.080,47","16.823,00","16,44M","-0,59%"
"05.05.2010","17.087,96","17.103,95","17.121,66","16.858,23","20,07M","-0,29%"
"04.05.2010","17.137,14","17.371,75","17.464,82","17.101,96","19,80M","-1,43%"
"03.05.2010","17.386,08","17.536,86","17.536,86","17.345,92","10,37M","-0,98%"
"30.04.2010","17.558,71","17.503,47","17.646,61","17.503,47","12,14M","0,32%"
"29.04.2010","17.503,47","17.382,09","17.532,86","17.382,09","10,89M","0,71%"
"28.04.2010","17.380,08","17.643,59","17.643,59","17.344,58","17,00M","-1,76%"
"27.04.2010","17.690,62","17.744,93","17.769,25","17.678,56","12,20M","-0,31%"
"26.04.2010","17.745,28","17.692,26","17.826,48","17.692,26","14,71M","0,29%"
"23.04.2010","17.694,20","17.533,88","17.725,88","17.533,88","17,15M","0,68%"
"22.04.2010","17.573,99","17.476,48","17.778,34","17.408,02","17,59M","0,58%"
"21.04.2010","17.472,56","17.458,76","17.565,55","17.446,51","10,05M","0,07%"
"20.04.2010","17.460,58","17.394,68","17.560,09","17.394,68","14,00M","0,34%"
"19.04.2010","17.400,68","17.584,86","17.584,86","17.276,80","11,78M","-1,08%"
"16.04.2010","17.591,18","17.645,91","17.663,99","17.529,55","11,66M","-0,27%"
"15.04.2010","17.639,26","17.804,55","17.975,57","17.619,02","12,65M","-1,03%"
"13.04.2010","17.821,96","17.831,38","17.892,78","17.736,09","12,74M","-0,17%"
"12.04.2010","17.853,00","17.874,16","17.995,25","17.816,19","9,88M","-0,45%"
"09.04.2010","17.933,14","17.715,16","17.971,47","17.715,16","12,16M","1,23%"
"08.04.2010","17.714,40","17.950,56","17.960,91","17.679,34","11,76M","-1,42%"
"07.04.2010","17.970,02","17.915,60","18.047,86","17.878,31","13,24M","0,16%"
"06.04.2010","17.941,37","17.940,32","17.991,41","17.898,00","12,41M","0,03%"
"05.04.2010","17.935,68","17.693,66","17.948,54","17.693,66","12,80M","1,37%"
"01.04.2010","17.692,62","17.555,04","17.706,56","17.555,04","12,99M","0,94%"
"31.03.2010","17.527,77","17.602,39","17.699,50","17.488,55","13,55M","-0,35%"
"30.03.2010","17.590,17","17.703,67","17.783,35","17.558,22","12,56M","-0,68%"
"29.03.2010","17.711,35","17.639,18","17.793,01","17.639,18","14,72M","0,38%"
"26.03.2010","17.644,76","17.558,85","17.682,94","17.558,85","13,07M","0,49%"
"25.03.2010","17.558,85","17.458,51","17.575,23","17.383,21","13,89M","0,62%"
"23.03.2010","17.451,02","17.422,51","17.530,79","17.356,64","12,67M","0,23%"
"22.03.2010","17.410,57","17.481,96","17.559,18","17.337,38","12,19M","-0,95%"
"19.03.2010","17.578,23","17.531,47","17.600,87","17.502,14","13,79M","0,34%"
"18.03.2010","17.519,26","17.492,81","17.548,13","17.417,61","13,64M","0,17%"
"17.03.2010","17.490,08","17.389,47","17.576,78","17.389,47","16,74M","0,61%"
"16.03.2010","17.383,18","17.169,84","17.416,55","17.150,06","12,36M","1,27%"
"15.03.2010","17.164,99","17.166,97","17.195,49","17.061,14","14,26M","-0,01%"
"12.03.2010","17.166,62","17.176,02","17.244,54","17.126,93","24,02M","-0,01%"
"11.03.2010","17.167,96","17.087,63","17.215,07","17.054,28","11,47M","0,41%"
"10.03.2010","17.098,33","17.072,94","17.183,51","17.027,92","16,89M","0,27%"
"09.03.2010","17.052,54","17.089,22","17.130,83","17.031,21","56,52M","-0,29%"
"08.03.2010","17.102,60","17.034,92","17.187,55","17.034,92","15,21M","0,64%"
"05.03.2010","16.994,49","16.988,29","17.097,71","16.936,12","19,65M","0,13%"
"04.03.2010","16.971,70","17.013,68","17.024,96","16.888,05","18,95M","-0,17%"
"03.03.2010","17.000,01","16.778,29","17.012,61","16.778,29","20,06M","1,36%"
"02.03.2010","16.772,56","16.438,45","16.808,49","16.438,45","22,33M","2,09%"
"26.02.2010","16.429,55","16.255,33","16.669,25","16.249,67","30,93M","1,08%"
"25.02.2010","16.254,20","16.264,10","16.329,33","16.167,13","12,19M","-0,01%"
"24.02.2010","16.255,97","16.218,68","16.328,44","16.187,44","12,32M","-0,19%"
"23.02.2010","16.286,32","16.213,14","16.324,93","16.178,91","13,45M","0,30%"
"22.02.2010","16.237,05","16.191,32","16.423,23","16.191,32","14,04M","0,28%"
"19.02.2010","16.191,63","16.256,53","16.301,94","16.074,58","19,36M","-0,83%"
"18.02.2010","16.327,84","16.421,20","16.452,51","16.287,17","13,97M","-0,62%"
"17.02.2010","16.428,91","16.228,91","16.480,89","16.228,91","19,58M","1,25%"
"16.02.2010","16.226,68","16.042,18","16.310,39","16.021,29","20,50M","1,17%"
"15.02.2010","16.038,35","16.186,90","16.227,04","16.011,82","17,05M","-0,71%"
"11.02.2010","16.152,59","15.928,28","16.202,87","15.928,28","14,36M","1,45%"
"10.02.2010","15.922,17","16.042,18","16.141,13","15.892,01","19,81M","-0,75%"
"09.02.2010","16.042,18","15.940,73","16.094,13","15.862,90","21,17M","0,67%"
"08.02.2010","15.935,61","15.931,34","16.061,41","15.651,99","26,69M","0,13%"
"06.02.2010","15.915,65","15.807,75","15.951,07","15.807,75","2,75M","0,79%"
"05.02.2010","15.790,93","16.222,56","16.222,56","15.725,43","23,01M","-2,68%"
"04.02.2010","16.224,95","16.500,29","16.508,22","16.188,80","15,79M","-1,64%"
"03.02.2010","16.496,05","16.210,25","16.552,99","16.210,25","16,35M","2,06%"
"02.02.2010","16.163,44","16.368,44","16.525,98","16.129,11","20,58M","-1,18%"
"01.02.2010","16.356,03","16.339,32","16.422,40","16.160,80","20,07M","-0,01%"
"29.01.2010","16.357,96","16.253,82","16.390,31","15.982,08","25,33M","0,31%"
"28.01.2010","16.306,87","16.317,16","16.524,69","16.182,14","21,64M","0,10%"
"27.01.2010","16.289,82","16.708,60","16.708,60","16.230,85","25,57M","-2,92%"
"25.01.2010","16.780,46","16.847,70","16.877,77","16.705,56","16,36M","-0,47%"
"22.01.2010","16.859,68","16.978,36","17.000,33","16.608,09","23,27M","-1,12%"
"21.01.2010","17.051,14","17.474,49","17.474,49","17.025,26","17,24M","-2,42%"
"20.01.2010","17.474,49","17.486,69","17.590,59","17.425,05","16,90M","-0,07%"
"19.01.2010","17.486,06","17.650,82","17.664,86","17.463,78","13,46M","-0,88%"
"18.01.2010","17.641,08","17.538,72","17.712,60","17.505,50","15,48M","0,49%"
"15.01.2010","17.554,30","17.604,31","17.639,85","17.529,11","17,66M","-0,17%"
"14.01.2010","17.584,87","17.525,71","17.628,04","17.525,71","23,34M","0,43%"
"13.01.2010","17.509,80","17.368,03","17.528,31","17.276,46","26,10M","0,50%"
"12.01.2010","17.422,51","17.534,10","17.612,00","17.392,55","18,65M","-0,59%"
"11.01.2010","17.526,71","17.724,59","17.776,57","17.500,79","18,49M","-0,08%"
"08.01.2010","17.540,29","17.603,87","17.658,12","17.508,96","17,30M","-0,43%"
"07.01.2010","17.615,72","17.701,97","17.733,34","17.566,54","17,96M","-0,48%"
"06.01.2010","17.701,13","17.719,47","17.790,33","17.636,71","21,46M","0,08%"
"05.01.2010","17.686,24","17.555,77","17.729,78","17.555,77","27,00M","0,73%"
"04.01.2010","17.558,73","17.473,45","17.582,84","17.378,38","28,18M","0,54%"
"31.12.2009","17.464,81","17.365,37","17.530,94","17.365,37","16,67M","0,70%"
"30.12.2009","17.343,82","17.402,24","17.440,05","17.322,80","13,71M","-0,33%"
"29.12.2009","17.401,56","17.388,67","17.486,05","17.372,63","14,36M","0,24%"
"24.12.2009","17.360,61","17.265,47","17.413,69","17.198,09","22,47M","0,75%"
"23.12.2009","17.231,11","16.723,96","17.252,09","16.723,96","26,64M","3,23%"
"22.12.2009","16.692,00","16.633,81","16.738,12","16.633,81","14,39M","0,55%"
"21.12.2009","16.601,20","16.724,84","16.750,99","16.577,78","17,17M","-0,71%"
"18.12.2009","16.719,83","16.855,91","16.899,19","16.693,06","18,67M","-1,03%"
"17.12.2009","16.894,25","16.912,25","16.979,52","16.826,00","22,07M","-0,11%"
"16.12.2009","16.912,77","16.866,95","16.996,12","16.777,94","19,49M","0,21%"
"15.12.2009","16.877,16","17.150,59","17.200,47","16.835,78","18,66M","-1,29%"
"14.12.2009","17.097,55","17.118,14","17.275,19","17.048,17","17,12M","-0,13%"
"11.12.2009","17.119,03","17.199,74","17.351,71","17.056,12","19,28M","-0,41%"
"10.12.2009","17.189,31","17.107,00","17.231,05","17.032,30","19,13M","0,37%"
"09.12.2009","17.125,22","17.204,32","17.227,96","17.057,37","21,90M","-0,59%"
"08.12.2009","17.227,68","16.984,54","17.237,79","16.964,11","18,58M","1,44%"
"07.12.2009","16.983,14","17.106,74","17.176,62","16.943,01","21,10M","-0,69%"
"04.12.2009","17.101,54","17.182,23","17.291,83","17.032,81","18,29M","-0,49%"
"03.12.2009","17.185,68","17.199,64","17.361,27","17.128,21","18,27M","0,09%"
"02.12.2009","17.169,91","17.226,49","17.329,68","17.142,36","22,12M","-0,16%"
"01.12.2009","17.198,27","16.947,46","17.218,46","16.947,46","20,05M","1,61%"
"30.11.2009","16.926,22","16.655,75","17.026,91","16.655,75","23,24M","1,77%"
"27.11.2009","16.632,01","16.718,80","16.718,80","16.210,44","28,48M","-1,32%"
"26.11.2009","16.854,93","17.199,05","17.202,51","16.808,87","24,09M","-2,00%"
"25.11.2009","17.198,95","17.149,08","17.290,48","17.124,15","17,00M","0,40%"
"24.11.2009","17.131,08","17.230,86","17.230,86","17.027,52","18,24M","-0,29%"
"23.11.2009","17.180,18","17.067,14","17.214,58","17.045,02","21,91M","0,93%"
"20.11.2009","17.021,85","16.772,75","17.041,79","16.635,75","22,34M","1,41%"
"19.11.2009","16.785,65","17.004,98","17.004,98","16.712,33","18,22M","-1,25%"
"18.11.2009","16.998,78","17.032,01","17.098,79","16.958,41","18,15M","-0,30%"
"17.11.2009","17.050,65","17.036,23","17.080,17","16.882,98","20,38M","0,11%"
"16.11.2009","17.032,51","16.893,11","17.083,20","16.893,11","19,02M","1,09%"
"13.11.2009","16.848,83","16.693,15","16.909,74","16.666,70","21,37M","0,92%"
"12.11.2009","16.696,03","16.822,18","16.896,62","16.605,01","27,21M","-0,91%"
"11.11.2009","16.849,60","16.444,44","16.887,80","16.405,19","26,58M","2,49%"
"10.11.2009","16.440,56","16.552,43","16.677,53","16.371,66","26,51M","-0,35%"
"09.11.2009","16.498,72","16.190,79","16.517,42","16.147,21","20,37M","2,11%"
"06.11.2009","16.158,28","16.137,42","16.283,86","16.075,19","28,13M","0,59%"
"05.11.2009","16.063,90","15.926,13","16.092,38","15.564,89","33,77M","0,95%"
"04.11.2009","15.912,13","15.487,97","15.929,09","15.487,97","30,50M","3,29%"
"03.11.2009","15.404,94","15.838,63","15.957,06","15.330,56","32,45M","-3,09%"
"30.10.2009","15.896,28","16.135,87","16.360,88","15.805,20","38,58M","-0,97%"
"29.10.2009","16.052,72","16.191,39","16.264,09","15.993,83","26,18M","-1,42%"
"28.10.2009","16.283,49","16.335,78","16.411,14","16.144,17","29,58M","-0,43%"
"27.10.2009","16.353,40","16.699,09","16.699,09","16.311,50","30,73M","-2,31%"
"26.10.2009","16.740,50","16.808,05","16.938,88","16.706,08","22,08M","-0,42%"
"23.10.2009","16.810,81","16.795,66","17.006,77","16.765,20","24,39M","0,13%"
"22.10.2009","16.789,74","17.031,54","17.031,54","16.721,26","25,61M","-1,29%"
"21.10.2009","17.009,17","17.229,72","17.248,69","16.997,86","25,66M","-1,24%"
"20.10.2009","17.223,01","17.414,80","17.457,26","17.185,04","24,61M","-0,59%"
"17.10.2009","17.326,01","17.452,56","17.493,17","17.260,66","8,32M","0,02%"
"16.10.2009","17.322,82","17.196,80","17.347,85","17.126,55","28,22M","0,74%"
"15.10.2009","17.195,20","17.274,07","17.350,39","17.092,83","30,11M","-0,21%"
"14.10.2009","17.231,11","17.117,90","17.274,59","17.117,90","31,84M","1,20%"
"12.10.2009","17.026,67","16.687,32","17.068,78","16.687,32","24,11M","2,31%"
"09.10.2009","16.642,66","16.915,96","16.963,08","16.606,95","27,08M","-1,19%"
"08.10.2009","16.843,54","16.908,02","16.998,52","16.775,36","37,07M","0,22%"
"07.10.2009","16.806,66","17.069,42","17.120,56","16.764,07","32,72M","-0,90%"
"06.10.2009","16.958,54","16.879,38","16.988,56","16.622,05","50,27M","0,55%"
"05.10.2009","16.866,41","17.062,01","17.062,01","16.835,80","24,79M","-1,56%"
"01.10.2009","17.134,55","17.186,20","17.195,61","17.059,36","28,06M","0,05%"
"30.09.2009","17.126,84","16.868,46","17.142,52","16.868,46","20,64M","1,63%"
"29.09.2009","16.852,91","16.829,11","16.907,84","16.802,80","15,94M","0,96%"
"25.09.2009","16.693,00","16.679,99","16.812,02","16.613,22","20,37M","-0,53%"
"24.09.2009","16.781,43","16.634,08","16.834,10","16.494,92","24,57M","0,37%"
"23.09.2009","16.719,50","16.905,50","16.905,58","16.683,78","48,46M","-0,99%"
"22.09.2009","16.886,43","16.805,22","16.943,49","16.763,78","22,72M","0,87%"
"18.09.2009","16.741,30","16.650,05","16.765,03","16.610,05","27,97M","0,18%"
"17.09.2009","16.711,11","16.686,38","16.820,02","16.636,55","44,23M","0,20%"
"16.09.2009","16.677,04","16.498,59","16.700,56","16.498,59","30,25M","1,35%"
"15.09.2009","16.454,45","16.255,42","16.477,23","16.255,42","19,58M","1,48%"
"14.09.2009","16.214,19","16.185,26","16.252,18","16.119,95","23,55M","-0,31%"
"11.09.2009","16.264,30","16.254,57","16.337,98","16.130,32","28,29M","0,29%"
"10.09.2009","16.216,86","16.295,92","16.434,77","16.166,42","29,95M","0,21%"
"09.09.2009","16.183,55","16.111,09","16.215,74","16.044,77","30,63M","0,37%"
"08.09.2009","16.123,67","16.030,56","16.232,16","16.030,56","34,99M","0,67%"
"07.09.2009","16.016,32","15.793,27","16.035,50","15.793,27","25,04M","2,09%"
"04.09.2009","15.689,12","15.425,86","15.740,83","15.358,94","30,74M","1,89%"
"03.09.2009","15.398,33","15.539,34","15.598,18","15.356,72","21,98M","-0,45%"
"02.09.2009","15.467,46","15.482,05","15.628,10","15.392,68","23,70M","-0,54%"
"01.09.2009","15.551,19","15.691,27","15.923,09","15.475,28","26,82M","-0,74%"
"31.08.2009","15.666,64","15.812,15","15.821,35","15.589,80","25,61M","-1,61%"
"28.08.2009","15.922,34","15.770,19","15.957,67","15.663,35","30,31M","0,90%"
"27.08.2009","15.781,07","15.711,80","15.853,71","15.685,49","18,61M","0,07%"
"26.08.2009","15.769,85","15.763,09","15.831,49","15.695,94","20,00M","0,52%"
"25.08.2009","15.688,47","15.573,91","15.735,32","15.423,39","29,20M","0,38%"
"24.08.2009","15.628,75","15.362,93","15.676,35","15.362,93","19,83M","2,55%"
"21.08.2009","15.240,83","14.951,49","15.275,17","14.835,08","21,49M","1,52%"
"20.08.2009","15.012,32","14.930,05","15.145,00","14.928,18","16,85M","1,37%"
"19.08.2009","14.809,64","15.079,04","15.096,94","14.684,45","26,52M","-1,50%"
"18.08.2009","15.035,26","14.745,80","15.134,51","14.740,26","29,18M","1,69%"
"17.08.2009","14.784,92","15.284,23","15.284,23","14.740,63","25,69M","-4,07%"
"14.08.2009","15.411,63","15.530,38","15.535,47","15.367,61","28,58M","-0,69%"
"13.08.2009","15.518,49","15.207,96","15.545,13","15.207,96","28,74M","3,32%"
"12.08.2009","15.020,16","14.953,44","15.043,62","14.701,05","33,94M","-0,36%"
"11.08.2009","15.074,59","15.000,38","15.218,65","14.864,23","31,01M","0,43%"
"10.08.2009","15.009,77","15.287,14","15.417,34","14.902,02","37,21M","-0,99%"
"07.08.2009","15.160,24","15.440,95","15.501,94","15.104,00","33,20M","-2,28%"
"06.08.2009","15.514,03","15.881,47","15.969,81","15.443,22","37,74M","-2,45%"
"05.08.2009","15.903,83","15.882,39","15.973,10","15.695,11","29,57M","0,46%"
"04.08.2009","15.830,98","15.940,10","16.002,46","15.699,13","43,33M","-0,59%"
"03.08.2009","15.924,23","15.694,78","15.963,36","15.608,40","32,33M","1,62%"
"31.07.2009","15.670,31","15.449,47","15.732,81","15.449,47","33,96M","1,83%"
"30.07.2009","15.387,96","15.169,23","15.409,91","15.065,48","30,45M","1,41%"
"29.07.2009","15.173,46","15.293,19","15.379,43","14.888,41","38,97M","-1,03%"
"28.07.2009","15.331,94","15.428,50","15.463,46","15.240,53","40,86M","-0,28%"
"27.07.2009","15.375,04","15.350,89","15.463,09","15.228,46","36,61M","-0,03%"
"24.07.2009","15.378,96","15.272,01","15.418,61","15.168,52","43,30M","0,97%"
"23.07.2009","15.231,04","15.008,78","15.264,84","14.997,75","55,29M","2,61%"
"22.07.2009","14.843,12","15.124,92","15.369,42","14.786,58","41,85M","-1,46%"
"21.07.2009","15.062,49","15.218,83","15.234,21","14.955,88","35,07M","-0,85%"
"20.07.2009","15.191,01","14.854,17","15.209,36","14.854,17","34,74M","3,03%"
"17.07.2009","14.744,92","14.325,58","14.800,70","14.325,58","37,68M","3,47%"
"16.07.2009","14.250,25","14.351,97","14.493,10","14.169,58","35,00M","-0,02%"
"15.07.2009","14.253,24","13.917,27","14.299,54","13.891,04","27,12M","2,88%"
"14.07.2009","13.853,70","13.549,42","13.903,48","13.549,42","23,89M","3,38%"
"13.07.2009","13.400,32","13.405,95","13.461,68","13.219,99","24,57M","-0,77%"
"10.07.2009","13.504,22","13.803,12","13.897,19","13.418,39","27,85M","-1,84%"
"09.07.2009","13.757,46","13.796,19","13.879,18","13.643,97","28,40M","-0,08%"
"08.07.2009","13.769,15","14.039,58","14.039,58","13.701,76","37,53M","-2,83%"
"07.07.2009","14.170,45","14.103,65","14.251,88","14.000,68","35,72M","0,90%"
"06.07.2009","14.043,40","14.962,12","15.097,87","13.959,44","43,34M","-5,83%"
"03.07.2009","14.913,05","14.552,72","14.945,85","14.499,74","29,01M","1,74%"
"02.07.2009","14.658,49","14.694,31","14.764,35","14.469,69","31,24M","0,09%"
"01.07.2009","14.645,47","14.506,43","14.727,49","14.355,52","28,73M","1,05%"
"30.06.2009","14.493,84","14.830,97","14.907,48","14.420,41","35,25M","-1,97%"
"29.06.2009","14.785,74","14.815,90","14.955,55","14.685,45","26,57M","0,14%"
"26.06.2009","14.764,64","14.373,57","14.781,94","14.373,57","32,41M","2,92%"
"25.06.2009","14.345,62","14.476,15","14.578,46","14.261,14","29,54M","-0,53%"
"24.06.2009","14.422,73","14.376,82","14.479,82","14.207,02","30,55M","0,69%"
"23.06.2009","14.324,01","14.147,87","14.394,19","14.016,95","35,56M","-0,02%"
"22.06.2009","14.326,22","14.591,28","14.668,40","14.269,77","31,50M","-1,35%"
"19.06.2009","14.521,89","14.321,98","14.559,08","14.179,77","37,32M","1,80%"
"18.06.2009","14.265,53","14.503,05","14.630,73","14.188,25","75,81M","-1,77%"
"17.06.2009","14.522,84","14.978,50","14.996,39","14.447,02","35,35M","-2,91%"
"16.06.2009","14.957,91","14.788,27","15.022,19","14.621,97","32,04M","0,55%"
"15.06.2009","14.875,52","15.195,83","15.261,03","14.807,26","34,68M","-2,38%"
"12.06.2009","15.237,94","15.446,82","15.600,30","15.174,28","40,67M","-1,13%"
"11.06.2009","15.411,47","15.517,36","15.568,74","15.240,73","41,95M","-0,36%"
"10.06.2009","15.466,81","15.168,18","15.580,81","15.168,18","42,46M","2,25%"
"09.06.2009","15.127,00","14.618,98","15.161,22","14.526,69","51,57M","3,14%"
"08.06.2009","14.665,92","15.153,21","15.200,82","14.604,23","31,43M","-2,90%"
"05.06.2009","15.103,55","15.040,24","15.257,30","14.993,60","36,70M","0,63%"
"04.06.2009","15.008,68","14.755,08","15.026,03","14.599,43","39,28M","0,93%"
"03.06.2009","14.870,90","14.902,62","15.046,43","14.733,59","43,02M","-0,03%"
"02.06.2009","14.874,91","14.892,93","14.994,31","14.608,23","43,75M","0,23%"
"01.06.2009","14.840,63","14.746,51","14.906,81","14.655,49","44,27M","1,47%"
"29.05.2009","14.625,25","14.319,87","14.727,28","14.319,87","45,22M","2,30%"
"28.05.2009","14.296,01","14.150,51","14.377,23","14.078,62","42,65M","1,32%"
"27.05.2009","14.109,64","13.780,41","14.122,78","13.780,41","47,06M","3,83%"
"26.05.2009","13.589,23","13.929,84","13.991,46","13.518,79","37,75M","-2,33%"
"25.05.2009","13.913,22","13.988,10","14.028,06","13.819,25","37,46M","0,19%"
"22.05.2009","13.887,15","13.663,54","13.936,93","13.611,30","39,48M","1,10%"
"21.05.2009","13.736,54","14.043,38","14.089,51","13.704,43","44,79M","-2,31%"
"20.05.2009","14.060,66","14.230,73","14.405,51","13.976,49","50,91M","-1,69%"
"19.05.2009","14.302,03","14.757,82","14.930,54","13.834,13","89,41M","0,12%"
"18.05.2009","14.284,21","13.479,39","14.284,21","13.479,39","767,00K","17,34%"
"15.05.2009","12.173,42","11.948,70","12.219,54","11.948,70","34,94M","2,53%"
"14.05.2009","11.872,91","11.774,04","11.935,86","11.695,52","39,05M","-1,22%"
"13.05.2009","12.019,65","12.201,93","12.256,43","11.934,44","217,50M","-1,14%"
"12.05.2009","12.158,03","11.629,97","12.194,63","11.625,39","39,94M","4,07%"
"11.05.2009","11.682,99","11.997,37","12.026,60","11.621,30","36,00M","-1,63%"
"08.05.2009","11.876,43","12.092,97","12.180,07","11.765,06","55,10M","-1,98%"
"07.05.2009","12.116,94","12.064,51","12.143,95","11.981,13","47,80M","1,37%"
"06.05.2009","11.952,75","12.100,69","12.272,10","11.899,41","49,27M","-1,47%"
"05.05.2009","12.131,08","12.159,74","12.197,88","11.985,88","48,49M","-0,03%"
"04.05.2009","12.134,75","11.635,24","12.161,90","11.635,24","46,48M","6,41%"
"29.04.2009","11.403,25","11.091,56","11.430,25","11.091,56","40,40M","3,65%"
"28.04.2009","11.001,75","11.371,34","11.375,97","10.961,76","47,55M","-3,25%"
"27.04.2009","11.371,85","11.237,42","11.492,10","11.176,55","52,49M","0,38%"
"24.04.2009","11.329,05","11.149,47","11.362,88","11.070,33","44,59M","1,74%"
"23.04.2009","11.134,99","10.841,57","11.203,28","10.758,97","41,81M","2,93%"
"22.04.2009","10.817,54","10.968,60","11.036,24","10.715,66","38,99M","-0,74%"
"21.04.2009","10.898,11","10.765,39","11.068,82","10.764,08","45,01M","-0,74%"
"20.04.2009","10.979,50","11.065,10","11.209,66","10.863,28","43,14M","-0,40%"
"17.04.2009","11.023,09","11.067,71","11.339,47","10.946,25","53,58M","0,69%"
"16.04.2009","10.947,40","11.358,06","11.367,23","10.900,47","60,26M","-2,99%"
"15.04.2009","11.284,73","10.805,14","11.337,75","10.719,18","70,16M","2,90%"
"13.04.2009","10.967,22","10.916,43","11.069,54","10.800,84","43,01M","1,51%"
"09.04.2009","10.803,86","10.876,15","10.932,12","10.655,96","58,49M","0,57%"
"08.04.2009","10.742,34","10.283,58","10.778,11","10.171,91","56,37M","1,97%"
"06.04.2009","10.534,87","10.521,78","10.654,89","10.410,44","53,83M","1,80%"
"02.04.2009","10.348,83","10.107,25","10.432,31","10.107,25","64,58M","4,51%"
"01.04.2009","9.901,99","9.745,77","9.921,96","9.546,29","45,82M","1,99%"
"31.03.2009","9.708,50","9.633,21","9.826,22","9.547,21","52,94M","1,47%"
"30.03.2009","9.568,14","9.902,35","9.902,35","9.520,96","41,34M","-4,78%"
"27.03.2009","10.048,49","10.036,80","10.127,09","9.913,40","52,75M","0,45%"
"26.03.2009","10.003,10","9.739,93","10.061,36","9.739,93","45,14M","3,47%"
"25.03.2009","9.667,90","9.442,30","9.706,47","9.430,45","49,48M","2,08%"
"24.03.2009","9.471,04","9.549,52","9.699,00","9.402,64","50,01M","0,50%"
"23.03.2009","9.424,02","9.040,30","9.454,69","9.040,30","43,24M","5,10%"
"20.03.2009","8.966,68","8.951,34","8.999,98","8.867,13","32,71M","-0,39%"
"19.03.2009","9.001,75","9.023,04","9.086,77","8.900,39","36,04M","0,28%"
"18.03.2009","8.976,68","8.956,30","9.120,46","8.951,32","45,61M","1,27%"
"17.03.2009","8.863,82","8.942,01","9.024,12","8.801,79","47,29M","-0,89%"
"16.03.2009","8.943,54","8.793,89","8.955,73","8.697,46","49,31M","2,13%"
"13.03.2009","8.756,61","8.480,74","8.793,21","8.480,74","49,45M","4,95%"
"12.03.2009","8.343,75","8.274,78","8.439,71","8.274,78","36,28M","2,25%"
"09.03.2009","8.160,40","8.259,22","8.259,22","8.110,10","26,40M","-1,99%"
"06.03.2009","8.325,82","8.103,75","8.347,74","8.047,17","52,22M","1,56%"
"05.03.2009","8.197,92","8.535,03","8.535,03","8.166,97","51,32M","-2,94%"
"04.03.2009","8.446,49","8.473,25","8.501,46","8.373,24","40,66M","0,23%"
"03.03.2009","8.427,29","8.583,06","8.635,20","8.390,21","35,28M","-2,09%"
"02.03.2009","8.607,08","8.762,88","8.762,88","8.563,52","30,17M","-3,20%"
"27.02.2009","8.891,61","8.944,11","8.944,11","8.728,66","42,26M","-0,71%"
"26.02.2009","8.954,86","8.905,56","8.998,31","8.788,32","37,12M","0,59%"
"25.02.2009","8.902,56","8.913,44","8.995,04","8.879,72","32,25M","0,91%"
"24.02.2009","8.822,06","8.707,35","8.856,52","8.619,22","32,36M","-0,24%"
"20.02.2009","8.843,21","8.943,78","8.943,78","8.762,58","28,05M","-2,21%"
"19.02.2009","9.042,63","9.034,90","9.111,95","8.977,66","27,34M","0,30%"
"18.02.2009","9.015,18","8.939,38","9.113,92","8.922,31","36,77M","-0,22%"
"17.02.2009","9.035,00","9.213,40","9.213,40","8.994,34","28,33M","-2,91%"
"16.02.2009","9.305,45","9.637,04","9.637,04","9.279,10","37,28M","-3,42%"
"13.02.2009","9.634,74","9.540,60","9.695,59","9.540,60","29,93M","1,78%"
"12.02.2009","9.465,83","9.559,03","9.580,13","9.445,54","33,88M","-1,59%"
"11.02.2009","9.618,54","9.462,14","9.648,39","9.459,59","37,57M","-0,30%"
"10.02.2009","9.647,47","9.589,95","9.724,87","9.510,50","45,07M","0,66%"
"09.02.2009","9.583,89","9.359,00","9.601,56","9.329,23","19,96M","3,04%"
"06.02.2009","9.300,86","9.161,49","9.321,38","9.158,59","28,49M","2,31%"
"05.02.2009","9.090,88","9.241,56","9.247,09","9.017,08","29,65M","-1,21%"
"04.02.2009","9.201,85","9.226,20","9.338,21","9.164,16","41,54M","0,57%"
"03.02.2009","9.149,30","9.128,99","9.302,75","9.040,56","46,02M","0,91%"
"02.02.2009","9.066,70","9.363,58","9.363,58","9.048,97","39,71M","-3,79%"
"30.01.2009","9.424,24","9.111,12","9.438,31","9.087,36","47,93M","2,04%"
"29.01.2009","9.236,28","9.334,47","9.379,68","9.164,96","38,74M","-0,23%"
"28.01.2009","9.257,47","9.077,65","9.270,75","9.053,80","39,78M","2,81%"
"27.01.2009","9.004,08","8.803,07","9.021,97","8.789,06","34,23M","3,80%"
"23.01.2009","8.674,35","8.804,15","8.858,84","8.631,60","43,97M","-1,58%"
"22.01.2009","8.813,84","8.905,97","8.927,69","8.699,32","39,18M","0,39%"
"21.01.2009","8.779,17","8.900,78","9.051,31","8.734,93","32,37M","-3,53%"
"20.01.2009","9.100,55","9.159,76","9.159,76","9.033,55","31,28M","-2,45%"
"19.01.2009","9.329,57","9.381,78","9.409,51","9.273,47","30,03M","0,06%"
"16.01.2009","9.323,59","9.125,65","9.342,47","9.125,65","35,46M","3,06%"
"15.01.2009","9.046,74","9.098,08","9.123,78","8.946,62","37,58M","-3,45%"
"14.01.2009","9.370,49","9.207,52","9.412,97","9.202,57","31,94M","3,30%"
"13.01.2009","9.071,36","9.042,36","9.261,00","8.992,92","45,17M","-0,42%"
"12.01.2009","9.110,05","9.316,33","9.331,13","9.024,45","98,03M","-3,15%"
"09.01.2009","9.406,47","9.434,85","9.630,40","9.250,82","158,23M","-1,88%"
"07.01.2009","9.586,88","10.424,96","10.469,72","9.510,15","217,57M","-7,25%"
"06.01.2009","10.335,93","10.258,38","10.392,12","10.150,68","55,65M","0,59%"
"05.01.2009","10.275,60","10.109,67","10.306,17","10.069,11","51,16M","3,19%"
"02.01.2009","9.958,22","9.973,06","10.070,28","9.863,86","51,61M","0,55%"
"01.01.2009","9.903,46","9.720,55","9.921,70","9.711,64","43,26M","2,66%"
"31.12.2008","9.647,31","9.806,64","9.825,90","9.587,92","63,82M","-0,71%"
"30.12.2008","9.716,16","9.625,13","9.785,04","9.494,70","56,51M","1,92%"
"29.12.2008","9.533,52","9.318,86","9.550,40","9.162,66","65,81M","2,19%"
"26.12.2008","9.328,92","9.638,83","9.706,38","9.294,98","43,04M","-2,51%"
"24.12.2008","9.568,72","9.626,07","9.653,42","9.502,53","68,86M","-1,22%"
"23.12.2008","9.686,75","9.821,57","9.838,38","9.643,56","52,55M","-2,43%"
"22.12.2008","9.928,35","10.102,42","10.173,34","9.894,01","38,93M","-1,70%"
"19.12.2008","10.099,91","10.001,33","10.188,54","9.987,42","59,51M","0,23%"
"18.12.2008","10.076,43","9.710,20","10.110,34","9.633,04","69,15M","3,72%"
"17.12.2008","9.715,29","10.073,10","10.073,10","9.682,91","75,81M","-2,62%"
"16.12.2008","9.976,98","9.794,48","10.009,21","9.790,31","41,02M","1,47%"
"15.12.2008","9.832,39","9.821,85","9.948,33","9.749,29","47,07M","1,47%"
"12.12.2008","9.690,07","9.370,87","9.745,51","9.281,89","53,40M","0,46%"
"11.12.2008","9.645,46","9.679,32","9.746,01","9.441,97","68,76M","-0,10%"
"10.12.2008","9.654,90","9.316,40","9.678,70","9.280,16","65,01M","5,37%"
"08.12.2008","9.162,62","9.276,89","9.432,11","9.095,70","50,25M","2,20%"
"05.12.2008","8.965,20","9.204,69","9.340,69","8.914,38","53,01M","-2,87%"
"04.12.2008","9.229,75","8.779,02","9.245,06","8.726,71","55,22M","5,51%"
"03.12.2008","8.747,43","8.851,22","8.854,81","8.601,41","52,33M","0,09%"
"02.12.2008","8.739,24","8.535,83","8.785,04","8.467,43","41,07M","-1,14%"
"01.12.2008","8.839,87","9.162,94","9.326,68","8.803,34","45,16M","-2,78%"
"28.11.2008","9.092,72","8.889,18","9.157,62","8.889,18","34,10M","0,73%"
"26.11.2008","9.026,72","8.768,20","9.061,72","8.658,53","44,67M","3,81%"
"25.11.2008","8.695,53","9.160,50","9.182,80","8.649,40","41,69M","-2,33%"
"24.11.2008","8.903,12","8.840,53","9.042,02","8.701,93","43,73M","-0,14%"
"21.11.2008","8.915,21","8.446,74","8.988,03","8.442,31","59,15M","5,49%"
"20.11.2008","8.451,01","8.400,88","8.540,46","8.316,39","39,92M","-3,68%"
"19.11.2008","8.773,78","8.970,67","9.236,27","8.726,80","42,60M","-1,83%"
"18.11.2008","8.937,20","9.084,12","9.169,05","8.871,71","41,06M","-3,81%"
"17.11.2008","9.291,01","9.396,93","9.435,89","8.956,68","41,86M","-1,01%"
"14.11.2008","9.385,42","9.799,25","9.836,11","9.267,49","46,20M","-1,58%"
"12.11.2008","9.536,33","9.683,75","9.928,60","9.376,73","52,36M","-3,08%"
"11.11.2008","9.839,69","10.405,39","10.405,39","9.799,45","63,67M","-6,61%"
"10.11.2008","10.536,16","10.154,56","10.570,58","10.095,90","45,43M","5,74%"
"07.11.2008","9.964,29","9.631,59","10.065,37","9.631,59","41,99M","2,36%"
"06.11.2008","9.734,22","9.755,03","10.109,45","9.635,22","49,36M","-3,81%"
"05.11.2008","10.120,01","10.931,17","10.945,41","10.051,52","53,32M","-4,81%"
"04.11.2008","10.631,12","10.304,57","10.668,48","10.116,22","51,09M","2,84%"
"03.11.2008","10.337,68","10.209,37","10.373,17","10.112,66","44,77M","5,62%"
"31.10.2008","9.788,06","9.361,66","9.870,42","9.361,66","57,18M","8,22%"
"29.10.2008","9.044,51","9.297,76","9.297,76","8.894,34","55,08M","0,40%"
"28.10.2008","9.008,08","8.957,38","9.056,97","8.909,34","1,10M","5,86%"
"27.10.2008","8.509,56","8.599,58","8.739,48","7.697,39","55,44M","-2,20%"
"24.10.2008","8.701,07","9.535,41","9.570,71","8.566,82","63,65M","-10,96%"
"23.10.2008","9.771,70","9.683,41","10.260,55","9.681,28","40,97M","-3,92%"
"22.10.2008","10.169,90","10.455,23","10.484,85","10.128,22","33,35M","-4,81%"
"21.10.2008","10.683,39","10.428,11","10.750,20","10.250,23","45,83M","4,50%"
"20.10.2008","10.223,09","10.160,47","10.538,05","10.023,28","35,37M","2,48%"
"17.10.2008","9.975,35","10.763,34","10.786,93","9.911,32","47,35M","-5,73%"
"16.10.2008","10.581,49","10.284,90","10.787,20","10.017,80","51,51M","-2,11%"
"15.10.2008","10.809,12","11.245,27","11.257,15","10.760,33","34,85M","-5,87%"
"14.10.2008","11.483,40","11.781,43","11.870,22","11.410,49","36,01M","1,54%"
"13.10.2008","11.309,09","10.817,68","11.361,32","10.817,68","43,83M","7,42%"
"10.10.2008","10.527,85","10.632,27","10.904,13","10.239,76","62,38M","-7,07%"
"08.10.2008","11.328,36","11.316,24","11.405,73","10.740,76","66,14M","-3,14%"
"07.10.2008","11.695,24","12.068,11","12.181,43","11.501,85","40,38M","-0,90%"
"06.10.2008","11.801,70","12.284,49","12.284,49","11.732,97","32,92M","-5,78%"
"03.10.2008","12.526,32","12.899,62","13.001,19","12.472,61","37,23M","-4,05%"
"01.10.2008","13.055,67","13.006,72","13.203,86","12.697,30","32,41M","1,52%"
"30.09.2008","12.860,43","12.178,18","12.995,20","12.153,55","38,50M","2,10%"
"29.09.2008","12.595,75","13.109,96","13.113,53","12.402,84","37,04M","-3,87%"
"26.09.2008","13.102,18","13.481,85","13.486,20","13.054,42","29,06M","-3,28%"
"25.09.2008","13.547,18","13.716,88","13.716,88","13.430,68","36,64M","-1,06%"
"24.09.2008","13.692,52","13.630,54","13.840,81","13.592,79","40,27M","0,90%"
"23.09.2008","13.570,31","13.721,42","13.978,26","13.543,47","29,51M","-3,03%"
"22.09.2008","13.994,96","14.215,33","14.221,04","13.917,48","35,76M","-0,34%"
"19.09.2008","14.042,32","13.763,83","14.097,44","13.674,96","47,41M","5,46%"
"18.09.2008","13.315,60","12.712,82","13.346,79","12.558,14","48,08M","0,40%"
"17.09.2008","13.262,90","13.620,74","13.620,74","13.127,96","30,40M","-1,89%"
"16.09.2008","13.518,80","13.086,02","13.556,03","13.051,73","33,70M","-0,09%"
"15.09.2008","13.531,27","13.666,28","13.666,28","13.150,81","23,93M","-3,35%"
"12.09.2008","14.000,81","14.432,08","14.433,20","13.933,87","26,81M","-2,26%"
"11.09.2008","14.324,29","14.557,33","14.557,33","14.265,38","22,82M","-2,31%"
"10.09.2008","14.662,61","14.717,53","14.866,32","14.609,83","22,88M","-1,60%"
"09.09.2008","14.900,76","14.852,20","14.998,32","14.714,92","19,78M","-0,30%"
"08.09.2008","14.944,97","14.978,24","15.107,01","14.917,06","23,40M","3,18%"
"05.09.2008","14.483,83","14.569,01","14.601,39","14.438,59","23,25M","-2,79%"
"04.09.2008","14.899,10","14.895,85","14.994,15","14.766,01","19,71M","-1,00%"
"02.09.2008","15.049,86","14.609,44","15.106,15","14.543,21","25,74M","3,80%"
"01.09.2008","14.498,51","14.412,99","14.547,41","14.281,10","14,82M","-0,45%"
"29.08.2008","14.564,53","14.279,02","14.586,16","14.279,02","32,38M","3,67%"
"28.08.2008","14.048,34","14.289,97","14.347,19","14.002,43","18,85M","-1,74%"
"27.08.2008","14.296,79","14.563,10","14.563,10","14.261,69","15,58M","-1,28%"
"26.08.2008","14.482,22","14.338,27","14.495,27","14.286,38","18,81M","0,22%"
"25.08.2008","14.450,35","14.643,37","14.672,69","14.416,20","17,00M","0,34%"
"22.08.2008","14.401,49","14.153,39","14.428,52","14.136,86","20,42M","1,11%"
"21.08.2008","14.243,73","14.646,98","14.646,98","14.201,18","19,34M","-2,96%"
"20.08.2008","14.678,23","14.610,57","14.746,20","14.584,03","18,33M","0,92%"
"19.08.2008","14.543,73","14.517,76","14.604,11","14.368,72","17,63M","-0,70%"
"18.08.2008","14.645,66","14.681,14","14.824,92","14.600,65","19,55M","-0,53%"
"14.08.2008","14.724,18","15.017,68","15.033,28","14.686,66","22,00M","-2,44%"
"13.08.2008","15.093,12","15.030,21","15.272,56","15.013,06","19,28M","-0,78%"
"12.08.2008","15.212,13","15.577,20","15.579,78","15.124,91","27,07M","-1,88%"
"11.08.2008","15.503,92","15.430,31","15.520,71","15.367,97","26,19M","2,22%"
"08.08.2008","15.167,82","15.036,57","15.228,82","14.888,12","21,09M","0,33%"
"07.08.2008","15.117,25","15.031,86","15.280,06","14.992,97","25,77M","0,29%"
"06.08.2008","15.073,54","15.263,65","15.422,82","15.035,60","32,65M","0,75%"
"05.08.2008","14.961,07","14.562,68","14.986,63","14.529,21","35,64M","2,63%"
"04.08.2008","14.577,87","14.594,64","14.725,94","14.503,51","24,86M","-0,54%"
"01.08.2008","14.656,69","14.064,26","14.682,33","14.032,87","40,22M","2,10%"
"31.07.2008","14.355,75","14.359,48","14.369,59","14.161,76","27,88M","0,48%"
"30.07.2008","14.287,21","14.007,32","14.322,67","14.002,19","25,93M","3,59%"
"29.07.2008","13.791,54","14.085,53","14.153,12","13.727,14","23,61M","-3,89%"
"28.07.2008","14.349,11","14.267,03","14.421,61","14.219,38","21,73M","0,52%"
"25.07.2008","14.274,94","14.451,95","14.484,39","14.210,63","27,78M","-3,40%"
"24.07.2008","14.777,01","15.082,37","15.130,09","14.608,05","31,22M","-1,11%"
"23.07.2008","14.942,28","14.568,22","14.979,90","14.568,22","38,91M","5,94%"
"22.07.2008","14.104,20","13.837,64","14.206,13","13.798,18","35,57M","1,84%"
"21.07.2008","13.850,04","13.782,13","13.878,88","13.581,19","32,36M","1,57%"
"18.07.2008","13.635,40","13.234,53","13.684,27","13.093,34","36,50M","3,99%"
"17.07.2008","13.111,85","12.909,57","13.150,35","12.843,79","33,62M","4,26%"
"16.07.2008","12.575,80","12.740,78","12.935,25","12.514,02","31,28M","-0,79%"
"15.07.2008","12.676,19","13.067,08","13.067,08","12.605,00","30,05M","-4,91%"
"14.07.2008","13.330,51","13.360,34","13.559,36","13.269,62","23,52M","-1,03%"
"11.07.2008","13.469,85","14.032,06","14.066,36","13.351,34","29,05M","-3,28%"
"10.07.2008","13.926,24","13.861,60","14.047,43","13.763,94","26,36M","-0,27%"
"09.07.2008","13.964,26","13.581,41","13.998,48","13.581,41","27,50M","4,60%"
"08.07.2008","13.349,65","13.292,80","13.451,67","13.049,96","25,41M","-1,30%"
"07.07.2008","13.525,99","13.561,92","13.793,39","13.475,78","21,28M","0,54%"
"04.07.2008","13.454,00","13.127,10","13.509,74","13.027,79","31,38M","2,75%"
"03.07.2008","13.094,11","13.530,68","13.530,68","12.934,92","29,12M","-4,18%"
"02.07.2008","13.664,62","12.948,05","13.712,31","12.822,75","32,07M","5,42%"
"01.07.2008","12.961,68","13.480,02","13.613,82","12.904,09","27,51M","-3,71%"
"30.06.2008","13.461,60","13.791,02","13.872,06","13.405,54","22,41M","-2,47%"
"27.06.2008","13.802,22","14.127,76","14.127,76","13.760,24","32,13M","-4,30%"
"26.06.2008","14.421,82","14.300,72","14.449,81","14.196,68","21,72M","1,42%"
"25.06.2008","14.220,07","13.856,07","14.248,65","13.731,54","22,98M","0,80%"
"24.06.2008","14.106,58","14.313,33","14.432,90","13.991,31","24,79M","-1,31%"
"23.06.2008","14.293,32","14.423,05","14.510,55","14.163,45","24,61M","-1,91%"
"20.06.2008","14.571,29","15.168,05","15.202,01","14.519,27","25,92M","-3,42%"
"19.06.2008","15.087,99","15.250,47","15.259,36","15.051,66","18,69M","-2,17%"
"18.06.2008","15.422,31","15.744,21","15.789,62","15.390,22","22,07M","-1,75%"
"17.06.2008","15.696,90","15.388,36","15.732,75","15.357,98","18,17M","1,96%"
"16.06.2008","15.395,82","15.333,07","15.553,37","15.333,07","15,12M","1,36%"
"13.06.2008","15.189,62","15.327,10","15.337,10","15.135,81","20,18M","-0,40%"
"12.06.2008","15.250,20","14.957,53","15.270,85","14.747,99","25,02M","0,43%"
"11.06.2008","15.185,32","15.018,68","15.225,81","15.009,48","34,68M","1,99%"
"10.06.2008","14.889,25","14.979,96","15.088,03","14.645,31","26,47M","-1,17%"
"09.06.2008","15.066,10","15.115,97","15.202,74","14.846,18","24,44M","-3,25%"
"06.06.2008","15.572,18","15.914,41","15.970,70","15.526,50","19,60M","-1,25%"
"05.06.2008","15.769,72","15.479,65","15.814,80","15.314,02","28,53M","1,64%"
"04.06.2008","15.514,79","15.992,90","15.992,90","15.442,34","23,76M","-2,81%"
"03.06.2008","15.962,56","15.851,72","15.985,40","15.709,51","20,26M","-0,63%"
"02.06.2008","16.063,18","16.591,46","16.632,72","15.991,21","17,51M","-2,15%"
"30.05.2008","16.415,57","16.454,03","16.540,49","16.314,99","18,31M","0,61%"
"29.05.2008","16.316,26","16.666,03","16.666,03","16.196,02","20,05M","-1,27%"
"28.05.2008","16.525,37","16.358,62","16.563,30","16.217,78","21,66M","1,53%"
"27.05.2008","16.275,59","16.454,75","16.506,35","16.237,92","16,11M","-0,45%"
"26.05.2008","16.348,50","16.468,32","16.498,24","16.300,88","15,81M","-1,81%"
"23.05.2008","16.649,64","16.958,80","17.054,34","16.626,11","17,62M","-1,52%"
"22.05.2008","16.907,11","17.104,59","17.104,59","16.863,38","16,73M","-1,95%"
"21.05.2008","17.243,16","17.065,61","17.293,34","17.041,63","19,54M","0,08%"
"20.05.2008","17.230,18","17.366,05","17.367,13","17.136,26","16,54M","-1,17%"
"16.05.2008","17.434,94","17.476,41","17.497,36","17.315,52","17,00M","0,47%"
"15.05.2008","17.353,54","17.084,89","17.366,19","17.079,94","25,05M","2,21%"
"14.05.2008","16.978,35","16.691,30","17.014,94","16.626,35","18,94M","1,35%"
"13.05.2008","16.752,86","17.008,03","17.085,63","16.697,47","17,10M","-0,64%"
"12.05.2008","16.860,90","16.641,45","16.897,36","16.546,55","17,91M","0,74%"
"09.05.2008","16.737,07","17.020,79","17.125,95","16.678,94","18,67M","-2,01%"
"08.05.2008","17.080,65","17.212,61","17.212,61","17.038,03","18,22M","-1,49%"
"07.05.2008","17.339,31","17.404,15","17.413,81","17.229,98","21,11M","-0,19%"
"06.05.2008","17.373,01","17.441,41","17.502,15","17.237,68","23,23M","-0,67%"
"05.05.2008","17.490,90","17.687,00","17.735,70","17.457,27","20,14M","-0,62%"
"02.05.2008","17.600,12","17.560,15","17.621,24","17.445,93","24,57M","1,81%"
"30.04.2008","17.287,31","17.479,01","17.480,74","17.241,88","26,23M","-0,52%"
"29.04.2008","17.378,46","17.050,87","17.424,94","17.011,60","27,64M","2,13%"
"28.04.2008","17.015,96","17.251,56","17.271,56","16.978,89","19,13M","-0,64%"
"25.04.2008","17.125,98","16.781,97","17.150,92","16.781,97","21,62M","2,42%"
"24.04.2008","16.721,08","16.796,26","16.844,02","16.668,60","19,07M","0,14%"
"23.04.2008","16.698,04","16.823,99","16.871,27","16.589,45","16,99M","-0,51%"
"22.04.2008","16.783,87","16.686,55","16.853,96","16.597,53","21,47M","0,27%"
"21.04.2008","16.739,33","16.611,41","16.778,59","16.611,41","20,26M","1,57%"
"17.04.2008","16.481,20","16.456,04","16.570,57","16.397,17","17,87M","1,46%"
"16.04.2008","16.244,19","16.288,76","16.413,80","16.198,56","22,06M","0,56%"
"15.04.2008","16.153,66","15.694,41","16.249,46","15.573,03","22,38M","2,19%"
"11.04.2008","15.807,64","15.840,56","15.957,24","15.673,67","19,56M","0,72%"
"10.04.2008","15.695,10","15.754,87","15.953,54","15.655,20","22,09M","-0,60%"
"09.04.2008","15.790,51","15.512,70","15.829,59","15.464,72","16,43M","1,30%"
"08.04.2008","15.587,62","15.770,16","15.770,40","15.479,42","18,47M","-1,08%"
"07.04.2008","15.757,08","15.390,15","15.851,88","15.321,56","19,74M","2,70%"
"04.04.2008","15.343,12","15.896,09","15.896,09","15.303,04","18,92M","-3,09%"
"03.04.2008","15.832,55","15.805,63","16.002,73","15.699,21","15,56M","0,52%"
"02.04.2008","15.750,40","16.023,30","16.236,70","15.719,47","16,82M","0,79%"
"01.04.2008","15.626,62","15.771,72","15.834,05","15.297,96","15,27M","-0,11%"
"31.03.2008","15.644,44","16.226,66","16.226,66","15.563,15","23,21M","-4,44%"
"28.03.2008","16.371,29","16.100,26","16.452,08","15.884,45","23,89M","2,22%"
"27.03.2008","16.015,56","15.950,29","16.111,44","15.869,09","24,14M","-0,44%"
"26.03.2008","16.086,83","16.270,12","16.309,88","16.009,87","24,58M","-0,81%"
"25.03.2008","16.217,49","15.612,61","16.262,38","15.612,61","29,40M","6,07%"
"24.03.2008","15.289,40","15.093,77","15.351,31","15.056,09","20,29M","1,96%"
"19.03.2008","14.994,83","15.325,79","15.465,81","14.930,08","28,15M","1,09%"
"18.03.2008","14.833,46","14.725,68","15.169,61","14.677,24","47,69M","0,16%"
"17.03.2008","14.809,49","15.326,93","15.326,93","14.738,27","22,53M","-6,03%"
"14.03.2008","15.760,52","15.467,39","15.798,42","15.331,35","23,76M","2,63%"
"13.03.2008","15.357,35","15.873,28","15.873,28","15.228,99","21,25M","-4,78%"
"12.03.2008","16.127,98","16.541,14","16.683,37","16.064,09","22,98M","0,03%"
"11.03.2008","16.123,15","15.778,27","16.168,13","15.739,04","22,38M","1,25%"
"10.03.2008","15.923,72","15.684,24","15.998,33","15.362,17","21,81M","-0,32%"
"07.03.2008","15.975,52","16.211,96","16.211,96","15.689,92","24,31M","-3,42%"
"05.03.2008","16.542,08","16.328,91","16.595,64","16.253,02","21,54M","1,24%"
"04.03.2008","16.339,89","16.742,20","16.754,06","16.164,57","20,52M","-2,03%"
"03.03.2008","16.677,88","17.227,56","17.227,56","16.634,63","21,76M","-5,12%"
"29.02.2008","17.578,72","17.779,54","17.779,54","17.258,20","22,97M","-1,38%"
"28.02.2008","17.824,48","17.810,52","17.921,51","17.690,16","18,20M","-0,01%"
"27.02.2008","17.825,99","17.983,42","18.137,28","17.770,65","13,07M","0,11%"
"26.02.2008","17.806,19","17.799,56","17.860,10","17.678,74","11,03M","0,88%"
"25.02.2008","17.650,57","17.523,81","17.674,06","17.137,99","13,17M","1,74%"
"22.02.2008","17.349,07","17.515,62","17.526,80","17.294,73","9,82M","-2,17%"
"21.02.2008","17.734,68","17.825,22","17.911,66","17.482,31","15,87M","0,66%"
"20.02.2008","17.617,60","17.991,29","17.991,29","17.505,56","12,83M","-2,53%"
"19.02.2008","18.075,66","18.215,26","18.314,10","18.018,48","12,76M","0,15%"
"18.02.2008","18.048,05","18.228,21","18.256,82","17.900,96","11,73M","-0,37%"
"15.02.2008","18.115,25","17.541,17","18.142,92","17.445,05","17,40M","1,96%"
"14.02.2008","17.766,63","17.265,19","17.838,08","17.265,19","14,44M","4,82%"
"13.02.2008","16.949,14","16.816,94","17.141,06","16.725,68","14,17M","2,05%"
"12.02.2008","16.608,01","16.812,63","16.966,72","16.565,48","14,32M","-0,14%"
"11.02.2008","16.630,91","17.427,34","17.427,34","16.457,74","20,10M","-4,78%"
"08.02.2008","17.464,89","17.610,07","17.688,73","17.203,06","19,19M","-0,35%"
"07.02.2008","17.526,93","18.198,68","18.198,68","17.492,28","17,45M","-3,38%"
"06.02.2008","18.139,49","18.247,03","18.274,15","17.936,01","16,31M","-2,81%"
"05.02.2008","18.663,16","18.592,58","18.729,83","18.509,54","19,02M","0,02%"
"04.02.2008","18.660,32","18.496,03","18.895,34","18.439,33","17,38M","2,29%"
"01.02.2008","18.242,58","17.820,67","18.312,40","17.534,96","14,72M","3,36%"
"31.01.2008","17.648,71","17.810,13","18.008,71","17.417,63","16,71M","-0,62%"
"30.01.2008","17.758,64","18.120,22","18.129,18","17.683,51","13,43M","-1,84%"
"29.01.2008","18.091,94","18.346,49","18.491,06","17.927,92","14,77M","-0,34%"
"28.01.2008","18.152,78","18.011,89","18.213,21","17.443,29","12,35M","-1,14%"
"25.01.2008","18.361,66","17.504,00","18.406,25","17.504,00","15,27M","6,62%"
"24.01.2008","17.221,74","17.920,98","18.185,10","17.070,05","22,71M","-2,12%"
"23.01.2008","17.594,07","17.415,26","17.997,11","16.951,03","22,05M","5,17%"
"22.01.2008","16.729,94","16.884,09","17.068,57","15.332,42","30,53M","-4,97%"
"21.01.2008","17.605,35","18.919,57","18.919,57","16.951,50","35,77M","-7,41%"
"18.01.2008","19.013,70","19.579,61","19.715,78","18.930,42","28,05M","-3,49%"
"17.01.2008","19.700,82","19.972,75","20.026,12","19.643,76","20,15M","-0,84%"
"16.01.2008","19.868,11","20.079,89","20.079,89","19.513,25","24,67M","-1,89%"
"15.01.2008","20.251,09","20.836,47","20.872,93","20.203,63","19,39M","-2,30%"
"14.01.2008","20.728,05","20.918,23","20.985,62","20.661,90","16,90M","-0,48%"
"11.01.2008","20.827,45","20.702,94","20.894,79","20.505,81","18,29M","1,19%"
"10.01.2008","20.582,08","20.930,28","21.206,77","20.530,07","21,10M","-1,38%"
"09.01.2008","20.869,78","20.903,00","21.113,13","20.701,49","22,11M","-0,02%"
"08.01.2008","20.873,33","20.970,07","21.077,53","20.696,60","22,85M","0,29%"
"07.01.2008","20.812,65","20.637,21","20.861,83","20.438,19","17,57M","0,61%"
"04.01.2008","20.686,89","20.367,94","20.762,80","20.367,94","18,57M","1,68%"
"03.01.2008","20.345,20","20.403,91","20.519,70","20.293,87","20,58M","-0,59%"
"02.01.2008","20.465,30","20.393,10","20.529,48","20.077,40","20,69M","0,81%"
"01.01.2008","20.300,71","20.325,27","20.394,89","20.220,46","11,60M","0,07%"
"31.12.2007","20.286,99","20.323,28","20.484,28","20.239,63","10,31M","0,40%"
"28.12.2007","20.206,95","20.158,12","20.259,45","20.022,88","10,64M","-0,05%"
"27.12.2007","20.216,72","20.301,05","20.323,76","20.159,73","13,16M","0,12%"
"26.12.2007","20.192,52","19.940,96","20.211,47","19.896,61","12,03M","1,70%"
"24.12.2007","19.854,12","19.308,20","19.879,00","19.308,20","12,11M","3,61%"
"20.12.2007","19.162,57","19.210,22","19.291,14","19.097,70","11,35M","0,37%"
"19.12.2007","19.091,96","19.255,39","19.397,76","18.886,40","12,51M","0,06%"
"18.12.2007","19.079,64","19.339,14","19.375,07","19.009,35","15,20M","-0,94%"
"17.12.2007","19.261,35","20.032,67","20.032,67","19.177,19","15,46M","-3,84%"
"14.12.2007","20.030,83","20.108,09","20.171,57","19.936,49","14,80M","-0,37%"
"13.12.2007","20.104,39","20.498,11","20.498,11","20.065,63","17,05M","-1,33%"
"12.12.2007","20.375,87","20.197,44","20.419,11","20.045,42","14,79M","0,42%"
"11.12.2007","20.290,89","20.049,35","20.333,06","20.019,34","11,55M","1,81%"
"10.12.2007","19.930,68","20.074,92","20.095,69","19.834,01","10,12M","-0,18%"
"07.12.2007","19.966,00","20.063,50","20.094,56","19.706,43","14,78M","0,86%"
"06.12.2007","19.795,87","20.018,17","20.064,31","19.716,57","14,88M","0,29%"
"05.12.2007","19.738,07","19.628,85","19.790,92","19.560,68","14,69M","1,07%"
"04.12.2007","19.529,50","19.707,59","19.707,86","19.482,34","14,32M","-0,38%"
"03.12.2007","19.603,41","19.547,09","19.619,44","19.446,68","12,88M","1,24%"
"30.11.2007","19.363,19","19.136,12","19.424,99","19.006,89","13,89M","1,89%"
"29.11.2007","19.003,26","19.290,67","19.297,01","18.930,31","13,48M","0,34%"
"28.11.2007","18.938,87","19.316,76","19.316,76","18.884,20","11,01M","-0,99%"
"27.11.2007","19.127,73","19.128,86","19.211,58","19.019,33","8,79M","-0,62%"
"26.11.2007","19.247,54","19.171,25","19.360,23","19.137,66","11,47M","2,09%"
"23.11.2007","18.852,87","18.737,22","18.910,46","18.548,06","13,97M","1,76%"
"22.11.2007","18.526,32","18.724,11","18.744,55","18.182,83","19,79M","-0,41%"
"21.11.2007","18.602,62","19.197,57","19.218,88","18.515,30","16,53M","-3,52%"
"20.11.2007","19.280,80","19.510,94","19.714,22","19.196,42","14,32M","-1,80%"
"19.11.2007","19.633,36","19.895,49","19.971,44","19.583,97","12,56M","-0,33%"
"16.11.2007","19.698,36","19.603,09","19.838,03","19.472,51","19,06M","-0,44%"
"15.11.2007","19.784,89","19.947,72","19.967,08","19.723,20","19,18M","-0,72%"
"14.11.2007","19.929,06","19.336,96","19.987,71","19.336,96","20,72M","4,69%"
"13.11.2007","19.035,48","18.681,10","19.210,48","18.636,21","23,25M","1,59%"
"12.11.2007","18.737,27","18.640,52","18.815,11","18.333,21","22,80M","-0,90%"
"09.11.2007","18.907,60","19.282,70","19.329,57","18.737,22","4,80M","-0,79%"
"08.11.2007","19.058,93","19.110,40","19.209,91","18.917,40","16,37M","-1,20%"
"07.11.2007","19.289,83","19.552,53","19.678,50","19.249,47","13,65M","-0,57%"
"06.11.2007","19.400,67","19.689,79","19.919,34","19.337,85","17,98M","-0,97%"
"05.11.2007","19.590,78","20.009,35","20.009,35","19.502,45","18,92M","-1,93%"
"02.11.2007","19.976,23","19.364,61","20.025,63","19.255,77","19,27M","1,28%"
"01.11.2007","19.724,35","20.130,23","20.204,21","19.634,47","25,97M","-0,57%"
"31.10.2007","19.837,99","19.827,40","19.984,13","19.735,21","31,01M","0,28%"
"30.10.2007","19.783,51","20.103,44","20.238,16","19.694,85","20,56M","-0,97%"
"29.10.2007","19.977,67","19.621,39","20.024,87","19.621,39","20,53M","3,82%"
"26.10.2007","19.243,17","18.823,66","19.276,45","18.629,53","23,14M","2,52%"
"25.10.2007","18.770,89","18.519,23","18.900,10","18.459,51","23,14M","1,39%"
"24.10.2007","18.512,91","18.727,90","18.832,49","18.317,17","25,24M","0,11%"
"23.10.2007","18.492,84","17.910,30","18.542,41","17.910,30","21,66M","4,99%"
"22.10.2007","17.613,99","17.259,65","17.704,83","17.171,45","78,48M","0,31%"
"19.10.2007","17.559,98","18.031,77","18.031,77","17.226,18","35,38M","-2,44%"
"18.10.2007","17.998,39","18.827,46","19.198,66","17.771,16","41,66M","-3,83%"
"17.10.2007","18.715,82","18.037,90","18.841,29","17.307,90","36,84M","-1,76%"
"16.10.2007","19.051,86","19.102,93","19.174,45","18.777,75","27,49M","-0,04%"
"15.10.2007","19.058,67","18.525,61","19.095,75","18.525,61","22,78M","3,47%"
"12.10.2007","18.419,04","18.794,63","18.844,62","18.336,00","29,96M","-2,10%"
"11.10.2007","18.814,07","18.696,62","18.832,65","18.536,97","35,46M","0,84%"
"10.10.2007","18.658,25","18.473,43","18.703,67","18.436,99","25,92M","2,07%"
"09.10.2007","18.280,24","17.402,24","18.327,42","17.287,19","25,65M","4,51%"
"08.10.2007","17.491,39","17.901,94","17.982,59","17.322,14","20,46M","-1,59%"
"05.10.2007","17.773,36","17.831,68","17.979,18","17.708,80","19,94M","-0,02%"
"04.10.2007","17.777,14","17.799,63","17.890,49","17.494,70","20,83M","-0,39%"
"03.10.2007","17.847,04","17.467,41","17.953,07","17.288,41","32,79M","2,99%"
"01.10.2007","17.328,62","17.356,99","17.425,34","17.144,58","22,11M","0,22%"
"28.09.2007","17.291,10","17.152,31","17.361,47","17.152,31","22,51M","0,82%"
"27.09.2007","17.150,56","17.059,61","17.188,40","17.018,56","19,03M","1,35%"
"26.09.2007","16.921,39","16.969,45","17.073,87","16.887,07","16,39M","0,13%"
"25.09.2007","16.899,54","16.890,75","16.928,02","16.676,98","18,72M","0,32%"
"24.09.2007","16.845,83","16.697,89","16.869,64","16.599,66","21,30M","1,70%"
"21.09.2007","16.564,23","16.352,32","16.616,84","16.308,09","92,36M","1,32%"
"20.09.2007","16.347,95","16.341,55","16.415,88","16.261,36","21,59M","0,15%"
"19.09.2007","16.322,75","15.940,79","16.335,30","15.940,79","22,89M","4,17%"
"18.09.2007","15.669,12","15.547,07","15.691,88","15.468,80","12,25M","1,06%"
"17.09.2007","15.504,43","15.664,74","15.726,06","15.467,46","9,48M","-0,64%"
"14.09.2007","15.603,80","15.713,66","15.824,65","15.568,36","13,38M","-0,07%"
"13.09.2007","15.614,44","15.547,66","15.650,14","15.547,66","13,43M","0,70%"
"12.09.2007","15.505,36","15.608,50","15.661,44","15.486,81","13,19M","-0,24%"
"11.09.2007","15.542,77","15.668,40","15.698,98","15.506,10","12,04M","-0,35%"
"10.09.2007","15.596,83","15.413,58","15.626,28","15.363,53","11,15M","0,04%"
"07.09.2007","15.590,42","15.655,37","15.716,06","15.565,22","13,96M","-0,17%"
"06.09.2007","15.616,31","15.383,18","15.637,74","15.350,18","11,21M","1,10%"
"05.09.2007","15.446,15","15.535,35","15.580,86","15.407,00","16,28M","-0,12%"
"04.09.2007","15.465,40","15.478,53","15.521,48","15.389,62","13,37M","0,28%"
"03.09.2007","15.422,05","15.401,99","15.427,16","15.323,05","15,02M","0,68%"
"31.08.2007","15.318,60","15.131,36","15.350,91","15.131,36","14,37M","1,30%"
"30.08.2007","15.121,74","15.168,69","15.200,81","15.053,98","18,40M","0,86%"
"29.08.2007","14.993,04","14.651,49","15.029,53","14.592,11","17,44M","0,49%"
"28.08.2007","14.919,19","14.857,65","14.952,04","14.751,68","14,20M","0,52%"
"27.08.2007","14.842,38","14.581,35","14.858,93","14.581,35","11,51M","2,89%"
"24.08.2007","14.424,87","14.237,26","14.455,49","14.163,61","10,35M","1,84%"
"23.08.2007","14.163,98","14.458,33","14.554,93","14.128,72","17,84M","-0,59%"
"22.08.2007","14.248,66","14.055,40","14.281,48","13.870,70","19,34M","1,86%"
"21.08.2007","13.989,11","14.512,19","14.534,51","13.941,93","15,79M","-3,04%"
"20.08.2007","14.427,55","14.512,28","14.680,09","14.406,91","12,46M","2,02%"
"17.08.2007","14.141,52","14.309,37","14.318,56","13.779,88","32,37M","-1,51%"
"16.08.2007","14.358,21","14.584,92","14.584,92","14.345,03","21,81M","-4,28%"
"14.08.2007","15.000,91","15.066,71","15.069,64","14.964,66","9,55M","-0,11%"
"13.08.2007","15.017,21","14.965,65","15.044,74","14.869,15","9,35M","1,00%"
"10.08.2007","14.868,25","14.674,92","14.901,31","14.570,89","16,31M","-1,54%"
"09.08.2007","15.100,15","15.452,44","15.542,40","15.062,10","16,36M","-1,36%"
"08.08.2007","15.307,98","15.088,07","15.340,24","15.088,07","17,22M","2,51%"
"07.08.2007","14.932,77","15.038,03","15.142,04","14.901,83","13,98M","0,20%"
"06.08.2007","14.903,03","14.892,60","14.928,80","14.705,58","15,55M","-1,55%"
"03.08.2007","15.138,40","15.061,13","15.235,51","15.061,13","11,31M","1,02%"
"02.08.2007","14.985,70","15.022,87","15.134,53","14.896,47","14,30M","0,33%"
"01.08.2007","14.935,77","15.344,02","15.344,02","14.910,52","22,75M","-3,96%"
"31.07.2007","15.550,99","15.358,69","15.568,85","15.224,82","18,22M","1,90%"
"30.07.2007","15.260,91","15.278,03","15.451,81","15.135,25","20,34M","0,17%"
"27.07.2007","15.234,57","15.487,76","15.495,51","15.159,68","30,19M","-3,43%"
"26.07.2007","15.776,31","15.768,28","15.812,27","15.654,40","17,10M","0,49%"
"25.07.2007","15.699,33","15.711,87","15.771,26","15.572,98","25,30M","-0,61%"
"24.07.2007","15.794,92","15.802,19","15.868,85","15.742,32","22,16M","0,40%"
"23.07.2007","15.732,20","15.560,57","15.773,37","15.477,91","13,34M","1,07%"
"20.07.2007","15.565,55","15.625,63","15.683,03","15.524,68","18,09M","0,10%"
"19.07.2007","15.550,13","15.357,38","15.593,31","15.357,38","18,66M","1,63%"
"18.07.2007","15.301,17","15.296,06","15.325,78","15.160,27","13,04M","0,07%"
"17.07.2007","15.289,82","15.357,60","15.440,20","15.272,46","15,88M","-0,14%"
"16.07.2007","15.311,22","15.295,03","15.341,38","15.239,41","20,05M","0,25%"
"13.07.2007","15.272,72","15.216,83","15.330,73","15.216,83","24,04M","1,20%"
"12.07.2007","15.092,04","14.963,53","15.112,22","14.963,53","19,79M","1,22%"
"11.07.2007","14.910,62","14.948,15","15.015,35","14.829,55","14,68M","-0,66%"
"10.07.2007","15.009,88","15.100,13","15.114,95","14.966,40","12,60M","-0,24%"
"09.07.2007","15.045,73","15.018,71","15.085,22","15.005,47","14,24M","0,55%"
"06.07.2007","14.964,12","14.843,43","15.007,22","14.826,56","20,01M","0,69%"
"05.07.2007","14.861,89","14.932,53","14.963,26","14.731,22","18,83M","-0,12%"
"04.07.2007","14.880,24","14.868,14","14.906,93","14.790,75","14,89M","0,50%"
"03.07.2007","14.806,51","14.720,00","14.828,39","14.720,00","9,15M","0,97%"
"02.07.2007","14.664,26","14.685,16","14.745,97","14.638,88","9,11M","0,09%"
"29.06.2007","14.650,51","14.589,52","14.663,25","14.574,45","10,75M","1,01%"
"28.06.2007","14.504,57","14.498,05","14.537,04","14.435,24","16,07M","0,51%"
"27.06.2007","14.431,06","14.520,19","14.520,19","14.407,12","10,40M","-0,48%"
"26.06.2007","14.501,08","14.478,75","14.560,48","14.478,75","12,36M","0,09%"
"25.06.2007","14.487,72","14.469,43","14.521,62","14.424,71","16,20M","0,14%"
"22.06.2007","14.467,36","14.508,63","14.560,32","14.441,76","18,61M","-0,22%"
"21.06.2007","14.499,24","14.415,56","14.526,44","14.406,67","13,86M","0,61%"
"20.06.2007","14.411,95","14.359,96","14.449,38","14.347,58","11,29M","0,81%"
"19.06.2007","14.295,50","14.088,58","14.315,18","14.058,79","9,37M","1,53%"
"18.06.2007","14.080,14","14.241,76","14.283,71","14.057,26","9,40M","-0,58%"
"15.06.2007","14.162,71","14.277,61","14.326,55","14.112,53","13,03M","-0,29%"
"14.06.2007","14.203,72","14.087,91","14.219,24","14.087,91","11,87M","1,43%"
"13.06.2007","14.003,03","14.139,92","14.152,79","13.968,38","13,09M","-0,91%"
"12.06.2007","14.130,95","14.122,33","14.153,44","13.946,99","13,63M","0,34%"
"11.06.2007","14.083,41","14.170,81","14.268,91","14.057,63","12,08M","0,14%"
"08.06.2007","14.063,81","14.063,94","14.229,22","14.010,61","18,68M","-0,86%"
"07.06.2007","14.186,18","14.195,84","14.362,58","14.139,09","16,93M","-0,49%"
"06.06.2007","14.255,93","14.551,53","14.590,82","14.234,07","22,74M","-1,92%"
"05.06.2007","14.535,01","14.514,20","14.571,31","14.432,67","10,75M","0,27%"
"04.06.2007","14.495,77","14.618,78","14.683,36","14.465,68","15,15M","-0,51%"
"01.06.2007","14.570,75","14.610,28","14.682,10","14.539,89","13,86M","0,18%"
"31.05.2007","14.544,46","14.451,31","14.573,81","14.448,57","12,47M","0,92%"
"30.05.2007","14.411,38","14.501,46","14.576,37","14.379,21","14,99M","-0,67%"
"29.05.2007","14.508,21","14.418,98","14.530,15","14.372,07","11,02M","0,77%"
"28.05.2007","14.397,89","14.467,85","14.527,47","14.368,40","12,07M","0,41%"
"25.05.2007","14.338,45","14.073,61","14.364,95","14.046,06","14,05M","0,85%"
"24.05.2007","14.218,11","14.344,70","14.389,66","14.174,05","13,57M","-1,01%"
"23.05.2007","14.363,26","14.490,03","14.500,64","14.325,89","17,98M","-0,63%"
"22.05.2007","14.453,72","14.459,00","14.483,59","14.348,26","17,01M","0,24%"
"21.05.2007","14.418,60","14.362,63","14.451,30","14.362,63","30,88M","0,81%"
"18.05.2007","14.303,41","14.261,47","14.337,06","14.201,01","12,49M","0,03%"
"17.05.2007","14.299,71","14.217,36","14.352,98","14.217,36","17,69M","1,22%"
"16.05.2007","14.127,31","13.949,81","14.159,36","13.936,88","19,88M","1,42%"
"15.05.2007","13.929,33","13.948,91","14.023,86","13.885,46","11,18M","-0,26%"
"14.05.2007","13.965,86","13.954,41","14.026,02","13.924,02","11,23M","1,23%"
"11.05.2007","13.796,16","13.691,86","13.864,18","13.554,34","15,96M","0,18%"
"10.05.2007","13.771,23","13.823,36","13.976,79","13.745,23","13,53M","-0,07%"
"09.05.2007","13.781,51","13.771,69","13.806,37","13.612,04","12,41M","0,12%"
"08.05.2007","13.765,46","13.886,00","13.956,40","13.741,24","12,71M","-0,82%"
"07.05.2007","13.879,25","14.044,71","14.067,07","13.861,38","11,70M","-0,39%"
"04.05.2007","13.934,27","14.129,89","14.189,21","13.912,92","13,12M","-1,02%"
"03.05.2007","14.078,21","13.987,77","14.107,06","13.987,77","14,18M","1,48%"
"30.04.2007","13.872,37","13.823,40","13.901,12","13.693,59","15,49M","-0,26%"
"27.04.2007","13.908,58","14.219,25","14.219,25","13.884,53","19,84M","-2,25%"
"26.04.2007","14.228,88","14.273,17","14.383,72","14.127,18","16,89M","0,08%"
"25.04.2007","14.217,77","14.141,70","14.238,29","14.052,17","17,90M","0,57%"
"24.04.2007","14.136,72","13.893,72","14.197,32","13.850,07","21,97M","1,50%"
"23.04.2007","13.928,33","13.972,81","14.046,52","13.879,39","42,82M","0,22%"
"20.04.2007","13.897,41","13.684,95","13.915,62","13.684,95","21,11M","2,04%"
"19.04.2007","13.619,70","13.538,71","13.658,11","13.423,64","15,74M","-0,38%"
"18.04.2007","13.672,19","13.602,90","13.762,92","13.602,90","14,30M","0,48%"
"17.04.2007","13.607,04","13.733,18","13.755,76","13.581,04","14,18M","-0,65%"
"16.04.2007","13.695,58","13.479,49","13.708,40","13.479,49","14,15M","2,33%"
"13.04.2007","13.384,08","13.163,02","13.421,05","13.119,88","18,40M","2,06%"
"12.04.2007","13.113,81","13.127,86","13.160,15","13.030,87","12,18M","-0,53%"
"11.04.2007","13.183,24","13.221,76","13.294,90","13.161,21","15,96M","-0,05%"
"10.04.2007","13.189,54","13.236,20","13.236,20","13.075,48","15,44M","0,09%"
"09.04.2007","13.177,74","12.904,85","13.194,00","12.904,85","13,71M","2,50%"
"05.04.2007","12.856,08","12.791,60","12.899,31","12.711,50","15,78M","0,54%"
"04.04.2007","12.786,77","12.691,24","12.835,36","12.691,24","18,78M","1,28%"
"03.04.2007","12.624,58","12.503,75","12.657,75","12.481,86","12,30M","1,36%"
"02.04.2007","12.455,37","12.811,93","12.811,93","12.425,52","15,73M","-4,72%"
"30.03.2007","13.072,10","13.018,21","13.111,87","12.984,13","13,57M","0,71%"
"29.03.2007","12.979,66","12.862,53","13.004,40","12.832,69","15,57M","0,74%"
"28.03.2007","12.884,34","13.034,27","13.035,56","12.861,18","13,27M","-1,83%"
"26.03.2007","13.124,32","13.345,73","13.345,73","13.090,80","12,19M","-1,22%"
"23.03.2007","13.285,93","13.343,57","13.386,95","13.196,90","16,40M","-0,17%"
"22.03.2007","13.308,03","13.071,81","13.326,24","13.071,81","18,91M","2,80%"
"21.03.2007","12.945,88","12.735,91","12.964,94","12.664,33","15,97M","1,89%"
"20.03.2007","12.705,94","12.746,94","12.798,80","12.674,77","15,68M","0,48%"
"19.03.2007","12.644,99","12.484,64","12.655,00","12.426,66","12,10M","1,73%"
"16.03.2007","12.430,40","12.570,52","12.638,78","12.316,10","14,73M","-0,90%"
"15.03.2007","12.543,85","12.655,94","12.789,81","12.510,75","16,20M","0,11%"
"14.03.2007","12.529,62","12.694,36","12.694,36","12.504,10","19,16M","-3,49%"
"13.03.2007","12.982,98","12.924,50","13.026,85","12.817,62","14,97M","0,62%"
"12.03.2007","12.902,63","12.916,67","13.056,86","12.844,99","17,28M","0,14%"
"09.03.2007","12.884,99","13.107,37","13.145,72","12.788,16","25,29M","-1,26%"
"08.03.2007","13.049,35","12.649,77","13.099,83","12.596,86","20,71M","3,73%"
"07.03.2007","12.579,75","12.792,90","12.902,18","12.390,46","10,24M","-0,92%"
"06.03.2007","12.697,09","12.573,01","12.760,22","12.427,13","21,65M","2,27%"
"05.03.2007","12.415,04","12.716,85","12.716,85","12.344,44","27,61M","-3,66%"
"02.03.2007","12.886,13","13.139,10","13.254,03","12.836,75","19,68M","-2,08%"
"01.03.2007","13.159,55","13.013,74","13.193,13","12.861,35","24,27M","1,71%"
"28.02.2007","12.938,09","13.045,12","13.298,52","12.800,91","35,85M","-4,01%"
"27.02.2007","13.478,83","13.703,41","13.703,41","13.408,56","15,40M","-1,25%"
"26.02.2007","13.649,52","13.684,95","13.723,40","13.383,88","17,36M","0,12%"
"23.02.2007","13.632,53","14.071,27","14.071,27","13.568,08","18,19M","-2,77%"
"22.02.2007","14.021,31","14.200,11","14.287,03","13.978,05","16,11M","-1,18%"
"21.02.2007","14.188,49","14.199,07","14.312,88","14.157,72","14,54M","-0,46%"
"20.02.2007","14.253,38","14.449,23","14.466,76","14.230,47","13,27M","-1,04%"
"19.02.2007","14.402,90","14.406,88","14.479,18","14.372,07","12,51M","0,33%"
"15.02.2007","14.355,55","14.107,09","14.372,96","14.107,09","16,26M","2,47%"
"14.02.2007","14.009,90","13.990,41","14.036,61","13.805,36","22,34M","-0,58%"
"13.02.2007","14.090,98","14.168,33","14.363,74","13.957,70","24,49M","-0,70%"
"12.02.2007","14.190,70","14.529,28","14.529,28","14.146,22","21,27M","-2,39%"
"09.02.2007","14.538,90","14.684,35","14.723,88","14.493,67","12,14M","-0,77%"
"08.02.2007","14.652,09","14.690,58","14.697,69","14.523,16","11,57M","0,06%"
"07.02.2007","14.643,13","14.493,56","14.663,26","14.478,45","11,38M","1,14%"
"06.02.2007","14.478,19","14.541,24","14.564,80","14.452,78","18,64M","-0,26%"
"05.02.2007","14.515,90","14.432,09","14.526,51","14.372,36","11,55M","0,78%"
"02.02.2007","14.403,77","14.293,11","14.462,77","14.293,11","18,42M","0,96%"
"01.02.2007","14.267,18","14.124,36","14.278,08","14.109,91","14,29M","1,25%"
"31.01.2007","14.090,92","14.219,38","14.269,31","14.045,61","24,92M","-0,85%"
"29.01.2007","14.211,96","14.306,97","14.316,54","14.185,92","12,72M","-0,50%"
"25.01.2007","14.282,72","14.151,62","14.307,19","14.115,40","15,62M","1,22%"
"24.01.2007","14.110,46","14.069,61","14.156,46","14.043,54","17,94M","0,49%"
"23.01.2007","14.041,24","14.212,12","14.212,12","14.025,74","14,55M","-1,18%"
"22.01.2007","14.209,24","14.217,80","14.259,07","14.111,75","11,26M","0,19%"
"19.01.2007","14.182,71","14.271,24","14.300,11","14.067,52","14,46M","-0,25%"
"18.01.2007","14.217,75","14.165,77","14.325,92","14.140,35","13,80M","0,61%"
"17.01.2007","14.131,34","14.116,25","14.185,12","14.089,63","8,96M","0,12%"
"16.01.2007","14.114,73","14.146,00","14.211,15","14.070,65","9,03M","-0,11%"
"15.01.2007","14.129,64","14.110,44","14.202,12","14.103,12","15,40M","0,52%"
"12.01.2007","14.056,53","13.729,07","14.070,88","13.729,07","14,44M","3,12%"
"11.01.2007","13.630,71","13.331,38","13.667,80","13.303,22","15,64M","2,01%"
"10.01.2007","13.362,16","13.569,57","13.569,57","13.336,52","12,50M","-1,50%"
"09.01.2007","13.566,33","13.650,96","13.748,42","13.493,38","36,62M","-0,63%"
"08.01.2007","13.652,15","13.855,89","13.855,89","13.599,87","11,68M","-1,50%"
"05.01.2007","13.860,52","13.768,79","13.971,82","13.763,39","13,26M","-0,08%"
"04.01.2007","13.871,71","14.029,04","14.060,35","13.850,38","14,51M","-1,02%"
"03.01.2007","14.014,92","13.969,45","14.035,67","13.897,42","11,69M","0,52%"
"02.01.2007","13.942,24","13.827,77","13.980,54","13.797,44","9,56M","1,13%"
"29.12.2006","13.786,91","13.873,03","13.929,10","13.770,06","8,89M","-0,43%"
"28.12.2006","13.846,34","13.893,29","13.960,39","13.819,77","11,54M","-0,10%"
"27.12.2006","13.859,69","13.734,01","13.911,59","13.734,01","11,37M","1,10%"
"26.12.2006","13.708,34","13.501,44","13.726,62","13.490,77","8,19M","1,76%"
"22.12.2006","13.471,74","13.398,13","13.493,88","13.362,11","10,73M","0,65%"
"21.12.2006","13.384,86","13.313,91","13.441,36","13.182,35","11,96M","0,33%"
"20.12.2006","13.340,21","13.452,69","13.568,09","13.232,56","15,45M","-0,31%"
"19.12.2006","13.382,01","13.737,36","13.748,62","13.237,39","18,54M","-2,54%"
"18.12.2006","13.731,09","13.695,60","13.744,17","13.416,40","14,12M","0,86%"
"15.12.2006","13.614,52","13.545,60","13.669,65","13.545,60","18,77M","0,94%"
"14.12.2006","13.487,16","13.256,81","13.524,77","13.239,79","14,62M","2,32%"
"13.12.2006","13.181,34","13.011,37","13.223,00","12.830,38","20,78M","1,43%"
"12.12.2006","12.995,02","13.413,61","13.492,21","12.801,65","21,26M","-3,02%"
"11.12.2006","13.399,43","13.783,00","13.801,98","13.261,73","27,16M","-2,90%"
"08.12.2006","13.799,49","14.007,67","14.009,56","13.756,86","14,82M","-1,23%"
"07.12.2006","13.972,03","13.962,94","14.002,72","13.915,74","9,64M","0,17%"
"06.12.2006","13.949,00","13.951,09","14.035,30","13.847,67","10,99M","0,08%"
"05.12.2006","13.937,65","14.028,47","14.028,47","13.905,65","12,42M","0,46%"
"04.12.2006","13.874,33","13.846,71","13.912,54","13.828,51","10,01M","0,21%"
"01.12.2006","13.844,78","13.729,67","13.857,81","13.725,78","10,82M","1,08%"
"30.11.2006","13.696,31","13.630,90","13.745,16","13.630,58","10,82M","0,58%"
"29.11.2006","13.616,73","13.649,20","13.711,76","13.586,04","13,65M","0,11%"
"28.11.2006","13.601,95","13.690,67","13.691,12","13.577,38","15,92M","-1,25%"
"27.11.2006","13.773,59","13.716,46","13.799,08","13.716,46","11,96M","0,51%"
"24.11.2006","13.703,33","13.669,81","13.767,85","13.665,52","17,90M","0,16%"
"23.11.2006","13.680,83","13.667,13","13.790,82","13.643,47","12,22M","-0,19%"
"22.11.2006","13.706,53","13.625,09","13.740,39","13.625,09","15,19M","0,66%"
"21.11.2006","13.616,77","13.434,58","13.630,41","13.434,58","14,17M","1,39%"
"20.11.2006","13.430,71","13.390,95","13.463,06","13.200,36","15,67M","0,01%"
"17.11.2006","13.429,48","13.678,04","13.678,04","13.383,43","20,77M","-0,57%"
"16.11.2006","13.505,89","13.500,70","13.588,01","13.459,28","68,21M","0,27%"
"15.11.2006","13.469,37","13.476,28","13.506,08","13.390,79","14,35M","0,33%"
"14.11.2006","13.425,50","13.439,71","13.486,74","13.380,77","22,01M","0,20%"
"13.11.2006","13.399,00","13.295,24","13.410,08","13.287,28","12,73M","0,87%"
"10.11.2006","13.282,91","13.187,51","13.303,85","13.104,98","16,40M","1,11%"
"09.11.2006","13.137,49","13.107,78","13.192,89","13.069,85","16,76M","0,50%"
"08.11.2006","13.072,51","13.176,08","13.202,68","12.950,07","16,38M","-0,64%"
"07.11.2006","13.156,66","13.208,79","13.300,69","13.135,21","17,17M","-0,23%"
"06.11.2006","13.186,89","13.155,11","13.206,87","13.111,65","14,66M","0,43%"
"03.11.2006","13.130,79","13.119,34","13.146,86","13.017,84","12,59M","0,30%"
"02.11.2006","13.091,12","13.062,52","13.137,74","13.014,65","12,01M","0,45%"
"01.11.2006","13.033,04","12.992,62","13.050,73","12.937,30","12,83M","0,55%"
"31.10.2006","12.961,90","13.048,76","13.075,85","12.907,94","17,12M","-0,48%"
"30.10.2006","13.024,26","12.925,43","13.039,30","12.844,85","13,88M","0,91%"
"27.10.2006","12.906,81","12.741,85","12.921,23","12.741,85","15,12M","1,64%"
"26.10.2006","12.698,41","12.636,16","12.718,31","12.636,16","13,23M","0,60%"
"23.10.2006","12.623,28","12.757,31","12.766,30","12.612,36","7,73M","-0,89%"
"21.10.2006","12.736,82","12.785,29","12.837,28","12.714,72","3,52M","0,22%"
"20.10.2006","12.709,40","12.756,41","12.849,02","12.679,85","15,82M","-0,11%"
"19.10.2006","12.723,59","12.881,80","12.925,60","12.654,98","15,35M","-1,05%"
"18.10.2006","12.858,48","12.875,38","12.920,59","12.830,84","16,46M","-0,20%"
"17.10.2006","12.883,83","12.981,53","12.994,45","12.819,35","15,97M","-0,34%"
"16.10.2006","12.928,18","12.785,03","12.953,76","12.785,03","18,74M","1,51%"
"13.10.2006","12.736,42","12.632,62","12.756,23","12.632,62","16,62M","1,58%"
"12.10.2006","12.537,98","12.387,89","12.558,71","12.315,02","13,53M","1,49%"
"11.10.2006","12.353,49","12.446,72","12.514,18","12.301,51","13,87M","-0,08%"
"10.10.2006","12.363,77","12.416,43","12.481,93","12.341,34","11,37M","-0,02%"
"09.10.2006","12.365,83","12.335,82","12.429,74","12.261,49","10,61M","-0,06%"
"06.10.2006","12.372,81","12.391,26","12.434,22","12.357,69","12,06M","-0,13%"
"05.10.2006","12.389,41","12.299,21","12.415,97","12.299,21","12,24M","1,52%"
"04.10.2006","12.204,01","12.401,09","12.419,65","12.178,83","14,46M","-1,31%"
"03.10.2006","12.366,39","12.473,79","12.489,28","12.343,80","11,51M","-0,71%"
"29.09.2006","12.454,42","12.414,66","12.485,17","12.381,29","12,64M","0,60%"
"28.09.2006","12.380,74","12.388,66","12.431,79","12.340,17","13,49M","0,11%"
"27.09.2006","12.366,91","12.359,01","12.442,82","12.339,98","12,63M","0,37%"
"26.09.2006","12.321,19","12.206,79","12.331,45","12.160,58","14,14M","1,21%"
"25.09.2006","12.173,91","12.257,27","12.273,71","12.145,09","15,18M","-0,51%"
"22.09.2006","12.236,78","12.244,41","12.303,42","12.170,20","13,39M","-0,31%"
"21.09.2006","12.274,27","12.167,91","12.285,90","12.167,91","14,94M","1,36%"
"20.09.2006","12.109,14","11.946,32","12.128,99","11.833,61","13,87M","1,16%"
"19.09.2006","11.970,47","12.103,44","12.152,60","11.915,21","17,26M","-0,84%"
"18.09.2006","12.071,30","12.006,19","12.114,95","12.006,19","12,36M","0,51%"
"15.09.2006","12.009,59","11.977,69","12.041,70","11.847,61","12,75M","0,31%"
"14.09.2006","11.973,02","11.936,80","12.003,68","11.892,24","14,49M","0,67%"
"13.09.2006","11.893,79","11.723,78","11.938,41","11.723,78","15,43M","2,00%"
"12.09.2006","11.660,79","11.564,95","11.671,80","11.444,18","19,37M","0,95%"
"11.09.2006","11.550,69","11.959,56","11.971,60","11.505,60","18,64M","-3,09%"
"08.09.2006","11.918,65","11.859,44","11.940,58","11.825,22","16,34M","0,55%"
"07.09.2006","11.853,85","11.893,33","11.921,30","11.815,43","11,70M","-0,67%"
"06.09.2006","11.933,21","11.908,53","11.983,48","11.904,92","12,50M","0,24%"
"05.09.2006","11.904,60","11.927,42","11.945,53","11.847,93","12,00M","-0,08%"
"04.09.2006","11.914,21","11.824,49","11.939,96","11.824,49","9,93M","1,16%"
"01.09.2006","11.778,02","11.699,57","11.795,02","11.666,01","11,65M","0,68%"
"31.08.2006","11.699,05","11.754,07","11.794,43","11.675,08","16,58M","-0,21%"
"30.08.2006","11.723,92","11.735,05","11.756,08","11.643,38","12,81M","0,15%"
"29.08.2006","11.706,85","11.651,96","11.739,77","11.651,96","16,01M","0,75%"
"28.08.2006","11.619,52","11.583,73","11.633,35","11.552,44","9,18M","0,41%"
"25.08.2006","11.572,20","11.589,35","11.635,25","11.542,10","17,01M","0,35%"
"24.08.2006","11.531,95","11.367,74","11.566,89","11.297,23","15,62M","1,10%"
"23.08.2006","11.406,65","11.579,92","11.579,92","11.374,86","13,11M","-0,83%"
"22.08.2006","11.502,62","11.547,42","11.619,86","11.460,93","12,24M","-0,08%"
"21.08.2006","11.511,68","11.488,03","11.531,60","11.375,90","11,09M","0,40%"
"18.08.2006","11.465,72","11.498,51","11.508,17","11.409,11","14,62M","-0,10%"
"17.08.2006","11.477,48","11.498,47","11.551,59","11.379,44","19,83M","0,25%"
"16.08.2006","11.448,31","11.384,05","11.507,92","11.384,05","15,18M","1,20%"
"14.08.2006","11.312,99","11.221,86","11.330,30","11.221,86","13,17M","1,08%"
"11.08.2006","11.192,46","11.181,34","11.241,11","11.069,25","18,64M","0,39%"
"10.08.2006","11.149,17","11.175,00","11.213,03","11.051,75","16,70M","0,04%"
"09.08.2006","11.145,18","10.990,73","11.187,65","10.939,21","18,32M","1,18%"
"08.08.2006","11.014,97","10.839,53","11.028,02","10.839,53","15,21M","1,87%"
"07.08.2006","10.812,64","10.863,28","10.869,66","10.780,01","13,51M","-0,50%"
"04.08.2006","10.866,51","10.939,80","11.039,34","10.810,04","18,84M","-0,52%"
"03.08.2006","10.923,16","10.929,03","11.081,90","10.875,87","20,67M","0,43%"
"02.08.2006","10.876,19","10.747,13","10.891,38","10.730,13","18,63M","1,16%"
"01.08.2006","10.751,66","10.737,50","10.777,47","10.645,99","15,86M","0,07%"
"31.07.2006","10.743,88","10.759,19","10.853,91","10.710,29","17,78M","0,60%"
"28.07.2006","10.680,23","10.787,65","10.787,65","10.603,83","21,01M","-0,57%"
"27.07.2006","10.741,59","10.671,77","10.762,67","10.589,68","20,81M","1,17%"
"26.07.2006","10.617,27","10.465,34","10.648,77","10.362,61","19,50M","1,94%"
"25.07.2006","10.415,61","10.351,75","10.443,05","10.302,62","18,32M","1,96%"
"24.07.2006","10.215,37","10.042,47","10.252,75","9.875,35","20,63M","1,28%"
"21.07.2006","10.085,91","10.336,38","10.336,38","10.035,24","23,05M","-2,58%"
"20.07.2006","10.352,94","10.189,67","10.409,58","10.189,67","23,66M","3,45%"
"19.07.2006","10.007,34","10.320,59","10.408,16","9.972,73","24,37M","-2,15%"
"18.07.2006","10.226,78","10.336,62","10.406,43","10.149,85","20,25M","-0,65%"
"17.07.2006","10.293,22","10.647,26","10.647,26","10.262,57","17,81M","-3,61%"
"14.07.2006","10.678,22","10.782,98","10.782,98","10.563,76","20,71M","-1,66%"
"13.07.2006","10.858,50","10.922,61","10.922,61","10.797,49","22,13M","-0,65%"
"12.07.2006","10.930,09","10.604,64","10.939,68","10.549,85","25,58M","2,97%"
"11.07.2006","10.614,35","10.699,62","10.704,01","10.566,71","18,31M","-0,65%"
"10.07.2006","10.684,30","10.484,25","10.704,78","10.461,73","16,68M","1,66%"
"07.07.2006","10.509,53","10.813,75","10.887,67","10.440,02","28,10M","-2,40%"
"06.07.2006","10.767,97","10.836,49","10.839,53","10.703,00","22,01M","-1,39%"
"05.07.2006","10.919,64","10.641,33","10.940,45","10.611,35","25,68M","2,41%"
"04.07.2006","10.662,22","10.755,45","10.800,11","10.644,72","17,33M","-0,31%"
"03.07.2006","10.695,26","10.616,97","10.729,92","10.589,46","22,57M","0,81%"
"30.06.2006","10.609,25","10.316,12","10.626,84","10.316,12","30,70M","4,40%"
"29.06.2006","10.162,16","10.193,94","10.326,05","10.109,56","20,21M","0,32%"
"28.06.2006","10.129,70","10.067,55","10.204,66","9.909,76","26,00M","-0,21%"
"27.06.2006","10.151,01","10.058,29","10.224,26","9.901,58","31,38M","1,08%"
"26.06.2006","10.042,06","10.427,85","10.451,47","9.991,12","21,71M","-3,56%"
"25.06.2006","10.412,93","10.443,60","10.510,07","10.367,04","3,11M","0,11%"
"23.06.2006","10.401,30","10.201,31","10.453,61","10.025,19","22,54M","1,22%"
"22.06.2006","10.275,88","10.093,38","10.362,74","10.093,38","22,36M","2,35%"
"21.06.2006","10.040,14","9.828,93","10.054,05","9.752,65","24,85M","2,22%"
"20.06.2006","9.822,52","9.958,33","9.958,33","9.745,17","22,47M","-1,75%"
"19.06.2006","9.997,84","9.903,11","10.049,94","9.755,21","20,71M","1,15%"
"16.06.2006","9.884,51","9.703,06","10.118,28","9.703,06","33,46M","3,56%"
"15.06.2006","9.545,06","9.133,36","9.589,05","9.092,16","26,17M","6,89%"
"14.06.2006","8.929,44","9.156,97","9.387,06","8.799,01","27,42M","-1,47%"
"13.06.2006","9.062,65","9.360,06","9.360,06","8.993,58","28,05M","-4,36%"
"12.06.2006","9.476,15","9.858,47","9.859,38","9.428,03","20,44M","-3,41%"
"09.06.2006","9.810,46","9.270,78","9.849,20","9.262,20","29,47M","5,54%"
"08.06.2006","9.295,81","9.664,90","9.664,90","9.200,80","36,76M","-4,72%"
"07.06.2006","9.756,76","9.919,28","10.051,81","9.609,21","27,04M","-2,01%"
"06.06.2006","9.957,32","10.087,96","10.192,73","9.884,89","26,30M","-2,51%"
"05.06.2006","10.213,48","10.537,08","10.552,38","10.186,33","19,13M","-2,28%"
"02.06.2006","10.451,33","10.104,57","10.477,35","10.011,45","28,38M","3,77%"
"01.06.2006","10.071,42","10.472,46","10.597,23","10.017,82","24,27M","-3,15%"
"31.05.2006","10.398,61","10.679,49","10.679,49","10.111,96","35,73M","-3,60%"
"30.05.2006","10.786,63","10.886,61","10.988,23","10.722,92","16,17M","-0,61%"
"29.05.2006","10.853,14","10.855,03","10.992,38","10.781,61","15,50M","0,41%"
"26.05.2006","10.809,35","10.735,14","11.050,77","10.735,14","24,77M","1,34%"
"25.05.2006","10.666,32","10.520,90","10.720,67","10.274,93","21,21M","0,88%"
"24.05.2006","10.573,15","10.830,98","11.000,96","10.504,59","25,65M","-2,31%"
"23.05.2006","10.822,78","10.590,67","10.859,20","10.185,48","30,40M","3,25%"
"22.05.2006","10.481,77","11.071,63","11.142,90","9.826,91","31,44M","-4,18%"
"19.05.2006","10.938,61","11.549,67","11.697,11","10.799,01","34,93M","-3,98%"
"18.05.2006","11.391,43","12.163,98","12.163,98","11.330,45","30,51M","-6,76%"
"17.05.2006","12.217,81","11.962,87","12.238,81","11.962,87","18,87M","2,90%"
"16.05.2006","11.873,73","11.861,18","11.954,51","11.378,96","38,26M","0,44%"
"15.05.2006","11.822,20","12.272,64","12.272,64","11.770,76","30,14M","-3,77%"
"12.05.2006","12.285,11","12.400,71","12.421,76","12.224,44","21,03M","-1,21%"
"11.05.2006","12.435,41","12.631,54","12.671,11","12.397,02","19,07M","-1,40%"
"10.05.2006","12.612,38","12.546,93","12.624,37","12.530,98","19,08M","0,79%"
"09.05.2006","12.513,86","12.488,38","12.546,47","12.356,04","22,31M","0,41%"
"08.05.2006","12.462,47","12.393,22","12.511,07","12.393,22","17,51M","0,83%"
"05.05.2006","12.359,70","12.373,47","12.443,54","12.304,59","20,00M","0,10%"
"04.05.2006","12.347,63","12.343,63","12.482,91","12.264,14","20,14M","0,30%"
"03.05.2006","12.310,72","12.231,12","12.337,01","12.134,19","19,28M","0,75%"
"02.05.2006","12.218,78","12.103,78","12.288,51","12.103,78","19,88M","1,46%"
"29.04.2006","12.042,56","11.881,51","12.061,06","11.881,51","5,78M","1,61%"
"28.04.2006","11.851,93","11.698,68","11.877,32","11.344,61","22,70M","0,14%"
"27.04.2006","11.835,02","11.968,80","12.086,91","11.803,49","31,22M","-0,87%"
"26.04.2006","11.938,53","11.677,05","11.965,09","11.635,40","18,69M","2,50%"
"25.04.2006","11.646,78","11.943,08","11.953,00","11.621,61","18,77M","-2,25%"
"24.04.2006","11.915,24","12.063,73","12.071,07","11.882,48","16,63M","-0,96%"
"21.04.2006","12.030,30","12.053,90","12.102,00","11.860,35","32,76M","-0,08%"
"20.04.2006","12.039,55","11.941,49","12.053,74","11.866,21","26,49M","1,21%"
"19.04.2006","11.895,98","11.880,05","11.986,09","11.799,62","26,23M","0,63%"
"18.04.2006","11.821,57","11.624,97","11.834,77","11.624,97","24,25M","2,44%"
"17.04.2006","11.539,68","11.323,74","11.560,90","11.323,74","22,71M","2,69%"
"13.04.2006","11.237,23","11.366,91","11.380,83","11.008,43","32,84M","-1,04%"
"12.04.2006","11.355,73","11.693,15","11.702,77","11.302,78","26,94M","-2,63%"
"10.04.2006","11.662,55","11.620,38","11.691,92","11.535,28","22,08M","0,63%"
"07.04.2006","11.589,44","11.845,13","11.930,66","11.564,87","30,48M","-1,34%"
"05.04.2006","11.746,90","11.671,14","11.755,20","11.653,39","16,14M","0,94%"
"04.04.2006","11.638,01","11.599,80","11.710,69","11.570,11","18,05M","0,64%"
"03.04.2006","11.564,36","11.342,96","11.579,10","11.342,96","16,55M","2,52%"
"31.03.2006","11.279,96","11.325,96","11.356,95","11.231,16","17,17M","-0,24%"
"30.03.2006","11.307,04","11.241,78","11.338,66","11.227,82","23,35M","1,10%"
"29.03.2006","11.183,48","11.103,87","11.197,64","11.103,87","17,78M","0,88%"
"28.03.2006","11.086,03","11.114,43","11.146,85","11.051,13","18,99M","0,06%"
"27.03.2006","11.079,02","10.996,36","11.101,42","10.996,36","22,33M","1,18%"
"24.03.2006","10.950,30","10.851,80","10.966,06","10.851,80","21,80M","1,01%"
"23.03.2006","10.840,59","10.861,95","10.924,29","10.792,98","14,47M","-0,01%"
"22.03.2006","10.841,35","10.900,02","10.935,09","10.784,42","19,06M","-0,59%"
"21.03.2006","10.905,20","10.945,62","11.017,25","10.863,61","16,19M","-0,33%"
"20.03.2006","10.941,11","10.903,25","10.946,94","10.889,41","13,98M","0,75%"
"17.03.2006","10.860,04","10.902,26","10.951,38","10.844,03","26,32M","-0,17%"
"16.03.2006","10.878,74","10.859,39","10.889,25","10.830,19","18,42M","0,71%"
"14.03.2006","10.801,72","10.796,82","10.896,39","10.761,22","22,58M","-0,02%"
"13.03.2006","10.803,71","10.795,99","10.884,48","10.782,53","15,75M","0,36%"
"10.03.2006","10.765,16","10.581,64","10.782,34","10.581,64","18,42M","1,81%"
"09.03.2006","10.573,54","10.533,89","10.593,08","10.376,54","24,78M","0,62%"
"08.03.2006","10.508,85","10.728,39","10.740,60","10.493,91","27,25M","-2,02%"
"07.03.2006","10.725,67","10.747,87","10.753,13","10.661,62","24,44M","-0,09%"
"06.03.2006","10.735,36","10.616,99","10.742,31","10.616,99","21,52M","1,32%"
"03.03.2006","10.595,43","10.649,28","10.690,00","10.556,03","17,88M","-0,30%"
"02.03.2006","10.626,78","10.597,19","10.706,22","10.593,80","26,71M","0,58%"
"01.03.2006","10.565,47","10.368,75","10.573,29","10.344,26","27,57M","1,88%"
"28.02.2006","10.370,24","10.308,71","10.422,65","10.206,06","31,79M","0,86%"
"27.02.2006","10.282,09","10.214,58","10.296,22","10.109,34","12,98M","0,80%"
"24.02.2006","10.200,76","10.256,74","10.271,67","10.177,12","12,80M","-0,42%"
"23.02.2006","10.244,05","10.268,51","10.304,88","10.228,22","18,89M","0,19%"
"22.02.2006","10.224,32","10.179,26","10.237,61","10.157,26","16,00M","0,55%"
"21.02.2006","10.168,11","10.108,16","10.195,51","10.108,16","15,07M","0,88%"
"20.02.2006","10.079,30","10.002,36","10.092,85","9.896,64","14,85M","0,98%"
"17.02.2006","9.981,11","10.168,55","10.184,04","9.970,00","18,73M","-1,41%"
"16.02.2006","10.124,30","10.133,42","10.195,42","10.110,46","15,65M","0,11%"
"15.02.2006","10.113,18","10.144,90","10.191,97","10.036,01","23,91M","0,26%"
"14.02.2006","10.086,63","10.180,51","10.185,06","10.064,46","21,39M","-0,85%"
"13.02.2006","10.173,25","10.117,50","10.182,77","10.096,28","15,44M","0,62%"
"10.02.2006","10.110,97","10.066,36","10.122,25","10.057,07","18,50M","0,66%"
"08.02.2006","10.044,82","10.083,53","10.083,53","9.958,55","17,69M","-0,37%"
"07.02.2006","10.082,28","9.993,39","10.099,58","9.972,43","18,90M","1,02%"
"06.02.2006","9.980,42","9.746,09","10.002,83","9.739,71","21,42M","2,44%"
"03.02.2006","9.742,58","9.834,97","9.837,74","9.713,51","15,92M","-1,03%"
"02.02.2006","9.843,87","9.890,90","9.956,10","9.816,01","19,45M","-0,16%"
"01.02.2006","9.859,26","9.959,24","9.993,92","9.819,32","18,97M","-0,61%"
"31.01.2006","9.919,89","9.892,23","9.939,55","9.873,37","18,46M","0,72%"
"30.01.2006","9.849,03","9.896,46","9.945,19","9.803,68","29,40M","-0,22%"
"27.01.2006","9.870,79","9.764,26","9.883,95","9.764,26","18,14M","1,91%"
"25.01.2006","9.685,74","9.580,30","9.714,48","9.580,30","21,63M","1,42%"
"24.01.2006","9.549,92","9.503,42","9.574,14","9.503,42","16,78M","0,90%"
"23.01.2006","9.464,90","9.467,56","9.503,40","9.432,93","16,26M","-0,59%"
"20.01.2006","9.520,96","9.493,39","9.556,19","9.466,10","17,85M","0,75%"
"19.01.2006","9.449,84","9.271,63","9.473,86","9.271,63","19,14M","2,30%"
"18.01.2006","9.237,53","9.293,80","9.302,78","9.158,44","45,87M","-0,82%"
"17.01.2006","9.314,13","9.317,99","9.421,52","9.289,23","27,18M","0,03%"
"16.01.2006","9.311,19","9.382,86","9.397,62","9.287,09","17,19M","-0,67%"
"13.01.2006","9.374,19","9.425,07","9.471,89","9.362,25","15,63M","-0,07%"
"12.01.2006","9.380,88","9.334,13","9.435,26","9.303,71","25,46M","-0,68%"
"10.01.2006","9.445,30","9.584,47","9.600,08","9.418,63","24,52M","-1,44%"
"09.01.2006","9.583,45","9.643,92","9.689,68","9.539,63","15,53M","-0,59%"
"06.01.2006","9.640,29","9.635,09","9.680,92","9.535,66","15,96M","0,23%"
"05.01.2006","9.617,74","9.638,27","9.679,72","9.571,31","19,11M","-0,31%"
"04.01.2006","9.648,08","9.523,29","9.664,94","9.523,29","21,41M","1,14%"
"03.01.2006","9.539,37","9.401,83","9.546,78","9.390,79","13,17M","1,59%"
"02.01.2006","9.390,14","9.422,49","9.457,09","9.366,09","13,93M","-0,08%"
"30.12.2005","9.397,93","9.339,32","9.427,23","9.311,53","15,21M","0,80%"
"29.12.2005","9.323,25","9.272,63","9.338,11","9.271,63","14,18M","0,71%"
"28.12.2005","9.257,51","9.292,18","9.350,82","9.207,27","19,62M","-0,28%"
"27.12.2005","9.283,16","9.071,25","9.297,07","9.020,80","14,66M","2,17%"
"26.12.2005","9.085,89","9.254,09","9.262,48","9.050,51","15,50M","-1,85%"
"23.12.2005","9.256,91","9.417,29","9.442,98","9.237,94","15,80M","-1,23%"
"22.12.2005","9.372,30","9.398,62","9.413,70","9.328,76","36,16M","0,35%"
"21.12.2005","9.339,17","9.349,24","9.423,25","9.272,76","18,73M","-0,08%"
"20.12.2005","9.346,24","9.400,25","9.427,57","9.310,63","21,96M","-0,51%"
"19.12.2005","9.394,27","9.263,32","9.402,68","9.263,32","101,03M","1,18%"
"16.12.2005","9.284,46","9.191,63","9.290,31","9.137,16","19,97M","1,24%"
"15.12.2005","9.170,40","9.259,78","9.298,28","9.117,26","18,70M","-0,77%"
"14.12.2005","9.241,76","9.264,99","9.309,01","9.199,85","24,50M","-0,24%"
"13.12.2005","9.263,90","9.160,76","9.274,19","9.111,03","25,14M","1,43%"
"12.12.2005","9.133,67","9.092,65","9.175,60","9.092,65","18,60M","0,73%"
"09.12.2005","9.067,28","8.907,72","9.080,76","8.907,72","20,18M","1,81%"
"08.12.2005","8.906,31","8.912,74","8.931,58","8.826,39","15,50M","0,12%"
"07.12.2005","8.895,81","8.825,93","8.915,88","8.825,93","13,68M","0,91%"
"06.12.2005","8.815,53","8.827,00","8.915,12","8.783,93","13,92M","-0,09%"
"05.12.2005","8.823,31","8.965,83","9.010,73","8.803,37","14,40M","-1,54%"
"02.12.2005","8.961,61","9.010,58","9.057,97","8.943,70","18,48M","0,19%"
"01.12.2005","8.944,78","8.813,82","8.960,11","8.769,56","18,10M","1,77%"
"30.11.2005","8.788,81","8.962,92","9.033,99","8.768,80","18,18M","-1,59%"
"29.11.2005","8.931,16","9.000,65","9.000,65","8.875,82","19,35M","-0,71%"
"28.11.2005","8.994,94","8.905,68","9.005,63","8.905,68","18,85M","1,19%"
"26.11.2005","8.889,03","8.858,20","8.912,12","8.858,20","4,64M","0,40%"
"25.11.2005","8.853,21","8.760,70","8.863,93","8.760,70","19,08M","1,25%"
"24.11.2005","8.744,04","8.655,14","8.765,71","8.655,14","19,71M","1,22%"
"23.11.2005","8.638,34","8.542,61","8.649,68","8.537,48","19,61M","1,21%"
"22.11.2005","8.534,97","8.602,82","8.664,46","8.518,18","19,61M","-0,88%"
"21.11.2005","8.610,74","8.699,27","8.713,10","8.586,92","21,33M","-0,87%"
"18.11.2005","8.686,65","8.669,84","8.739,57","8.661,60","22,35M","0,43%"
"17.11.2005","8.649,52","8.611,79","8.662,57","8.547,34","17,08M","0,62%"
"16.11.2005","8.595,92","8.511,10","8.606,95","8.503,00","14,97M","1,20%"
"14.11.2005","8.494,29","8.503,70","8.569,91","8.416,89","16,15M","0,27%"
"11.11.2005","8.471,04","8.332,94","8.483,68","8.332,94","20,29M","1,95%"
"10.11.2005","8.308,93","8.314,39","8.342,53","8.265,26","1,12M","0,00%"
"09.11.2005","8.308,78","8.332,01","8.405,46","8.269,09","19,40M","-0,11%"
"08.11.2005","8.317,80","8.218,82","8.353,10","8.213,75","23,92M","1,35%"
"07.11.2005","8.206,83","8.083,59","8.216,42","8.049,65","27,13M","1,66%"
"02.11.2005","8.072,75","7.953,28","8.086,84","7.891,23","16,50M","1,62%"
"01.11.2005","7.944,10","7.989,86","8.023,52","7.914,77","6,18M","0,66%"
"31.10.2005","7.892,32","7.717,07","7.905,70","7.717,07","15,52M","2,69%"
"28.10.2005","7.685,64","7.795,03","7.795,03","7.656,15","21,89M","-1,45%"
"27.10.2005","7.798,49","7.989,35","7.994,82","7.766,99","26,77M","-2,21%"
"26.10.2005","7.974,69","7.996,92","8.047,86","7.951,05","15,83M","-0,21%"
"25.10.2005","7.991,74","7.974,17","8.074,08","7.921,44","22,18M","0,90%"
"24.10.2005","7.920,80","8.096,49","8.126,27","7.898,41","21,48M","-1,84%"
"21.10.2005","8.068,95","7.930,50","8.080,77","7.901,14","25,68M","1,69%"
"20.10.2005","7.935,12","8.075,82","8.134,83","7.838,02","27,15M","-0,45%"
"19.10.2005","7.971,06","8.066,06","8.084,79","7.922,89","26,42M","-1,86%"
"18.10.2005","8.122,25","8.232,26","8.317,38","8.067,91","19,29M","-0,98%"
"17.10.2005","8.202,62","8.230,47","8.254,80","8.131,77","21,72M","0,01%"
"14.10.2005","8.201,73","8.389,45","8.396,42","8.180,10","25,27M","-2,09%"
"13.10.2005","8.376,90","8.520,48","8.547,80","8.346,32","24,24M","-1,92%"
"11.10.2005","8.540,56","8.547,95","8.563,85","8.381,96","21,23M","0,67%"
"10.10.2005","8.483,86","8.516,44","8.564,85","8.465,90","16,21M","-0,09%"
"07.10.2005","8.491,56","8.525,80","8.586,43","8.410,69","25,07M","-0,44%"
"06.10.2005","8.528,70","8.693,20","8.693,20","8.508,43","29,48M","-2,24%"
"05.10.2005","8.724,47","8.815,67","8.821,84","8.695,69","23,57M","-0,86%"
"04.10.2005","8.799,96","8.706,70","8.808,83","8.706,70","27,42M","1,18%"
"03.10.2005","8.697,65","8.662,99","8.725,75","8.662,99","16,55M","0,73%"
"30.09.2005","8.634,48","8.672,66","8.683,57","8.527,38","23,32M","-0,18%"
"29.09.2005","8.650,17","8.588,47","8.722,17","8.588,47","19,87M","0,51%"
"28.09.2005","8.606,03","8.535,81","8.613,83","8.475,68","18,04M","0,94%"
"27.09.2005","8.525,52","8.497,25","8.585,76","8.444,98","20,00M","0,55%"
"26.09.2005","8.478,91","8.280,06","8.487,36","8.280,06","18,67M","3,12%"
"23.09.2005","8.222,59","8.255,05","8.327,35","8.121,81","20,03M","0,01%"
"22.09.2005","8.221,64","8.480,62","8.519,60","8.186,13","27,13M","-3,13%"
"21.09.2005","8.487,14","8.499,33","8.521,75","8.261,58","26,80M","-0,15%"
"20.09.2005","8.500,28","8.412,71","8.515,50","8.376,12","15,62M","0,66%"
"19.09.2005","8.444,84","8.399,51","8.461,10","8.382,96","10,51M","0,76%"
"16.09.2005","8.380,96","8.296,88","8.388,80","8.268,60","12,72M","1,17%"
"15.09.2005","8.283,76","8.208,21","8.294,24","8.203,77","11,87M","1,15%"
"14.09.2005","8.189,48","8.207,53","8.260,01","8.144,32","17,43M","-0,05%"
"13.09.2005","8.193,96","8.137,39","8.202,04","8.121,08","9,41M","0,68%"
"12.09.2005","8.138,42","8.072,99","8.142,81","8.072,99","8,26M","0,97%"
"09.09.2005","8.060,01","8.060,89","8.077,74","8.015,75","8,85M","0,09%"
"08.09.2005","8.052,56","7.957,35","8.060,26","7.957,35","10,47M","1,33%"
"06.09.2005","7.946,78","7.931,42","7.976,40","7.914,41","9,94M","0,27%"
"05.09.2005","7.925,24","7.901,35","7.983,33","7.901,35","10,11M","0,32%"
"02.09.2005","7.899,77","7.888,11","7.928,07","7.836,34","12,51M","0,30%"
"01.09.2005","7.876,15","7.818,90","7.902,19","7.818,90","11,28M","0,91%"
"31.08.2005","7.805,43","7.746,80","7.807,67","7.726,98","9,61M","0,78%"
"30.08.2005","7.745,00","7.681,67","7.758,36","7.679,44","9,90M","1,45%"
"29.08.2005","7.634,43","7.693,00","7.699,56","7.566,21","7,58M","-0,60%"
"26.08.2005","7.680,22","7.701,07","7.732,31","7.644,41","11,71M","0,26%"
"25.08.2005","7.660,42","7.651,11","7.672,18","7.595,84","10,59M","0,64%"
"24.08.2005","7.612,00","7.615,68","7.639,68","7.537,50","15,08M","-0,05%"
"23.08.2005","7.615,99","7.764,86","7.770,83","7.601,34","10,92M","-1,74%"
"22.08.2005","7.750,60","7.814,93","7.846,02","7.711,18","16,07M","-0,39%"
"19.08.2005","7.780,76","7.817,74","7.867,89","7.760,69","10,69M","-0,39%"
"18.08.2005","7.811,33","7.902,84","7.921,39","7.791,91","13,22M","-0,61%"
"17.08.2005","7.859,53","7.771,78","7.870,62","7.735,37","11,13M","1,18%"
"16.08.2005","7.768,24","7.774,27","7.828,01","7.737,76","10,93M","0,01%"
"12.08.2005","7.767,49","7.835,70","7.861,26","7.755,58","16,70M","-0,63%"
"11.08.2005","7.816,51","7.749,01","7.842,55","7.727,50","27,02M","1,12%"
"10.08.2005","7.729,82","7.615,90","7.741,35","7.615,90","14,05M","1,77%"
"09.08.2005","7.595,57","7.617,46","7.686,85","7.559,80","23,12M","-0,14%"
"08.08.2005","7.606,17","7.760,67","7.781,04","7.594,94","16,75M","-1,91%"
"05.08.2005","7.754,00","7.806,11","7.817,61","7.738,64","17,48M","-0,55%"
"04.08.2005","7.797,08","7.810,05","7.826,36","7.756,97","23,41M","0,52%"
"03.08.2005","7.756,47","7.774,29","7.843,77","7.740,83","28,65M","0,01%"
"02.08.2005","7.756,04","7.683,13","7.762,80","7.683,13","19,47M","1,13%"
"01.08.2005","7.669,45","7.632,01","7.681,11","7.596,74","13,72M","0,45%"
"29.07.2005","7.635,42","7.556,17","7.708,59","7.545,79","21,89M","0,40%"
"27.07.2005","7.605,03","7.559,76","7.620,37","7.504,96","13,22M","0,69%"
"26.07.2005","7.552,77","7.524,10","7.564,79","7.473,24","20,27M","0,63%"
"25.07.2005","7.505,60","7.427,65","7.526,88","7.427,65","17,17M","1,11%"
"22.07.2005","7.423,25","7.306,64","7.429,95","7.273,19","12,20M","1,63%"
"21.07.2005","7.304,32","7.345,98","7.380,69","7.275,59","12,53M","-0,53%"
"20.07.2005","7.342,89","7.373,94","7.392,67","7.334,48","9,72M","-0,05%"
"19.07.2005","7.346,63","7.348,60","7.385,69","7.317,85","10,98M","-0,01%"
"18.07.2005","7.347,10","7.325,65","7.359,81","7.308,87","17,43M","1,04%"
"15.07.2005","7.271,54","7.192,45","7.283,04","7.178,09","10,45M","1,17%"
"14.07.2005","7.187,70","7.262,86","7.263,03","7.163,85","13,65M","-0,83%"
"13.07.2005","7.247,91","7.303,19","7.338,01","7.236,78","11,52M","-0,77%"
"12.07.2005","7.303,95","7.297,95","7.352,46","7.217,60","16,97M","-0,04%"
"11.07.2005","7.306,74","7.227,51","7.320,25","7.227,51","13,31M","1,31%"
"08.07.2005","7.212,08","7.171,52","7.240,39","7.158,14","14,52M","0,94%"
"07.07.2005","7.145,13","7.281,07","7.306,54","7.123,11","16,76M","-1,95%"
"06.07.2005","7.287,60","7.227,22","7.296,18","7.227,22","13,42M","0,93%"
"05.07.2005","7.220,25","7.275,00","7.308,72","7.209,86","12,66M","-0,78%"
"04.07.2005","7.277,31","7.186,74","7.284,41","7.186,74","9,53M","0,92%"
"01.07.2005","7.210,77","7.165,45","7.228,57","7.154,93","12,66M","0,24%"
"30.06.2005","7.193,85","7.154,27","7.218,28","7.154,27","28,58M","1,04%"
"29.06.2005","7.119,88","7.059,37","7.125,21","7.034,48","14,26M","1,01%"
"28.06.2005","7.049,00","7.158,66","7.175,15","7.036,06","17,36M","-1,43%"
"27.06.2005","7.151,08","7.136,39","7.228,21","7.133,94","18,43M","0,03%"
"24.06.2005","7.148,62","7.104,43","7.178,04","7.058,01","15,38M","0,41%"
"23.06.2005","7.119,76","7.142,91","7.156,55","7.090,48","20,80M","-0,36%"
"22.06.2005","7.145,34","7.079,87","7.167,32","7.079,87","37,16M","0,97%"
"21.06.2005","7.076,52","6.985,91","7.083,58","6.967,95","19,01M","1,32%"
"20.06.2005","6.984,55","6.940,06","7.001,55","6.940,06","24,36M","1,13%"
"17.06.2005","6.906,52","6.913,07","6.921,60","6.855,55","11,00M","0,09%"
"16.06.2005","6.900,41","6.906,12","6.933,26","6.869,47","12,52M","-0,10%"
"15.06.2005","6.906,98","6.876,79","6.916,33","6.858,08","9,87M","0,68%"
"14.06.2005","6.860,18","6.847,62","6.865,18","6.819,31","9,24M","0,40%"
"13.06.2005","6.832,68","6.790,33","6.843,62","6.757,04","8,42M","0,75%"
"10.06.2005","6.781,99","6.833,58","6.883,67","6.774,14","10,30M","-0,74%"
"09.06.2005","6.832,53","6.858,70","6.862,79","6.813,20","14,66M","-0,37%"
"08.06.2005","6.858,24","6.768,20","6.862,83","6.768,20","10,05M","1,14%"
"07.06.2005","6.781,25","6.756,60","6.795,03","6.737,09","8,39M","0,34%"
"06.06.2005","6.758,19","6.747,20","6.813,91","6.740,63","12,28M","0,08%"
"04.06.2005","6.753,00","6.744,31","6.772,09","6.736,59","","0,06%"
"03.06.2005","6.748,85","6.664,98","6.761,13","6.647,69","11,77M","1,40%"
"02.06.2005","6.655,56","6.733,46","6.756,62","6.647,36","9,46M","-1,10%"
"01.06.2005","6.729,90","6.729,39","6.763,28","6.710,37","9,77M","0,22%"
"31.05.2005","6.715,11","6.666,17","6.722,55","6.647,70","9,17M","0,77%"
"30.05.2005","6.663,55","6.697,15","6.724,99","6.642,61","10,27M","-0,66%"
"27.05.2005","6.707,72","6.689,56","6.772,74","6.689,14","15,92M","0,55%"
"26.05.2005","6.670,78","6.599,27","6.685,33","6.587,57","15,41M","1,11%"
"25.05.2005","6.597,60","6.566,84","6.612,25","6.537,61","11,04M","0,49%"
"24.05.2005","6.565,37","6.563,02","6.579,05","6.522,80","10,01M","0,39%"
"23.05.2005","6.539,83","6.504,49","6.549,57","6.499,21","8,45M","0,62%"
"20.05.2005","6.499,50","6.462,16","6.512,96","6.438,60","11,45M","0,32%"
"19.05.2005","6.478,94","6.461,07","6.538,19","6.460,24","11,00M","0,50%"
"18.05.2005","6.447,00","6.457,37","6.458,29","6.380,53","15,01M","-0,29%"
"17.05.2005","6.466,00","6.545,22","6.568,61","6.449,98","11,88M","-0,95%"
"16.05.2005","6.528,03","6.456,97","6.532,17","6.456,97","8,95M","1,19%"
"13.05.2005","6.451,54","6.447,72","6.463,14","6.418,78","8,57M","-0,08%"
"12.05.2005","6.456,82","6.442,86","6.482,39","6.432,17","10,03M","0,18%"
"11.05.2005","6.445,13","6.420,25","6.456,52","6.380,76","11,31M","-0,15%"
"10.05.2005","6.454,71","6.486,08","6.494,91","6.439,69","13,35M","-0,41%"
"09.05.2005","6.481,35","6.391,80","6.487,12","6.391,80","11,93M","1,45%"
"06.05.2005","6.388,48","6.367,25","6.404,36","6.333,83","13,06M","0,45%"
"05.05.2005","6.359,65","6.322,02","6.391,32","6.322,02","10,33M","1,11%"
"04.05.2005","6.289,55","6.218,95","6.295,14","6.218,95","10,30M","1,17%"
"03.05.2005","6.216,77","6.200,39","6.246,63","6.189,16","11,78M","0,35%"
"02.05.2005","6.195,15","6.183,07","6.223,78","6.140,97","11,54M","0,66%"
"29.04.2005","6.154,44","6.283,07","6.288,44","6.138,47","15,37M","-2,06%"
"28.04.2005","6.284,20","6.271,61","6.293,97","6.232,48","15,89M","0,09%"
"27.04.2005","6.278,50","6.323,90","6.358,59","6.258,07","14,66M","-0,97%"
"26.04.2005","6.339,98","6.374,28","6.377,54","6.323,32","9,60M","-0,59%"
"25.04.2005","6.377,85","6.338,67","6.391,73","6.308,48","11,58M","0,49%"
"22.04.2005","6.346,57","6.329,85","6.374,03","6.302,03","13,41M","0,75%"
"21.04.2005","6.299,20","6.249,29","6.305,88","6.174,30","15,31M","0,89%"
"20.04.2005","6.243,74","6.169,83","6.259,28","6.151,26","19,25M","1,77%"
"19.04.2005","6.134,86","6.181,39","6.269,75","6.121,42","16,08M","-0,36%"
"18.04.2005","6.156,78","6.220,98","6.220,98","6.118,42","13,44M","-1,47%"
"15.04.2005","6.248,34","6.339,73","6.339,73","6.232,37","15,38M","-3,39%"
"13.04.2005","6.467,92","6.466,92","6.515,82","6.449,33","13,07M","0,05%"
"12.04.2005","6.464,61","6.407,39","6.472,04","6.404,35","9,07M","1,05%"
"11.04.2005","6.397,52","6.477,14","6.477,14","6.382,13","9,89M","-1,27%"
"08.04.2005","6.479,54","6.544,81","6.560,88","6.456,84","13,06M","-1,01%"
"07.04.2005","6.545,64","6.629,12","6.644,69","6.530,97","11,03M","-0,92%"
"06.04.2005","6.606,41","6.555,92","6.617,20","6.551,68","13,07M","0,86%"
"05.04.2005","6.550,29","6.611,53","6.621,91","6.532,94","13,81M","-0,82%"
"04.04.2005","6.604,42","6.616,83","6.649,42","6.586,25","11,83M","-0,01%"
"01.04.2005","6.605,04","6.506,60","6.618,08","6.468,52","11,92M","1,73%"
"31.03.2005","6.492,82","6.404,78","6.509,02","6.404,78","13,94M","1,75%"
"30.03.2005","6.381,40","6.371,40","6.400,07","6.321,31","15,67M","0,21%"
"29.03.2005","6.367,86","6.512,98","6.512,98","6.326,73","15,78M","-2,19%"
"28.03.2005","6.510,74","6.471,47","6.555,10","6.471,47","13,00M","1,05%"
"24.03.2005","6.442,87","6.456,02","6.514,73","6.412,89","17,77M","-0,18%"
"23.03.2005","6.454,46","6.533,65","6.568,20","6.434,81","24,41M","-1,24%"
"22.03.2005","6.535,45","6.655,78","6.656,31","6.520,15","14,43M","-1,82%"
"21.03.2005","6.656,69","6.716,41","6.734,72","6.633,52","9,74M","-0,65%"
"18.03.2005","6.700,34","6.664,65","6.710,98","6.595,53","16,44M","0,46%"
"17.03.2005","6.669,52","6.719,11","6.737,29","6.640,88","14,05M","-1,15%"
"16.03.2005","6.746,88","6.757,49","6.806,72","6.732,33","12,97M","-0,08%"
"15.03.2005","6.752,45","6.815,59","6.823,46","6.730,23","14,19M","-0,85%"
"14.03.2005","6.810,04","6.854,92","6.882,23","6.794,92","125,51M","-0,64%"
"11.03.2005","6.853,73","6.921,02","6.948,54","6.838,95","14,78M","-0,78%"
"10.03.2005","6.907,65","6.888,73","6.917,60","6.849,98","27,65M","0,22%"
"09.03.2005","6.892,82","6.895,62","6.954,86","6.843,44","19,00M","-0,32%"
"08.03.2005","6.915,09","6.885,73","6.929,59","6.872,72","17,69M","0,52%"
"07.03.2005","6.878,98","6.863,58","6.902,49","6.854,96","16,60M","0,43%"
"04.03.2005","6.849,48","6.798,62","6.864,62","6.798,62","19,13M","0,95%"
"03.03.2005","6.784,72","6.700,79","6.794,22","6.691,18","17,83M","1,46%"
"02.03.2005","6.686,89","6.658,94","6.708,78","6.647,11","26,14M","0,54%"
"01.03.2005","6.651,08","6.725,92","6.725,92","6.628,22","16,58M","-0,94%"
"28.02.2005","6.713,86","6.584,34","6.721,08","6.545,94","24,54M","2,19%"
"25.02.2005","6.569,72","6.588,29","6.622,62","6.543,91","16,69M","-0,07%"
"24.02.2005","6.574,21","6.616,37","6.621,68","6.563,41","28,77M","-0,13%"
"23.02.2005","6.582,50","6.593,85","6.607,78","6.565,42","16,51M","-0,10%"
"22.02.2005","6.589,41","6.531,58","6.603,14","6.515,73","11,91M","0,84%"
"21.02.2005","6.534,68","6.585,88","6.602,53","6.521,07","12,90M","-0,75%"
"18.02.2005","6.584,32","6.595,19","6.642,77","6.564,36","17,23M","-0,08%"
"17.02.2005","6.589,29","6.598,77","6.599,48","6.532,50","16,83M","-0,28%"
"16.02.2005","6.607,78","6.673,71","6.714,13","6.580,97","17,21M","-0,93%"
"15.02.2005","6.670,06","6.694,79","6.694,79","6.640,42","23,00M","-0,14%"
"14.02.2005","6.679,33","6.673,39","6.719,20","6.659,64","14,93M","0,69%"
"11.02.2005","6.633,76","6.594,32","6.640,29","6.594,32","16,35M","0,85%"
"10.02.2005","6.577,83","6.600,85","6.608,96","6.533,97","14,09M","-0,24%"
"09.02.2005","6.593,53","6.556,53","6.613,54","6.553,40","14,60M","0,75%"
"08.02.2005","6.544,77","6.528,81","6.573,93","6.508,33","14,72M","0,15%"
"07.02.2005","6.535,17","6.652,33","6.658,33","6.514,86","16,05M","-1,26%"
"04.02.2005","6.618,23","6.635,85","6.684,16","6.571,51","22,12M","-0,03%"
"03.02.2005","6.619,97","6.550,75","6.632,50","6.550,75","18,74M","1,38%"
"02.02.2005","6.530,06","6.560,62","6.600,25","6.509,92","93,76M","-0,34%"
"01.02.2005","6.552,47","6.565,21","6.586,66","6.508,84","35,21M","-0,05%"
"31.01.2005","6.555,94","6.463,52","6.565,30","6.455,55","25,50M","2,13%"
"28.01.2005","6.419,09","6.245,26","6.432,58","6.245,26","23,86M","2,88%"
"27.01.2005","6.239,43","6.188,38","6.252,39","6.188,38","23,54M","1,24%"
"25.01.2005","6.162,98","6.093,66","6.174,00","6.069,33","26,81M","0,93%"
"24.01.2005","6.106,43","6.201,60","6.215,78","6.086,73","19,08M","-1,24%"
"20.01.2005","6.183,24","6.170,33","6.197,21","6.091,08","28,79M","0,16%"
"19.01.2005","6.173,32","6.211,28","6.230,62","6.160,40","20,85M","-0,31%"
"18.01.2005","6.192,35","6.221,28","6.267,97","6.173,09","22,97M","-0,03%"
"17.01.2005","6.194,07","6.202,74","6.232,97","6.087,55","21,90M","0,33%"
"14.01.2005","6.173,82","6.232,42","6.249,39","6.142,34","21,46M","-0,76%"
"13.01.2005","6.221,06","6.138,05","6.242,95","6.138,05","24,42M","1,94%"
"12.01.2005","6.102,74","6.250,35","6.263,71","6.070,33","25,12M","-1,93%"
"11.01.2005","6.222,87","6.317,39","6.329,89","6.208,82","18,94M","-1,36%"
"10.01.2005","6.308,54","6.440,33","6.469,09","6.286,85","15,12M","-1,74%"
"07.01.2005","6.420,46","6.371,73","6.440,31","6.347,50","19,30M","0,83%"
"06.01.2005","6.367,39","6.447,27","6.481,23","6.324,53","27,43M","-1,42%"
"05.01.2005","6.458,84","6.628,89","6.629,98","6.334,74","27,41M","-2,89%"
"04.01.2005","6.651,01","6.683,56","6.696,31","6.640,90","18,35M","-0,42%"
"03.01.2005","6.679,20","6.626,49","6.684,77","6.626,49","13,97M","1,16%"
"31.12.2004","6.602,69","6.541,38","6.609,78","6.541,38","13,64M","1,23%"
"30.12.2004","6.522,54","6.583,74","6.608,30","6.507,30","16,06M","-0,69%"
"29.12.2004","6.567,94","6.594,39","6.617,15","6.552,06","17,10M","0,07%"
"28.12.2004","6.563,48","6.517,90","6.568,57","6.517,90","17,65M","0,77%"
"27.12.2004","6.513,03","6.484,84","6.566,64","6.469,96","18,69M","0,23%"
"24.12.2004","6.498,06","6.485,26","6.507,94","6.463,18","16,05M","0,87%"
"23.12.2004","6.441,85","6.410,30","6.455,69","6.409,29","13,30M","0,44%"
"22.12.2004","6.413,66","6.465,51","6.480,20","6.396,43","18,62M","-0,58%"
"21.12.2004","6.451,30","6.429,25","6.461,64","6.400,56","17,19M","0,75%"
"20.12.2004","6.403,00","6.360,11","6.409,52","6.345,87","18,30M","0,89%"
"17.12.2004","6.346,48","6.420,90","6.436,08","6.329,71","18,37M","-1,15%"
"16.12.2004","6.420,38","6.401,19","6.437,00","6.373,55","20,71M","0,28%"
"15.12.2004","6.402,29","6.334,27","6.423,27","6.334,27","26,77M","1,21%"
"14.12.2004","6.325,53","6.280,56","6.331,57","6.280,49","19,48M","0,91%"
"13.12.2004","6.268,72","6.231,47","6.274,24","6.220,58","15,91M","0,56%"
"10.12.2004","6.233,54","6.328,10","6.336,90","6.221,40","21,77M","-1,12%"
"09.12.2004","6.304,27","6.259,50","6.319,01","6.241,27","21,50M","0,68%"
"08.12.2004","6.261,52","6.333,04","6.359,20","6.250,24","31,87M","-0,87%"
"07.12.2004","6.316,28","6.324,07","6.354,26","6.287,46","25,32M","-0,10%"
"06.12.2004","6.322,50","6.351,04","6.386,29","6.312,13","22,31M","0,00%"
"03.12.2004","6.322,76","6.348,32","6.361,53","6.304,22","24,47M","-0,09%"
"02.12.2004","6.328,43","6.275,41","6.335,14","6.275,41","31,83M","1,62%"
"01.12.2004","6.227,83","6.259,28","6.272,68","6.176,09","35,39M","-0,10%"
"30.11.2004","6.234,29","6.195,02","6.248,43","6.194,61","34,18M","1,24%"
"29.11.2004","6.157,77","6.033,42","6.166,72","6.029,82","26,56M","2,03%"
"25.11.2004","6.035,03","6.034,72","6.081,74","6.014,98","26,00M","-0,02%"
"24.11.2004","6.035,95","6.007,87","6.053,19","6.001,46","22,29M","0,43%"
"23.11.2004","6.009,86","5.982,91","6.031,59","5.977,76","23,77M","0,77%"
"22.11.2004","5.963,80","5.921,01","5.979,10","5.877,97","26,22M","0,04%"
"19.11.2004","5.961,71","6.030,81","6.044,55","5.953,42","21,34M","-1,06%"
"18.11.2004","6.025,47","6.019,85","6.035,22","5.985,57","18,55M","0,15%"
"17.11.2004","6.016,58","6.000,11","6.036,70","5.997,74","18,62M","0,33%"
"16.11.2004","5.996,70","5.970,04","6.002,03","5.949,24","17,60M","0,55%"
"12.11.2004","5.964,01","5.985,05","6.001,99","5.945,98","5,40M","0,16%"
"11.11.2004","5.954,31","5.980,03","5.995,33","5.943,33","18,41M","-0,33%"
"10.11.2004","5.973,75","5.918,95","5.979,78","5.918,95","19,14M","0,74%"
"09.11.2004","5.929,60","5.937,34","5.957,94","5.910,41","29,81M","-0,01%"
"08.11.2004","5.930,47","5.912,52","5.955,94","5.912,52","38,05M","0,66%"
"05.11.2004","5.891,36","5.833,33","5.900,51","5.823,44","115,73M","1,00%"
"04.11.2004","5.832,88","5.871,62","5.883,39","5.814,37","14,65M","-0,17%"
"03.11.2004","5.842,54","5.772,32","5.845,50","5.771,73","16,12M","1,53%"
"02.11.2004","5.754,76","5.713,24","5.765,14","5.713,24","13,65M","0,89%"
"01.11.2004","5.704,10","5.678,65","5.714,36","5.649,03","15,20M","0,56%"
"29.10.2004","5.672,27","5.724,46","5.731,35","5.664,04","21,75M","-0,76%"
"28.10.2004","5.715,62","5.694,60","5.733,75","5.694,60","22,89M","0,93%"
"27.10.2004","5.662,87","5.656,71","5.699,18","5.623,04","19,55M","0,21%"
"26.10.2004","5.651,09","5.591,01","5.654,82","5.558,14","21,92M","1,25%"
"25.10.2004","5.581,49","5.633,48","5.645,88","5.573,19","18,00M","-1,06%"
"21.10.2004","5.641,06","5.680,44","5.685,18","5.617,37","18,92M","-0,56%"
"20.10.2004","5.673,02","5.738,44","5.750,14","5.662,76","17,90M","-1,13%"
"19.10.2004","5.738,11","5.691,47","5.751,60","5.686,97","14,74M","1,03%"
"18.10.2004","5.679,83","5.706,83","5.727,96","5.670,37","12,23M","-0,12%"
"15.10.2004","5.686,73","5.733,35","5.758,11","5.673,75","16,51M","-0,46%"
"14.10.2004","5.713,10","5.677,87","5.738,61","5.645,66","17,80M","0,64%"
"12.10.2004","5.676,73","5.750,36","5.762,60","5.663,79","18,61M","-0,71%"
"11.10.2004","5.717,54","5.764,86","5.792,08","5.706,97","13,19M","-0,70%"
"09.10.2004","5.757,93","5.776,58","5.795,45","5.748,40","","-0,33%"
"08.10.2004","5.776,85","5.782,63","5.803,82","5.755,42","19,32M","0,06%"
"07.10.2004","5.773,66","5.718,64","5.793,08","5.718,64","23,52M","1,05%"
"06.10.2004","5.713,75","5.761,44","5.799,92","5.699,32","26,56M","-0,78%"
"05.10.2004","5.758,67","5.760,19","5.786,54","5.741,70","22,07M","-0,13%"
"04.10.2004","5.766,30","5.706,32","5.785,04","5.706,32","20,24M","1,60%"
"01.10.2004","5.675,54","5.587,46","5.685,68","5.573,56","23,96M","1,65%"
"30.09.2004","5.583,61","5.545,26","5.598,55","5.545,26","23,93M","1,01%"
"29.09.2004","5.527,56","5.472,70","5.533,33","5.428,20","23,14M","1,19%"
"28.09.2004","5.462,61","5.506,83","5.518,21","5.454,85","19,26M","-0,89%"
"27.09.2004","5.511,81","5.530,00","5.545,73","5.486,41","15,44M","-0,29%"
"24.09.2004","5.527,75","5.527,22","5.575,40","5.513,68","20,78M","-0,21%"
"23.09.2004","5.539,48","5.598,14","5.609,04","5.530,86","25,69M","-1,38%"
"22.09.2004","5.616,87","5.600,21","5.638,79","5.571,84","25,11M","0,20%"
"21.09.2004","5.605,93","5.547,49","5.611,60","5.536,00","23,67M","1,08%"
"20.09.2004","5.545,82","5.566,53","5.585,57","5.535,57","24,67M","-0,28%"
"17.09.2004","5.561,15","5.489,12","5.569,47","5.489,12","25,62M","1,52%"
"16.09.2004","5.477,68","5.415,46","5.483,59","5.401,00","18,83M","1,06%"
"15.09.2004","5.420,09","5.438,49","5.456,85","5.399,34","26,27M","-0,16%"
"14.09.2004","5.428,77","5.409,52","5.434,33","5.376,04","25,74M","0,58%"
"13.09.2004","5.397,46","5.380,71","5.421,52","5.379,60","20,09M","0,51%"
"10.09.2004","5.370,05","5.305,42","5.376,65","5.281,06","20,26M","1,36%"
"09.09.2004","5.298,23","5.307,83","5.328,33","5.269,51","19,34M","0,00%"
"08.09.2004","5.298,16","5.281,11","5.305,67","5.270,66","17,41M","0,64%"
"07.09.2004","5.264,67","5.245,16","5.270,89","5.240,15","16,86M","0,35%"
"06.09.2004","5.246,23","5.226,09","5.264,87","5.226,09","13,63M","0,53%"
"03.09.2004","5.218,46","5.190,69","5.223,94","5.178,57","16,53M","0,38%"
"02.09.2004","5.198,72","5.218,95","5.233,32","5.189,29","19,19M","-0,23%"
"01.09.2004","5.210,85","5.202,16","5.222,81","5.202,02","16,71M","0,36%"
"31.08.2004","5.192,08","5.192,18","5.202,51","5.155,96","16,83M","0,11%"
"30.08.2004","5.186,45","5.130,54","5.192,80","5.130,54","15,06M","1,36%"
"27.08.2004","5.117,01","5.147,86","5.148,75","5.094,56","18,97M","-0,36%"
"26.08.2004","5.135,45","5.105,38","5.145,60","5.105,38","23,61M","0,92%"
"25.08.2004","5.088,56","5.073,23","5.093,37","5.054,56","25,16M","0,42%"
"24.08.2004","5.067,39","5.048,63","5.084,74","5.040,71","20,27M","0,67%"
"23.08.2004","5.033,69","5.064,42","5.080,22","5.022,29","25,32M","-0,61%"
"20.08.2004","5.064,66","5.128,10","5.128,10","5.047,75","23,04M","-1,15%"
"19.08.2004","5.123,65","5.056,17","5.132,83","5.056,17","21,79M","1,69%"
"18.08.2004","5.038,28","5.103,97","5.103,97","5.025,49","22,89M","-1,27%"
"17.08.2004","5.102,94","5.124,29","5.148,53","5.083,03","21,62M","0,01%"
"16.08.2004","5.102,37","5.105,26","5.114,79","5.056,07","23,10M","-0,01%"
"13.08.2004","5.102,92","5.126,91","5.144,70","5.084,51","92,86M","-0,72%"
"12.08.2004","5.139,77","5.167,52","5.194,04","5.117,80","26,02M","-0,68%"
"11.08.2004","5.175,16","5.263,27","5.269,22","5.159,53","27,48M","-1,46%"
"10.08.2004","5.252,05","5.248,46","5.266,99","5.214,99","24,37M","0,36%"
"09.08.2004","5.233,21","5.182,19","5.240,29","5.154,32","25,04M","0,70%"
"06.08.2004","5.196,99","5.249,73","5.262,89","5.166,19","28,66M","-1,06%"
"05.08.2004","5.252,78","5.178,61","5.257,32","5.178,61","22,39M","1,62%"
"04.08.2004","5.169,07","5.189,88","5.201,56","5.145,22","23,77M","-0,49%"
"03.08.2004","5.194,63","5.213,55","5.242,15","5.181,99","27,19M","-0,15%"
"02.08.2004","5.202,53","5.193,25","5.210,92","5.167,29","20,65M","0,62%"
"30.07.2004","5.170,32","5.134,92","5.200,85","5.134,92","27,14M","0,97%"
"29.07.2004","5.120,45","5.082,61","5.133,80","5.051,49","26,79M","0,99%"
"28.07.2004","5.070,29","5.087,66","5.104,66","5.045,46","26,07M","-0,11%"
"27.07.2004","5.075,88","5.130,86","5.155,63","5.068,62","36,75M","-0,83%"
"26.07.2004","5.118,17","5.046,99","5.126,45","5.034,23","24,54M","0,88%"
"23.07.2004","5.073,34","5.073,10","5.086,03","5.034,20","33,02M","0,38%"
"22.07.2004","5.054,29","5.041,14","5.082,81","5.020,69","35,33M","1,21%"
"21.07.2004","4.993,76","4.973,88","5.041,19","4.951,55","19,66M","0,72%"
"20.07.2004","4.957,88","4.974,52","4.982,04","4.936,60","20,76M","-0,35%"
"19.07.2004","4.975,40","4.957,08","5.009,63","4.942,43","20,42M","0,49%"
"16.07.2004","4.951,17","4.894,40","4.961,32","4.874,46","25,12M","1,29%"
"15.07.2004","4.888,19","4.849,38","4.900,18","4.844,66","25,31M","0,82%"
"14.07.2004","4.848,30","4.911,22","4.933,34","4.835,34","23,43M","-1,03%"
"13.07.2004","4.898,99","4.961,87","4.978,49","4.878,06","15,07M","-0,92%"
"12.07.2004","4.944,54","4.949,42","4.967,92","4.917,38","15,72M","-0,02%"
"09.07.2004","4.945,48","4.766,49","4.954,86","4.723,04","21,42M","2,10%"
"08.07.2004","4.843,84","4.972,06","5.004,17","4.808,63","45,38M","-2,26%"
"07.07.2004","4.955,97","4.919,54","4.987,05","4.912,22","32,99M","0,56%"
"06.07.2004","4.928,59","4.846,42","4.939,40","4.839,18","28,26M","1,75%"
"05.07.2004","4.843,77","4.861,15","4.894,39","4.831,85","23,97M","-0,55%"
"02.07.2004","4.870,58","4.842,46","4.895,48","4.813,16","32,12M","-0,07%"
"01.07.2004","4.874,05","4.813,76","4.879,81","4.785,94","31,17M","1,64%"
"30.06.2004","4.795,46","4.859,94","4.877,90","4.788,85","34,13M","-0,95%"
"29.06.2004","4.841,38","4.838,74","4.873,71","4.802,04","33,11M","0,08%"
"28.06.2004","4.837,60","4.784,58","4.844,72","4.772,87","27,37M","1,71%"
"25.06.2004","4.756,39","4.717,83","4.775,66","4.680,42","37,33M","1,02%"
"24.06.2004","4.708,55","4.656,81","4.717,74","4.613,94","36,92M","1,39%"
"23.06.2004","4.644,00","4.742,80","4.752,47","4.635,17","31,60M","-1,94%"
"22.06.2004","4.735,86","4.732,95","4.767,35","4.717,78","26,04M","-0,06%"
"21.06.2004","4.738,62","4.770,65","4.790,93","4.731,72","22,50M","-0,66%"
"18.06.2004","4.769,99","4.833,84","4.836,40","4.750,73","26,89M","-1,44%"
"17.06.2004","4.839,88","4.791,30","4.859,81","4.746,51","25,20M","1,07%"
"16.06.2004","4.788,80","4.837,36","4.863,63","4.772,10","23,83M","-0,54%"
"15.06.2004","4.814,85","4.696,51","4.824,03","4.696,51","28,05M","1,45%"
"14.06.2004","4.746,01","4.810,42","4.810,42","4.725,39","28,14M","-1,79%"
"11.06.2004","4.832,71","4.931,49","4.945,86","4.823,10","24,63M","-2,26%"
"10.06.2004","4.944,64","4.954,06","4.975,75","4.919,94","23,52M","-0,38%"
"09.06.2004","4.963,75","4.972,34","5.000,59","4.945,24","29,17M","0,02%"
"08.06.2004","4.962,63","4.960,87","4.972,74","4.891,86","28,90M","0,50%"
"07.06.2004","4.938,15","4.927,50","4.991,48","4.905,53","30,25M","1,01%"
"04.06.2004","4.889,00","4.803,31","4.902,27","4.759,35","36,06M","1,47%"
"03.06.2004","4.817,99","4.972,27","5.012,52","4.789,63","32,19M","-2,15%"
"02.06.2004","4.923,69","4.846,09","4.946,15","4.846,09","24,60M","1,83%"
"01.06.2004","4.835,12","4.792,01","4.899,53","4.792,01","28,69M","1,59%"
"31.05.2004","4.759,62","4.760,28","4.830,08","4.665,21","33,03M","-1,57%"
"28.05.2004","4.835,39","5.026,92","5.026,92","4.821,59","34,11M","-4,41%"
"27.05.2004","5.058,55","5.054,45","5.107,60","5.019,39","23,68M","-0,46%"
"26.05.2004","5.081,95","5.116,58","5.163,61","5.049,21","28,21M","-0,40%"
"25.05.2004","5.102,22","5.117,52","5.143,93","4.976,01","27,57M","-0,41%"
"24.05.2004","5.123,23","4.993,45","5.132,90","4.993,45","24,78M","3,26%"
"21.05.2004","4.961,57","4.922,48","4.978,56","4.804,90","29,93M","0,60%"
"20.05.2004","4.932,11","5.048,17","5.073,70","4.912,17","35,06M","-1,48%"
"19.05.2004","5.006,10","4.941,72","5.059,89","4.892,46","35,96M","2,65%"
"18.05.2004","4.877,02","4.547,70","4.949,27","4.547,70","38,69M","8,25%"
"17.05.2004","4.505,16","5.020,89","5.020,89","4.227,50","33,45M","-11,14%"
"14.05.2004","5.069,87","5.409,34","5.416,04","5.043,99","45,95M","-6,10%"
"13.05.2004","5.399,47","5.234,51","5.487,34","5.131,03","43,04M","0,77%"
"12.05.2004","5.358,35","5.296,25","5.387,87","5.296,25","28,41M","0,61%"
"11.05.2004","5.325,90","5.472,03","5.472,03","5.309,42","33,69M","-4,14%"
"10.05.2004","5.555,84","5.628,61","5.628,61","5.501,17","24,12M","-2,01%"
"07.05.2004","5.669,58","5.748,34","5.748,34","5.645,79","21,05M","-1,52%"
"06.05.2004","5.757,30","5.749,98","5.772,64","5.739,26","22,68M","1,25%"
"05.05.2004","5.686,19","5.665,67","5.695,18","5.648,64","30,40M","0,69%"
"04.05.2004","5.647,15","5.616,41","5.677,11","5.616,41","23,40M","1,11%"
"03.05.2004","5.584,99","5.645,86","5.645,86","5.506,00","28,71M","-1,24%"
"30.04.2004","5.655,09","5.674,76","5.710,45","5.632,99","23,96M","-0,24%"
"29.04.2004","5.668,43","5.710,56","5.710,56","5.626,41","31,33M","-0,78%"
"28.04.2004","5.713,09","5.709,43","5.757,52","5.659,83","27,77M","0,01%"
"27.04.2004","5.712,28","5.868,33","5.868,33","5.704,28","28,72M","-3,60%"
"23.04.2004","5.925,58","5.941,10","5.979,25","5.905,58","30,02M","0,02%"
"22.04.2004","5.924,18","5.888,17","5.947,57","5.863,60","23,18M","0,81%"
"21.04.2004","5.876,42","5.803,70","5.890,02","5.783,92","20,28M","1,23%"
"20.04.2004","5.804,81","5.814,88","5.819,92","5.765,38","18,40M","0,07%"
"19.04.2004","5.800,54","5.875,53","5.895,17","5.782,37","21,19M","-1,04%"
"17.04.2004","5.861,63","5.878,17","5.881,48","5.852,13","","-0,02%"
"16.04.2004","5.862,82","5.868,39","5.903,13","5.843,77","19,31M","0,32%"
"15.04.2004","5.843,97","5.923,84","5.927,04","5.824,21","29,37M","-1,03%"
"13.04.2004","5.904,52","5.823,53","5.920,18","5.743,58","22,18M","2,09%"
"12.04.2004","5.783,79","5.856,44","5.867,07","5.760,25","19,21M","-0,94%"
"08.04.2004","5.838,45","5.824,37","5.864,55","5.783,74","28,88M","0,40%"
"07.04.2004","5.815,13","5.827,07","5.860,67","5.774,88","22,57M","-0,13%"
"06.04.2004","5.822,42","5.886,02","5.897,56","5.780,94","27,20M","-0,27%"
"05.04.2004","5.838,02","5.809,74","5.905,35","5.798,37","24,91M","0,86%"
"02.04.2004","5.788,08","5.762,81","5.799,16","5.700,60","32,20M","0,82%"
"01.04.2004","5.740,85","5.599,12","5.750,29","5.599,12","24,89M","2,69%"
"31.03.2004","5.590,60","5.518,43","5.599,60","5.493,12","25,89M","1,27%"
"30.03.2004","5.520,44","5.595,93","5.608,31","5.509,58","26,66M","-0,91%"
"29.03.2004","5.571,37","5.538,52","5.578,74","5.495,31","27,93M","0,77%"
"26.03.2004","5.528,94","5.448,29","5.552,34","5.448,29","29,09M","2,11%"
"25.03.2004","5.414,44","5.403,38","5.438,86","5.368,88","28,23M","0,36%"
"24.03.2004","5.395,28","5.412,13","5.435,40","5.345,15","27,46M","-0,11%"
"23.03.2004","5.400,99","5.356,97","5.450,38","5.324,78","33,10M","0,66%"
"22.03.2004","5.365,40","5.446,88","5.446,88","5.347,05","25,89M","-1,43%"
"19.03.2004","5.443,44","5.410,48","5.496,68","5.386,62","32,03M","0,53%"
"18.03.2004","5.414,94","5.539,72","5.540,68","5.399,05","35,90M","-2,18%"
"17.03.2004","5.535,69","5.545,83","5.560,15","5.482,63","32,74M","0,19%"
"16.03.2004","5.525,09","5.471,17","5.551,92","5.434,97","42,31M","0,08%"
"15.03.2004","5.520,66","5.745,06","5.764,20","5.505,98","38,33M","-3,15%"
"12.03.2004","5.700,40","5.632,13","5.735,94","5.570,81","37,63M","0,89%"
"11.03.2004","5.649,86","5.737,69","5.763,71","5.634,40","36,92M","-1,90%"
"10.03.2004","5.759,29","5.833,19","5.833,19","5.745,56","34,62M","-1,56%"
"09.03.2004","5.850,61","5.923,35","5.923,35","5.794,82","36,41M","-1,43%"
"08.03.2004","5.935,19","5.899,26","5.951,03","5.898,57","34,63M","0,93%"
"05.03.2004","5.880,35","5.834,37","5.892,78","5.818,77","34,92M","1,11%"
"04.03.2004","5.815,87","5.842,41","5.872,75","5.769,34","35,91M","-0,45%"
"03.03.2004","5.842,20","5.830,77","5.870,63","5.792,97","40,42M","0,33%"
"01.03.2004","5.823,17","5.649,30","5.831,55","5.649,30","32,51M","2,75%"
"27.02.2004","5.667,51","5.595,83","5.683,29","5.551,64","42,78M","1,80%"
"26.02.2004","5.567,12","5.639,83","5.723,31","5.556,31","36,55M","-0,91%"
"25.02.2004","5.618,15","5.746,79","5.746,79","5.606,86","36,47M","-2,03%"
"24.02.2004","5.734,44","5.686,81","5.748,15","5.606,84","45,19M","0,64%"
"23.02.2004","5.698,04","5.869,61","5.875,23","5.680,36","31,54M","-2,61%"
"20.02.2004","5.850,72","5.847,97","5.893,62","5.770,87","45,31M","-0,07%"
"19.02.2004","5.855,10","6.041,36","6.041,36","5.845,07","42,76M","-2,85%"
"18.02.2004","6.027,02","6.060,14","6.082,80","6.018,81","32,44M","-0,15%"
"17.02.2004","6.035,80","6.018,95","6.058,99","5.999,13","33,01M","0,39%"
"16.02.2004","6.012,35","6.025,85","6.063,91","6.001,57","32,72M","0,01%"
"13.02.2004","6.011,66","5.936,65","6.017,01","5.922,38","32,48M","1,26%"
"12.02.2004","5.936,96","5.973,71","5.986,41","5.886,98","37,23M","-0,22%"
"11.02.2004","5.949,78","5.936,41","5.958,91","5.905,23","37,60M","0,29%"
"10.02.2004","5.932,52","5.937,46","5.972,94","5.866,62","44,39M","0,11%"
"09.02.2004","5.926,22","5.810,21","5.935,68","5.807,73","29,08M","2,42%"
"06.02.2004","5.786,35","5.710,13","5.800,94","5.683,61","37,92M","1,15%"
"05.02.2004","5.720,63","5.756,30","5.820,45","5.648,14","45,54M","-0,63%"
"04.02.2004","5.756,76","5.633,15","5.769,79","5.574,68","43,02M","2,42%"
"03.02.2004","5.620,98","5.715,46","5.715,46","5.550,17","39,40M","-1,31%"
"30.01.2004","5.695,67","5.841,21","5.854,29","5.685,64","39,67M","-1,85%"
"29.01.2004","5.802,75","5.865,21","5.921,72","5.774,31","46,85M","-1,25%"
"28.01.2004","5.876,05","5.980,88","6.030,55","5.815,20","47,28M","-1,95%"
"27.01.2004","5.993,06","5.854,35","6.005,54","5.791,74","43,68M","3,03%"
"23.01.2004","5.816,64","5.646,33","5.832,74","5.596,57","39,12M","3,98%"
"22.01.2004","5.593,74","5.793,83","5.852,96","5.567,68","49,13M","-2,86%"
"21.01.2004","5.758,19","5.927,42","5.962,36","5.728,32","42,58M","-2,77%"
"20.01.2004","5.922,11","6.099,94","6.130,09","5.899,71","40,53M","-2,34%"
"19.01.2004","6.064,10","5.967,39","6.076,97","5.870,99","36,45M","1,98%"
"16.01.2004","5.946,19","6.068,66","6.072,03","5.914,02","44,75M","-1,94%"
"15.01.2004","6.063,91","6.219,81","6.248,81","6.045,30","33,98M","-2,10%"
"14.01.2004","6.194,11","6.157,88","6.215,02","6.157,88","28,30M","1,00%"
"13.01.2004","6.132,97","6.084,65","6.147,74","6.011,57","26,92M","1,07%"
"12.01.2004","6.067,76","6.152,22","6.152,22","6.037,30","27,08M","-0,85%"
"09.01.2004","6.119,59","6.211,06","6.249,60","6.096,68","43,46M","0,18%"
"08.01.2004","6.108,54","5.992,10","6.118,62","5.992,10","29,54M","2,54%"
"07.01.2004","5.957,02","5.970,35","5.985,30","5.870,55","33,48M","0,23%"
"06.01.2004","5.943,64","6.068,68","6.121,20","5.916,33","33,65M","-1,58%"
"05.01.2004","6.039,00","6.050,48","6.078,11","5.964,65","29,12M","0,21%"
"02.01.2004","6.026,59","5.944,23","6.034,38","5.944,23","24,46M","1,88%"
"01.01.2004","5.915,47","5.872,48","5.936,41","5.868,27","21,69M","1,31%"
"31.12.2003","5.838,96","5.812,38","5.876,55","5.801,52","26,56M","0,81%"
"30.12.2003","5.791,85","5.831,78","5.920,76","5.762,60","31,20M","-0,09%"
"29.12.2003","5.797,33","5.725,44","5.814,26","5.725,44","17,28M","1,72%"
"26.12.2003","5.699,24","5.650,74","5.705,30","5.650,74","22,47M","1,02%"
"24.12.2003","5.641,92","5.566,05","5.648,24","5.560,23","28,12M","1,39%"
"23.12.2003","5.564,33","5.590,01","5.616,25","5.550,52","25,45M","-0,24%"
"22.12.2003","5.577,96","5.547,68","5.590,45","5.543,98","26,52M","0,66%"
"19.12.2003","5.541,35","5.486,63","5.555,68","5.486,63","28,19M","1,58%"
"18.12.2003","5.455,00","5.432,46","5.466,30","5.407,46","27,34M","0,68%"
"17.12.2003","5.418,23","5.437,26","5.457,88","5.401,09","22,75M","-0,35%"
"16.12.2003","5.437,05","5.374,15","5.445,34","5.351,21","29,26M","0,86%"
"15.12.2003","5.390,88","5.353,70","5.399,08","5.351,03","23,60M","1,41%"
"12.12.2003","5.315,81","5.321,49","5.343,91","5.283,75","25,29M","0,30%"
"11.12.2003","5.299,96","5.306,62","5.317,41","5.253,81","23,45M","0,27%"
"10.12.2003","5.285,54","5.234,72","5.300,79","5.220,60","27,76M","1,07%"
"09.12.2003","5.229,34","5.143,19","5.232,49","5.143,19","19,09M","1,91%"
"08.12.2003","5.131,54","5.144,95","5.163,01","5.089,57","28,12M","0,00%"
"05.12.2003","5.131,72","5.245,75","5.263,11","5.125,07","29,15M","-1,80%"
"04.12.2003","5.225,90","5.229,18","5.252,21","5.174,86","30,21M","0,08%"
"03.12.2003","5.221,90","5.198,74","5.246,74","5.178,22","23,89M","0,69%"
"02.12.2003","5.186,08","5.187,73","5.204,57","5.123,80","32,56M","0,49%"
"01.12.2003","5.160,85","5.086,86","5.166,56","5.082,82","49,79M","2,30%"
"28.11.2003","5.044,82","4.995,15","5.050,56","4.991,24","27,88M","1,12%"
"27.11.2003","4.989,04","4.907,38","5.000,41","4.907,38","36,59M","1,93%"
"25.11.2003","4.894,59","4.845,10","4.900,21","4.843,46","20,51M","1,50%"
"24.11.2003","4.822,15","4.852,12","4.858,43","4.803,80","21,59M","-0,34%"
"21.11.2003","4.838,54","4.770,75","4.851,67","4.736,70","31,11M","1,41%"
"20.11.2003","4.771,23","4.840,80","4.878,81","4.763,53","29,49M","-1,09%"
"19.11.2003","4.823,73","4.868,43","4.868,43","4.800,67","31,71M","-1,38%"
"18.11.2003","4.891,13","4.955,32","4.981,48","4.875,46","26,00M","-0,99%"
"17.11.2003","4.940,23","4.907,02","4.959,96","4.882,97","23,13M","0,58%"
"15.11.2003","4.911,76","4.873,91","4.925,31","4.851,34","","0,94%"
"14.11.2003","4.865,83","4.948,77","4.961,37","4.854,16","33,14M","-1,68%"
"13.11.2003","4.949,16","5.027,99","5.053,49","4.941,49","35,26M","-1,13%"
"12.11.2003","5.005,77","5.040,55","5.059,98","4.998,26","25,88M","-0,49%"
"11.11.2003","5.030,64","4.998,79","5.039,20","4.988,88","28,23M","0,64%"
"10.11.2003","4.998,57","4.962,22","5.017,90","4.909,66","33,58M","0,54%"
"07.11.2003","4.971,57","5.071,20","5.092,70","4.965,50","25,82M","-1,51%"
"06.11.2003","5.047,54","5.080,05","5.118,08","5.030,04","35,43M","-0,34%"
"05.11.2003","5.064,91","5.116,86","5.127,79","5.021,97","37,87M","-0,65%"
"04.11.2003","5.097,84","5.096,16","5.135,00","5.055,57","46,69M","0,69%"
"03.11.2003","5.063,03","4.946,93","5.068,66","4.946,93","44,35M","3,18%"
"31.10.2003","4.906,87","4.787,05","4.913,18","4.779,09","36,54M","2,64%"
"30.10.2003","4.780,52","4.751,83","4.805,72","4.735,77","45,62M","0,77%"
"29.10.2003","4.744,10","4.732,79","4.747,59","4.684,42","38,24M","0,77%"
"28.10.2003","4.707,80","4.710,22","4.748,19","4.666,19","41,32M","0,20%"
"27.10.2003","4.698,28","4.802,07","4.814,32","4.689,09","34,27M","-2,17%"
"25.10.2003","4.802,28","4.798,33","4.828,27","4.793,48","","0,94%"
"24.10.2003","4.757,37","4.654,27","4.772,07","4.599,61","39,30M","2,34%"
"23.10.2003","4.648,41","4.744,48","4.755,94","4.634,90","33,35M","-1,96%"
"22.10.2003","4.741,20","4.772,84","4.801,70","4.705,41","34,53M","-0,31%"
"21.10.2003","4.755,72","4.868,00","4.880,66","4.727,43","38,49M","-1,98%"
"20.10.2003","4.851,67","4.951,11","4.951,11","4.838,70","25,43M","-1,60%"
"17.10.2003","4.930,53","4.912,27","4.949,23","4.901,59","32,73M","0,88%"
"16.10.2003","4.887,32","4.887,04","4.921,65","4.865,26","38,39M","0,66%"
"15.10.2003","4.855,26","4.790,54","4.867,91","4.738,72","33,62M","1,53%"
"14.10.2003","4.782,03","4.866,12","4.900,92","4.765,35","34,34M","-1,39%"
"13.10.2003","4.849,27","4.787,75","4.859,93","4.786,69","29,48M","1,69%"
"10.10.2003","4.768,90","4.735,09","4.780,77","4.730,31","33,18M","1,49%"
"09.10.2003","4.698,68","4.643,32","4.710,28","4.643,32","26,70M","1,38%"
"08.10.2003","4.634,86","4.646,63","4.667,49","4.586,96","27,72M","0,04%"
"07.10.2003","4.632,94","4.644,86","4.688,33","4.601,16","30,99M","0,03%"
"06.10.2003","4.631,39","4.567,68","4.637,27","4.552,39","24,89M","1,72%"
"03.10.2003","4.552,92","4.465,44","4.556,89","4.465,44","27,69M","2,20%"
"01.10.2003","4.455,08","4.452,07","4.487,05","4.432,93","24,29M","0,04%"
"30.09.2003","4.453,24","4.428,16","4.456,41","4.413,72","27,42M","1,16%"
"29.09.2003","4.402,05","4.392,87","4.426,30","4.385,54","31,68M","0,44%"
"26.09.2003","4.382,57","4.299,66","4.388,83","4.299,66","25,64M","1,99%"
"25.09.2003","4.297,15","4.347,23","4.360,72","4.285,01","28,30M","-1,36%"
"24.09.2003","4.356,39","4.249,93","4.366,83","4.229,87","27,58M","2,95%"
"23.09.2003","4.231,69","4.138,01","4.240,02","4.111,54","24,08M","1,93%"
"22.09.2003","4.151,72","4.230,91","4.237,42","4.141,80","23,57M","-1,55%"
"19.09.2003","4.217,12","4.159,72","4.224,73","4.097,55","32,61M","2,01%"
"18.09.2003","4.134,15","4.243,01","4.251,54","4.126,22","28,48M","-2,39%"
"17.09.2003","4.235,35","4.299,37","4.330,85","4.222,60","26,22M","-0,92%"
"16.09.2003","4.274,75","4.195,10","4.290,07","4.134,69","30,58M","1,93%"
"15.09.2003","4.193,83","4.310,17","4.310,17","4.184,11","28,89M","-2,60%"
"12.09.2003","4.305,91","4.407,72","4.437,00","4.297,71","24,56M","-1,99%"
"11.09.2003","4.393,13","4.423,71","4.463,38","4.381,09","20,58M","-0,93%"
"10.09.2003","4.434,26","4.410,12","4.438,23","4.378,65","23,10M","0,20%"
"09.09.2003","4.425,20","4.458,64","4.473,57","4.398,09","27,87M","-0,20%"
"08.09.2003","4.434,25","4.399,61","4.444,62","4.399,61","22,56M","1,49%"
"05.09.2003","4.369,17","4.314,68","4.371,98","4.314,68","24,66M","1,36%"
"04.09.2003","4.310,51","4.276,40","4.328,37","4.257,41","30,01M","1,23%"
"03.09.2003","4.257,94","4.361,87","4.367,87","4.248,86","28,10M","-1,87%"
"02.09.2003","4.339,20","4.341,73","4.358,30","4.291,96","26,65M","0,33%"
"01.09.2003","4.324,76","4.248,07","4.329,57","4.248,07","21,13M","1,89%"
"29.08.2003","4.244,73","4.235,26","4.277,64","4.228,85","28,72M","0,77%"
"28.08.2003","4.212,29","4.256,07","4.256,07","4.179,33","25,50M","0,16%"
"27.08.2003","4.205,56","4.173,36","4.222,39","4.173,36","24,14M","1,28%"
"26.08.2003","4.152,29","4.021,91","4.160,02","4.021,91","25,06M","3,69%"
"25.08.2003","4.004,63","4.149,82","4.170,58","3.943,66","30,77M","-2,92%"
"22.08.2003","4.125,12","4.146,56","4.149,54","4.084,19","25,59M","0,73%"
"21.08.2003","4.095,39","4.075,17","4.106,71","4.073,06","25,86M","0,96%"
"20.08.2003","4.056,60","4.027,60","4.066,03","4.027,60","22,86M","1,24%"
"19.08.2003","4.006,91","3.985,77","4.026,27","3.981,92","24,91M","0,73%"
"18.08.2003","3.977,73","3.932,37","3.985,46","3.928,17","20,34M","1,44%"
"14.08.2003","3.921,20","3.932,59","3.959,10","3.908,70","26,17M","-0,12%"
"13.08.2003","3.926,07","3.910,86","3.935,80","3.874,34","25,20M","0,94%"
"12.08.2003","3.889,41","3.907,03","3.938,91","3.879,35","26,39M","-0,10%"
"11.08.2003","3.893,41","3.842,14","3.915,90","3.842,14","24,86M","0,25%"
"08.08.2003","3.883,76","3.824,26","3.890,78","3.823,39","28,18M","2,02%"
"07.08.2003","3.806,83","3.749,18","3.816,16","3.733,63","23,22M","1,74%"
"06.08.2003","3.741,66","3.754,65","3.798,87","3.722,08","27,76M","-0,64%"
"05.08.2003","3.765,82","3.845,93","3.878,72","3.761,84","27,89M","-1,74%"
"04.08.2003","3.832,50","3.798,81","3.840,72","3.785,85","23,19M","0,45%"
"01.08.2003","3.815,31","3.800,73","3.831,96","3.779,73","26,21M","0,60%"
"31.07.2003","3.792,61","3.796,53","3.835,75","3.785,12","32,83M","0,32%"
"30.07.2003","3.780,42","3.761,76","3.799,89","3.759,98","20,52M","0,42%"
"29.07.2003","3.764,44","3.731,85","3.771,35","3.694,94","21,20M","0,66%"
"28.07.2003","3.739,76","3.745,99","3.775,65","3.730,07","24,12M","0,36%"
"25.07.2003","3.726,46","3.685,31","3.737,76","3.661,69","23,31M","1,59%"
"24.07.2003","3.668,07","3.595,60","3.678,38","3.572,64","28,00M","2,52%"
"23.07.2003","3.577,89","3.571,75","3.596,59","3.551,98","34,60M","0,67%"
"22.07.2003","3.554,13","3.557,13","3.582,08","3.534,06","21,76M","-0,43%"
"21.07.2003","3.569,58","3.655,26","3.664,64","3.564,41","19,14M","-2,14%"
"18.07.2003","3.647,58","3.651,39","3.684,23","3.625,73","21,61M","-0,58%"
"17.07.2003","3.668,91","3.728,84","3.750,00","3.660,34","23,21M","-1,42%"
"16.07.2003","3.721,65","3.702,14","3.729,40","3.662,70","17,18M","0,96%"
"15.07.2003","3.686,34","3.719,17","3.733,88","3.657,18","19,47M","-0,92%"
"14.07.2003","3.720,75","3.704,63","3.726,56","3.704,63","16,12M","1,21%"
"11.07.2003","3.676,26","3.682,09","3.714,84","3.659,21","22,40M","-0,09%"
"10.07.2003","3.679,63","3.639,42","3.684,18","3.639,42","18,74M","1,63%"
"09.07.2003","3.620,79","3.635,86","3.644,88","3.604,96","27,05M","-0,24%"
"08.07.2003","3.629,68","3.628,02","3.645,64","3.623,02","17,64M","0,47%"
"07.07.2003","3.612,53","3.631,46","3.645,42","3.607,10","12,00M","-0,27%"
"04.07.2003","3.622,34","3.642,30","3.661,87","3.610,11","12,95M","-0,48%"
"03.07.2003","3.639,89","3.616,98","3.661,99","3.592,18","21,08M","1,07%"
"02.07.2003","3.601,39","3.613,42","3.640,97","3.596,47","14,92M","-0,08%"
"01.07.2003","3.604,43","3.617,74","3.622,89","3.584,73","13,07M","-0,07%"
"30.06.2003","3.607,13","3.585,57","3.632,84","3.585,57","14,91M","0,67%"
"27.06.2003","3.583,06","3.577,96","3.589,54","3.532,52","16,64M","0,86%"
"26.06.2003","3.552,40","3.528,28","3.564,68","3.522,05","17,36M","1,00%"
"25.06.2003","3.517,27","3.456,85","3.526,86","3.456,85","15,50M","2,03%"
"24.06.2003","3.447,45","3.441,07","3.473,23","3.438,27","14,45M","-0,40%"
"23.06.2003","3.461,38","3.500,19","3.510,11","3.457,44","13,89M","-1,09%"
"20.06.2003","3.499,50","3.450,57","3.503,01","3.427,36","16,61M","1,30%"
"19.06.2003","3.454,60","3.429,00","3.467,26","3.429,00","19,07M","0,69%"
"18.06.2003","3.430,96","3.440,69","3.452,73","3.417,74","17,89M","0,00%"
"17.06.2003","3.431,03","3.364,10","3.435,68","3.362,34","17,37M","2,83%"
"16.06.2003","3.336,64","3.358,38","3.361,98","3.325,44","14,01M","-0,52%"
"13.06.2003","3.354,14","3.342,65","3.364,02","3.338,90","12,96M","0,50%"
"12.06.2003","3.337,30","3.318,90","3.340,98","3.318,90","13,67M","0,68%"
"11.06.2003","3.314,60","3.289,36","3.327,61","3.287,72","9,34M","0,76%"
"10.06.2003","3.289,55","3.332,66","3.350,02","3.281,21","15,65M","-1,43%"
"09.06.2003","3.337,31","3.304,65","3.351,36","3.295,14","11,00M","1,03%"
"06.06.2003","3.303,24","3.270,06","3.313,54","3.270,06","12,95M","1,26%"
"05.06.2003","3.262,20","3.233,05","3.274,45","3.233,05","17,30M","1,42%"
"04.06.2003","3.216,49","3.187,41","3.220,19","3.187,41","10,57M","1,08%"
"03.06.2003","3.181,97","3.212,99","3.214,33","3.176,77","10,27M","-0,76%"
"02.06.2003","3.206,38","3.176,56","3.220,14","3.170,38","10,97M","0,81%"
"30.05.2003","3.180,75","3.172,05","3.200,48","3.158,74","21,70M","0,52%"
"29.05.2003","3.164,25","3.116,85","3.171,80","3.116,85","18,22M","1,08%"
"28.05.2003","3.130,46","3.093,72","3.133,17","3.086,15","13,43M","1,57%"
"27.05.2003","3.081,94","3.103,56","3.118,58","3.076,99","12,44M","-0,48%"
"26.05.2003","3.096,69","3.051,30","3.101,75","3.050,16","11,49M","1,54%"
"23.05.2003","3.049,84","3.041,63","3.060,48","3.036,42","17,03M","0,30%"
"22.05.2003","3.040,79","3.055,20","3.067,12","3.032,91","12,04M","-0,53%"
"21.05.2003","3.057,09","3.068,12","3.092,38","3.054,47","10,77M","-0,19%"
"20.05.2003","3.062,92","3.032,85","3.066,29","3.025,20","12,43M","0,63%"
"19.05.2003","3.043,89","3.063,14","3.082,21","3.039,93","14,27M","-0,42%"
"16.05.2003","3.056,58","3.019,48","3.059,42","3.019,48","12,21M","1,45%"
"15.05.2003","3.012,97","2.996,67","3.016,94","2.993,39","11,46M","0,64%"
"14.05.2003","2.993,94","2.959,51","2.997,64","2.959,51","10,85M","1,13%"
"13.05.2003","2.960,62","2.947,03","2.964,96","2.947,03","10,73M","0,61%"
"12.05.2003","2.942,78","2.955,19","2.965,37","2.934,78","8,42M","-0,24%"
"09.05.2003","2.950,00","2.953,12","2.960,92","2.943,84","8,19M","-0,39%"
"08.05.2003","2.961,60","2.980,25","2.989,23","2.953,42","13,83M","-0,64%"
"07.05.2003","2.980,74","2.988,18","3.003,00","2.978,54","16,42M","-0,41%"
"06.05.2003","2.993,00","2.981,87","3.001,21","2.972,33","16,34M","0,59%"
"05.05.2003","2.975,47","2.977,47","2.988,69","2.967,88","10,76M","0,30%"
"02.05.2003","2.966,63","2.949,04","2.968,96","2.939,16","12,64M","0,23%"
"30.04.2003","2.959,79","2.942,42","2.962,40","2.942,42","13,90M","0,33%"
"29.04.2003","2.950,14","2.949,04","2.961,47","2.944,13","13,70M","0,46%"
"28.04.2003","2.936,71","2.909,42","2.942,45","2.904,44","12,99M","0,43%"
"25.04.2003","2.924,03","2.935,08","2.937,59","2.908,29","18,66M","-0,45%"
"24.04.2003","2.937,23","2.951,09","2.973,03","2.932,34","31,83M","-0,34%"
"23.04.2003","2.947,33","2.997,34","3.009,01","2.943,45","19,49M","-1,28%"
"22.04.2003","2.985,54","2.994,50","2.998,13","2.971,69","17,00M","-0,38%"
"21.04.2003","2.996,97","2.992,90","3.002,11","2.985,60","14,46M","0,42%"
"17.04.2003","2.984,50","3.002,68","3.011,92","2.971,94","14,25M","-1,58%"
"16.04.2003","3.032,32","3.005,35","3.037,30","3.000,72","16,89M","1,17%"
"15.04.2003","2.997,38","3.010,96","3.018,66","2.948,67","18,58M","-0,02%"
"11.04.2003","2.997,87","3.030,46","3.048,07","2.962,97","25,19M","-1,23%"
"10.04.2003","3.035,33","3.137,24","3.137,24","3.021,74","18,05M","-3,37%"
"09.04.2003","3.141,25","3.160,74","3.164,60","3.126,83","12,66M","-1,06%"
"08.04.2003","3.174,86","3.205,92","3.209,42","3.172,68","11,11M","-1,26%"
"07.04.2003","3.215,24","3.181,94","3.221,90","3.180,87","11,58M","1,50%"
"04.04.2003","3.167,70","3.145,00","3.169,20","3.130,80","12,67M","0,52%"
"03.04.2003","3.151,16","3.130,84","3.155,12","3.119,80","13,25M","1,10%"
"02.04.2003","3.116,99","3.083,94","3.120,31","3.079,62","13,88M","1,17%"
"01.04.2003","3.080,95","3.037,54","3.089,60","3.037,54","12,20M","1,06%"
"31.03.2003","3.048,72","3.106,93","3.106,93","3.039,83","11,98M","-2,14%"
"28.03.2003","3.115,44","3.115,37","3.130,33","3.099,00","11,67M","-0,04%"
"27.03.2003","3.116,79","3.138,89","3.146,29","3.115,06","11,91M","-0,85%"
"26.03.2003","3.143,58","3.148,07","3.165,38","3.139,65","10,41M","0,10%"
"25.03.2003","3.140,42","3.122,70","3.143,02","3.102,65","12,17M","0,00%"
"24.03.2003","3.140,36","3.216,07","3.216,07","3.137,56","12,80M","-2,43%"
"22.03.2003","3.218,73","3.208,58","3.225,26","3.208,58","","0,58%"
"21.03.2003","3.200,15","3.195,66","3.209,46","3.179,79","12,70M","0,23%"
"20.03.2003","3.192,93","3.118,80","3.197,66","3.118,32","19,53M","2,30%"
"19.03.2003","3.121,18","3.103,87","3.128,83","3.103,87","13,52M","1,18%"
"17.03.2003","3.084,91","3.115,14","3.115,14","3.049,05","13,01M","-0,75%"
"13.03.2003","3.108,24","3.113,35","3.127,30","3.086,43","16,80M","-0,06%"
"12.03.2003","3.110,08","3.151,60","3.158,98","3.106,85","14,33M","-1,42%"
"11.03.2003","3.154,91","3.117,49","3.159,48","3.100,14","15,99M","0,93%"
"10.03.2003","3.125,88","3.152,90","3.162,27","3.115,32","12,61M","-0,86%"
"07.03.2003","3.153,06","3.182,16","3.182,16","3.142,89","14,17M","-1,17%"
"06.03.2003","3.190,35","3.252,28","3.252,28","3.186,43","13,07M","-1,11%"
"05.03.2003","3.226,10","3.233,43","3.235,85","3.190,06","16,28M","-0,58%"
"04.03.2003","3.244,80","3.271,06","3.272,19","3.240,16","11,24M","-0,99%"
"03.03.2003","3.277,27","3.301,67","3.311,57","3.274,64","14,17M","-0,19%"
"28.02.2003","3.283,66","3.294,60","3.316,74","3.269,80","38,19M","0,19%"
"27.02.2003","3.277,34","3.254,84","3.283,29","3.251,40","14,55M","0,52%"
"26.02.2003","3.260,48","3.291,07","3.292,69","3.259,00","20,04M","-0,65%"
"25.02.2003","3.281,92","3.316,91","3.316,91","3.279,00","9,22M","-1,21%"
"24.02.2003","3.322,17","3.318,25","3.341,61","3.318,25","12,51M","0,45%"
"21.02.2003","3.307,20","3.303,33","3.313,60","3.294,68","13,45M","0,12%"
"20.02.2003","3.303,22","3.301,81","3.307,87","3.284,58","12,22M","0,04%"
"19.02.2003","3.302,04","3.303,09","3.317,80","3.300,85","13,14M","0,39%"
"18.02.2003","3.289,09","3.284,04","3.301,92","3.284,04","11,63M","0,20%"
"17.02.2003","3.282,45","3.248,90","3.287,01","3.248,90","13,96M","1,83%"
"14.02.2003","3.223,41","3.250,65","3.254,04","3.218,37","14,58M","-0,74%"
"12.02.2003","3.247,51","3.266,26","3.268,39","3.236,33","15,49M","-0,43%"
"11.02.2003","3.261,47","3.269,85","3.278,79","3.249,63","11,39M","0,14%"
"10.02.2003","3.256,86","3.281,37","3.281,42","3.252,49","9,79M","-0,70%"
"07.02.2003","3.279,77","3.309,46","3.309,96","3.277,33","15,91M","-0,78%"
"06.02.2003","3.305,44","3.253,14","3.311,18","3.253,14","14,25M","1,52%"
"05.02.2003","3.256,08","3.268,61","3.277,09","3.239,02","14,48M","-0,67%"
"04.02.2003","3.278,13","3.283,59","3.295,25","3.271,75","14,09M","-0,05%"
"03.02.2003","3.279,83","3.260,04","3.283,48","3.250,52","11,23M","0,91%"
"31.01.2003","3.250,38","3.216,16","3.257,48","3.199,18","18,84M","0,95%"
"30.01.2003","3.219,88","3.246,54","3.256,48","3.217,37","16,45M","-0,56%"
"29.01.2003","3.238,02","3.273,78","3.275,92","3.225,74","16,56M","-0,91%"
"28.01.2003","3.267,84","3.247,09","3.269,13","3.209,51","16,31M","0,62%"
"27.01.2003","3.247,71","3.283,93","3.286,46","3.221,69","15,73M","-1,22%"
"24.01.2003","3.287,86","3.332,02","3.340,68","3.281,93","17,89M","-1,21%"
"23.01.2003","3.328,18","3.351,75","3.360,37","3.324,49","19,32M","-0,86%"
"22.01.2003","3.357,04","3.364,11","3.367,23","3.345,62","11,67M","0,09%"
"21.01.2003","3.354,14","3.348,32","3.356,82","3.336,95","12,96M","0,37%"
"20.01.2003","3.341,89","3.364,53","3.368,08","3.338,09","11,35M","-0,85%"
"17.01.2003","3.370,39","3.377,94","3.382,53","3.366,24","13,58M","-0,09%"
"16.01.2003","3.373,52","3.358,47","3.377,27","3.352,55","12,63M","0,47%"
"15.01.2003","3.357,69","3.333,20","3.359,98","3.333,20","12,40M","0,67%"
"14.01.2003","3.335,35","3.334,94","3.341,55","3.321,49","12,10M","0,25%"
"13.01.2003","3.327,16","3.355,07","3.356,93","3.324,25","14,29M","-0,95%"
"10.01.2003","3.358,99","3.416,92","3.416,92","3.342,12","15,92M","-0,74%"
"09.01.2003","3.384,20","3.367,34","3.388,19","3.366,28","13,97M","0,78%"
"08.01.2003","3.357,87","3.339,89","3.362,12","3.338,94","15,06M","0,82%"
"07.01.2003","3.330,50","3.350,18","3.352,43","3.320,42","12,51M","-0,13%"
"06.01.2003","3.334,89","3.364,72","3.364,72","3.330,02","11,86M","-0,67%"
"03.01.2003","3.357,54","3.380,44","3.386,97","3.351,89","11,12M","-0,22%"
"02.01.2003","3.365,06","3.399,72","3.407,24","3.363,11","10,20M","-0,74%"
"01.01.2003","3.390,12","3.383,85","3.396,80","3.381,07","8,63M","0,38%"
"31.12.2002","3.377,28","3.376,48","3.398,11","3.374,73","13,19M","0,07%"
"30.12.2002","3.374,97","3.389,12","3.389,12","3.359,76","10,51M","-0,68%"
"27.12.2002","3.398,00","3.393,58","3.413,83","3.393,58","15,31M","0,45%"
"26.12.2002","3.382,64","3.360,86","3.399,37","3.360,41","19,56M","0,89%"
"24.12.2002","3.352,77","3.328,66","3.359,39","3.318,02","13,72M","0,70%"
"23.12.2002","3.329,61","3.346,56","3.351,01","3.321,07","11,15M","-0,23%"
"20.12.2002","3.337,22","3.339,46","3.356,00","3.329,10","13,36M","0,10%"
"19.12.2002","3.333,86","3.332,72","3.345,67","3.313,45","18,39M","0,02%"
"18.12.2002","3.333,31","3.321,12","3.348,57","3.319,25","16,64M","0,67%"
"17.12.2002","3.311,06","3.338,88","3.347,92","3.301,78","14,94M","-0,52%"
"16.12.2002","3.328,39","3.360,20","3.371,16","3.324,40","23,26M","-0,44%"
"13.12.2002","3.342,97","3.335,28","3.349,49","3.329,21","17,55M","0,56%"
"12.12.2002","3.324,48","3.316,84","3.331,27","3.299,48","16,59M","0,64%"
"11.12.2002","3.303,27","3.298,94","3.324,23","3.287,28","17,21M","0,41%"
"10.12.2002","3.289,68","3.256,63","3.294,69","3.241,40","14,44M","0,62%"
"09.12.2002","3.269,31","3.320,87","3.349,36","3.264,76","15,34M","-1,12%"
"06.12.2002","3.306,29","3.235,68","3.309,80","3.235,68","14,01M","2,37%"
"05.12.2002","3.229,73","3.186,62","3.250,25","3.186,62","13,88M","0,70%"
"04.12.2002","3.207,36","3.243,86","3.243,86","3.188,78","18,63M","-0,71%"
"03.12.2002","3.230,14","3.276,70","3.292,87","3.223,03","18,17M","-1,23%"
"02.12.2002","3.270,36","3.247,60","3.277,37","3.238,89","18,49M","1,29%"
"29.11.2002","3.228,82","3.224,98","3.245,98","3.195,60","16,75M","0,25%"
"28.11.2002","3.220,75","3.192,12","3.229,75","3.192,12","20,02M","1,47%"
"27.11.2002","3.174,11","3.193,13","3.206,63","3.158,00","22,11M","-0,43%"
"26.11.2002","3.187,76","3.190,67","3.210,68","3.181,25","23,61M","0,38%"
"25.11.2002","3.175,56","3.146,93","3.183,29","3.140,31","21,13M","1,08%"
"22.11.2002","3.141,61","3.121,17","3.162,66","3.121,17","33,34M","1,30%"
"21.11.2002","3.101,36","3.089,51","3.110,38","3.089,51","19,82M","0,84%"
"20.11.2002","3.075,48","3.056,18","3.084,03","3.056,18","25,06M","0,60%"
"18.11.2002","3.057,16","3.046,90","3.071,28","3.041,34","21,00M","0,77%"
"15.11.2002","3.033,91","2.997,47","3.037,61","2.997,47","25,66M","1,59%"
"14.11.2002","2.986,56","2.963,82","2.991,61","2.963,82","16,14M","0,87%"
"13.11.2002","2.960,66","2.972,35","2.977,67","2.957,19","17,01M","-0,02%"
"12.11.2002","2.961,24","2.941,54","2.963,83","2.935,97","13,78M","0,45%"
"11.11.2002","2.948,04","2.954,99","2.959,12","2.942,46","10,32M","-0,30%"
"08.11.2002","2.956,84","2.965,19","2.966,59","2.950,71","13,34M","-0,62%"
"07.11.2002","2.975,26","2.983,74","2.993,61","2.958,32","19,04M","-0,24%"
"05.11.2002","2.982,39","2.993,58","2.993,58","2.967,19","19,72M","-0,17%"
"04.11.2002","2.987,58","2.986,54","2.994,80","2.974,93","8,97M","1,25%"
"01.11.2002","2.950,58","2.956,94","2.962,32","2.928,63","27,75M","0,04%"
"31.10.2002","2.949,32","2.904,91","2.955,49","2.900,87","37,99M","2,10%"
"30.10.2002","2.888,59","2.898,02","2.908,21","2.884,21","14,29M","0,12%"
"29.10.2002","2.885,23","2.846,80","2.891,03","2.846,80","18,31M","1,79%"
"28.10.2002","2.834,41","2.876,32","2.876,32","2.828,48","10,93M","-1,43%"
"25.10.2002","2.875,53","2.903,96","2.906,84","2.855,90","15,37M","-1,12%"
"24.10.2002","2.908,05","2.944,28","2.958,01","2.906,20","12,09M","-1,39%"
"23.10.2002","2.948,96","2.961,75","2.969,55","2.941,29","20,77M","-0,57%"
"22.10.2002","2.965,97","2.999,54","3.006,13","2.963,02","11,73M","-1,07%"
"21.10.2002","2.998,01","3.012,18","3.018,99","2.992,54","9,89M","-0,39%"
"18.10.2002","3.009,76","3.027,90","3.038,92","3.002,12","15,54M","0,12%"
"17.10.2002","3.006,14","2.995,70","3.010,70","2.980,14","17,55M","0,37%"
"16.10.2002","2.994,99","3.024,99","3.031,01","2.991,92","12,71M","-0,28%"
"14.10.2002","3.003,39","2.996,16","3.013,39","2.993,25","11,89M","0,25%"
"11.10.2002","2.995,77","2.990,99","3.005,78","2.989,06","18,12M","0,89%"
"10.10.2002","2.969,49","2.954,13","2.972,62","2.934,76","13,07M","0,43%"
"09.10.2002","2.956,89","2.982,01","2.992,91","2.953,13","14,53M","-0,55%"
"08.10.2002","2.973,35","2.954,29","2.978,91","2.953,95","13,31M","0,70%"
"07.10.2002","2.952,78","2.939,18","2.957,99","2.927,47","9,40M","0,76%"
"04.10.2002","2.930,51","2.934,67","2.942,16","2.916,38","15,21M","-0,26%"
"03.10.2002","2.938,06","2.963,61","2.970,29","2.921,69","17,25M","-0,73%"
"01.10.2002","2.959,66","2.976,04","2.987,48","2.948,75","14,07M","-1,06%"
"30.09.2002","2.991,36","3.029,56","3.029,56","2.988,43","12,61M","-1,51%"
"27.09.2002","3.037,26","3.020,23","3.039,43","3.012,82","16,07M","0,75%"
"26.09.2002","3.014,69","3.011,42","3.038,06","3.011,42","109,89M","-0,21%"
"25.09.2002","3.021,08","2.973,97","3.023,65","2.973,97","13,87M","-0,04%"
"24.09.2002","3.022,25","3.005,92","3.032,22","2.993,01","12,57M","0,03%"
"23.09.2002","3.021,28","3.030,65","3.035,93","3.008,50","7,81M","-0,10%"
"20.09.2002","3.024,35","3.010,14","3.030,80","2.993,78","10,12M","-0,52%"
"19.09.2002","3.040,30","3.071,10","3.071,10","3.027,50","10,69M","-0,96%"
"18.09.2002","3.069,78","3.084,02","3.094,61","3.062,43","7,73M","-1,10%"
"17.09.2002","3.103,90","3.078,16","3.107,89","3.078,16","8,26M","0,91%"
"16.09.2002","3.076,01","3.107,89","3.109,91","3.072,43","8,27M","-0,74%"
"13.09.2002","3.098,94","3.115,98","3.127,29","3.093,71","10,16M","-1,03%"
"12.09.2002","3.131,34","3.125,55","3.136,88","3.120,45","9,84M","0,18%"
"11.09.2002","3.125,66","3.096,93","3.130,41","3.096,93","9,31M","1,17%"
"09.09.2002","3.089,47","3.121,90","3.126,30","3.081,63","11,17M","-1,64%"
"06.09.2002","3.141,11","3.176,15","3.177,49","3.131,15","14,57M","-1,27%"
"05.09.2002","3.181,47","3.185,32","3.197,29","3.166,22","15,41M","0,26%"
"04.09.2002","3.173,35","3.145,34","3.180,60","3.126,75","10,46M","0,43%"
"03.09.2002","3.159,77","3.190,20","3.193,44","3.150,10","10,00M","-0,86%"
"02.09.2002","3.187,26","3.206,81","3.227,62","3.179,33","12,52M","0,19%"
"30.08.2002","3.181,23","3.110,98","3.185,08","3.109,97","16,24M","2,15%"
"29.08.2002","3.114,16","3.099,12","3.117,53","3.091,56","24,25M","0,48%"
"28.08.2002","3.099,38","3.093,66","3.103,38","3.078,13","13,29M","0,05%"
"27.08.2002","3.097,85","3.128,41","3.142,52","3.093,90","16,61M","-0,82%"
"26.08.2002","3.123,60","3.119,00","3.130,78","3.110,93","11,85M","0,14%"
"23.08.2002","3.119,18","3.083,00","3.120,69","3.083,00","12,11M","1,25%"
"22.08.2002","3.080,70","3.094,18","3.109,72","3.077,89","10,44M","-0,12%"
"21.08.2002","3.084,38","3.083,82","3.109,91","3.082,02","10,89M","-0,17%"
"20.08.2002","3.089,58","3.071,13","3.094,80","3.067,92","10,59M","0,83%"
"19.08.2002","3.064,04","3.073,13","3.079,99","3.061,39","9,04M","-0,06%"
"16.08.2002","3.065,90","3.031,24","3.070,86","3.031,24","11,46M","1,50%"
"14.08.2002","3.020,70","3.032,99","3.037,37","3.013,16","8,93M","-0,52%"
"13.08.2002","3.036,40","3.009,48","3.066,70","3.009,48","17,93M","0,95%"
"12.08.2002","3.007,85","2.972,59","3.014,30","2.972,59","11,92M","1,06%"
"09.08.2002","2.976,34","2.974,68","2.982,51","2.931,78","20,36M","0,89%"
"08.08.2002","2.950,09","3.014,68","3.019,49","2.945,50","14,61M","-1,97%"
"07.08.2002","3.009,48","3.042,28","3.055,22","3.004,12","14,53M","-0,46%"
"06.08.2002","3.023,26","2.997,96","3.026,98","2.981,51","12,12M","0,40%"
"05.08.2002","3.011,35","2.996,89","3.018,71","2.980,49","13,04M","0,88%"
"02.08.2002","2.985,01","2.960,48","2.992,19","2.933,39","9,56M","0,31%"
"01.08.2002","2.975,81","2.998,46","3.018,52","2.965,97","10,58M","-0,40%"
"31.07.2002","2.987,65","2.981,05","2.998,34","2.932,35","15,25M","-0,11%"
"30.07.2002","2.990,91","3.043,23","3.080,70","2.983,10","16,46M","-1,29%"
"29.07.2002","3.030,06","3.039,56","3.039,56","2.955,10","18,90M","0,19%"
"26.07.2002","3.024,35","3.079,33","3.084,34","3.011,89","21,41M","-2,28%"
"25.07.2002","3.094,96","3.149,18","3.169,96","3.091,33","26,50M","-0,40%"
"24.07.2002","3.107,48","3.163,45","3.167,60","3.105,20","11,15M","-2,19%"
"23.07.2002","3.176,93","3.142,48","3.179,08","3.135,39","20,99M","0,75%"
"22.07.2002","3.153,34","3.212,83","3.212,83","3.147,37","10,12M","-2,38%"
"19.07.2002","3.230,27","3.239,66","3.250,59","3.227,27","8,58M","-0,48%"
"18.07.2002","3.245,74","3.224,23","3.253,40","3.215,33","8,39M","0,92%"
"17.07.2002","3.216,07","3.232,39","3.236,68","3.192,67","10,47M","-0,41%"
"16.07.2002","3.229,18","3.279,50","3.286,94","3.224,35","12,45M","-1,51%"
"15.07.2002","3.278,71","3.302,64","3.305,85","3.258,72","8,52M","-0,82%"
"12.07.2002","3.305,83","3.296,30","3.318,33","3.293,66","7,84M","0,46%"
"11.07.2002","3.290,56","3.332,15","3.332,15","3.287,91","9,83M","-1,25%"
"10.07.2002","3.332,36","3.359,47","3.366,74","3.328,20","11,03M","-0,78%"
"09.07.2002","3.358,58","3.356,85","3.361,92","3.343,10","11,82M","0,03%"
"08.07.2002","3.357,66","3.336,14","3.366,72","3.332,12","10,74M","0,81%"
"05.07.2002","3.330,61","3.322,14","3.334,87","3.309,61","8,05M","0,42%"
"04.07.2002","3.316,77","3.322,31","3.337,69","3.313,74","11,49M","0,20%"
"03.07.2002","3.310,19","3.283,03","3.314,23","3.279,83","10,66M","0,77%"
"02.07.2002","3.285,04","3.276,21","3.296,87","3.274,03","12,49M","-0,11%"
"01.07.2002","3.288,71","3.246,44","3.293,21","3.246,44","10,07M","1,36%"
"28.06.2002","3.244,70","3.231,24","3.252,65","3.222,09","12,33M","0,86%"
"27.06.2002","3.217,15","3.199,03","3.221,60","3.189,96","14,55M","1,14%"
"26.06.2002","3.180,89","3.200,79","3.206,87","3.176,05","11,32M","-1,04%"
"25.06.2002","3.214,34","3.226,21","3.244,33","3.193,68","16,51M","-0,53%"
"24.06.2002","3.231,62","3.238,37","3.238,37","3.210,95","7,31M","-0,34%"
"21.06.2002","3.242,75","3.268,10","3.268,10","3.232,66","11,61M","-0,65%"
"20.06.2002","3.264,02","3.223,47","3.276,06","3.223,47","11,97M","0,67%"
"19.06.2002","3.242,26","3.284,32","3.306,11","3.222,23","15,22M","-1,29%"
"18.06.2002","3.284,54","3.337,32","3.361,73","3.282,32","10,09M","-1,17%"
"17.06.2002","3.323,50","3.350,03","3.350,44","3.318,70","8,86M","0,35%"
"14.06.2002","3.312,07","3.312,05","3.321,92","3.295,64","11,17M","0,03%"
"13.06.2002","3.311,16","3.358,97","3.369,63","3.307,16","11,01M","-0,99%"
"12.06.2002","3.344,41","3.359,27","3.377,88","3.337,39","16,17M","-0,54%"
"11.06.2002","3.362,42","3.339,96","3.368,56","3.323,37","16,45M","2,53%"
"10.06.2002","3.279,49","3.231,09","3.283,25","3.231,09","11,68M","1,92%"
"07.06.2002","3.217,76","3.246,97","3.246,97","3.205,51","9,94M","-1,27%"
"06.06.2002","3.259,31","3.277,35","3.282,35","3.229,38","15,98M","0,12%"
"05.06.2002","3.255,52","3.200,71","3.269,24","3.200,71","16,58M","2,00%"
"04.06.2002","3.191,60","3.161,43","3.195,56","3.161,43","10,01M","0,97%"
"03.06.2002","3.161,09","3.162,27","3.185,57","3.148,57","11,37M","1,13%"
"31.05.2002","3.125,73","3.136,41","3.140,03","3.097,73","17,34M","-0,32%"
"30.05.2002","3.135,89","3.161,90","3.192,50","3.131,63","18,26M","-0,77%"
"29.05.2002","3.160,24","3.155,67","3.179,85","3.108,00","17,37M","0,43%"
"28.05.2002","3.146,83","3.231,82","3.231,82","3.140,38","12,81M","-2,98%"
"27.05.2002","3.243,41","3.264,19","3.264,19","3.200,94","11,24M","-0,38%"
"24.05.2002","3.255,62","3.153,03","3.261,90","3.153,03","12,62M","4,55%"
"23.05.2002","3.114,05","3.193,64","3.193,64","3.106,56","11,31M","-1,93%"
"22.05.2002","3.175,49","3.187,54","3.198,81","3.144,18","10,41M","-0,35%"
"21.05.2002","3.186,53","3.266,16","3.266,16","3.127,87","16,24M","-2,93%"
"20.05.2002","3.282,81","3.343,66","3.361,77","3.274,62","9,04M","-1,53%"
"17.05.2002","3.333,76","3.357,29","3.373,40","3.310,86","10,26M","-0,65%"
"16.05.2002","3.355,61","3.399,14","3.405,29","3.342,34","10,21M","-1,18%"
"15.05.2002","3.395,59","3.422,07","3.435,68","3.382,11","12,11M","-0,72%"
"14.05.2002","3.420,33","3.450,58","3.458,58","3.412,00","7,79M","-0,64%"
"13.05.2002","3.442,49","3.436,87","3.446,51","3.429,88","6,92M","0,33%"
"10.05.2002","3.431,32","3.454,85","3.456,78","3.414,37","9,19M","-0,89%"
"09.05.2002","3.462,01","3.458,31","3.478,02","3.448,37","9,60M","0,78%"
"08.05.2002","3.435,06","3.434,24","3.453,73","3.432,54","10,93M","0,33%"
"07.05.2002","3.423,75","3.378,22","3.425,50","3.372,24","7,16M","1,16%"
"06.05.2002","3.384,35","3.386,01","3.394,89","3.375,70","7,75M","0,11%"
"03.05.2002","3.380,61","3.372,75","3.385,22","3.364,85","7,57M","0,24%"
"02.05.2002","3.372,56","3.361,33","3.383,93","3.357,76","10,18M","1,03%"
"30.04.2002","3.338,16","3.303,10","3.340,36","3.303,10","8,42M","1,12%"
"29.04.2002","3.301,21","3.372,94","3.372,94","3.296,88","10,30M","-2,09%"
"26.04.2002","3.371,70","3.364,18","3.383,71","3.362,83","7,99M","0,36%"
"25.04.2002","3.359,64","3.420,62","3.421,88","3.350,94","12,41M","-1,53%"
"24.04.2002","3.411,92","3.408,84","3.420,97","3.401,55","8,91M","0,24%"
"23.04.2002","3.403,82","3.387,70","3.412,16","3.383,11","10,68M","0,40%"
"22.04.2002","3.390,25","3.364,18","3.396,52","3.332,74","9,70M","0,77%"
"19.04.2002","3.364,40","3.420,04","3.430,37","3.359,24","10,49M","-1,65%"
"18.04.2002","3.420,94","3.425,71","3.439,47","3.408,04","12,85M","-0,03%"
"17.04.2002","3.421,82","3.444,09","3.458,79","3.412,71","11,47M","0,24%"
"16.04.2002","3.413,72","3.459,08","3.459,08","3.411,73","10,11M","-1,38%"
"15.04.2002","3.461,51","3.514,01","3.533,02","3.454,98","11,17M","-1,41%"
"12.04.2002","3.510,90","3.496,39","3.521,42","3.488,62","12,20M","0,38%"
"11.04.2002","3.497,67","3.482,44","3.512,28","3.482,44","14,39M","0,52%"
"10.04.2002","3.479,59","3.465,39","3.494,19","3.460,03","16,09M","0,47%"
"09.04.2002","3.463,33","3.482,51","3.491,60","3.447,78","11,39M","-0,48%"
"08.04.2002","3.480,17","3.502,09","3.521,41","3.478,93","10,19M","-0,58%"
"05.04.2002","3.500,57","3.516,43","3.538,49","3.499,06","11,37M","-0,34%"
"04.04.2002","3.512,55","3.463,29","3.529,02","3.463,29","18,23M","1,43%"
"03.04.2002","3.462,99","3.500,76","3.500,76","3.458,85","11,98M","-1,22%"
"02.04.2002","3.505,79","3.505,40","3.537,29","3.490,87","15,41M","0,16%"
"01.04.2002","3.500,18","3.482,94","3.519,32","3.482,94","10,40M","0,89%"
"28.03.2002","3.469,35","3.464,32","3.499,53","3.462,12","13,50M","0,30%"
"27.03.2002","3.459,08","3.472,96","3.503,80","3.454,27","13,14M","-0,21%"
"26.03.2002","3.466,29","3.517,36","3.566,08","3.461,09","9,19M","-1,42%"
"22.03.2002","3.516,11","3.555,38","3.555,38","3.506,55","9,64M","-0,57%"
"21.03.2002","3.536,26","3.580,23","3.582,55","3.530,01","5,96M","-1,26%"
"20.03.2002","3.581,32","3.576,23","3.587,20","3.556,74","9,55M","0,59%"
"19.03.2002","3.560,32","3.618,39","3.629,48","3.554,65","10,06M","-1,47%"
"18.03.2002","3.613,28","3.633,37","3.663,40","3.603,98","9,77M","-0,12%"
"15.03.2002","3.617,68","3.593,56","3.626,33","3.590,34","12,52M","1,03%"
"14.03.2002","3.580,83","3.573,98","3.590,43","3.562,17","8,00M","0,31%"
"13.03.2002","3.569,62","3.531,48","3.601,82","3.531,02","14,59M","0,96%"
"12.03.2002","3.535,80","3.603,16","3.603,16","3.522,91","13,39M","-1,89%"
"11.03.2002","3.603,97","3.675,26","3.675,26","3.594,60","14,70M","-1,44%"
"08.03.2002","3.656,77","3.692,61","3.703,79","3.645,90","16,86M","-0,91%"
"07.03.2002","3.690,27","3.621,07","3.691,93","3.621,07","15,83M","2,10%"
"06.03.2002","3.614,44","3.647,09","3.656,87","3.585,83","19,91M","-0,73%"
"05.03.2002","3.641,10","3.655,08","3.692,53","3.634,26","18,23M","-0,04%"
"04.03.2002","3.642,58","3.734,04","3.758,27","3.635,38","21,29M","-0,98%"
"01.03.2002","3.678,75","3.551,56","3.693,92","3.551,56","19,98M","3,27%"
"28.02.2002","3.562,31","3.711,10","3.731,28","3.537,19","34,37M","-3,87%"
"27.02.2002","3.705,66","3.721,44","3.758,11","3.677,62","26,16M","-0,19%"
"26.02.2002","3.712,74","3.631,55","3.726,76","3.631,55","22,24M","2,75%"
"25.02.2002","3.613,51","3.610,21","3.618,30","3.580,89","13,42M","0,26%"
"22.02.2002","3.604,08","3.565,64","3.605,59","3.558,09","18,77M","0,94%"
"21.02.2002","3.570,46","3.569,95","3.590,99","3.558,82","10,67M","0,34%"
"20.02.2002","3.558,21","3.572,96","3.583,17","3.542,06","14,51M","-1,10%"
"19.02.2002","3.597,61","3.641,78","3.652,76","3.588,93","17,17M","-1,00%"
"18.02.2002","3.633,93","3.611,32","3.651,02","3.586,78","23,02M","0,89%"
"15.02.2002","3.602,02","3.560,98","3.612,83","3.560,98","21,95M","1,26%"
"14.02.2002","3.557,06","3.544,32","3.564,35","3.536,35","17,20M","1,06%"
"13.02.2002","3.519,87","3.504,89","3.535,57","3.504,89","16,32M","0,63%"
"12.02.2002","3.497,68","3.523,30","3.554,73","3.480,10","17,98M","-0,51%"
"11.02.2002","3.515,45","3.500,41","3.551,95","3.500,41","18,59M","0,62%"
"08.02.2002","3.493,92","3.444,89","3.514,75","3.444,87","24,61M","1,66%"
"07.02.2002","3.436,94","3.439,62","3.495,83","3.423,31","32,67M","0,28%"
"06.02.2002","3.427,39","3.329,23","3.433,02","3.329,23","23,47M","3,49%"
"05.02.2002","3.311,73","3.316,42","3.322,43","3.290,00","17,05M","-0,16%"
"04.02.2002","3.317,01","3.336,17","3.353,29","3.312,55","13,99M","-0,51%"
"01.02.2002","3.333,92","3.334,69","3.356,05","3.325,98","17,82M","0,69%"
"31.01.2002","3.311,03","3.305,91","3.339,98","3.303,01","20,97M","0,37%"
"30.01.2002","3.298,79","3.302,73","3.309,98","3.275,58","17,22M","-0,44%"
"29.01.2002","3.313,28","3.317,61","3.332,56","3.304,12","20,21M","-0,13%"
"28.01.2002","3.317,64","3.338,37","3.363,17","3.312,74","19,88M","-0,44%"
"25.01.2002","3.332,30","3.358,20","3.366,00","3.326,02","20,51M","-0,76%"
"24.01.2002","3.357,79","3.380,75","3.399,09","3.352,84","16,78M","-0,45%"
"23.01.2002","3.373,07","3.368,91","3.397,76","3.365,53","17,42M","0,14%"
"22.01.2002","3.368,28","3.383,00","3.402,92","3.365,01","17,20M","-0,41%"
"21.01.2002","3.382,29","3.370,50","3.396,92","3.369,73","21,01M","0,16%"
"18.01.2002","3.377,05","3.408,28","3.439,83","3.366,14","26,86M","-0,71%"
"17.01.2002","3.401,15","3.348,80","3.420,24","3.309,97","23,55M","1,56%"
"16.01.2002","3.348,80","3.357,17","3.393,34","3.331,40","20,55M","-0,11%"
"15.01.2002","3.352,52","3.405,90","3.413,02","3.340,01","18,18M","-1,62%"
"14.01.2002","3.407,84","3.373,69","3.446,92","3.373,69","22,84M","1,34%"
"11.01.2002","3.362,88","3.381,41","3.401,80","3.298,85","25,43M","-0,56%"
"10.01.2002","3.381,96","3.396,09","3.413,25","3.371,91","20,51M","-0,56%"
"09.01.2002","3.400,89","3.440,44","3.466,73","3.392,61","23,58M","-1,07%"
"08.01.2002","3.437,78","3.407,57","3.454,50","3.397,16","26,05M","1,06%"
"07.01.2002","3.401,80","3.377,13","3.438,86","3.377,13","20,84M","0,77%"
"04.01.2002","3.375,74","3.323,55","3.393,66","3.323,55","22,11M","2,05%"
"03.01.2002","3.308,02","3.282,68","3.309,38","3.272,21","20,87M","1,19%"
"02.01.2002","3.269,16","3.243,84","3.280,43","3.243,32","14,89M","0,71%"
"01.01.2002","3.246,15","3.262,01","3.299,98","3.236,76","10,63M","-0,50%"
"31.12.2001","3.262,33","3.186,82","3.270,68","3.186,82","12,26M","2,45%"
"28.12.2001","3.184,44","3.132,27","3.186,33","3.100,57","14,58M","1,68%"
"27.12.2001","3.131,78","3.172,27","3.193,39","3.126,65","14,82M","-1,39%"
"26.12.2001","3.175,86","3.227,80","3.262,92","3.170,23","11,58M","-1,77%"
"24.12.2001","3.232,97","3.227,30","3.244,24","3.181,57","8,98M","-0,08%"
"21.12.2001","3.235,49","3.268,99","3.268,99","3.218,93","12,27M","-1,10%"
"20.12.2001","3.271,64","3.257,24","3.281,12","3.231,30","15,09M","0,27%"
"19.12.2001","3.262,67","3.340,65","3.350,73","3.257,45","13,83M","-2,19%"
"18.12.2001","3.335,88","3.362,67","3.384,66","3.301,36","13,28M","-0,53%"
"14.12.2001","3.353,60","3.388,87","3.388,87","3.336,18","9,68M","-1,03%"
"13.12.2001","3.388,59","3.412,59","3.440,52","3.308,86","18,99M","-0,69%"
"12.12.2001","3.412,15","3.436,34","3.462,97","3.404,37","14,19M","-0,20%"
"11.12.2001","3.419,13","3.440,38","3.467,08","3.416,56","16,52M","-0,69%"
"10.12.2001","3.442,89","3.445,22","3.468,19","3.434,04","13,44M","0,19%"
"07.12.2001","3.436,37","3.433,82","3.468,28","3.426,06","17,72M","0,14%"
"06.12.2001","3.431,57","3.440,56","3.500,20","3.414,43","25,00M","0,64%"
"05.12.2001","3.409,64","3.334,64","3.416,03","3.334,64","16,75M","2,69%"
"04.12.2001","3.320,28","3.276,65","3.335,36","3.276,65","14,26M","1,37%"
"03.12.2001","3.275,47","3.301,05","3.311,83","3.271,55","14,31M","-0,37%"
"29.11.2001","3.287,56","3.284,32","3.296,98","3.270,27","15,91M","-0,20%"
"28.11.2001","3.294,12","3.289,70","3.322,52","3.283,08","16,45M","0,20%"
"27.11.2001","3.287,57","3.360,93","3.377,81","3.278,69","19,47M","-1,06%"
"26.11.2001","3.322,77","3.262,93","3.335,95","3.262,93","16,84M","2,17%"
"23.11.2001","3.252,20","3.263,06","3.301,34","3.245,58","14,52M","-0,18%"
"22.11.2001","3.258,13","3.246,48","3.305,84","3.246,48","16,70M","0,43%"
"21.11.2001","3.244,09","3.233,61","3.273,30","3.223,32","21,23M","0,38%"
"20.11.2001","3.231,66","3.296,17","3.326,76","3.223,99","25,08M","-1,49%"
"19.11.2001","3.280,48","3.211,26","3.293,28","3.205,46","22,26M","3,15%"
"15.11.2001","3.180,23","3.116,72","3.195,52","3.107,80","15,86M","2,16%"
"14.11.2001","3.113,04","3.079,88","3.124,33","3.079,88","4,01M","1,17%"
"13.11.2001","3.077,19","3.093,78","3.101,58","3.059,42","14,01M","-0,55%"
"12.11.2001","3.094,14","3.084,42","3.106,43","3.081,15","16,06M","0,47%"
"09.11.2001","3.079,67","3.070,58","3.092,01","3.069,62","24,45M","0,64%"
"08.11.2001","3.059,97","3.020,39","3.067,55","3.017,41","19,93M","1,53%"
"07.11.2001","3.013,94","3.071,78","3.109,26","3.006,97","16,09M","-1,79%"
"06.11.2001","3.068,89","3.038,02","3.087,59","3.038,02","17,67M","1,05%"
"05.11.2001","3.037,01","3.058,11","3.070,66","3.030,57","15,52M","-0,51%"
"02.11.2001","3.052,60","3.059,52","3.100,29","3.040,84","17,83M","0,09%"
"01.11.2001","3.049,80","3.003,95","3.062,77","3.003,95","19,25M","2,02%"
"31.10.2001","2.989,35","2.958,39","2.998,70","2.942,49","18,37M","1,08%"
"30.10.2001","2.957,45","2.995,37","2.995,37","2.953,38","15,10M","-1,72%"
"29.10.2001","3.009,33","3.028,71","3.063,90","3.004,03","14,76M","-0,42%"
"25.10.2001","3.022,16","3.047,39","3.066,04","3.013,83","22,28M","-0,59%"
"24.10.2001","3.040,16","3.057,00","3.083,65","3.026,63","23,41M","-0,71%"
"23.10.2001","3.061,91","3.010,94","3.065,48","3.010,94","16,25M","2,00%"
"22.10.2001","3.001,86","3.025,03","3.061,77","2.993,89","20,24M","-0,50%"
"19.10.2001","3.016,84","3.003,02","3.025,89","3.003,02","14,15M","1,19%"
"18.10.2001","2.981,33","3.023,29","3.034,97","2.967,68","17,80M","-2,05%"
"17.10.2001","3.043,85","2.998,86","3.050,07","2.998,86","23,63M","1,72%"
"16.10.2001","2.992,46","2.978,11","3.002,00","2.971,57","20,63M","0,54%"
"15.10.2001","2.976,30","2.951,69","2.983,33","2.940,08","18,01M","0,57%"
"12.10.2001","2.959,39","2.960,50","2.989,63","2.947,34","21,11M","0,53%"
"11.10.2001","2.943,69","2.899,80","2.956,86","2.899,80","20,49M","1,63%"
"10.10.2001","2.896,60","2.836,74","2.904,59","2.836,74","21,81M","3,66%"
"09.10.2001","2.794,42","2.772,21","2.802,34","2.772,21","18,01M","1,05%"
"08.10.2001","2.765,37","2.767,93","2.784,09","2.718,41","15,31M","-1,69%"
"05.10.2001","2.812,90","2.789,10","2.826,16","2.765,21","17,34M","0,86%"
"04.10.2001","2.788,97","2.763,17","2.798,69","2.763,17","24,71M","1,23%"
"03.10.2001","2.754,95","2.802,24","2.808,45","2.742,85","20,77M","-1,44%"
"01.10.2001","2.795,30","2.817,74","2.822,77","2.773,03","21,29M","-0,58%"
"28.09.2001","2.811,60","2.727,34","2.830,35","2.727,34","27,27M","3,54%"
"27.09.2001","2.715,50","2.674,29","2.726,97","2.669,05","22,57M","1,81%"
"26.09.2001","2.667,34","2.621,89","2.682,59","2.615,04","20,03M","1,91%"
"25.09.2001","2.617,35","2.668,37","2.727,32","2.613,53","22,85M","-1,30%"
"24.09.2001","2.651,78","2.627,25","2.688,95","2.627,25","17,58M","1,99%"
"21.09.2001","2.600,12","2.753,96","2.753,96","2.594,87","18,76M","-5,85%"
"20.09.2001","2.761,66","2.781,46","2.781,46","2.674,82","20,03M","-1,52%"
"19.09.2001","2.804,16","2.785,37","2.817,48","2.785,37","18,78M","0,78%"
"18.09.2001","2.782,47","2.680,04","2.814,07","2.680,04","32,27M","3,79%"
"17.09.2001","2.680,98","2.758,16","2.758,16","2.640,58","19,57M","-5,27%"
"14.09.2001","2.830,12","2.986,86","2.986,86","2.770,24","19,39M","-5,27%"
"13.09.2001","2.987,50","3.038,88","3.068,49","2.982,16","15,08M","-1,49%"
"12.09.2001","3.032,71","3.030,29","3.046,22","2.954,35","14,68M","-3,74%"
"11.09.2001","3.150,40","3.189,09","3.198,81","3.141,57","12,81M","-1,04%"
"10.09.2001","3.183,63","3.224,90","3.224,90","3.180,85","12,05M","-0,46%"
"07.09.2001","3.198,40","3.196,41","3.203,54","3.166,97","17,21M","-0,13%"
"06.09.2001","3.202,55","3.219,84","3.233,49","3.187,66","14,35M","-0,81%"
"05.09.2001","3.228,60","3.232,38","3.245,99","3.218,04","11,81M","-0,09%"
"04.09.2001","3.231,60","3.227,86","3.246,76","3.209,84","13,08M","0,14%"
"03.09.2001","3.227,12","3.245,71","3.267,93","3.222,53","7,19M","-0,55%"
"31.08.2001","3.244,95","3.282,39","3.282,39","3.241,12","9,55M","-1,28%"
"30.08.2001","3.286,87","3.296,78","3.305,98","3.281,17","10,83M","-0,42%"
"29.08.2001","3.300,62","3.282,30","3.327,67","3.282,30","9,65M","-0,38%"
"28.08.2001","3.313,07","3.318,65","3.333,17","3.308,35","9,33M","-0,16%"
"27.08.2001","3.318,32","3.318,44","3.337,94","3.310,29","9,35M","0,39%"
"24.08.2001","3.305,51","3.302,22","3.308,90","3.287,58","12,30M","-0,10%"
"23.08.2001","3.308,79","3.307,29","3.316,33","3.292,66","8,54M","0,34%"
"21.08.2001","3.297,43","3.286,13","3.310,53","3.286,13","8,51M","0,56%"
"20.08.2001","3.278,92","3.287,69","3.290,24","3.271,54","10,72M","-0,54%"
"17.08.2001","3.296,71","3.341,95","3.359,07","3.293,83","11,58M","-1,23%"
"16.08.2001","3.337,91","3.326,24","3.357,07","3.321,74","14,87M","0,18%"
"14.08.2001","3.331,89","3.290,58","3.336,47","3.290,58","9,84M","1,35%"
"13.08.2001","3.287,62","3.321,19","3.332,28","3.283,44","7,27M","-0,86%"
"10.08.2001","3.316,21","3.312,50","3.335,71","3.308,76","8,80M","-0,10%"
"09.08.2001","3.319,61","3.290,86","3.324,96","3.279,62","7,92M","0,52%"
"08.08.2001","3.302,32","3.317,51","3.321,18","3.294,19","8,79M","-0,52%"
"07.08.2001","3.319,67","3.322,81","3.345,98","3.317,44","7,10M","-0,31%"
"06.08.2001","3.329,95","3.323,36","3.356,34","3.322,44","10,39M","0,14%"
"03.08.2001","3.325,38","3.300,02","3.337,79","3.300,02","16,39M","0,81%"
"02.08.2001","3.298,78","3.293,83","3.310,86","3.278,54","13,51M","0,44%"
"01.08.2001","3.284,17","3.335,00","3.346,21","3.276,72","18,08M","-1,35%"
"31.07.2001","3.329,28","3.288,86","3.335,67","3.255,98","10,57M","1,32%"
"30.07.2001","3.285,89","3.255,92","3.289,46","3.249,46","6,92M","1,06%"
"27.07.2001","3.251,53","3.260,04","3.278,85","3.241,66","9,23M","-0,23%"
"26.07.2001","3.259,03","3.298,64","3.318,60","3.254,28","10,42M","-1,30%"
"25.07.2001","3.301,97","3.307,16","3.338,22","3.296,43","9,50M","-0,99%"
"24.07.2001","3.335,08","3.326,84","3.340,91","3.306,17","7,81M","0,12%"
"23.07.2001","3.330,98","3.340,89","3.340,89","3.310,95","42,00K","-0,29%"
"20.07.2001","3.340,75","3.375,82","3.389,49","3.331,42","10,72M","-0,90%"
"19.07.2001","3.370,93","3.372,92","3.380,27","3.352,12","12,82M","-0,37%"
"18.07.2001","3.383,41","3.434,94","3.446,18","3.377,58","13,04M","-1,41%"
"17.07.2001","3.431,93","3.414,06","3.440,29","3.397,65","12,90M","-0,08%"
"16.07.2001","3.434,83","3.453,63","3.478,11","3.427,82","12,54M","-0,55%"
"13.07.2001","3.453,99","3.470,94","3.513,79","3.438,03","17,27M","0,04%"
"12.07.2001","3.452,75","3.390,34","3.459,37","3.384,74","18,86M","2,27%"
"11.07.2001","3.376,21","3.328,37","3.388,75","3.316,85","13,34M","1,44%"
"10.07.2001","3.328,27","3.300,98","3.340,88","3.296,41","9,45M","1,14%"
"09.07.2001","3.290,81","3.290,85","3.299,57","3.260,68","6,61M","-0,45%"
"06.07.2001","3.305,78","3.299,96","3.310,10","3.286,74","8,93M","-0,36%"
"05.07.2001","3.317,63","3.321,14","3.364,80","3.306,74","9,92M","0,17%"
"04.07.2001","3.311,88","3.295,85","3.337,52","3.286,77","14,81M","-0,01%"
"03.07.2001","3.312,29","3.452,11","3.452,11","3.300,15","12,82M","-3,32%"
"02.07.2001","3.426,03","3.480,06","3.487,00","3.418,28","7,43M","-0,89%"
"29.06.2001","3.456,78","3.406,79","3.474,71","3.394,91","15,83M","1,52%"
"28.06.2001","3.404,86","3.411,68","3.427,37","3.391,72","12,97M","-0,20%"
"27.06.2001","3.411,64","3.407,68","3.434,13","3.378,53","21,92M","0,13%"
"26.06.2001","3.407,32","3.313,13","3.417,94","3.287,94","21,23M","2,67%"
"25.06.2001","3.318,67","3.378,17","3.378,17","3.306,83","12,28M","-1,87%"
"22.06.2001","3.381,76","3.402,14","3.409,76","3.361,79","14,86M","-0,70%"
"21.06.2001","3.405,64","3.408,28","3.427,75","3.385,87","12,57M","-0,01%"
"20.06.2001","3.406,05","3.410,10","3.420,33","3.369,31","12,28M","-0,14%"
"19.06.2001","3.410,95","3.357,11","3.418,99","3.339,84","14,61M","1,72%"
"18.06.2001","3.353,11","3.368,68","3.368,68","3.295,34","13,73M","-0,59%"
"15.06.2001","3.372,94","3.434,33","3.434,33","3.360,11","17,34M","-2,34%"
"14.06.2001","3.453,77","3.491,36","3.501,50","3.446,96","15,04M","-1,37%"
"13.06.2001","3.501,61","3.499,32","3.519,13","3.492,95","11,29M","0,09%"
"12.06.2001","3.498,39","3.504,24","3.517,36","3.484,08","15,53M","-0,31%"
"11.06.2001","3.509,32","3.507,34","3.525,04","3.482,80","14,97M","0,39%"
"08.06.2001","3.495,84","3.466,66","3.502,78","3.452,94","18,84M","1,12%"
"07.06.2001","3.457,24","3.455,86","3.459,51","3.395,52","18,89M","0,00%"
"06.06.2001","3.457,31","3.473,32","3.507,24","3.448,44","16,16M","-0,08%"
"05.06.2001","3.460,04","3.495,99","3.510,68","3.434,88","19,96M","-1,10%"
"04.06.2001","3.498,38","3.565,88","3.590,56","3.490,83","18,50M","-1,67%"
"01.06.2001","3.557,64","3.637,03","3.651,32","3.555,74","20,34M","-2,04%"
"31.05.2001","3.631,91","3.623,62","3.638,46","3.592,22","20,12M","-0,82%"
"30.05.2001","3.662,04","3.745,57","3.759,96","3.653,31","29,07M","-2,14%"
"29.05.2001","3.742,07","3.732,03","3.751,70","3.725,83","28,60M","0,59%"
"28.05.2001","3.720,15","3.663,06","3.728,05","3.663,06","26,78M","1,65%"
"25.05.2001","3.659,81","3.686,16","3.700,66","3.647,35","20,59M","-0,64%"
"24.05.2001","3.683,20","3.670,91","3.709,18","3.670,91","21,68M","0,24%"
"23.05.2001","3.674,54","3.640,80","3.683,52","3.640,80","17,48M","0,93%"
"22.05.2001","3.640,60","3.643,29","3.663,16","3.630,03","19,37M","0,01%"
"21.05.2001","3.640,10","3.656,09","3.681,19","3.630,60","20,37M","-0,41%"
"18.05.2001","3.655,03","3.674,42","3.700,88","3.648,36","25,40M","-0,40%"
"17.05.2001","3.669,76","3.607,46","3.675,45","3.607,46","26,19M","2,16%"
"16.05.2001","3.592,06","3.585,79","3.630,26","3.585,79","20,88M","0,42%"
"15.05.2001","3.576,96","3.480,42","3.579,35","3.420,14","22,62M","0,22%"
"14.05.2001","3.568,93","3.552,55","3.577,28","3.536,57","13,16M","0,26%"
"11.05.2001","3.559,77","3.564,65","3.577,79","3.545,19","14,93M","-0,24%"
"10.05.2001","3.568,27","3.586,58","3.588,95","3.550,05","18,91M","-0,51%"
"09.05.2001","3.586,58","3.580,37","3.629,65","3.569,14","27,91M","0,17%"
"08.05.2001","3.580,37","3.544,86","3.587,07","3.544,86","26,30M","1,00%"
"07.05.2001","3.544,81","3.562,97","3.573,19","3.539,46","17,72M","0,86%"
"04.05.2001","3.514,59","3.471,95","3.521,92","3.465,50","17,64M","0,58%"
"03.05.2001","3.494,48","3.528,70","3.551,80","3.479,81","14,83M","-1,24%"
"02.05.2001","3.538,42","3.565,53","3.586,64","3.530,25","21,80M","0,55%"
"30.04.2001","3.519,16","3.459,51","3.522,70","3.440,71","21,91M","2,82%"
"27.04.2001","3.422,76","3.389,22","3.458,77","3.357,83","23,49M","-3,78%"
"26.04.2001","3.557,19","3.649,36","3.651,79","3.547,46","23,26M","-1,21%"
"25.04.2001","3.600,83","3.586,94","3.639,11","3.569,71","22,99M","0,30%"
"24.04.2001","3.589,99","3.547,23","3.593,84","3.526,36","22,21M","0,08%"
"23.04.2001","3.587,01","3.583,42","3.637,36","3.561,96","26,28M","0,11%"
"20.04.2001","3.583,04","3.620,90","3.620,90","3.523,74","21,92M","0,25%"
"19.04.2001","3.574,08","3.552,17","3.621,03","3.471,03","36,28M","3,94%"
"18.04.2001","3.438,75","3.311,20","3.442,65","3.311,20","32,97M","3,82%"
"17.04.2001","3.312,29","3.231,94","3.331,78","3.220,65","28,85M","1,87%"
"16.04.2001","3.251,62","3.172,15","3.258,44","3.096,51","21,11M","2,13%"
"12.04.2001","3.183,77","3.254,52","3.264,57","3.120,13","28,93M","-4,26%"
"11.04.2001","3.325,46","3.476,41","3.481,15","3.298,12","22,79M","-3,84%"
"10.04.2001","3.458,39","3.542,44","3.542,44","3.422,11","24,86M","-2,42%"
"09.04.2001","3.544,08","3.570,53","3.579,24","3.502,44","15,67M","-0,89%"
"06.04.2001","3.576,00","3.663,74","3.676,82","3.558,13","19,68M","0,29%"
"04.04.2001","3.565,65","3.558,48","3.577,25","3.511,12","16,91M","-1,09%"
"03.04.2001","3.605,01","3.543,82","3.619,62","3.543,82","16,73M","1,09%"
"02.04.2001","3.566,26","3.491,41","3.578,95","3.436,33","16,67M","-1,06%"
"30.03.2001","3.604,38","3.714,11","3.723,73","3.589,93","15,44M","-3,92%"
"29.03.2001","3.751,56","3.739,63","3.799,68","3.721,45","15,21M","-0,97%"
"28.03.2001","3.788,21","3.736,54","3.792,76","3.736,54","14,51M","2,53%"
"27.03.2001","3.694,82","3.634,48","3.712,27","3.631,29","16,89M","1,61%"
"26.03.2001","3.636,32","3.640,47","3.654,04","3.600,39","9,64M","0,03%"
"23.03.2001","3.635,28","3.735,51","3.743,83","3.561,01","17,27M","-2,12%"
"22.03.2001","3.713,97","3.785,96","3.818,03","3.708,80","12,98M","-2,03%"
"21.03.2001","3.791,07","3.633,22","3.801,78","3.618,14","14,63M","3,23%"
"20.03.2001","3.672,40","3.736,09","3.740,07","3.644,51","12,25M","-1,35%"
"19.03.2001","3.722,49","3.728,51","3.774,69","3.680,26","12,38M","-0,62%"
"16.03.2001","3.745,74","3.752,36","3.867,47","3.696,52","25,12M","-1,94%"
"15.03.2001","3.819,86","3.666,20","3.823,78","3.661,84","20,96M","2,55%"
"14.03.2001","3.725,03","3.508,13","3.757,12","3.493,94","25,83M","5,21%"
"13.03.2001","3.540,65","3.605,53","3.777,48","3.436,75","41,61M","-6,03%"
"12.03.2001","3.767,89","3.862,63","3.930,68","3.748,39","18,76M","-2,94%"
"09.03.2001","3.881,96","3.986,82","3.986,82","3.821,59","27,37M","-4,31%"
"08.03.2001","4.056,94","4.089,83","4.108,03","4.016,71","23,21M","0,25%"
"07.03.2001","4.046,89","4.062,41","4.114,11","3.913,67","54,54M","1,22%"
"05.03.2001","3.998,12","4.073,73","4.127,12","3.947,71","72,91M","-2,37%"
"02.03.2001","4.095,16","4.323,18","4.341,67","4.077,42","67,55M","-4,13%"
"01.03.2001","4.271,65","4.288,23","4.386,98","4.215,27","80,18M","0,58%"
"28.02.2001","4.247,04","4.070,37","4.264,02","4.056,40","82,31M","4,36%"
"27.02.2001","4.069,68","4.140,63","4.156,03","4.020,68","59,30M","-1,05%"
"26.02.2001","4.112,69","4.168,71","4.174,85","4.074,12","44,40M","-0,23%"
"23.02.2001","4.122,16","4.261,81","4.277,36","4.118,09","50,01M","-3,29%"
"22.02.2001","4.262,55","4.252,27","4.286,63","4.190,96","45,10M","-0,92%"
"21.02.2001","4.302,23","4.338,31","4.362,50","4.285,19","55,89M","-1,31%"
"20.02.2001","4.359,22","4.360,16","4.382,36","4.342,61","66,04M","0,20%"
"19.02.2001","4.350,65","4.363,79","4.378,06","4.302,10","45,80M","0,47%"
"16.02.2001","4.330,32","4.458,73","4.462,11","4.315,95","57,73M","-2,43%"
"15.02.2001","4.437,99","4.372,60","4.459,19","4.371,95","62,56M","1,72%"
"14.02.2001","4.363,11","4.350,33","4.375,51","4.320,89","53,96M","0,00%"
"13.02.2001","4.363,05","4.437,32","4.440,76","4.354,10","69,60M","-0,98%"
"12.02.2001","4.406,30","4.429,91","4.446,08","4.389,02","51,58M","0,20%"
"09.02.2001","4.397,33","4.395,44","4.436,48","4.387,99","72,89M","0,37%"
"08.02.2001","4.381,19","4.293,87","4.387,85","4.290,88","54,83M","1,58%"
"07.02.2001","4.312,93","4.376,92","4.379,22","4.303,28","57,22M","-1,43%"
"06.02.2001","4.375,29","4.392,24","4.404,67","4.369,93","52,82M","0,11%"
"05.02.2001","4.370,47","4.337,52","4.397,19","4.337,52","66,94M","0,42%"
"02.02.2001","4.352,26","4.280,96","4.373,40","4.280,96","57,58M","1,54%"
"01.02.2001","4.286,11","4.303,13","4.335,39","4.230,17","59,59M","-0,94%"
"31.01.2001","4.326,72","4.367,58","4.409,33","4.322,68","61,45M","-1,04%"
"30.01.2001","4.372,04","4.269,41","4.373,22","4.256,76","65,26M","3,25%"
"29.01.2001","4.234,57","4.158,86","4.262,76","4.158,86","49,43M","-2,21%"
"25.01.2001","4.330,22","4.327,84","4.341,33","4.273,70","43,48M","0,09%"
"24.01.2001","4.326,42","4.320,51","4.339,41","4.295,71","57,19M","0,69%"
"23.01.2001","4.296,69","4.277,83","4.321,75","4.272,87","58,77M","0,69%"
"22.01.2001","4.267,11","4.247,45","4.278,55","4.223,56","59,06M","1,73%"
"19.01.2001","4.194,46","4.149,25","4.201,94","4.137,31","49,37M","1,98%"
"18.01.2001","4.113,21","4.106,15","4.122,66","4.085,81","47,99M","0,73%"
"17.01.2001","4.083,41","4.101,18","4.125,10","4.072,09","43,90M","0,31%"
"16.01.2001","4.070,73","4.052,18","4.097,07","4.023,90","46,66M","0,59%"
"15.01.2001","4.046,76","4.074,32","4.080,14","4.018,24","37,38M","0,25%"
"12.01.2001","4.036,58","4.059,41","4.082,77","4.018,28","44,64M","0,23%"
"11.01.2001","4.027,13","4.066,13","4.077,54","4.006,54","43,32M","-0,51%"
"10.01.2001","4.047,64","4.151,58","4.155,86","4.035,44","49,72M","-1,88%"
"09.01.2001","4.125,31","4.114,74","4.166,84","4.101,01","59,06M","0,12%"
"08.01.2001","4.120,43","4.164,76","4.206,72","4.101,53","54,73M","-1,51%"
"05.01.2001","4.183,73","4.116,34","4.195,01","4.115,35","50,65M","1,66%"
"04.01.2001","4.115,37","4.180,97","4.180,97","4.109,55","60,26M","1,36%"
"03.01.2001","4.060,02","3.977,58","4.067,66","3.977,58","56,73M","1,02%"
"02.01.2001","4.018,88","3.953,22","4.028,57","3.929,37","52,93M","1,61%"
"01.01.2001","3.955,08","3.990,65","4.021,83","3.937,33","31,45M","-0,43%"
"29.12.2000","3.972,12","3.933,95","3.978,25","3.904,32","37,49M","1,00%"
"28.12.2000","3.932,78","3.918,17","3.940,45","3.895,21","32,37M","1,42%"
"27.12.2000","3.877,55","3.830,37","3.902,85","3.803,69","33,58M","1,33%"
"26.12.2000","3.826,82","3.927,51","3.939,08","3.810,99","40,10M","-2,02%"
"22.12.2000","3.905,90","4.057,72","4.080,30","3.895,37","48,90M","-3,18%"
"21.12.2000","4.034,23","4.013,10","4.064,71","3.968,34","45,26M","-1,28%"
"20.12.2000","4.086,41","4.106,34","4.121,82","4.057,95","38,98M","-1,60%"
"19.12.2000","4.152,94","4.188,02","4.200,34","4.143,56","51,96M","-0,39%"
"18.12.2000","4.169,39","4.121,86","4.186,77","4.108,68","47,25M","0,78%"
"15.12.2000","4.137,16","4.241,46","4.264,83","4.130,60","52,33M","-3,12%"
"14.12.2000","4.270,45","4.297,44","4.332,65","4.256,34","48,30M","-0,34%"
"13.12.2000","4.284,98","4.235,56","4.298,63","4.235,56","50,92M","1,55%"
"12.12.2000","4.219,48","4.254,16","4.255,69","4.210,15","53,11M","-0,21%"
"11.12.2000","4.228,29","4.198,72","4.233,26","4.178,51","40,17M","1,74%"
"08.12.2000","4.156,08","4.134,10","4.167,32","4.134,10","46,48M","0,76%"
"07.12.2000","4.124,91","4.099,49","4.136,74","4.095,99","39,25M","0,40%"
"06.12.2000","4.108,43","4.155,22","4.156,66","4.097,55","47,65M","0,90%"
"05.12.2000","4.071,98","4.061,90","4.082,44","4.048,85","41,37M","0,88%"
"04.12.2000","4.036,49","4.078,56","4.088,28","4.034,62","38,32M","0,11%"
"01.12.2000","4.031,96","3.968,89","4.054,86","3.966,55","52,33M","0,85%"
"30.11.2000","3.997,99","4.003,41","4.019,52","3.972,85","41,42M","0,05%"
"29.11.2000","3.996,18","3.997,33","4.046,19","3.957,19","48,53M","-0,69%"
"28.11.2000","4.023,92","3.962,21","4.038,64","3.962,20","61,56M","1,38%"
"27.11.2000","3.969,20","3.930,96","3.972,48","3.902,10","42,71M","2,61%"
"24.11.2000","3.868,34","3.860,52","3.889,56","3.856,58","33,59M","0,41%"
"23.11.2000","3.852,40","3.837,11","3.871,34","3.826,42","32,92M","-0,26%"
"22.11.2000","3.862,39","3.938,46","3.947,98","3.861,01","26,68M","-1,59%"
"21.11.2000","3.924,70","3.889,18","3.928,58","3.882,65","25,60M","-0,05%"
"20.11.2000","3.926,52","3.928,62","3.942,55","3.908,28","28,97M","0,53%"
"17.11.2000","3.905,84","3.869,17","3.917,59","3.848,86","26,64M","0,10%"
"16.11.2000","3.901,90","3.946,83","3.971,32","3.884,88","28,30M","-1,13%"
"15.11.2000","3.946,53","3.994,88","4.016,09","3.931,84","41,52M","0,08%"
"14.11.2000","3.943,54","3.816,13","3.952,39","3.816,13","39,58M","3,23%"
"13.11.2000","3.820,08","3.842,63","3.863,35","3.797,50","28,26M","-3,07%"
"10.11.2000","3.941,13","4.011,06","4.032,94","3.930,35","22,36M","-2,02%"
"09.11.2000","4.022,50","3.981,31","4.046,01","3.980,20","22,19M","-0,15%"
"08.11.2000","4.028,71","3.958,69","4.045,05","3.958,69","37,39M","1,87%"
"07.11.2000","3.954,83","3.917,10","3.959,93","3.910,81","27,40M","0,59%"
"06.11.2000","3.931,54","3.971,98","4.005,19","3.919,34","38,26M","-0,11%"
"03.11.2000","3.935,70","3.907,23","3.960,14","3.894,59","33,39M","1,55%"
"02.11.2000","3.875,79","3.799,66","3.882,54","3.795,45","35,34M","2,30%"
"01.11.2000","3.788,53","3.749,35","3.807,70","3.734,98","34,37M","2,09%"
"31.10.2000","3.711,02","3.672,48","3.713,91","3.646,73","27,66M","0,59%"
"30.10.2000","3.689,43","3.744,10","3.751,28","3.680,18","18,87M","-1,06%"
"27.10.2000","3.729,12","3.770,66","3.773,54","3.704,54","20,53M","-0,75%"
"26.10.2000","3.757,16","3.743,61","3.761,46","3.739,54","5,83M","0,36%"
"25.10.2000","3.743,61","3.664,12","3.748,96","3.662,23","23,02M","2,51%"
"24.10.2000","3.651,99","3.603,66","3.656,31","3.584,38","20,49M","0,90%"
"23.10.2000","3.619,53","3.709,54","3.716,60","3.608,36","19,79M","-1,98%"
"20.10.2000","3.692,75","3.799,78","3.801,86","3.691,89","33,94M","-0,27%"
"19.10.2000","3.702,83","3.576,44","3.702,83","3.491,55","30,81M","3,04%"
"18.10.2000","3.593,63","3.625,32","3.640,73","3.545,01","22,67M","-1,94%"
"17.10.2000","3.664,79","3.702,40","3.718,74","3.613,74","34,78M","-1,71%"
"16.10.2000","3.728,67","3.908,73","3.930,10","3.726,58","30,84M","-0,27%"
"13.10.2000","3.738,93","3.749,77","3.793,08","3.714,46","28,72M","-2,82%"
"12.10.2000","3.847,58","3.793,61","3.879,47","3.777,49","26,30M","0,29%"
"11.10.2000","3.836,51","3.892,78","3.895,81","3.803,72","26,99M","-2,76%"
"10.10.2000","3.945,28","4.079,61","4.079,61","3.931,21","26,41M","-2,73%"
"09.10.2000","4.056,07","4.106,15","4.135,16","4.055,42","20,82M","-0,89%"
"06.10.2000","4.092,42","4.085,02","4.131,25","4.042,95","19,31M","-0,58%"
"05.10.2000","4.116,25","4.177,09","4.197,39","4.115,62","19,35M","-1,06%"
"04.10.2000","4.160,41","4.101,63","4.173,65","4.101,63","17,92M","0,60%"
"03.10.2000","4.135,55","4.035,64","4.139,53","4.028,51","22,88M","1,10%"
"29.09.2000","4.090,38","4.122,28","4.122,28","4.056,72","24,89M","0,57%"
"28.09.2000","4.067,38","4.155,71","4.184,61","4.043,67","29,21M","-2,32%"
"27.09.2000","4.164,10","4.025,68","4.172,65","4.004,73","24,44M","1,82%"
"26.09.2000","4.089,58","4.159,87","4.160,13","4.056,03","24,74M","-2,01%"
"25.09.2000","4.173,48","4.144,81","4.210,00","4.105,75","25,33M","3,50%"
"22.09.2000","4.032,37","4.188,47","4.208,66","4.028,49","205,95M","-5,28%"
"21.09.2000","4.257,20","4.304,25","4.331,38","4.257,04","16,85M","-1,57%"
"20.09.2000","4.325,25","4.325,78","4.339,37","4.211,87","19,35M","1,43%"
"19.09.2000","4.264,34","4.295,63","4.390,21","4.171,89","31,65M","-2,34%"
"18.09.2000","4.366,41","4.511,42","4.513,09","4.362,47","25,40M","-4,30%"
"15.09.2000","4.562,38","4.666,47","4.685,66","4.539,35","24,54M","-2,34%"
"14.09.2000","4.671,92","4.721,98","4.741,42","4.640,87","21,40M","-0,65%"
"13.09.2000","4.702,52","4.776,52","4.790,63","4.690,50","26,73M","-1,28%"
"12.09.2000","4.763,63","4.705,82","4.766,36","4.681,03","24,93M","1,43%"
"11.09.2000","4.696,60","4.715,30","4.748,81","4.694,40","29,32M","0,61%"
"08.09.2000","4.668,27","4.649,97","4.677,67","4.640,25","29,21M","0,85%"
"07.09.2000","4.628,93","4.579,68","4.660,68","4.578,37","20,17M","0,49%"
"06.09.2000","4.606,35","4.577,50","4.640,10","4.571,92","34,53M","0,17%"
"05.09.2000","4.598,65","4.623,83","4.623,83","4.574,89","30,47M","-0,08%"
"04.09.2000","4.602,43","4.571,89","4.620,32","4.557,11","34,83M","2,79%"
"31.08.2000","4.477,31","4.409,84","4.485,20","4.404,62","21,47M","1,48%"
"30.08.2000","4.411,85","4.416,14","4.436,57","4.387,39","20,20M","0,23%"
"29.08.2000","4.401,82","4.382,56","4.412,84","4.370,50","18,99M","0,14%"
"28.08.2000","4.395,81","4.443,71","4.452,76","4.393,61","20,89M","-0,48%"
"25.08.2000","4.416,86","4.482,20","4.485,63","4.414,72","23,11M","-0,95%"
"24.08.2000","4.459,07","4.445,56","4.471,86","4.417,14","23,49M","0,32%"
"23.08.2000","4.444,79","4.447,70","4.500,30","4.426,62","27,49M","-0,37%"
"22.08.2000","4.461,23","4.481,22","4.483,87","4.438,72","27,21M","1,17%"
"21.08.2000","4.409,57","4.383,81","4.426,48","4.377,92","21,25M","1,44%"
"18.08.2000","4.347,04","4.297,90","4.364,39","4.290,12","21,69M","1,23%"
"17.08.2000","4.294,18","4.346,03","4.365,43","4.267,91","25,15M","-0,73%"
"16.08.2000","4.325,67","4.263,76","4.337,06","4.263,76","23,37M","2,20%"
"14.08.2000","4.232,51","4.204,33","4.233,49","4.142,81","22,35M","0,97%"
"11.08.2000","4.192,00","4.236,55","4.250,63","4.176,47","19,83M","-1,44%"
"10.08.2000","4.253,23","4.312,24","4.360,91","4.244,19","16,11M","-1,48%"
"09.08.2000","4.317,04","4.347,59","4.374,68","4.296,57","28,07M","0,00%"
"08.08.2000","4.317,22","4.217,68","4.327,00","4.200,99","30,58M","2,76%"
"07.08.2000","4.201,25","4.203,77","4.232,80","4.159,35","18,59M","0,36%"
"04.08.2000","4.186,16","4.241,23","4.266,21","4.155,45","18,94M","-0,51%"
"03.08.2000","4.207,63","4.232,21","4.279,51","4.204,41","18,17M","-1,25%"
"02.08.2000","4.260,88","4.224,01","4.264,17","4.193,58","17,72M","0,17%"
"01.08.2000","4.253,69","4.295,35","4.302,86","4.239,82","18,58M","-0,61%"
"31.07.2000","4.279,86","4.232,54","4.301,71","4.225,57","14,88M","0,07%"
"28.07.2000","4.276,70","4.275,34","4.348,88","4.244,73","20,85M","-0,10%"
"27.07.2000","4.281,13","4.149,84","4.287,86","4.113,42","20,26M","2,14%"
"26.07.2000","4.191,27","4.361,88","4.374,38","4.191,27","20,37M","-3,34%"
"25.07.2000","4.336,20","4.097,22","4.369,14","4.052,61","30,60M","3,53%"
"24.07.2000","4.188,34","4.347,52","4.353,44","4.188,34","22,42M","-6,17%"
"21.07.2000","4.463,66","4.601,08","4.606,21","4.460,42","25,78M","-2,45%"
"20.07.2000","4.575,67","4.592,28","4.634,46","4.538,95","27,47M","-0,87%"
"19.07.2000","4.616,01","4.672,19","4.721,85","4.604,54","21,18M","-2,51%"
"18.07.2000","4.734,80","4.741,15","4.777,50","4.704,40","19,59M","-0,26%"
"17.07.2000","4.747,32","4.874,41","4.883,30","4.747,32","19,99M","-2,25%"
"14.07.2000","4.856,82","4.891,43","4.951,95","4.847,51","20,76M","-0,49%"
"13.07.2000","4.880,80","4.994,92","5.058,90","4.878,45","21,34M","-1,68%"
"12.07.2000","4.964,28","4.883,65","4.967,14","4.862,49","19,14M","1,35%"
"11.07.2000","4.898,07","4.887,76","4.919,31","4.863,96","25,52M","0,63%"
"10.07.2000","4.867,43","4.908,74","4.920,38","4.847,45","20,44M","-0,78%"
"07.07.2000","4.905,94","4.920,14","4.924,22","4.900,31","20,71M","0,42%"
"06.07.2000","4.885,60","4.862,99","4.908,34","4.846,64","26,38M","-0,54%"
"05.07.2000","4.912,11","4.898,15","4.940,38","4.881,15","32,28M","0,51%"
"04.07.2000","4.887,06","4.870,86","4.902,71","4.840,39","27,52M","0,87%"
"03.07.2000","4.844,98","4.846,69","4.853,83","4.778,74","25,13M","2,03%"
"30.06.2000","4.748,77","4.760,60","4.792,69","4.694,88","18,10M","-0,92%"
"29.06.2000","4.792,74","4.820,58","4.849,97","4.785,63","22,99M","0,93%"
"28.06.2000","4.748,80","4.660,28","4.748,80","4.642,56","11,50M","1,32%"
"27.06.2000","4.686,91","4.682,59","4.732,70","4.677,57","17,82M","0,36%"
"26.06.2000","4.670,09","4.674,21","4.697,63","4.607,58","12,12M","-1,09%"
"23.06.2000","4.721,70","4.771,07","4.822,63","4.687,31","33,92M","-1,51%"
"22.06.2000","4.794,16","4.749,40","4.795,10","4.693,46","20,26M","1,32%"
"21.06.2000","4.731,57","4.888,43","4.888,43","4.723,57","16,05M","-2,72%"
"20.06.2000","4.863,90","4.891,23","4.919,63","4.834,79","18,27M","0,55%"
"19.06.2000","4.837,24","4.808,25","4.884,89","4.788,94","18,46M","1,52%"
"16.06.2000","4.764,67","4.666,06","4.768,59","4.654,12","19,86M","2,40%"
"15.06.2000","4.653,22","4.609,98","4.685,63","4.575,03","13,86M","0,61%"
"14.06.2000","4.625,04","4.648,78","4.693,67","4.604,50","16,56M","0,21%"
"13.06.2000","4.615,13","4.583,34","4.640,59","4.555,09","19,11M","-0,52%"
"12.06.2000","4.639,46","4.794,67","4.800,13","4.638,81","17,72M","-1,91%"
"09.06.2000","4.729,63","4.772,00","4.797,59","4.712,21","27,07M","0,02%"
"08.06.2000","4.728,81","4.656,00","4.746,88","4.656,00","20,08M","2,69%"
"07.06.2000","4.604,84","4.580,89","4.650,88","4.556,52","14,60M","0,29%"
"06.06.2000","4.591,68","4.555,18","4.605,46","4.488,23","16,15M","1,33%"
"05.06.2000","4.531,53","4.609,78","4.705,49","4.485,29","33,79M","1,75%"
"02.06.2000","4.453,47","4.381,70","4.486,99","4.381,70","21,67M","2,96%"
"01.06.2000","4.325,47","4.406,52","4.412,20","4.321,26","15,95M","-2,44%"
"31.05.2000","4.433,61","4.434,99","4.536,10","4.416,88","26,07M","2,83%"
"30.05.2000","4.311,77","4.207,01","4.318,65","4.185,36","19,68M","2,91%"
"29.05.2000","4.189,85","4.082,91","4.222,65","4.064,46","23,88M","2,57%"
"26.05.2000","4.084,71","3.994,40","4.097,60","3.947,33","16,86M","2,14%"
"25.05.2000","3.999,03","3.962,98","4.060,76","3.961,02","16,96M","1,66%"
"24.05.2000","3.933,65","3.872,70","3.981,46","3.840,11","15,52M","-0,25%"
"23.05.2000","3.943,54","3.878,82","3.943,54","3.831,86","14,15M","0,60%"
"22.05.2000","3.920,18","3.978,54","4.015,38","3.920,18","13,78M","-3,65%"
"19.05.2000","4.068,65","4.149,39","4.150,77","4.026,64","14,71M","-2,95%"
"18.05.2000","4.192,44","4.205,48","4.254,35","4.159,90","11,93M","-0,99%"
"17.05.2000","4.234,23","4.306,01","4.367,22","4.195,19","15,03M","0,10%"
"16.05.2000","4.230,13","4.239,44","4.247,19","4.154,07","10,83M","0,42%"
"15.05.2000","4.212,53","4.024,66","4.249,45","3.912,95","13,50M","2,57%"
"12.05.2000","4.107,14","4.243,54","4.267,87","4.102,77","15,24M","-3,39%"
"11.05.2000","4.251,36","4.324,19","4.352,56","4.198,17","14,89M","-4,64%"
"10.05.2000","4.458,40","4.593,38","4.593,38","4.449,89","15,36M","-2,62%"
"09.05.2000","4.578,49","4.365,26","4.578,49","4.351,14","17,84M","2,58%"
"08.05.2000","4.463,40","4.744,83","4.757,89","4.463,40","15,12M","-4,91%"
"05.05.2000","4.693,88","4.600,64","4.731,94","4.590,13","23,35M","3,07%"
"04.05.2000","4.553,92","4.384,53","4.568,54","4.335,04","19,32M","5,04%"
"03.05.2000","4.335,29","4.200,74","4.394,58","4.109,66","20,03M","-0,84%"
"02.05.2000","4.372,22","4.736,02","4.737,68","4.344,51","22,04M","-6,13%"
"28.04.2000","4.657,55","4.767,89","4.767,89","4.625,00","20,27M","-0,47%"
"27.04.2000","4.679,63","4.761,90","4.799,26","4.637,03","31,71M","-2,36%"
"26.04.2000","4.792,95","4.692,78","4.803,27","4.644,12","28,00M","5,71%"
"25.04.2000","4.533,99","4.336,64","4.552,48","4.284,17","26,42M","0,51%"
"24.04.2000","4.511,05","4.723,27","4.723,27","4.509,09","20,63M","-3,14%"
"20.04.2000","4.657,42","4.561,07","4.698,34","4.431,74","28,27M","-0,18%"
"19.04.2000","4.665,81","4.884,81","4.901,50","4.571,12","22,71M","-1,68%"
"18.04.2000","4.745,47","4.973,25","4.981,42","4.723,19","21,12M","-2,77%"
"17.04.2000","4.880,71","4.797,95","4.899,54","4.797,95","32,58M","-5,63%"
"13.04.2000","5.172,13","5.130,18","5.205,69","5.106,23","12,42M","-4,69%"
"12.04.2000","5.426,82","5.502,42","5.542,81","5.416,19","18,80M","-2,07%"
"11.04.2000","5.541,54","5.428,70","5.541,82","5.368,20","17,44M","1,81%"
"10.04.2000","5.442,86","5.481,49","5.532,54","5.435,35","41,94M","4,29%"
"07.04.2000","5.219,20","4.987,10","5.222,80","4.987,10","28,09M","7,24%"
"06.04.2000","4.866,73","4.899,45","4.899,45","4.608,11","26,13M","2,31%"
"05.04.2000","4.757,06","4.616,36","4.852,45","4.601,58","31,65M","1,40%"
"04.04.2000","4.691,46","4.907,41","4.907,41","4.666,95","36,47M","-7,15%"
"03.04.2000","5.052,94","5.070,50","5.085,00","4.977,21","33,38M","1,03%"
"31.03.2000","5.001,28","4.892,43","5.022,24","4.867,23","27,26M","-0,79%"
"30.03.2000","5.041,08","4.984,10","5.058,44","4.891,40","20,62M","-1,20%"
"29.03.2000","5.102,46","5.233,76","5.233,76","5.080,45","17,99M","-1,04%"
"28.03.2000","5.156,12","5.094,17","5.156,23","5.044,17","19,79M","0,19%"
"27.03.2000","5.146,30","5.203,16","5.286,81","5.126,35","11,33M","0,09%"
"24.03.2000","5.141,42","5.083,17","5.203,93","5.052,74","9,10M","0,52%"
"23.03.2000","5.115,02","5.314,32","5.314,32","5.088,10","12,32M","-1,67%"
"22.03.2000","5.201,87","5.204,07","5.247,28","5.159,36","15,70M","1,34%"
"21.03.2000","5.133,24","5.177,59","5.230,36","5.085,53","17,63M","0,60%"
"16.03.2000","5.102,41","5.249,98","5.301,44","5.077,33","21,73M","-2,81%"
"15.03.2000","5.249,76","5.067,42","5.339,94","5.045,99","19,81M","1,43%"
"14.03.2000","5.175,71","5.020,55","5.177,55","4.943,30","22,35M","0,91%"
"13.03.2000","5.129,22","5.372,82","5.430,87","5.100,62","19,00M","-3,25%"
"10.03.2000","5.301,78","5.384,42","5.478,97","5.196,72","21,49M","-0,51%"
"09.03.2000","5.328,79","5.579,87","5.607,94","5.278,68","14,87M","-3,31%"
"08.03.2000","5.511,42","5.711,88","5.783,51","5.439,14","17,00M","-1,40%"
"07.03.2000","5.589,85","5.674,99","5.674,99","5.525,89","21,66M","1,25%"
"06.03.2000","5.520,69","5.662,29","5.692,97","5.459,61","19,14M","2,65%"
"03.03.2000","5.378,27","5.602,94","5.602,94","5.362,80","22,34M","-2,71%"
"02.03.2000","5.528,31","5.803,33","5.828,79","5.528,31","24,01M","-2,02%"
"01.03.2000","5.642,12","5.464,65","5.681,11","5.341,61","22,43M","3,58%"
"29.02.2000","5.446,98","5.827,81","5.903,49","5.383,61","36,54M","-5,12%"
"28.02.2000","5.740,69","5.737,53","5.740,69","5.580,05","17,44M","2,09%"
"25.02.2000","5.623,08","5.840,25","5.840,25","5.623,08","23,17M","-3,22%"
"24.02.2000","5.810,17","5.764,16","5.816,16","5.620,83","14,97M","2,97%"
"23.02.2000","5.642,46","6.002,49","6.033,98","5.612,55","17,75M","-4,09%"
"22.02.2000","5.883,33","6.000,30","6.009,02","5.864,79","18,40M","0,11%"
"21.02.2000","5.876,89","5.874,25","5.941,90","5.834,51","19,66M","2,71%"
"18.02.2000","5.721,65","5.894,19","5.894,19","5.681,98","19,92M","-1,95%"
"17.02.2000","5.835,15","5.810,24","5.877,04","5.799,79","18,58M","1,92%"
"16.02.2000","5.725,50","5.782,20","5.864,97","5.711,75","17,16M","-1,34%"
"15.02.2000","5.803,19","5.797,31","5.941,88","5.774,32","29,01M","-2,04%"
"14.02.2000","5.924,31","6.130,23","6.150,69","5.923,17","24,92M","-0,16%"
"11.02.2000","5.933,56","5.985,05","6.005,85","5.917,04","29,00M","2,50%"
"10.02.2000","5.789,04","5.765,28","5.789,04","5.715,05","23,74M","2,48%"
"09.02.2000","5.649,10","5.704,01","5.756,87","5.635,69","27,79M","0,69%"
"08.02.2000","5.610,56","5.585,38","5.647,64","5.585,38","26,61M","2,49%"
"07.02.2000","5.474,00","5.431,55","5.518,29","5.431,55","23,53M","3,02%"
"04.02.2000","5.313,59","5.394,00","5.402,70","5.313,59","26,72M","-0,50%"
"03.02.2000","5.340,19","5.366,62","5.381,74","5.323,32","25,53M","0,66%"
"02.02.2000","5.304,92","5.264,62","5.342,98","5.264,62","28,74M","1,71%"
"01.02.2000","5.215,54","5.217,65","5.232,84","5.127,79","27,21M","0,20%"
"31.01.2000","5.205,29","5.338,67","5.345,30","5.186,32","26,16M","-2,45%"
"28.01.2000","5.335,80","5.417,53","5.417,53","5.331,54","30,63M","-0,62%"
"27.01.2000","5.369,10","5.424,14","5.457,30","5.362,25","26,89M","0,02%"
"25.01.2000","5.367,79","5.412,49","5.430,29","5.351,22","25,19M","-1,65%"
"24.01.2000","5.458,06","5.529,38","5.583,22","5.439,48","24,68M","0,65%"
"21.01.2000","5.423,05","5.352,63","5.441,83","5.330,08","28,31M","1,26%"
"20.01.2000","5.355,80","5.508,04","5.516,16","5.348,56","25,86M","-2,24%"
"19.01.2000","5.478,24","5.496,68","5.528,12","5.460,68","26,36M","0,25%"
"18.01.2000","5.464,51","5.414,26","5.465,54","5.347,92","23,98M","1,12%"
"17.01.2000","5.404,07","5.617,70","5.664,50","5.404,07","21,89M","-1,23%"
"14.01.2000","5.471,27","5.460,31","5.476,38","5.344,59","31,59M","0,49%"
"13.01.2000","5.444,82","5.568,64","5.652,22","5.430,81","25,49M","-0,84%"
"12.01.2000","5.491,20","5.267,85","5.494,30","5.267,85","19,87M","3,68%"
"11.01.2000","5.296,30","5.513,04","5.537,69","5.221,28","29,94M","-4,02%"
"10.01.2000","5.518,39","5.617,59","5.668,28","5.459,97","30,24M","1,92%"
"07.01.2000","5.414,48","5.358,28","5.463,25","5.330,58","41,96M","-0,13%"
"06.01.2000","5.421,53","5.424,21","5.489,86","5.391,33","35,81M","1,20%"
"05.01.2000","5.357,00","5.265,09","5.464,35","5.184,48","40,34M","-2,44%"
"04.01.2000","5.491,01","5.533,98","5.533,98","5.376,43","33,33M","2,16%"
"03.01.2000","5.375,11","5.209,54","5.384,66","5.209,54","21,96M","7,38%"
"30.12.1999","5.005,82","5.015,35","5.015,35","4.937,99","15,68M","1,34%"
"29.12.1999","4.939,47","4.884,50","4.960,86","4.874,37","19,55M","1,59%"
"28.12.1999","4.861,93","4.784,45","4.862,18","4.781,26","13,40M","0,90%"
"27.12.1999","4.818,37","4.907,31","4.917,40","4.807,34","12,26M","-1,16%"
"24.12.1999","4.874,73","4.982,72","4.982,72","4.845,77","21,48M","-1,90%"
"23.12.1999","4.969,22","5.074,84","5.077,23","4.960,52","22,83M","0,42%"
"22.12.1999","4.948,54","4.854,89","4.951,76","4.854,89","27,80M","3,40%"
"21.12.1999","4.786,01","4.788,59","4.802,59","4.731,74","16,02M","0,83%"
"20.12.1999","4.746,54","4.793,72","4.846,15","4.734,61","18,85M","1,51%"
"17.12.1999","4.675,85","4.764,46","4.766,84","4.673,61","21,04M","-0,74%"
"16.12.1999","4.710,49","4.692,49","4.763,16","4.692,49","13,39M","0,90%"
"15.12.1999","4.668,55","4.632,34","4.711,02","4.584,74","15,25M","-0,47%"
"14.12.1999","4.690,78","4.786,06","4.787,00","4.668,54","19,95M","-2,34%"
"13.12.1999","4.802,96","4.864,29","4.876,64","4.793,84","21,90M","0,24%"
"10.12.1999","4.791,46","4.865,78","4.870,91","4.787,45","24,71M","-1,05%"
"09.12.1999","4.842,15","4.796,80","4.849,96","4.762,52","16,35M","0,83%"
"08.12.1999","4.802,21","4.909,63","4.943,85","4.735,68","38,11M","-1,34%"
"07.12.1999","4.867,61","4.891,47","4.893,47","4.850,37","29,04M","0,65%"
"06.12.1999","4.835,98","4.785,06","4.842,34","4.785,06","22,52M","2,58%"
"03.12.1999","4.714,14","4.746,34","4.771,15","4.698,09","24,28M","0,48%"
"02.12.1999","4.691,67","4.617,76","4.730,29","4.617,76","22,11M","1,66%"
"01.12.1999","4.614,96","4.609,66","4.667,02","4.593,47","18,14M","-0,16%"
"30.11.1999","4.622,21","4.636,28","4.649,65","4.599,46","17,89M","-0,37%"
"29.11.1999","4.639,43","4.692,41","4.698,17","4.632,37","17,63M","-1,39%"
"26.11.1999","4.704,99","4.760,18","4.762,22","4.696,66","17,64M","-0,75%"
"25.11.1999","4.740,68","4.699,01","4.770,11","4.699,01","20,83M","1,16%"
"24.11.1999","4.686,11","4.641,72","4.706,49","4.639,54","20,83M","1,07%"
"22.11.1999","4.636,31","4.617,84","4.641,19","4.591,57","14,83M","1,14%"
"19.11.1999","4.584,10","4.631,24","4.653,26","4.574,17","17,14M","-0,48%"
"18.11.1999","4.606,16","4.564,50","4.606,16","4.511,87","16,72M","1,42%"
"17.11.1999","4.541,48","4.581,53","4.635,85","4.540,41","17,51M","-0,82%"
"16.11.1999","4.578,87","4.585,22","4.591,77","4.552,47","14,81M","-0,15%"
"15.11.1999","4.585,92","4.675,98","4.681,06","4.581,74","12,79M","-0,94%"
"12.11.1999","4.629,61","4.653,09","4.657,30","4.596,91","16,64M","-0,21%"
"11.11.1999","4.639,36","4.662,23","4.715,86","4.639,36","21,87M","0,38%"
"09.11.1999","4.621,96","4.648,20","4.648,20","4.560,81","22,28M","-0,61%"
"07.11.1999","4.650,54","4.668,45","4.682,35","4.642,02","","1,13%"
"05.11.1999","4.598,45","4.501,27","4.608,42","4.501,27","26,61M","2,51%"
"04.11.1999","4.485,92","4.453,52","4.501,36","4.417,94","19,08M","0,67%"
"03.11.1999","4.456,18","4.523,63","4.536,20","4.382,95","27,51M","-0,79%"
"02.11.1999","4.491,56","4.254,85","4.494,76","4.209,41","28,99M","5,17%"
"01.11.1999","4.270,74","4.490,06","4.500,36","4.267,23","23,21M","-3,91%"
"29.10.1999","4.444,56","4.601,40","4.601,40","4.368,85","31,48M","-3,26%"
"28.10.1999","4.594,57","4.742,92","4.742,92","4.576,65","22,11M","-3,40%"
"27.10.1999","4.756,20","4.821,32","4.828,25","4.708,40","26,53M","-1,21%"
"26.10.1999","4.814,34","4.830,58","4.845,30","4.794,73","21,93M","-0,03%"
"25.10.1999","4.816,01","4.850,73","4.912,36","4.765,57","29,06M","0,69%"
"22.10.1999","4.783,08","4.817,25","4.831,87","4.755,89","32,34M","-1,11%"
"21.10.1999","4.836,91","4.972,81","4.977,57","4.834,23","31,99M","-2,15%"
"20.10.1999","4.943,14","4.967,91","4.990,41","4.922,07","31,65M","0,25%"
"18.10.1999","4.930,69","4.930,81","4.971,88","4.853,83","28,47M","0,96%"
"15.10.1999","4.884,02","5.090,19","5.095,26","4.866,85","28,30M","-3,77%"
"14.10.1999","5.075,39","5.055,76","5.118,39","5.041,00","23,90M","0,84%"
"13.10.1999","5.032,99","4.957,64","5.063,57","4.922,04","29,54M","-0,48%"
"12.10.1999","5.057,32","5.034,81","5.076,94","5.022,87","27,14M","0,51%"
"11.10.1999","5.031,78","5.150,99","5.150,99","5.028,61","31,16M","1,00%"
"08.10.1999","4.981,74","5.005,93","5.091,24","4.942,67","34,81M","0,38%"
"07.10.1999","4.963,10","4.816,11","4.985,15","4.810,18","35,40M","5,65%"
"06.10.1999","4.697,70","4.668,68","4.783,63","4.652,38","32,93M","-0,24%"
"05.10.1999","4.708,92","4.648,74","4.708,92","4.627,04","24,44M","1,16%"
"04.10.1999","4.654,72","4.773,92","4.781,20","4.654,72","19,18M","-1,01%"
"01.10.1999","4.702,31","4.808,63","4.814,15","4.682,25","26,11M","-1,30%"
"30.09.1999","4.764,42","4.837,42","4.837,42","4.764,42","33,57M","-0,69%"
"29.09.1999","4.797,41","4.779,56","4.831,78","4.765,39","38,32M","1,35%"
"28.09.1999","4.733,42","4.701,19","4.738,81","4.656,44","37,11M","0,38%"
"27.09.1999","4.715,67","4.822,16","4.871,34","4.715,25","32,71M","-0,89%"
"24.09.1999","4.757,82","4.728,43","4.823,24","4.727,12","36,63M","0,46%"
"23.09.1999","4.735,81","4.709,43","4.736,30","4.682,80","22,00M","1,04%"
"22.09.1999","4.687,23","4.642,33","4.741,08","4.631,76","19,49M","1,17%"
"21.09.1999","4.633,00","4.677,01","4.686,76","4.614,29","20,95M","-0,17%"
"20.09.1999","4.641,07","4.658,83","4.725,55","4.635,32","22,24M","0,49%"
"17.09.1999","4.618,39","4.565,17","4.628,31","4.513,55","26,44M","1,03%"
"16.09.1999","4.571,09","4.672,07","4.677,48","4.571,09","19,69M","-1,93%"
"15.09.1999","4.661,04","4.739,26","4.739,26","4.660,21","20,82M","-1,48%"
"14.09.1999","4.731,12","4.797,82","4.808,85","4.697,87","23,24M","-0,61%"
"10.09.1999","4.760,21","4.772,95","4.776,84","4.746,54","22,97M","-0,09%"
"09.09.1999","4.764,59","4.783,40","4.795,59","4.745,00","24,93M","-0,36%"
"08.09.1999","4.781,62","4.794,41","4.827,43","4.775,13","23,75M","0,17%"
"07.09.1999","4.773,65","4.840,97","4.847,09","4.762,95","22,82M","-1,22%"
"06.09.1999","4.832,56","4.728,19","4.839,16","4.728,19","17,20M","2,60%"
"03.09.1999","4.709,93","4.722,92","4.754,55","4.695,91","26,09M","-0,42%"
"02.09.1999","4.729,73","4.813,73","4.813,73","4.720,19","21,67M","-1,96%"
"01.09.1999","4.824,44","4.910,64","4.914,12","4.813,54","30,30M","-1,51%"
"31.08.1999","4.898,21","4.915,80","4.917,41","4.876,81","27,90M","-0,16%"
"30.08.1999","4.905,89","4.953,73","4.965,79","4.900,87","34,20M","0,72%"
"27.08.1999","4.870,66","4.875,28","4.896,09","4.851,60","35,72M","0,50%"
"26.08.1999","4.846,36","4.767,08","4.846,36","4.744,71","30,22M","2,70%"
"25.08.1999","4.718,73","4.813,75","4.826,07","4.609,98","41,84M","-1,53%"
"24.08.1999","4.792,10","4.762,72","4.792,10","4.744,95","33,97M","1,32%"
"23.08.1999","4.729,78","4.713,34","4.766,79","4.713,34","34,35M","1,81%"
"20.08.1999","4.645,81","4.629,45","4.650,75","4.601,49","27,60M","0,34%"
"19.08.1999","4.630,06","4.721,61","4.742,44","4.627,56","33,69M","-1,60%"
"18.08.1999","4.705,13","4.648,27","4.729,38","4.648,27","32,80M","1,82%"
"17.08.1999","4.621,00","4.586,49","4.621,29","4.575,99","29,44M","1,38%"
"16.08.1999","4.558,23","4.560,31","4.585,39","4.548,39","28,45M","1,57%"
"13.08.1999","4.487,87","4.567,31","4.572,53","4.479,73","24,76M","-1,23%"
"12.08.1999","4.543,64","4.583,68","4.592,78","4.543,64","23,28M","-0,22%"
"11.08.1999","4.553,63","4.520,95","4.616,40","4.502,97","27,12M","-0,88%"
"10.08.1999","4.594,12","4.630,80","4.630,80","4.577,63","24,31M","-0,97%"
"09.08.1999","4.639,20","4.605,07","4.659,66","4.605,07","22,37M","1,40%"
"06.08.1999","4.575,30","4.616,03","4.616,03","4.570,65","25,88M","-0,56%"
"05.08.1999","4.601,19","4.669,78","4.688,99","4.588,96","26,70M","-0,92%"
"04.08.1999","4.644,07","4.548,75","4.644,20","4.548,75","31,07M","2,58%"
"03.08.1999","4.527,30","4.491,73","4.527,64","4.470,52","27,11M","0,74%"
"02.08.1999","4.494,18","4.571,36","4.571,36","4.491,84","18,65M","-1,06%"
"30.07.1999","4.542,34","4.590,48","4.593,22","4.526,80","27,64M","-1,33%"
"29.07.1999","4.603,42","4.621,54","4.636,60","4.575,46","29,53M","0,11%"
"28.07.1999","4.598,18","4.603,69","4.644,21","4.562,55","25,40M","0,11%"
"27.07.1999","4.593,22","4.632,78","4.640,52","4.573,21","28,54M","-0,70%"
"26.07.1999","4.625,40","4.686,70","4.686,70","4.592,67","21,54M","-1,00%"
"23.07.1999","4.672,12","4.751,98","4.769,34","4.663,12","28,40M","-1,20%"
"22.07.1999","4.728,78","4.656,00","4.728,78","4.656,00","26,81M","1,48%"
"21.07.1999","4.659,59","4.566,59","4.689,52","4.545,63","25,33M","0,90%"
"20.07.1999","4.617,82","4.703,33","4.721,78","4.586,26","29,92M","-2,10%"
"19.07.1999","4.716,81","4.683,99","4.757,04","4.683,99","27,52M","1,66%"
"16.07.1999","4.639,94","4.635,87","4.658,36","4.593,69","33,85M","-0,85%"
"15.07.1999","4.679,92","4.776,13","4.810,33","4.673,47","36,30M","-0,64%"
"14.07.1999","4.710,25","4.627,23","4.710,25","4.557,19","33,48M","2,06%"
"13.07.1999","4.615,20","4.652,19","4.678,28","4.588,68","45,29M","0,64%"
"12.07.1999","4.585,63","4.463,44","4.588,10","4.463,44","51,56M","5,11%"
"09.07.1999","4.362,87","4.353,83","4.387,61","4.345,33","36,10M","0,84%"
"08.07.1999","4.326,41","4.332,84","4.355,67","4.309,57","51,03M","0,11%"
"07.07.1999","4.321,51","4.340,10","4.373,02","4.306,49","34,47M","-0,26%"
"06.07.1999","4.332,70","4.326,77","4.350,40","4.307,17","33,70M","0,61%"
"05.07.1999","4.306,40","4.261,02","4.306,40","4.251,44","31,19M","2,67%"
"02.07.1999","4.194,55","4.176,67","4.215,35","4.166,54","28,86M","1,21%"
"01.07.1999","4.144,52","4.156,62","4.186,35","4.120,73","22,12M","0,09%"
"30.06.1999","4.140,73","4.174,61","4.174,61","4.121,39","21,23M","-0,72%"
"29.06.1999","4.170,83","4.166,22","4.187,38","4.138,95","18,99M","0,29%"
"28.06.1999","4.158,67","4.140,24","4.183,16","4.136,12","18,40M","1,14%"
"25.06.1999","4.111,77","4.120,56","4.182,74","4.101,21","29,89M","-0,19%"
"24.06.1999","4.119,73","4.137,44","4.156,02","4.083,47","25,94M","-0,90%"
"23.06.1999","4.157,13","4.268,54","4.285,99","4.148,76","34,71M","-2,30%"
"22.06.1999","4.254,86","4.236,01","4.274,30","4.204,73","34,17M","1,06%"
"21.06.1999","4.210,36","4.143,64","4.214,85","4.143,64","26,82M","2,44%"
"18.06.1999","4.109,89","4.135,60","4.166,54","4.105,38","29,84M","-0,37%"
"17.06.1999","4.125,25","4.046,80","4.140,53","4.040,84","31,86M","2,58%"
"16.06.1999","4.021,40","3.922,71","4.031,00","3.876,56","39,96M","3,07%"
"15.06.1999","3.901,73","3.965,97","4.001,98","3.892,30","38,71M","-1,25%"
"14.06.1999","3.950,96","3.907,69","3.951,87","3.830,15","27,86M","-0,46%"
"11.06.1999","3.969,36","4.051,91","4.052,93","3.969,36","31,30M","-2,15%"
"10.06.1999","4.056,47","4.090,45","4.105,09","4.042,89","29,43M","0,36%"
"09.06.1999","4.041,89","4.098,14","4.121,74","4.040,24","34,81M","-0,61%"
"08.06.1999","4.066,82","4.025,07","4.075,88","3.987,11","37,14M","0,78%"
"07.06.1999","4.035,32","4.075,52","4.089,02","4.028,66","26,90M","-0,18%"
"04.06.1999","4.042,52","4.035,36","4.064,90","4.027,18","31,32M","1,65%"
"03.06.1999","3.976,88","3.953,64","3.992,19","3.941,85","27,33M","1,04%"
"02.06.1999","3.935,82","3.921,14","3.943,14","3.870,16","20,23M","0,61%"
"01.06.1999","3.912,00","3.954,26","3.991,80","3.885,30","34,99M","-1,30%"
"31.05.1999","3.963,56","3.835,33","3.966,14","3.835,33","24,47M","5,04%"
"28.05.1999","3.773,32","3.805,44","3.840,27","3.675,53","31,65M","-2,31%"
"27.05.1999","3.862,45","3.963,76","4.016,74","3.862,45","22,54M","-2,79%"
"26.05.1999","3.973,30","4.074,49","4.087,65","3.921,76","28,99M","-2,14%"
"25.05.1999","4.060,08","4.029,24","4.075,39","4.018,67","29,85M","0,77%"
"24.05.1999","4.028,98","4.009,73","4.045,26","3.968,31","21,65M","0,33%"
"21.05.1999","4.015,75","4.110,25","4.110,25","4.006,00","29,11M","-1,56%"
"20.05.1999","4.079,45","4.130,33","4.197,08","4.078,66","30,81M","-1,07%"
"19.05.1999","4.123,58","4.089,07","4.156,19","4.057,40","36,67M","0,94%"
"18.05.1999","4.085,11","4.073,03","4.130,37","4.052,66","31,26M","1,13%"
"17.05.1999","4.039,39","4.091,19","4.113,42","3.888,81","36,86M","-0,89%"
"14.05.1999","4.075,47","4.041,21","4.102,03","4.000,07","35,34M","1,51%"
"13.05.1999","4.014,68","3.957,25","4.022,08","3.957,25","28,92M","3,55%"
"12.05.1999","3.876,89","3.941,20","3.983,58","3.794,65","30,52M","-0,61%"
"11.05.1999","3.900,49","3.854,16","3.915,25","3.847,53","32,87M","2,10%"
"10.05.1999","3.820,25","3.752,79","3.820,25","3.740,49","22,65M","3,03%"
"07.05.1999","3.707,75","3.713,44","3.773,85","3.697,05","23,23M","1,61%"
"06.05.1999","3.648,86","3.561,75","3.659,36","3.561,75","21,32M","2,58%"
"05.05.1999","3.557,07","3.516,73","3.606,49","3.495,30","25,11M","1,54%"
"04.05.1999","3.502,95","3.381,63","3.502,95","3.381,63","26,81M","3,69%"
"03.05.1999","3.378,40","3.380,61","3.435,73","3.363,06","13,75M","1,58%"
"29.04.1999","3.325,69","3.292,47","3.351,86","3.287,23","14,74M","1,62%"
"28.04.1999","3.272,71","3.239,11","3.285,39","3.183,47","13,11M","0,85%"
"26.04.1999","3.245,27","3.296,23","3.322,89","3.239,47","15,26M","-4,74%"
"23.04.1999","3.406,59","3.421,89","3.449,23","3.361,10","16,91M","-0,06%"
"22.04.1999","3.408,74","3.463,07","3.516,31","3.375,07","15,28M","-1,61%"
"21.04.1999","3.464,54","3.437,99","3.483,79","3.436,74","11,37M","0,60%"
"20.04.1999","3.443,99","3.459,81","3.479,21","3.406,67","18,04M","-0,22%"
"19.04.1999","3.451,43","3.331,71","3.468,05","3.320,62","17,29M","3,74%"
"17.04.1999","3.326,98","3.694,11","3.709,55","3.295,65","","-6,88%"
"16.04.1999","3.572,91","3.370,96","3.584,62","3.348,60","13,89M","6,43%"
"15.04.1999","3.357,12","3.363,91","3.403,29","3.342,65","11,63M","-3,10%"
"13.04.1999","3.464,52","3.445,84","3.485,74","3.437,55","12,33M","0,02%"
"12.04.1999","3.463,77","3.437,07","3.469,44","3.381,31","11,75M","0,66%"
"09.04.1999","3.441,19","3.543,24","3.543,24","3.423,84","17,19M","-2,74%"
"08.04.1999","3.538,17","3.582,35","3.606,75","3.523,80","12,45M","-1,36%"
"07.04.1999","3.586,80","3.575,04","3.624,58","3.562,71","17,82M","0,49%"
"06.04.1999","3.569,47","3.478,14","3.569,90","3.462,36","20,53M","1,42%"
"05.04.1999","3.519,39","3.625,21","3.625,21","3.499,83","18,22M","-4,53%"
"01.04.1999","3.686,29","3.750,22","3.754,73","3.684,18","16,81M","-1,44%"
"31.03.1999","3.739,96","3.708,39","3.781,97","3.707,72","20,45M","1,53%"
"30.03.1999","3.683,49","3.666,70","3.697,68","3.639,63","16,44M","2,39%"
"26.03.1999","3.597,58","3.635,67","3.642,66","3.554,38","19,89M","-2,31%"
"24.03.1999","3.682,69","3.768,91","3.772,95","3.618,60","21,34M","-1,99%"
"23.03.1999","3.757,50","3.729,75","3.784,81","3.729,75","20,76M","1,19%"
"22.03.1999","3.713,18","3.691,52","3.730,43","3.652,70","17,36M","1,10%"
"19.03.1999","3.672,63","3.728,65","3.741,70","3.651,01","26,32M","0,00%"
"17.03.1999","3.672,71","3.749,15","3.783,77","3.670,09","24,22M","-1,91%"
"16.03.1999","3.744,18","3.765,03","3.793,58","3.744,18","26,19M","-1,04%"
"15.03.1999","3.783,71","3.778,97","3.817,94","3.750,70","24,53M","2,18%"
"12.03.1999","3.702,81","3.700,56","3.716,02","3.658,05","28,58M","0,80%"
"11.03.1999","3.673,51","3.763,30","3.770,72","3.673,22","25,11M","-1,87%"
"10.03.1999","3.743,37","3.792,56","3.804,00","3.689,21","32,95M","-0,93%"
"09.03.1999","3.778,44","3.758,48","3.796,84","3.744,24","31,81M","1,24%"
"08.03.1999","3.732,10","3.704,29","3.775,45","3.687,43","37,10M","2,28%"
"05.03.1999","3.649,06","3.622,02","3.681,14","3.578,09","34,35M","1,31%"
"04.03.1999","3.601,96","3.660,40","3.662,47","3.563,15","26,82M","-1,06%"
"03.03.1999","3.640,42","3.638,56","3.691,02","3.625,46","36,04M","3,30%"
"01.03.1999","3.523,98","3.447,50","3.539,62","3.417,22","33,46M","3,66%"
"27.02.1999","3.399,63","3.301,13","3.400,19","3.215,69","","5,13%"
"26.02.1999","3.233,86","3.284,21","3.288,18","3.228,94","17,24M","-1,45%"
"25.02.1999","3.281,29","3.276,91","3.311,84","3.269,39","17,63M","-0,19%"
"24.02.1999","3.287,53","3.292,57","3.297,38","3.237,18","19,69M","0,11%"
"23.02.1999","3.283,97","3.290,50","3.300,44","3.249,02","21,65M","-0,60%"
"22.02.1999","3.303,89","3.370,60","3.397,33","3.300,67","23,24M","-1,52%"
"19.02.1999","3.354,92","3.373,24","3.389,99","3.350,65","23,87M","0,12%"
"18.02.1999","3.351,05","3.355,32","3.406,28","3.334,83","19,54M","0,44%"
"17.02.1999","3.336,42","3.342,28","3.366,55","3.280,68","21,21M","-0,25%"
"16.02.1999","3.344,68","3.309,11","3.345,74","3.305,72","15,89M","0,89%"
"15.02.1999","3.315,08","3.378,57","3.394,01","3.315,07","17,76M","-0,67%"
"12.02.1999","3.337,49","3.323,17","3.351,84","3.319,34","14,88M","0,73%"
"11.02.1999","3.313,40","3.329,81","3.360,19","3.298,42","17,93M","0,18%"
"10.02.1999","3.307,49","3.221,04","3.308,88","3.213,27","17,10M","3,11%"
"09.02.1999","3.207,71","3.182,75","3.208,71","3.157,70","15,98M","0,76%"
"08.02.1999","3.183,64","3.253,93","3.280,63","3.182,47","15,79M","-0,99%"
"05.02.1999","3.215,35","3.241,30","3.246,76","3.204,50","17,29M","-0,65%"
"04.02.1999","3.236,42","3.291,47","3.301,54","3.223,24","14,02M","-1,26%"
"03.02.1999","3.277,57","3.267,67","3.283,22","3.234,66","14,87M","1,26%"
"02.02.1999","3.236,76","3.251,96","3.279,98","3.219,54","16,35M","-0,89%"
"01.02.1999","3.265,91","3.331,91","3.361,92","3.265,91","15,31M","-1,50%"
"29.01.1999","3.315,57","3.314,94","3.324,55","3.279,69","17,12M","0,69%"
"28.01.1999","3.292,95","3.359,67","3.369,09","3.287,21","13,53M","-1,82%"
"27.01.1999","3.353,98","3.342,22","3.400,07","3.334,51","21,45M","1,35%"
"25.01.1999","3.309,15","3.309,46","3.321,89","3.246,03","21,71M","0,34%"
"22.01.1999","3.297,86","3.351,67","3.375,23","3.288,47","25,23M","-0,96%"
"21.01.1999","3.329,93","3.222,97","3.332,64","3.206,30","27,25M","3,45%"
"19.01.1999","3.218,91","3.281,09","3.298,49","3.214,85","22,13M","-1,82%"
"18.01.1999","3.278,58","3.217,74","3.278,58","3.197,78","19,47M","2,20%"
"15.01.1999","3.207,85","3.322,71","3.330,42","3.205,88","29,69M","-2,56%"
"14.01.1999","3.292,28","3.253,45","3.333,80","3.251,18","30,92M","-0,55%"
"13.01.1999","3.310,46","3.380,92","3.385,20","3.292,63","27,25M","-1,28%"
"12.01.1999","3.353,22","3.369,96","3.410,67","3.319,00","34,61M","-2,33%"
"11.01.1999","3.433,21","3.502,48","3.515,49","3.418,24","42,73M","1,04%"
"08.01.1999","3.397,84","3.356,19","3.400,97","3.340,51","41,91M","2,99%"
"07.01.1999","3.299,09","3.239,85","3.321,47","3.239,65","45,21M","2,91%"
"06.01.1999","3.205,68","3.172,31","3.214,36","3.152,94","30,51M","1,80%"
"05.01.1999","3.149,06","3.129,58","3.150,31","3.103,62","30,31M","0,87%"
"04.01.1999","3.122,04","3.113,62","3.148,07","3.113,62","27,01M","2,02%"
"01.01.1999","3.060,34","3.064,95","3.078,19","3.042,25","22,02M","0,16%"
"31.12.1998","3.055,41","3.107,73","3.116,34","3.053,03","22,81M","-1,77%"
"30.12.1998","3.110,33","3.074,44","3.118,59","3.072,61","32,68M","2,10%"
"29.12.1998","3.046,29","3.041,74","3.066,60","3.014,61","32,19M","-0,28%"
"28.12.1998","3.054,73","3.007,68","3.068,14","3.007,68","31,07M","3,08%"
"24.12.1998","2.963,45","2.953,55","2.974,66","2.942,02","26,06M","0,03%"
"23.12.1998","2.962,50","2.987,31","3.016,91","2.961,73","24,76M","-0,47%"
"22.12.1998","2.976,58","2.984,80","2.988,46","2.949,34","29,86M","0,11%"
"21.12.1998","2.973,37","2.921,27","2.977,03","2.921,27","23,12M","3,42%"
"18.12.1998","2.875,09","2.875,91","2.890,30","2.850,48","24,47M","0,37%"
"17.12.1998","2.864,44","2.884,65","2.919,47","2.855,10","27,78M","-2,47%"
"16.12.1998","2.936,92","2.906,47","2.936,92","2.887,31","21,57M","0,32%"
"15.12.1998","2.927,48","2.968,39","2.974,08","2.926,36","21,93M","-2,11%"
"14.12.1998","2.990,44","3.013,58","3.029,15","2.982,21","24,71M","-0,40%"
"11.12.1998","3.002,54","3.001,94","3.019,81","2.987,72","24,15M","0,77%"
"10.12.1998","2.979,60","2.972,83","2.987,64","2.965,45","18,46M","1,00%"
"09.12.1998","2.950,21","2.957,31","2.979,51","2.946,23","28,01M","0,16%"
"08.12.1998","2.945,64","2.927,95","2.945,64","2.900,20","27,36M","0,82%"
"07.12.1998","2.921,80","2.851,45","2.922,28","2.851,45","27,13M","2,53%"
"04.12.1998","2.849,82","2.804,87","2.849,82","2.791,98","25,21M","1,62%"
"03.12.1998","2.804,46","2.814,93","2.820,93","2.796,22","16,81M","-0,43%"
"02.12.1998","2.816,59","2.819,63","2.833,91","2.804,52","25,92M","0,45%"
"01.12.1998","2.804,03","2.803,73","2.822,21","2.790,32","26,27M","-0,24%"
"30.11.1998","2.810,66","2.771,69","2.810,66","2.741,70","25,16M","0,99%"
"27.11.1998","2.783,10","2.825,06","2.826,16","2.772,04","30,55M","-1,49%"
"26.11.1998","2.825,08","2.874,26","2.896,19","2.815,97","28,11M","-1,96%"
"25.11.1998","2.881,69","2.900,36","2.900,36","2.874,17","17,47M","-0,75%"
"24.11.1998","2.903,56","2.925,57","2.936,74","2.901,44","25,24M","-0,55%"
"23.11.1998","2.919,57","2.929,99","2.938,33","2.908,16","17,75M","-0,74%"
"20.11.1998","2.941,39","2.966,14","2.974,70","2.932,85","25,50M","-0,79%"
"19.11.1998","2.964,87","3.010,73","3.015,82","2.964,87","29,34M","-1,28%"
"18.11.1998","3.003,25","2.975,78","3.007,66","2.972,75","22,60M","1,17%"
"17.11.1998","2.968,60","2.947,40","2.973,90","2.947,40","24,62M","0,79%"
"16.11.1998","2.945,40","2.953,53","2.972,80","2.939,67","25,21M","-1,03%"
"13.11.1998","2.976,12","2.976,28","3.019,00","2.973,49","32,43M","-1,11%"
"12.11.1998","3.009,57","2.973,31","3.010,84","2.944,06","28,15M","1,12%"
"11.11.1998","2.976,17","3.017,45","3.027,20","2.974,61","29,86M","-0,95%"
"10.11.1998","3.004,67","2.992,47","3.005,29","2.963,58","25,63M","0,70%"
"09.11.1998","2.983,67","2.955,77","3.004,43","2.954,57","37,02M","3,44%"
"06.11.1998","2.884,37","2.849,58","2.885,75","2.849,58","34,37M","1,47%"
"05.11.1998","2.842,51","2.817,81","2.844,48","2.812,52","24,52M","1,08%"
"03.11.1998","2.812,06","2.815,67","2.831,72","2.809,01","20,52M","0,02%"
"02.11.1998","2.811,44","2.820,23","2.822,29","2.774,11","22,33M","-0,04%"
"30.10.1998","2.812,49","2.844,15","2.862,31","2.812,49","28,79M","-1,15%"
"29.10.1998","2.845,16","2.825,46","2.845,51","2.787,90","18,62M","0,43%"
"28.10.1998","2.833,04","2.913,62","2.913,62","2.832,95","24,08M","-2,17%"
"27.10.1998","2.895,84","2.891,36","2.895,90","2.856,32","31,05M","0,21%"
"26.10.1998","2.889,71","2.908,51","2.922,32","2.878,98","28,94M","3,78%"
"23.10.1998","2.784,46","2.757,04","2.798,88","2.741,22","26,24M","0,73%"
"20.10.1998","2.764,16","2.845,86","2.845,86","2.753,34","22,98M","-3,12%"
"19.10.1998","2.853,27","2.860,94","2.871,71","2.848,11","4,98M","0,18%"
"16.10.1998","2.848,11","2.889,70","2.895,57","2.837,98","19,97M","-0,32%"
"15.10.1998","2.857,27","2.875,06","2.895,28","2.848,55","21,74M","-1,16%"
"14.10.1998","2.890,72","2.831,27","2.909,43","2.799,00","27,63M","2,82%"
"13.10.1998","2.811,31","2.849,10","2.865,24","2.785,41","31,15M","-2,13%"
"12.10.1998","2.872,48","2.914,50","2.926,25","2.850,50","20,80M","-1,51%"
"09.10.1998","2.916,66","2.916,34","2.960,82","2.885,67","29,59M","0,71%"
"08.10.1998","2.896,14","3.029,10","3.045,54","2.896,14","30,16M","-3,74%"
"07.10.1998","3.008,63","2.940,13","3.010,65","2.939,62","27,63M","3,04%"
"06.10.1998","2.919,74","2.873,97","2.919,74","2.820,77","33,79M","1,45%"
"05.10.1998","2.878,07","3.036,15","3.036,15","2.877,92","29,40M","-7,23%"
"30.09.1998","3.102,29","3.132,20","3.135,28","3.084,82","23,63M","-1,42%"
"29.09.1998","3.146,83","3.230,84","3.235,03","3.125,47","27,56M","-1,87%"
"28.09.1998","3.206,92","3.257,99","3.265,72","3.205,95","20,24M","-0,52%"
"25.09.1998","3.223,57","3.230,98","3.266,71","3.215,77","29,16M","-0,05%"
"24.09.1998","3.225,30","3.163,23","3.232,13","3.163,23","28,34M","2,87%"
"23.09.1998","3.135,42","3.111,18","3.135,71","3.106,15","21,39M","1,30%"
"22.09.1998","3.095,25","3.094,04","3.103,87","3.070,62","21,73M","0,47%"
"21.09.1998","3.080,91","3.111,02","3.132,59","3.080,71","25,04M","-0,32%"
"18.09.1998","3.090,72","3.107,27","3.108,83","3.083,86","24,05M","-0,98%"
"17.09.1998","3.121,30","3.147,53","3.161,37","3.118,16","18,91M","-0,55%"
"16.09.1998","3.138,66","3.168,86","3.185,47","3.131,84","23,47M","-0,74%"
"15.09.1998","3.162,18","3.154,01","3.176,42","3.151,19","22,11M","-0,16%"
"14.09.1998","3.167,22","3.134,68","3.169,55","3.133,01","28,87M","2,71%"
"11.09.1998","3.083,56","3.069,38","3.092,94","3.061,39","22,02M","-0,81%"
"10.09.1998","3.108,67","3.090,24","3.132,42","3.079,38","25,24M","0,37%"
"09.09.1998","3.097,12","3.125,19","3.144,57","3.091,31","29,27M","0,03%"
"08.09.1998","3.096,10","3.054,31","3.105,24","3.041,09","25,20M","1,45%"
"07.09.1998","3.051,93","3.016,51","3.063,53","3.016,51","28,42M","2,58%"
"04.09.1998","2.975,10","2.930,63","2.985,49","2.926,74","29,28M","1,93%"
"03.09.1998","2.918,89","2.885,30","2.921,34","2.879,13","21,41M","1,11%"
"02.09.1998","2.886,91","2.900,15","2.900,46","2.867,22","15,98M","0,85%"
"01.09.1998","2.862,55","2.862,24","2.882,88","2.850,30","25,24M","-2,43%"
"31.08.1998","2.933,85","2.919,36","2.946,97","2.882,93","19,53M","0,89%"
"28.08.1998","2.908,10","2.937,12","2.962,38","2.899,16","24,35M","-2,24%"
"27.08.1998","2.974,83","3.006,65","3.040,48","2.974,83","20,67M","-0,62%"
"25.08.1998","2.993,36","2.958,78","2.996,72","2.958,78","19,74M","1,45%"
"24.08.1998","2.950,44","2.928,08","2.958,45","2.899,67","17,65M","0,95%"
"21.08.1998","2.922,61","2.954,31","2.988,73","2.919,45","28,53M","-2,24%"
"20.08.1998","2.989,60","2.911,85","2.991,60","2.885,17","26,78M","3,64%"
"19.08.1998","2.884,59","2.885,76","2.919,51","2.838,99","25,00M","0,58%"
"18.08.1998","2.867,99","2.914,92","2.915,84","2.853,72","23,45M","-1,68%"
"17.08.1998","2.917,07","2.983,40","3.002,17","2.917,07","15,39M","-1,74%"
"14.08.1998","2.968,75","2.993,68","3.005,44","2.960,24","12,28M","-0,72%"
"13.08.1998","2.990,22","2.944,64","3.016,11","2.931,76","16,76M","1,34%"
"12.08.1998","2.950,80","2.934,74","2.989,92","2.924,24","17,57M","-0,67%"
"11.08.1998","2.970,64","3.002,82","3.008,92","2.965,58","16,05M","-1,66%"
"10.08.1998","3.020,71","3.056,22","3.056,22","3.017,33","14,53M","-1,36%"
"07.08.1998","3.062,25","3.094,17","3.104,87","3.062,25","16,63M","-1,10%"
"06.08.1998","3.096,33","3.131,54","3.163,28","3.091,57","18,26M","-1,18%"
"05.08.1998","3.133,42","3.069,92","3.138,39","3.062,05","15,41M","0,44%"
"04.08.1998","3.119,54","3.107,04","3.144,06","3.107,04","12,78M","0,21%"
"03.08.1998","3.112,95","3.159,02","3.159,02","3.108,03","13,47M","-3,06%"
"31.07.1998","3.211,31","3.231,23","3.234,54","3.184,10","17,05M","-0,02%"
"30.07.1998","3.212,10","3.247,23","3.276,29","3.190,54","19,42M","-0,24%"
"29.07.1998","3.219,93","3.169,88","3.242,28","3.163,74","22,82M","1,68%"
"28.07.1998","3.166,84","3.096,06","3.173,92","3.090,23","23,42M","2,65%"
"27.07.1998","3.085,17","3.172,67","3.213,12","3.079,43","19,28M","-2,72%"
"24.07.1998","3.171,30","3.200,66","3.231,50","3.157,30","23,04M","-1,74%"
"23.07.1998","3.227,52","3.329,78","3.336,84","3.214,40","19,27M","-3,49%"
"22.07.1998","3.344,33","3.358,08","3.372,75","3.314,59","14,93M","-0,27%"
"21.07.1998","3.353,30","3.385,25","3.417,10","3.329,84","20,98M","-0,93%"
"20.07.1998","3.384,75","3.471,45","3.472,00","3.376,48","17,39M","-2,48%"
"17.07.1998","3.470,80","3.505,52","3.525,90","3.455,35","19,02M","-0,52%"
"16.07.1998","3.488,77","3.383,73","3.489,20","3.356,61","16,67M","3,66%"
"15.07.1998","3.365,72","3.404,87","3.419,36","3.348,66","16,10M","-0,17%"
"14.07.1998","3.371,50","3.335,13","3.371,50","3.310,95","17,57M","1,48%"
"13.07.1998","3.322,17","3.426,83","3.461,12","3.320,11","23,15M","-2,34%"
"10.07.1998","3.401,74","3.375,55","3.409,50","3.344,09","22,28M","2,09%"
"09.07.1998","3.331,98","3.277,93","3.347,40","3.277,93","17,57M","2,65%"
"08.07.1998","3.245,88","3.225,71","3.268,54","3.221,92","15,61M","1,56%"
"07.07.1998","3.195,94","3.186,85","3.241,90","3.181,56","17,95M","0,55%"
"06.07.1998","3.178,31","3.111,02","3.179,63","3.111,02","12,96M","2,89%"
"03.07.1998","3.089,02","3.173,35","3.173,35","3.089,02","12,97M","-2,88%"
"02.07.1998","3.180,73","3.219,98","3.229,95","3.172,39","10,75M","-1,54%"
"01.07.1998","3.230,60","3.210,60","3.256,43","3.153,53","14,18M","-0,62%"
"30.06.1998","3.250,69","3.305,18","3.305,63","3.222,58","15,24M","-1,18%"
"29.06.1998","3.289,56","3.171,25","3.291,18","3.171,25","11,76M","3,81%"
"26.06.1998","3.168,82","3.214,42","3.214,42","3.155,13","13,36M","-1,24%"
"25.06.1998","3.208,54","3.197,90","3.249,42","3.181,11","15,26M","2,06%"
"24.06.1998","3.143,64","3.041,79","3.143,64","3.041,79","13,18M","3,50%"
"23.06.1998","3.037,34","3.041,81","3.047,49","2.954,86","16,45M","-1,34%"
"22.06.1998","3.078,51","3.063,15","3.097,95","2.951,45","14,46M","-2,05%"
"19.06.1998","3.143,10","3.234,56","3.246,19","3.130,11","16,19M","-4,53%"
"18.06.1998","3.292,33","3.416,09","3.434,46","3.292,33","18,22M","-3,19%"
"17.06.1998","3.400,95","3.291,43","3.405,98","3.251,81","20,86M","7,59%"
"16.06.1998","3.161,08","3.114,59","3.171,57","2.961,81","22,58M","0,26%"
"15.06.1998","3.152,96","3.344,49","3.344,49","3.151,23","18,30M","-5,81%"
"12.06.1998","3.347,41","3.367,49","3.416,12","3.332,63","21,57M","0,35%"
"11.06.1998","3.335,76","3.269,36","3.337,12","3.207,54","20,63M","0,74%"
"10.06.1998","3.311,41","3.451,17","3.451,17","3.308,05","22,49M","-4,52%"
"09.06.1998","3.468,07","3.426,29","3.476,91","3.372,18","21,36M","1,50%"
"08.06.1998","3.416,73","3.455,57","3.492,48","3.256,51","26,63M","-0,03%"
"05.06.1998","3.417,89","3.527,67","3.536,00","3.417,89","31,80M","-3,62%"
"04.06.1998","3.546,21","3.598,33","3.617,14","3.538,96","21,13M","-1,44%"
"03.06.1998","3.597,98","3.572,96","3.600,35","3.483,81","31,34M","0,69%"
"02.06.1998","3.573,21","3.634,23","3.646,36","3.540,61","34,71M","-1,91%"
"01.06.1998","3.642,68","3.737,25","3.823,15","3.640,30","34,78M","-1,19%"
"29.05.1998","3.686,39","3.673,45","3.747,57","3.589,24","30,87M","-0,95%"
"28.05.1998","3.721,93","3.754,73","3.797,24","3.712,52","19,17M","-1,46%"
"27.05.1998","3.777,19","3.843,45","3.843,45","3.771,39","21,34M","-2,53%"
"26.05.1998","3.875,06","3.906,74","3.915,43","3.870,76","15,78M","-0,85%"
"25.05.1998","3.908,11","3.882,03","3.934,00","3.878,04","13,83M","0,28%"
"22.05.1998","3.897,10","3.914,34","3.930,65","3.881,83","15,12M","-0,30%"
"21.05.1998","3.908,79","3.969,62","3.980,21","3.889,98","19,22M","-1,22%"
"20.05.1998","3.956,93","3.930,01","3.965,85","3.920,63","15,65M","0,83%"
"19.05.1998","3.924,42","3.907,75","3.924,42","3.895,71","13,52M","0,41%"
"18.05.1998","3.908,48","3.892,54","3.943,16","3.890,84","15,75M","1,52%"
"15.05.1998","3.849,80","3.909,88","3.924,41","3.832,86","20,03M","-1,24%"
"14.05.1998","3.897,94","3.789,07","3.898,69","3.748,63","20,56M","3,04%"
"13.05.1998","3.782,76","3.897,88","3.906,67","3.776,33","18,56M","-4,12%"
"12.05.1998","3.945,13","4.007,43","4.007,43","3.917,90","10,83M","-1,92%"
"08.05.1998","4.022,20","4.049,13","4.056,46","4.014,72","11,77M","-1,17%"
"06.05.1998","4.069,79","4.145,60","4.145,60","4.045,96","13,48M","-1,87%"
"05.05.1998","4.147,29","4.142,32","4.156,58","4.113,79","10,87M","0,28%"
"04.05.1998","4.135,81","4.058,75","4.141,33","4.058,75","12,12M","3,22%"
"30.04.1998","4.006,81","3.970,50","4.015,64","3.926,36","16,73M","0,92%"
"29.04.1998","3.970,28","4.076,23","4.085,76","3.964,95","17,22M","-2,76%"
"27.04.1998","4.082,83","4.098,17","4.138,21","4.059,68","20,60M","0,79%"
"24.04.1998","4.050,98","4.088,14","4.104,98","3.954,31","24,76M","-1,01%"
"23.04.1998","4.092,23","4.161,31","4.202,17","4.084,15","17,73M","-2,09%"
"22.04.1998","4.179,44","4.305,61","4.322,00","4.179,44","23,54M","-2,37%"
"21.04.1998","4.280,96","4.235,37","4.285,57","4.235,37","18,08M","1,67%"
"20.04.1998","4.210,73","4.217,75","4.286,84","4.208,56","19,52M","0,57%"
"17.04.1998","4.186,76","4.134,93","4.188,37","4.117,58","18,34M","1,27%"
"16.04.1998","4.134,32","4.195,53","4.208,56","4.132,66","13,27M","-1,39%"
"15.04.1998","4.192,50","4.119,26","4.213,07","4.119,26","19,03M","2,61%"
"13.04.1998","4.085,93","4.051,58","4.133,72","4.051,58","23,10M","-0,79%"
"10.04.1998","4.118,29","4.172,86","4.185,15","4.103,46","29,62M","-1,56%"
"08.04.1998","4.183,57","4.222,54","4.226,74","4.138,83","32,38M","-0,26%"
"07.04.1998","4.194,27","4.159,19","4.216,58","4.156,52","27,14M","0,58%"
"06.04.1998","4.170,22","4.130,92","4.184,37","4.122,71","26,14M","2,31%"
"03.04.1998","4.076,05","4.012,72","4.078,38","4.012,42","24,63M","2,09%"
"02.04.1998","3.992,72","3.986,60","4.049,66","3.978,31","22,51M","0,58%"
"01.04.1998","3.969,57","3.901,44","3.974,10","3.901,44","21,99M","1,97%"
"31.03.1998","3.892,75","3.894,53","3.919,08","3.875,23","20,53M","-0,13%"
"30.03.1998","3.897,98","3.952,21","3.980,90","3.896,86","17,18M","-0,27%"
"27.03.1998","3.908,60","3.880,33","3.917,63","3.861,18","16,61M","0,43%"
"26.03.1998","3.891,75","3.970,76","3.992,89","3.883,16","16,62M","-1,46%"
"25.03.1998","3.949,57","3.913,96","3.969,15","3.884,71","18,39M","0,56%"
"24.03.1998","3.927,67","3.982,63","3.999,03","3.920,93","24,70M","-0,91%"
"23.03.1998","3.963,81","3.920,32","3.973,70","3.920,32","14,00M","3,21%"
"20.03.1998","3.840,40","3.802,01","3.840,72","3.785,95","20,48M","0,51%"
"19.03.1998","3.820,87","3.848,32","3.852,42","3.802,50","16,53M","-0,11%"
"18.03.1998","3.825,02","3.803,66","3.839,55","3.788,40","16,05M","0,89%"
"17.03.1998","3.791,17","3.771,59","3.791,86","3.729,13","20,54M","0,16%"
"16.03.1998","3.785,23","3.780,89","3.832,51","3.780,89","20,41M","1,85%"
"12.03.1998","3.716,50","3.713,02","3.750,99","3.694,28","22,13M","-0,95%"
"11.03.1998","3.752,09","3.791,11","3.792,26","3.691,20","25,66M","-1,22%"
"10.03.1998","3.798,25","3.810,15","3.830,97","3.783,99","25,33M","-0,24%"
"09.03.1998","3.807,21","3.775,54","3.810,21","3.760,66","25,75M","2,66%"
"06.03.1998","3.708,58","3.709,88","3.720,21","3.675,57","15,82M","-0,16%"
"05.03.1998","3.714,62","3.699,73","3.771,66","3.699,73","16,43M","-0,78%"
"04.03.1998","3.743,93","3.660,16","3.751,82","3.660,16","16,98M","2,69%"
"03.03.1998","3.646,00","3.772,24","3.772,24","3.600,06","25,25M","-3,36%"
"02.03.1998","3.772,61","3.657,57","3.782,34","3.657,57","26,71M","4,15%"
"27.02.1998","3.622,22","3.578,89","3.639,84","3.578,89","19,43M","1,42%"
"26.02.1998","3.571,63","3.535,24","3.584,67","3.526,35","14,67M","2,49%"
"24.02.1998","3.484,69","3.481,46","3.484,73","3.462,88","12,70M","0,18%"
"23.02.1998","3.478,40","3.426,88","3.479,20","3.424,14","10,33M","1,79%"
"20.02.1998","3.417,30","3.444,51","3.466,28","3.409,62","12,69M","-0,59%"
"19.02.1998","3.437,64","3.414,59","3.446,53","3.411,75","12,15M","1,05%"
"18.02.1998","3.401,88","3.408,75","3.436,95","3.387,32","13,76M","-0,34%"
"17.02.1998","3.413,36","3.459,82","3.459,82","3.403,49","14,44M","-1,06%"
"16.02.1998","3.449,77","3.384,71","3.451,63","3.384,71","13,12M","2,26%"
"13.02.1998","3.373,53","3.306,39","3.373,53","3.297,54","13,57M","2,42%"
"12.02.1998","3.293,89","3.289,45","3.299,50","3.261,38","11,72M","0,03%"
"11.02.1998","3.292,91","3.330,11","3.342,08","3.288,76","13,07M","-0,75%"
"10.02.1998","3.317,70","3.345,18","3.351,50","3.315,81","10,04M","-0,92%"
"09.02.1998","3.348,35","3.359,47","3.371,61","3.345,34","11,80M","-0,55%"
"06.02.1998","3.366,70","3.367,77","3.374,04","3.338,09","14,29M","0,27%"
"05.02.1998","3.357,48","3.339,02","3.366,07","3.336,97","14,14M","1,15%"
"04.02.1998","3.319,19","3.359,24","3.394,93","3.312,01","19,87M","-1,06%"
"03.02.1998","3.354,88","3.360,40","3.363,33","3.326,17","18,98M","0,00%"
"02.02.1998","3.354,80","3.288,78","3.364,37","3.288,78","14,41M","4,05%"
"29.01.1998","3.224,36","3.204,10","3.230,65","3.164,66","13,73M","0,46%"
"28.01.1998","3.209,55","3.272,74","3.301,90","3.200,83","17,76M","-2,03%"
"27.01.1998","3.276,21","3.352,06","3.355,22","3.272,18","13,48M","-2,24%"
"23.01.1998","3.351,21","3.375,86","3.375,86","3.340,31","14,82M","-0,86%"
"22.01.1998","3.380,30","3.408,67","3.409,34","3.366,94","15,17M","-1,11%"
"21.01.1998","3.418,34","3.452,36","3.462,36","3.418,20","15,57M","-1,09%"
"20.01.1998","3.455,95","3.487,86","3.516,00","3.448,97","22,57M","-0,72%"
"19.01.1998","3.480,86","3.383,89","3.484,77","3.374,39","23,85M","2,91%"
"16.01.1998","3.382,32","3.373,10","3.398,97","3.351,21","18,01M","0,49%"
"15.01.1998","3.365,75","3.390,37","3.415,87","3.318,69","17,94M","-1,03%"
"14.01.1998","3.400,79","3.460,77","3.482,05","3.380,98","20,31M","-0,90%"
"13.01.1998","3.431,72","3.427,15","3.479,95","3.417,05","21,12M","1,08%"
"12.01.1998","3.395,04","3.482,98","3.482,98","3.394,95","21,89M","-3,83%"
"09.01.1998","3.530,20","3.579,24","3.579,24","3.514,99","20,88M","-1,89%"
"08.01.1998","3.598,16","3.671,69","3.679,14","3.598,16","18,86M","-2,31%"
"07.01.1998","3.683,31","3.715,38","3.745,71","3.658,95","17,31M","-0,98%"
"06.01.1998","3.719,62","3.724,43","3.727,24","3.684,02","17,54M","-0,52%"
"05.01.1998","3.739,21","3.745,19","3.792,86","3.736,94","15,19M","0,52%"
"02.01.1998","3.719,85","3.704,47","3.739,38","3.701,40","13,04M","0,68%"
"01.01.1998","3.694,62","3.658,34","3.711,69","3.658,34","10,74M","0,97%"
"31.12.1997","3.658,98","3.630,48","3.711,26","3.630,48","16,74M","0,58%"
"30.12.1997","3.637,71","3.703,84","3.703,84","3.623,93","16,70M","-1,86%"
"29.12.1997","3.706,79","3.648,65","3.709,72","3.643,78","14,75M","2,02%"
"26.12.1997","3.633,38","3.620,92","3.651,42","3.620,92","14,66M","0,71%"
"24.12.1997","3.607,69","3.596,07","3.616,95","3.549,58","12,95M","-0,92%"
"23.12.1997","3.641,11","3.639,98","3.676,76","3.627,09","16,11M","0,68%"
"22.12.1997","3.616,34","3.553,68","3.629,42","3.553,68","14,91M","2,13%"
"19.12.1997","3.540,91","3.463,46","3.542,04","3.460,18","15,76M","1,97%"
"18.12.1997","3.472,35","3.481,95","3.525,60","3.463,26","17,30M","-0,42%"
"17.12.1997","3.487,02","3.458,27","3.499,26","3.455,10","16,62M","1,81%"
"16.12.1997","3.424,87","3.374,58","3.444,92","3.374,28","18,20M","1,70%"
"15.12.1997","3.367,56","3.321,55","3.371,73","3.291,09","16,71M","1,15%"
"12.12.1997","3.329,27","3.340,15","3.383,32","3.320,67","22,89M","0,00%"
"11.12.1997","3.329,14","3.336,33","3.344,41","3.247,63","21,91M","-0,54%"
"10.12.1997","3.347,33","3.364,51","3.380,03","3.325,25","18,94M","-1,30%"
"09.12.1997","3.391,59","3.469,92","3.485,01","3.367,89","31,27M","-2,21%"
"08.12.1997","3.468,19","3.479,41","3.493,21","3.455,86","16,69M","-0,03%"
"05.12.1997","3.469,08","3.526,02","3.552,27","3.469,08","21,12M","-1,64%"
"04.12.1997","3.527,10","3.530,31","3.595,00","3.503,49","26,36M","-0,99%"
"03.12.1997","3.562,37","3.559,88","3.590,90","3.537,67","19,79M","0,25%"
"02.12.1997","3.553,48","3.566,53","3.601,43","3.538,00","15,87M","-0,45%"
"01.12.1997","3.569,65","3.536,07","3.574,06","3.488,66","16,80M","0,26%"
"28.11.1997","3.560,29","3.616,47","3.617,33","3.522,59","21,91M","-1,87%"
"27.11.1997","3.628,07","3.530,68","3.645,90","3.524,14","22,62M","2,62%"
"26.11.1997","3.535,52","3.516,05","3.577,59","3.514,98","23,82M","1,60%"
"25.11.1997","3.479,89","3.400,75","3.490,40","3.388,46","30,49M","2,26%"
"24.11.1997","3.403,07","3.512,82","3.518,58","3.399,72","23,44M","-3,42%"
"21.11.1997","3.523,44","3.450,75","3.541,23","3.450,40","20,15M","1,63%"
"20.11.1997","3.466,86","3.394,27","3.504,41","3.390,71","22,62M","0,35%"
"19.11.1997","3.454,65","3.479,07","3.479,07","3.393,15","20,67M","-1,83%"
"18.11.1997","3.518,90","3.573,87","3.573,87","3.494,80","17,22M","-1,65%"
"17.11.1997","3.578,10","3.552,43","3.580,91","3.539,25","15,96M","0,23%"
"14.11.1997","3.569,77","3.570,34","3.594,18","3.514,69","21,09M","0,44%"
"13.11.1997","3.554,10","3.601,30","3.616,44","3.534,06","17,33M","-2,18%"
"12.11.1997","3.633,18","3.721,39","3.739,04","3.627,85","15,18M","-2,42%"
"11.11.1997","3.723,40","3.724,85","3.750,25","3.723,40","9,53M","0,06%"
"10.11.1997","3.721,05","3.733,31","3.733,31","3.707,67","7,49M","-0,70%"
"07.11.1997","3.747,32","3.761,16","3.764,61","3.732,11","9,77M","-0,44%"
"06.11.1997","3.763,96","3.744,39","3.766,76","3.714,03","11,46M","-0,38%"
"05.11.1997","3.778,23","3.805,14","3.807,45","3.759,16","12,73M","-0,73%"
"04.11.1997","3.805,95","3.799,55","3.852,24","3.782,94","18,48M","0,40%"
"03.11.1997","3.790,82","3.814,75","3.820,37","3.748,89","15,42M","-0,33%"
"30.10.1997","3.803,24","3.803,09","3.815,24","3.795,66","","-3,33%"
"27.10.1997","3.934,33","3.969,75","3.979,53","3.914,96","14,43M","-0,58%"
"24.10.1997","3.957,46","3.992,40","3.992,40","3.922,54","22,54M","-1,30%"
"23.10.1997","4.009,77","4.073,42","4.080,12","3.983,18","14,72M","-1,79%"
"22.10.1997","4.082,70","4.118,67","4.119,55","4.079,87","15,16M","-0,83%"
"21.10.1997","4.116,99","4.157,69","4.166,14","4.103,86","23,31M","-0,91%"
"20.10.1997","4.154,84","4.123,80","4.157,01","4.103,63","16,03M","1,18%"
"17.10.1997","4.106,26","4.102,29","4.137,77","4.095,70","20,51M","0,72%"
"16.10.1997","4.077,05","4.082,66","4.090,51","4.046,47","19,06M","1,05%"
"15.10.1997","4.034,55","4.015,55","4.042,69","3.999,14","16,92M","0,55%"
"14.10.1997","4.012,40","4.061,51","4.062,81","4.011,11","22,65M","-1,32%"
"13.10.1997","4.066,05","4.093,92","4.118,92","4.056,48","24,57M","0,21%"
"10.10.1997","4.057,37","3.999,65","4.083,99","3.999,65","26,47M","1,94%"
"09.10.1997","3.979,96","3.927,85","3.982,44","3.917,39","24,16M","1,27%"
"08.10.1997","3.930,23","3.912,40","3.940,53","3.912,40","13,11M","0,53%"
"07.10.1997","3.909,46","3.851,94","3.910,33","3.845,71","16,17M","1,35%"
"06.10.1997","3.857,34","3.850,35","3.862,17","3.829,05","11,22M","0,25%"
"03.10.1997","3.847,73","3.907,22","3.923,26","3.833,92","20,25M","-1,48%"
"01.10.1997","3.905,51","3.885,41","3.905,51","3.848,15","15,05M","0,09%"
"30.09.1997","3.902,03","3.911,34","3.918,42","3.885,59","15,08M","-0,28%"
"29.09.1997","3.912,83","3.918,05","3.964,03","3.908,84","19,41M","-0,32%"
"26.09.1997","3.925,24","3.895,98","3.927,77","3.883,88","17,24M","0,97%"
"25.09.1997","3.887,56","3.835,80","3.888,51","3.835,80","19,80M","1,61%"
"24.09.1997","3.825,91","3.834,97","3.864,25","3.823,01","15,91M","0,09%"
"23.09.1997","3.822,42","3.772,59","3.823,29","3.763,37","17,30M","1,36%"
"22.09.1997","3.770,99","3.830,81","3.836,04","3.758,52","14,95M","-1,42%"
"19.09.1997","3.825,12","3.891,63","3.894,09","3.820,28","17,10M","-1,54%"
"18.09.1997","3.884,77","3.904,42","3.904,42","3.844,49","16,20M","-1,11%"
"17.09.1997","3.928,33","4.013,68","4.013,68","3.914,58","19,06M","-2,10%"
"16.09.1997","4.012,59","4.026,02","4.035,39","4.000,84","19,73M","-0,15%"
"15.09.1997","4.018,42","3.987,39","4.057,35","3.985,97","11,13M","0,56%"
"12.09.1997","3.995,94","4.013,01","4.018,50","3.979,43","14,31M","-0,35%"
"11.09.1997","4.010,07","4.057,90","4.070,36","4.008,00","16,70M","-0,88%"
"10.09.1997","4.045,61","4.018,75","4.050,28","3.998,32","14,22M","0,35%"
"09.09.1997","4.031,55","4.095,12","4.112,48","4.030,86","20,27M","-1,36%"
"08.09.1997","4.087,30","4.029,85","4.088,26","4.006,28","12,80M","1,36%"
"05.09.1997","4.032,35","4.018,59","4.036,61","4.005,07","13,82M","0,63%"
"04.09.1997","4.007,04","3.963,94","4.012,18","3.932,77","16,15M","1,05%"
"03.09.1997","3.965,39","3.966,87","4.016,21","3.946,43","21,95M","0,39%"
"02.09.1997","3.950,03","3.944,31","3.960,76","3.869,61","26,44M","0,16%"
"01.09.1997","3.943,67","3.875,26","3.948,92","3.854,21","19,72M","1,74%"
"29.08.1997","3.876,08","3.916,58","3.945,67","3.851,04","21,43M","-2,20%"
"28.08.1997","3.963,15","4.093,76","4.093,76","3.960,34","15,54M","-3,28%"
"27.08.1997","4.097,56","4.131,05","4.132,62","4.085,29","12,36M","-0,24%"
"26.08.1997","4.107,24","4.038,58","4.110,51","4.038,58","17,88M","1,47%"
"22.08.1997","4.047,67","4.132,99","4.144,17","4.037,31","18,44M","-2,61%"
"21.08.1997","4.156,16","4.252,05","4.265,19","4.138,27","20,51M","-1,85%"
"20.08.1997","4.234,63","4.166,79","4.238,09","4.144,47","11,79M","1,66%"
"19.08.1997","4.165,37","4.277,29","4.277,29","4.151,63","18,73M","-3,60%"
"14.08.1997","4.320,97","4.372,29","4.381,53","4.290,13","17,36M","-1,12%"
"13.08.1997","4.370,13","4.419,34","4.419,34","4.353,32","15,73M","-1,24%"
"12.08.1997","4.425,03","4.496,80","4.504,03","4.393,24","29,67M","-1,26%"
"11.08.1997","4.481,30","4.434,02","4.482,51","4.423,69","20,17M","1,90%"
"08.08.1997","4.397,54","4.460,23","4.467,18","4.373,20","20,69M","-1,11%"
"07.08.1997","4.447,06","4.527,91","4.546,91","4.439,48","23,58M","-1,68%"
"06.08.1997","4.523,01","4.568,39","4.605,41","4.505,06","28,74M","-0,55%"
"05.08.1997","4.548,02","4.477,50","4.548,79","4.477,50","25,90M","1,85%"
"04.08.1997","4.465,37","4.392,47","4.478,19","4.392,47","23,47M","2,72%"
"01.08.1997","4.347,32","4.322,19","4.356,55","4.314,06","22,06M","0,97%"
"31.07.1997","4.305,76","4.252,37","4.331,58","4.245,52","22,03M","1,43%"
"30.07.1997","4.244,89","4.230,80","4.253,81","4.220,18","17,67M","0,65%"
"29.07.1997","4.217,58","4.180,59","4.218,98","4.171,11","18,16M","0,86%"
"28.07.1997","4.181,48","4.191,91","4.197,21","4.163,53","16,29M","-0,20%"
"25.07.1997","4.189,81","4.218,29","4.222,73","4.159,00","21,77M","-0,87%"
"24.07.1997","4.226,57","4.264,93","4.294,95","4.223,61","20,65M","-0,58%"
"23.07.1997","4.251,13","4.204,83","4.258,60","4.182,32","22,81M","1,55%"
"22.07.1997","4.186,29","4.161,94","4.189,82","4.145,65","18,60M","0,77%"
"21.07.1997","4.154,28","4.134,08","4.155,80","4.105,28","17,78M","0,71%"
"18.07.1997","4.124,81","4.174,72","4.193,72","4.115,73","17,14M","-1,64%"
"17.07.1997","4.193,61","4.183,91","4.202,31","4.152,26","20,16M","0,24%"
"16.07.1997","4.183,42","4.232,53","4.263,26","4.171,00","21,29M","-0,89%"
"15.07.1997","4.221,02","4.229,89","4.261,03","4.204,72","21,34M","-0,09%"
"14.07.1997","4.225,02","4.251,70","4.251,70","4.182,42","16,18M","-2,24%"
"11.07.1997","4.321,98","4.372,75","4.372,75","4.301,93","17,99M","-1,29%"
"10.07.1997","4.378,37","4.413,39","4.448,06","4.376,11","19,58M","-0,60%"
"09.07.1997","4.404,69","4.315,42","4.404,83","4.315,42","20,25M","2,28%"
"08.07.1997","4.306,39","4.285,65","4.313,00","4.252,49","18,03M","0,35%"
"07.07.1997","4.291,45","4.326,81","4.391,01","4.289,49","19,15M","-0,75%"
"04.07.1997","4.323,82","4.332,70","4.347,59","4.300,58","23,34M","0,01%"
"03.07.1997","4.323,46","4.335,79","4.393,29","4.299,97","23,09M","-0,24%"
"02.07.1997","4.333,90","4.302,96","4.395,31","4.295,40","29,67M","0,77%"
"01.07.1997","4.300,86","4.263,11","4.301,77","4.247,66","29,78M","1,05%"
"30.06.1997","4.256,09","4.184,00","4.272,44","4.184,00","13,63M","2,97%"
"27.06.1997","4.133,24","4.114,02","4.153,80","4.104,85","19,13M","0,41%"
"26.06.1997","4.116,56","4.100,37","4.148,99","4.089,94","26,29M","0,56%"
"25.06.1997","4.093,62","4.123,82","4.132,40","4.078,31","20,45M","-0,63%"
"24.06.1997","4.119,39","4.088,96","4.121,93","4.063,19","17,86M","0,74%"
"23.06.1997","4.089,20","4.091,33","4.120,63","4.075,56","17,16M","0,15%"
"20.06.1997","4.083,04","4.101,67","4.142,75","4.060,30","28,60M","-0,15%"
"19.06.1997","4.088,98","4.077,81","4.102,09","4.046,49","23,40M","0,16%"
"18.06.1997","4.082,50","4.095,84","4.148,86","4.081,26","23,74M","-0,13%"
"17.06.1997","4.087,64","4.027,61","4.087,93","4.021,00","28,20M","1,55%"
"16.06.1997","4.025,41","4.043,20","4.076,56","4.006,80","20,33M","-0,11%"
"13.06.1997","4.029,99","3.983,22","4.065,00","3.980,85","22,40M","1,18%"
"12.06.1997","3.982,95","3.927,49","3.984,55","3.927,49","16,13M","1,41%"
"11.06.1997","3.927,71","3.864,92","3.937,58","3.864,92","19,87M","1,73%"
"10.06.1997","3.860,97","3.835,57","3.866,17","3.834,14","15,90M","0,67%"
"09.06.1997","3.835,35","3.837,05","3.853,91","3.815,73","13,01M","-0,03%"
"06.06.1997","3.836,44","3.875,13","3.878,99","3.830,98","14,68M","-0,97%"
"05.06.1997","3.873,85","3.863,38","3.901,45","3.852,30","18,71M","0,32%"
"04.06.1997","3.861,42","3.840,99","3.888,73","3.840,99","16,27M","0,59%"
"03.06.1997","3.838,85","3.810,63","3.864,41","3.810,63","24,17M","0,81%"
"02.06.1997","3.808,18","3.758,39","3.810,92","3.747,14","17,80M","1,41%"
"30.05.1997","3.755,10","3.724,52","3.764,21","3.714,76","19,90M","0,83%"
"29.05.1997","3.724,11","3.684,77","3.724,11","3.659,39","16,58M","1,05%"
"28.05.1997","3.685,31","3.704,94","3.718,24","3.670,51","12,66M","-0,20%"
"27.05.1997","3.692,55","3.702,15","3.716,79","3.681,72","13,19M","-0,25%"
"26.05.1997","3.701,65","3.707,51","3.726,17","3.693,45","11,26M","-0,13%"
"23.05.1997","3.706,37","3.729,51","3.742,35","3.697,70","16,78M","-0,65%"
"22.05.1997","3.730,78","3.738,06","3.742,53","3.714,20","12,06M","-0,11%"
"21.05.1997","3.735,01","3.766,03","3.766,03","3.731,85","14,58M","-0,88%"
"20.05.1997","3.768,30","3.780,54","3.788,92","3.755,21","13,50M","-0,26%"
"19.05.1997","3.778,31","3.768,97","3.806,15","3.768,92","18,71M","0,50%"
"16.05.1997","3.759,64","3.742,10","3.769,43","3.738,71","14,63M","0,49%"
"15.05.1997","3.741,22","3.737,96","3.767,21","3.713,48","15,82M","0,02%"
"14.05.1997","3.740,53","3.702,36","3.744,62","3.652,20","17,10M","1,04%"
"13.05.1997","3.701,96","3.734,69","3.742,40","3.692,00","13,24M","-0,89%"
"12.05.1997","3.735,25","3.772,28","3.794,03","3.732,15","12,26M","-0,90%"
"09.05.1997","3.769,34","3.758,83","3.812,63","3.758,83","11,94M","0,42%"
"07.05.1997","3.753,50","3.785,83","3.790,69","3.751,93","14,69M","-0,74%"
"06.05.1997","3.781,49","3.760,11","3.786,29","3.739,09","16,88M","0,66%"
"05.05.1997","3.756,78","3.795,20","3.798,27","3.755,09","16,26M","-1,18%"
"02.05.1997","3.801,71","3.838,44","3.838,44","3.789,64","14,32M","-1,03%"
"30.04.1997","3.841,11","3.847,03","3.879,21","3.838,22","16,36M","0,85%"
"29.04.1997","3.808,65","3.822,53","3.828,46","3.787,15","16,28M","-0,44%"
"28.04.1997","3.825,51","3.833,47","3.850,47","3.812,87","19,55M","0,00%"
"25.04.1997","3.825,57","3.800,87","3.827,74","3.793,83","16,63M","0,52%"
"24.04.1997","3.805,72","3.831,52","3.834,31","3.793,48","15,16M","-0,61%"
"23.04.1997","3.828,99","3.801,98","3.864,77","3.798,45","21,45M","0,75%"
"22.04.1997","3.800,63","3.813,42","3.839,54","3.785,77","32,92M","0,02%"
"21.04.1997","3.799,79","3.723,83","3.808,38","3.723,83","27,29M","2,79%"
"17.04.1997","3.696,52","3.649,12","3.706,32","3.642,67","20,37M","1,35%"
"15.04.1997","3.647,44","3.605,06","3.649,86","3.605,06","17,59M","1,61%"
"12.04.1997","3.589,72","3.624,50","3.624,50","3.574,26","","-1,21%"
"11.04.1997","3.633,73","3.573,97","3.644,24","3.512,05","18,32M","0,98%"
"10.04.1997","3.598,37","3.640,75","3.640,80","3.554,77","19,33M","-1,44%"
"09.04.1997","3.650,88","3.541,71","3.657,82","3.541,71","17,28M","3,70%"
"07.04.1997","3.520,49","3.551,95","3.551,95","3.511,15","8,32M","-0,84%"
"04.04.1997","3.550,37","3.555,42","3.555,42","3.519,78","14,21M","-0,26%"
"03.04.1997","3.559,65","3.543,40","3.581,94","3.520,71","16,31M","0,60%"
"02.04.1997","3.538,39","3.450,40","3.540,87","3.450,40","20,31M","3,25%"
"01.04.1997","3.427,01","3.339,47","3.438,27","3.315,36","27,00M","1,97%"
"31.03.1997","3.360,89","3.595,36","3.595,36","3.318,90","24,96M","-8,26%"
"28.03.1997","3.663,53","3.736,66","3.740,75","3.656,16","13,82M","-1,93%"
"27.03.1997","3.735,58","3.733,26","3.736,37","3.695,16","13,09M","0,06%"
"26.03.1997","3.733,24","3.765,24","3.765,24","3.724,92","14,59M","-0,86%"
"25.03.1997","3.765,78","3.736,27","3.796,22","3.736,27","20,81M","0,95%"
"21.03.1997","3.730,20","3.736,82","3.763,30","3.718,62","19,59M","-0,05%"
"20.03.1997","3.732,05","3.686,37","3.734,84","3.659,27","23,40M","1,17%"
"19.03.1997","3.689,07","3.791,58","3.791,94","3.689,07","22,70M","-2,80%"
"18.03.1997","3.795,17","3.797,46","3.813,06","3.765,48","20,13M","-0,08%"
"17.03.1997","3.798,12","3.752,91","3.808,19","3.752,91","20,36M","1,41%"
"14.03.1997","3.745,31","3.747,63","3.768,22","3.714,17","25,24M","-0,25%"
"13.03.1997","3.754,51","3.769,55","3.780,34","3.731,81","14,50M","-0,21%"
"12.03.1997","3.762,37","3.735,20","3.796,78","3.727,93","20,47M","0,98%"
"11.03.1997","3.725,87","3.766,04","3.802,89","3.700,02","26,37M","-1,14%"
"10.03.1997","3.768,74","3.861,47","3.861,47","3.764,89","17,36M","-2,77%"
"06.03.1997","3.876,04","3.935,00","3.941,09","3.859,04","24,57M","-1,65%"
"05.03.1997","3.940,99","3.965,03","4.029,56","3.898,40","32,21M","-0,09%"
"04.03.1997","3.944,61","3.873,00","3.949,07","3.842,88","25,73M","1,90%"
"03.03.1997","3.871,05","3.855,34","4.007,91","3.828,77","27,04M","0,35%"
"01.03.1997","3.857,49","3.713,74","3.870,15","3.713,74","","5,63%"
"28.02.1997","3.651,91","3.547,75","3.735,89","3.547,75","17,81M","6,54%"
"27.02.1997","3.427,87","3.379,10","3.429,72","3.379,10","15,24M","1,87%"
"26.02.1997","3.364,97","3.356,10","3.367,38","3.316,71","16,24M","0,24%"
"25.02.1997","3.356,83","3.358,12","3.400,40","3.325,29","23,01M","-0,05%"
"24.02.1997","3.358,47","3.439,11","3.440,97","3.356,02","16,21M","-2,36%"
"21.02.1997","3.439,49","3.493,83","3.493,83","3.433,27","17,17M","-1,57%"
"20.02.1997","3.494,40","3.527,35","3.527,35","3.491,46","14,41M","-0,96%"
"19.02.1997","3.528,44","3.520,50","3.533,03","3.468,89","19,37M","-0,05%"
"18.02.1997","3.530,23","3.578,47","3.578,47","3.504,23","22,38M","-1,40%"
"17.02.1997","3.580,29","3.533,85","3.586,05","3.533,85","20,67M","1,66%"
"14.02.1997","3.521,99","3.493,03","3.528,56","3.493,03","15,35M","0,84%"
"13.02.1997","3.492,65","3.482,86","3.512,40","3.472,02","11,71M","0,26%"
"12.02.1997","3.483,48","3.499,22","3.525,35","3.479,54","19,20M","-0,54%"
"11.02.1997","3.502,27","3.442,50","3.505,14","3.440,06","19,44M","1,71%"
"10.02.1997","3.443,55","3.413,88","3.457,29","3.413,88","19,24M","1,07%"
"07.02.1997","3.407,22","3.399,83","3.414,37","3.377,22","19,51M","0,14%"
"06.02.1997","3.402,60","3.355,71","3.404,11","3.332,61","19,86M","1,43%"
"05.02.1997","3.354,72","3.383,59","3.426,67","3.352,34","22,09M","-0,68%"
"04.02.1997","3.377,63","3.322,04","3.379,33","3.316,15","25,60M","1,61%"
"03.02.1997","3.324,22","3.379,76","3.381,72","3.323,33","19,94M","-1,72%"
"31.01.1997","3.382,47","3.473,42","3.473,42","3.361,25","26,01M","-3,63%"
"30.01.1997","3.510,05","3.526,55","3.547,56","3.471,97","24,89M","-0,45%"
"29.01.1997","3.525,97","3.613,43","3.645,35","3.522,58","29,00M","-2,17%"
"28.01.1997","3.604,20","3.566,11","3.607,21","3.543,12","31,29M","1,16%"
"27.01.1997","3.562,74","3.436,98","3.578,26","3.436,98","28,45M","3,70%"
"24.01.1997","3.435,62","3.429,13","3.448,76","3.412,97","21,30M","0,25%"
"22.01.1997","3.427,09","3.404,94","3.464,58","3.385,28","26,90M","1,31%"
"21.01.1997","3.382,74","3.387,40","3.429,37","3.349,23","20,99M","-0,20%"
"20.01.1997","3.389,49","3.439,63","3.478,00","3.375,68","19,21M","-0,96%"
"17.01.1997","3.422,35","3.451,22","3.480,98","3.342,89","23,61M","-0,97%"
"16.01.1997","3.455,88","3.654,96","3.812,31","3.453,61","35,30M","-5,23%"
"15.01.1997","3.646,73","3.488,92","3.673,91","3.487,27","36,96M","4,42%"
"14.01.1997","3.492,26","3.454,04","3.499,82","3.422,99","27,02M","1,13%"
"13.01.1997","3.453,16","3.416,09","3.456,63","3.388,80","19,17M","1,02%"
"10.01.1997","3.418,32","3.366,53","3.443,56","3.366,53","20,05M","1,66%"
"09.01.1997","3.362,39","3.287,07","3.362,80","3.286,75","15,15M","2,24%"
"08.01.1997","3.288,88","3.268,92","3.319,57","3.268,92","21,78M","0,76%"
"07.01.1997","3.264,12","3.250,51","3.273,43","3.222,19","21,49M","0,36%"
"06.01.1997","3.252,31","3.267,75","3.287,47","3.238,08","12,99M","-0,36%"
"03.01.1997","3.264,00","3.215,46","3.264,00","3.204,88","15,07M","1,20%"
"02.01.1997","3.225,24","3.261,94","3.275,36","3.219,16","18,20M","-1,08%"
"01.01.1997","3.260,56","3.096,65","3.270,04","3.096,65","21,37M","5,68%"
"24.12.1996","3.085,20","3.091,69","3.091,69","3.063,59","11,40M","-0,25%"
"23.12.1996","3.093,04","3.111,00","3.127,19","3.076,00","14,16M","-0,55%"
"20.12.1996","3.110,19","3.037,70","3.111,85","3.037,70","18,48M","2,45%"
"19.12.1996","3.035,91","3.000,87","3.039,62","2.987,06","10,65M","1,16%"
"18.12.1996","3.001,24","2.986,02","3.051,72","2.986,02","17,36M","0,58%"
"17.12.1996","2.984,02","2.964,01","2.985,34","2.943,22","15,73M","0,86%"
"16.12.1996","2.958,65","2.900,25","2.966,99","2.900,25","15,73M","2,69%"
"13.12.1996","2.881,15","2.879,98","2.893,70","2.850,06","11,15M","0,03%"
"12.12.1996","2.880,26","2.940,00","2.965,10","2.878,20","15,74M","-2,08%"
"11.12.1996","2.941,36","2.802,52","2.943,71","2.802,52","18,71M","5,10%"
"10.12.1996","2.798,57","2.814,21","2.814,21","2.782,03","11,91M","-0,59%"
"09.12.1996","2.815,06","2.821,25","2.846,31","2.802,82","9,09M","-0,39%"
"06.12.1996","2.826,20","2.812,47","2.841,80","2.808,65","11,71M","0,50%"
"05.12.1996","2.812,22","2.749,36","2.822,50","2.735,67","12,75M","2,45%"
"04.12.1996","2.745,06","2.796,03","2.796,03","2.713,12","14,29M","-1,89%"
"03.12.1996","2.798,00","2.850,85","2.850,85","2.795,41","14,29M","-1,87%"
"02.12.1996","2.851,43","2.883,88","2.906,15","2.847,07","8,63M","-1,35%"
"29.11.1996","2.890,50","2.877,33","2.906,38","2.877,33","11,83M","0,68%"
"28.11.1996","2.871,02","2.885,20","2.910,00","2.865,13","11,79M","-0,44%"
"27.11.1996","2.883,57","2.944,57","2.944,57","2.847,48","14,74M","-2,20%"
"26.11.1996","2.948,44","2.996,35","3.035,64","2.948,03","17,18M","-1,55%"
"25.11.1996","2.994,98","2.960,52","3.004,83","2.856,21","14,42M","0,99%"
"22.11.1996","2.965,66","3.039,80","3.039,80","2.959,30","13,91M","-2,55%"
"21.11.1996","3.043,30","3.063,19","3.076,23","3.029,94","12,95M","-0,63%"
"20.11.1996","3.062,50","3.137,87","3.137,87","3.060,93","14,30M","-2,45%"
"19.11.1996","3.139,33","3.172,30","3.176,69","3.131,82","14,38M","-1,02%"
"18.11.1996","3.171,59","3.140,63","3.175,15","3.140,63","12,89M","1,04%"
"15.11.1996","3.139,02","3.108,71","3.142,31","3.102,20","10,62M","0,93%"
"14.11.1996","3.110,23","3.131,01","3.134,14","3.102,72","10,58M","-0,51%"
"13.11.1996","3.126,06","3.088,19","3.135,69","3.088,19","10,99M","1,49%"
"10.11.1996","3.080,26","3.092,08","3.099,63","3.077,49","","0,44%"
"07.11.1996","3.066,66","3.055,07","3.073,61","3.046,27","10,76M","0,74%"
"06.11.1996","3.044,16","3.059,61","3.059,61","2.999,79","18,14M","-0,61%"
"05.11.1996","3.062,84","3.092,00","3.104,03","3.062,50","16,20M","-0,97%"
"04.11.1996","3.092,72","3.143,89","3.143,89","3.080,28","15,20M","-1,77%"
"01.11.1996","3.148,57","3.164,03","3.190,82","3.131,82","18,30M","-0,48%"
"31.10.1996","3.163,78","3.171,45","3.171,45","3.122,76","15,96M","-0,29%"
"30.10.1996","3.172,98","3.240,91","3.243,00","3.163,40","16,81M","-2,07%"
"29.10.1996","3.239,94","3.260,43","3.261,25","3.222,65","15,67M","-0,75%"
"28.10.1996","3.264,52","3.256,26","3.314,05","3.256,26","15,40M","0,43%"
"25.10.1996","3.250,66","3.252,26","3.286,71","3.230,28","17,60M","-0,01%"
"24.10.1996","3.250,94","3.343,06","3.344,67","3.241,15","23,87M","-2,72%"
"23.10.1996","3.341,86","3.233,71","3.344,35","3.233,71","22,43M","3,56%"
"22.10.1996","3.227,13","3.152,58","3.235,26","3.152,58","24,32M","3,10%"
"18.10.1996","3.130,21","3.108,86","3.130,90","3.091,37","16,01M","0,58%"
"17.10.1996","3.112,02","3.100,88","3.112,58","3.068,56","14,19M","0,24%"
"16.10.1996","3.104,66","3.120,77","3.147,43","3.101,82","11,78M","-0,46%"
"15.10.1996","3.118,95","3.098,36","3.133,54","3.079,46","13,35M","0,63%"
"14.10.1996","3.099,34","3.166,01","3.166,01","3.098,00","11,10M","-1,94%"
"11.10.1996","3.160,52","3.127,75","3.176,97","3.121,95","17,29M","1,09%"
"10.10.1996","3.126,34","3.037,13","3.129,69","3.037,13","12,38M","2,92%"
"09.10.1996","3.037,63","3.038,02","3.045,68","2.991,32","15,33M","0,34%"
"08.10.1996","3.027,35","3.000,40","3.038,52","2.930,93","18,35M","0,82%"
"07.10.1996","3.002,86","3.105,31","3.111,31","2.939,87","17,62M","-3,17%"
"04.10.1996","3.101,27","3.198,20","3.208,74","3.095,14","13,69M","-2,96%"
"03.10.1996","3.195,77","3.229,79","3.254,57","3.190,36","15,87M","-0,96%"
"01.10.1996","3.226,80","3.249,15","3.249,58","3.220,05","10,22M","-0,39%"
"30.09.1996","3.239,48","3.255,37","3.268,61","3.205,23","11,64M","-0,47%"
"27.09.1996","3.254,73","3.301,86","3.301,86","3.251,29","11,35M","-1,58%"
"26.09.1996","3.307,05","3.341,09","3.341,09","3.293,71","8,92M","-1,10%"
"25.09.1996","3.343,92","3.350,70","3.373,51","3.340,90","9,75M","0,19%"
"24.09.1996","3.337,73","3.332,17","3.348,32","3.332,17","10,46M","0,20%"
"23.09.1996","3.331,09","3.340,75","3.348,35","3.307,20","11,48M","-0,47%"
"20.09.1996","3.346,78","3.349,30","3.366,41","3.339,94","9,58M","-0,09%"
"19.09.1996","3.349,77","3.404,93","3.430,83","3.345,19","12,41M","-1,88%"
"18.09.1996","3.414,01","3.344,73","3.421,20","3.323,80","11,20M","1,99%"
"13.09.1996","3.347,37","3.390,66","3.392,00","3.341,64","10,58M","-1,30%"
"12.09.1996","3.391,54","3.377,87","3.393,63","3.348,75","12,50M","0,26%"
"11.09.1996","3.382,71","3.440,48","3.448,58","3.380,32","10,53M","-1,52%"
"10.09.1996","3.434,83","3.461,71","3.461,71","3.411,78","10,63M","-0,96%"
"09.09.1996","3.468,29","3.508,71","3.511,42","3.454,45","9,13M","-1,13%"
"06.09.1996","3.508,07","3.526,38","3.543,21","3.507,74","11,94M","-0,25%"
"04.09.1996","3.516,90","3.483,07","3.518,41","3.456,42","9,70M","0,92%"
"03.09.1996","3.484,68","3.544,03","3.586,89","3.470,58","19,80M","-2,20%"
"02.09.1996","3.562,98","3.519,42","3.564,46","3.519,42","","1,38%"
"30.08.1996","3.514,61","3.493,28","3.515,64","3.489,75","8,57M","0,60%"
"29.08.1996","3.493,61","3.443,10","3.528,19","3.443,10","11,04M","1,59%"
"27.08.1996","3.438,80","3.435,13","3.439,59","3.412,90","9,45M","0,15%"
"26.08.1996","3.433,55","3.433,26","3.460,59","3.422,69","9,04M","0,06%"
"23.08.1996","3.431,40","3.390,00","3.449,84","3.385,91","12,84M","1,26%"
"22.08.1996","3.388,80","3.407,95","3.424,73","3.384,83","15,38M","-0,51%"
"21.08.1996","3.406,22","3.318,86","3.408,10","3.318,86","17,82M","2,72%"
"20.08.1996","3.316,06","3.281,36","3.317,93","3.276,15","17,82M","1,05%"
"19.08.1996","3.281,49","3.367,82","3.367,82","3.278,79","15,94M","-2,99%"
"16.08.1996","3.382,75","3.427,07","3.433,21","3.379,43","11,83M","-1,22%"
"14.08.1996","3.424,63","3.448,35","3.462,80","3.423,40","9,09M","-0,68%"
"13.08.1996","3.447,96","3.459,70","3.459,70","3.437,06","7,24M","-0,32%"
"12.08.1996","3.458,98","3.500,18","3.500,18","3.458,69","8,03M","-1,11%"
"09.08.1996","3.497,73","3.506,15","3.508,01","3.487,34","11,49M","-0,33%"
"08.08.1996","3.509,18","3.549,66","3.557,02","3.507,69","11,67M","-0,97%"
"07.08.1996","3.543,44","3.489,14","3.547,32","3.486,52","13,51M","1,79%"
"06.08.1996","3.481,29","3.481,79","3.484,58","3.453,99","11,06M","-0,04%"
"05.08.1996","3.482,68","3.503,83","3.513,64","3.480,74","9,66M","-0,82%"
"02.08.1996","3.511,63","3.537,26","3.537,26","3.484,93","18,18M","-0,76%"
"01.08.1996","3.538,60","3.539,97","3.585,15","3.534,42","22,40M","0,05%"
"31.07.1996","3.536,94","3.464,62","3.538,30","3.424,64","21,35M","2,57%"
"30.07.1996","3.448,33","3.490,11","3.490,11","3.387,39","21,35M","-1,22%"
"29.07.1996","3.491,01","3.555,09","3.589,64","3.489,17","15,91M","-1,94%"
"26.07.1996","3.560,00","3.552,64","3.569,50","3.522,14","22,54M","0,02%"
"25.07.1996","3.559,28","3.590,29","3.610,00","3.548,38","20,14M","-0,64%"
"24.07.1996","3.582,06","3.648,59","3.666,87","3.517,95","24,06M","-2,21%"
"23.07.1996","3.663,08","3.807,53","3.810,07","3.641,80","23,88M","-3,80%"
"22.07.1996","3.807,60","3.801,68","3.820,95","3.748,77","12,92M","1,18%"
"19.07.1996","3.763,09","3.786,70","3.795,44","3.756,36","24,24M","-0,34%"
"18.07.1996","3.775,99","3.725,73","3.787,74","3.725,73","27,51M","1,44%"
"17.07.1996","3.722,24","3.652,52","3.744,14","3.652,52","31,97M","2,12%"
"16.07.1996","3.644,93","3.728,92","3.746,58","3.631,47","28,16M","-1,82%"
"15.07.1996","3.712,37","3.659,36","3.717,83","3.653,84","24,42M","1,67%"
"12.07.1996","3.651,56","3.701,57","3.701,57","3.645,80","18,53M","-1,33%"
"11.07.1996","3.700,69","3.680,56","3.715,96","3.680,56","19,19M","0,79%"
"10.07.1996","3.671,66","3.637,15","3.686,78","3.624,33","19,97M","0,57%"
"09.07.1996","3.651,01","3.728,62","3.728,62","3.648,09","21,54M","-2,14%"
"08.07.1996","3.730,72","3.714,76","3.751,17","3.714,76","17,77M","0,64%"
"05.07.1996","3.707,01","3.708,32","3.742,43","3.683,47","19,98M","0,14%"
"04.07.1996","3.701,74","3.664,69","3.730,10","3.611,96","26,26M","1,25%"
"03.07.1996","3.656,03","3.739,26","3.742,69","3.652,22","19,23M","-2,44%"
"02.07.1996","3.747,47","3.758,39","3.779,71","3.740,06","17,56M","-0,18%"
"01.07.1996","3.754,38","3.798,87","3.802,76","3.748,08","16,03M","-1,52%"
"28.06.1996","3.812,52","3.852,05","3.862,25","3.798,21","18,94M","-0,95%"
"27.06.1996","3.849,11","3.781,15","3.852,77","3.762,50","22,03M","1,49%"
"26.06.1996","3.792,75","3.845,09","3.854,66","3.784,55","16,97M","-1,62%"
"25.06.1996","3.855,06","3.924,38","3.931,24","3.841,19","19,89M","-1,87%"
"24.06.1996","3.928,58","3.935,66","3.945,25","3.888,94","18,77M","0,09%"
"21.06.1996","3.924,95","3.993,69","3.993,69","3.923,90","18,50M","-1,76%"
"20.06.1996","3.995,20","3.979,88","4.002,66","3.933,96","19,45M","0,38%"
"19.06.1996","3.980,04","4.067,78","4.067,78","3.977,89","17,62M","-2,19%"
"18.06.1996","4.069,26","4.067,29","4.077,60","4.026,84","15,38M","0,05%"
"17.06.1996","4.067,29","4.053,59","4.131,22","4.053,59","14,81M","0,44%"
"14.06.1996","4.049,39","3.968,48","4.052,90","3.968,48","14,60M","2,12%"
"13.06.1996","3.965,44","3.939,22","3.978,90","3.936,80","10,96M","0,67%"
"12.06.1996","3.939,20","3.915,33","3.972,38","3.915,33","18,88M","0,64%"
"11.06.1996","3.914,28","3.883,31","3.914,81","3.870,45","13,26M","0,64%"
"10.06.1996","3.889,34","3.864,12","3.909,04","3.864,12","12,09M","0,60%"
"07.06.1996","3.866,21","3.826,46","3.869,57","3.824,06","13,55M","0,94%"
"06.06.1996","3.830,31","3.826,89","3.860,91","3.826,89","18,73M","0,45%"
"05.06.1996","3.813,05","3.791,23","3.814,58","3.760,44","19,31M","0,52%"
"04.06.1996","3.793,46","3.804,43","3.841,79","3.785,88","22,08M","-0,15%"
"03.06.1996","3.799,01","3.731,96","3.803,03","3.731,96","17,69M","1,99%"
"31.05.1996","3.724,97","3.709,70","3.733,44","3.701,39","16,21M","0,66%"
"30.05.1996","3.700,62","3.745,95","3.767,86","3.694,20","","-1,06%"
"29.05.1996","3.740,45","3.635,56","3.742,86","3.635,56","","2,87%"
"28.05.1996","3.636,01","3.650,31","3.650,31","3.578,29","17,32M","-0,47%"
"27.05.1996","3.653,10","3.704,96","3.704,96","3.649,28","8,37M","-1,51%"
"24.05.1996","3.709,25","3.686,66","3.727,58","3.686,66","7,25M","0,69%"
"23.05.1996","3.683,99","3.679,89","3.688,47","3.667,73","9,73M","-0,05%"
"22.05.1996","3.685,85","3.674,38","3.704,25","3.669,81","10,08M","0,38%"
"21.05.1996","3.671,95","3.677,01","3.690,07","3.659,23","12,97M","-0,60%"
"20.05.1996","3.694,29","3.788,17","3.788,17","3.691,75","10,44M","-2,68%"
"17.05.1996","3.795,96","3.819,09","3.819,09","3.783,63","12,91M","-0,71%"
"16.05.1996","3.823,11","3.816,03","3.879,55","3.816,03","15,42M","0,71%"
"15.05.1996","3.796,29","3.793,14","3.796,29","3.728,86","18,37M","-0,36%"
"14.05.1996","3.810,13","3.747,19","3.814,12","3.726,98","16,87M","1,59%"
"13.05.1996","3.750,37","3.717,56","3.751,77","3.711,46","13,12M","1,52%"
"10.05.1996","3.694,39","3.661,71","3.698,91","3.628,62","12,37M","0,00%"
"09.05.1996","3.694,30","3.763,23","3.763,23","3.692,86","13,35M","-1,94%"
"08.05.1996","3.767,25","3.710,91","3.780,90","3.658,91","14,01M","1,46%"
"06.05.1996","3.712,87","3.788,33","3.788,33","3.700,54","12,04M","-1,92%"
"03.05.1996","3.785,51","3.848,12","3.848,12","3.780,54","9,84M","-1,56%"
"02.05.1996","3.845,48","3.827,60","3.862,80","3.809,61","10,76M","0,49%"
"30.04.1996","3.826,72","3.797,49","3.826,72","3.791,98","8,08M","1,64%"
"26.04.1996","3.765,11","3.823,80","3.829,69","3.713,54","12,06M","-1,87%"
"25.04.1996","3.836,91","3.886,60","3.950,82","3.831,27","15,60M","-0,85%"
"24.04.1996","3.869,87","3.745,68","3.870,14","3.745,68","16,12M","3,78%"
"23.04.1996","3.728,76","3.697,89","3.728,76","3.673,29","12,16M","0,48%"
"22.04.1996","3.710,79","3.759,51","3.811,52","3.703,68","11,64M","-0,72%"
"18.04.1996","3.737,86","3.729,78","3.782,21","3.715,55","13,04M","0,51%"
"17.04.1996","3.718,91","3.599,09","3.723,26","3.599,09","13,00M","3,58%"
"16.04.1996","3.590,54","3.561,72","3.597,90","3.561,72","8,83M","1,32%"
"15.04.1996","3.543,66","3.527,01","3.550,60","3.527,01","8,82M","1,61%"
"12.04.1996","3.487,51","3.459,12","3.487,70","3.458,84","7,63M","0,67%"
"11.04.1996","3.464,33","3.454,95","3.467,82","3.453,63","7,54M","-0,16%"
"10.04.1996","3.469,94","3.492,58","3.497,70","3.469,94","9,21M","-0,45%"
"09.04.1996","3.485,63","3.490,73","3.508,58","3.479,29","10,93M","0,00%"
"08.04.1996","3.485,75","3.476,38","3.488,00","3.466,12","7,40M","1,22%"
"05.04.1996","3.443,86","3.402,97","3.443,86","3.402,97","3,51M","0,98%"
"04.04.1996","3.410,28","3.383,79","3.410,28","3.376,91","6,00M","0,08%"
"03.04.1996","3.407,47","3.428,07","3.431,85","3.407,47","7,14M","-0,07%"
"02.04.1996","3.409,69","3.376,64","3.414,61","3.376,64","6,42M","1,28%"
"29.03.1996","3.366,61","3.326,65","3.368,85","3.326,65","4,31M","1,71%"
"27.03.1996","3.309,85","3.269,38","3.311,27","3.269,38","5,33M","2,07%"
"26.03.1996","3.242,78","3.214,49","3.245,30","3.210,70","7,03M","0,52%"
"25.03.1996","3.226,02","3.249,51","3.249,51","3.223,59","6,57M","-0,39%"
"22.03.1996","3.238,71","3.288,75","3.288,75","3.225,78","6,62M","-1,60%"
"21.03.1996","3.291,43","3.258,80","3.302,42","3.258,80","6,77M","1,09%"
"19.03.1996","3.256,08","3.287,14","3.296,41","3.255,89","6,31M","-1,10%"
"18.03.1996","3.292,21","3.337,20","3.337,20","3.287,78","4,87M","-1,53%"
"15.03.1996","3.343,27","3.383,78","3.383,78","3.343,27","5,13M","-1,26%"
"14.03.1996","3.386,05","3.387,77","3.404,29","3.372,74","5,50M","0,37%"
"13.03.1996","3.373,73","3.315,26","3.374,80","3.315,26","5,86M","2,24%"
"12.03.1996","3.299,90","3.310,10","3.311,86","3.295,29","4,88M","0,25%"
"11.03.1996","3.291,65","3.306,28","3.306,28","3.282,08","4,73M","-1,58%"
"08.03.1996","3.344,64","3.369,13","3.369,13","3.339,57","6,28M","-1,16%"
"07.03.1996","3.383,92","3.426,92","3.435,85","3.383,92","6,50M","-1,19%"
"06.03.1996","3.424,65","3.407,86","3.424,65","3.392,74","4,90M","0,66%"
"04.03.1996","3.402,05","3.417,35","3.417,35","3.400,09","4,04M","-0,46%"
"01.03.1996","3.417,81","3.391,08","3.417,81","3.385,15","6,02M","0,76%"
"29.02.1996","3.391,99","3.474,31","3.474,31","3.388,45","6,89M","-2,92%"
"28.02.1996","3.494,09","3.536,03","3.536,85","3.491,77","4,01M","-0,72%"
"27.02.1996","3.519,29","3.534,96","3.534,96","3.510,91","4,05M","-0,53%"
"26.02.1996","3.538,10","3.538,88","3.571,55","3.538,10","4,86M","1,29%"
"23.02.1996","3.492,95","3.500,94","3.517,77","3.469,08","6,05M","-0,22%"
"22.02.1996","3.500,48","3.463,49","3.503,75","3.463,49","5,60M","1,35%"
"20.02.1996","3.453,80","3.480,76","3.486,31","3.451,96","4,43M","-0,85%"
"19.02.1996","3.483,33","3.502,01","3.513,98","3.483,33","5,35M","-0,45%"
"16.02.1996","3.499,06","3.538,49","3.538,49","3.474,76","5,13M","-1,22%"
"15.02.1996","3.542,12","3.541,98","3.582,24","3.538,07","6,06M","-1,09%"
"14.02.1996","3.581,00","3.597,91","3.607,27","3.577,60","7,95M","1,51%"
"13.02.1996","3.527,84","3.456,00","3.527,84","3.431,49","7,81M","1,62%"
"12.02.1996","3.471,68","3.495,05","3.520,73","3.450,54","8,28M","0,03%"
"09.02.1996","3.470,53","3.477,61","3.485,87","3.422,29","10,67M","2,68%"
"08.02.1996","3.380,04","3.222,73","3.384,15","3.222,73","9,74M","5,54%"
"07.02.1996","3.202,49","3.169,14","3.202,49","3.124,78","8,94M","1,51%"
"06.02.1996","3.154,89","3.221,47","3.242,78","3.154,89","10,52M","-2,43%"
"05.02.1996","3.233,32","3.176,02","3.249,03","3.176,02","8,88M","1,91%"
"02.02.1996","3.172,83","3.034,89","3.173,59","3.034,89","9,15M","5,71%"
"01.02.1996","3.001,42","2.929,04","3.001,42","2.929,04","6,69M","2,37%"
"31.01.1996","2.931,84","2.944,25","2.951,63","2.920,84","6,69M","0,75%"
"30.01.1996","2.909,92","2.889,39","2.936,68","2.889,39","6,11M","1,31%"
"29.01.1996","2.872,18","2.823,32","2.874,98","2.823,32","4,06M","1,63%"
"25.01.1996","2.826,08","2.829,08","2.841,80","2.820,26","4,32M","-0,44%"
"24.01.1996","2.838,57","2.885,02","2.885,02","2.823,28","4,89M","-2,01%"
"23.01.1996","2.896,70","2.933,09","2.935,51","2.896,70","4,41M","-1,03%"
"22.01.1996","2.926,78","2.925,08","2.936,15","2.923,39","3,51M","0,29%"
"19.01.1996","2.918,21","2.933,59","2.941,82","2.910,08","3,36M","-0,75%"
"18.01.1996","2.940,40","2.936,89","2.948,55","2.919,65","4,54M","-0,76%"
"17.01.1996","2.962,91","2.997,84","2.997,84","2.962,91","4,21M","-1,74%"
"16.01.1996","3.015,48","3.019,52","3.019,76","3.008,27","2,59M","-0,23%"
"15.01.1996","3.022,51","3.018,59","3.029,96","3.018,59","2,49M","0,41%"
"12.01.1996","3.010,21","3.022,11","3.035,40","3.009,25","6,09M","-0,39%"
"11.01.1996","3.021,99","2.991,56","3.023,85","2.991,56","4,59M","0,82%"
"10.01.1996","2.997,33","2.990,69","3.012,64","2.990,69","4,57M","-0,12%"
"09.01.1996","3.001,03","2.990,48","3.002,69","2.972,87","5,96M","-0,07%"
"08.01.1996","3.003,19","3.041,43","3.048,89","3.003,19","4,07M","-1,50%"
"05.01.1996","3.048,86","3.067,56","3.067,56","3.041,82","3,76M","-0,77%"
"04.01.1996","3.072,41","3.088,86","3.088,86","3.049,55","4,72M","-0,52%"
"03.01.1996","3.088,40","3.114,08","3.114,83","3.086,53","3,26M","-0,76%"
"02.01.1996","3.111,96","3.130,16","3.131,37","3.108,14","2,18M","-0,51%"
"01.01.1996","3.127,94","3.114,08","3.127,94","3.114,08","1,81M","0,56%"
"22.12.1995","3.110,49","3.109,55","3.128,08","3.109,55","5,39M","0,17%"
"21.12.1995","3.105,20","3.073,17","3.105,20","3.072,49","4,72M","1,83%"
"20.12.1995","3.049,26","3.051,90","3.066,01","3.035,45","3,42M","0,40%"
"19.12.1995","3.037,01","3.039,91","3.040,62","3.033,17","4,39M","-0,20%"
"18.12.1995","3.042,96","3.043,40","3.049,40","3.034,85","3,35M","-0,21%"
"15.12.1995","3.049,40","3.049,75","3.049,75","3.017,34","5,16M","-0,13%"
"14.12.1995","3.053,42","3.073,78","3.073,78","3.052,65","4,42M","-0,48%"
"13.12.1995","3.068,16","3.049,33","3.068,16","3.042,94","4,67M","1,13%"
"12.12.1995","3.033,83","3.045,06","3.048,79","3.030,24","4,22M","-0,34%"
"11.12.1995","3.044,23","3.038,27","3.049,61","3.020,15","4,93M","-1,27%"
"08.12.1995","3.083,32","3.148,34","3.149,04","3.083,32","5,27M","-1,56%"
"07.12.1995","3.132,19","3.106,95","3.137,49","3.100,83","4,37M","2,03%"
"06.12.1995","3.069,92","3.019,39","3.069,92","3.019,39","4,70M","2,08%"
"05.12.1995","3.007,24","3.031,54","3.043,28","2.991,84","6,44M","-0,95%"
"04.12.1995","3.036,23","3.043,32","3.046,94","3.035,93","","-0,06%"
"01.12.1995","3.037,99","3.064,38","3.083,81","3.037,99","6,63M","1,46%"
"30.11.1995","2.994,29","2.938,86","2.997,41","2.938,86","4,22M","2,47%"
"29.11.1995","2.922,16","2.943,97","2.943,97","2.891,45","5,16M","-1,29%"
"28.11.1995","2.960,22","2.968,22","2.976,45","2.958,35","4,59M","-2,09%"
"27.11.1995","3.023,28","3.050,09","3.061,25","3.022,72","2,92M","-0,62%"
"24.11.1995","3.042,20","2.979,33","3.042,20","2.978,76","3,13M","3,33%"
"23.11.1995","2.944,18","2.956,69","2.960,36","2.924,99","3,93M","-1,91%"
"22.11.1995","3.001,52","3.049,44","3.049,44","2.977,95","3,45M","-2,00%"
"21.11.1995","3.062,69","3.093,30","3.093,44","3.062,69","3,42M","-1,56%"
"20.11.1995","3.111,23","3.109,01","3.116,51","3.107,11","","0,26%"
"17.11.1995","3.103,03","3.128,89","3.131,98","3.101,05","1,75M","-1,28%"
"16.11.1995","3.143,18","3.151,54","3.169,77","3.143,18","1,70M","-0,50%"
"15.11.1995","3.158,98","3.137,72","3.171,77","3.134,07","2,94M","0,64%"
"14.11.1995","3.138,79","3.169,00","3.169,00","3.110,74","2,75M","-1,72%"
"13.11.1995","3.193,77","3.295,00","3.295,00","3.193,77","2,59M","-2,84%"
"10.11.1995","3.287,12","3.288,89","3.288,89","3.280,06","637,00K","-0,87%"
"09.11.1995","3.316,00","3.339,33","3.339,33","3.316,00","3,03M","-1,45%"
"08.11.1995","3.364,71","3.392,66","3.426,05","3.364,71","2,66M","-1,79%"
"06.11.1995","3.425,88","3.472,70","3.473,80","3.418,43","5,65M","-1,25%"
"03.11.1995","3.469,40","3.451,20","3.470,26","3.441,49","5,49M","0,23%"
"02.11.1995","3.461,35","3.509,26","3.509,26","3.458,85","6,96M","-0,78%"
"01.11.1995","3.488,50","3.428,79","3.488,50","3.428,79","5,84M","1,90%"
"31.10.1995","3.423,47","3.420,39","3.425,20","3.409,05","5,16M","0,12%"
"30.10.1995","3.419,45","3.459,64","3.459,64","3.419,45","4,85M","-0,72%"
"27.10.1995","3.444,12","3.401,18","3.444,12","3.383,19","6,43M","1,04%"
"26.10.1995","3.408,67","3.479,97","3.479,97","3.390,81","5,27M","-2,22%"
"23.10.1995","3.486,20","3.512,58","3.512,58","3.484,13","954,00K","-0,80%"
"20.10.1995","3.514,42","3.542,45","3.542,45","3.506,80","3,25M","-0,73%"
"19.10.1995","3.540,37","3.554,98","3.556,06","3.534,88","3,63M","-0,76%"
"18.10.1995","3.567,45","3.569,50","3.611,56","3.564,11","4,57M","-0,04%"
"17.10.1995","3.568,86","3.582,77","3.592,52","3.568,86","5,41M","-0,42%"
"16.10.1995","3.583,76","3.582,49","3.584,99","3.573,79","2,84M","0,05%"
"13.10.1995","3.581,97","3.560,85","3.582,83","3.557,71","3,22M","0,58%"
"12.10.1995","3.561,40","3.582,66","3.582,66","3.558,10","3,82M","-0,30%"
"11.10.1995","3.572,22","3.550,26","3.575,18","3.545,94","4,38M","0,41%"
"10.10.1995","3.557,80","3.576,20","3.576,20","3.552,84","3,31M","-0,70%"
"09.10.1995","3.582,90","3.588,97","3.602,57","3.582,90","3,25M","-0,43%"
"06.10.1995","3.598,37","3.601,59","3.609,19","3.588,36","5,03M","1,00%"
"05.10.1995","3.562,81","3.581,16","3.592,15","3.546,04","6,08M","0,89%"
"04.10.1995","3.531,49","3.531,49","3.531,49","3.531,49","2,81M","1,10%"
"29.09.1995","3.493,21","3.457,52","3.493,21","3.457,52","2,55M","1,06%"
"28.09.1995","3.456,52","3.456,80","3.461,83","3.446,40","1,97M","-0,28%"
"27.09.1995","3.466,39","3.496,54","3.502,85","3.466,39","3,16M","-1,47%"
"26.09.1995","3.518,11","3.507,89","3.519,14","3.497,66","3,65M","0,85%"
"25.09.1995","3.488,60","3.463,42","3.488,91","3.463,42","2,92M","1,28%"
"22.09.1995","3.444,40","3.439,35","3.448,99","3.437,23","2,64M","0,59%"
"21.09.1995","3.424,10","3.402,04","3.425,35","3.400,98","2,06M","0,68%"
"20.09.1995","3.401,01","3.397,18","3.406,87","3.387,09","2,22M","0,77%"
"19.09.1995","3.375,10","3.368,67","3.378,18","3.360,82","2,75M","0,14%"
"18.09.1995","3.370,36","3.367,02","3.374,69","3.366,22","1,52M","-0,04%"
"15.09.1995","3.371,66","3.365,76","3.375,45","3.362,78","969,00K","0,31%"
"14.09.1995","3.361,18","3.351,71","3.367,28","3.347,42","1,19M","0,33%"
"13.09.1995","3.350,23","3.347,66","3.350,33","3.337,80","2,18M","-0,34%"
"12.09.1995","3.361,64","3.377,91","3.384,90","3.361,64","2,18M","-0,34%"
"11.09.1995","3.373,26","3.377,03","3.377,03","3.364,39","1,91M","0,21%"
"08.09.1995","3.366,25","3.346,00","3.366,25","3.344,22","1,60M","0,66%"
"07.09.1995","3.344,11","3.374,93","3.375,36","3.344,11","4,27M","-0,12%"
"06.09.1995","3.348,23","3.307,29","3.348,23","3.289,40","4,44M","0,97%"
"05.09.1995","3.316,19","3.335,58","3.335,58","3.311,38","3,10M","-0,63%"
"04.09.1995","3.337,07","3.355,22","3.362,93","3.328,65","2,30M","-0,57%"
"01.09.1995","3.356,09","3.345,56","3.356,09","3.337,27","1,47M","0,28%"
"31.08.1995","3.346,76","3.337,19","3.346,76","3.327,72","2,73M","0,55%"
"28.08.1995","3.328,61","3.355,94","3.355,94","3.328,61","1,29M","-1,24%"
"25.08.1995","3.370,28","3.423,61","3.423,61","3.369,09","2,96M","-1,33%"
"24.08.1995","3.415,56","3.457,88","3.457,88","3.413,38","2,71M","-0,92%"
"22.08.1995","3.447,32","3.455,72","3.455,72","3.426,48","2,86M","-0,15%"
"21.08.1995","3.452,44","3.453,85","3.462,75","3.444,31","3,05M","0,18%"
"17.08.1995","3.446,18","3.440,34","3.452,46","3.439,17","2,63M","0,60%"
"16.08.1995","3.425,67","3.417,20","3.428,45","3.414,36","2,06M","0,49%"
"14.08.1995","3.409,11","3.403,83","3.412,65","3.382,32","1,42M","0,13%"
"11.08.1995","3.404,60","3.429,34","3.429,34","3.401,60","2,03M","-0,53%"
"09.08.1995","3.422,79","3.404,70","3.432,96","3.404,70","3,86M","1,02%"
"08.08.1995","3.388,27","3.385,37","3.401,06","3.367,93","5,62M","-0,17%"
"07.08.1995","3.394,00","3.394,86","3.418,90","3.394,00","5,72M","-0,03%"
"04.08.1995","3.395,17","3.349,34","3.395,17","3.349,34","6,39M","0,69%"
"03.08.1995","3.371,90","3.444,82","3.447,57","3.364,07","7,33M","-1,93%"
"02.08.1995","3.438,34","3.409,81","3.443,30","3.409,81","4,67M","1,40%"
"01.08.1995","3.390,73","3.383,29","3.410,77","3.383,29","3,70M","0,11%"
"31.07.1995","3.386,97","3.401,89","3.409,82","3.382,59","5,31M","-1,91%"
"28.07.1995","3.452,88","3.424,59","3.470,62","3.420,64","9,24M","-2,93%"
"27.07.1995","3.556,95","3.553,98","3.559,81","3.519,80","6,25M","0,06%"
"26.07.1995","3.554,89","3.563,20","3.595,55","3.550,80","9,43M","0,43%"
"25.07.1995","3.539,55","3.468,40","3.539,55","3.466,88","5,49M","2,80%"
"21.07.1995","3.443,19","3.439,13","3.443,19","3.410,52","4,38M","0,07%"
"20.07.1995","3.440,71","3.414,77","3.441,55","3.409,55","4,59M","1,13%"
"19.07.1995","3.402,25","3.378,03","3.402,25","3.359,52","3,53M","0,65%"
"18.07.1995","3.380,23","3.392,11","3.405,21","3.366,93","4,25M","-0,14%"
"17.07.1995","3.385,02","3.346,98","3.386,58","3.346,98","3,84M","1,59%"
"14.07.1995","3.331,98","3.287,39","3.345,07","3.287,09","4,06M","1,35%"
"13.07.1995","3.287,53","3.260,11","3.287,53","3.260,11","3,30M","1,05%"
"12.07.1995","3.253,45","3.241,40","3.253,48","3.236,90","4,18M","1,22%"
"11.07.1995","3.214,25","3.214,25","3.214,25","3.214,25","4,65M","0,49%"
"10.07.1995","3.198,54","3.196,36","3.227,99","3.196,36","4,18M","0,24%"
"07.07.1995","3.191,04","3.172,51","3.193,15","3.172,51","4,98M","0,77%"
"06.07.1995","3.166,58","3.157,33","3.166,58","3.135,47","5,02M","0,07%"
"05.07.1995","3.164,46","3.165,47","3.218,90","3.163,51","6,39M","0,01%"
"04.07.1995","3.164,24","3.181,76","3.181,76","3.155,79","5,19M","-0,57%"
"03.07.1995","3.182,40","3.217,01","3.217,01","3.176,20","81,00K","-2,00%"
"30.06.1995","3.247,36","3.262,85","3.263,02","3.237,65","4,18M","-1,14%"
"29.06.1995","3.284,85","3.306,05","3.310,46","3.284,85","4,18M","-0,32%"
"28.06.1995","3.295,28","3.271,06","3.295,28","3.252,50","4,87M","1,30%"
"27.06.1995","3.252,96","3.246,59","3.263,97","3.239,07","4,10M","-0,21%"
"26.06.1995","3.259,77","3.295,49","3.295,49","3.255,90","4,60M","-1,69%"
"23.06.1995","3.315,81","3.352,09","3.352,09","3.312,64","4,24M","-1,19%"
"22.06.1995","3.355,63","3.366,14","3.366,14","3.345,60","4,24M","-0,63%"
"21.06.1995","3.376,94","3.390,09","3.394,95","3.374,19","3,81M","-0,22%"
"20.06.1995","3.384,32","3.370,16","3.390,01","3.370,16","3,85M","0,31%"
"19.06.1995","3.373,73","3.367,24","3.378,09","3.367,24","2,57M","0,72%"
"16.06.1995","3.349,47","3.326,82","3.360,31","3.325,82","4,63M","1,01%"
"15.06.1995","3.315,88","3.325,23","3.325,23","3.303,43","4,35M","-0,27%"
"14.06.1995","3.324,86","3.311,40","3.348,36","3.311,40","5,32M","0,77%"
"13.06.1995","3.299,47","3.319,69","3.319,69","3.299,47","4,65M","-0,57%"
"12.06.1995","3.318,54","3.338,64","3.343,61","3.302,04","4,49M","-0,57%"
"09.06.1995","3.337,71","3.357,98","3.358,14","3.337,71","3,86M","-0,64%"
"08.06.1995","3.359,27","3.375,30","3.375,30","3.352,65","4,85M","-0,86%"
"07.06.1995","3.388,48","3.406,04","3.418,62","3.388,29","4,32M","-0,32%"
"06.06.1995","3.399,36","3.368,08","3.400,34","3.366,20","4,04M","0,94%"
"05.06.1995","3.367,55","3.384,92","3.384,92","3.363,90","3,70M","-0,52%"
"02.06.1995","3.384,99","3.405,32","3.438,98","3.377,54","5,13M","-0,73%"
"01.06.1995","3.409,85","3.351,11","3.411,39","3.351,11","4,21M","1,74%"
"31.05.1995","3.351,48","3.296,41","3.351,48","3.294,19","3,73M","2,29%"
"30.05.1995","3.276,31","3.251,04","3.276,44","3.246,54","3,00M","0,82%"
"29.05.1995","3.249,55","3.232,10","3.255,16","3.232,10","2,43M","0,43%"
"26.05.1995","3.235,55","3.211,36","3.278,43","3.211,36","2,80M","0,70%"
"25.05.1995","3.213,02","3.219,19","3.220,08","3.188,15","3,31M","-0,51%"
"24.05.1995","3.229,36","3.262,86","3.279,58","3.225,46","2,72M","-0,70%"
"23.05.1995","3.252,09","3.277,98","3.277,98","3.246,69","2,63M","-0,82%"
"22.05.1995","3.279,13","3.279,13","3.279,13","3.279,13","2,31M","-1,46%"
"19.05.1995","3.327,68","3.299,23","3.328,09","3.299,23","781,00K","1,56%"
"18.05.1995","3.276,52","3.235,21","3.293,53","3.235,21","3,14M","1,46%"
"17.05.1995","3.229,29","3.157,81","3.229,29","3.157,81","1,18M","2,52%"
"16.05.1995","3.149,77","3.117,27","3.149,77","3.108,92","1,64M","1,04%"
"15.05.1995","3.117,27","3.143,49","3.154,63","3.114,83","1,18M","-1,17%"
"12.05.1995","3.154,18","3.187,51","3.187,51","3.129,79","1,59M","-1,05%"
"10.05.1995","3.187,81","3.207,42","3.219,41","3.180,59","1,16M","-0,61%"
"09.05.1995","3.207,42","3.207,42","3.207,42","3.207,42","1,02M","0,26%"
"08.05.1995","3.199,18","3.164,80","3.210,56","3.164,80","664,00K","-0,14%"
"05.05.1995","3.203,81","3.119,78","3.219,13","3.119,78","994,00K","3,21%"
"04.05.1995","3.104,23","3.082,10","3.109,58","3.073,57","1,07M","1,14%"
"03.05.1995","3.069,25","2.966,63","3.069,99","2.966,63","1,14M","1,80%"
"02.05.1995","3.015,07","3.061,88","3.061,88","2.996,84","832,00K","-3,77%"
"28.04.1995","3.133,28","3.184,11","3.192,92","3.133,28","1,00M","-2,41%"
"27.04.1995","3.210,71","3.251,71","3.251,71","3.202,12","762,00K","-1,66%"
"26.04.1995","3.264,79","3.253,72","3.277,44","3.252,26","290,00K","-0,24%"
"25.04.1995","3.272,53","3.283,93","3.283,93","3.267,50","396,00K","-1,10%"
"24.04.1995","3.309,00","3.342,69","3.342,69","3.309,00","372,00K","-1,60%"
"21.04.1995","3.362,79","3.366,75","3.392,99","3.362,79","537,00K","0,19%"
"20.04.1995","3.356,32","3.390,21","3.390,21","3.346,20","621,00K","-0,83%"
"19.04.1995","3.384,52","3.393,53","3.394,36","3.363,85","307,00K","-1,09%"
"18.04.1995","3.421,89","3.431,29","3.447,07","3.416,85","390,00K","-1,11%"
"17.04.1995","3.460,46","3.477,60","3.477,81","3.460,46","395,00K","-0,12%"
"10.04.1995","3.464,76","3.461,90","3.474,09","3.460,45","395,00K","-0,21%"
"07.04.1995","3.472,06","3.478,39","3.482,20","3.465,48","604,00K","-0,35%"
"06.04.1995","3.484,25","3.453,93","3.508,61","3.453,93","576,00K","1,29%"
"05.04.1995","3.439,94","3.417,61","3.448,03","3.417,61","550,00K","1,34%"
"04.04.1995","3.394,42","3.335,33","3.394,42","3.335,33","636,00K","2,35%"
"03.04.1995","3.316,64","3.287,84","3.321,10","3.287,84","228,00K","1,71%"
"31.03.1995","3.260,96","3.278,52","3.278,52","3.244,04","780,00K","-0,83%"
"30.03.1995","3.288,32","3.295,28","3.308,83","3.285,11","710,00K","-0,12%"
"29.03.1995","3.292,34","3.311,54","3.312,49","3.292,34","628,00K","-0,74%"
"28.03.1995","3.317,01","3.327,53","3.355,38","3.308,92","683,00K","0,54%"
"27.03.1995","3.299,19","3.295,38","3.314,38","3.294,13","675,00K","0,58%"
"24.03.1995","3.280,10","3.292,36","3.295,57","3.267,71","436,00K","-0,42%"
"23.03.1995","3.293,77","3.333,65","3.333,65","3.291,45","441,00K","-2,19%"
"16.03.1995","3.367,65","3.364,15","3.367,65","3.286,13","1,09M","-0,93%"
"15.03.1995","3.399,19","3.436,64","3.440,83","3.399,19","858,00K","-1,90%"
"14.03.1995","3.465,13","3.429,68","3.465,13","3.425,62","1,06M","1,61%"
"13.03.1995","3.410,11","3.420,64","3.445,68","3.410,08","1,09M","-2,99%"
"10.03.1995","3.515,19","3.545,37","3.548,47","3.515,16","799,00K","1,21%"
"09.03.1995","3.473,06","3.482,03","3.482,03","3.458,29","861,00K","-0,23%"
"08.03.1995","3.480,99","3.480,99","3.480,99","3.480,99","517,00K","-0,50%"
"07.03.1995","3.498,42","3.507,84","3.518,77","3.497,91","601,00K","-1,20%"
"06.03.1995","3.540,76","3.531,99","3.540,76","3.504,08","797,00K","0,35%"
"03.03.1995","3.528,36","3.488,33","3.528,94","3.488,33","868,00K","0,57%"
"02.03.1995","3.508,33","3.505,09","3.513,89","3.500,03","1,07M","1,40%"
"01.03.1995","3.459,81","3.454,97","3.460,56","3.448,78","308,00K","1,12%"
"28.02.1995","3.421,47","3.394,23","3.422,78","3.393,90","448,00K","-0,97%"
"24.02.1995","3.454,89","3.475,17","3.483,16","3.448,29","972,00K","2,48%"
"23.02.1995","3.371,23","3.371,23","3.371,23","3.371,23","1,21M","4,27%"
"22.02.1995","3.233,31","3.254,69","3.256,69","3.228,94","741,00K","-1,45%"
"21.02.1995","3.280,83","3.308,12","3.318,08","3.275,01","542,00K","-2,26%"
"20.02.1995","3.356,73","3.367,56","3.369,52","3.356,73","261,00K","-0,80%"
"17.02.1995","3.383,89","3.400,97","3.400,97","3.375,05","487,00K","-0,76%"
"16.02.1995","3.409,69","3.462,76","3.462,76","3.406,73","717,00K","-2,16%"
"15.02.1995","3.485,14","3.508,66","3.508,66","3.479,44","420,00K","-0,86%"
"14.02.1995","3.515,48","3.510,17","3.531,39","3.510,17","544,00K","0,27%"
"13.02.1995","3.506,04","3.508,46","3.516,34","3.494,84","509,00K","-0,46%"
"10.02.1995","3.522,14","3.580,19","3.580,19","3.521,44","559,00K","-0,94%"
"09.02.1995","3.555,57","3.523,06","3.570,38","3.523,06","1,01M","0,21%"
"08.02.1995","3.548,27","3.563,28","3.563,28","3.537,48","568,00K","-0,93%"
"07.02.1995","3.581,47","3.569,51","3.583,04","3.552,31","532,00K","-0,24%"
"06.02.1995","3.590,24","3.620,76","3.623,00","3.563,12","626,00K","-1,32%"
"03.02.1995","3.638,13","3.591,31","3.642,12","3.591,31","879,00K","1,08%"
"02.02.1995","3.599,29","3.546,15","3.601,04","3.546,15","859,00K","0,83%"
"01.02.1995","3.569,66","3.636,89","3.636,89","3.569,66","847,00K","-1,35%"
"31.01.1995","3.618,54","3.602,52","3.630,50","3.602,52","1,03M","1,20%"
"30.01.1995","3.575,79","3.493,78","3.579,77","3.493,78","1,17M","2,00%"
"27.01.1995","3.505,81","3.477,54","3.507,38","3.451,82","880,00K","1,60%"
"25.01.1995","3.450,68","3.443,73","3.468,09","3.440,01","788,00K","1,16%"
"24.01.1995","3.411,04","3.415,53","3.417,58","3.394,94","813,00K","-2,09%"
"23.01.1995","3.483,93","3.538,90","3.541,27","3.481,54","657,00K","-3,24%"
"20.01.1995","3.600,53","3.644,00","3.652,69","3.592,95","540,00K","-1,52%"
"19.01.1995","3.656,08","3.663,18","3.675,84","3.656,08","191,00K","0,05%"
"18.01.1995","3.654,35","3.621,57","3.675,22","3.620,67","305,00K","0,50%"
"17.01.1995","3.636,30","3.640,51","3.669,10","3.636,30","404,00K","-0,46%"
"16.01.1995","3.653,17","3.625,38","3.672,85","3.625,38","410,00K","1,37%"
"13.01.1995","3.603,66","3.561,11","3.613,60","3.559,60","579,00K","0,80%"
"12.01.1995","3.574,90","3.603,22","3.603,22","3.554,79","559,00K","-0,72%"
"11.01.1995","3.600,79","3.588,66","3.602,91","3.574,89","587,00K","-0,61%"
"10.01.1995","3.623,06","3.659,91","3.668,35","3.622,86","558,00K","-2,32%"
"09.01.1995","3.709,02","3.723,09","3.744,84","3.709,02","313,00K","-1,50%"
"06.01.1995","3.765,62","3.800,53","3.803,84","3.756,23","290,00K","-1,61%"
"05.01.1995","3.827,41","3.845,92","3.850,24","3.814,35","296,00K","-1,52%"
"04.01.1995","3.886,34","3.887,52","3.907,09","3.885,97","353,00K","-0,76%"
"03.01.1995","3.916,29","3.914,50","3.933,09","3.901,37","442,00K","-0,40%"
"02.01.1995","3.932,09","3.910,16","3.943,66","3.910,16","230,00K","0,13%"
"23.12.1994","3.926,90","3.875,71","3.926,90","3.875,71","","0,76%"
"22.12.1994","3.897,21","3.885,36","3.909,95","3.885,36","","-0,39%"
"21.12.1994","3.912,63","3.876,44","3.912,63","3.875,94","","0,39%"
"20.12.1994","3.897,58","3.891,31","3.902,13","3.887,53","","-0,32%"
"19.12.1994","3.910,06","3.924,38","3.926,84","3.909,30","","-0,85%"
"16.12.1994","3.943,65","3.900,69","3.946,72","3.900,69","","1,02%"
"15.12.1994","3.903,89","3.831,95","3.905,46","3.831,95","","1,10%"
"14.12.1994","3.861,47","3.806,30","3.866,58","3.806,30","","0,82%"
"13.12.1994","3.830,05","3.847,00","3.856,89","3.830,05","","-1,40%"
"12.12.1994","3.884,48","3.877,48","3.884,48","3.851,22","","-2,10%"
"09.12.1994","3.967,87","3.931,15","3.974,09","3.929,97","","1,07%"
"08.12.1994","3.925,73","3.931,27","3.940,36","3.925,73","","-1,32%"
"07.12.1994","3.978,39","4.003,72","4.006,49","3.975,94","","-1,53%"
"06.12.1994","4.040,37","4.051,14","4.051,14","4.031,37","","-1,07%"
"05.12.1994","4.084,23","4.037,13","4.087,94","4.034,49","","0,17%"
"02.12.1994","4.077,49","4.082,39","4.082,39","4.054,90","","-0,65%"
"01.12.1994","4.104,33","4.106,18","4.109,09","4.086,23","","-0,48%"
"30.11.1994","4.124,18","4.116,61","4.138,95","4.116,61","","-0,62%"
"29.11.1994","4.149,86","4.138,87","4.168,54","4.133,78","","0,43%"
"25.11.1994","4.132,28","4.111,64","4.145,89","4.109,03","","1,40%"
"24.11.1994","4.075,39","4.012,46","4.088,23","4.008,10","","1,31%"
"23.11.1994","4.022,67","4.050,18","4.065,47","4.015,81","","-1,46%"
"22.11.1994","4.082,28","4.115,07","4.115,23","4.068,36","","-1,31%"
"21.11.1994","4.136,65","4.148,58","4.159,90","4.134,73","","-0,52%"
"17.11.1994","4.158,19","4.121,32","4.158,19","4.112,42","","1,08%"
"16.11.1994","4.113,79","4.042,17","4.114,01","4.042,17","","1,94%"
"15.11.1994","4.035,49","4.020,37","4.035,49","4.012,56","","0,36%"
"14.11.1994","4.020,99","4.041,93","4.048,13","3.999,01","","-0,95%"
"11.11.1994","4.059,58","4.073,48","4.105,36","4.058,70","","-1,91%"
"10.11.1994","4.138,73","4.168,53","4.168,53","4.138,73","","-1,59%"
"09.11.1994","4.205,68","4.259,29","4.262,95","4.199,66","","-2,10%"
"08.11.1994","4.295,89","4.275,35","4.295,89","4.264,92","","-0,30%"
"07.11.1994","4.308,70","4.286,01","4.308,70","4.281,02","","0,12%"
"03.11.1994","4.303,65","4.293,51","4.306,74","4.292,07","","0,79%"
"31.10.1994","4.269,86","4.252,60","4.273,40","4.248,95","","-0,11%"
"28.10.1994","4.274,71","4.315,34","4.325,51","4.274,71","","-1,24%"
"27.10.1994","4.328,57","4.327,91","4.336,16","4.322,86","","-0,66%"
"26.10.1994","4.357,44","4.345,43","4.357,45","4.338,74","","0,04%"
"25.10.1994","4.355,58","4.325,51","4.363,25","4.325,51","","0,63%"
"24.10.1994","4.328,37","4.307,95","4.336,54","4.307,95","","0,41%"
"21.10.1994","4.310,52","4.313,15","4.313,15","4.293,45","","0,67%"
"20.10.1994","4.281,99","4.297,84","4.303,95","4.281,99","","-1,10%"
"19.10.1994","4.329,47","4.313,30","4.331,49","4.311,23","","-0,15%"
"18.10.1994","4.335,90","4.355,20","4.355,20","4.335,90","","-0,68%"
"17.10.1994","4.365,43","4.355,58","4.367,14","4.353,67","","-0,48%"
"14.10.1994","4.386,43","4.393,10","4.396,78","4.386,43","","-0,35%"
"12.10.1994","4.401,88","4.410,51","4.430,29","4.401,88","","-0,48%"
"11.10.1994","4.423,25","4.398,69","4.443,74","4.398,69","","0,28%"
"10.10.1994","4.410,95","4.421,95","4.428,63","4.409,92","","-0,36%"
"07.10.1994","4.427,04","4.407,87","4.449,70","4.407,87","","1,07%"
"06.10.1994","4.380,17","4.352,02","4.381,62","4.352,02","","0,69%"
"05.10.1994","4.350,05","4.356,83","4.359,69","4.343,16","","-0,37%"
"04.10.1994","4.366,14","4.334,92","4.381,09","4.334,92","","0,61%"
"03.10.1994","4.339,46","4.267,97","4.357,13","4.267,97","","1,37%"
"30.09.1994","4.281,00","4.339,76","4.339,76","4.281,00","","-1,77%"
"29.09.1994","4.358,30","4.387,33","4.393,93","4.358,30","","-1,14%"
"28.09.1994","4.408,49","4.428,15","4.431,20","4.404,46","","-0,81%"
"27.09.1994","4.444,56","4.458,15","4.490,33","4.439,47","","-1,16%"
"26.09.1994","4.496,53","4.496,53","4.496,53","4.496,53","","0,05%"
"23.09.1994","4.494,38","4.484,88","4.496,53","4.484,88","","0,96%"
"22.09.1994","4.451,78","4.501,53","4.501,53","4.446,14","","-1,23%"
"21.09.1994","4.507,11","4.462,95","4.511,91","4.462,19","","0,42%"
"20.09.1994","4.488,38","4.543,94","4.543,94","4.471,95","","-1,44%"
"19.09.1994","4.553,79","4.607,01","4.614,85","4.553,79","","-1,38%"
"16.09.1994","4.617,61","4.610,66","4.636,99","4.610,66","","0,29%"
"15.09.1994","4.604,15","4.582,73","4.612,20","4.582,73","","0,11%"
"14.09.1994","4.599,17","4.593,95","4.616,30","4.593,20","","-0,01%"
"13.09.1994","4.599,42","4.615,19","4.628,93","4.599,42","","-0,67%"
"12.09.1994","4.630,54","4.614,24","4.643,31","4.611,66","","1,75%"
"08.09.1994","4.550,95","4.528,17","4.562,07","4.527,57","","0,46%"
"07.09.1994","4.530,33","4.521,29","4.537,93","4.508,87","","0,12%"
"06.09.1994","4.525,01","4.499,50","4.526,06","4.499,50","","0,32%"
"05.09.1994","4.510,75","4.506,24","4.512,59","4.481,50","","-0,34%"
"02.09.1994","4.526,21","4.521,56","4.538,04","4.514,29","","-0,36%"
"01.09.1994","4.542,78","4.573,86","4.577,88","4.532,46","","-0,99%"
"31.08.1994","4.588,16","4.525,23","4.588,16","4.525,23","","1,39%"
"30.08.1994","4.525,25","4.514,17","4.525,25","4.508,11","","0,00%"
"29.08.1994","4.525,25","4.463,51","4.525,25","4.463,51","","2,13%"
"26.08.1994","4.430,76","4.430,76","4.430,76","4.430,76","","0,00%"
"25.08.1994","4.430,76","4.422,82","4.430,76","4.395,88","","0,04%"
"24.08.1994","4.429,05","4.489,15","4.492,36","4.429,05","","-0,89%"
"19.08.1994","4.468,78","4.519,82","4.525,92","4.464,18","","-1,45%"
"18.08.1994","4.534,33","4.502,34","4.544,02","4.502,34","","0,62%"
"17.08.1994","4.506,50","4.489,53","4.513,92","4.483,20","","0,24%"
"16.08.1994","4.495,84","4.505,87","4.529,94","4.495,84","","-0,27%"
"12.08.1994","4.508,15","4.497,27","4.510,86","4.490,91","","2,59%"
"11.08.1994","4.394,27","4.364,15","4.394,27","4.350,73","","0,67%"
"10.08.1994","4.365,00","4.321,73","4.379,06","4.321,73","","1,06%"
"09.08.1994","4.319,08","4.283,73","4.335,85","4.282,82","","0,51%"
"08.08.1994","4.297,34","4.283,14","4.314,55","4.283,14","","-0,10%"
"05.08.1994","4.301,57","4.305,13","4.324,49","4.288,34","","0,01%"
"04.08.1994","4.300,99","4.313,39","4.331,30","4.294,40","","0,45%"
"03.08.1994","4.281,64","4.276,74","4.282,08","4.261,65","","-0,66%"
"02.08.1994","4.309,93","4.300,49","4.333,23","4.300,49","","0,78%"
"01.08.1994","4.276,48","4.227,60","4.304,02","4.227,60","","2,03%"
"29.07.1994","4.191,30","4.130,66","4.217,21","4.130,66","","2,05%"
"28.07.1994","4.106,97","4.091,09","4.109,13","4.086,16","","0,14%"
"27.07.1994","4.101,27","4.094,59","4.104,03","4.094,59","","-0,17%"
"26.07.1994","4.108,10","4.114,45","4.122,78","4.107,68","","0,04%"
"25.07.1994","4.106,65","4.086,86","4.113,88","4.086,86","","0,08%"
"22.07.1994","4.103,35","4.105,48","4.114,38","4.103,12","","-0,03%"
"21.07.1994","4.104,47","4.098,42","4.104,47","4.092,93","","-0,16%"
"20.07.1994","4.110,86","4.116,40","4.130,46","4.109,34","","-0,10%"
"19.07.1994","4.114,85","4.088,98","4.117,45","4.078,67","","0,41%"
"18.07.1994","4.098,11","4.101,02","4.117,90","4.092,48","","-0,57%"
"15.07.1994","4.121,49","4.111,25","4.139,77","4.111,25","","0,68%"
"14.07.1994","4.093,63","4.111,73","4.112,47","4.093,63","","-0,92%"
"13.07.1994","4.131,52","4.140,29","4.153,85","4.131,52","","-0,04%"
"12.07.1994","4.133,29","4.086,44","4.135,21","4.086,44","","1,30%"
"11.07.1994","4.080,17","4.060,69","4.087,67","4.056,19","","0,09%"
"08.07.1994","4.076,65","4.083,25","4.105,25","4.076,65","","0,69%"
"07.07.1994","4.048,61","4.068,02","4.085,95","4.047,55","","-1,21%"
"06.07.1994","4.098,33","4.120,88","4.129,96","4.092,83","","-0,09%"
"05.07.1994","4.102,06","4.085,72","4.111,49","4.082,95","","0,17%"
"04.07.1994","4.095,20","4.119,60","4.123,97","4.093,40","","-0,58%"
"01.07.1994","4.118,98","4.098,67","4.147,54","4.098,67","","0,79%"
"30.06.1994","4.086,72","4.122,32","4.123,62","4.074,17","","-1,29%"
"29.06.1994","4.140,25","4.212,76","4.212,76","4.136,00","","-1,70%"
"28.06.1994","4.211,83","4.185,80","4.228,70","4.185,80","","0,90%"
"27.06.1994","4.174,38","4.170,04","4.179,86","4.152,45","","-0,92%"
"24.06.1994","4.213,01","4.243,85","4.243,85","4.212,41","","-1,05%"
"23.06.1994","4.257,70","4.302,19","4.302,19","4.257,70","","-1,54%"
"22.06.1994","4.324,12","4.304,45","4.325,25","4.304,45","","-0,20%"
"20.06.1994","4.332,98","4.287,12","4.334,48","4.287,12","","1,18%"
"17.06.1994","4.282,59","4.253,51","4.290,37","4.253,51","","2,26%"
"16.06.1994","4.187,75","4.160,94","4.188,82","4.144,11","","1,55%"
"15.06.1994","4.123,70","4.143,84","4.150,06","4.122,13","","-0,23%"
"14.06.1994","4.133,13","4.114,88","4.149,24","4.113,58","","0,10%"
"13.06.1994","4.128,85","4.139,26","4.165,39","4.128,85","","-0,39%"
"10.06.1994","4.145,13","4.183,66","4.197,61","4.136,41","","0,18%"
"09.06.1994","4.137,70","4.041,69","4.137,70","4.041,69","","2,58%"
"08.06.1994","4.033,66","4.009,17","4.065,49","4.009,17","","0,00%"
"07.06.1994","4.033,66","4.076,17","4.081,28","4.033,66","","-1,41%"
"06.06.1994","4.091,39","4.095,53","4.130,89","4.090,32","","0,94%"
"03.06.1994","4.053,23","3.990,95","4.057,09","3.990,95","","3,30%"
"02.06.1994","3.923,70","3.857,60","3.926,39","3.856,59","","2,35%"
"01.06.1994","3.833,49","3.820,11","3.833,65","3.811,26","","0,11%"
"31.05.1994","3.829,36","3.835,79","3.851,15","3.823,06","","0,02%"
"30.05.1994","3.828,70","3.825,08","3.829,78","3.808,01","","1,03%"
"27.05.1994","3.789,51","3.756,09","3.797,66","3.755,76","","1,38%"
"26.05.1994","3.738,00","3.727,57","3.744,36","3.723,58","","0,91%"
"24.05.1994","3.704,33","3.707,82","3.707,82","3.685,19","","-0,88%"
"23.05.1994","3.737,23","3.779,13","3.779,13","3.737,23","","-1,23%"
"20.05.1994","3.783,67","3.764,92","3.784,21","3.757,33","","-0,66%"
"19.05.1994","3.808,77","3.789,73","3.831,57","3.787,46","","0,05%"
"18.05.1994","3.807,01","3.772,40","3.808,73","3.772,12","","0,12%"
"17.05.1994","3.802,50","3.835,62","3.836,47","3.794,37","","-1,08%"
"16.05.1994","3.844,09","3.814,76","3.849,35","3.814,76","","0,93%"
"13.05.1994","3.808,50","3.785,14","3.816,12","3.782,88","","0,72%"
"11.05.1994","3.781,10","3.780,51","3.801,57","3.780,51","","0,17%"
"10.05.1994","3.774,60","3.777,52","3.797,89","3.766,92","","0,59%"
"09.05.1994","3.752,56","3.721,37","3.760,21","3.721,37","","1,01%"
"06.05.1994","3.715,04","3.644,35","3.726,03","3.644,35","","2,52%"
"05.05.1994","3.623,65","3.582,91","3.628,12","3.575,77","","0,64%"
"04.05.1994","3.600,48","3.637,96","3.646,14","3.597,23","","-1,95%"
"03.05.1994","3.672,14","3.708,00","3.725,14","3.667,11","","-1,31%"
"02.05.1994","3.720,72","3.728,57","3.747,09","3.720,61","","-0,68%"
"29.04.1994","3.746,10","3.744,72","3.760,50","3.744,72","","0,15%"
"28.04.1994","3.740,40","3.712,40","3.742,24","3.694,55","","-0,34%"
"27.04.1994","3.753,08","3.754,45","3.754,73","3.738,85","","-0,73%"
"26.04.1994","3.780,52","3.778,65","3.787,13","3.777,64","","-0,86%"
"25.04.1994","3.813,27","3.802,85","3.813,43","3.789,64","","0,17%"
"22.04.1994","3.806,74","3.769,19","3.811,65","3.768,39","","0,74%"
"21.04.1994","3.778,93","3.816,78","3.816,78","3.771,45","","-1,34%"
"19.04.1994","3.830,29","3.832,21","3.875,49","3.824,35","","-0,95%"
"18.04.1994","3.866,91","3.855,65","3.874,75","3.850,90","","-0,73%"
"15.04.1994","3.895,18","3.921,64","3.927,47","3.892,22","","-1,25%"
"13.04.1994","3.944,53","3.886,00","3.944,95","3.886,00","","0,75%"
"12.04.1994","3.915,12","3.920,00","3.938,38","3.915,12","","0,94%"
"08.04.1994","3.878,55","3.863,21","3.906,94","3.863,02","","1,11%"
"07.04.1994","3.835,83","3.833,07","3.849,91","3.825,32","","-0,17%"
"06.04.1994","3.842,38","3.814,24","3.852,34","3.814,24","","0,79%"
"05.04.1994","3.812,15","3.771,89","3.821,94","3.771,89","","0,83%"
"04.04.1994","3.780,85","3.766,82","3.806,07","3.763,43","","0,05%"
"31.03.1994","3.778,99","3.747,01","3.786,70","3.743,03","","0,07%"
"30.03.1994","3.776,19","3.761,49","3.789,07","3.761,49","","-0,09%"
"29.03.1994","3.779,68","3.698,94","3.780,20","3.698,20","","1,79%"
"28.03.1994","3.713,18","3.667,10","3.713,18","3.658,69","","0,95%"
"25.03.1994","3.678,16","3.652,85","3.681,39","3.643,33","","-0,09%"
"24.03.1994","3.681,47","3.666,85","3.682,93","3.661,76","","-1,22%"
"23.03.1994","3.726,82","3.712,75","3.726,82","3.664,73","","-1,71%"
"22.03.1994","3.791,78","3.780,10","3.791,78","3.762,65","","-0,76%"
"21.03.1994","3.820,73","3.802,98","3.825,27","3.796,15","","0,50%"
"18.03.1994","3.801,86","3.784,94","3.806,84","3.775,20","","0,23%"
"17.03.1994","3.792,98","3.790,90","3.812,49","3.767,63","","0,03%"
"16.03.1994","3.791,96","3.786,30","3.796,08","3.785,48","","0,90%"
"15.03.1994","3.758,28","3.742,64","3.784,71","3.742,64","","0,30%"
"11.03.1994","3.747,22","3.726,90","3.761,19","3.722,89","","-1,59%"
"09.03.1994","3.807,72","3.885,34","3.939,19","3.803,81","","-1,03%"
"08.03.1994","3.847,39","3.694,88","3.850,20","3.693,81","","2,74%"
"07.03.1994","3.744,61","3.768,09","3.781,82","3.728,93","","-1,50%"
"04.03.1994","3.801,56","3.945,67","3.947,97","3.797,16","","-4,52%"
"03.03.1994","3.981,72","4.022,14","4.022,14","3.947,92","","-2,08%"
"02.03.1994","4.066,20","4.102,60","4.102,60","4.013,71","","-1,97%"
"01.03.1994","4.147,72","4.273,48","4.273,48","4.141,98","","-3,23%"
"28.02.1994","4.286,20","4.122,12","4.288,44","4.122,12","","1,16%"
"25.02.1994","4.236,96","4.183,49","4.237,58","4.183,49","","2,53%"
"24.02.1994","4.132,33","4.132,33","4.132,33","4.132,33","","2,57%"
"23.02.1994","4.028,78","4.051,15","4.069,59","4.025,81","","-1,37%"
"22.02.1994","4.084,89","4.168,13","4.192,93","4.084,89","","-1,08%"
"21.02.1994","4.129,52","4.123,30","4.170,21","4.123,30","","5,48%"
"18.02.1994","3.915,04","3.880,35","3.926,59","3.880,35","","1,23%"
"17.02.1994","3.867,39","3.803,69","3.877,74","3.803,69","","1,58%"
"16.02.1994","3.807,42","3.888,74","3.888,74","3.774,66","","-2,38%"
"15.02.1994","3.900,13","3.906,24","3.921,84","3.894,46","","-0,30%"
"14.02.1994","3.911,69","3.965,34","3.965,34","3.903,97","","-2,00%"
"11.02.1994","3.991,38","4.056,98","4.056,98","3.989,18","","-1,20%"
"10.02.1994","4.039,90","3.965,57","4.047,37","3.964,38","","0,52%"
"09.02.1994","4.018,92","4.137,43","4.143,46","4.007,63","","-3,44%"
"08.02.1994","4.162,08","4.191,50","4.203,70","4.154,06","","0,42%"
"07.02.1994","4.144,49","4.087,79","4.162,40","4.087,79","","5,79%"
"04.02.1994","3.917,57","3.999,19","3.999,19","3.917,57","","-2,08%"
"03.02.1994","4.000,96","4.074,05","4.092,49","3.988,88","","-0,88%"
"02.02.1994","4.036,64","3.946,81","4.040,41","3.946,81","","2,25%"
"01.02.1994","3.947,86","3.939,17","3.960,21","3.919,43","","-1,18%"
"31.01.1994","3.994,86","3.982,07","4.012,58","3.976,70","","-1,46%"
"28.01.1994","4.053,94","4.127,39","4.152,74","4.050,89","","-0,38%"
"27.01.1994","4.069,39","4.065,91","4.075,15","4.041,97","","2,18%"
"25.01.1994","3.982,49","3.921,42","3.986,60","3.921,42","","3,03%"
"24.01.1994","3.865,44","3.747,82","3.865,44","3.747,50","","3,01%"
"20.01.1994","3.752,51","3.812,69","3.828,24","3.752,06","","-1,92%"
"19.01.1994","3.825,91","3.861,28","3.861,28","3.781,11","","-3,17%"
"18.01.1994","3.951,02","3.962,85","4.021,49","3.951,02","","-1,74%"
"17.01.1994","4.020,87","4.011,99","4.087,57","4.010,59","","2,09%"
"14.01.1994","3.938,74","3.876,74","3.959,17","3.872,94","","0,26%"
"13.01.1994","3.928,59","4.025,06","4.025,63","3.928,59","","0,64%"
"12.01.1994","3.903,79","3.789,18","3.913,60","3.789,18","","3,27%"
"11.01.1994","3.780,10","3.801,79","3.803,67","3.772,82","","-1,08%"
"10.01.1994","3.821,56","3.737,84","3.821,56","3.735,80","","4,35%"
"07.01.1994","3.662,20","3.614,40","3.662,20","3.604,84","","4,35%"
"06.01.1994","3.509,47","3.481,01","3.510,59","3.480,96","","1,60%"
"05.01.1994","3.454,08","3.405,88","3.463,96","3.405,88","","-0,74%"
"04.01.1994","3.479,92","3.529,96","3.545,83","3.479,92","","0,41%"
"03.01.1994","3.465,86","3.436,87","3.467,63","3.436,87","","3,58%"
"24.12.1993","3.346,06","3.373,03","3.373,03","3.343,32","","-3,15%"
"13.12.1993","3.454,81","3.383,02","3.459,07","3.373,58","","1,56%"
"10.12.1993","3.401,90","3.428,71","3.446,30","3.401,12","","2,20%"
"09.12.1993","3.328,58","3.326,04","3.336,04","3.304,99","","0,55%"
"08.12.1993","3.310,24","3.262,32","3.319,55","3.261,15","","2,43%"
"07.12.1993","3.231,71","3.182,26","3.231,71","3.182,26","","2,60%"
"06.12.1993","3.149,80","3.158,80","3.180,23","3.149,80","","-2,16%"
"03.12.1993","3.219,23","3.239,82","3.280,30","3.219,23","","-1,95%"
"02.12.1993","3.283,36","3.357,91","3.372,80","3.283,26","","-0,29%"
"01.12.1993","3.292,85","3.270,84","3.292,85","3.253,78","","1,85%"
"26.11.1993","3.233,14","3.197,55","3.243,33","3.197,55","","5,06%"
"25.11.1993","3.077,52","3.039,44","3.080,45","3.032,74","","0,79%"
"24.11.1993","3.053,35","3.030,77","3.076,31","3.030,77","","0,39%"
"23.11.1993","3.041,44","3.012,05","3.084,94","3.010,34","","-0,07%"
"22.11.1993","3.043,58","3.023,63","3.054,12","3.023,63","","2,38%"
"19.11.1993","2.972,86","2.969,16","2.996,74","2.947,28","","1,35%"
"18.11.1993","2.933,36","2.963,26","2.940,95","2.863,26","","1,94%"
"17.11.1993","2.877,62","2.878,59","2.893,29","2.852,79","","0,89%"
"16.11.1993","2.852,12","2.817,88","2.852,12","2.811,17","","2,36%"
"13.11.1993","2.786,41","2.810,99","2.810,99","2.786,41","","-0,24%"
"10.11.1993","2.793,23","2.789,78","2.804,55","2.782,03","","1,26%"
"09.11.1993","2.758,44","2.728,43","2.768,36","2.725,93","","1,45%"
"08.11.1993","2.718,92","2.690,71","2.720,41","2.690,71","","2,03%"
"05.11.1993","2.664,72","2.639,17","2.664,72","2.636,90","","1,13%"
"04.11.1993","2.635,07","2.622,07","2.642,38","2.617,95","","0,16%"
"03.11.1993","2.630,98","2.620,69","2.641,52","2.617,54","","0,72%"
"02.11.1993","2.612,25","2.616,96","2.636,40","2.612,25","","-0,34%"
"01.11.1993","2.621,28","2.648,26","2.648,26","2.609,37","","-1,96%"
"29.10.1993","2.673,74","2.677,31","2.677,31","2.665,80","","-0,84%"
"28.10.1993","2.696,52","2.702,85","2.702,85","2.695,43","","-0,30%"
"27.10.1993","2.704,59","2.688,57","2.705,83","2.687,36","","0,10%"
"26.10.1993","2.701,92","2.727,58","2.727,58","2.692,71","","-1,29%"
"25.10.1993","2.737,33","2.727,76","2.741,12","2.725,17","","0,57%"
"22.10.1993","2.721,76","2.704,78","2.722,64","2.697,57","","1,19%"
"21.10.1993","2.689,77","2.703,88","2.703,88","2.671,02","","-1,77%"
"20.10.1993","2.738,25","2.756,85","2.756,85","2.732,51","","-0,33%"
"19.10.1993","2.747,39","2.739,90","2.748,72","2.720,35","","1,35%"
"12.10.1993","2.710,92","2.683,14","2.715,06","2.681,61","","0,73%"
"11.10.1993","2.691,19","2.724,22","2.735,35","2.687,49","","0,75%"
"08.10.1993","2.671,08","2.690,28","2.693,28","2.671,08","","0,71%"
"07.10.1993","2.652,14","2.641,82","2.654,52","2.636,08","","0,99%"
"06.10.1993","2.626,18","2.617,19","2.636,44","2.617,19","","-0,45%"
"05.10.1993","2.638,16","2.653,94","2.660,56","2.634,47","","-0,14%"
"04.10.1993","2.641,88","2.642,60","2.644,78","2.612,03","","-0,79%"
"01.10.1993","2.662,84","2.712,72","2.718,52","2.656,81","","-1,73%"
"30.09.1993","2.709,64","2.700,98","2.724,64","2.700,98","","0,87%"
"29.09.1993","2.686,31","2.711,33","2.711,33","2.686,31","","-2,32%"
"28.09.1993","2.750,04","2.765,36","2.773,30","2.750,04","","0,34%"
"27.09.1993","2.740,76","2.712,25","2.745,51","2.711,70","","0,67%"
"24.09.1993","2.722,52","2.765,83","2.767,64","2.720,65","","-1,33%"
"22.09.1993","2.759,15","2.736,68","2.761,95","2.736,68","","0,29%"
"21.09.1993","2.751,11","2.754,24","2.780,62","2.747,13","","-0,60%"
"20.09.1993","2.767,80","2.784,90","2.798,65","2.767,80","","0,15%"
"17.09.1993","2.763,59","2.764,99","2.771,09","2.749,88","","0,62%"
"16.09.1993","2.746,44","2.761,11","2.761,11","2.734,68","","-1,93%"
"15.09.1993","2.800,48","2.838,90","2.838,90","2.800,48","","-0,26%"
"14.09.1993","2.807,64","2.763,90","2.807,64","2.763,90","","0,66%"
"13.09.1993","2.789,20","2.768,21","2.808,51","2.765,11","","3,11%"
"10.09.1993","2.705,07","2.672,16","2.706,71","2.672,16","","1,60%"
"09.09.1993","2.662,54","2.644,06","2.665,89","2.644,06","","3,19%"
"08.09.1993","2.580,24","2.557,53","2.589,97","2.557,53","","1,84%"
"07.09.1993","2.533,53","2.537,02","2.537,33","2.513,61","","-3,34%"
"06.09.1993","2.621,20","2.640,63","2.640,63","2.619,50","","-1,61%"
"03.09.1993","2.664,06","2.647,87","2.664,25","2.641,56","","-0,76%"
"02.09.1993","2.684,34","2.692,35","2.706,28","2.684,31","","2,05%"
"01.09.1993","2.630,49","2.627,29","2.630,49","2.593,74","","-0,13%"
"30.08.1993","2.633,79","2.652,75","2.677,71","2.627,42","","-1,32%"
"27.08.1993","2.668,96","2.690,78","2.700,27","2.660,70","","-0,07%"
"26.08.1993","2.670,88","2.692,59","2.705,59","2.668,33","","-0,33%"
"25.08.1993","2.679,73","2.648,04","2.685,89","2.599,53","","0,92%"
"24.08.1993","2.655,38","2.732,80","2.732,85","2.655,38","","-3,17%"
"20.08.1993","2.742,37","2.727,54","2.768,54","2.725,40","","1,54%"
"19.08.1993","2.700,75","2.639,51","2.706,11","2.639,51","","3,27%"
"18.08.1993","2.615,20","2.633,58","2.636,72","2.610,99","","1,54%"
"17.08.1993","2.575,58","2.490,85","2.579,58","2.490,85","","1,91%"
"16.08.1993","2.527,24","2.555,89","2.569,99","2.519,85","","0,19%"
"13.08.1993","2.522,48","2.518,45","2.530,81","2.511,60","","1,56%"
"12.08.1993","2.483,80","2.450,36","2.494,92","2.450,36","","4,32%"
"10.08.1993","2.380,96","2.393,56","2.400,11","2.372,44","","-0,05%"
"06.08.1993","2.382,18","2.357,08","2.384,79","2.357,08","","2,56%"
"04.08.1993","2.322,71","2.343,60","2.346,23","2.322,71","","-0,60%"
"03.08.1993","2.336,62","2.354,99","2.381,44","2.335,71","","0,36%"
"30.07.1993","2.328,21","2.313,89","2.336,60","2.303,76","","4,29%"
"29.07.1993","2.232,47","2.201,37","2.233,50","2.198,86","","3,85%"
"28.07.1993","2.149,73","2.135,01","2.161,97","2.133,22","","-0,70%"
"27.07.1993","2.164,88","2.129,91","2.165,29","2.129,67","","0,02%"
"26.07.1993","2.164,39","2.167,59","2.200,75","2.163,77","","0,21%"
"22.07.1993","2.159,77","2.136,69","2.163,56","2.136,69","","1,72%"
"21.07.1993","2.123,32","2.115,76","2.128,94","2.115,76","","0,85%"
"20.07.1993","2.105,49","2.083,56","2.108,34","2.082,38","","0,34%"
"19.07.1993","2.098,27","2.125,43","2.128,75","2.094,73","","-1,55%"
"16.07.1993","2.131,21","2.135,17","2.138,22","2.131,21","","-1,28%"
"15.07.1993","2.158,83","2.181,08","2.181,62","2.158,52","","-1,21%"
"14.07.1993","2.185,24","2.189,59","2.195,02","2.183,64","","0,05%"
"13.07.1993","2.184,12","2.191,73","2.193,36","2.181,22","","0,14%"
"12.07.1993","2.181,10","2.179,42","2.184,85","2.168,61","","-1,52%"
"09.07.1993","2.214,83","2.240,98","2.240,98","2.211,64","","-0,31%"
"08.07.1993","2.221,68","2.239,62","2.239,62","2.216,11","","-1,41%"
"07.07.1993","2.253,36","2.280,27","2.280,27","2.249,50","","-0,31%"
"06.07.1993","2.260,26","2.237,83","2.265,30","2.228,42","","0,20%"
"05.07.1993","2.255,79","2.272,70","2.282,72","2.255,79","","0,98%"
"02.07.1993","2.233,86","2.243,81","2.252,56","2.233,86","","0,28%"
"30.06.1993","2.227,54","2.222,72","2.227,78","2.211,17","","0,74%"
"29.06.1993","2.211,14","2.180,93","2.213,94","2.180,93","","2,27%"
"28.06.1993","2.161,98","2.161,36","2.168,89","2.140,39","","-1,90%"
"25.06.1993","2.203,96","2.222,47","2.224,18","2.195,35","","-1,07%"
"24.06.1993","2.227,80","2.256,93","2.267,87","2.225,86","","-0,32%"
"23.06.1993","2.235,06","2.225,13","2.235,35","2.223,79","","-0,63%"
"22.06.1993","2.249,29","2.232,39","2.252,53","2.232,39","","1,37%"
"21.06.1993","2.218,88","2.197,34","2.218,88","2.180,68","","-0,35%"
"18.06.1993","2.226,68","2.243,25","2.248,29","2.211,36","","-0,34%"
"17.06.1993","2.234,38","2.268,49","2.269,78","2.227,69","","-2,50%"
"16.06.1993","2.291,65","2.279,40","2.311,44","2.277,91","","-0,62%"
"15.06.1993","2.305,98","2.314,52","2.314,52","2.283,06","","-2,19%"
"14.06.1993","2.357,64","2.384,25","2.384,25","2.347,57","","-1,93%"
"11.06.1993","2.404,00","2.401,83","2.437,71","2.398,78","","0,33%"
"10.06.1993","2.396,01","2.381,57","2.410,06","2.381,55","","1,91%"
"09.06.1993","2.351,03","2.359,21","2.386,60","2.344,54","","-1,09%"
"08.06.1993","2.376,86","2.384,24","2.420,60","2.376,86","","-1,20%"
"07.06.1993","2.405,85","2.352,17","2.405,85","2.324,78","","2,96%"
"04.06.1993","2.336,62","2.310,89","2.336,62","2.309,00","","3,69%"
"03.06.1993","2.253,38","2.261,44","2.290,47","2.253,38","","0,36%"
"02.06.1993","2.245,20","2.232,29","2.246,23","2.218,93","","2,39%"
"31.05.1993","2.192,74","2.179,06","2.203,76","2.179,06","","1,25%"
"28.05.1993","2.165,58","2.210,11","2.210,11","2.159,65","","-2,27%"
"27.05.1993","2.215,96","2.213,49","2.256,85","2.204,83","","-1,59%"
"26.05.1993","2.251,69","2.293,78","2.294,16","2.240,03","","-1,48%"
"25.05.1993","2.285,62","2.307,78","2.318,77","2.285,62","","-2,30%"
"24.05.1993","2.339,34","2.357,57","2.357,57","2.339,34","","-0,78%"
"21.05.1993","2.357,71","2.364,65","2.369,31","2.348,46","","2,07%"
"18.05.1993","2.309,97","2.278,12","2.310,11","2.268,80","","0,41%"
"17.05.1993","2.300,54","2.363,21","2.364,18","2.300,54","","-2,38%"
"14.05.1993","2.356,63","2.319,48","2.357,52","2.315,92","","3,08%"
"13.05.1993","2.286,24","2.254,08","2.286,24","2.229,38","","0,00%"
"12.05.1993","2.286,29","2.313,53","2.318,86","2.272,29","","-0,13%"
"11.05.1993","2.289,31","2.239,69","2.292,75","2.239,69","","2,80%"
"10.05.1993","2.226,92","2.255,35","2.258,46","2.226,05","","0,35%"
"07.05.1993","2.219,24","2.183,39","2.219,24","2.182,19","","2,33%"
"05.05.1993","2.168,70","2.133,98","2.168,70","2.120,39","","1,94%"
"04.05.1993","2.127,37","2.097,84","2.142,76","2.097,84","","2,06%"
"03.05.1993","2.084,42","2.099,18","2.099,18","2.059,77","","-1,78%"
"30.04.1993","2.122,30","2.162,97","2.169,88","2.122,30","","-1,02%"
"29.04.1993","2.144,27","2.101,99","2.156,31","2.097,63","","1,07%"
"28.04.1993","2.121,49","2.124,57","2.140,50","2.116,51","","2,45%"
"27.04.1993","2.070,71","1.990,99","2.071,57","1.980,06","","1,66%"
"26.04.1993","2.036,81","2.099,77","2.099,77","2.036,81","","-3,04%"
"23.04.1993","2.100,67","2.115,45","2.118,46","2.091,76","","-2,70%"
"22.04.1993","2.158,96","2.148,24","2.166,21","2.135,04","","-1,40%"
"21.04.1993","2.189,51","2.195,53","2.198,04","2.148,81","","-0,70%"
"20.04.1993","2.204,91","2.220,99","2.220,99","2.193,48","","-2,79%"
"19.04.1993","2.268,15","2.281,71","2.281,71","2.262,82","","-1,38%"
"16.04.1993","2.299,78","2.262,44","2.299,78","2.259,71","","0,29%"
"15.04.1993","2.293,12","2.264,42","2.304,89","2.264,42","","2,98%"
"13.04.1993","2.226,84","2.179,01","2.235,21","2.178,84","","0,19%"
"12.04.1993","2.222,69","2.229,54","2.249,08","2.222,48","","-3,82%"
"08.04.1993","2.310,91","2.347,29","2.347,29","2.310,91","","-4,06%"
"07.04.1993","2.408,68","2.371,08","2.412,15","2.369,99","","4,21%"
"02.04.1993","2.311,44","2.294,41","2.311,44","2.284,57","","1,36%"
"31.03.1993","2.280,52","2.244,54","2.282,99","2.244,54","","2,49%"
"30.03.1993","2.225,08","2.230,70","2.230,70","2.184,67","","-2,28%"
"29.03.1993","2.276,90","2.322,94","2.322,94","2.273,97","","-2,76%"
"26.03.1993","2.341,42","2.352,60","2.357,97","2.339,07","","-1,56%"
"23.03.1993","2.378,55","2.385,77","2.388,74","2.377,43","","-0,98%"
"22.03.1993","2.402,20","2.405,48","2.405,48","2.388,99","","1,07%"
"19.03.1993","2.376,76","2.380,53","2.384,71","2.371,96","","-0,70%"
"18.03.1993","2.393,58","2.417,94","2.420,98","2.393,58","","-0,65%"
"17.03.1993","2.409,23","2.418,90","2.418,90","2.398,42","","-2,06%"
"16.03.1993","2.459,85","2.468,71","2.477,34","2.454,30","","1,59%"
"15.03.1993","2.421,27","2.394,77","2.424,05","2.394,77","","2,55%"
"12.03.1993","2.361,15","2.361,15","2.361,15","2.361,15","","1,33%"
"11.03.1993","2.330,09","2.337,66","2.337,66","2.308,09","","1,88%"
"10.03.1993","2.287,15","2.326,20","2.326,20","2.229,74","","-2,13%"
"09.03.1993","2.336,96","2.451,20","2.451,20","2.318,36","","-5,45%"
"05.03.1993","2.471,74","2.535,98","2.535,98","2.459,50","","-2,41%"
"04.03.1993","2.532,67","2.533,27","2.536,54","2.524,21","","-1,27%"
"03.03.1993","2.565,32","2.578,64","2.579,98","2.561,75","","0,85%"
"02.03.1993","2.543,82","2.550,25","2.550,25","2.494,52","","-1,06%"
"01.03.1993","2.571,18","2.677,93","2.677,93","2.565,80","","-7,63%"
"27.02.1993","2.783,58","2.817,31","2.818,22","2.778,56","","-1,05%"
"26.02.1993","2.813,15","2.832,84","2.842,33","2.811,39","","0,49%"
"25.02.1993","2.799,35","2.768,66","2.804,99","2.768,66","","1,66%"
"24.02.1993","2.753,67","2.753,01","2.782,50","2.753,01","","0,45%"
"23.02.1993","2.741,38","2.714,12","2.746,69","2.711,90","","1,22%"
"22.02.1993","2.708,34","2.712,15","2.725,25","2.708,34","","1,38%"
"18.02.1993","2.671,37","2.659,99","2.678,11","2.659,99","","1,23%"
"17.02.1993","2.638,85","2.614,87","2.643,86","2.614,87","","1,20%"
"16.02.1993","2.607,51","2.644,36","2.648,19","2.607,51","","-1,25%"
"15.02.1993","2.640,40","2.694,31","2.694,70","2.634,05","","-3,83%"
"12.02.1993","2.745,48","2.771,60","2.771,60","2.725,06","","-1,45%"
"11.02.1993","2.785,83","2.793,97","2.803,63","2.748,20","","-0,93%"
"10.02.1993","2.812,12","2.798,72","2.814,08","2.789,66","","1,46%"
"09.02.1993","2.771,68","2.758,77","2.772,60","2.758,77","","2,18%"
"08.02.1993","2.712,56","2.702,03","2.721,60","2.698,26","","2,40%"
"05.02.1993","2.648,89","2.617,39","2.662,05","2.616,99","","0,39%"
"04.02.1993","2.638,54","2.632,20","2.650,78","2.631,73","","-0,83%"
"03.02.1993","2.660,75","2.660,31","2.676,34","2.660,31","","-0,08%"
"02.02.1993","2.663,00","2.606,01","2.663,09","2.605,02","","1,08%"
"01.02.1993","2.634,43","2.667,38","2.667,38","2.615,44","","-1,73%"
"29.01.1993","2.680,79","2.663,75","2.709,71","2.662,84","","1,00%"
"28.01.1993","2.654,25","2.611,25","2.954,25","2.611,25","","2,28%"
"27.01.1993","2.595,13","2.574,87","2.595,13","2.574,87","","1,54%"
"25.01.1993","2.555,85","2.570,73","2.588,50","2.555,21","","0,53%"
"22.01.1993","2.542,39","2.520,27","2.542,65","2.519,33","","-0,07%"
"21.01.1993","2.544,23","2.538,34","2.553,11","2.533,03","","0,50%"
"20.01.1993","2.531,55","2.525,25","2.531,61","2.505,69","","-0,53%"
"19.01.1993","2.545,12","2.597,40","2.597,40","2.537,65","","-1,58%"
"18.01.1993","2.586,05","2.579,51","2.588,05","2.575,38","","2,40%"
"15.01.1993","2.525,54","2.503,61","2.527,89","2.494,58","","2,68%"
"14.01.1993","2.459,67","2.425,99","2.459,67","2.425,99","","1,61%"
"08.01.1993","2.420,67","2.421,23","2.426,29","2.418,79","","1,04%"
"07.01.1993","2.395,80","2.411,71","2.411,71","2.389,80","","-2,11%"
"06.01.1993","2.447,50","2.473,93","2.473,93","2.441,38","","-2,16%"
"05.01.1993","2.501,52","2.519,45","2.520,51","2.488,98","","-1,50%"
"04.01.1993","2.539,67","2.617,78","2.617,78","2.539,67","","-2,89%"
"24.12.1992","2.615,37","2.604,83","2.626,93","2.604,36","","1,71%"
"23.12.1992","2.571,36","2.535,92","2.571,72","2.523,80","","0,36%"
"22.12.1992","2.562,10","2.587,75","2.592,09","2.559,71","","0,79%"
"21.12.1992","2.542,10","2.523,79","2.550,48","2.523,79","","2,63%"
"18.12.1992","2.476,89","2.447,54","2.500,43","2.447,54","","3,20%"
"17.12.1992","2.400,16","2.366,01","2.400,68","2.359,34","","1,07%"
"16.12.1992","2.374,72","2.425,87","2.425,87","2.374,72","","-4,14%"
"15.12.1992","2.477,27","2.446,88","2.477,27","2.430,35","","0,32%"
"14.12.1992","2.469,45","2.537,72","2.537,98","2.468,58","","-2,66%"
"11.12.1992","2.536,87","2.566,34","2.575,00","2.534,22","","-0,52%"
"10.12.1992","2.550,22","2.609,31","2.609,31","2.550,22","","-5,44%"
"04.12.1992","2.696,86","2.696,14","2.708,62","2.664,49","","2,94%"
"03.12.1992","2.619,90","2.574,86","2.627,93","2.559,32","","1,01%"
"02.12.1992","2.593,62","2.590,56","2.614,04","2.586,24","","1,80%"
"01.12.1992","2.547,69","2.522,07","2.551,81","2.522,07","","1,18%"
"30.11.1992","2.518,10","2.511,41","2.542,55","2.511,41","","1,27%"
"27.11.1992","2.486,41","2.462,91","2.486,83","2.460,80","","-0,03%"
"26.11.1992","2.487,11","2.526,09","2.526,09","2.487,09","","-2,72%"
"25.11.1992","2.556,56","2.593,97","2.609,35","2.555,46","","0,38%"
"24.11.1992","2.546,86","2.523,27","2.560,71","2.522,48","","0,65%"
"23.11.1992","2.530,47","2.468,92","2.545,33","2.468,92","","2,05%"
"20.11.1992","2.479,56","2.422,97","2.479,56","2.418,52","","2,32%"
"19.11.1992","2.423,26","2.506,52","2.506,52","2.413,62","","-4,02%"
"18.11.1992","2.524,71","2.551,98","2.551,98","2.501,77","","-2,40%"
"13.11.1992","2.586,68","2.606,44","2.606,44","2.574,74","","-2,09%"
"12.11.1992","2.641,81","2.645,74","2.679,25","2.635,71","","1,74%"
"11.11.1992","2.596,53","2.663,31","2.663,31","2.555,53","","-3,31%"
"09.11.1992","2.685,39","2.758,46","2.758,46","2.682,84","","-2,57%"
"06.11.1992","2.756,19","2.760,12","2.760,12","2.732,77","","-1,38%"
"05.11.1992","2.794,83","2.870,59","2.889,69","2.794,83","","-4,49%"
"04.11.1992","2.926,18","2.953,02","2.982,90","2.917,56","","-0,09%"
"03.11.1992","2.928,89","2.867,57","2.928,89","2.867,57","","3,37%"
"30.10.1992","2.833,34","2.892,39","2.896,92","2.825,58","","-1,01%"
"29.10.1992","2.862,15","2.873,65","2.890,63","2.862,15","","-0,51%"
"28.10.1992","2.876,70","2.963,28","2.963,28","2.876,70","","-3,70%"
"25.10.1992","2.987,21","3.033,08","3.033,08","2.987,21","","0,00%"
"22.10.1992","2.987,29","2.982,99","3.002,16","2.968,45","","1,79%"
"21.10.1992","2.934,66","2.973,71","2.987,57","2.932,18","","-3,81%"
"20.10.1992","3.050,90","3.074,66","3.078,41","3.045,78","","-1,15%"
"15.10.1992","3.086,45","3.081,37","3.100,89","3.053,04","","-0,62%"
"14.10.1992","3.105,63","3.166,50","3.168,90","3.105,63","","-2,58%"
"13.10.1992","3.187,76","3.127,44","3.190,28","3.127,44","","0,67%"
"12.10.1992","3.166,52","3.223,15","3.223,15","3.158,29","","-3,33%"
"09.10.1992","3.275,57","3.300,25","3.304,71","3.275,24","","1,99%"
"08.10.1992","3.211,55","3.219,19","3.223,20","3.201,49","","-1,11%"
"06.10.1992","3.247,76","3.234,31","3.273,53","3.245,67","","-2,05%"
"01.10.1992","3.315,72","3.303,93","3.329,80","3.301,76","","0,65%"
"30.09.1992","3.294,42","3.226,08","3.297,32","3.226,08","","3,09%"
"29.09.1992","3.195,75","3.192,96","3.224,16","3.179,65","","-1,37%"
"28.09.1992","3.239,98","3.252,18","3.258,60","3.231,74","","-0,51%"
"25.09.1992","3.256,59","3.249,02","3.256,59","3.249,02","","0,30%"
"24.09.1992","3.246,96","3.286,70","3.286,70","3.236,07","","-1,57%"
"22.09.1992","3.298,75","3.242,79","3.305,43","3.242,79","","0,73%"
"21.09.1992","3.274,74","3.340,04","3.341,60","3.263,64","","-3,22%"
"18.09.1992","3.383,62","3.385,36","3.385,36","3.340,76","","0,16%"
"17.09.1992","3.378,18","3.356,09","3.386,75","3.354,20","","-0,79%"
"16.09.1992","3.404,96","3.463,14","3.463,14","3.404,96","","-0,16%"
"15.09.1992","3.410,29","3.365,96","3.415,99","3.365,96","","4,14%"
"14.09.1992","3.274,85","3.205,67","3.274,85","3.205,67","","1,71%"
"11.09.1992","3.219,92","3.202,82","3.220,18","3.193,09","","0,66%"
"09.09.1992","3.198,69","3.192,42","3.200,25","3.178,81","","-0,09%"
"08.09.1992","3.201,46","3.205,32","3.205,32","3.187,47","","-0,78%"
"07.09.1992","3.226,52","3.172,71","3.250,02","3.172,71","","1,91%"
"04.09.1992","3.166,10","3.080,40","3.166,10","3.078,72","","2,81%"
"03.09.1992","3.079,53","3.062,69","3.099,66","3.048,40","","1,28%"
"02.09.1992","3.040,57","3.035,38","3.046,17","3.017,04","","-0,97%"
"01.09.1992","3.070,49","3.080,79","3.099,40","3.070,49","","1,28%"
"28.08.1992","3.031,63","3.013,54","3.033,65","3.009,77","","1,16%"
"27.08.1992","2.996,98","2.891,99","2.998,57","2.891,99","","3,01%"
"26.08.1992","2.909,32","2.947,56","2.947,56","2.864,79","","-1,69%"
"25.08.1992","2.959,41","3.020,82","3.021,59","2.959,41","","-3,07%"
"24.08.1992","3.053,12","3.051,28","3.071,52","3.041,39","","0,60%"
"21.08.1992","3.034,94","2.958,97","3.034,94","2.958,97","","1,33%"
"20.08.1992","2.995,25","3.018,20","3.059,22","2.995,25","","0,42%"
"19.08.1992","2.982,60","2.978,86","3.007,45","2.964,75","","2,09%"
"18.08.1992","2.921,53","2.875,61","2.921,53","2.869,41","","1,12%"
"17.08.1992","2.889,08","2.830,07","2.892,68","2.830,07","","3,36%"
"14.08.1992","2.795,18","2.720,53","2.795,18","2.720,53","","4,34%"
"12.08.1992","2.678,83","2.638,05","2.679,35","2.638,05","","-0,54%"
"11.08.1992","2.693,42","2.706,46","2.732,34","2.686,99","","0,94%"
"10.08.1992","2.668,25","2.598,77","2.668,98","2.597,50","","2,99%"
"07.08.1992","2.590,68","2.568,81","2.605,19","2.568,81","","2,42%"
"06.08.1992","2.529,59","2.594,45","2.595,37","2.529,59","","-3,83%"
"05.08.1992","2.630,23","2.676,50","2.681,42","2.628,20","","-2,09%"
"04.08.1992","2.686,49","2.699,45","2.700,26","2.676,82","","-1,33%"
"03.08.1992","2.722,65","2.721,02","2.730,82","2.697,04","","-0,16%"
"31.07.1992","2.727,06","2.717,56","2.727,06","2.698,75","","1,05%"
"30.07.1992","2.698,83","2.733,86","2.733,86","2.680,69","","-2,05%"
"29.07.1992","2.755,25","2.796,53","2.805,99","2.752,94","","-2,66%"
"28.07.1992","2.830,57","2.858,25","2.872,71","2.822,24","","0,94%"
"27.07.1992","2.804,15","2.740,74","2.807,41","2.737,65","","4,70%"
"23.07.1992","2.678,34","2.784,04","2.784,04","2.677,07","","-4,96%"
"22.07.1992","2.818,12","2.857,01","2.881,94","2.814,26","","-1,83%"
"21.07.1992","2.870,59","2.839,17","2.870,59","2.837,07","","0,53%"
"20.07.1992","2.855,43","2.794,95","2.864,05","2.794,42","","1,75%"
"17.07.1992","2.806,31","2.795,31","2.807,96","2.761,45","","-0,12%"
"16.07.1992","2.809,69","2.890,75","2.891,81","2.797,92","","-3,54%"
"15.07.1992","2.912,92","2.972,96","2.972,96","2.912,92","","-5,44%"
"26.06.1992","3.080,54","3.080,54","3.080,54","3.080,54","","-0,03%"
"25.06.1992","3.081,32","3.097,48","3.102,44","3.081,32","","-1,89%"
"10.06.1992","3.140,80","3.139,94","3.193,17","3.139,46","","-0,43%"
"09.06.1992","3.154,23","3.127,57","3.198,77","3.127,57","","1,73%"
"08.06.1992","3.100,66","3.063,22","3.113,66","3.063,22","","0,45%"
"05.06.1992","3.086,74","2.983,22","3.086,99","2.983,22","","2,72%"
"04.06.1992","3.004,92","3.016,83","3.018,64","2.993,68","","-3,12%"
"03.06.1992","3.101,66","3.120,37","3.192,45","3.092,45","","-1,03%"
"02.06.1992","3.133,83","3.014,07","3.147,20","3.014,07","","4,42%"
"01.06.1992","3.001,24","2.958,39","3.003,83","2.928,10","","-0,16%"
"29.05.1992","3.006,08","3.050,19","3.070,60","2.987,69","","-2,16%"
"28.05.1992","3.072,48","3.002,42","3.072,43","2.963,49","","-2,30%"
"27.05.1992","3.144,79","3.307,02","3.307,02","3.111,07","","-4,67%"
"26.05.1992","3.298,74","3.349,11","3.352,43","3.271,13","","-3,16%"
"25.05.1992","3.406,29","3.432,43","3.432,43","3.399,92","","-0,84%"
"22.05.1992","3.435,07","3.378,88","3.442,65","3.376,12","","-3,49%"
"20.05.1992","3.559,28","3.499,27","3.562,36","3.495,29","","-0,26%"
"19.05.1992","3.568,67","3.490,91","3.574,92","3.481,82","","3,26%"
"18.05.1992","3.456,16","3.475,12","3.527,21","3.454,13","","1,82%"
"14.05.1992","3.394,48","3.407,85","3.407,85","3.335,48","","-1,07%"
"13.05.1992","3.431,13","3.283,16","3.493,47","3.283,16","","11,17%"
"12.05.1992","3.086,37","3.273,82","3.307,71","3.080,43","","-9,76%"
"11.05.1992","3.420,05","3.556,94","3.566,07","3.407,54","","-6,50%"
"07.05.1992","3.658,00","3.651,01","3.710,86","3.651,01","","2,73%"
"06.05.1992","3.560,72","3.531,21","3.579,87","3.460,60","","-8,41%"
"30.04.1992","3.887,72","3.637,17","3.887,72","3.636,02","","5,81%"
"29.04.1992","3.674,41","3.727,18","3.750,07","3.611,11","","-5,71%"
"28.04.1992","3.896,90","4.109,84","4.112,78","3.896,90","","-12,77%"
"22.04.1992","4.467,32","4.467,32","4.467,32","4.467,32","","7,31%"
"13.04.1992","4.163,02","4.266,68","4.307,21","4.163,02","","-3,33%"
"10.04.1992","4.306,43","4.328,63","4.338,75","4.266,26","","-0,63%"
"08.04.1992","4.333,57","4.062,31","4.341,27","4.062,31","","7,72%"
"07.04.1992","4.023,11","3.988,28","4.023,11","3.930,64","","-0,97%"
"06.04.1992","4.062,57","4.150,74","4.150,74","4.062,57","","-4,15%"
"03.04.1992","4.238,25","4.120,45","4.241,07","4.026,77","","-3,41%"
"02.04.1992","4.387,86","4.546,58","4.546,58","4.387,86","","2,40%"
"31.03.1992","4.285,00","4.172,21","4.318,95","4.172,21","","4,73%"
"30.03.1992","4.091,43","4.112,23","4.159,53","4.091,43","","7,92%"
"27.03.1992","3.791,18","3.672,99","3.800,83","3.655,12","","-0,29%"
"25.03.1992","3.802,17","3.655,00","3.807,64","3.655,00","","3,61%"
"24.03.1992","3.669,58","3.521,25","3.688,53","3.521,25","","13,14%"
"20.03.1992","3.243,53","3.135,88","3.243,53","3.135,88","","3,69%"
"18.03.1992","3.128,01","3.212,66","3.212,66","3.126,45","","-2,21%"
"17.03.1992","3.198,78","3.296,41","3.296,41","3.197,51","","-1,60%"
"16.03.1992","3.250,70","3.305,62","3.385,99","2.949,70","","-0,27%"
"13.03.1992","3.259,36","3.299,74","3.346,26","3.259,36","","0,54%"
"12.03.1992","3.241,97","3.178,14","3.306,17","3.178,14","","2,47%"
"11.03.1992","3.163,68","3.137,95","3.173,19","3.069,49","","-4,59%"
"10.03.1992","3.316,03","3.480,74","3.480,74","3.261,00","","-6,53%"
"09.03.1992","3.547,61","3.547,61","3.547,61","3.547,61","","2,15%"
"03.03.1992","3.472,78","3.323,60","3.479,33","3.314,53","","4,19%"
"02.03.1992","3.333,25","3.273,47","3.333,25","3.273,47","","10,46%"
"29.02.1992","3.017,68","2.883,94","3.049,90","2.883,94","","9,37%"
"28.02.1992","2.759,22","2.785,20","2.787,60","2.759,11","","0,64%"
"27.02.1992","2.741,73","2.674,86","2.754,06","2.674,86","","4,75%"
"26.02.1992","2.617,52","2.586,34","2.640,53","2.586,34","","5,07%"
"24.02.1992","2.491,27","2.478,88","2.497,97","2.467,80","","1,49%"
"21.02.1992","2.454,66","2.421,54","2.454,89","2.417,71","","0,23%"
"20.02.1992","2.449,06","2.422,15","2.468,97","2.414,45","","2,81%"
"19.02.1992","2.382,07","2.407,54","2.407,54","2.350,08","","-0,90%"
"18.02.1992","2.403,78","2.476,26","2.478,44","2.402,52","","-1,38%"
"17.02.1992","2.437,30","2.384,03","2.491,68","2.384,03","","4,93%"
"13.02.1992","2.322,79","2.303,11","2.331,22","2.303,11","","0,76%"
"12.02.1992","2.305,38","2.334,32","2.337,75","2.298,03","","1,40%"
"10.02.1992","2.273,47","2.209,65","2.278,40","2.209,65","","3,60%"
"07.02.1992","2.194,48","2.307,02","2.315,20","2.193,27","","-4,97%"
"06.02.1992","2.309,36","2.289,76","2.314,32","2.289,76","","0,91%"
"05.02.1992","2.288,43","2.284,84","2.289,41","2.284,02","","0,43%"
"04.02.1992","2.278,72","2.257,09","2.278,82","2.253,94","","0,26%"
"03.02.1992","2.272,81","2.272,81","2.272,81","2.272,81","","-1,29%"
"31.01.1992","2.302,54","2.300,10","2.329,95","2.300,10","","0,12%"
"30.01.1992","2.299,77","2.275,13","2.300,27","2.254,87","","3,86%"
"29.01.1992","2.214,22","2.209,45","2.214,22","2.186,60","","1,94%"
"27.01.1992","2.172,11","2.144,03","2.181,35","2.142,60","","1,53%"
"24.01.1992","2.139,33","2.146,61","2.153,79","2.134,91","","-0,52%"
"23.01.1992","2.150,41","2.181,90","2.184,99","2.145,87","","0,82%"
"22.01.1992","2.132,82","2.103,58","2.135,74","2.103,58","","0,81%"
"21.01.1992","2.115,71","2.119,35","2.157,87","2.107,64","","0,41%"
"20.01.1992","2.107,07","2.094,54","2.114,27","2.094,27","","-0,42%"
"17.01.1992","2.115,89","2.079,23","2.118,15","2.066,50","","5,66%"
"16.01.1992","2.002,60","2.003,31","2.021,62","1.997,86","","-0,87%"
"15.01.1992","2.020,18","2.018,15","2.024,62","2.012,62","","1,11%"
"14.01.1992","1.998,07","1.981,87","1.998,07","1.976,54","","-0,04%"
"13.01.1992","1.998,88","1.973,51","2.006,84","1.972,16","","1,34%"
"09.01.1992","1.972,53","1.950,99","1.976,16","1.948,15","","1,19%"
"08.01.1992","1.949,31","1.946,95","1.953,83","1.945,48","","-0,72%"
"07.01.1992","1.963,53","1.961,46","1.963,53","1.949,38","","-0,20%"
"06.01.1992","1.967,55","2.000,49","2.005,53","1.966,39","","-1,45%"
"03.01.1992","1.996,50","2.006,66","2.007,22","1.993,77","","1,39%"
"02.01.1992","1.969,16","1.965,68","1.973,59","1.960,90","","0,60%"
"01.01.1992","1.957,33","1.957,33","1.957,33","1.957,33","","2,54%"
"24.12.1991","1.908,85","1.839,18","1.946,28","1.908,85","","-0,33%"
"23.12.1991","1.915,12","1.890,69","1.915,58","1.886,03","","2,23%"
"20.12.1991","1.873,28","1.870,23","1.895,11","1.870,23","","-0,13%"
"19.12.1991","1.875,67","1.848,20","1.876,04","1.848,20","","2,23%"
"18.12.1991","1.834,78","1.809,73","1.835,37","1.807,21","","1,11%"
"17.12.1991","1.814,67","1.823,51","1.837,03","1.813,29","","-0,59%"
"16.12.1991","1.825,45","1.813,28","1.825,90","1.804,81","","-0,68%"
"12.12.1991","1.837,88","1.845,19","1.860,69","1.837,88","","-1,23%"
"11.12.1991","1.860,75","1.870,92","1.874,21","1.860,75","","-0,62%"
"10.12.1991","1.872,45","1.870,45","1.875,73","1.863,47","","-0,39%"
"09.12.1991","1.879,73","1.911,82","1.917,53","1.879,73","","-1,02%"
"06.12.1991","1.899,11","1.886,10","1.899,50","1.880,27","","1,19%"
"05.12.1991","1.876,73","1.871,86","1.876,73","1.863,56","","-0,46%"
"04.12.1991","1.885,44","1.888,90","1.895,82","1.885,41","","-0,39%"
"03.12.1991","1.892,84","1.891,31","1.893,36","1.881,52","","-0,60%"
"02.12.1991","1.904,26","1.918,61","1.920,99","1.899,55","","0,05%"
"29.11.1991","1.903,31","1.890,77","1.903,31","1.890,77","","2,53%"
"28.11.1991","1.856,34","1.853,53","1.877,14","1.853,53","","-0,43%"
"27.11.1991","1.864,39","1.871,32","1.877,92","1.863,26","","0,46%"
"26.11.1991","1.855,94","1.872,90","1.890,78","1.855,54","","-1,62%"
"22.11.1991","1.886,56","1.907,34","1.907,34","1.881,99","","-1,26%"
"20.11.1991","1.910,59","1.944,55","1.955,29","1.910,02","","-0,70%"
"19.11.1991","1.924,15","1.902,88","1.924,15","1.902,88","","2,82%"
"18.11.1991","1.871,32","1.872,66","1.885,92","1.862,34","","-0,45%"
"15.11.1991","1.879,69","1.885,14","1.885,14","1.871,86","","-0,79%"
"14.11.1991","1.894,67","1.888,55","1.904,15","1.888,55","","0,70%"
"13.11.1991","1.881,50","1.865,95","1.881,50","1.858,49","","0,14%"
"12.11.1991","1.878,82","1.886,54","1.897,09","1.876,12","","-0,88%"
"11.11.1991","1.895,53","1.895,53","1.895,53","1.895,53","","-0,80%"
"08.11.1991","1.910,81","1.925,13","1.928,61","1.902,55","","-0,37%"
"05.11.1991","1.917,96","1.927,18","1.927,18","1.906,48","","0,43%"
"01.11.1991","1.909,80","1.914,12","1.917,06","1.903,22","","1,06%"
"31.10.1991","1.889,84","1.866,96","1.893,27","1.866,96","","1,50%"
"30.10.1991","1.861,85","1.878,10","1.897,71","1.861,85","","-1,65%"
"29.10.1991","1.893,16","1.863,75","1.893,16","1.863,75","","4,85%"
"26.10.1991","1.805,52","1.795,61","1.805,52","1.794,62","","0,65%"
"24.10.1991","1.793,78","1.808,52","1.811,78","1.793,78","","0,99%"
"23.10.1991","1.776,25","1.765,66","1.779,78","1.765,66","","0,68%"
"22.10.1991","1.764,24","1.741,06","1.764,24","1.740,12","","1,36%"
"21.10.1991","1.740,53","1.751,88","1.751,88","1.739,19","","-2,16%"
"18.10.1991","1.778,91","1.795,39","1.803,83","1.776,24","","0,31%"
"16.10.1991","1.773,47","1.745,76","1.779,04","1.745,76","","2,87%"
"15.10.1991","1.724,06","1.714,18","1.724,06","1.698,63","","-0,30%"
"14.10.1991","1.729,30","1.744,12","1.744,12","1.726,43","","-1,99%"
"11.10.1991","1.764,50","1.762,33","1.777,74","1.761,16","","0,68%"
"10.10.1991","1.752,50","1.742,33","1.752,50","1.732,04","","2,10%"
"09.10.1991","1.716,53","1.735,87","1.735,87","1.685,57","","-3,58%"
"07.10.1991","1.780,25","1.797,94","1.805,21","1.779,14","","0,40%"
"04.10.1991","1.773,15","1.789,63","1.802,41","1.771,47","","-2,34%"
"03.10.1991","1.815,62","1.834,03","1.834,03","1.813,91","","-2,30%"
"01.10.1991","1.858,45","1.872,69","1.872,69","1.850,91","","-1,42%"
"30.09.1991","1.885,28","1.895,96","1.916,77","1.885,28","","0,81%"
"27.09.1991","1.870,04","1.824,73","1.870,04","1.824,73","","4,65%"
"26.09.1991","1.786,92","1.823,07","1.823,07","1.784,36","","-1,74%"
"25.09.1991","1.818,52","1.817,95","1.837,68","1.817,72","","0,07%"
"24.09.1991","1.817,26","1.827,13","1.827,13","1.800,83","","-0,88%"
"20.09.1991","1.833,44","1.873,64","1.873,64","1.830,78","","-2,30%"
"18.09.1991","1.876,62","1.891,51","1.918,21","1.874,17","","-0,10%"
"17.09.1991","1.878,55","1.859,02","1.878,55","1.851,66","","-1,77%"
"16.09.1991","1.912,35","1.819,56","1.916,79","1.891,49","","2,72%"
"13.09.1991","1.861,74","1.819,64","1.861,74","1.818,54","","2,82%"
"10.09.1991","1.810,71","1.828,17","1.833,22","1.809,95","","-0,05%"
"06.09.1991","1.811,54","1.830,34","1.833,96","1.810,53","","0,07%"
"05.09.1991","1.810,21","1.810,21","1.810,21","1.810,21","","2,70%"
"04.09.1991","1.762,62","1.740,93","1.762,62","1.739,15","","-0,10%"
"03.09.1991","1.764,36","1.802,43","1.804,76","1.760,30","","-1,76%"
"30.08.1991","1.795,99","1.759,26","1.806,06","1.759,26","","-1,73%"
"28.08.1991","1.827,59","1.827,90","1.847,15","1.827,59","","0,77%"
"27.08.1991","1.813,68","1.805,17","1.818,15","1.795,98","","-1,69%"
"26.08.1991","1.844,82","1.849,41","1.861,94","1.841,02","","2,33%"
"23.08.1991","1.802,81","1.755,71","1.810,35","1.755,71","","2,88%"
"22.08.1991","1.752,30","1.768,18","1.777,91","1.752,30","","2,61%"
"21.08.1991","1.707,77","1.692,21","1.711,16","1.692,21","","-0,10%"
"20.08.1991","1.709,43","1.723,37","1.727,40","1.704,21","","-2,31%"
"19.08.1991","1.749,91","1.755,63","1.757,44","1.726,81","","1,32%"
"16.08.1991","1.727,07","1.724,06","1.740,04","1.720,31","","1,26%"
"14.08.1991","1.705,63","1.699,72","1.706,66","1.690,47","","1,09%"
"13.08.1991","1.687,24","1.688,63","1.705,78","1.685,03","","1,39%"
"12.08.1991","1.664,06","1.659,46","1.666,75","1.659,46","","0,03%"
"09.08.1991","1.663,57","1.658,16","1.666,55","1.649,73","","1,88%"
"08.08.1991","1.632,90","1.623,30","1.632,90","1.598,85","","-1,48%"
"07.08.1991","1.657,44","1.685,46","1.691,82","1.652,17","","-1,38%"
"05.08.1991","1.680,69","1.664,58","1.693,18","1.655,13","","0,00%"
"02.08.1991","1.680,62","1.703,15","1.703,15","1.680,62","","1,92%"
"01.08.1991","1.649,01","1.647,29","1.677,68","1.646,54","","1,00%"
"31.07.1991","1.632,67","1.614,00","1.637,39","1.606,79","","-0,87%"
"30.07.1991","1.647,00","1.637,36","1.650,28","1.637,36","","0,57%"
"29.07.1991","1.637,70","1.646,53","1.679,95","1.636,74","","2,36%"
"26.07.1991","1.599,98","1.604,23","1.630,27","1.596,46","","2,86%"
"25.07.1991","1.555,43","1.513,88","1.561,08","1.513,88","","4,69%"
"24.07.1991","1.485,76","1.481,95","1.488,47","1.465,94","","4,68%"
"22.07.1991","1.419,31","1.439,75","1.441,33","1.417,04","","-2,49%"
"19.07.1991","1.455,48","1.424,94","1.455,76","1.424,62","","0,90%"
"17.07.1991","1.442,54","1.442,54","1.442,54","1.442,54","","0,75%"
"16.07.1991","1.431,75","1.398,95","1.432,82","1.398,85","","1,73%"
"15.07.1991","1.407,35","1.421,77","1.421,77","1.406,32","","-2,39%"
"12.07.1991","1.441,85","1.447,64","1.456,50","1.436,70","","1,49%"
"11.07.1991","1.420,75","1.403,96","1.438,26","1.403,96","","2,30%"
"10.07.1991","1.388,80","1.394,97","1.404,69","1.388,80","","1,44%"
"09.07.1991","1.369,06","1.368,31","1.381,41","1.360,22","","0,37%"
"08.07.1991","1.363,99","1.351,17","1.385,27","1.351,17","","0,49%"
"05.07.1991","1.357,32","1.322,89","1.359,32","1.322,89","","4,52%"
"04.07.1991","1.298,66","1.305,44","1.306,01","1.292,20","","-1,08%"
"03.07.1991","1.312,87","1.310,20","1.327,04","1.310,20","","1,48%"
"02.07.1991","1.293,67","1.279,88","1.293,43","1.276,82","","1,45%"
"01.07.1991","1.275,23","1.253,08","1.275,23","1.251,98","","0,42%"
"28.06.1991","1.269,91","1.288,25","1.292,59","1.267,50","","-1,55%"
"27.06.1991","1.289,94","1.255,14","1.290,43","1.245,15","","1,37%"
"26.06.1991","1.272,54","1.298,61","1.301,06","1.271,23","","-2,25%"
"25.06.1991","1.301,85","1.288,91","1.303,72","1.288,91","","-0,27%"
"24.06.1991","1.305,33","1.340,20","1.340,20","1.303,38","","-4,14%"
"21.06.1991","1.361,72","1.371,85","1.372,25","1.353,32","","1,87%"
"20.06.1991","1.336,75","1.331,33","1.341,58","1.331,33","","0,85%"
"19.06.1991","1.325,46","1.327,70","1.331,24","1.324,42","","-0,73%"
"18.06.1991","1.335,21","1.322,13","1.335,21","1.318,20","","2,14%"
"17.06.1991","1.307,22","1.317,09","1.323,39","1.307,05","","1,11%"
"14.06.1991","1.292,81","1.271,43","1.293,44","1.267,90","","1,38%"
"13.06.1991","1.275,15","1.293,42","1.296,22","1.273,68","","-1,02%"
"12.06.1991","1.288,25","1.274,39","1.291,51","1.274,39","","2,11%"
"11.06.1991","1.261,64","1.260,17","1.263,71","1.252,70","","1,07%"
"07.06.1991","1.248,31","1.271,27","1.271,27","1.246,13","","-1,94%"
"06.06.1991","1.272,97","1.291,34","1.291,76","1.270,03","","-0,92%"
"05.06.1991","1.284,81","1.295,54","1.295,54","1.283,30","","-0,41%"
"04.06.1991","1.290,07","1.289,36","1.295,00","1.289,36","","0,16%"
"03.06.1991","1.287,95","1.302,82","1.302,82","1.287,34","","-1,48%"
"31.05.1991","1.307,34","1.308,64","1.327,86","1.307,34","","-2,11%"
"30.05.1991","1.335,48","1.337,33","1.338,46","1.325,02","","0,61%"
"29.05.1991","1.327,33","1.327,33","1.327,33","1.327,33","","0,72%"
"27.05.1991","1.317,90","1.315,03","1.324,76","1.313,31","","0,23%"
"23.05.1991","1.314,89","1.295,40","1.321,88","1.294,24","","-0,43%"
"21.05.1991","1.320,54","1.293,04","1.320,54","1.293,04","","2,83%"
"20.05.1991","1.284,25","1.289,99","1.289,99","1.282,12","","-1,04%"
"17.05.1991","1.297,69","1.308,79","1.310,11","1.297,61","","0,48%"
"16.05.1991","1.291,50","1.297,75","1.304,13","1.291,13","","-0,10%"
"14.05.1991","1.292,83","1.283,04","1.292,93","1.280,18","","0,29%"
"13.05.1991","1.289,13","1.296,52","1.302,36","1.289,13","","0,06%"
"10.05.1991","1.288,35","1.278,10","1.288,35","1.277,92","","2,23%"
"09.05.1991","1.260,29","1.254,69","1.269,62","1.253,69","","-0,48%"
"08.05.1991","1.266,34","1.272,82","1.272,82","1.265,77","","0,90%"
"07.05.1991","1.255,04","1.239,96","1.257,25","1.239,96","","-0,03%"
"06.05.1991","1.255,42","1.264,76","1.267,65","1.253,21","","-1,31%"
"03.05.1991","1.272,09","1.269,39","1.278,12","1.264,39","","2,99%"
"30.04.1991","1.235,11","1.263,85","1.263,85","1.235,11","","-2,55%"
"29.04.1991","1.267,46","1.275,09","1.275,09","1.258,88","","-1,49%"
"26.04.1991","1.286,59","1.304,10","1.304,11","1.286,46","","-0,77%"
"25.04.1991","1.296,54","1.291,95","1.300,55","1.291,95","","1,72%"
"24.04.1991","1.274,56","1.270,21","1.282,81","1.264,76","","-0,19%"
"23.04.1991","1.276,94","1.273,35","1.289,08","1.273,35","","-0,80%"
"22.04.1991","1.287,27","1.273,89","1.288,33","1.273,78","","0,26%"
"19.04.1991","1.283,94","1.278,41","1.291,64","1.278,41","","0,97%"
"18.04.1991","1.271,62","1.260,53","1.276,85","1.256,14","","-0,26%"
"16.04.1991","1.274,97","1.299,26","1.299,26","1.262,98","","-2,11%"
"15.04.1991","1.302,50","1.306,70","1.316,38","1.298,91","","1,12%"
"12.04.1991","1.288,02","1.279,60","1.300,45","1.279,60","","2,28%"
"11.04.1991","1.259,28","1.239,39","1.259,28","1.236,84","","1,51%"
"09.04.1991","1.240,53","1.250,59","1.256,80","1.238,84","","0,15%"
"08.04.1991","1.238,70","1.222,47","1.241,02","1.218,07","","1,69%"
"05.04.1991","1.218,12","1.212,85","1.219,83","1.207,18","","1,75%"
"04.04.1991","1.197,12","1.194,91","1.200,64","1.194,91","","-0,48%"
"03.04.1991","1.202,90","1.217,01","1.217,76","1.202,54","","-0,52%"
"02.04.1991","1.209,23","1.204,02","1.211,12","1.198,10","","1,31%"
"01.04.1991","1.193,61","1.179,18","1.198,64","1.179,18","","2,20%"
"27.03.1991","1.167,97","1.175,55","1.189,87","1.167,61","","-0,22%"
"26.03.1991","1.170,59","1.151,54","1.171,20","1.151,33","","1,31%"
"25.03.1991","1.155,46","1.158,51","1.160,66","1.152,53","","-1,38%"
"22.03.1991","1.171,59","1.198,30","1.201,80","1.171,31","","0,55%"
"21.03.1991","1.165,20","1.144,87","1.165,44","1.144,87","","-0,57%"
"20.03.1991","1.171,92","1.180,92","1.182,72","1.169,02","","0,07%"
"18.03.1991","1.171,08","1.181,58","1.187,85","1.170,63","","-2,96%"
"15.03.1991","1.206,75","1.214,08","1.229,79","1.204,69","","0,86%"
"14.03.1991","1.196,48","1.150,54","1.196,48","1.150,54","","3,14%"
"13.03.1991","1.160,08","1.170,21","1.188,91","1.160,08","","-0,50%"
"12.03.1991","1.165,90","1.157,59","1.165,90","1.151,51","","-0,75%"
"11.03.1991","1.174,72","1.171,23","1.174,72","1.158,55","","-1,37%"
"08.03.1991","1.191,05","1.156,90","1.191,05","1.154,88","","3,48%"
"07.03.1991","1.151,05","1.158,55","1.158,55","1.137,59","","-7,62%"
"05.03.1991","1.245,93","1.219,68","1.251,07","1.219,68","","1,67%"
"04.03.1991","1.225,44","1.200,43","1.231,29","1.191,13","","0,41%"
"28.02.1991","1.220,41","1.242,26","1.249,36","1.220,41","","-0,09%"
"27.02.1991","1.221,55","1.202,63","1.221,55","1.196,46","","1,36%"
"26.02.1991","1.205,20","1.191,36","1.219,68","1.191,36","","2,32%"
"25.02.1991","1.177,87","1.177,87","1.177,87","1.177,87","","-0,12%"
"22.02.1991","1.179,33","1.194,36","1.194,36","1.177,87","","2,26%"
"21.02.1991","1.153,29","1.170,21","1.170,82","1.147,14","","0,43%"
"20.02.1991","1.148,33","1.124,30","1.148,32","1.124,30","","-0,14%"
"19.02.1991","1.149,89","1.118,20","1.149,89","1.112,67","","10,61%"
"15.02.1991","1.039,60","1.028,55","1.039,78","1.028,55","","1,50%"
"14.02.1991","1.024,23","1.009,24","1.024,89","1.009,24","","1,92%"
"13.02.1991","1.004,94","1.006,15","1.014,28","1.002,88","","-0,84%"
"11.02.1991","1.013,50","1.015,55","1.016,11","1.010,35","","-1,62%"
"08.02.1991","1.030,23","1.037,50","1.038,35","1.030,23","","-0,89%"
"07.02.1991","1.039,45","1.045,91","1.045,91","1.023,17","","-2,11%"
"06.02.1991","1.061,87","1.079,99","1.079,99","1.056,67","","-0,79%"
"05.02.1991","1.070,29","1.064,84","1.074,46","1.062,06","","1,73%"
"04.02.1991","1.052,04","1.035,13","1.059,20","1.035,13","","2,94%"
"01.02.1991","1.021,95","987,11","1.021,95","983,23","","4,03%"
"31.01.1991","982,32","993,54","996,62","981,97","","2,74%"
"25.01.1991","956,11","966,31","966,31","947,14","","-1,61%"
"24.01.1991","971,80","991,28","991,28","967,69","","-2,95%"
"23.01.1991","1.001,38","1.014,36","1.014,36","998,77","","-1,61%"
"14.01.1991","1.017,72","1.012,80","1.017,98","1.004,91","","-1,60%"
"11.01.1991","1.034,30","1.000,51","1.034,30","997,04","","2,56%"
"09.01.1991","1.008,52","1.007,66","1.013,80","998,09","","-0,22%"
"07.01.1991","1.010,77","982,81","1.010,77","978,69","","2,89%"