country,quarter,CTOT_shock,CTOT_shock_dlog
brazil,1960Q1,1.2334533955573053,
brazil,1960Q2,1.233098347183183,-0.00035504837412236867
brazil,1960Q3,1.2312580859216622,-0.0018402612615207037
brazil,1960Q4,1.216560513148545,-0.014697572773117118
brazil,1961Q1,1.2361004973166634,0.019539984168118307
brazil,1961Q2,1.249058720744578,0.012958223427914639
brazil,1961Q3,1.2356342840333516,-0.013424436711226395
brazil,1961Q4,1.2335875850909819,-0.0020466989423697513
brazil,1962Q1,1.2296887128331337,-0.0038988722578481294
brazil,1962Q2,1.2345018741046303,0.004813161271496558
brazil,1962Q3,1.232819091184279,-0.0016827829203514
brazil,1962Q4,1.2348501101307474,0.0020310189464685102
brazil,1963Q1,1.2485026639989512,0.013652553868203743
brazil,1963Q2,1.2650650919092197,0.016562427910268518
brazil,1963Q3,1.2613859690812823,-0.0036791228279373644
brazil,1963Q4,1.2780550354248663,0.016669066343584005
brazil,1964Q1,1.2735879101227154,-0.004467125302150876
brazil,1964Q2,1.2720398335686298,-0.00154807655408562
brazil,1964Q3,1.268694938210804,-0.0033448953578258944
brazil,1964Q4,1.282355273381596,0.013660335170792015
brazil,1965Q1,1.2801091568923038,-0.0022461164892921825
brazil,1965Q2,1.2893174793382194,0.009208322445915629
brazil,1965Q3,1.2742142216080432,-0.015103257730176178
brazil,1965Q4,1.2795621674654043,0.005347945857361092
brazil,1966Q1,1.29862342816127,0.019061260695865778
brazil,1966Q2,1.301599412782983,0.0029759846217130015
brazil,1966Q3,1.3006348229596973,-0.0009645898232857331
brazil,1966Q4,1.2884083062077258,-0.012226516751971506
brazil,1967Q1,1.2856599815560763,-0.0027483246516495363
brazil,1967Q2,1.283606844110309,-0.0020531374457672946
brazil,1967Q3,1.2832056793577329,-0.00040116475257612194
brazil,1967Q4,1.2888448070790397,0.005639127721306814
brazil,1968Q1,1.2924590015228767,0.0036141944438370377
brazil,1968Q2,1.2736742861698622,-0.018784715353014514
brazil,1968Q3,1.2587543222334672,-0.014919963936395053
brazil,1968Q4,1.2604056621562147,0.0016513399227475745
brazil,1969Q1,1.2766508185696566,0.01624515641344182
brazil,1969Q2,1.2931088060951985,0.01645798752554195
brazil,1969Q3,1.292551307621716,-0.0005574984734824096
brazil,1969Q4,1.3013064374726253,0.008755129850909205
brazil,1970Q1,1.320751262510631,0.01944482503800571
brazil,1970Q2,1.3248097692081233,0.004058506697492303
brazil,1970Q3,1.314015845410255,-0.010793923797868255
brazil,1970Q4,1.3176336063509089,0.0036177609406538025
brazil,1971Q1,1.3252734079141306,0.007639801563221749
brazil,1971Q2,1.322186512960695,-0.003086894953435726
brazil,1971Q3,1.328845456696637,0.006658943735942113
brazil,1971Q4,1.3240475272636014,-0.004797929433035586
brazil,1972Q1,1.3366903296518193,0.01264280238821791
brazil,1972Q2,1.3366284990020685,-6.183064975084918e-05
brazil,1972Q3,1.333675721216933,-0.002952777785135474
brazil,1972Q4,1.3677286532554458,0.034052932038512784
brazil,1973Q1,1.4506314168931498,0.08290276363770399
brazil,1973Q2,1.5266481287811293,0.07601671188797954
brazil,1973Q3,1.5983520344367879,0.07170390565565854
brazil,1973Q4,1.6044657479693643,0.0061137135325763925
brazil,1974Q1,1.6917776629466736,0.08731191497730939
brazil,1974Q2,1.6830550783640121,-0.008722584582661508
brazil,1974Q3,1.6906485872712165,0.007593508907204338
brazil,1974Q4,1.7097728752277013,0.019124287956484798
brazil,1975Q1,1.647743444584243,-0.06202943064345834
brazil,1975Q2,1.5996955562249728,-0.0480478883592701
brazil,1975Q3,1.6038608423720633,0.004165286147090441
brazil,1975Q4,1.57388219636312,-0.029978646008943288
brazil,1976Q1,1.5807735290262126,0.006891332663092609
brazil,1976Q2,1.5993278906122141,0.018554361586001544
brazil,1976Q3,1.6162814837083967,0.016953593096182606
brazil,1976Q4,1.5998241265117144,-0.0164573571966824
brazil,1977Q1,1.6370290148963083,0.037204888384593904
brazil,1977Q2,1.6536103963377227,0.01658138144141441
brazil,1977Q3,1.5895488727460712,-0.06406152359165151
brazil,1977Q4,1.604030156659987,0.014481283913915899
brazil,1978Q1,1.6411960342095344,0.037165877549547366
brazil,1978Q2,1.6656030117292864,0.02440697751975196
brazil,1978Q3,1.6557841151438644,-0.00981889658542201
brazil,1978Q4,1.6767295522520298,0.020945437108165432
brazil,1979Q1,1.7123021618744536,0.03557260962242381
brazil,1979Q2,1.7445571875499173,0.03225502567546368
brazil,1979Q3,1.7590622616839617,0.014505074134044449
brazil,1979Q4,1.7756016517202133,0.0165393900362516
brazil,1980Q1,1.7988555589358413,0.023253907215627923
brazil,1980Q2,1.7863545880710823,-0.012500970864758987
brazil,1980Q3,1.8109688592969786,0.024614271225896323
brazil,1980Q4,1.8227136079319597,0.011744748634981095
brazil,1981Q1,1.7958660552944323,-0.02684755263752736
brazil,1981Q2,1.768671248785651,-0.027194806508781255
brazil,1981Q3,1.744924944411639,-0.02374630437401204
brazil,1981Q4,1.7197958355132577,-0.02512910889838138
brazil,1982Q1,1.7064532900600837,-0.013342545453173926
brazil,1982Q2,1.6911016514212622,-0.015351638638821496
brazil,1982Q3,1.6596053203103796,-0.03149633111088268
brazil,1982Q4,1.6471750498258202,-0.012430270484559358
brazil,1983Q1,1.66649052546209,0.019315475636269896
brazil,1983Q2,1.7040634000586208,0.03757287459653069
brazil,1983Q3,1.7422854416629656,0.038222041604344836
brazil,1983Q4,1.7433794361038184,0.0010939944408527857
brazil,1984Q1,1.74272986661087,-0.0006495694929484763
brazil,1984Q2,1.743037903612137,0.0003080370012671363
brazil,1984Q3,1.6893835885754616,-0.053654315036675504
brazil,1984Q4,1.6685963888157138,-0.020787199759747743
brazil,1985Q1,1.663931411792255,-0.004664977023458805
brazil,1985Q2,1.6601535900385378,-0.0037778217537172143
brazil,1985Q3,1.6244831663404535,-0.035670423698084264
brazil,1985Q4,1.6171331723109938,-0.007349994029459683
brazil,1986Q1,1.6174809757118251,0.00034780340083129246
brazil,1986Q2,1.5996697816093726,-0.017811194102452577
brazil,1986Q3,1.5699747585058674,-0.029695023103505136
brazil,1986Q4,1.5807353262476391,0.010760567741771698
brazil,1987Q1,1.6085256233717102,0.027790297124071106
brazil,1987Q2,1.634492760815451,0.025967137443740684
brazil,1987Q3,1.6482696563225936,0.013776895507142672
brazil,1987Q4,1.6881454767023245,0.03987582037973092
brazil,1988Q1,1.7148108193508524,0.026665342648527934
brazil,1988Q2,1.7573307418193154,0.04251992246846292
brazil,1988Q3,1.7639331924614159,0.006602450642100521
brazil,1988Q4,1.7609613337414278,-0.002971858719988063
brazil,1989Q1,1.7659197968910056,0.004958463149577819
brazil,1989Q2,1.7665595024061713,0.0006397055151656783
brazil,1989Q3,1.7438721384363758,-0.022687363969795538
brazil,1989Q4,1.73858852690037,-0.005283611536005761
brazil,1990Q1,1.7290838056774145,-0.009504721222955537
brazil,1990Q2,1.7258090821244922,-0.003274723552922243
brazil,1990Q3,1.7369277427878482,0.011118660663355984
brazil,1990Q4,1.7294593567750738,-0.007468386012774442
brazil,1991Q1,1.7213945192855813,-0.008064837489492493
brazil,1991Q2,1.7067640677219105,-0.014630451563670821
brazil,1991Q3,1.704982366121743,-0.0017817016001675512
brazil,1991Q4,1.705615519474882,0.000633153353139182
brazil,1992Q1,1.7101554035697961,0.004539884094914015
brazil,1992Q2,1.711284037041218,0.0011286334714217805
brazil,1992Q3,1.7105845909421602,-0.0006994460990576989
brazil,1992Q4,1.6904208086861012,-0.02016378225605897
brazil,1993Q1,1.6981141721936168,0.007693363507515594
brazil,1993Q2,1.6944741369117313,-0.003640035281885501
brazil,1993Q3,1.6983618242349428,0.0038876873232114306
brazil,1993Q4,1.7012816160749094,0.002919791839966601
brazil,1994Q1,1.721946777966216,0.020665161891306738
brazil,1994Q2,1.7224127564252116,0.0004659784589955418
brazil,1994Q3,1.7361634209782166,0.013750664553004999
brazil,1994Q4,1.7575209406907146,0.021357519712497997
brazil,1995Q1,1.7701178052932682,0.012596864602553604
brazil,1995Q2,1.7664569078530454,-0.003660897440222799
brazil,1995Q3,1.782323536513454,0.015866628660408555
brazil,1995Q4,1.7879460941876455,0.005622557674191508
brazil,1996Q1,1.793342150942986,0.005396056755340606
brazil,1996Q2,1.8066700223269083,0.013327871383922218
brazil,1996Q3,1.7831326802241931,-0.023537342102715186
brazil,1996Q4,1.7648236741332224,-0.018309006090970747
brazil,1997Q1,1.785531069405484,0.02070739527226162
brazil,1997Q2,1.7717199128883823,-0.013811156517101741
brazil,1997Q3,1.752067849827205,-0.019652063061177172
brazil,1997Q4,1.7418969618154052,-0.010170888011799883
brazil,1998Q1,1.71894584365285,-0.02295111816255524
brazil,1998Q2,1.7093168096774372,-0.009629033975412815
brazil,1998Q3,1.6830491856037493,-0.02626762407368788
brazil,1998Q4,1.679981768776576,-0.003067416827173375
brazil,1999Q1,1.658489550635928,-0.021492218140647834
brazil,1999Q2,1.6486695676637546,-0.009819982972173458
brazil,1999Q3,1.657311387997284,0.008641820333529449
brazil,1999Q4,1.6671415532033895,0.009830165206105468
brazil,2000Q1,1.6835551930178898,0.01641363981450028
brazil,2000Q2,1.6778388023604445,-0.005716390657445336
brazil,2000Q3,1.6717073302476904,-0.0061314721127541105
brazil,2000Q4,1.6790710644142284,0.007363734166538016
brazil,2001Q1,1.6797505760153535,0.0006795116011251157
brazil,2001Q2,1.6708605628163589,-0.008890013198994628
brazil,2001Q3,1.6761107047811028,0.005250141964743937
brazil,2001Q4,1.6456564786700014,-0.03045422611110138
brazil,2002Q1,1.6577650268407065,0.012108548170705058
brazil,2002Q2,1.671688538191685,0.013923511350978579
brazil,2002Q3,1.6946727528131196,0.022984214621434518
brazil,2002Q4,1.7065866946045376,0.011913941791418026
brazil,2003Q1,1.7186668708063275,0.012080176201789916
brazil,2003Q2,1.7079012120912083,-0.010765658715119253
brazil,2003Q3,1.7136050997386505,0.0057038876474422295
brazil,2003Q4,1.7610572147383736,0.04745211499972313
brazil,2004Q1,1.8026461981990782,0.04158898346070461
brazil,2004Q2,1.806116813193675,0.0034706149945966658
brazil,2004Q3,1.7888158734600994,-0.017300939733575493
brazil,2004Q4,1.7874833834780712,-0.0013324899820281733
brazil,2005Q1,1.8137629726642184,0.026279589186147145
brazil,2005Q2,1.8182177458380664,0.0044547731738480145
brazil,2005Q3,1.8226292003632594,0.0044114545251929815
brazil,2005Q4,1.837384474971655,0.014755274608395652
brazil,2006Q1,1.8668156051555038,0.029431130183848797
brazil,2006Q2,1.8943606913951374,0.027545086239633587
brazil,2006Q3,1.8986626854593571,0.004301994064219716
brazil,2006Q4,1.918225716739742,0.019563031280384946
brazil,2007Q1,1.9316253374151426,0.01339962067540057
brazil,2007Q2,1.9601929291279787,0.02856759171283607
brazil,2007Q3,1.9831067648880638,0.0229138357600851
brazil,2007Q4,2.022167948167574,0.039061183279510026
brazil,2008Q1,2.0841720959727565,0.06200414780518271
brazil,2008Q2,2.126129639688976,0.041957543716219625
brazil,2008Q3,2.0889605296723937,-0.03716911001658252
brazil,2008Q4,1.9257833163801892,-0.16317721329220447
brazil,2009Q1,1.9078044848133475,-0.017978831566841658
brazil,2009Q2,1.9492602569104904,0.04145577209714291
brazil,2009Q3,1.9701900002858936,0.02092974337540321
brazil,2009Q4,1.9937978634140316,0.023607863128138007
brazil,2010Q1,2.0060998451943908,0.012301981780359128
brazil,2010Q2,1.9959784722302665,-0.010121372964124298
brazil,2010Q3,2.0202794303375327,0.02430095810726618
brazil,2010Q4,2.0827829358714736,0.0625035055339409
brazil,2011Q1,2.129011134387225,0.04622819851575155
brazil,2011Q2,2.1243455958108286,-0.004665538576396511
brazil,2011Q3,2.117669633062554,-0.006675962748274422
brazil,2011Q4,2.076062028644463,-0.04160760441809108
brazil,2012Q1,2.0910916475683665,0.01502961892390342
brazil,2012Q2,2.086025325393334,-0.005066322175032667
brazil,2012Q3,2.1013887270894553,0.015363401696121493
brazil,2012Q4,2.089770356842195,-0.011618370247260312
brazil,2013Q1,2.0857747859470734,-0.003995570895121592
brazil,2013Q2,2.0631418293927393,-0.02263295655433417
brazil,2013Q3,2.050765229704642,-0.012376599688097123
brazil,2013Q4,2.0465714052018855,-0.004193824502756627
brazil,2014Q1,2.044301272182751,-0.0022701330191345903
brazil,2014Q2,2.047265972021993,0.00296469983924208
brazil,2014Q3,2.025361735979204,-0.021904236042789016
brazil,2014Q4,2.0005361825454404,-0.02482555343376358
brazil,2015Q1,1.9648568265890831,-0.035679355956357295
brazil,2015Q2,1.953958487201326,-0.010898339387757083
brazil,2015Q3,1.9230831153066652,-0.03087537189466083
brazil,2015Q4,1.901783439548458,-0.021299675758207126
brazil,2016Q1,1.8961067731297612,-0.005676666418696907
brazil,2016Q2,1.9352982235068175,0.03919145037705629
brazil,2016Q3,1.9368226797216692,0.0015244562148517549
brazil,2016Q4,1.9427063248081295,0.005883645086460332
brazil,2017Q1,1.9597791554339121,0.017072830625782576
brazil,2017Q2,1.950120718058324,-0.009658437375588136
brazil,2017Q3,1.9558846315597034,0.005763913501379392
brazil,2017Q4,1.9607415656780223,0.00485693411831889
brazil,2018Q1,1.9807754054709468,0.0200338397929245
brazil,2018Q2,1.9913460024195602,0.010570596948613398
brazil,2018Q3,1.959071426044704,-0.0322745763748562
brazil,2018Q4,1.9471495028607295,-0.011921923183974448
brazil,2019Q1,1.9502329954202653,0.003083492559535772
brazil,2019Q2,1.950250486239938,1.7490819672616453e-05
brazil,2019Q3,1.9401987656855202,-0.01005172055441772
brazil,2019Q4,1.952999598389085,0.012800832703564913
brazil,2020Q1,1.9464759610122746,-0.006523637376810498
brazil,2020Q2,1.913322557660723,-0.0331534033515517
brazil,2020Q3,1.9561597945968139,0.04283723693609098
brazil,2020Q4,2.0027379563702006,0.046578161773386695
brazil,2021Q1,2.057837584114922,0.055099627744721325
brazil,2021Q2,2.0923125686548367,0.03447498453991482
brazil,2021Q3,2.0911057316435318,-0.0012068370113049731
brazil,2021Q4,2.095994903080191,0.004889171436659456
brazil,2022Q1,2.148245348595887,0.0522504455156958
brazil,2022Q2,2.1681334672119466,0.019888118616059547
brazil,2022Q3,2.1074895146506156,-0.06064395256133093
brazil,2022Q4,2.0995665459553194,-0.007922968695296184
brazil,2023Q1,2.1001308751157954,0.0005643291604759959
brazil,2023Q2,2.0845183103349947,-0.015612564780800753
brazil,2023Q3,2.0780700351638215,-0.00644827517117319
brazil,2023Q4,2.0747412411068877,-0.0033287940569337593
brazil,2024Q1,2.0649231145567946,-0.009818126550093176
brazil,2024Q2,2.072889232736381,0.007966118179586257
brazil,2024Q3,2.0587428504160785,-0.014146382320302298
brazil,2024Q4,2.0669480088007255,0.008205158384646971
brazil,2025Q1,2.0619515618545963,-0.004996446946129218
brazil,2025Q2,2.045471612004016,-0.016479949850580322
brazil,2025Q3,2.0471600967306642,0.0016884847266482872
brazil,2025Q4,2.055708024441974,0.008547927711309633
brazil,2026Q1,2.0875496661366637,0.03184164169468984
brazil,2026Q2,2.112528480543583,0.02497881440691918
brazil,2026Q3,2.1062451803225546,-0.0062833002210282984
chile,1960Q1,2.211982695793747,
chile,1960Q2,2.2118415079086873,-0.00014118788505967927
chile,1960Q3,2.2042135614022955,-0.007627946506391758
chile,1960Q4,2.181363066205407,-0.02285049519688842
chile,1961Q1,2.195050097536366,0.013687031330958721
chile,1961Q2,2.2145130666442,0.019462969107834294
chile,1961Q3,2.1984262969251356,-0.01608676971906453
chile,1961Q4,2.193702090525731,-0.004724206399404629
chile,1962Q1,2.190134998358488,-0.0035670921672430467
chile,1962Q2,2.191662318607607,0.0015273202491190574
chile,1962Q3,2.1894362648801398,-0.002226053727467203
chile,1962Q4,2.191903965534118,0.0024677006539781665
chile,1963Q1,2.2049060233204933,0.01300205778637542
chile,1963Q2,2.2215358559031224,0.016629832582629067
chile,1963Q3,2.2170412337413037,-0.004494622161818729
chile,1963Q4,2.238215493010201,0.021174259268897266
chile,1964Q1,2.243636067451165,0.00542057444096411
chile,1964Q2,2.2666453692931166,0.02300930184195149
chile,1964Q3,2.2862663491991633,0.01962097990604672
chile,1964Q4,2.3382979704760234,0.05203162127686012
chile,1965Q1,2.315461931790212,-0.0228360386858113
chile,1965Q2,2.351498084680869,0.03603615289065676
chile,1965Q3,2.3179078628547507,-0.03359022182611815
chile,1965Q4,2.347350742582245,0.029442879727494375
chile,1966Q1,2.3997504252767525,0.052399682694507455
chile,1966Q2,2.395177488944688,-0.004572936332064348
chile,1966Q3,2.3490667779235244,-0.04611071102116382
chile,1966Q4,2.3339681756470005,-0.01509860227652382
chile,1967Q1,2.3204037186129627,-0.013564457034037858
chile,1967Q2,2.298744016039916,-0.021659702573046502
chile,1967Q3,2.300676511157594,0.0019324951176780125
chile,1967Q4,2.3361167581383335,0.03544024698073933
chile,1968Q1,2.3692416135014573,0.03312485536312382
chile,1968Q2,2.30724116563182,-0.06200044786963721
chile,1968Q3,2.2867277808619804,-0.02051338476983977
chile,1968Q4,2.2934791088419613,0.006751327979980903
chile,1969Q1,2.3354031698894913,0.04192406104752999
chile,1969Q2,2.3687365659512936,0.0333333960618023
chile,1969Q3,2.381435417827557,0.012698851876263628
chile,1969Q4,2.4010923751174076,0.019656957289850396
chile,1970Q1,2.4270285463227657,0.025936171205358072
chile,1970Q2,2.424985637553788,-0.0020429087689777248
chile,1970Q3,2.3865825415488886,-0.03840309600489933
chile,1970Q4,2.3709752073078003,-0.015607334241088289
chile,1971Q1,2.3723793190458355,0.0014041117380352297
chile,1971Q2,2.3783589650877115,0.005979646041875952
chile,1971Q3,2.3818552713285026,0.003496306240791114
chile,1971Q4,2.377690983102465,-0.004164288226037538
chile,1972Q1,2.4057663823426636,0.02807539924019853
chile,1972Q2,2.3924022029236216,-0.013364179419042
chile,1972Q3,2.3613526397891063,-0.031049563134515346
chile,1972Q4,2.390906191901048,0.029553552111941883
chile,1973Q1,2.5214480282253784,0.13054183632433025
chile,1973Q2,2.641775476741021,0.12032744851564248
chile,1973Q3,2.7681909910160325,0.12641551427501163
chile,1973Q4,2.806769750673447,0.03857875965741453
chile,1974Q1,2.901506985350637,0.09473723467718997
chile,1974Q2,2.9359079255537113,0.03440094020307427
chile,1974Q3,2.871985807487589,-0.06392211806612247
chile,1974Q4,2.856782746002563,-0.015203061485025593
chile,1975Q1,2.8084309338655844,-0.04835181213697881
chile,1975Q2,2.758756431575649,-0.04967450228993542
chile,1975Q3,2.7521237061487724,-0.00663272542687654
chile,1975Q4,2.714324714667092,-0.03779899148168031
chile,1976Q1,2.7451474460394945,0.030822731372402323
chile,1976Q2,2.7870704573794276,0.04192301133993315
chile,1976Q3,2.8310339306761776,0.04396347329674999
chile,1976Q4,2.7998095478516607,-0.031224382824516894
chile,1977Q1,2.866679589342236,0.06687004149057518
chile,1977Q2,2.87571413944144,0.009034550099204175
chile,1977Q3,2.8132111349639723,-0.0625030044774677
chile,1977Q4,2.835800637827367,0.02258950286339445
chile,1978Q1,2.880999378837758,0.04519874101039134
chile,1978Q2,2.9022965082924013,0.021297129454643127
chile,1978Q3,2.913581544753347,0.011285036460945808
chile,1978Q4,2.95600133168798,0.042419786934632775
chile,1979Q1,3.0130852393822627,0.05708390769428284
chile,1979Q2,3.0734836649228474,0.06039842554058472
chile,1979Q3,3.0921563712822975,0.018672706359450064
chile,1979Q4,3.1390409204926617,0.046884549210364224
chile,1980Q1,3.208260791574817,0.06921987108215522
chile,1980Q2,3.1457039404921883,-0.06255685108262865
chile,1980Q3,3.169799630424174,0.024095689931985742
chile,1980Q4,3.148119290686046,-0.021680339738128218
chile,1981Q1,3.1030677094647174,-0.04505158122132835
chile,1981Q2,3.05527172740964,-0.04779598205507751
chile,1981Q3,3.0164448004086672,-0.03882692700097268
chile,1981Q4,2.9761199591036185,-0.040324841305048764
chile,1982Q1,2.9589985272967168,-0.017121431806901732
chile,1982Q2,2.914071064947106,-0.044927462349610536
chile,1982Q3,2.8784314649813254,-0.03563959996578081
chile,1982Q4,2.8616605200546443,-0.016770944926681075
chile,1983Q1,2.9212820371672406,0.05962151711259622
chile,1983Q2,2.996217396342324,0.07493535917508343
chile,1983Q3,3.0493767126972102,0.053159316354886244
chile,1983Q4,3.038938860405361,-0.010437852291849126
chile,1984Q1,3.0338454297433732,-0.005093430661987863
chile,1984Q2,3.0138383276160248,-0.020007102127348464
chile,1984Q3,2.9193858956732237,-0.09445243194280106
chile,1984Q4,2.8933985664485453,-0.02598732922467839
chile,1985Q1,2.8893244623716057,-0.004074104076939644
chile,1985Q2,2.8933586929023685,0.004034230530762795
chile,1985Q3,2.836632502860957,-0.05672619004141133
chile,1985Q4,2.8166031160816534,-0.02002938677930377
chile,1986Q1,2.8444608401553317,0.02785772407367837
chile,1986Q2,2.833784911105961,-0.010675929049370758
chile,1986Q3,2.797156371992113,-0.03662853911384811
chile,1986Q4,2.8086423496066755,0.011485977614562604
chile,1987Q1,2.860778814861966,0.0521364652552907
chile,1987Q2,2.919311979635678,0.05853316477371173
chile,1987Q3,2.98685628506576,0.06754430543008194
chile,1987Q4,3.0728665870816307,0.0860103020158709
chile,1988Q1,3.139663397388656,0.06679681030702511
chile,1988Q2,3.2547970633614565,0.11513366597280061
chile,1988Q3,3.215936262341748,-0.03886080101970846
chile,1988Q4,3.2363815037948735,0.02044524145312554
chile,1989Q1,3.2419140509766597,0.005532547181786196
chile,1989Q2,3.213439419803174,-0.028474631173485587
chile,1989Q3,3.164098148798256,-0.04934127100491814
chile,1989Q4,3.1420996647268584,-0.021998484071397595
chile,1990Q1,3.1052119391777646,-0.03688772554909381
chile,1990Q2,3.1203994261204953,0.015187486942730644
chile,1990Q3,3.1594608932707446,0.039061467150249385
chile,1990Q4,3.1196721561924314,-0.03978873707831321
chile,1991Q1,3.0926096591178363,-0.027062497074595182
chile,1991Q2,3.0578124405742764,-0.03479721854355988
chile,1991Q3,3.0434328216417303,-0.014379618932546023
chile,1991Q4,3.0290302302657395,-0.01440259137599087
chile,1992Q1,3.042799651323258,0.01376942105751855
chile,1992Q2,3.05578968760705,0.012990036283791806
chile,1992Q3,3.064688010275022,0.008898322667972192
chile,1992Q4,3.0087737080202706,-0.05591430225475147
chile,1993Q1,3.0152686468132988,0.006494938793028204
chile,1993Q2,2.9967336136733005,-0.01853503313999827
chile,1993Q3,3.002849526360963,0.00611591268766265
chile,1993Q4,2.9797992879032504,-0.023050238457712702
chile,1994Q1,3.032918452686726,0.05311916478347545
chile,1994Q2,3.062228120891964,0.029309668205238282
chile,1994Q3,3.1105940464961837,0.048365925604219484
chile,1994Q4,3.17775209588726,0.06715804939107617
chile,1995Q1,3.2088251684779907,0.031073072590730888
chile,1995Q2,3.1894872879657665,-0.01933788051222418
chile,1995Q3,3.211882446939076,0.02239515897330957
chile,1995Q4,3.1971052606882027,-0.01477718625087343
chile,1996Q1,3.18379320611447,-0.013312054573732635
chile,1996Q2,3.190331972149231,0.00653876603476089
chile,1996Q3,3.1308156722915106,-0.059516299857720334
chile,1996Q4,3.1149890033936276,-0.01582666889788298
chile,1997Q1,3.1697910530781286,0.054802049684500975
chile,1997Q2,3.1611531958155736,-0.008637857262554949
chile,1997Q3,3.1348405613755577,-0.02631263444001597
chile,1997Q4,3.087400729209508,-0.047439832166049634
chile,1998Q1,3.0381829014427595,-0.049217827766748545
chile,1998Q2,3.015421959675746,-0.0227609417670136
chile,1998Q3,2.9760541263915625,-0.03936783328418336
chile,1998Q4,2.965073659740817,-0.01098046665074559
chile,1999Q1,2.9250560319372063,-0.04001762780361062
chile,1999Q2,2.9337622502052723,0.008706218268065946
chile,1999Q3,2.9735944172840636,0.039832167078791336
chile,1999Q4,2.9969655501332166,0.023371132849153042
chile,2000Q1,3.034850989527097,0.03788543939388056
chile,2000Q2,3.0090767499597866,-0.02577423956731062
chile,2000Q3,3.010710958172999,0.0016342082132125846
chile,2000Q4,3.002979906086888,-0.007731052086111134
chile,2001Q1,3.0031909201345233,0.00021101404763523846
chile,2001Q2,2.9776784348658794,-0.025512485268643914
chile,2001Q3,2.9531710033103975,-0.02450743155548185
chile,2001Q4,2.910481748499723,-0.04268925481067454
chile,2002Q1,2.941406363371752,0.03092461487202902
chile,2002Q2,2.958094729592995,0.016688366221242923
chile,2002Q3,2.973620380295763,0.015525650702767901
chile,2002Q4,2.9941457475027686,0.020525367207005818
chile,2003Q1,3.02306627519801,0.02892052769524156
chile,2003Q2,3.0119302590414603,-0.01113601615654991
chile,2003Q3,3.0338763828353312,0.021946123793870953
chile,2003Q4,3.116556229669172,0.08267984683384055
chile,2004Q1,3.2106158567558087,0.09405962708663695
chile,2004Q2,3.2130186768277325,0.002402820071923717
chile,2004Q3,3.2016350635325876,-0.011383613295144812
chile,2004Q4,3.2183861754051275,0.01675111187253986
chile,2005Q1,3.280939420737578,0.06255324533245066
chile,2005Q2,3.2839658471378077,0.0030264264002295427
chile,2005Q3,3.2963429934683544,0.012377146330546651
chile,2005Q4,3.3431099514432088,0.04676695797485442
chile,2006Q1,3.421654390949596,0.07854443950638723
chile,2006Q2,3.522932892822377,0.10127850187278087
chile,2006Q3,3.541593479074392,0.018660586252015054
chile,2006Q4,3.574485858237809,0.03289237916341703
chile,2007Q1,3.5861241939765933,0.011638335738784367
chile,2007Q2,3.654784377104026,0.06866018312743272
chile,2007Q3,3.660970197736895,0.006185820632869099
chile,2007Q4,3.7046651006001006,0.04369490286320543
chile,2008Q1,3.78857963986626,0.08391453926615933
chile,2008Q2,3.8396501309139675,0.051070491047707556
chile,2008Q3,3.7672340270780333,-0.07241610383593411
chile,2008Q4,3.4177340163823695,-0.34950001069566383
chile,2009Q1,3.348929384126368,-0.06880463225600142
chile,2009Q2,3.4414108145124693,0.09248143038610124
chile,2009Q3,3.536043412139989,0.09463259762751974
chile,2009Q4,3.597323628299998,0.061280216160009005
chile,2010Q1,3.648900697662862,0.05157706936286388
chile,2010Q2,3.6497783935230146,0.0008776958601526275
chile,2010Q3,3.668740193822236,0.018961800299221565
chile,2010Q4,3.7831255709197302,0.11438537709749408
chile,2011Q1,3.8674428357744794,0.08431726485474922
chile,2011Q2,3.85315734791668,-0.014285487857799595
chile,2011Q3,3.8297246928899336,-0.023432655026746296
chile,2011Q4,3.725773405877148,-0.10395128701278544
chile,2012Q1,3.758841001180905,0.033067595303756914
chile,2012Q2,3.732566449734847,-0.02627455144605806
chile,2012Q3,3.7242097416949544,-0.008356708039892524
chile,2012Q4,3.7268032397742026,0.0025934980792481355
chile,2013Q1,3.735859816494574,0.009056576720371634
chile,2013Q2,3.6763062293182953,-0.0595535871762789
chile,2013Q3,3.6619748859847423,-0.014331343333553015
chile,2013Q4,3.661329912305098,-0.0006449736796443339
chile,2014Q1,3.6489146611207834,-0.012415251184314524
chile,2014Q2,3.64817101390038,-0.0007436472204034317
chile,2014Q3,3.6337536376064206,-0.01441737629395945
chile,2014Q4,3.5875446042066583,-0.046209033399762234
chile,2015Q1,3.519197183487993,-0.0683474207186654
chile,2015Q2,3.506260198476653,-0.012936985011339885
chile,2015Q3,3.437186647838626,-0.06907355063802711
chile,2015Q4,3.3892425238760313,-0.04794412396259462
chile,2016Q1,3.381162013187769,-0.008080510688262432
chile,2016Q2,3.433066217566596,0.051904204378827146
chile,2016Q3,3.4469734196388018,0.013907202072205749
chile,2016Q4,3.481845745043132,0.03487232540433016
chile,2017Q1,3.531239480654035,0.0493937356109031
chile,2017Q2,3.5036915196862006,-0.027547960967834406
chile,2017Q3,3.5388713917085646,0.035179872022363945
chile,2017Q4,3.5560569809239277,0.017185589215363173
chile,2018Q1,3.59117119786977,0.03511421694584227
chile,2018Q2,3.5980832668395633,0.006912068969793239
chile,2018Q3,3.5312032924835677,-0.06687997435599558
chile,2018Q4,3.516177087442376,-0.015026205041191787
chile,2019Q1,3.5264988197263714,0.010321732283995466
chile,2019Q2,3.5280784921272748,0.001579672400903398
chile,2019Q3,3.5109794390208764,-0.017099053106398365
chile,2019Q4,3.518328272428591,0.00734883340771475
chile,2020Q1,3.4991172514742503,-0.019211020954340796
chile,2020Q2,3.452094661335663,-0.04702259013858745
chile,2020Q3,3.550324283880064,0.09822962254440126
chile,2020Q4,3.631808757434584,0.08148447355451971
chile,2021Q1,3.73192799736114,0.10011923992655625
chile,2021Q2,3.8079168383496533,0.07598884098851322
chile,2021Q3,3.7999660030941813,-0.007950835255472022
chile,2021Q4,3.7965555288002966,-0.0034104742938847465
chile,2022Q1,3.8857721484413554,0.08921661964105887
chile,2022Q2,3.8835865522762782,-0.002185596165077186
chile,2022Q3,3.7460401431879076,-0.13754640908837068
chile,2022Q4,3.741244073871864,-0.004796069316043372
chile,2023Q1,3.7777398664258577,0.03649579255399349
chile,2023Q2,3.7388870867442607,-0.03885277968159695
chile,2023Q3,3.725380027447412,-0.013507059296848922
chile,2023Q4,3.7222330114270337,-0.003147016020378146
chile,2024Q1,3.716660247844942,-0.005572763582091689
chile,2024Q2,3.758448867224354,0.04178861937941214
chile,2024Q3,3.7248954854389495,-0.03355338178540457
chile,2024Q4,3.742952380336627,0.018056894897677367
chile,2025Q1,3.7415688132588016,-0.0013835670778252762
chile,2025Q2,3.7201800481847362,-0.021388765074065397
chile,2025Q3,3.736057975816114,0.01587792763137763
chile,2025Q4,3.7743624508341536,0.038304475018039685
chile,2026Q1,3.8416183499949517,0.0672558991607981
chile,2026Q2,3.8845117554942457,0.04289340549929399
chile,2026Q3,3.8754235600409803,-0.009088195453265335
china,1960Q1,0.2634823522809715,
china,1960Q2,0.2634379643927104,-4.43878882611104e-05
china,1960Q3,0.2630253940074465,-0.00041257038526387735
china,1960Q4,0.26009020877390454,-0.0029351852335419704
china,1961Q1,0.26393112049899803,0.0038409117250934877
china,1961Q2,0.2665026228704325,0.0025715023714344976
china,1961Q3,0.26383766525595265,-0.0026649576144798792
china,1961Q4,0.263413547483371,-0.00042411777258166694
china,1962Q1,0.26156937238440386,-0.0018441750989671157
china,1962Q2,0.2625183886807414,0.0009490162963375348
china,1962Q3,0.2621712767771165,-0.0003471119036249082
china,1962Q4,0.2625852079052487,0.00041393112813220556
china,1963Q1,0.2652855963350068,0.002700388429758116
china,1963Q2,0.2685587632345432,0.003273166899536384
china,1963Q3,0.2677860629867651,-0.0007727002477780909
china,1963Q4,0.2710498315812627,0.003263768594497618
china,1964Q1,0.2690382586717799,-0.0020115729094828394
china,1964Q2,0.26865562747746885,-0.0003826311943110339
china,1964Q3,0.2679251085667441,-0.0007305189107247312
china,1964Q4,0.2705663193263951,0.002641210759650958
china,1965Q1,0.2701548336795625,-0.0004114856468325767
china,1965Q2,0.27196381768294814,0.0018089840033856386
china,1965Q3,0.26898396420830195,-0.002979853474646188
china,1965Q4,0.2699924102622076,0.001008446053905654
china,1966Q1,0.2737919898531608,0.0037995795909531727
china,1966Q2,0.2743859267729901,0.0005939369198293409
china,1966Q3,0.27427925685110277,-0.00010666992188734792
china,1966Q4,0.2718666856464533,-0.002412571204649494
china,1967Q1,0.2712797675265438,-0.0005869181199094631
china,1967Q2,0.27092760795131127,-0.0003521595752325468
china,1967Q3,0.27084562435576376,-8.198359554750789e-05
china,1967Q4,0.2719247564648699,0.0010791321091061512
china,1968Q1,0.2725603103093681,0.0006355538444982045
china,1968Q2,0.26892170263238857,-0.003638607676979544
china,1968Q3,0.2659504880097343,-0.0029712146226542613
china,1968Q4,0.2662539103528818,0.00030342234314750804
china,1969Q1,0.26822977083784744,0.001975860484965619
china,1969Q2,0.27147665048689357,0.0032468796490461305
china,1969Q3,0.27135044916467665,-0.00012620132221691227
china,1969Q4,0.27303441857438404,0.0016839694097073865
china,1970Q1,0.28030873358065733,0.007274315006273291
china,1970Q2,0.28113142588613355,0.0008226923054762136
china,1970Q3,0.2790509636231096,-0.002080462263023941
china,1970Q4,0.2798093402341184,0.0007583766110088042
china,1971Q1,0.2868940298314922,0.0070846895973737944
china,1971Q2,0.2862753915797692,-0.0006186382517229805
china,1971Q3,0.288394694701367,0.002119303121597804
china,1971Q4,0.2874549643225482,-0.0009397303788188371
china,1972Q1,0.290732630609967,0.0032776662874188234
china,1972Q2,0.2907313933208092,-1.2372891577960843e-06
china,1972Q3,0.29088215578749144,0.00015076246668221938
china,1972Q4,0.29770933416211964,0.006827178374628207
china,1973Q1,0.3170927187795548,0.019383384617435162
china,1973Q2,0.334061362930835,0.016968644151280188
china,1973Q3,0.350664468999731,0.016603106068896034
china,1973Q4,0.3588874010522499,0.008222932052518894
china,1974Q1,0.39954789787654976,0.04066049682429984
china,1974Q2,0.3936389527986147,-0.005908945077935046
china,1974Q3,0.39416115009606245,0.0005221972974477351
china,1974Q4,0.39838596828305595,0.004224818186993495
china,1975Q1,0.38722399938176566,-0.011161968901290287
china,1975Q2,0.37775586113071696,-0.009468138251048697
china,1975Q3,0.3786524191734393,0.0008965580427223174
china,1975Q4,0.37290309047121245,-0.00574932870222683
china,1976Q1,0.37634725570554506,0.003444165234332608
china,1976Q2,0.3800906207114586,0.003743365005913546
china,1976Q3,0.38376893889331,0.003678318181851381
china,1976Q4,0.3810473341588528,-0.002721604734457206
china,1977Q1,0.38961968839869,0.00857235423983721
china,1977Q2,0.3929705205437378,0.003350832145047833
china,1977Q3,0.3805628423165971,-0.012407678227140728
china,1977Q4,0.38341744871048283,0.002854606393885739
china,1978Q1,0.39119034102748607,0.007772892317003233
china,1978Q2,0.39619609480336204,0.005005753775875976
china,1978Q3,0.39445962878874435,-0.001736466014617688
china,1978Q4,0.39968831345392913,0.00522868466518478
china,1979Q1,0.41562063170535624,0.015932318251427102
china,1979Q2,0.42909648133639294,0.013475849631036707
china,1979Q3,0.4350421020363852,0.005945620699992271
china,1979Q4,0.44063065374235255,0.005588551705967337
china,1980Q1,0.44493722343996445,0.004306569697611895
china,1980Q2,0.44244540353567463,-0.002491819904289816
china,1980Q3,0.44570522170825866,0.003259818172584028
china,1980Q4,0.4505427624007834,0.004837540692524733
china,1981Q1,0.4451384905003892,-0.00540427190039422
china,1981Q2,0.4381034529538979,-0.007035037546491263
china,1981Q3,0.4335819285156437,-0.00452152443825421
china,1981Q4,0.42931735640710345,-0.004264572108540254
china,1982Q1,0.42431818347267547,-0.004999172934427976
china,1982Q2,0.42253205730666166,-0.0017861261660138128
china,1982Q3,0.4159670444468093,-0.006565012859852337
china,1982Q4,0.4134156337290692,-0.0025514107177401213
china,1983Q1,0.4144843025424948,0.0010686688134255995
china,1983Q2,0.42213149941803874,0.007647196875543938
china,1983Q3,0.43006193246968705,0.007930433051648311
china,1983Q4,0.4294675734966521,-0.0005943589730349474
china,1984Q1,0.4295763473304215,0.00010877383376939331
china,1984Q2,0.42963002150101914,5.367417059765067e-05
china,1984Q3,0.41800095117972913,-0.011629070321290014
china,1984Q4,0.41340682837431975,-0.004594122805409384
china,1985Q1,0.41255297687392956,-0.0008538515003901903
china,1985Q2,0.4112468006393265,-0.0013061762346030514
china,1985Q3,0.40404035793930815,-0.007206442700018356
china,1985Q4,0.4029427672515554,-0.0010975906877527253
china,1986Q1,0.3964310747486989,-0.0065116925028565475
china,1986Q2,0.3861031618815439,-0.010327912867154954
china,1986Q3,0.3793927620498432,-0.006710399831700742
china,1986Q4,0.3842490160169198,0.004856253967076618
china,1987Q1,0.39245212698916554,0.008203110972245742
china,1987Q2,0.39795151713737775,0.005499390148212213
china,1987Q3,0.4012101908090774,0.00325867367169963
china,1987Q4,0.4081730914214083,0.006962900612330902
china,1988Q1,0.4112924281157106,0.0031193366943023104
china,1988Q2,0.4197366135049718,0.008444185389261227
china,1988Q3,0.41917098113652396,-0.0005656323684478659
china,1988Q4,0.41795307387035985,-0.0012179072661641088
china,1989Q1,0.4229353269226,0.004982253052240149
china,1989Q2,0.42425843810702446,0.0013231111844244636
china,1989Q3,0.41891945300289346,-0.005338985104131
china,1989Q4,0.41998128485790864,0.0010618318550151828
china,1990Q1,0.4189089540179133,-0.0010723308399953613
china,1990Q2,0.4145156231365445,-0.004393330881368784
china,1990Q3,0.4249405910609587,0.010424967924414219
china,1990Q4,0.42788780929907955,0.00294721823812083
china,1991Q1,0.41809641992926455,-0.009791389369814996
china,1991Q2,0.4133583603718225,-0.004738059557442054
china,1991Q3,0.41391364434278466,0.0005552839709621615
china,1991Q4,0.41502316976688447,0.001109525424099811
china,1992Q1,0.41275251507847266,-0.0022706546884118106
china,1992Q2,0.41517510342130415,0.0024225883428314887
china,1992Q3,0.4156189697496103,0.000443866328306175
china,1992Q4,0.4111107006366327,-0.0045082691129776364
china,1993Q1,0.411279336145674,0.00016863550904133717
china,1993Q2,0.4111464477829789,-0.00013288836269514936
china,1993Q3,0.41024729284431805,-0.0008991549386608289
china,1993Q4,0.40933911816345303,-0.0009081746808650148
china,1994Q1,0.41221793007732804,0.0028788119138750123
china,1994Q2,0.4140261486469857,0.0018082185696576825
china,1994Q3,0.41727923091198815,0.003253082265002427
china,1994Q4,0.4210062292090902,0.0037269982971020466
china,1995Q1,0.42408070094154804,0.0030744717324578397
china,1995Q2,0.42475060449,0.0006699035484519777
china,1995Q3,0.4259309127438793,0.0011803082538792697
china,1995Q4,0.4285379942618114,0.002607081517932097
china,1996Q1,0.4325165053692095,0.003978511107398108
china,1996Q2,0.43480314345495963,0.0022866380857501367
china,1996Q3,0.4311711309273595,-0.003632012527600148
china,1996Q4,0.4304740993934886,-0.0006970315338709066
china,1997Q1,0.4320513706008749,0.0015772712073863215
china,1997Q2,0.4262113312765332,-0.005840039324341684
china,1997Q3,0.42303238966697393,-0.0031789416095592826
china,1997Q4,0.42116506968422257,-0.0018673199827513587
china,1998Q1,0.4112329976581325,-0.009932072026090089
china,1998Q2,0.40827141841535636,-0.0029615792427761245
china,1998Q3,0.4013564817759915,-0.006914936639364877
china,1998Q4,0.39870197033290555,-0.0026545114430859273
china,1999Q1,0.3943821691089401,-0.004319801223965469
china,1999Q2,0.39815775123917896,0.003775582130238875
china,1999Q3,0.4052714007959767,0.007113649556797719
china,1999Q4,0.4101030545618771,0.0048316537659004455
china,2000Q1,0.41573558406809563,0.005632529506218509
china,2000Q2,0.4153588185563754,-0.0003767655117202229
china,2000Q3,0.41705798695855284,0.0016991684021774311
china,2000Q4,0.41964549198113726,0.0025875050225844243
china,2001Q1,0.41764995425332424,-0.0019955377278130237
china,2001Q2,0.415272018919612,-0.002377935333712222
china,2001Q3,0.4135411460611367,-0.0017308728584753408
china,2001Q4,0.402308923769237,-0.011232222291899685
china,2002Q1,0.40607541529387264,0.003766491524635651
china,2002Q2,0.4125097461727342,0.006434330878861583
china,2002Q3,0.41829951585553443,0.005789769682800205
china,2002Q4,0.42158777570882644,0.003288259853292008
china,2003Q1,0.4282277081046722,0.00663993239584576
china,2003Q2,0.4226831280173915,-0.005544580087280704
china,2003Q3,0.42462210395213573,0.001938975934744236
china,2003Q4,0.4348780407016519,0.010255936749516192
china,2004Q1,0.4450189277500971,0.01014088704844518
china,2004Q2,0.44808156066048654,0.00306263291038944
china,2004Q3,0.44708436346807157,-0.000997197192414978
china,2004Q4,0.44825639114893756,0.0011720276808659946
china,2005Q1,0.45484101459296217,0.0065846234440246065
china,2005Q2,0.4574609279647849,0.002619913371822713
china,2005Q3,0.4626481352194356,0.005187207254650716
china,2005Q4,0.4650208648173685,0.0023727295979328877
china,2006Q1,0.4708364724555075,0.005815607638139042
china,2006Q2,0.47809779695692295,0.007261324501415423
china,2006Q3,0.4788688200665581,0.0007710231096351716
china,2006Q4,0.48002717526093136,0.0011583551943732395
china,2007Q1,0.48248877956011854,0.002461604299187181
china,2007Q2,0.4911742142127976,0.00868543465267907
china,2007Q3,0.49711531834351863,0.00594110413072102
china,2007Q4,0.5085318316279874,0.011416513284468799
china,2008Q1,0.5232308446702412,0.014699013042253739
china,2008Q2,0.5367571143038739,0.013526269633632682
china,2008Q3,0.5283193732937532,-0.008437741010120625
china,2008Q4,0.4825069228357113,-0.04581245045804194
china,2009Q1,0.4737483054896024,-0.008758617346108888
china,2009Q2,0.48552818363821526,0.011779878148612866
china,2009Q3,0.4919283499707824,0.006400166332567125
china,2009Q4,0.4989857638719306,0.007057413901148224
china,2010Q1,0.5023781701607567,0.0033924062888260886
china,2010Q2,0.5005972782062929,-0.001780891954463848
china,2010Q3,0.5049248186834984,0.004327540477205516
china,2010Q4,0.519834656022059,0.01490983733856066
china,2011Q1,0.5331229343909729,0.013288278368913886
china,2011Q2,0.5343909034953429,0.0012679691043699926
china,2011Q3,0.5322634251571694,-0.002127478338173505
china,2011Q4,0.5232699915969934,-0.008993433560176012
china,2012Q1,0.5275859283363342,0.004315936739340831
china,2012Q2,0.524725439316578,-0.0028604890197562183
china,2012Q3,0.5279838150153264,0.003258375698748428
china,2012Q4,0.5258749240727467,-0.002108890942579711
china,2013Q1,0.5255499001644113,-0.00032502390833544226
china,2013Q2,0.5194374268780648,-0.006112473286346454
china,2013Q3,0.5180106309478018,-0.0014267959302630695
china,2013Q4,0.5171642610424396,-0.0008463699053621321
china,2014Q1,0.5167239315505094,-0.00044032949193018034
china,2014Q2,0.5173914758229741,0.0006675442724646263
china,2014Q3,0.5112533316477866,-0.006138144175187432
china,2014Q4,0.5005547382307503,-0.010698593417036384
china,2015Q1,0.48670209369701645,-0.013852644533733804
china,2015Q2,0.4866694840415871,-3.260965542933869e-05
china,2015Q3,0.4764952117886714,-0.010174272252915728
china,2015Q4,0.46905196425949414,-0.007443247529177244
china,2016Q1,0.4630558256697751,-0.005996138589719036
china,2016Q2,0.4764185674261797,0.013362741756404617
china,2016Q3,0.4772619697393983,0.0008434023132185553
china,2016Q4,0.4807649299136123,0.0035029601742140315
china,2017Q1,0.4853984560896789,0.004633526176066605
china,2017Q2,0.4819994564533197,-0.003398999636359201
china,2017Q3,0.48385079051604996,0.0018513340627302477
china,2017Q4,0.48816936601488514,0.0043185754988351865
china,2018Q1,0.49393865303978934,0.005769287024904202
china,2018Q2,0.4980829262476948,0.004144273207905447
china,2018Q3,0.4922595915064695,-0.005823334741225317
china,2018Q4,0.48789052362269525,-0.004369067883774225
china,2019Q1,0.486629788678999,-0.0012607349436962734
china,2019Q2,0.48748076468880297,0.0008509760098039942
china,2019Q3,0.4832104233298897,-0.004270341358913243
china,2019Q4,0.48619421549403574,0.0029837921641460152
china,2020Q1,0.4802555164632786,-0.005938699030757166
china,2020Q2,0.4639317750926819,-0.016323741370596667
china,2020Q3,0.47845599973217456,0.014524224639492656
china,2020Q4,0.4895022568248908,0.011046257092716227
china,2021Q1,0.5071124539012293,0.017610197076338485
china,2021Q2,0.5165549863678798,0.0094425324666505
china,2021Q3,0.5195461706600468,0.0029911842921670484
china,2021Q4,0.5239049427342751,0.004358772074228301
china,2022Q1,0.5382671452525203,0.01436220251824516
china,2022Q2,0.5455860537087418,0.007318908456221518
china,2022Q3,0.5341413051155721,-0.011444748593169685
china,2022Q4,0.5283215409739506,-0.005819764141621553
china,2023Q1,0.5234730860268347,-0.004848454947115832
china,2023Q2,0.5182162100542683,-0.0052568759725664105
china,2023Q3,0.5188081063285792,0.000591896274310888
china,2023Q4,0.5177557916618022,-0.0010523146667770211
china,2024Q1,0.5148645271441068,-0.002891264517695391
china,2024Q2,0.5169564704708366,0.002091943326729795
china,2024Q3,0.5133796756910396,-0.003576794779796999
china,2024Q4,0.514024509238218,0.0006448335471783695
china,2025Q1,0.5135635703835689,-0.00046093885464904005
china,2025Q2,0.5076699621398097,-0.005893608243759174
china,2025Q3,0.5082608257693222,0.0005908636295124392
china,2025Q4,0.5084807909847378,0.0002199652154155629
china,2026Q1,0.519808708996135,0.011327918011397209
china,2026Q2,0.5294584305774223,0.009649721581287296
china,2026Q3,0.5252225114571132,-0.004235919120309073
colombia,1960Q1,1.1154356805504846,
colombia,1960Q2,1.115679900117104,0.00024421956661946354
colombia,1960Q3,1.1141306119699155,-0.0015492881471885767
colombia,1960Q4,1.103555003560605,-0.010575608409310489
colombia,1961Q1,1.1188734339414754,0.01531843038087044
colombia,1961Q2,1.1279558697744778,0.009082435833002389
colombia,1961Q3,1.11790161293497,-0.010054256839507891
colombia,1961Q4,1.116339041014228,-0.0015625719207419397
colombia,1962Q1,1.0965233714218838,-0.019815669592344154
colombia,1962Q2,1.1006412005245303,0.004117829102646464
colombia,1962Q3,1.0991360156272911,-0.0015051848972391646
colombia,1962Q4,1.100879911038883,0.0017438954115918115
colombia,1963Q1,1.111410908563971,0.010530997525088015
colombia,1963Q2,1.12399618939845,0.012585280834479073
colombia,1963Q3,1.1203554643192302,-0.003640725079219864
colombia,1963Q4,1.1316946299925417,0.011339165673311502
colombia,1964Q1,1.1091191368130113,-0.022575493179530337
colombia,1964Q2,1.1025483338286393,-0.0065708029843720706
colombia,1964Q3,1.09500814062899,-0.00754019319964927
colombia,1964Q4,1.0982722963107394,0.0032641556817494255
colombia,1965Q1,1.1004094517462764,0.0021371554355369415
colombia,1965Q2,1.1030684024304018,0.0026589506841254718
colombia,1965Q3,1.0945225318065255,-0.00854587062387635
colombia,1965Q4,1.0938663612841713,-0.0006561705223542269
colombia,1966Q1,1.1039408607156256,0.010074499431454331
colombia,1966Q2,1.107484959072682,0.003544098357056491
colombia,1966Q3,1.1154565924233462,0.007971633350664087
colombia,1966Q4,1.1066775271292646,-0.008779065294081567
colombia,1967Q1,1.1053172427606552,-0.0013602843686093546
colombia,1967Q2,1.1078999680942423,0.002582725333587055
colombia,1967Q3,1.1071796374462062,-0.000720330648036116
colombia,1967Q4,1.1061486599361126,-0.0010309775100936225
colombia,1968Q1,1.1027013563403898,-0.0034473035957227616
colombia,1968Q2,1.0966080503020788,-0.0060933060383110416
colombia,1968Q3,1.0856388715607932,-0.010969178741285557
colombia,1968Q4,1.0856260933829622,-1.2778177830963244e-05
colombia,1969Q1,1.0744743974336841,-0.011151695949278118
colombia,1969Q2,1.084282746667649,0.009808349233964897
colombia,1969Q3,1.0814857271266833,-0.002797019540965673
colombia,1969Q4,1.0854901467742204,0.004004419647537061
colombia,1970Q1,1.1531950580314643,0.06770491125724387
colombia,1970Q2,1.157654916728955,0.0044598586974906596
colombia,1970Q3,1.154798601913512,-0.0028563148154430174
colombia,1970Q4,1.1614194660139883,0.0066208641004763535
colombia,1971Q1,1.2556650829464746,0.09424561693248634
colombia,1971Q2,1.2517448499168249,-0.003920233029649722
colombia,1971Q3,1.2698805963895416,0.018135746472716763
colombia,1971Q4,1.2663142627679318,-0.003566333621609852
colombia,1972Q1,1.2857918615663817,0.019477598798449902
colombia,1972Q2,1.2880179259364588,0.0022260643700771077
colombia,1972Q3,1.3015058594094653,0.013487933473006475
colombia,1972Q4,1.3301604368681885,0.02865457745872324
colombia,1973Q1,1.4342048070987117,0.10404437023052315
colombia,1973Q2,1.5161391240262714,0.0819343169275597
colombia,1973Q3,1.60130882193855,0.08516969791227869
colombia,1973Q4,1.7115970567662444,0.11028823482769434
colombia,1974Q1,2.1447783189366763,0.43318126217043185
colombia,1974Q2,2.064469800124337,-0.08030851881233936
colombia,1974Q3,2.066066691803914,0.001596891679576995
colombia,1974Q4,2.092484547272057,0.026417855468142903
colombia,1975Q1,2.060101313773943,-0.032383233498114006
colombia,1975Q2,2.0243915699077704,-0.03570974386617243
colombia,1975Q3,2.030772542420057,0.006380972512286753
colombia,1975Q4,2.01200629360823,-0.01876624881182698
colombia,1976Q1,2.0467983489017545,0.03479205529352436
colombia,1976Q2,2.058949190025172,0.012150841123417688
colombia,1976Q3,2.0733196288985636,0.0143704388733914
colombia,1976Q4,2.0717004055973094,-0.0016192233012541912
colombia,1977Q1,2.1139997591922453,0.04229935359493586
colombia,1977Q2,2.1288461923161353,0.014846433123890002
colombia,1977Q3,2.0833089449967326,-0.045537247319402674
colombia,1977Q4,2.0929240732127887,0.009615128216056146
colombia,1978Q1,2.1268923734402634,0.03396830022747466
colombia,1978Q2,2.149092227724802,0.022199854284538745
colombia,1978Q3,2.141548427077867,-0.0075438006469350505
colombia,1978Q4,2.1713937067838645,0.029845279705997374
colombia,1979Q1,2.3351456554740424,0.16375194869017795
colombia,1979Q2,2.467215222511471,0.13206956703742856
colombia,1979Q3,2.526908327341454,0.059693104829983135
colombia,1979Q4,2.570476964019759,0.043568636678304795
colombia,1980Q1,2.5768673453470465,0.006390381327287642
colombia,1980Q2,2.5751049605062573,-0.0017623848407892773
colombia,1980Q3,2.568768297394042,-0.006336663112215035
colombia,1980Q4,2.6222078923633525,0.05343959496931028
colombia,1981Q1,2.6030767367296885,-0.019131155633663965
colombia,1981Q2,2.5592560135939095,-0.043820723135779005
colombia,1981Q3,2.545803000727617,-0.013453012866292635
colombia,1981Q4,2.5401398056922964,-0.005663195035320534
colombia,1982Q1,2.4934602276428643,-0.04667957804943201
colombia,1982Q2,2.5061630994760686,0.012702871833204288
colombia,1982Q3,2.4772685251856177,-0.028894574290450947
colombia,1982Q4,2.4668373963516967,-0.010431128833920944
colombia,1983Q1,2.431951210369457,-0.03488618598223958
colombia,1983Q2,2.458255100865089,0.026303890495631865
colombia,1983Q3,2.4911796173856784,0.032924516520589364
colombia,1983Q4,2.4815691547510843,-0.009610462634594086
colombia,1984Q1,2.485627500324424,0.004058345573339839
colombia,1984Q2,2.489245520732052,0.003618020407627931
colombia,1984Q3,2.4382145434837916,-0.051030977248260445
colombia,1984Q4,2.415111592597892,-0.02310295088589953
colombia,1985Q1,2.4119129877516796,-0.0031986048462124828
colombia,1985Q2,2.39889295052155,-0.013020037230129677
colombia,1985Q3,2.372347681099588,-0.026545269421962114
colombia,1985Q4,2.374416311867395,0.002068630767807278
colombia,1986Q1,2.2675038193574,-0.1069124925099949
colombia,1986Q2,2.145621162225122,-0.1218826571322782
colombia,1986Q3,2.1106431409315904,-0.03497802129353156
colombia,1986Q4,2.1621476489595617,0.05150450802797124
colombia,1987Q1,2.2227587843695398,0.06061113540997809
colombia,1987Q2,2.243136464388348,0.020377680018808242
colombia,1987Q3,2.2541151003128475,0.010978635924499436
colombia,1987Q4,2.263204801872275,0.009089701559427343
colombia,1988Q1,2.242321139157198,-0.02088366271507658
colombia,1988Q2,2.2634728918635645,0.021151752706366267
colombia,1988Q3,2.2461124410645925,-0.01736045079897197
colombia,1988Q4,2.230323242702305,-0.015789198362287316
colombia,1989Q1,2.2969884968402927,0.06666525413798752
colombia,1989Q2,2.3216288244375467,0.024640327597253986
colombia,1989Q3,2.2960167701194614,-0.02561205431808533
colombia,1989Q4,2.327782212794582,0.0317654426751206
colombia,1990Q1,2.3377055364499384,0.00992332365535642
colombia,1990Q2,2.273239147805952,-0.06446638864398624
colombia,1990Q3,2.4060836540763844,0.1328445062704322
colombia,1990Q4,2.4751146460739344,0.06903099199755003
colombia,1991Q1,2.3434528666675507,-0.13166177940638368
colombia,1991Q2,2.306916000652728,-0.036536866014822866
colombia,1991Q3,2.3220548081809413,0.015138807528213505
colombia,1991Q4,2.340326601791848,0.018271793610906695
colombia,1992Q1,2.292634218249787,-0.047692383542060846
colombia,1992Q2,2.326259884833216,0.03362566658342869
colombia,1992Q3,2.33312785658446,0.006867971751244095
colombia,1992Q4,2.3153436535082403,-0.01778420307621964
colombia,1993Q1,2.3005978925322297,-0.014745760976010658
colombia,1993Q2,2.311098125760491,0.010500233228261102
colombia,1993Q3,2.2877157134989927,-0.023382412261498065
colombia,1993Q4,2.27050345926409,-0.01721225423490269
colombia,1994Q1,2.2617727831546297,-0.008730676109460322
colombia,1994Q2,2.2850738124263037,0.02330102927167399
colombia,1994Q3,2.298360430613136,0.0132866181868323
colombia,1994Q4,2.298882687967663,0.0005222573545271558
colombia,1995Q1,2.314852736388486,0.015970048420822724
colombia,1995Q2,2.3365752236001414,0.021722487211655483
colombia,1995Q3,2.3162659377651518,-0.020309285834989588
colombia,1995Q4,2.347454519717534,0.031188581952382055
colombia,1996Q1,2.400371573374496,0.05291705365696231
colombia,1996Q2,2.406407279675481,0.006035706300985044
colombia,1996Q3,2.4102353174589775,0.003828037783496274
colombia,1996Q4,2.4415634491406575,0.03132813168168003
colombia,1997Q1,2.4123752418549333,-0.029188207285724133
colombia,1997Q2,2.352211120829874,-0.06016412102505919
colombia,1997Q3,2.3486512120986864,-0.003559908731187722
colombia,1997Q4,2.3481157173890796,-0.0005354947096067875
colombia,1998Q1,2.249712098584517,-0.0984036188045625
colombia,1998Q2,2.227532367431122,-0.02217973115339511
colombia,1998Q3,2.1823265222809134,-0.045205845150208646
colombia,1998Q4,2.1495406531272985,-0.03278586915361492
colombia,1999Q1,2.1352318096828635,-0.014308843444434949
colombia,1999Q2,2.214536892683711,0.07930508300084727
colombia,1999Q3,2.30105871918384,0.08652182650012907
colombia,1999Q4,2.3517191031294153,0.05066038394557548
colombia,2000Q1,2.39822477108644,0.0465056679570246
colombia,2000Q2,2.4090411996646877,0.010816428578247717
colombia,2000Q3,2.4483423772261066,0.03930117756141893
colombia,2000Q4,2.4737721991668904,0.025429821940783803
colombia,2001Q1,2.4405931848978097,-0.03317901426908065
colombia,2001Q2,2.426523404013038,-0.014069780884771621
colombia,2001Q3,2.3917807690454476,-0.03474263496759056
colombia,2001Q4,2.2883358605765896,-0.10344490846885801
colombia,2002Q1,2.3162200124961085,0.027884151919518985
colombia,2002Q2,2.384601128346614,0.06838111585050566
colombia,2002Q3,2.4237128026701344,0.03911167432352025
colombia,2002Q4,2.4461097460104053,0.02239694334027087
colombia,2003Q1,2.5194476845844225,0.07333793857401716
colombia,2003Q2,2.4576821112049876,-0.06176557337943489
colombia,2003Q3,2.472188545657707,0.014506434452719486
colombia,2003Q4,2.516811597705776,0.044623052048069045
colombia,2004Q1,2.5701201210449627,0.053308523339186564
colombia,2004Q2,2.6103655891237416,0.040245468078778934
colombia,2004Q3,2.633986243962517,0.0236206548387754
colombia,2004Q4,2.652437612030152,0.01845136806763481
colombia,2005Q1,2.6886120787815933,0.036174466751441425
colombia,2005Q2,2.719818145718661,0.031206066937067956
colombia,2005Q3,2.7898728145863236,0.07005466886766243
colombia,2005Q4,2.7874921675532534,-0.0023806470330702822
colombia,2006Q1,2.80237590553621,0.014883737982956724
colombia,2006Q2,2.8402020258428173,0.03782612030660726
colombia,2006Q3,2.8399104987863186,-0.00029152705649870825
colombia,2006Q4,2.810093459811138,-0.029817038975180843
colombia,2007Q1,2.81814915193876,0.008055692127622027
colombia,2007Q2,2.8811849823806703,0.06303583044191052
colombia,2007Q3,2.9236798662895698,0.04249488390889944
colombia,2007Q4,3.010882250745249,0.0872023844556793
colombia,2008Q1,3.093573827392814,0.08269157664756488
colombia,2008Q2,3.206666476075832,0.11309264868301794
colombia,2008Q3,3.1668437691782447,-0.03982270689758716
colombia,2008Q4,2.859269512622158,-0.30757425655608683
colombia,2009Q1,2.772043153538192,-0.08722635908396592
colombia,2009Q2,2.851726461757548,0.07968330821935599
colombia,2009Q3,2.891005779125087,0.03927931736753898
colombia,2009Q4,2.940915238863389,0.049909459738302075
colombia,2010Q1,2.9591800375814246,0.018264798718035546
colombia,2010Q2,2.953618437101271,-0.00556160048015375
colombia,2010Q3,2.965819726931663,0.012201289830392259
colombia,2010Q4,3.0461615236912407,0.08034179675957764
colombia,2011Q1,3.141466354634594,0.09530483094335329
colombia,2011Q2,3.1737129953831236,0.032246640748529565
colombia,2011Q3,3.15821360803383,-0.01549938734929368
colombia,2011Q4,3.123772632074374,-0.034440975959455944
colombia,2012Q1,3.1532158145470994,0.029443182472725482
colombia,2012Q2,3.123423791230263,-0.029792023316836502
colombia,2012Q3,3.142055281442552,0.018631490212289048
colombia,2012Q4,3.1338696824244923,-0.008185599018059708
colombia,2013Q1,3.135862063145016,0.0019923807205235455
colombia,2013Q2,3.0987508493350497,-0.03711121380996607
colombia,2013Q3,3.1055375487483885,0.006786699413338759
colombia,2013Q4,3.1015859403971264,-0.00395160835126207
colombia,2014Q1,3.1016845590413102,9.861864418381217e-05
colombia,2014Q2,3.1058074631012986,0.004122904059988386
colombia,2014Q3,3.059102714196883,-0.04670474890441545
colombia,2014Q4,2.9523056734338167,-0.10679704076306651
colombia,2015Q1,2.8236502523636484,-0.12865542107016825
colombia,2015Q2,2.849030276131736,0.02538002376808768
colombia,2015Q3,2.7677121179442508,-0.08131815818748533
colombia,2015Q4,2.7048878397316307,-0.06282427821262004
colombia,2016Q1,2.624277638506876,-0.08061020122475471
colombia,2016Q2,2.7405372352432664,0.11625959673639041
colombia,2016Q3,2.7480311582673407,0.007493923024074256
colombia,2016Q4,2.7843710977573024,0.036339939489961726
colombia,2017Q1,2.812212956666822,0.027841858909519512
colombia,2017Q2,2.7841648907444307,-0.028048065922391174
colombia,2017Q3,2.7947180866730026,0.010553195928571846
colombia,2017Q4,2.8490118289618938,0.05429374228889117
colombia,2018Q1,2.8906380436817174,0.04162621471982364
colombia,2018Q2,2.9315295096904355,0.04089146600871807
colombia,2018Q3,2.921004484808591,-0.01052502488184448
colombia,2018Q4,2.880632467208198,-0.04037201760039277
colombia,2019Q1,2.8525322345419895,-0.028100232666208758
colombia,2019Q2,2.86554981629918,0.013017581757190477
colombia,2019Q3,2.8228458035831006,-0.042704012716079376
colombia,2019Q4,2.840774999051317,0.017929195468216363
colombia,2020Q1,2.7649419795212453,-0.0758330195300716
colombia,2020Q2,2.5882998726629523,-0.17664210685829307
colombia,2020Q3,2.707189537246513,0.11888966458356087
colombia,2020Q4,2.766219230553821,0.059029693307307785
colombia,2021Q1,2.906616612904594,0.14039738235077293
colombia,2021Q2,2.967342749370044,0.06072613646545033
colombia,2021Q3,3.0181814904490256,0.05083874107898145
colombia,2021Q4,3.0767120052433414,0.05853051479431581
colombia,2022Q1,3.1739686041837283,0.09725659894038685
colombia,2022Q2,3.2457825711314965,0.0718139669477682
colombia,2022Q3,3.2198301056987493,-0.025952465432747207
colombia,2022Q4,3.146148228092464,-0.07368187760628508
colombia,2023Q1,3.063144045519567,-0.0830041825728971
colombia,2023Q2,3.0210946584969403,-0.04204938702262684
colombia,2023Q3,3.046765302929159,0.02567064443221856
colombia,2023Q4,3.0380281220515317,-0.008737180877627093
colombia,2024Q1,3.015151369392746,-0.022876752658785637
colombia,2024Q2,3.0237026965313216,0.008551327138575537
colombia,2024Q3,3.0040934154991685,-0.019609281032153092
colombia,2024Q4,2.993582622070787,-0.010510793428381682
colombia,2025Q1,2.9974417201779566,0.0038590981071697783
colombia,2025Q2,2.9444374808610396,-0.053004239316917
colombia,2025Q3,2.9474798925141306,0.0030424116530909373
colombia,2025Q4,2.925902016895155,-0.021577875618975728
colombia,2026Q1,3.0234671102005004,0.09756509330534557
colombia,2026Q2,3.113756874805178,0.09028976460467764
colombia,2026Q3,3.0625036514593114,-0.05125322334586668
india,1960Q1,0.5583180350952819,
india,1960Q2,0.5580301221066293,-0.0002879129886526055
india,1960Q3,0.5576201066963058,-0.0004100154103234832
india,1960Q4,0.5509090219245386,-0.006711084771767184
india,1961Q1,0.5609598126368593,0.010050790712320734
india,1961Q2,0.5669770389196945,0.006017226282835186
india,1961Q3,0.560530079547754,-0.006446959371940508
india,1961Q4,0.5597378808401181,-0.000792198707635916
india,1962Q1,0.5568713735743023,-0.002866507265815832
india,1962Q2,0.5594338513455077,0.0025624777712054403
india,1962Q3,0.5586880239809966,-0.0007458273645111202
india,1962Q4,0.5596194931499731,0.000931469168976462
india,1963Q1,0.5663933173844922,0.00677382423451911
india,1963Q2,0.5745762009674561,0.008182883582963929
india,1963Q3,0.5729798467812443,-0.0015963541862118458
india,1963Q4,0.5810987309988567,0.008118884217612421
india,1964Q1,0.5773956174519068,-0.0037031135469498544
india,1964Q2,0.575624262255368,-0.0017713551965388152
india,1964Q3,0.5730212029291967,-0.002603059326171331
india,1964Q4,0.5779603973897881,0.004939194460591434
india,1965Q1,0.5778188178141713,-0.00014157957561677925
india,1965Q2,0.5809851361104196,0.0031663182962482495
india,1965Q3,0.5744842667350378,-0.006500869375381746
india,1965Q4,0.5760353821912096,0.0015511154561718143
india,1966Q1,0.5835552624921307,0.0075198803009211
india,1966Q2,0.5854051762240186,0.001849913731887809
india,1966Q3,0.5870016676967412,0.001596491472722672
india,1966Q4,0.5810966521717652,-0.0059050155249760206
india,1967Q1,0.5804853505508397,-0.0006113016209254862
india,1967Q2,0.5803037823229704,-0.00018156822786929983
india,1967Q3,0.5799919091013856,-0.0003118732215847686
india,1967Q4,0.581331803584961,0.001339894483575299
india,1968Q1,0.5818563710555762,0.0005245674706152448
india,1968Q2,0.574582062498857,-0.007274308556719178
india,1968Q3,0.5675938109743489,-0.0069882515245081045
india,1968Q4,0.5682285067925632,0.0006346958182142926
india,1969Q1,0.5740459922928827,0.005817485500319464
india,1969Q2,0.5813049900875651,0.00725899779468242
india,1969Q3,0.5803868357543441,-0.0009181543332209552
india,1969Q4,0.5843155663412261,0.003928730586881923
india,1970Q1,0.5963392929598161,0.01202372661859008
india,1970Q2,0.5985891599214737,0.0022498669616575206
india,1970Q3,0.5945165493196165,-0.004072610601857152
india,1970Q4,0.5971575955151449,0.002641046195528407
india,1971Q1,0.6058387312399012,0.008681135724756261
india,1971Q2,0.6038641465427638,-0.001974584697137405
india,1971Q3,0.6079989782117983,0.0041348316690345
india,1971Q4,0.6055605620662772,-0.002438416145521094
india,1972Q1,0.611624261427591,0.00606369936131379
india,1972Q2,0.612258507815193,0.000634246387602011
india,1972Q3,0.6129804812555045,0.0007219734403115519
india,1972Q4,0.6296696903136249,0.016689209058120325
india,1973Q1,0.6695147105133893,0.039845020199764436
india,1973Q2,0.7059944858853145,0.03647977537192526
india,1973Q3,0.7397838596548645,0.033789373769549935
india,1973Q4,0.7463653343252119,0.00658147467034742
india,1974Q1,0.8077701327751173,0.06140479844990543
india,1974Q2,0.7989223275801736,-0.00884780519494377
india,1974Q3,0.8054997919396808,0.006577464359507235
india,1974Q4,0.8174694294897835,0.011969637550102719
india,1975Q1,0.787256692345801,-0.030212737143982538
india,1975Q2,0.763486860706093,-0.023769831639708028
india,1975Q3,0.7658326199391515,0.0023457592330585753
india,1975Q4,0.7515032594958033,-0.014329360443348205
india,1976Q1,0.7548750695712328,0.0033718100754295266
india,1976Q2,0.7625026095943268,0.007627540023093959
india,1976Q3,0.769306769545528,0.006804159951201205
india,1976Q4,0.7621339271631222,-0.007172842382405786
india,1977Q1,0.7804466303238293,0.0183127031607071
india,1977Q2,0.7891740579386295,0.008727427614800165
india,1977Q3,0.7580993274206174,-0.031074730518012128
india,1977Q4,0.7648541752319467,0.00675484781132929
india,1978Q1,0.7829589954956713,0.01810482026372462
india,1978Q2,0.7950798374828056,0.012120841987134368
india,1978Q3,0.789306289508727,-0.0057735479740785856
india,1978Q4,0.7993102849738574,0.010003995465130311
india,1979Q1,0.8227881984843131,0.023477913510455695
india,1979Q2,0.8426968488577649,0.019908650373451797
india,1979Q3,0.8513252456309188,0.008628396773153968
india,1979Q4,0.8604398839905186,0.009114638359599803
india,1980Q1,0.8690018774175505,0.0085619934270319
india,1980Q2,0.8651241668634713,-0.003877710554079261
india,1980Q3,0.8759642640653349,0.01084009720186363
india,1980Q4,0.8857033325098057,0.009739068444470811
india,1981Q1,0.8732866846389482,-0.0124166478708575
india,1981Q2,0.859784957161595,-0.013501727477353231
india,1981Q3,0.849330086763835,-0.010454870397759941
india,1981Q4,0.8382010802395243,-0.011129006524310703
india,1982Q1,0.829906239259693,-0.008294840979831353
india,1982Q2,0.8246905510032787,-0.005215688256414275
india,1982Q3,0.8092642526883791,-0.015426298314899611
india,1982Q4,0.8034063328756558,-0.005857919812723322
india,1983Q1,0.808780710157317,0.005374377281661236
india,1983Q2,0.8255638981660877,0.016783188008770655
india,1983Q3,0.8437684684881508,0.01820457032206313
india,1983Q4,0.8438222721536126,5.38036654618157e-05
india,1984Q1,0.8438039406781804,-1.833147543217617e-05
india,1984Q2,0.8447044429894539,0.0009005023112734767
india,1984Q3,0.8198490112428996,-0.024855431746554357
india,1984Q4,0.8098512246314317,-0.009997786611467885
india,1985Q1,0.8081086143905148,-0.0017426102409168198
india,1985Q2,0.805510785837372,-0.0025978285531428336
india,1985Q3,0.7890281756926689,-0.01648261014470309
india,1985Q4,0.7862378011304262,-0.0027903745622427367
india,1986Q1,0.7792904496827657,-0.006947351447660455
india,1986Q2,0.7648777668351459,-0.014412682847619873
india,1986Q3,0.7500908817466334,-0.014786885088512447
india,1986Q4,0.7570967012805443,0.007005819533910884
india,1987Q1,0.7711869296517209,0.014090228371176572
india,1987Q2,0.782714253056433,0.011527323404712186
india,1987Q3,0.7868140709436605,0.004099817887227464
india,1987Q4,0.8031119114262912,0.01629784048263072
india,1988Q1,0.8134762167280778,0.010364305301786558
india,1988Q2,0.8312576802946192,0.017781463566541422
india,1988Q3,0.8354087793818803,0.004151099087261079
india,1988Q4,0.8322131969012904,-0.0031955824805899313
india,1989Q1,0.8377632804005155,0.005550083499225145
india,1989Q2,0.8398295319750869,0.0020662515745714094
india,1989Q3,0.8284953588041006,-0.011334173170986284
india,1989Q4,0.8283522652087102,-0.0001430935953904422
india,1990Q1,0.8255121061109214,-0.002840159097788786
india,1990Q2,0.8201474515157808,-0.005364654595140572
india,1990Q3,0.8312755452051219,0.01112809368934109
india,1990Q4,0.8326348865237538,0.0013593413186319125
india,1991Q1,0.8227703358160579,-0.009864550707695985
india,1991Q2,0.8146900956483696,-0.008080240167688268
india,1991Q3,0.8149470706636144,0.00025697501524479804
india,1991Q4,0.8168354770697097,0.0018884064060953332
india,1992Q1,0.8160071754856665,-0.000828301584043234
india,1992Q2,0.8176766015341408,0.0016694260484743095
india,1992Q3,0.8175225189178552,-0.00015408261628557796
india,1992Q4,0.8087887136142577,-0.008733805303597464
india,1993Q1,0.8111764495766887,0.0023877359624309147
india,1993Q2,0.8091237045153151,-0.00205274506137354
india,1993Q3,0.8094147530907517,0.00029104857543660323
india,1993Q4,0.8111159612009289,0.0017012081101771548
india,1994Q1,0.8190933251882561,0.00797736398732718
india,1994Q2,0.8188183884215859,-0.0002749367666701197
india,1994Q3,0.8244409026794473,0.005622514257861311
india,1994Q4,0.8329675248573191,0.008526622177871812
india,1995Q1,0.838652884218076,0.005685359360756981
india,1995Q2,0.8386168749326652,-3.600928541080961e-05
india,1995Q3,0.8451010767094722,0.006484201776806975
india,1995Q4,0.8499265132053386,0.00482543649586642
india,1996Q1,0.8557651540215052,0.005838640816166585
india,1996Q2,0.8621647687048761,0.006399614683370913
india,1996Q3,0.8531004432982647,-0.009064325406611395
india,1996Q4,0.8464929699850529,-0.006607473313211876
india,1997Q1,0.8530581579018972,0.0065651879168443505
india,1997Q2,0.8434533692057032,-0.009604788696193967
india,1997Q3,0.8352690067234161,-0.008184362482287155
india,1997Q4,0.8329897847562265,-0.0022792219671895486
india,1998Q1,0.8188736818536352,-0.014116102902591354
india,1998Q2,0.8141667341874446,-0.0047069476661906196
india,1998Q3,0.8006288057744897,-0.01353792841295487
india,1998Q4,0.797446332986269,-0.0031824727882207027
india,1999Q1,0.7874661738734443,-0.009980159112824682
india,1999Q2,0.7863875070453044,-0.0010786668281399514
india,1999Q3,0.7935136436736698,0.007126136628365476
india,1999Q4,0.8000830786276536,0.006569434953983766
india,2000Q1,0.8091568104505841,0.009073731822930475
india,2000Q2,0.807782509796525,-0.0013743006540590796
india,2000Q3,0.8071740962192547,-0.0006084135772702615
india,2000Q4,0.812761900039942,0.005587803820687243
india,2001Q1,0.8116730498386523,-0.0010888502012896817
india,2001Q2,0.8077509076682734,-0.003922142170378895
india,2001Q3,0.8095361621856216,0.0017852545173482337
india,2001Q4,0.7911570988058794,-0.018379063379742266
india,2002Q1,0.7972604661214071,0.006103367315527741
india,2002Q2,0.8066488104245925,0.009388344303185359
india,2002Q3,0.8186467094173675,0.011997898992775036
india,2002Q4,0.8248390708797527,0.006192361462385221
india,2003Q1,0.833399440647656,0.008560369767903309
india,2003Q2,0.8253089809353427,-0.00809045971231337
india,2003Q3,0.8279967762588449,0.0026877953235022733
india,2003Q4,0.8501611819910084,0.022164405732163495
india,2004Q1,0.8698703466107296,0.019709164619721165
india,2004Q2,0.8734662375012126,0.0035958908904829556
india,2004Q3,0.8668598379155099,-0.006606399585702638
india,2004Q4,0.8666609928131872,-0.0001988451023227089
india,2005Q1,0.87892714389654,0.012266151083352828
india,2005Q2,0.882372325005489,0.0034451811089489803
india,2005Q3,0.8874927259178049,0.005120400912315914
india,2005Q4,0.8927803531328338,0.005287627215028845
india,2006Q1,0.9046746335365575,0.011894280403723756
india,2006Q2,0.9161459231772132,0.01147128964065569
india,2006Q3,0.9175452827998735,0.0013993596226602456
india,2006Q4,0.9244217076308898,0.006876424831016359
india,2007Q1,0.9305381197511544,0.006116412120264592
india,2007Q2,0.9452241412622773,0.01468602151112286
india,2007Q3,0.9583114259460188,0.01308728468374154
india,2007Q4,0.9802376733723046,0.021926247426285794
india,2008Q1,1.0112743436356904,0.031036670263385746
india,2008Q2,1.0354400270860042,0.02416568345031389
india,2008Q3,1.0178964248478788,-0.017543602238125455
india,2008Q4,0.935347196975756,-0.08254922787212282
india,2009Q1,0.9246073178245531,-0.010739879151202891
india,2009Q2,0.9455883386169659,0.02098102079241282
india,2009Q3,0.9546052611282658,0.00901692251129993
india,2009Q4,0.9660597439044667,0.01145448277620087
india,2010Q1,0.9709681115791279,0.004908367674661185
india,2010Q2,0.9652338338450542,-0.005734277734073645
india,2010Q3,0.9768356667859042,0.011601832940849932
india,2010Q4,1.006524342789015,0.02968867600311076
india,2011Q1,1.0300402238389106,0.02351588104989566
india,2011Q2,1.0300815078195047,4.128398059410898e-05
india,2011Q3,1.0272772224476863,-0.002804285371818427
india,2011Q4,1.0096249776860895,-0.01765224476159677
india,2012Q1,1.0174865190549915,0.007861541368902047
india,2012Q2,1.0146000641282202,-0.002886454926771309
india,2012Q3,1.0237893882750022,0.009189324146781974
india,2012Q4,1.01753647886518,-0.00625290940982226
india,2013Q1,1.0154691553307604,-0.0020673235344195184
india,2013Q2,1.0047584396873073,-0.010710715643453161
india,2013Q3,0.9996605873016644,-0.005097852385642865
india,2013Q4,0.9973350477282606,-0.0023255395734037565
india,2014Q1,0.9966406094869804,-0.0006944382412802375
india,2014Q2,0.9983544870940811,0.0017138776071007333
india,2014Q3,0.9860802361328116,-0.01227425096126955
india,2014Q4,0.9704561250659309,-0.015624111066880664
india,2015Q1,0.9488120156280497,-0.021644109437881198
india,2015Q2,0.9452133289761544,-0.003598686651895333
india,2015Q3,0.9284651682520002,-0.016748160724154193
india,2015Q4,0.916673980405594,-0.011791187846406204
india,2016Q1,0.9101484004751195,-0.006525579930474534
india,2016Q2,0.9332318615092052,0.02308346103408576
india,2016Q3,0.9340055355567412,0.0007736740475359216
india,2016Q4,0.9376428656210007,0.003637330064259592
india,2017Q1,0.9453509906808824,0.00770812505988161
india,2017Q2,0.9403596340961261,-0.004991356584756246
india,2017Q3,0.9426521342895595,0.002292500193433411
india,2017Q4,0.9473348597105856,0.0046827254210261016
india,2018Q1,0.9576622709665881,0.01032741125600245
india,2018Q2,0.9647324623781377,0.007070191411549631
india,2018Q3,0.9510728874965841,-0.01365957488155356
india,2018Q4,0.9438606409768273,-0.007212246519756826
india,2019Q1,0.9434567977544563,-0.0004038432223709698
india,2019Q2,0.9441248620111803,0.0006680642567239437
india,2019Q3,0.9379176557088182,-0.006207206302362045
india,2019Q4,0.9447068926541908,0.00678923694537259
india,2020Q1,0.9382230799689978,-0.006483812685193047
india,2020Q2,0.9147469740158072,-0.023476105953190607
india,2020Q3,0.9381663243684324,0.023419350352625212
india,2020Q4,0.9607827691974643,0.022616444829031912
india,2021Q1,0.9911922861139602,0.03040951691649585
india,2021Q2,1.0085103274232978,0.017318041309337673
india,2021Q3,1.010885241585429,0.002374914162131203
india,2021Q4,1.0162652854697898,0.005380043884360752
india,2022Q1,1.043559460159998,0.02729417469020823
india,2022Q2,1.0572303218662051,0.013670861706207127
india,2022Q3,1.0318775672466023,-0.025352754619602846
india,2022Q4,1.024669534319135,-0.0072080329274673005
india,2023Q1,1.0190468084985351,-0.005622725820599861
india,2023Q2,1.0104995942505033,-0.008547214248031842
india,2023Q3,1.0090410447267613,-0.0014585495237420254
india,2023Q4,1.0070521878045962,-0.0019888569221651053
india,2024Q1,1.0010536077527141,-0.00599858005188203
india,2024Q2,1.003995203726406,0.002941595973691813
india,2024Q3,0.9970266227317808,-0.006968580994625162
india,2024Q4,0.9996826408269721,0.002656018095191337
india,2025Q1,0.997494293596694,-0.002188347230278165
india,2025Q2,0.9873175030553079,-0.010176790541386094
india,2025Q3,0.9876946742549211,0.0003771711996132243
india,2025Q4,0.9895243419995918,0.0018296677446707488
india,2026Q1,1.0077060009495533,0.018181658949961488
india,2026Q2,1.0228954816315943,0.015189480682040957
india,2026Q3,1.0174152985091078,-0.005480183122486437
indonesia,1960Q1,0.7568190268773192,
indonesia,1960Q2,0.7570804866941443,0.000261459816825127
indonesia,1960Q3,0.755228946996668,-0.001851539697476312
indonesia,1960Q4,0.7486210232138186,-0.0066079237828493564
indonesia,1961Q1,0.7552381092821285,0.0066170860683099075
indonesia,1961Q2,0.7607721430123703,0.00553403373024175
indonesia,1961Q3,0.7553344290034262,-0.005437714008944106
indonesia,1961Q4,0.754071100179127,-0.001263328824299137
indonesia,1962Q1,0.7415943982236237,-0.012476701955503322
indonesia,1962Q2,0.7431272344468758,0.0015328362232520654
indonesia,1962Q3,0.7422377628031953,-0.0008894716436804728
indonesia,1962Q4,0.7432209853609666,0.0009832225577712794
indonesia,1963Q1,0.7483514852985822,0.005130499937615607
indonesia,1963Q2,0.7545996369518297,0.006248151653247547
indonesia,1963Q3,0.7524802954186427,-0.002119341533187047
indonesia,1963Q4,0.7586571662025785,0.006176870783935806
indonesia,1964Q1,0.7461249093322198,-0.012532256870358749
indonesia,1964Q2,0.7462763908667333,0.00015148153451349788
indonesia,1964Q3,0.7457358882572795,-0.000540502609453708
indonesia,1964Q4,0.7529364033893529,0.007200515132073315
indonesia,1965Q1,0.7510044757348927,-0.0019319276544601527
indonesia,1965Q2,0.7563512974203827,0.005346821685489944
indonesia,1965Q3,0.7493286951448888,-0.007022602275493894
indonesia,1965Q4,0.7524597987440831,0.0031311035991943292
indonesia,1966Q1,0.7626525868890375,0.01019278814495439
indonesia,1966Q2,0.7632871118683505,0.0006345249793130447
indonesia,1966Q3,0.7607336693186755,-0.0025534425496750446
indonesia,1966Q4,0.7559616614519671,-0.004772007866708394
indonesia,1967Q1,0.7534615479557412,-0.0025001134962259197
indonesia,1967Q2,0.751988519314166,-0.0014730286415751692
indonesia,1967Q3,0.751974570562111,-1.3948752054959712e-05
indonesia,1967Q4,0.7558414909403455,0.0038669203782344397
indonesia,1968Q1,0.7582849381252112,0.002443447184865777
indonesia,1968Q2,0.7490105658868749,-0.009274372238336381
indonesia,1968Q3,0.7426294314194894,-0.006381134467385419
indonesia,1968Q4,0.7433016215109143,0.0006721900914248291
indonesia,1969Q1,0.7384882887481239,-0.00481333276279039
indonesia,1969Q2,0.7458889552290857,0.007400666480961826
indonesia,1969Q3,0.7464486893794557,0.0005597341503700282
indonesia,1969Q4,0.7498953564766516,0.003446667097195877
indonesia,1970Q1,0.7931515736722743,0.04325621719562267
indonesia,1970Q2,0.7945218759383038,0.0013703022660295217
indonesia,1970Q3,0.7891339106728739,-0.00538796526542995
indonesia,1970Q4,0.7896776973917325,0.0005437867188586853
indonesia,1971Q1,0.8495656122569826,0.059887914865250025
indonesia,1971Q2,0.8489634787085897,-0.0006021335483928913
indonesia,1971Q3,0.8595014761408764,0.010537997432286672
indonesia,1971Q4,0.8578654887644481,-0.0016359873764282273
indonesia,1972Q1,0.8718380313450975,0.013972542580649394
indonesia,1972Q2,0.8709672019405993,-0.0008708294044982301
indonesia,1972Q3,0.8752163887224247,0.004249186781825398
indonesia,1972Q4,0.8891437200248741,0.013927331302449386
indonesia,1973Q1,0.9559157681393944,0.06677204811452031
indonesia,1973Q2,1.0083006201330886,0.05238485199369425
indonesia,1973Q3,1.0652428613228104,0.0569422411897218
indonesia,1973Q4,1.1427698998444051,0.0775270385215947
indonesia,1974Q1,1.4180877177061895,0.27531781786178433
indonesia,1974Q2,1.3738144029236836,-0.044273314782505846
indonesia,1974Q3,1.361328916611192,-0.01248548631249169
indonesia,1974Q4,1.3702246380025307,0.008895721391338762
indonesia,1975Q1,1.358932903992348,-0.011291734010182797
indonesia,1975Q2,1.34110090228189,-0.017832001710457845
indonesia,1975Q3,1.3429310741004723,0.001830171818582249
indonesia,1975Q4,1.3329107180332695,-0.010020356067202751
indonesia,1976Q1,1.3592281192025462,0.02631740116927661
indonesia,1976Q2,1.3691200533735683,0.009891934171022188
indonesia,1976Q3,1.3813172469261594,0.012197193552591079
indonesia,1976Q4,1.3797072118002847,-0.0016100351258747647
indonesia,1977Q1,1.4080928812773326,0.028385669477047903
indonesia,1977Q2,1.4144684856260827,0.0063756043487501746
indonesia,1977Q3,1.392611929846886,-0.021856555779196762
indonesia,1977Q4,1.398578591290973,0.005966661444086974
indonesia,1978Q1,1.4177849819436252,0.019206390652652283
indonesia,1978Q2,1.4288679277943546,0.011082945850729331
indonesia,1978Q3,1.4288382063136007,-2.9721480753863716e-05
indonesia,1978Q4,1.449686489202658,0.020848282889057268
indonesia,1979Q1,1.5567595467583515,0.10707305755569352
indonesia,1979Q2,1.644609267230119,0.08784972047176742
indonesia,1979Q3,1.6829236937749041,0.03831442654478523
indonesia,1979Q4,1.7147764306399114,0.031852736865007225
indonesia,1980Q1,1.7242792073607025,0.00950277672079114
indonesia,1980Q2,1.7158703005498337,-0.00840890681086881
indonesia,1980Q3,1.7085991938443295,-0.007271106705504238
indonesia,1980Q4,1.7363533482407036,0.027754154396374187
indonesia,1981Q1,1.7238688768422228,-0.012484471398480856
indonesia,1981Q2,1.694741930404222,-0.029126946438000845
indonesia,1981Q3,1.68609936989834,-0.008642560505881969
indonesia,1981Q4,1.6827941451030215,-0.0033052247953184732
indonesia,1982Q1,1.6530864593012673,-0.029707685801754202
indonesia,1982Q2,1.658130382955771,0.005043923654503679
indonesia,1982Q3,1.6422469672290982,-0.015883415726672734
indonesia,1982Q4,1.6361308679221882,-0.006116099306910039
indonesia,1983Q1,1.6179189786311075,-0.01821188929108075
indonesia,1983Q2,1.6371862642360553,0.019267285604947837
indonesia,1983Q3,1.656798684462076,0.01961242022602061
indonesia,1983Q4,1.6483827041926564,-0.008415980269419476
indonesia,1984Q1,1.650364838318418,0.0019821341257615366
indonesia,1984Q2,1.6491687596671691,-0.001196078651248822
indonesia,1984Q3,1.6149644931925593,-0.034204266474609835
indonesia,1984Q4,1.6013533988187145,-0.013611094373844779
indonesia,1985Q1,1.5998421738117121,-0.0015112250070024036
indonesia,1985Q2,1.5931073416449502,-0.0067348321667619615
indonesia,1985Q3,1.576299939369544,-0.016807402275406114
indonesia,1985Q4,1.5763418851012725,4.194573172844329e-05
indonesia,1986Q1,1.510949009500053,-0.06539287560121942
indonesia,1986Q2,1.4342517872140617,-0.0766972222859914
indonesia,1986Q3,1.413655173614452,-0.020596613599609626
indonesia,1986Q4,1.4463874686469036,0.032732295032451564
indonesia,1987Q1,1.4871945950762016,0.04080712642929796
indonesia,1987Q2,1.5031285220838524,0.01593392700765084
indonesia,1987Q3,1.5181938871765919,0.01506536509273948
indonesia,1987Q4,1.5274523135084717,0.009258426331879788
indonesia,1988Q1,1.517370415533342,-0.010081897975129595
indonesia,1988Q2,1.5387784447678396,0.021408029234497583
indonesia,1988Q3,1.5185303546347209,-0.02024809013311879
indonesia,1988Q4,1.5126504715162645,-0.0058798831184563305
indonesia,1989Q1,1.5559723750125467,0.04332190349628218
indonesia,1989Q2,1.5670677668598474,0.011095391847300684
indonesia,1989Q3,1.5484505515950926,-0.018617215264754794
indonesia,1989Q4,1.5670433816986924,0.0185928301035998
indonesia,1990Q1,1.5699360963524311,0.0028927146537387483
indonesia,1990Q2,1.5311894931020684,-0.03874660325036272
indonesia,1990Q3,1.6219902322711222,0.09080073916905373
indonesia,1990Q4,1.6626054798601977,0.04061524758907553
indonesia,1991Q1,1.5737538939057791,-0.08885158595441855
indonesia,1991Q2,1.548045753177618,-0.02570814072816119
indonesia,1991Q3,1.5560313758312487,0.007985622653630786
indonesia,1991Q4,1.5653092483416657,0.009277872510417007
indonesia,1992Q1,1.535041376159128,-0.03026787218253779
indonesia,1992Q2,1.559102547845563,0.024061171686434957
indonesia,1992Q3,1.565360305168793,0.006257757323230084
indonesia,1992Q4,1.5498743268617539,-0.015485978307039128
indonesia,1993Q1,1.5390883791684866,-0.01078594769326724
indonesia,1993Q2,1.5440493104046902,0.0049609312362035585
indonesia,1993Q3,1.5286245506415144,-0.01542475976317581
indonesia,1993Q4,1.5123541659279436,-0.016270384713570785
indonesia,1994Q1,1.5097356045131216,-0.002618561414821974
indonesia,1994Q2,1.530144289385451,0.020408684872329497
indonesia,1994Q3,1.5432636942055125,0.013119404820061353
indonesia,1994Q4,1.5489437702028694,0.005680075997356981
indonesia,1995Q1,1.561160301962887,0.01221653176001758
indonesia,1995Q2,1.5731470396365819,0.011986737673694847
indonesia,1995Q3,1.5589120709417414,-0.014234968694840422
indonesia,1995Q4,1.575155021259559,0.01624295031781764
indonesia,1996Q1,1.6059933817004528,0.03083836044089372
indonesia,1996Q2,1.607166483981965,0.0011731022815122394
indonesia,1996Q3,1.6062458657448562,-0.0009206182371088723
indonesia,1996Q4,1.629488643327772,0.02324277758291582
indonesia,1997Q1,1.61375594324987,-0.01573270007790195
indonesia,1997Q2,1.576824574979647,-0.03693136827022303
indonesia,1997Q3,1.5756258105416994,-0.0011987644379476414
indonesia,1997Q4,1.5698360238456661,-0.00578978669603325
indonesia,1998Q1,1.503313743063677,-0.06652228078198918
indonesia,1998Q2,1.4875668869395788,-0.015746856124098096
indonesia,1998Q3,1.458747805503454,-0.028819081436124883
indonesia,1998Q4,1.436249122498355,-0.02249868300509905
indonesia,1999Q1,1.426259093640326,-0.009990028858028799
indonesia,1999Q2,1.4828352882690141,0.056576194628688015
indonesia,1999Q3,1.5441224446023136,0.06128715633329951
indonesia,1999Q4,1.5785854889070348,0.034463044304721135
indonesia,2000Q1,1.6108978043828104,0.03231231547577562
indonesia,2000Q2,1.615201772699514,0.004303968316703655
indonesia,2000Q3,1.643078345233398,0.02787657253388387
indonesia,2000Q4,1.6561830460394675,0.013104700806069625
indonesia,2001Q1,1.6341677281840505,-0.022015317855416994
indonesia,2001Q2,1.6230626513949657,-0.011105076789084789
indonesia,2001Q3,1.5943531017155903,-0.028709549679375446
indonesia,2001Q4,1.5279108933485137,-0.0664422083670766
indonesia,2002Q1,1.5480710374375117,0.020160144088998022
indonesia,2002Q2,1.5918411315694532,0.04377009413194144
indonesia,2002Q3,1.613527448375296,0.021686316805842765
indonesia,2002Q4,1.6283030969186412,0.014775648543345232
indonesia,2003Q1,1.6779840094007512,0.04968091248211004
indonesia,2003Q2,1.638652896776827,-0.03933111262392419
indonesia,2003Q3,1.6503425716781843,0.011689674901357305
indonesia,2003Q4,1.6800818920236305,0.02973932034544613
indonesia,2004Q1,1.719212583524974,0.03913069150134363
indonesia,2004Q2,1.7450627704367405,0.025850186911766437
indonesia,2004Q3,1.763708734862183,0.01864596442544242
indonesia,2004Q4,1.7791510773417971,0.01544234247961418
indonesia,2005Q1,1.8060905947986488,0.026939517456851636
indonesia,2005Q2,1.8258381051612467,0.01974751036259792
indonesia,2005Q3,1.8727634725195585,0.046925367358311876
indonesia,2005Q4,1.8750186475103376,0.0022551749907790963
indonesia,2006Q1,1.8898660574478445,0.014847409937506884
indonesia,2006Q2,1.9243158911405107,0.03444983369266619
indonesia,2006Q3,1.9261158563541683,0.0017999652136575506
indonesia,2006Q4,1.9064540783841848,-0.019661777969983474
indonesia,2007Q1,1.9098630929976292,0.00340901461344445
indonesia,2007Q2,1.9548239217499193,0.044960828752290016
indonesia,2007Q3,1.9770251677835264,0.02220124603360718
indonesia,2007Q4,2.030374176404643,0.05334900862111658
indonesia,2008Q1,2.0810395823085797,0.050665405903936644
indonesia,2008Q2,2.1518707209983168,0.07083113868973712
indonesia,2008Q3,2.124065962578239,-0.02780475842007757
indonesia,2008Q4,1.9091977610541566,-0.2148682015240826
indonesia,2009Q1,1.8451592679702067,-0.06403849308394993
indonesia,2009Q2,1.9013984294719448,0.05623916150173813
indonesia,2009Q3,1.937537955792666,0.03613952632072115
indonesia,2009Q4,1.9741157144168229,0.03657775862415691
indonesia,2010Q1,1.9915230230668453,0.01740730865002238
indonesia,2010Q2,1.9911062321020419,-0.00041679096480340405
indonesia,2010Q3,1.995245961873586,0.004139729771544198
indonesia,2010Q4,2.0496144605900084,0.05436849871642235
indonesia,2011Q1,2.113404261381849,0.06378980079184071
indonesia,2011Q2,2.133460400068339,0.0200561386864897
indonesia,2011Q3,2.121093153872656,-0.012367246195682746
indonesia,2011Q4,2.0925226872123317,-0.028570466660324367
indonesia,2012Q1,2.1131636936250415,0.020641006412709828
indonesia,2012Q2,2.0904616917951393,-0.02270200182990223
indonesia,2012Q3,2.0966042396812723,0.0061425478861329985
indonesia,2012Q4,2.0951472534992366,-0.0014569861820357133
indonesia,2013Q1,2.0992167364000114,0.004069482900774801
indonesia,2013Q2,2.071112202450834,-0.028104533949177224
indonesia,2013Q3,2.076733031781224,0.005620829330389654
indonesia,2013Q4,2.075286098194318,-0.0014469335869056188
indonesia,2014Q1,2.0738568619545603,-0.0014292362397578806
indonesia,2014Q2,2.0755495473930465,0.0016926854384862189
indonesia,2014Q3,2.0488022276940523,-0.026747319698994243
indonesia,2014Q4,1.9778568566416113,-0.07094537105244103
indonesia,2015Q1,1.891956836968056,-0.08590001967355532
indonesia,2015Q2,1.909621209121134,0.017664372153078034
indonesia,2015Q3,1.853261025817186,-0.056360183303947986
indonesia,2015Q4,1.8098936994639954,-0.04336732635319063
indonesia,2016Q1,1.7571742211865478,-0.05271947827744761
indonesia,2016Q2,1.831035634240775,0.07386141305422722
indonesia,2016Q3,1.8379220324085854,0.006886398167810448
indonesia,2016Q4,1.8661415682222837,0.028219535813698293
indonesia,2017Q1,1.8880556373959698,0.0219140691736861
indonesia,2017Q2,1.8676432508894498,-0.020412386506519997
indonesia,2017Q3,1.8789972718828556,0.011354020993405767
indonesia,2017Q4,1.9162246325428072,0.03722736065995158
indonesia,2018Q1,1.9438218610410303,0.027597228498223103
indonesia,2018Q2,1.9687527100096924,0.024930848968662156
indonesia,2018Q3,1.9596876589299093,-0.00906505107978317
indonesia,2018Q4,1.9340484700140586,-0.025639188915850708
indonesia,2019Q1,1.9164855646058778,-0.01756290540818073
indonesia,2019Q2,1.9253053649004601,0.008819800294582292
indonesia,2019Q3,1.89719288989683,-0.028112475003630122
indonesia,2019Q4,1.9064715952385227,0.009278705341692728
indonesia,2020Q1,1.8552223677238822,-0.05124922751464056
indonesia,2020Q2,1.7407440627637873,-0.11447830496009481
indonesia,2020Q3,1.8233530458286658,0.0826089830648784
indonesia,2020Q4,1.8625968927773893,0.039243846948723515
indonesia,2021Q1,1.9560274728822176,0.0934305801048283
indonesia,2021Q2,1.9989764556985734,0.04294898281635584
indonesia,2021Q3,2.031344658367714,0.03236820266914053
indonesia,2021Q4,2.0677798821930033,0.03643522382528941
indonesia,2022Q1,2.131780014447961,0.06400013225495771
indonesia,2022Q2,2.1726456853465272,0.040865670898566187
indonesia,2022Q3,2.14944119310548,-0.02320449224104726
indonesia,2022Q4,2.1024925601637845,-0.04694863294169549
indonesia,2023Q1,2.0542162335546443,-0.04827632660914016
indonesia,2023Q2,2.0244441582088273,-0.02977207534581705
indonesia,2023Q3,2.040885365129178,0.01644120692035056
indonesia,2023Q4,2.0355867321678645,-0.005298632961313388
indonesia,2024Q1,2.0225324183393667,-0.013054313828497754
indonesia,2024Q2,2.033086254291227,0.010553835951860435
indonesia,2024Q3,2.018569490031861,-0.014516764259365988
indonesia,2024Q4,2.012407649243862,-0.0061618407879993065
indonesia,2025Q1,2.01618822151885,0.003780572274988181
indonesia,2025Q2,1.9825370091216945,-0.03365121239715552
indonesia,2025Q3,1.9868210828045116,0.0042840736828171355
indonesia,2025Q4,1.9767857076342232,-0.010035375170288408
indonesia,2026Q1,2.043208248101374,0.06642254046715079
indonesia,2026Q2,2.1026449068085755,0.059436658707201495
indonesia,2026Q3,2.069254116606745,-0.033390790201830445
malaysia,1960Q1,0.4007177504993429,
malaysia,1960Q2,0.40090239888594525,0.0001846483866023707
malaysia,1960Q3,0.4000047695838057,-0.0008976293021395465
malaysia,1960Q4,0.39591623850849267,-0.00408853107531304
malaysia,1961Q1,0.4010673294650715,0.005151090956578841
malaysia,1961Q2,0.40450767250976954,0.0034403430446980354
malaysia,1961Q3,0.40083712090756773,-0.0036705516022018103
malaysia,1961Q4,0.4001341152786016,-0.0007030056289661357
malaysia,1962Q1,0.3954384850135868,-0.004695630265014794
malaysia,1962Q2,0.39678293213572907,0.0013444471221422671
malaysia,1962Q3,0.39618347683713717,-0.0005994552985918999
malaysia,1962Q4,0.39685674399632076,0.0006732671591835881
malaysia,1963Q1,0.40055989293690786,0.0037031489405870976
malaysia,1963Q2,0.40500145112333863,0.004441558186430772
malaysia,1963Q3,0.40352955608074226,-0.0014718950425963717
malaysia,1963Q4,0.40755831575608736,0.004028759675345106
malaysia,1964Q1,0.4022980426934719,-0.00526027306261545
malaysia,1964Q2,0.40045631844232055,-0.0018417242511513665
malaysia,1964Q3,0.3982497730797371,-0.0022065453625834675
malaysia,1964Q4,0.40036427104514116,0.002114497965404083
malaysia,1965Q1,0.40060514574235195,0.00024087469721079113
malaysia,1965Q2,0.40232356966121624,0.001718423918864287
malaysia,1965Q3,0.3987622011351399,-0.0035613685260763583
malaysia,1965Q4,0.39909352796469444,0.00033132682955455683
malaysia,1966Q1,0.4037814147983039,0.004687886833609434
malaysia,1966Q2,0.4048218432732102,0.0010404284749063186
malaysia,1966Q3,0.40655505285014726,0.001733209576937067
malaysia,1966Q4,0.40338374558405626,-0.0031713072660909947
malaysia,1967Q1,0.4024174938177782,-0.0009662517662780701
malaysia,1967Q2,0.40292115986530874,0.0005036660475305488
malaysia,1967Q3,0.40272866577758293,-0.0001924940877258141
malaysia,1967Q4,0.4031488741646224,0.00042020838703948904
malaysia,1968Q1,0.4025530165429949,-0.0005958576216275047
malaysia,1968Q2,0.39934725665396265,-0.003205759889032267
malaysia,1968Q3,0.3952262945887876,-0.004120962065175038
malaysia,1968Q4,0.3952957037535234,6.940916473580083e-05
malaysia,1969Q1,0.39451733317434867,-0.0007783705791747364
malaysia,1969Q2,0.3984723328128221,0.003954999638473455
malaysia,1969Q3,0.39783322874052607,-0.0006391040722960595
malaysia,1969Q4,0.39941355955722274,0.0015803308166966734
malaysia,1970Q1,0.41641810106615174,0.017004541508928994
malaysia,1970Q2,0.417878635848162,0.0014605347820102477
malaysia,1970Q3,0.4162161410811255,-0.0016624947670365042
malaysia,1970Q4,0.4181195987945565,0.0019034577134310338
malaysia,1971Q1,0.43956741572105534,0.02144781692649883
malaysia,1971Q2,0.4384307113135205,-0.0011367044075348276
malaysia,1971Q3,0.443039732624291,0.004609021310770511
malaysia,1971Q4,0.44183124330401613,-0.001208489320274897
malaysia,1972Q1,0.4475549427514418,0.005723699447425679
malaysia,1972Q2,0.447973244309535,0.0004183015580931926
malaysia,1972Q3,0.4502443255636692,0.002271081254134222
malaysia,1972Q4,0.4605625591434099,0.010318233579740654
malaysia,1973Q1,0.49373438468265163,0.03317182553924175
malaysia,1973Q2,0.5203343235117451,0.026599938829093506
malaysia,1973Q3,0.5478617664439827,0.027527442932237522
malaysia,1973Q4,0.5737091562616208,0.025847389817638122
malaysia,1974Q1,0.678673398458136,0.10496424219651523
malaysia,1974Q2,0.6589544991550411,-0.019718899303094894
malaysia,1974Q3,0.6595846811663071,0.0006301820112659673
malaysia,1974Q4,0.6665410703572789,0.006956389190971857
malaysia,1975Q1,0.6529238101762264,-0.013617260181052582
malaysia,1975Q2,0.6403750808096833,-0.012548729366543054
malaysia,1975Q3,0.642558144986058,0.002183064176374705
malaysia,1975Q4,0.635419802878499,-0.007138342107559037
malaysia,1976Q1,0.6446471871693029,0.009227384290803942
malaysia,1976Q2,0.649919966318204,0.005272779148901119
malaysia,1976Q3,0.6556167416313834,0.005696775313179359
malaysia,1976Q4,0.6537988867016071,-0.0018178549297762636
malaysia,1977Q1,0.6664890111563109,0.012690124454703744
malaysia,1977Q2,0.6712591423853671,0.004770131229056229
malaysia,1977Q3,0.6541628134563013,-0.017096328929065763
malaysia,1977Q4,0.6577761872103998,0.0036133737540984256
malaysia,1978Q1,0.6693382734359341,0.01156208622553434
malaysia,1978Q2,0.6770024350933603,0.007664161657426227
malaysia,1978Q3,0.6745187299412547,-0.0024837051521056086
malaysia,1978Q4,0.6835532767349746,0.009034546793719844
malaysia,1979Q1,0.7237522788909041,0.04019900215592953
malaysia,1979Q2,0.7568455100120599,0.03309323112115581
malaysia,1979Q3,0.7726263316919397,0.01578082167987982
malaysia,1979Q4,0.783315251721951,0.010688920030011317
malaysia,1980Q1,0.7878712667500929,0.0045560150281418466
malaysia,1980Q2,0.7861767585220573,-0.0016945082280356294
malaysia,1980Q3,0.7873113099347695,0.001134551412712237
malaysia,1980Q4,0.7997939258453803,0.01248261591061084
malaysia,1981Q1,0.7927355676935754,-0.007058358151804889
malaysia,1981Q2,0.7798605776302717,-0.012874990063303726
malaysia,1981Q3,0.7738932196933286,-0.005967357936943141
malaysia,1981Q4,0.770080858033098,-0.0038123616602305788
malaysia,1982Q1,0.7583737093440639,-0.011707148689034108
malaysia,1982Q2,0.7596220428870437,0.0012483335429798181
malaysia,1982Q3,0.7497728160908532,-0.009849226796190491
malaysia,1982Q4,0.7459997197606476,-0.0037730963302056164
malaysia,1983Q1,0.7403766889252732,-0.00562303083537441
malaysia,1983Q2,0.7503130292190298,0.009936340293756563
malaysia,1983Q3,0.7618396624444794,0.011526633225449667
malaysia,1983Q4,0.7603044080062833,-0.001535254438196132
malaysia,1984Q1,0.7612594634151131,0.0009550554088297858
malaysia,1984Q2,0.7623201087517879,0.0010606453366748259
malaysia,1984Q3,0.7448090346915182,-0.01751107406026975
malaysia,1984Q4,0.7370371148743753,-0.007771919817142869
malaysia,1985Q1,0.7351428782659482,-0.0018942366084271356
malaysia,1985Q2,0.7317817257377786,-0.0033611525281695975
malaysia,1985Q3,0.7219148387442895,-0.009866886993489032
malaysia,1985Q4,0.7216653670291155,-0.0002494717151739767
malaysia,1986Q1,0.6987992454756566,-0.022866121553458907
malaysia,1986Q2,0.6697736468367643,-0.029025598638892314
malaysia,1986Q3,0.6587230211509254,-0.011050625685838922
malaysia,1986Q4,0.6718422377448054,0.013119216593880045
malaysia,1987Q1,0.6890063443803911,0.017164106635585652
malaysia,1987Q2,0.6962761118267615,0.007269767446370423
malaysia,1987Q3,0.7010182026888279,0.004742090862066339
malaysia,1987Q4,0.7077871886102998,0.006768985921471904
malaysia,1988Q1,0.7048312637483437,-0.0029559248619560607
malaysia,1988Q2,0.7137147431697561,0.008883479421412432
malaysia,1988Q3,0.710093857321358,-0.0036208858483981476
malaysia,1988Q4,0.7065082811336237,-0.003585576187734252
malaysia,1989Q1,0.721891902782781,0.015383621649157297
malaysia,1989Q2,0.7281341398099068,0.006242237027125785
malaysia,1989Q3,0.7210641750868301,-0.007069964723076749
malaysia,1989Q4,0.7275514136265429,0.006487238539712781
malaysia,1990Q1,0.7288481344100562,0.0012967207835133943
malaysia,1990Q2,0.7141020221273957,-0.01474611228266054
malaysia,1990Q3,0.7442448718739152,0.030142849746519484
malaysia,1990Q4,0.7587541818570184,0.01450930998310318
malaysia,1991Q1,0.7289941789438683,-0.029760002913150063
malaysia,1991Q2,0.7198200225830276,-0.009174156360840735
malaysia,1991Q3,0.7232166765647685,0.003396653981740938
malaysia,1991Q4,0.7271917986426164,0.003975122077847892
malaysia,1992Q1,0.7172247958727738,-0.009967002769842637
malaysia,1992Q2,0.7249422858918467,0.007717490019072959
malaysia,1992Q3,0.7261780194123149,0.0012357335204681297
malaysia,1992Q4,0.7201892410591093,-0.005988778353205548
malaysia,1993Q1,0.7182063558385853,-0.0019828852205240333
malaysia,1993Q2,0.7220549446186165,0.003848588780031248
malaysia,1993Q3,0.7175183466331432,-0.004536597985473345
malaysia,1993Q4,0.7136335427132401,-0.0038848039199030904
malaysia,1994Q1,0.7134834073536571,-0.0001501353595829702
malaysia,1994Q2,0.7194612137964285,0.0059778064427713495
malaysia,1994Q3,0.7238174866662659,0.004356272869837419
malaysia,1994Q4,0.7254599638775898,0.0016424772113239339
malaysia,1995Q1,0.730484501791894,0.005024537914304128
malaysia,1995Q2,0.7350102523332571,0.0045257505413631716
malaysia,1995Q3,0.731409685877003,-0.003600566456254173
malaysia,1995Q4,0.7389915839984724,0.007581898121469477
malaysia,1996Q1,0.7512775885056472,0.012286004507174764
malaysia,1996Q2,0.7542377474387005,0.0029601589330533473
malaysia,1996Q3,0.7525827891814483,-0.0016549582572522592
malaysia,1996Q4,0.757415135958322,0.004832346776873719
malaysia,1997Q1,0.7531492088638279,-0.004265927094494137
malaysia,1997Q2,0.7385024584541255,-0.014646750409702314
malaysia,1997Q3,0.7348646570508018,-0.003637801403323704
malaysia,1997Q4,0.7324686173163597,-0.0023960397344421347
malaysia,1998Q1,0.7078835359479161,-0.024585081368443618
malaysia,1998Q2,0.7015980279131777,-0.006285508034738374
malaysia,1998Q3,0.6886468056191013,-0.012951222294076414
malaysia,1998Q4,0.6815899086301056,-0.007056896988995698
malaysia,1999Q1,0.6764653324759473,-0.005124576154158289
malaysia,1999Q2,0.6930187579640645,0.016553425488117224
malaysia,1999Q3,0.7131413390646595,0.02012258110059495
malaysia,1999Q4,0.7253373048486308,0.012195965783971308
malaysia,2000Q1,0.7372528472483701,0.011915542399739354
malaysia,2000Q2,0.739166981361062,0.001914134112691812
malaysia,2000Q3,0.7466734165000493,0.0075064351389873
malaysia,2000Q4,0.7525681005854006,0.0058946840853513205
malaysia,2001Q1,0.7449296595589697,-0.007638441026430853
malaysia,2001Q2,0.7406365069015284,-0.004293152657441346
malaysia,2001Q3,0.7333822436786835,-0.007254263222844837
malaysia,2001Q4,0.7070162628471821,-0.026365980831501434
malaysia,2002Q1,0.7145756529480216,0.007559390100839503
malaysia,2002Q2,0.7315522795535443,0.016976626605522682
malaysia,2002Q3,0.7434572317964949,0.011904952242950628
malaysia,2002Q4,0.7496815932241698,0.006224361427674907
malaysia,2003Q1,0.767215277213322,0.017533683989152116
malaysia,2003Q2,0.7525136140564297,-0.014701663156892253
malaysia,2003Q3,0.7563568622569976,0.003843248200567917
malaysia,2003Q4,0.7715070519987078,0.01515018974171023
malaysia,2004Q1,0.7874735450796636,0.015966493080955768
malaysia,2004Q2,0.7968393657957049,0.009365820716041307
malaysia,2004Q3,0.7999839757465388,0.0031446099508338765
malaysia,2004Q4,0.8037647695801778,0.003780793833639051
malaysia,2005Q1,0.8146581441711228,0.01089337459094497
malaysia,2005Q2,0.8223102886673856,0.007652144496262836
malaysia,2005Q3,0.8384905609617972,0.016180272294411546
malaysia,2005Q4,0.8395882631253773,0.0010977021635800721
malaysia,2006Q1,0.8463859064749966,0.006797643349619298
malaysia,2006Q2,0.8578515354621861,0.011465628987189502
malaysia,2006Q3,0.8582303566857684,0.0003788212235823485
malaysia,2006Q4,0.8535933807600715,-0.004636975925696896
malaysia,2007Q1,0.857302984026649,0.0037096032665774326
malaysia,2007Q2,0.8741891934705286,0.01688620944387964
malaysia,2007Q3,0.8860700636719845,0.011880870201455895
malaysia,2007Q4,0.909474126013347,0.023404062341362497
malaysia,2008Q1,0.9347586632528563,0.025284537239509297
malaysia,2008Q2,0.9644876659341681,0.029729002681311845
malaysia,2008Q3,0.951818302009046,-0.012669363925122079
malaysia,2008Q4,0.8666865263817252,-0.08513177562732088
malaysia,2009Q1,0.8455466339214461,-0.02113989246027903
malaysia,2009Q2,0.8674309752382279,0.02188434131678174
malaysia,2009Q3,0.8779454827559569,0.010514507517728977
malaysia,2009Q4,0.8919261431148204,0.013980660358863584
malaysia,2010Q1,0.8974129106682887,0.005486767553468219
malaysia,2010Q2,0.8957188855867388,-0.0016940250815498104
malaysia,2010Q3,0.9012113414655467,0.005492455878807867
malaysia,2010Q4,0.9264581541042562,0.025246812638709537
malaysia,2011Q1,0.9534447068937859,0.02698655278952966
malaysia,2011Q2,0.9599199130359459,0.006475206142160017
malaysia,2011Q3,0.9553054772373115,-0.004614435798634409
malaysia,2011Q4,0.9425854287973419,-0.012720048439969656
malaysia,2012Q1,0.9503764106742042,0.007790981876862335
malaysia,2012Q2,0.9430736662548944,-0.007302744419309781
malaysia,2012Q3,0.9482791741642719,0.00520550790937746
malaysia,2012Q4,0.9453255499716459,-0.0029536241926260143
malaysia,2013Q1,0.9451960656480426,-0.00012948432360326834
malaysia,2013Q2,0.9345624118122557,-0.01063365383578685
malaysia,2013Q3,0.9346799340089292,0.00011752219667349184
malaysia,2013Q4,0.9334897493963792,-0.0011901846125500493
malaysia,2014Q1,0.9333393716644816,-0.00015037773189763293
malaysia,2014Q2,0.9345293883175786,0.0011900166530970369
malaysia,2014Q3,0.9215311092041818,-0.012998279113396793
malaysia,2014Q4,0.8949551118816188,-0.026575997322562994
malaysia,2015Q1,0.862934976749831,-0.03202013513178781
malaysia,2015Q2,0.8674811286307093,0.0045461518808782575
malaysia,2015Q3,0.8463222483923393,-0.02115888023836998
malaysia,2015Q4,0.8301141052179062,-0.016208143174433087
malaysia,2016Q1,0.8115740523716072,-0.018540052846299004
malaysia,2016Q2,0.8415389917226247,0.029964939351017517
malaysia,2016Q3,0.8431524373691736,0.0016134456465488611
malaysia,2016Q4,0.8515644415837141,0.00841200421454058
malaysia,2017Q1,0.8598025382540964,0.008238096670382222
malaysia,2017Q2,0.8524017710733574,-0.00740076718073901
malaysia,2017Q3,0.8550335488608094,0.00263177778745205
malaysia,2017Q4,0.8673511644025456,0.01231761554173616
malaysia,2018Q1,0.8790333132468391,0.011682148844293527
malaysia,2018Q2,0.8891090767615201,0.01007576351468098
malaysia,2018Q3,0.8831886240406307,-0.005920452720889369
malaysia,2018Q4,0.8728450728837471,-0.010343551156883568
malaysia,2019Q1,0.8670577014599297,-0.005787371423817467
malaysia,2019Q2,0.869876395592063,0.0028186941321333148
malaysia,2019Q3,0.8590429446464887,-0.010833450945574308
malaysia,2019Q4,0.864494778064463,0.005451833417974283
malaysia,2020Q1,0.847181130988667,-0.017313647075795968
malaysia,2020Q2,0.8045670392925507,-0.042614091696116296
malaysia,2020Q3,0.8353163443564491,0.03074930506389839
malaysia,2020Q4,0.8534419114647769,0.0181255671083278
malaysia,2021Q1,0.8902801873302937,0.0368382758655168
malaysia,2021Q2,0.9071011881496126,0.01682100081931892
malaysia,2021Q3,0.9181482351836558,0.011047047034043245
malaysia,2021Q4,0.931789456692713,0.013641221509057111
malaysia,2022Q1,0.9586742800629338,0.0268848233702208
malaysia,2022Q2,0.97641334807141,0.017739068008476244
malaysia,2022Q3,0.9636823351977706,-0.012731012873639425
malaysia,2022Q4,0.946209352669199,-0.017472982528571546
malaysia,2023Q1,0.9282591435741392,-0.017950209095059844
malaysia,2023Q2,0.9175781136263164,-0.010681029947822829
malaysia,2023Q3,0.9227443099471162,0.005166196320799843
malaysia,2023Q4,0.9205012982928695,-0.002243011654246674
malaysia,2024Q1,0.9147075205223747,-0.0057937777704948346
malaysia,2024Q2,0.9172268306932545,0.002519310170879807
malaysia,2024Q3,0.911782349696881,-0.005444480996373513
malaysia,2024Q4,0.9104974257661527,-0.0012849239307283211
malaysia,2025Q1,0.9108231936331271,0.000325767866974469
malaysia,2025Q2,0.8976199641392939,-0.013203229493833235
malaysia,2025Q3,0.8984876210320665,0.0008676568927725725
malaysia,2025Q4,0.8943748472909998,-0.0041127737410666665
malaysia,2026Q1,0.9191539991050083,0.02477915181400847
malaysia,2026Q2,0.941821177009122,0.022667177904113767
malaysia,2026Q3,0.9299704292778852,-0.011850747731236844
mexico,1960Q1,0.2779128269827002,
mexico,1960Q2,0.2778136176064465,-9.920937625368387e-05
mexico,1960Q3,0.2776017317126228,-0.00021188589382370449
mexico,1960Q4,0.2749251114483249,-0.0026766202642979353
mexico,1961Q1,0.27881320381015756,0.0038880923618326846
mexico,1961Q2,0.2812011641406688,0.0023879603305112518
mexico,1961Q3,0.2786636199793977,-0.0025375441612711103
mexico,1961Q4,0.2783316120241074,-0.00033200795529031435
mexico,1962Q1,0.2737048206504938,-0.0046267913736136035
mexico,1962Q2,0.27468872618213996,0.0009839055316461787
mexico,1962Q3,0.2743877634384863,-0.0003009627436536544
mexico,1962Q4,0.2747597806065351,0.00037201716804879936
mexico,1963Q1,0.2774041275971682,0.002644346990633095
mexico,1963Q2,0.2806014331132676,0.003197305516099369
mexico,1963Q3,0.2799521111760317,-0.0006493219372358805
mexico,1963Q4,0.28313183385572316,0.0031797226796914657
mexico,1964Q1,0.2780452702533814,-0.005086563602341776
mexico,1964Q2,0.277437871477083,-0.0006073987762983957
mexico,1964Q3,0.27650110994031635,-0.0009367615367666393
mexico,1964Q4,0.2785921873918337,0.002091077451517376
mexico,1965Q1,0.2784507760231786,-0.00014141136865514214
mexico,1965Q2,0.2798148954082568,0.001364119385078244
mexico,1965Q3,0.27718631427785206,-0.0026285811304047613
mexico,1965Q4,0.27788808396671755,0.0007017696888654834
mexico,1966Q1,0.2810057549779501,0.003117671011232559
mexico,1966Q2,0.2816940516580868,0.0006882966801367019
mexico,1966Q3,0.28213512320458356,0.00044107154649675184
mexico,1966Q4,0.2798156954334721,-0.0023194277711114375
mexico,1967Q1,0.2795028125784421,-0.00031288285503000557
mexico,1967Q2,0.27936066897760664,-0.00014214360083547595
mexico,1967Q3,0.27924904121491345,-0.00011162776269318941
mexico,1967Q4,0.2799026372654205,0.0006535960505070215
mexico,1968Q1,0.2802156866227726,0.00031304935735210204
mexico,1968Q2,0.2771956910305359,-0.0030199955922367017
mexico,1968Q3,0.27442715207548235,-0.0027685389550535233
mexico,1968Q4,0.27468938397738907,0.00026223190190671763
mexico,1969Q1,0.273179522361371,-0.0015098616160180711
mexico,1969Q2,0.276096022055081,0.002916499693709995
mexico,1969Q3,0.27579503386594517,-0.00030098818913582015
mexico,1969Q4,0.27736173439869155,0.001566700532746379
mexico,1970Q1,0.29319492713901807,0.015833192740326518
mexico,1970Q2,0.29405364099146647,0.0008587138524484006
mexico,1970Q3,0.2923514457594994,-0.0017021952319670741
mexico,1970Q4,0.29330912332382725,0.0009576775643278523
mexico,1971Q1,0.3147632156588747,0.02145409233504747
mexico,1971Q2,0.3140323704102631,-0.0007308452486116113
mexico,1971Q3,0.31824886551509757,0.004216495104834461
mexico,1971Q4,0.31730333570559843,-0.0009455298094991349
mexico,1972Q1,0.3222751126010043,0.004971776895405844
mexico,1972Q2,0.3224625631625936,0.0001874505615893085
mexico,1972Q3,0.32503849146132613,0.002575928298732544
mexico,1972Q4,0.33158282434169806,0.006544332880371928
mexico,1973Q1,0.35650146245183867,0.024918638110140612
mexico,1973Q2,0.3770929553545727,0.020591492902734043
mexico,1973Q3,0.39802791160068496,0.020934956246112246
mexico,1973Q4,0.42325225696514757,0.025224345364462608
mexico,1974Q1,0.5229158633597377,0.09966360639459015
mexico,1974Q2,0.5067854181582879,-0.016130445201449795
mexico,1974Q3,0.505722618241777,-0.0010627999165109259
mexico,1974Q4,0.5118652802394994,0.006142661997722398
mexico,1975Q1,0.5038490692618278,-0.008016210977671578
mexico,1975Q2,0.4945673892048751,-0.009281680056952735
mexico,1975Q3,0.49546543858871767,0.0008980493838425807
mexico,1975Q4,0.4903555190126432,-0.005109919576074484
mexico,1976Q1,0.49827445556514505,0.007918936552501865
mexico,1976Q2,0.5014059022375807,0.0031314466724357004
mexico,1976Q3,0.5050231742408923,0.0036172720033115224
mexico,1976Q4,0.5037190041877599,-0.0013041700531323253
mexico,1977Q1,0.5152713119082075,0.011552307720447574
mexico,1977Q2,0.5189243090622617,0.003652997154054205
mexico,1977Q3,0.5078831195246238,-0.011041189537637885
mexico,1977Q4,0.5105586802145254,0.0026755606899016016
mexico,1978Q1,0.5189499638542087,0.008391283639683222
mexico,1978Q2,0.5241109001312851,0.005160936277076478
mexico,1978Q3,0.5226420036460093,-0.0014688964852758168
mexico,1978Q4,0.5301333254078396,0.007491321761830316
mexico,1979Q1,0.5681504034814866,0.03801707807364696
mexico,1979Q2,0.5989030518207996,0.030752648339313016
mexico,1979Q3,0.6117934456167878,0.01289039379598822
mexico,1979Q4,0.6234140983444663,0.011620652727678427
mexico,1980Q1,0.625902187787611,0.0024880894431447143
mexico,1980Q2,0.6238697621292639,-0.002032425658347048
mexico,1980Q3,0.6228726420047755,-0.000997120124488382
mexico,1980Q4,0.6347332684041305,0.011860626399354923
mexico,1981Q1,0.6294527544136046,-0.00528051399052587
mexico,1981Q2,0.6188071758036086,-0.010645578609996043
mexico,1981Q3,0.6154028523950624,-0.0034043234085461282
mexico,1981Q4,0.6132030095265408,-0.0021998428685215954
mexico,1982Q1,0.6022982831566577,-0.010904726369883155
mexico,1982Q2,0.6040328273005425,0.001734544143884853
mexico,1982Q3,0.5969976218601527,-0.0070352054403898245
mexico,1982Q4,0.5944574513646523,-0.0025401704955003712
mexico,1983Q1,0.5879678111031805,-0.006489640261471807
mexico,1983Q2,0.5954393138216636,0.00747150271848307
mexico,1983Q3,0.6037299281859964,0.00829061436433276
mexico,1983Q4,0.6008087181626534,-0.0029212100233430016
mexico,1984Q1,0.6014743149981082,0.0006655968354548625
mexico,1984Q2,0.6015115296787961,3.721468068784706e-05
mexico,1984Q3,0.588467148508197,-0.013044381170599029
mexico,1984Q4,0.5831913085328869,-0.005275839975310115
mexico,1985Q1,0.5830493577306318,-0.00014195080225509749
mexico,1985Q2,0.5803411085618584,-0.0027082491687734356
mexico,1985Q3,0.5733798547265072,-0.006961253835351178
mexico,1985Q4,0.5733071244393522,-7.273028715504282e-05
mexico,1986Q1,0.5492211925988456,-0.024085931840506558
mexico,1986Q2,0.5217380621849008,-0.02748313041394479
mexico,1986Q3,0.5133186592741286,-0.008419402910772256
mexico,1986Q4,0.5246182657413418,0.011299606467213286
mexico,1987Q1,0.5387059577595676,0.014087692018225795
mexico,1987Q2,0.5446354236753351,0.0059294659157674845
mexico,1987Q3,0.548073083323478,0.00343765964814291
mexico,1987Q4,0.5515703013756967,0.003497218052218698
mexico,1988Q1,0.5494717323751418,-0.0020985690005549396
mexico,1988Q2,0.5572579928273234,0.007786260452181559
mexico,1988Q3,0.5525868547699001,-0.004671138057423252
mexico,1988Q4,0.5494286518251199,-0.0031582029447801974
mexico,1989Q1,0.5644996925572774,0.015071040732157481
mexico,1989Q2,0.5685907659234389,0.004091073366161546
mexico,1989Q3,0.5607658127725419,-0.00782495315089704
mexico,1989Q4,0.5673757337896455,0.006609921017103559
mexico,1990Q1,0.5685948868363488,0.0012191530467033918
mexico,1990Q2,0.5546127253945671,-0.01398216144178177
mexico,1990Q3,0.5860171500286417,0.03140442463407467
mexico,1990Q4,0.60057042119855,0.014553271169908233
mexico,1991Q1,0.5699214194579961,-0.03064900174055385
mexico,1991Q2,0.5604337615845831,-0.009487657873412991
mexico,1991Q3,0.5632550119422455,0.0028212503576623416
mexico,1991Q4,0.5670947593625482,0.003839747420302686
mexico,1992Q1,0.5565456037926817,-0.010549155569866464
mexico,1992Q2,0.564358877074271,0.007813273281589317
mexico,1992Q3,0.5663666377469334,0.0020077606726623953
mexico,1992Q4,0.5609391224476006,-0.00542751529933283
mexico,1993Q1,0.5572626664571667,-0.003676455990433869
mexico,1993Q2,0.5573976935497503,0.00013502709258361723
mexico,1993Q3,0.5520263592628257,-0.005371334286924601
mexico,1993Q4,0.5477980244347953,-0.004228334828030422
mexico,1994Q1,0.5474431032765954,-0.00035492115819990566
mexico,1994Q2,0.5528263832402864,0.0053832799636910345
mexico,1994Q3,0.5570654613025279,0.0042390780622414415
mexico,1994Q4,0.5594947282491639,0.002429266946636033
mexico,1995Q1,0.5636835496927358,0.004188821443571911
mexico,1995Q2,0.5679953511774145,0.00431180148467869
mexico,1995Q3,0.5645615207723478,-0.003433830405066729
mexico,1995Q4,0.5710455188628534,0.006483998090505594
mexico,1996Q1,0.5825611997788135,0.011515680915960114
mexico,1996Q2,0.5837462357291079,0.0011850359502943997
mexico,1996Q3,0.5832306842726717,-0.0005155514564362251
mexico,1996Q4,0.5902465965032849,0.007015912230613264
mexico,1997Q1,0.5849382147666793,-0.0053083817366056385
mexico,1997Q2,0.5711442849241792,-0.013793929842500052
mexico,1997Q3,0.5705502636229414,-0.0005940213012378681
mexico,1997Q4,0.5703180885664523,-0.0002321750564890923
mexico,1998Q1,0.5473102094633647,-0.023007879103087547
mexico,1998Q2,0.5421006312508592,-0.005209578212505561
mexico,1998Q3,0.5312475034614007,-0.010853127789458461
mexico,1998Q4,0.5230793189874952,-0.008168184473905549
mexico,1999Q1,0.5186882634816952,-0.00439105550579999
mexico,1999Q2,0.5369522481382998,0.018263984656604615
mexico,1999Q3,0.5574812862226982,0.020529038084398432
mexico,1999Q4,0.5695265531789153,0.012045266956217104
mexico,2000Q1,0.5810142100855865,0.011487656906671195
mexico,2000Q2,0.5826854189271085,0.0016712088415219428
mexico,2000Q3,0.5921950455294466,0.009509626602338117
mexico,2000Q4,0.5981047592629627,0.00590971373351612
mexico,2001Q1,0.5909386445874446,-0.007166114675518087
mexico,2001Q2,0.5873654949890789,-0.0035731495983657435
mexico,2001Q3,0.578859898386055,-0.008505596603023857
mexico,2001Q4,0.5548733331274177,-0.023986565258637293
mexico,2002Q1,0.5618041946551342,0.006930861527716492
mexico,2002Q2,0.5772229435005903,0.015418748845456132
mexico,2002Q3,0.5854645761236494,0.008241632623059103
mexico,2002Q4,0.5909543503748244,0.005489774251174917
mexico,2003Q1,0.6081817752092035,0.017227424834379113
mexico,2003Q2,0.5939374552667999,-0.014244319942403605
mexico,2003Q3,0.5977411938515906,0.0038037385847907723
mexico,2003Q4,0.6093447468911724,0.011603553039581715
mexico,2004Q1,0.6237560233551597,0.014411276463987321
mexico,2004Q2,0.6327956560710339,0.009039632715874268
mexico,2004Q3,0.6382638511254652,0.005468195054431302
mexico,2004Q4,0.6430767577636722,0.004812906638206993
mexico,2005Q1,0.652601007224191,0.009524249460518774
mexico,2005Q2,0.6594337712425957,0.006832764018404713
mexico,2005Q3,0.6753760651195878,0.015942293876992086
mexico,2005Q4,0.6759202688604649,0.0005442037408770473
mexico,2006Q1,0.6807841044770455,0.0048638356165806584
mexico,2006Q2,0.6916973412962759,0.010913236819230399
mexico,2006Q3,0.6921175108887954,0.0004201695925194482
mexico,2006Q4,0.6861618830355914,-0.005955627853203915
mexico,2007Q1,0.687675869142137,0.0015139861065455174
mexico,2007Q2,0.7035967404559267,0.01592087131378972
mexico,2007Q3,0.7130442521228136,0.009447511666886954
mexico,2007Q4,0.7335344063895123,0.020490154266698646
mexico,2008Q1,0.7534409859564901,0.019906579566977833
mexico,2008Q2,0.7796919528438527,0.026250966887362615
mexico,2008Q3,0.7690310708641472,-0.010660881979705494
mexico,2008Q4,0.6914400040286042,-0.07759106683554307
mexico,2009Q1,0.6699308317292267,-0.021509172299377433
mexico,2009Q2,0.6901751119348977,0.020244280205670928
mexico,2009Q3,0.7018392962328271,0.01166418429792948
mexico,2009Q4,0.7141624536600262,0.012323157427199027
mexico,2010Q1,0.71946878913545,0.005306335475423807
mexico,2010Q2,0.7178038793742487,-0.0016649097612012609
mexico,2010Q3,0.7205909821916142,0.0027871028173654944
mexico,2010Q4,0.7404287856855969,0.019837803493982675
mexico,2011Q1,0.7628634145005355,0.02243462881493863
mexico,2011Q2,0.7699625639343144,0.007099149433778873
mexico,2011Q3,0.7663175694970612,-0.0036449944372531906
mexico,2011Q4,0.7567460157284014,-0.009571553768659813
mexico,2012Q1,0.764442552110433,0.007696536382031605
mexico,2012Q2,0.7571845343451464,-0.007258017765286562
mexico,2012Q3,0.7614671949511703,0.004282660606023891
mexico,2012Q4,0.7597559223847203,-0.001711272566449984
mexico,2013Q1,0.7606496623636119,0.0008937399788915279
mexico,2013Q2,0.7508779860255155,-0.009771676338096391
mexico,2013Q3,0.7522308444165049,0.0013528583909894198
mexico,2013Q4,0.7512539057263483,-0.0009769386901565813
mexico,2014Q1,0.7508899741499176,-0.000363931576430665
mexico,2014Q2,0.7517970180974315,0.0009070439475138414
mexico,2014Q3,0.7414208552722904,-0.010376162825141089
mexico,2014Q4,0.7165642860405934,-0.02485656923169699
mexico,2015Q1,0.6857750545131939,-0.03078923152739954
mexico,2015Q2,0.6912080288885223,0.005432974375328414
mexico,2015Q3,0.6711545378891353,-0.020053490999387025
mexico,2015Q4,0.6559045107296241,-0.015250027159511181
mexico,2016Q1,0.6376119097726859,-0.018292600956938188
mexico,2016Q2,0.6647961120931476,0.027184202320461703
mexico,2016Q3,0.6670559142793612,0.0022598021862135775
mexico,2016Q4,0.6764207673675007,0.009364853088139502
mexico,2017Q1,0.6836535092063357,0.007232741838835044
mexico,2017Q2,0.676809777663528,-0.006843731542807707
mexico,2017Q3,0.6804101847600095,0.0036004070964814616
mexico,2017Q4,0.6933080652206841,0.012897880460674638
mexico,2018Q1,0.7031413654578581,0.009833300237173992
mexico,2018Q2,0.7125352674636598,0.009393902005801702
mexico,2018Q3,0.7088271025837718,-0.0037081648798880096
mexico,2018Q4,0.6995583364543537,-0.009268766129418071
mexico,2019Q1,0.6933616942351482,-0.0061966422192055726
mexico,2019Q2,0.6964086830437695,0.0030469888086213093
mexico,2019Q3,0.6866884149050265,-0.009720268138742938
mexico,2019Q4,0.6906703034276551,0.003981888522628596
mexico,2020Q1,0.6729144168290622,-0.01775588659859295
mexico,2020Q2,0.6320703963135069,-0.040844020515555246
mexico,2020Q3,0.6612864833236184,0.02921608701011147
mexico,2020Q4,0.6762355647956428,0.01494908147202445
mexico,2021Q1,0.7101847192554376,0.03394915445979474
mexico,2021Q2,0.7258818065126923,0.015697087257254716
mexico,2021Q3,0.7372368465555525,0.011355040042860254
mexico,2021Q4,0.750155654309113,0.012918807753560468
mexico,2022Q1,0.7741731994174619,0.02401754510834886
mexico,2022Q2,0.7903363941396498,0.016163194722187968
mexico,2022Q3,0.7818561100980532,-0.00848028404159662
mexico,2022Q4,0.7654620475740872,-0.016394062523966024
mexico,2023Q1,0.7473910131562322,-0.01807103441785496
mexico,2023Q2,0.736722796470978,-0.010668216685254195
mexico,2023Q3,0.742071080730028,0.005348284259049985
mexico,2023Q4,0.7400087442257919,-0.0020623365042361508
mexico,2024Q1,0.7345181002781958,-0.00549064394759613
mexico,2024Q2,0.7377357503957176,0.003217650117521842
mexico,2024Q3,0.7321671759848732,-0.005568574410844351
mexico,2024Q4,0.7300400967485969,-0.002127079236276308
mexico,2025Q1,0.7309360096156471,0.0008959128670501526
mexico,2025Q2,0.7183026907137884,-0.012633318901858703
mexico,2025Q3,0.7194053118813546,0.001102621167566209
mexico,2025Q4,0.7157280672858122,-0.003677244595542417
mexico,2026Q1,0.7394628368976854,0.023734769611873263
mexico,2026Q2,0.7607413555757996,0.021278518678114144
mexico,2026Q3,0.7488293925614524,-0.01191196301434716
peru,1960Q1,1.6269394875418057,
peru,1960Q2,1.625773294432448,-0.0011661931093578382
peru,1960Q3,1.622168009698453,-0.003605284733994907
peru,1960Q4,1.6052450651327135,-0.016922944565739506
peru,1961Q1,1.6187651902549036,0.01352012512219014
peru,1961Q2,1.6338583262649071,0.015093136010003505
peru,1961Q3,1.621037452840663,-0.012820873424244095
peru,1961Q4,1.6182313990096318,-0.0028060538310312744
peru,1962Q1,1.6125926257604988,-0.005638773249132978
peru,1962Q2,1.6145521545541586,0.0019595287936597927
peru,1962Q3,1.6133128815982682,-0.0012392729558903248
peru,1962Q4,1.6148554157657102,0.001542534167441989
peru,1963Q1,1.6259907015343704,0.011135285768660186
peru,1963Q2,1.640191790494912,0.014201088960541508
peru,1963Q3,1.6382758936498276,-0.0019158968450843084
peru,1963Q4,1.6567852026560064,0.018509309006178754
peru,1964Q1,1.657044938571354,0.0002597359153475587
peru,1964Q2,1.675461179915136,0.018416241343782058
peru,1964Q3,1.6909748618774254,0.015513681962289416
peru,1964Q4,1.731090462886491,0.04011560100906553
peru,1965Q1,1.7138683693138512,-0.017222093572639707
peru,1965Q2,1.7404482173799898,0.026579848066138556
peru,1965Q3,1.7147455233502469,-0.0257026940297429
peru,1965Q4,1.7376353113326255,0.022889787982378618
peru,1966Q1,1.7753759788254027,0.03774066749277716
peru,1966Q2,1.7725467580943768,-0.002829220731025872
peru,1966Q3,1.7376648790473364,-0.03488187904704043
peru,1966Q4,1.7251127268378001,-0.012552152209536205
peru,1967Q1,1.717103946573979,-0.008008780263821125
peru,1967Q2,1.6998881349164847,-0.017215811657494307
peru,1967Q3,1.7012417133742659,0.0013535784577811683
peru,1967Q4,1.727755758938215,0.026514045563949207
peru,1968Q1,1.7540390486926971,0.02628328975448202
peru,1968Q2,1.705642649322204,-0.048396399370493004
peru,1968Q3,1.6899643848546604,-0.015678264467543723
peru,1968Q4,1.6957488938752263,0.005784509020565931
peru,1969Q1,1.7260832855649093,0.030334391689682993
peru,1969Q2,1.7518728528516845,0.025789567286775172
peru,1969Q3,1.7610592237479956,0.009186370896311136
peru,1969Q4,1.7777830847593274,0.01672386101133183
peru,1970Q1,1.8052896127483304,0.027506527989002993
peru,1970Q2,1.8037924133039156,-0.0014971994444148429
peru,1970Q3,1.7736864945282944,-0.030105918775621188
peru,1970Q4,1.7619756587111426,-0.011710835817151821
peru,1971Q1,1.7755579424205932,0.013582283709450582
peru,1971Q2,1.779435685557642,0.003877743137048917
peru,1971Q3,1.784740331651629,0.005304646093986953
peru,1971Q4,1.7807404877577413,-0.0039998438938877445
peru,1972Q1,1.8036161277923874,0.02287564003464615
peru,1972Q2,1.794066385455333,-0.009549742337054523
peru,1972Q3,1.7746094073229912,-0.019456978132341707
peru,1972Q4,1.796834216493715,0.02222480917072378
peru,1973Q1,1.8970582137399281,0.10022399724621311
peru,1973Q2,1.9932926399166326,0.09623442617670452
peru,1973Q3,2.0904056205647836,0.09711298064815099
peru,1973Q4,2.127927287792231,0.03752166722744743
peru,1974Q1,2.250236317092727,0.12230902930049581
peru,1974Q2,2.2740337117923657,0.02379739469963882
peru,1974Q3,2.2282408918274186,-0.04579281996494711
peru,1974Q4,2.2249108366541073,-0.003330055173311308
peru,1975Q1,2.185834364761009,-0.039076471893098486
peru,1975Q2,2.142590327396463,-0.04324403736454574
peru,1975Q3,2.1359188461845937,-0.0066714812118693345
peru,1975Q4,2.1047022179125148,-0.03121662827207894
peru,1976Q1,2.1270536722852675,0.022351454372752766
peru,1976Q2,2.1558455597505732,0.0287918874653057
peru,1976Q3,2.1858741346025887,0.030028574852015488
peru,1976Q4,2.1605663333412566,-0.02530780126133214
peru,1977Q1,2.2194077693557572,0.05884143601450065
peru,1977Q2,2.229187069172905,0.00977929981714798
peru,1977Q3,2.180050982641828,-0.04913608653107726
peru,1977Q4,2.198238766983373,0.01818778434154522
peru,1978Q1,2.2347039896619023,0.03646522267852914
peru,1978Q2,2.25157300771362,0.0168690180517177
peru,1978Q3,2.258287077973684,0.006714070260064098
peru,1978Q4,2.292168063180878,0.03388098520719396
peru,1979Q1,2.3530009270933627,0.06083286391248466
peru,1979Q2,2.4110056659672408,0.058004738873878026
peru,1979Q3,2.425148674504695,0.014143008537454094
peru,1979Q4,2.470325844141019,0.045177169636324344
peru,1980Q1,2.518784760001216,0.04845891586019668
peru,1980Q2,2.470944055482243,-0.04784070451897282
peru,1980Q3,2.488047778991672,0.017103723509428903
peru,1980Q4,2.4811939149403384,-0.006853864051333591
peru,1981Q1,2.445342371301116,-0.03585154363922216
peru,1981Q2,2.4064802188945627,-0.03886215240655355
peru,1981Q3,2.3791999444563263,-0.02728027443823633
peru,1981Q4,2.3479863515645842,-0.03121359289174208
peru,1982Q1,2.3295376666814995,-0.01844868488308471
peru,1982Q2,2.2968337630597544,-0.032703903621745134
peru,1982Q3,2.268141856531741,-0.028691906528013345
peru,1982Q4,2.255521445604304,-0.012620410927437042
peru,1983Q1,2.295897657862126,0.040376212257822175
peru,1983Q2,2.3540817280812893,0.058184070219163164
peru,1983Q3,2.3959400604489764,0.0418583323676871
peru,1983Q4,2.3835888479845075,-0.012351212464468908
peru,1984Q1,2.3793718924469944,-0.004216955537513112
peru,1984Q2,2.362935409329177,-0.016436483117817424
peru,1984Q3,2.2901004348367757,-0.07283497449240128
peru,1984Q4,2.271267593261773,-0.018832841575002757
peru,1985Q1,2.272499113685356,0.001231520423583099
peru,1985Q2,2.2747126338111867,0.002213520125830648
peru,1985Q3,2.230918685586056,-0.04379394822513083
peru,1985Q4,2.215643571360367,-0.015275114225688835
peru,1986Q1,2.2191155625469476,0.003471991186580592
peru,1986Q2,2.1980383457324533,-0.02107721681449437
peru,1986Q3,2.1680705015492014,-0.029967844183251824
peru,1986Q4,2.1788380387153437,0.010767537166142205
peru,1987Q1,2.219694901853767,0.04085686313842318
peru,1987Q2,2.2659047229058804,0.046209821052113575
peru,1987Q3,2.312911491325004,0.047006768419123546
peru,1987Q4,2.374803805148005,0.0618923138230012
peru,1988Q1,2.4299963801518647,0.055192575003859545
peru,1988Q2,2.5210803727072846,0.09108399255541988
peru,1988Q3,2.491965806595514,-0.029114566111770657
peru,1988Q4,2.504427811276755,0.012462004681240924
peru,1989Q1,2.5158401326955513,0.011412321418796445
peru,1989Q2,2.49218894550335,-0.023651187192201384
peru,1989Q3,2.445630776385741,-0.046558169117608905
peru,1989Q4,2.4327022782863144,-0.012928498099426644
peru,1990Q1,2.4052867153083124,-0.02741556297800196
peru,1990Q2,2.4101630162803467,0.0048763009720342865
peru,1990Q3,2.458606956884251,0.048443940603904334
peru,1990Q4,2.4365798007162525,-0.02202715616799855
peru,1991Q1,2.3986875596376285,-0.03789224107862399
peru,1991Q2,2.365159920296949,-0.03352763934067937
peru,1991Q3,2.3544843466630403,-0.010675573633908808
peru,1991Q4,2.3464934771328685,-0.007990869530171807
peru,1992Q1,2.3503933701096966,0.0038998929768281343
peru,1992Q2,2.363368214953888,0.012974844844191313
peru,1992Q3,2.372444965853244,0.00907675089935589
peru,1992Q4,2.3276959343410675,-0.04474903151217635
peru,1993Q1,2.32750262531193,-0.00019330902913727854
peru,1993Q2,2.3021687785047784,-0.025333846807151783
peru,1993Q3,2.3023778979506915,0.00020911944591306408
peru,1993Q4,2.2849797166471033,-0.017398181303588167
peru,1994Q1,2.3264740811041174,0.041494364457014044
peru,1994Q2,2.346729349503157,0.020255268399039572
peru,1994Q3,2.3851454810596553,0.03841613155649837
peru,1994Q4,2.4406684222206194,0.05552294116096412
peru,1995Q1,2.4648868325343543,0.02421841031373484
peru,1995Q2,2.4521286087277243,-0.012758223806629942
peru,1995Q3,2.4713232074977345,0.019194598770010174
peru,1995Q4,2.462944445466478,-0.008378762031256315
peru,1996Q1,2.4588606778000806,-0.00408376766639762
peru,1996Q2,2.46262365674923,0.0037629789491493426
peru,1996Q3,2.418477208152041,-0.04414644859718875
peru,1996Q4,2.4119899023580493,-0.0064873057939918155
peru,1997Q1,2.449628032915672,0.03763813055762277
peru,1997Q2,2.435466649364594,-0.0141613835510781
peru,1997Q3,2.420739969517627,-0.014726679846967183
peru,1997Q4,2.3925571684315705,-0.02818280108605631
peru,1998Q1,2.346328655496264,-0.04622851293530639
peru,1998Q2,2.328929969452093,-0.017398686044171274
peru,1998Q3,2.295466985462597,-0.033462983989495765
peru,1998Q4,2.2797639578369737,-0.015703027625623367
peru,1999Q1,2.2461609062346,-0.03360305160237376
peru,1999Q2,2.262610124826116,0.016449218591516157
peru,1999Q3,2.302910702167987,0.04030057734187098
peru,1999Q4,2.3269316298524516,0.02402092768446451
peru,2000Q1,2.361687552617733,0.03475592276528161
peru,2000Q2,2.342627021468306,-0.019060531149427185
peru,2000Q3,2.3524682804710295,0.00984125900272348
peru,2000Q4,2.3526439679855815,0.00017568751455199205
peru,2001Q1,2.3511696030337967,-0.001474364951784768
peru,2001Q2,2.331823700527883,-0.019345902505913948
peru,2001Q3,2.309352384342996,-0.022471316184886625
peru,2001Q4,2.267015001572377,-0.04233738277061905
peru,2002Q1,2.2929123622613763,0.02589736068899917
peru,2002Q2,2.3109723276161893,0.018059965354813023
peru,2002Q3,2.3212639048987556,0.010291577282566244
peru,2002Q4,2.339172852903999,0.017908948005243452
peru,2003Q1,2.3695729679761497,0.03040011507215068
peru,2003Q2,2.3533137287757318,-0.01625923920041794
peru,2003Q3,2.3714863339147643,0.018172605139032516
peru,2003Q4,2.436653354187795,0.06516702027303056
peru,2004Q1,2.515056095958191,0.0784027417703963
peru,2004Q2,2.5210190288809375,0.005962932922746411
peru,2004Q3,2.5175490022583666,-0.0034700266225708987
peru,2004Q4,2.533770384402879,0.016221382144512297
peru,2005Q1,2.584347017714183,0.05057663331130424
peru,2005Q2,2.5884531681871272,0.004106150472944048
peru,2005Q3,2.6048732396547774,0.01642007146765012
peru,2005Q4,2.6394481561321843,0.03457491647740696
peru,2006Q1,2.697739653844521,0.05829149771233677
peru,2006Q2,2.7777325567790543,0.0799929029345332
peru,2006Q3,2.7919212420938573,0.014188685314802996
peru,2006Q4,2.8134287434118423,0.021507501317985067
peru,2007Q1,2.8194172313107018,0.005988487898859418
peru,2007Q2,2.8791085979238162,0.05969136661311447
peru,2007Q3,2.8876574228654874,0.008548824941671196
peru,2007Q4,2.930245533953329,0.04258811108784144
peru,2008Q1,2.9992169595071956,0.0689714255538667
peru,2008Q2,3.048584670434046,0.04936771092685044
peru,2008Q3,2.98926426483159,-0.059320405602456105
peru,2008Q4,2.689379950146911,-0.2998843146846788
peru,2009Q1,2.626317511042066,-0.06306243910484532
peru,2009Q2,2.706084060321202,0.07976654927913618
peru,2009Q3,2.785194763641229,0.07911070332002712
peru,2009Q4,2.8344075786967315,0.04921281505550246
peru,2010Q1,2.874762967005674,0.04035538830894225
peru,2010Q2,2.87122326345373,-0.0035397035519437736
peru,2010Q3,2.8847494704190972,0.013526206965367216
peru,2010Q4,2.974006200972492,0.08925673055339489
peru,2011Q1,3.041705236441379,0.06769903546888667
peru,2011Q2,3.0359393526688345,-0.005765883772544278
peru,2011Q3,3.019489299405504,-0.01645005326333049
peru,2011Q4,2.941853255391264,-0.07763604401423985
peru,2012Q1,2.972228175632101,0.03037492024083699
peru,2012Q2,2.949796901905116,-0.022431273726985168
peru,2012Q3,2.94852086180361,-0.0012760401015059486
peru,2012Q4,2.949461014374906,0.0009401525712959824
peru,2013Q1,2.9578037761093365,0.008342761734430493
peru,2013Q2,2.908725298776696,-0.0490784773326407
peru,2013Q3,2.8995727694493154,-0.009152529327380421
peru,2013Q4,2.897943285714221,-0.001629483735094528
peru,2014Q1,2.8880714475168476,-0.00987183819737325
peru,2014Q2,2.888105750858912,3.4303342064223585e-05
peru,2014Q3,2.8745978515641717,-0.013507899294740167
peru,2014Q4,2.8293210112215297,-0.04527684034264201
peru,2015Q1,2.761314972297629,-0.06800603892390056
peru,2015Q2,2.754387740297502,-0.006927232000127237
peru,2015Q3,2.69215174538349,-0.06223599491401188
peru,2015Q4,2.6489843625163125,-0.04316738286717747
peru,2016Q1,2.6339205161556634,-0.015063846360649169
peru,2016Q2,2.6855635397946926,0.051643023639029284
peru,2016Q3,2.698440779214682,0.012877239419989195
peru,2016Q4,2.7310299255089046,0.032589146294222715
peru,2017Q1,2.76982449104423,0.038794565535325454
peru,2017Q2,2.7468155427038807,-0.023008948340349278
peru,2017Q3,2.7769224557401277,0.03010691303624702
peru,2017Q4,2.797874780170905,0.020952324430777214
peru,2018Q1,2.826712481517614,0.028837701346708933
peru,2018Q2,2.8371139266014715,0.010401445083857652
peru,2018Q3,2.787036337520129,-0.050077589081342744
peru,2018Q4,2.772096229247612,-0.014940108272516905
peru,2019Q1,2.7757979534619253,0.003701724214313362
peru,2019Q2,2.779006916376964,0.0032089629150386934
peru,2019Q3,2.7632358388840284,-0.015771077492935603
peru,2019Q4,2.769639721767583,0.006403882883554868
peru,2020Q1,2.7449435452132107,-0.024696176554372506
peru,2020Q2,2.6889816973079537,-0.055961847905257045
peru,2020Q3,2.7775741327497014,0.08859243544174777
peru,2020Q4,2.8443955756917827,0.06682144294208126
peru,2021Q1,2.936296675225538,0.09190109953375547
peru,2021Q2,3.002253279098259,0.06595660387272062
peru,2021Q3,3.0028539712548987,0.000600692156639937
peru,2021Q4,3.0059864883704046,0.003132517115505884
peru,2022Q1,3.0850998569568975,0.07911336858649287
peru,2022Q2,3.0929349247127385,0.007835067755840974
peru,2022Q3,2.9905377268478928,-0.10239719786484569
peru,2022Q4,2.9804336027724423,-0.010104124075450471
peru,2023Q1,2.9960376402935234,0.015604037521081082
peru,2023Q2,2.9599703306889276,-0.03606730960459581
peru,2023Q3,2.95188799227631,-0.008082338412617407
peru,2023Q4,2.948278151927177,-0.003609840349133364
peru,2024Q1,2.9396398630303278,-0.008638288896849033
peru,2024Q2,2.9738447564339476,0.034204893403619874
peru,2024Q3,2.9437452481021387,-0.030099508331808966
peru,2024Q4,2.9548487240726473,0.011103475970508647
peru,2025Q1,2.954470302358123,-0.0003784217145241797
peru,2025Q2,2.9305705379374904,-0.023899764420632685
peru,2025Q3,2.9429595091649325,0.012388971227442092
peru,2025Q4,2.970983571920339,0.028024062755406476
peru,2026Q1,3.0342563932591897,0.0632728213388507
peru,2026Q2,3.0767635815066052,0.042507188247415506
peru,2026Q3,3.0628241004064356,-0.013939481100169626
philippines,1960Q1,0.23391367062028362,
philippines,1960Q2,0.23379098907301063,-0.0001226815472729903
philippines,1960Q3,0.2335772442590302,-0.00021374481398042655
philippines,1960Q4,0.2307766784310602,-0.002800565827970003
philippines,1961Q1,0.2347951336978252,0.004018455266765003
philippines,1961Q2,0.23730274276434327,0.002507609066518063
philippines,1961Q3,0.23466322194803935,-0.0026395208163039197
philippines,1961Q4,0.23431905810325476,-0.00034416384478458406
philippines,1962Q1,0.23329697076664635,-0.0010220873366084127
philippines,1962Q2,0.2343009270035577,0.001003956236911352
philippines,1962Q3,0.23399722393272404,-0.00030370307083366077
philippines,1962Q4,0.23437568489397598,0.0003784609612519363
philippines,1963Q1,0.23711469868853757,0.0027390137945615955
philippines,1963Q2,0.24043366524135024,0.0033189665528126633
philippines,1963Q3,0.2397920523194666,-0.0006416129218836386
philippines,1963Q4,0.24314325727009212,0.0033512049506255193
philippines,1964Q1,0.24189320341147866,-0.001250053858613459
philippines,1964Q2,0.2414674415028695,-0.00042576190860915686
philippines,1964Q3,0.24068473943547875,-0.0007827020673907559
philippines,1964Q4,0.2431250376781957,0.002440298242716965
philippines,1965Q1,0.24283257436776035,-0.00029246331043536467
philippines,1965Q2,0.24441274020359094,0.0015801658358305937
philippines,1965Q3,0.2415732785245921,-0.0028394616789988447
philippines,1965Q4,0.24248070779245617,0.0009074292678640794
philippines,1966Q1,0.2458834084250446,0.0034027006325884346
philippines,1966Q2,0.24654933503397788,0.000665926608933276
philippines,1966Q3,0.24667720792807235,0.00012787289409446623
philippines,1966Q4,0.24425014578432286,-0.002427062143749492
philippines,1967Q1,0.24389827274311654,-0.0003518730412063187
philippines,1967Q2,0.24359353117232296,-0.00030474157079357633
philippines,1967Q3,0.24349339367205394,-0.0001001375002690208
philippines,1967Q4,0.24437322055524643,0.0008798268831924916
philippines,1968Q1,0.24493316799454418,0.0005599474392977422
philippines,1968Q2,0.24148819200203375,-0.003444975992510424
philippines,1968Q3,0.23860062104186772,-0.002887570960166036
philippines,1968Q4,0.23892099251212434,0.00032037147025662516
philippines,1969Q1,0.24172606412818576,0.0028050716160614164
philippines,1969Q2,0.24485559489240138,0.0031295307642156267
philippines,1969Q3,0.24463305680206218,-0.0002225380903392027
philippines,1969Q4,0.24635997821473196,0.0017269214126697796
philippines,1970Q1,0.2508620695191489,0.00450209130441695
philippines,1970Q2,0.2517012238484067,0.0008391543292577963
philippines,1970Q3,0.2497315984959576,-0.0019696253524491003
philippines,1970Q4,0.25057887783604404,0.0008472793400864376
philippines,1971Q1,0.253312774908653,0.0027338970726089595
philippines,1971Q2,0.2526137443796891,-0.0006990305289639176
philippines,1971Q3,0.254153090208444,0.0015393458287549233
philippines,1971Q4,0.25316849124124796,-0.0009845989671960487
philippines,1972Q1,0.255695239471879,0.0025267482306310374
philippines,1972Q2,0.25580376512050385,0.00010852564862484648
philippines,1972Q3,0.25569873817365507,-0.00010502694684877412
philippines,1972Q4,0.2623860311867651,0.006687293013110052
philippines,1973Q1,0.2786340449293559,0.016248013742590772
philippines,1973Q2,0.2936462575018115,0.015012212572455608
philippines,1973Q3,0.307601890170618,0.013955632668806506
philippines,1973Q4,0.30970221238602036,0.0021003222154023504
philippines,1974Q1,0.33164505564140034,0.021942843255379985
philippines,1974Q2,0.3291151861430778,-0.002529869498322568
philippines,1974Q3,0.3311209259023198,0.002005739759242009
philippines,1974Q4,0.3355559173241497,0.004434991421829904
philippines,1975Q1,0.3233234576995015,-0.012232459624648195
philippines,1975Q2,0.3136580583834884,-0.009665399316013068
philippines,1975Q3,0.3144679376823142,0.0008098792988257553
philippines,1975Q4,0.3085464582420885,-0.0059214794402256965
philippines,1976Q1,0.30988760126512954,0.0013411430230410581
philippines,1976Q2,0.31321108272535975,0.0033234814602302043
philippines,1976Q3,0.31620622367257445,0.002995140947214703
philippines,1976Q4,0.31305755348929165,-0.003148670183282798
philippines,1977Q1,0.3206703078951016,0.0076127544058099406
philippines,1977Q2,0.3241202912411565,0.0034499833460548968
philippines,1977Q3,0.3115225012401436,-0.01259779000101291
philippines,1977Q4,0.3143524540025763,0.002829952762432697
philippines,1978Q1,0.32171897504291797,0.007366521040341689
philippines,1978Q2,0.3265662226917785,0.00484724764886052
philippines,1978Q3,0.3244304148957872,-0.0021358077959912625
philippines,1978Q4,0.32857703802256766,0.004146623126780435
philippines,1979Q1,0.3371745402248454,0.00859750220227773
philippines,1979Q2,0.344625066169133,0.007450525944287634
philippines,1979Q3,0.3477385020359057,0.003113435866772707
philippines,1979Q4,0.3514930828105104,0.0037545807746046655
philippines,1980Q1,0.3554937686396348,0.004000685829124384
philippines,1980Q2,0.353363942774923,-0.0021298258647117763
philippines,1980Q3,0.3579592781086868,0.004595335333763773
philippines,1980Q4,0.36122326659302945,0.0032639884843426725
philippines,1981Q1,0.35600087957954635,-0.0052223870134830985
philippines,1981Q2,0.35052333921959816,-0.005477540359948185
philippines,1981Q3,0.3461108946639785,-0.004412444555619677
philippines,1981Q4,0.3413380420227128,-0.004772852641265701
philippines,1982Q1,0.3382390651508085,-0.003098976871904302
philippines,1982Q2,0.3356314662343849,-0.0026075989164235924
philippines,1982Q3,0.3293827470095602,-0.006248719224824673
philippines,1982Q4,0.32697754782703325,-0.0024051991825269625
philippines,1983Q1,0.32996002562349025,0.002982477796456995
philippines,1983Q2,0.33714557104684345,0.007185545423353201
philippines,1983Q3,0.34463395144133263,0.00748838039448918
philippines,1983Q4,0.34461676352646786,-1.7187914864769116e-05
philippines,1984Q1,0.3445250965345848,-9.166699188306593e-05
philippines,1984Q2,0.34465629999242536,0.00013120345784056742
philippines,1984Q3,0.33427774689753154,-0.010378553094893828
philippines,1984Q4,0.3302455769473737,-0.004032169950157816
philippines,1985Q1,0.32955840230588784,-0.000687174641485877
philippines,1985Q2,0.32866813623939556,-0.0008902660664922846
philippines,1985Q3,0.32178112953862936,-0.006887006700766196
philippines,1985Q4,0.3204605341510412,-0.0013205953875881637
philippines,1986Q1,0.3187809909645276,-0.001679543186513588
philippines,1986Q2,0.3139059777028673,-0.004875013261660288
philippines,1986Q3,0.30795118435239155,-0.005954793350475773
philippines,1986Q4,0.3104275221793643,0.002476337826972763
philippines,1987Q1,0.3160343287982228,0.005606806618858484
philippines,1987Q2,0.32102173281136315,0.004987404013140351
philippines,1987Q3,0.3231901883920621,0.002168455580698947
philippines,1987Q4,0.33041246617746983,0.007222277785407738
philippines,1988Q1,0.3353740928494917,0.004961626672021879
philippines,1988Q2,0.3433957077959038,0.00802161494641207
philippines,1988Q3,0.34482407591081604,0.0014283681149122596
philippines,1988Q4,0.34386648949792525,-0.0009575864128907874
philippines,1989Q1,0.3456014431941851,0.0017349536962598666
philippines,1989Q2,0.34593586969023354,0.00033442649604842334
philippines,1989Q3,0.34112529950237946,-0.00481057018785408
philippines,1989Q4,0.3406075178751101,-0.0005177816272693425
philippines,1990Q1,0.3390426247068577,-0.0015648931682524236
philippines,1990Q2,0.3375638774899304,-0.001478747216927312
philippines,1990Q3,0.3413361209173388,0.003772243427408395
philippines,1990Q4,0.3409527188443557,-0.0003834020729830967
philippines,1991Q1,0.33779489207609154,-0.003157826768264149
philippines,1991Q2,0.33451973053539025,-0.003275161540701288
philippines,1991Q3,0.3343583482018585,-0.00016138233353174547
philippines,1991Q4,0.3348319102172235,0.0004735620153650255
philippines,1992Q1,0.33500562858675836,0.00017371836953483655
philippines,1992Q2,0.335526110930467,0.0005204823437086614
philippines,1992Q3,0.3355024437287416,-2.366720172541914e-05
philippines,1992Q4,0.33162844306076994,-0.0038740006679716665
philippines,1993Q1,0.3327428362200149,0.0011143931592449419
philippines,1993Q2,0.3316105633844806,-0.0011322728355342981
philippines,1993Q3,0.33196192675728947,0.0003513633728088883
philippines,1993Q4,0.3325636056397723,0.0006016788824828034
philippines,1994Q1,0.33632725886259285,0.0037636532228205732
philippines,1994Q2,0.33629406774539927,-3.319111719357615e-05
philippines,1994Q3,0.33889197271538474,0.002597904969985465
philippines,1994Q4,0.34294582004000845,0.004053847324623716
philippines,1995Q1,0.34537597742347986,0.0024301573834714096
philippines,1995Q2,0.3450025350830267,-0.00037344234045316727
philippines,1995Q3,0.3479791112113667,0.002976576128340014
philippines,1995Q4,0.3495097538199281,0.0015306426085613944
philippines,1996Q1,0.3512893988345464,0.001779645014618303
philippines,1996Q2,0.3538444743134694,0.0025550754789229746
philippines,1996Q3,0.34963752723408636,-0.004206947079383017
philippines,1996Q4,0.346616004685486,-0.003021522548600386
philippines,1997Q1,0.3499827224405704,0.003366717755084403
philippines,1997Q2,0.3465471251484648,-0.0034355972921055744
philippines,1997Q3,0.3430889336839873,-0.0034581914644775114
philippines,1997Q4,0.34176584795888887,-0.0013230857250984274
philippines,1998Q1,0.33646077469030217,-0.005305073268586702
philippines,1998Q2,0.33455417146929955,-0.0019066032210026118
philippines,1998Q3,0.329150170349899,-0.005404001119400537
philippines,1998Q4,0.3280207718269154,-0.0011293985229836045
philippines,1999Q1,0.3237694562136695,-0.004251315613245932
philippines,1999Q2,0.3228005397731906,-0.0009689164404788619
philippines,1999Q3,0.32533725715511347,0.0025367173819228483
philippines,1999Q4,0.3277791980877648,0.002441940932651321
philippines,2000Q1,0.3313909794386296,0.0036117813508648178
philippines,2000Q2,0.3305083557059151,-0.000882623732714527
philippines,2000Q3,0.32998939811442385,-0.0005189575914912314
philippines,2000Q4,0.331953442771894,0.001964044657470132
philippines,2001Q1,0.3317932596412316,-0.00016018313066240575
philippines,2001Q2,0.3301053664830542,-0.001687893158177356
philippines,2001Q3,0.330856384418585,0.0007510179355307844
philippines,2001Q4,0.32395393028202496,-0.006902454136560043
philippines,2002Q1,0.32645693659100483,0.0025030063089798715
philippines,2002Q2,0.3298047673156508,0.0033478307246459504
philippines,2002Q3,0.33439622631788046,0.004591459002229681
philippines,2002Q4,0.3368807584808205,0.002484532162940034
philippines,2003Q1,0.3399877373787662,0.0031069788979457003
philippines,2003Q2,0.33714380603101257,-0.0028439313477536254
philippines,2003Q3,0.33830906540597183,0.00116525937495926
philippines,2003Q4,0.34756265213399495,0.009253586728023122
philippines,2004Q1,0.3558946750310643,0.008332022897069358
philippines,2004Q2,0.35702983868613625,0.0011351636550719357
philippines,2004Q3,0.35411443169228723,-0.0029154069938490124
philippines,2004Q4,0.3540560570602943,-5.837463199293014e-05
philippines,2005Q1,0.35924929632328007,0.0051932392629857604
philippines,2005Q2,0.3603961139653107,0.0011468176420306175
philippines,2005Q3,0.36199621982414765,0.0016001058588369643
philippines,2005Q4,0.36456549861905513,0.0025692787949074813
philippines,2006Q1,0.3699231499039309,0.005357651284875753
philippines,2006Q2,0.3751568523482963,0.00523370244436544
philippines,2006Q3,0.37589530103746416,0.0007384486891678366
philippines,2006Q4,0.37918365818357674,0.003288357146112586
philippines,2007Q1,0.3816506322638633,0.002466974080286566
philippines,2007Q2,0.38766004035336565,0.006009408089502344
philippines,2007Q3,0.3925908570041526,0.004930816650786929
philippines,2007Q4,0.40104957570084565,0.008458718696693068
philippines,2008Q1,0.41354096139151475,0.012491385690669099
philippines,2008Q2,0.4227498778215642,0.009208916430049452
philippines,2008Q3,0.41538580814972614,-0.007364069671838058
philippines,2008Q4,0.38159858233837496,-0.033787225811351185
philippines,2009Q1,0.377348002118305,-0.004250580220069966
philippines,2009Q2,0.38596116768403266,0.008613165565727665
philippines,2009Q3,0.39015988679864805,0.00419871911461539
philippines,2009Q4,0.3949006824542594,0.004740795655611363
philippines,2010Q1,0.39720098159948847,0.0023002991452290567
philippines,2010Q2,0.3949542401146594,-0.0022467414848290623
philippines,2010Q3,0.39964952696278133,0.004695286848121927
philippines,2010Q4,0.41190314963705976,0.01225362267427843
philippines,2011Q1,0.42129075286951356,0.0093876032324538
philippines,2011Q2,0.42092191524558475,-0.00036883762392880826
philippines,2011Q3,0.41971683562420936,-0.0012050796213753934
philippines,2011Q4,0.41198698187559135,-0.00772985374861801
philippines,2012Q1,0.4152100031139144,0.003223021238323076
philippines,2012Q2,0.41404826120842364,-0.0011617419054907874
philippines,2012Q3,0.41749327742781805,0.0034450162193944145
philippines,2012Q4,0.41509235811126494,-0.0024009193165531184
philippines,2013Q1,0.414345530537099,-0.0007468275741659425
philippines,2013Q2,0.40980485908529807,-0.004540671451800926
philippines,2013Q3,0.4075882068459267,-0.0022166522393713417
philippines,2013Q4,0.4066841688060902,-0.0009040380398365189
philippines,2014Q1,0.4062859866864513,-0.0003981821196389346
philippines,2014Q2,0.4069293564790215,0.0006433697925702364
philippines,2014Q3,0.40228446604074886,-0.004644890438272653
philippines,2014Q4,0.39647233291390366,-0.005812133126845198
philippines,2015Q1,0.3882086196648826,-0.008263713249021032
philippines,2015Q2,0.38645131259950466,-0.0017573070653779665
philippines,2015Q3,0.37976050757034857,-0.006690805029156088
philippines,2015Q4,0.3751039050057293,-0.00465660256461925
philippines,2016Q1,0.37306566229568655,-0.0020382427100427702
philippines,2016Q2,0.38183220350781844,0.008766541212131884
philippines,2016Q3,0.38222067172326224,0.0003884682154438046
philippines,2016Q4,0.38372464269825013,0.0015039709749878893
philippines,2017Q1,0.3870389531639743,0.0033143104657241684
philippines,2017Q2,0.38501388696935657,-0.0020250661946177306
philippines,2017Q3,0.38618988173877467,0.0011759947694180983
philippines,2017Q4,0.3877979053624074,0.001608023623632715
philippines,2018Q1,0.3919066678070696,0.0041087624446622395
philippines,2018Q2,0.39446752133467355,0.0025608535276039346
philippines,2018Q3,0.3884791988942589,-0.00598832244041464
philippines,2018Q4,0.3857868162987804,-0.002692382595478493
philippines,2019Q1,0.3859426510935893,0.0001558347948088512
philippines,2019Q2,0.3861233106866886,0.00018065959309931934
philippines,2019Q3,0.38383412214983675,-0.0022891885368518383
philippines,2019Q4,0.3864611177243039,0.0026269955744671614
philippines,2020Q1,0.3842876651453526,-0.002173452578951296
philippines,2020Q2,0.37588332820506976,-0.008404336940282864
philippines,2020Q3,0.38521287171203356,0.0093295435069638
philippines,2020Q4,0.39452527809948307,0.009312406387449512
philippines,2021Q1,0.4064841059751624,0.011958827875679312
philippines,2021Q2,0.41363423513825415,0.007150129163091767
philippines,2021Q3,0.414106054099701,0.0004718189614468793
philippines,2021Q4,0.4157494451345547,0.0016433910348536696
philippines,2022Q1,0.42670576669240123,0.010956321557846538
philippines,2022Q2,0.4315673513339156,0.0048615846415143715
philippines,2022Q3,0.4203814114365149,-0.011185939897400687
philippines,2022Q4,0.41805547576895996,-0.002325935667554957
philippines,2023Q1,0.4168097793241453,-0.001245696444814648
philippines,2023Q2,0.41335846821931244,-0.003451311104832877
philippines,2023Q3,0.4124423291507181,-0.0009161390685943349
philippines,2023Q4,0.4116882263050701,-0.0007541028456479748
philippines,2024Q1,0.40941895416785873,-0.0022692721372113978
philippines,2024Q2,0.4109294876922017,0.001510533524342994
philippines,2024Q3,0.40797766298223526,-0.0029518247099664663
philippines,2024Q4,0.40928505053643943,0.0013073875542041757
philippines,2025Q1,0.4083709230673753,-0.0009141274690641077
philippines,2025Q2,0.40452510440578826,-0.0038458186615870638
philippines,2025Q3,0.404803244516854,0.00027814011106575
philippines,2025Q4,0.40607511125650697,0.0012718667396529604
philippines,2026Q1,0.4131935209375174,0.007118409681010407
philippines,2026Q2,0.41893830684492966,0.0057447859074122865
philippines,2026Q3,0.41706851542392887,-0.0018697914210007993
poland,1960Q1,0.46093804884549433,
poland,1960Q2,0.46085422195343245,-8.382689206187788e-05
poland,1960Q3,0.45998356653696354,-0.0008706554164689129
poland,1960Q4,0.4550463786966923,-0.004937187840271251
poland,1961Q1,0.4607844357395479,0.0057380570428556266
poland,1961Q2,0.4650951869692278,0.004310751229679888
poland,1961Q3,0.46082139198252836,-0.004273794986699442
poland,1961Q4,0.46005170082877395,-0.0007696911537544149
poland,1962Q1,0.4567478918822873,-0.0033038089464866305
poland,1962Q2,0.4580759331650142,0.0013280412827268995
poland,1962Q3,0.45752241175502745,-0.000553521409986768
poland,1962Q4,0.45817710070702655,0.000654688951999105
poland,1963Q1,0.46235889033860433,0.004181789631577781
poland,1963Q2,0.4674707715186991,0.005111881180094757
poland,1963Q3,0.4662698390509079,-0.0012009324677911826
poland,1963Q4,0.471605882317611,0.005336043266703117
poland,1964Q1,0.468469709379982,-0.0031361729376290226
poland,1964Q2,0.4691062048829081,0.0006364955029261044
poland,1964Q3,0.469117628523077,1.1423640168872762e-05
poland,1964Q4,0.4751089334360107,0.005991304912933704
poland,1965Q1,0.4734628117117198,-0.0016461217242909054
poland,1965Q2,0.47756422745605204,0.00410141574433226
poland,1965Q3,0.47203507497700425,-0.005529152479047783
poland,1965Q4,0.47479387696437625,0.002758801987371995
poland,1966Q1,0.48226830615753535,0.0074744291931591045
poland,1966Q2,0.4828330665644215,0.0005647604068861334
poland,1966Q3,0.4804530917685762,-0.0023799747958452855
poland,1966Q4,0.4765483432312553,-0.0039047485373209234
poland,1967Q1,0.47516308430939835,-0.0013852589218569245
poland,1967Q2,0.47363575980467043,-0.0015273245047279227
poland,1967Q3,0.4736206539162699,-1.5105888400535061e-05
poland,1967Q4,0.4767468374881652,0.0031261835718953135
poland,1968Q1,0.47920847014448154,0.002461632656316326
poland,1968Q2,0.47141689775697704,-0.007791572387504497
poland,1968Q3,0.466536840140927,-0.0048800576160500375
poland,1968Q4,0.46727331872461886,0.0007364785836918575
poland,1969Q1,0.4711245771617496,0.0038512584371307446
poland,1969Q2,0.47699502437417324,0.005870447212423635
poland,1969Q3,0.47743975181436327,0.0004447274401900292
poland,1969Q4,0.4806274307019771,0.003187678887613843
poland,1970Q1,0.493643891403209,0.013016460701231913
poland,1970Q2,0.4946199117698552,0.0009760203666461797
poland,1970Q3,0.4900178112411859,-0.004602100528669328
poland,1970Q4,0.4902515511769443,0.00023373993575842578
poland,1971Q1,0.5032442012736238,0.012992650096679492
poland,1971Q2,0.5027152574595826,-0.0005289438140412273
poland,1971Q3,0.5061995044304726,0.0034842469708900037
poland,1971Q4,0.5047546360066688,-0.001444868423803758
poland,1972Q1,0.5109102234845024,0.006155587477833624
poland,1972Q2,0.5102692414761347,-0.0006409820083677076
poland,1972Q3,0.5094946703378522,-0.0007745711382824982
poland,1972Q4,0.5198446253867506,0.010349955048898352
poland,1973Q1,0.553245858236759,0.0334012328500084
poland,1973Q2,0.5825071260843577,0.02926126784759875
poland,1973Q3,0.6117682565380416,0.029261130453683837
poland,1973Q4,0.6288083030212358,0.017040046483194238
poland,1974Q1,0.7018230005694971,0.07301469754826129
poland,1974Q2,0.693305143487202,-0.008517857082295133
poland,1974Q3,0.6902985181816758,-0.0030066253055262004
poland,1974Q4,0.6955416237595349,0.00524310557785912
poland,1975Q1,0.6792839146518654,-0.016257709107669438
poland,1975Q2,0.6644031878218389,-0.014880726830026503
poland,1975Q3,0.6652221204242312,0.0008189326023922971
poland,1975Q4,0.6559288088349957,-0.00929331158923552
poland,1976Q1,0.6631337450648218,0.007204936229826098
poland,1976Q2,0.6700073137608173,0.0068735686959955355
poland,1976Q3,0.6770391737544651,0.007031859993647749
poland,1976Q4,0.6722316213611454,-0.004807552393319647
poland,1977Q1,0.6876440966429808,0.015412475281835314
poland,1977Q2,0.6925668283983604,0.004922731755379606
poland,1977Q3,0.6735089605760942,-0.01905786782226615
poland,1977Q4,0.6783544511877073,0.004845490611613101
poland,1978Q1,0.6909828355493033,0.012628384361595968
poland,1978Q2,0.6986478472406557,0.007665011691352364
poland,1978Q3,0.6970264995412243,-0.0016213476994313414
poland,1978Q4,0.7066091316103007,0.009582632069076391
poland,1979Q1,0.7359776267942948,0.029368495183994092
poland,1979Q2,0.7610768386433039,0.025099211849009095
poland,1979Q3,0.7715431886269724,0.010466349983668466
poland,1979Q4,0.7828137232416754,0.011270534614703065
poland,1980Q1,0.7915204642123486,0.008706740970673144
poland,1980Q2,0.7851588922765926,-0.0063615719357559275
poland,1980Q3,0.7895697496548353,0.00441085737824265
poland,1980Q4,0.7965732018349729,0.007003452180137648
poland,1981Q1,0.7872289418731941,-0.00934425996177879
poland,1981Q2,0.7746701754247667,-0.01255876644842746
poland,1981Q3,0.7670661429151329,-0.007604032509633818
poland,1981Q4,0.7599462480179078,-0.0071198948972250875
poland,1982Q1,0.7510308221386017,-0.00891542587930605
poland,1982Q2,0.7472802270168626,-0.003750595121739142
poland,1982Q3,0.7367591044360675,-0.010521122580795073
poland,1982Q4,0.7325719116245115,-0.004187192811555995
poland,1983Q1,0.7351099283248852,0.0025380167003736798
poland,1983Q2,0.7489047704888887,0.013794842164003507
poland,1983Q3,0.7620811187057186,0.013176348216829892
poland,1983Q4,0.7601597228035841,-0.0019213959021344706
poland,1984Q1,0.7601776619776126,1.7939174028480664e-05
poland,1984Q2,0.7592051157790088,-0.0009725461986037631
poland,1984Q3,0.7388126508294648,-0.020392464949544054
poland,1984Q4,0.7313162719677679,-0.007496378861696851
poland,1985Q1,0.7301929114171644,-0.0011233605506035804
poland,1985Q2,0.728340843211601,-0.0018520682055633841
poland,1985Q3,0.7160803606654551,-0.012260482546145868
poland,1985Q4,0.7138748315248732,-0.002205529140581919
poland,1986Q1,0.7023059104365755,-0.011568921088297657
poland,1986Q2,0.6839023156686098,-0.018403594767965714
poland,1986Q3,0.672825308198763,-0.011077007469846856
poland,1986Q4,0.6813839269120182,0.00855861871325525
poland,1987Q1,0.6962574958750383,0.014873568963020056
poland,1987Q2,0.7065620238120423,0.010304527937003982
poland,1987Q3,0.7143205078129882,0.00775848400094592
poland,1987Q4,0.7269425158568703,0.012622008043882138
poland,1988Q1,0.7331573981936284,0.006214882336758043
poland,1988Q2,0.749954682743343,0.01679728454971463
poland,1988Q3,0.7461763881396339,-0.0037782946037090426
poland,1988Q4,0.7451402845053002,-0.0010361036343337071
poland,1989Q1,0.7545004408123078,0.009360156307007594
poland,1989Q2,0.755445026533528,0.000944585721220137
poland,1989Q3,0.7452710384804778,-0.010173988053050143
poland,1989Q4,0.7469383198343198,0.0016672813538419762
poland,1990Q1,0.7442186099477637,-0.002719709886556121
poland,1990Q2,0.7368242136860657,-0.007394396261698022
poland,1990Q3,0.7578121252676723,0.020987911581606622
poland,1990Q4,0.7625688467675702,0.00475672149989792
poland,1991Q1,0.7430632856515886,-0.019505561115981562
poland,1991Q2,0.7338602849411027,-0.009203000710485965
poland,1991Q3,0.7344153232594371,0.0005550383183344776
poland,1991Q4,0.7358211021856046,0.0014057789261674447
poland,1992Q1,0.7314512431518978,-0.004369859033706791
poland,1992Q2,0.7366549163690636,0.00520367321716575
poland,1992Q3,0.7380983468506956,0.0014434304816320909
poland,1992Q4,0.7290945966902944,-0.009003750160401225
poland,1993Q1,0.7286547126121588,-0.0004398840781356661
poland,1993Q2,0.7275410538879157,-0.0011136587242430718
poland,1993Q3,0.7255348141151403,-0.0020062397727753645
poland,1993Q4,0.7223232575813338,-0.003211556533806559
poland,1994Q1,0.7280048713826068,0.005681613801273078
poland,1994Q2,0.7327681448835435,0.004763273500936638
poland,1994Q3,0.7397606760823485,0.006992531198805052
poland,1994Q4,0.7477767511402229,0.008016075057874383
poland,1995Q1,0.7536715193921386,0.005894768251915705
poland,1995Q2,0.7544753260229844,0.0008038066308457825
poland,1995Q3,0.7560136673012388,0.0015383412782543626
poland,1995Q4,0.7596409245030631,0.00362725720182433
poland,1996Q1,0.7660703106558076,0.006429386152744465
poland,1996Q2,0.7691038889933676,0.0030335783375600167
poland,1996Q3,0.7620910006693397,-0.0070128883240279105
poland,1996Q4,0.7623396794098278,0.00024867874048817296
poland,1997Q1,0.7654659010304385,0.003126221620610714
poland,1997Q2,0.7553651945641093,-0.010100706466329212
poland,1997Q3,0.7505414609279174,-0.004823733636191929
poland,1997Q4,0.7461084277193561,-0.0044330332085612545
poland,1998Q1,0.7272808425979773,-0.01882758512137883
poland,1998Q2,0.7216781308120124,-0.005602711785964942
poland,1998Q3,0.7096235308544399,-0.01205459995757252
poland,1998Q4,0.7041708104420552,-0.0054527204123846484
poland,1999Q1,0.6964431627315044,-0.007727647710550789
poland,1999Q2,0.7055181600973005,0.00907499736579609
poland,1999Q3,0.7202796849346099,0.014761524837309414
poland,1999Q4,0.7296336260843261,0.009353941149716216
poland,2000Q1,0.7404358702292552,0.01080224414492903
poland,2000Q2,0.7391343112226527,-0.0013015590066024485
poland,2000Q3,0.7434455672089977,0.004311255986344964
poland,2000Q4,0.7472855045396294,0.003839937330631704
poland,2001Q1,0.7433820731428802,-0.003903431396749202
poland,2001Q2,0.7386645634171471,-0.004717509725733038
poland,2001Q3,0.7334147613825699,-0.005249802034577256
poland,2001Q4,0.7133061509268699,-0.020108610455700004
poland,2002Q1,0.7206211984409475,0.007315047514077633
poland,2002Q2,0.7321621149602551,0.011540916519307554
poland,2002Q3,0.7411211483575715,0.008959033397316407
poland,2002Q4,0.7470325520067103,0.00591140364913878
poland,2003Q1,0.7598917160104675,0.012859164003757195
poland,2003Q2,0.7498577544013676,-0.010033961609099862
poland,2003Q3,0.7539953246084283,0.004137570207060737
poland,2003Q4,0.771979436824922,0.017984112216493653
poland,2004Q1,0.7911604044648761,0.01918096763995414
poland,2004Q2,0.7968045504065726,0.005644145941696488
poland,2004Q3,0.7965745684095082,-0.00022998199706436573
poland,2004Q4,0.7999023740847616,0.0033278056752533702
poland,2005Q1,0.8124686752010923,0.012566301116330725
poland,2005Q2,0.8171117079616567,0.004643032760564325
poland,2005Q3,0.827259699659692,0.010147991698035375
poland,2005Q4,0.8322993627030479,0.005039663043355902
poland,2006Q1,0.8436854814974727,0.011386118794424749
poland,2006Q2,0.8593124054442121,0.01562692394673937
poland,2006Q3,0.8611917768417197,0.001879371397507601
poland,2006Q4,0.8625858642701771,0.00139408742845748
poland,2007Q1,0.8661420329388279,0.0035561686686507166
poland,2007Q2,0.8828670509847332,0.016725018045905315
poland,2007Q3,0.8918321273779457,0.008965076393212534
poland,2007Q4,0.9113005619331978,0.019468434555252045
poland,2008Q1,0.9361268210697044,0.0248262591365066
poland,2008Q2,0.9596531294796965,0.023526308409992147
poland,2008Q3,0.9443381012308392,-0.015315028248857332
poland,2008Q4,0.8584108745390282,-0.08592722669181097
poland,2009Q1,0.8401747629099354,-0.018236111629092777
poland,2009Q2,0.8624814747112196,0.022306711801284185
poland,2009Q3,0.877069469380402,0.01458799466918237
poland,2009Q4,0.8907720526837175,0.01370258330331553
poland,2010Q1,0.8983440391105777,0.007571986426860189
poland,2010Q2,0.8960785820411872,-0.0022654570693905196
poland,2010Q3,0.902303661640223,0.006225079599035843
poland,2010Q4,0.9288936924358806,0.026590030795657582
poland,2011Q1,0.9528901810691812,0.023996488633300617
poland,2011Q2,0.9553016871965869,0.002411506127405705
poland,2011Q3,0.9509425110081318,-0.0043591761884551605
poland,2011Q4,0.9337170203412797,-0.017225490666852084
poland,2012Q1,0.9419263672332594,0.008209346891979719
poland,2012Q2,0.9357201659354091,-0.006206201297850322
poland,2012Q3,0.9398170559243827,0.004096889988973618
poland,2012Q4,0.9372984022939231,-0.0025186536304595553
poland,2013Q1,0.9376568981597813,0.00035849586585812165
poland,2013Q2,0.9256753554038044,-0.011981542755976848
poland,2013Q3,0.9237864598740602,-0.00188889552974425
poland,2013Q4,0.9226119987230226,-0.0011744611510375869
poland,2014Q1,0.9214146405027048,-0.0011973582203177457
poland,2014Q2,0.9223094348741845,0.0008947943714796569
poland,2014Q3,0.9124837901124397,-0.009825644761744745
poland,2014Q4,0.8925330875461168,-0.01995070256632292
poland,2015Q1,0.8666003798274762,-0.025932707718640646
poland,2015Q2,0.8672842399613742,0.0006838601338979844
poland,2015Q3,0.8479195314911627,-0.019364708470211434
poland,2015Q4,0.8337418243670626,-0.014177707124100158
poland,2016Q1,0.8223632803313872,-0.011378544035675398
poland,2016Q2,0.8460041142218457,0.023640833890458568
poland,2016Q3,0.8481894620326604,0.0021853478108146973
poland,2016Q4,0.8560632427003401,0.00787378066767963
poland,2017Q1,0.8653135155969269,0.009250272896586864
poland,2017Q2,0.8585823103086347,-0.006731205288292186
poland,2017Q3,0.8632681082350482,0.0046857979264134375
poland,2017Q4,0.87198663654918,0.00871852831413178
poland,2018Q1,0.8823541104345698,0.010367473885389833
poland,2018Q2,0.8894614423909267,0.007107331956356933
poland,2018Q3,0.8789582813565883,-0.01050316103433846
poland,2018Q4,0.871235030125063,-0.0077232512315252855
poland,2019Q1,0.8688588760075714,-0.0023761541174915912
poland,2019Q2,0.8706133789637124,0.0017545029561409908
poland,2019Q3,0.8627761864963844,-0.007837192467327947
poland,2019Q4,0.8672998298012804,0.0045236433048959634
poland,2020Q1,0.8555373364614403,-0.011762493339840141
poland,2020Q2,0.8255500702795264,-0.02998726618191383
poland,2020Q3,0.8533235643037198,0.02777349402419338
poland,2020Q4,0.8729331793792933,0.01960961507557346
poland,2021Q1,0.9052504728322446,0.03231729345295131
poland,2021Q2,0.9230957760963835,0.017845303264138912
poland,2021Q3,0.9287268739138457,0.005631097817462183
poland,2021Q4,0.9364199018837139,0.00769302796986826
poland,2022Q1,0.9622325673531125,0.025812665469398532
poland,2022Q2,0.9739354717248552,0.011702904371742706
poland,2022Q3,0.9526799383308173,-0.02125553339403785
poland,2022Q4,0.9421471337641512,-0.010532804566666165
poland,2023Q1,0.934316454594329,-0.007830679169822163
poland,2023Q2,0.9240633062858642,-0.010253148308464799
poland,2023Q3,0.9253491091186667,0.0012858028328025517
poland,2023Q4,0.9235545705982168,-0.001794538520449973
poland,2024Q1,0.9188222361373453,-0.004732334460871512
poland,2024Q2,0.9240009954899583,0.005178759352613027
poland,2024Q3,0.9170836302908394,-0.006917365199118897
poland,2024Q4,0.9181437188298911,0.0010600885390517067
poland,2025Q1,0.9178174942495523,-0.0003262245803388186
poland,2025Q2,0.9072953506958145,-0.010522143553737817
poland,2025Q3,0.9090156830755928,0.001720332379778311
poland,2025Q4,0.9102899213222924,0.0012742382466995883
poland,2026Q1,0.9317138620571669,0.021423940734874525
poland,2026Q2,0.949486436449732,0.017772574392565077
poland,2026Q3,0.9415257160811655,-0.007960720368566432
southafrica,1960Q1,0.9019774376301253,
southafrica,1960Q2,0.9019231294149024,-5.430821522289797e-05
southafrica,1960Q3,0.8990605707410058,-0.0028625586738966202
southafrica,1960Q4,0.8904927814485257,-0.008567789292480033
southafrica,1961Q1,0.8956093706898896,0.0051165892413638225
southafrica,1961Q2,0.9029073443646894,0.007297973674799896
southafrica,1961Q3,0.8968801276552545,-0.006027216709434957
southafrica,1961Q4,0.8951080470699209,-0.0017720805853336241
southafrica,1962Q1,0.8890180341041465,-0.006090012965774383
southafrica,1962Q2,0.8895845449108891,0.0005665108067426372
southafrica,1962Q3,0.8887511181127774,-0.0008334267981117138
southafrica,1962Q4,0.8896749880407344,0.0009238699279570106
southafrica,1963Q1,0.8945422519236204,0.004867263882885942
southafrica,1963Q2,0.9007692772853287,0.006227025361708383
southafrica,1963Q3,0.8990881149003074,-0.001681162385021362
southafrica,1963Q4,0.9070263715150788,0.007938256614771433
southafrica,1964Q1,0.9040738743498723,-0.0029524971652065135
southafrica,1964Q2,0.9127362594773438,0.008662385127471528
southafrica,1964Q3,0.9201267286657906,0.007390469188446769
southafrica,1964Q4,0.9396782910911778,0.019551562425387248
southafrica,1965Q1,0.9310905620219154,-0.008587729069262418
southafrica,1965Q2,0.9446299714117119,0.013539409389796475
southafrica,1965Q3,0.9320208840377675,-0.012609087373944394
southafrica,1965Q4,0.9430895193872988,0.011068635349531286
southafrica,1966Q1,0.9627640602906038,0.019674540903305004
southafrica,1966Q2,0.961038636820728,-0.0017254234698758086
southafrica,1966Q3,0.9436909156960547,-0.01734772112467331
southafrica,1966Q4,0.9380322636883254,-0.0056586520077293034
southafrica,1967Q1,0.9329379964758554,-0.005094267212469972
southafrica,1967Q2,0.9247909130050125,-0.00814708347084292
southafrica,1967Q3,0.9255186411085455,0.0007277281035330541
southafrica,1967Q4,0.9388416384973599,0.013322997388814373
southafrica,1968Q1,0.951300199438541,0.01245856094118114
southafrica,1968Q2,0.9280066557287132,-0.023293543709827835
southafrica,1968Q3,0.9203177375219684,-0.007688918206744777
southafrica,1968Q4,0.9228559138951515,0.0025381763731830986
southafrica,1969Q1,0.9333312623430063,0.010475348447854804
southafrica,1969Q2,0.9458415175962169,0.01251025525321059
southafrica,1969Q3,0.950619956395923,0.004778438799706075
southafrica,1969Q4,0.9580019513497424,0.007381994953819415
southafrica,1970Q1,0.9827446686809007,0.024742717331158293
southafrica,1970Q2,0.9819679970463038,-0.0007766716345969371
southafrica,1970Q3,0.967538060890226,-0.014429936156077794
southafrica,1970Q4,0.9616585940160614,-0.005879466874164629
southafrica,1971Q1,0.9866628729931801,0.025004278977118766
southafrica,1971Q2,0.9889177791277011,0.002254906134520951
southafrica,1971Q3,0.9937656549735713,0.004847875845870209
southafrica,1971Q4,0.9922068453308088,-0.0015588096427624487
southafrica,1972Q1,1.0061648410668182,0.013957995736009421
southafrica,1972Q2,1.0011375505170241,-0.005027290549794117
southafrica,1972Q3,0.9927686832993099,-0.008368867217714238
southafrica,1972Q4,1.0038203918763497,0.011051708577039854
southafrica,1973Q1,1.0649617948919206,0.061141403015570805
southafrica,1973Q2,1.1183268173749954,0.05336502248307484
southafrica,1973Q3,1.1757464424297517,0.057419625054756285
southafrica,1973Q4,1.2206207454194198,0.0448743029896681
southafrica,1974Q1,1.3583972989117523,0.13777655349233253
southafrica,1974Q2,1.3540885856649587,-0.004308713246793605
southafrica,1974Q3,1.3255664770122946,-0.028522108652664135
southafrica,1974Q4,1.3220782561613167,-0.0034882208509778856
southafrica,1975Q1,1.3090729657137126,-0.013005290447604123
southafrica,1975Q2,1.2904680800517419,-0.018604885661970716
southafrica,1975Q3,1.2879611872768115,-0.002506892774930325
southafrica,1975Q4,1.2744969887876123,-0.01346419848919922
southafrica,1976Q1,1.294783834928781,0.020286846141168713
southafrica,1976Q2,1.310515599384228,0.015731764455446884
southafrica,1976Q3,1.3280795233614269,0.01756392397719897
southafrica,1976Q4,1.3184502396997564,-0.009629283661670485
southafrica,1977Q1,1.3493688382065931,0.03091859850683676
southafrica,1977Q2,1.3531290622002778,0.003760223993684697
southafrica,1977Q3,1.331275429607118,-0.021853632593159755
southafrica,1977Q4,1.3397480614325556,0.00847263182543756
southafrica,1978Q1,1.3583877223231098,0.018639660890554133
southafrica,1978Q2,1.3669148600594831,0.00852713773637337
southafrica,1978Q3,1.372105456275126,0.005190596215642884
southafrica,1978Q4,1.3927165652665363,0.020611108991410276
southafrica,1979Q1,1.4529853505741444,0.06026878530760804
southafrica,1979Q2,1.506502313510102,0.05351696293595776
southafrica,1979Q3,1.5262309099195654,0.01972859640946334
southafrica,1979Q4,1.5546416584038927,0.02841074848432723
southafrica,1980Q1,1.579134054345547,0.02449239594165431
southafrica,1980Q2,1.5552075254838023,-0.023926528861744734
southafrica,1980Q3,1.5571451067573283,0.0019375812735260567
southafrica,1980Q4,1.5601106500833217,0.002965543325993414
southafrica,1981Q1,1.5427457686397228,-0.017364881443598934
southafrica,1981Q2,1.5177135160674826,-0.025032252572240177
southafrica,1981Q3,1.5042219765747153,-0.013491539492767268
southafrica,1981Q4,1.492092053706077,-0.012129922868638454
southafrica,1982Q1,1.4753322413863041,-0.01675981231977275
southafrica,1982Q2,1.4637288884416615,-0.011603352944642653
southafrica,1982Q3,1.4490699507348959,-0.014658937706765629
southafrica,1982Q4,1.4424913429933635,-0.006578607741532405
southafrica,1983Q1,1.4530236047321652,0.01053226173880173
southafrica,1983Q2,1.4821367367052725,0.029113131973107276
southafrica,1983Q3,1.5035318152862542,0.021395078580981775
southafrica,1983Q4,1.4956332300473176,-0.007898585238936606
southafrica,1984Q1,1.4946395060357711,-0.0009937240115465151
southafrica,1984Q2,1.4867743869178334,-0.007865119117937747
southafrica,1984Q3,1.4471490798021078,-0.03962530711572554
southafrica,1984Q4,1.4356501137238178,-0.01149896607829004
southafrica,1985Q1,1.4349318979942034,-0.000718215729614391
southafrica,1985Q2,1.4341333142161548,-0.0007985837780486449
southafrica,1985Q3,1.4123150953074122,-0.02181821890874258
southafrica,1985Q4,1.4062370441489846,-0.006078051158427522
southafrica,1986Q1,1.3875659381743632,-0.018671105974621405
southafrica,1986Q2,1.3540093192656046,-0.033556618908758606
southafrica,1986Q3,1.3367841484412764,-0.017225170824328284
southafrica,1986Q4,1.3525935742339963,0.015809425792719933
southafrica,1987Q1,1.38352482469281,0.03093125045881373
southafrica,1987Q2,1.407228222657749,0.023703397964939033
southafrica,1987Q3,1.4346932184634753,0.027464995805726256
southafrica,1987Q4,1.462753669835279,0.028060451371803685
southafrica,1988Q1,1.4794068385038475,0.016653168668568474
southafrica,1988Q2,1.5233809606627846,0.043974122158937146
southafrica,1988Q3,1.500539435382156,-0.02284152528062866
southafrica,1988Q4,1.5054989800513539,0.004959544669197902
southafrica,1989Q1,1.525008411496721,0.01950943144536721
southafrica,1989Q2,1.5188188307419497,-0.006189580754771384
southafrica,1989Q3,1.4957530452472536,-0.023065785494696067
southafrica,1989Q4,1.496599066265111,0.0008460210178573568
southafrica,1990Q1,1.4860361235897657,-0.0105629426753453
southafrica,1990Q2,1.4755894138689973,-0.010446709720768332
southafrica,1990Q3,1.5267531512170551,0.05116373734805779
southafrica,1990Q4,1.5309499905664463,0.00419683934939119
southafrica,1991Q1,1.4846197273195043,-0.046330263246942005
southafrica,1991Q2,1.4630609283565152,-0.021558798962989068
southafrica,1991Q3,1.4613804535216661,-0.0016804748348491216
southafrica,1991Q4,1.4602561338229525,-0.0011243196987136272
southafrica,1992Q1,1.4515283812676723,-0.008727752555280244
southafrica,1992Q2,1.4660164627150893,0.01448808144741709
southafrica,1992Q3,1.4721332557560145,0.006116793040925161
southafrica,1992Q4,1.4486110178191014,-0.023522237936913104
southafrica,1993Q1,1.4447547577983182,-0.0038562600207832087
southafrica,1993Q2,1.4389276710232908,-0.0058270867750274125
southafrica,1993Q3,1.4337610015932456,-0.005166669430045179
southafrica,1993Q4,1.4186510298672725,-0.01510997172597306
southafrica,1994Q1,1.433752361434053,0.015101331566780507
southafrica,1994Q2,1.4519582056459646,0.018205844211911515
southafrica,1994Q3,1.4726945920832937,0.020736386437329113
southafrica,1994Q4,1.496514179196527,0.023819587113233398
southafrica,1995Q1,1.5107146269674188,0.014200447770891689
southafrica,1995Q2,1.5093763125098099,-0.0013383144576089023
southafrica,1995Q3,1.509741996267425,0.0003656837576151428
southafrica,1995Q4,1.5104948819748272,0.0007528857074021733
southafrica,1996Q1,1.5180705430856292,0.00757566111080199
southafrica,1996Q2,1.518732915901796,0.0006623728161667675
southafrica,1996Q3,1.5006950433168407,-0.01803787258495526
southafrica,1996Q4,1.5077732317095693,0.007078188392728668
southafrica,1997Q1,1.5174980811390575,0.009724849429488147
southafrica,1997Q2,1.5006542056675611,-0.01684387547149635
southafrica,1997Q3,1.4944482848695182,-0.006205920798042941
southafrica,1997Q4,1.4778588432461812,-0.016589441623336976
southafrica,1998Q1,1.4359226665904075,-0.04193617665577376
southafrica,1998Q2,1.4229367011541978,-0.012985965436209668
southafrica,1998Q3,1.4007545992172996,-0.02218210193689818
southafrica,1998Q4,1.3872486624731235,-0.013505936744176106
southafrica,1999Q1,1.3716483842550349,-0.015600278218088626
southafrica,1999Q2,1.4001173950373695,0.02846901078233466
southafrica,1999Q3,1.4389064189742962,0.038789023936926625
southafrica,1999Q4,1.4604285625521018,0.021522143577805686
southafrica,2000Q1,1.4852793466366043,0.024850784084502475
southafrica,2000Q2,1.478681971369015,-0.0065973752675894115
southafrica,2000Q3,1.4925153332057397,0.013833361836724789
southafrica,2000Q4,1.4947721314848024,0.002256798279062666
southafrica,2001Q1,1.4857746224585804,-0.008997509026221984
southafrica,2001Q2,1.4735568639976488,-0.012217758460931538
southafrica,2001Q3,1.4520539131765293,-0.021502950821119526
southafrica,2001Q4,1.4134283377981984,-0.03862557537833089
southafrica,2002Q1,1.4310663946662503,0.017638056868051866
southafrica,2002Q2,1.453150918338662,0.02208452367241165
southafrica,2002Q3,1.463694564806898,0.010543646468236023
southafrica,2002Q4,1.475492448518038,0.0117978837111401
southafrica,2003Q1,1.505027652617518,0.02953520409947985
southafrica,2003Q2,1.485860422148333,-0.019167230469185004
southafrica,2003Q3,1.497734094062918,0.011873671914585104
southafrica,2003Q4,1.5324817620872484,0.03474766802433038
southafrica,2004Q1,1.5765788029263579,0.04409704083910948
southafrica,2004Q2,1.5877985147386582,0.011219711812300304
southafrica,2004Q3,1.5944421517649023,0.0066436370262441535
southafrica,2004Q4,1.6072804436826302,0.012838291917727895
southafrica,2005Q1,1.6369367854634254,0.029656341780795126
southafrica,2005Q2,1.645464447651871,0.008527662188445584
southafrica,2005Q3,1.6689029698041533,0.02343852215228237
southafrica,2005Q4,1.684216953787108,0.015313983982954582
southafrica,2006Q1,1.7136701593087338,0.02945320552162589
southafrica,2006Q2,1.7599739246650001,0.046303765356266346
southafrica,2006Q3,1.7667336873144182,0.006759762649418022
southafrica,2006Q4,1.7673070137662679,0.0005733264518497094
southafrica,2007Q1,1.7704213300473046,0.0031143162810367553
southafrica,2007Q2,1.8097444858650307,0.03932315581772605
southafrica,2007Q3,1.8179675690459145,0.008223083180883828
southafrica,2007Q4,1.8504193859660378,0.03245181692012333
southafrica,2008Q1,1.8921949789102552,0.0417755929442174
southafrica,2008Q2,1.9339669512854618,0.04177197237520658
southafrica,2008Q3,1.9018518495517298,-0.032115101733732
southafrica,2008Q4,1.7104434605782761,-0.1914083889734537
southafrica,2009Q1,1.6614569402966977,-0.04898652028157846
southafrica,2009Q2,1.7121768214699862,0.05071988117328852
southafrica,2009Q3,1.7583737263395132,0.04619690486952699
southafrica,2009Q4,1.7917282604791784,0.03335453413966527
southafrica,2010Q1,1.8154510677990687,0.023722807319890293
southafrica,2010Q2,1.8164547451233055,0.0010036773242367847
southafrica,2010Q3,1.821173112872737,0.0047183677494315734
southafrica,2010Q4,1.8748147917626037,0.053641678889866595
southafrica,2011Q1,1.9240198077528254,0.04920501599022176
southafrica,2011Q2,1.9283113537997638,0.004291546046938377
southafrica,2011Q3,1.9162101762344037,-0.01210117756536011
southafrica,2011Q4,1.874010888050664,-0.042199288183739636
southafrica,2012Q1,1.8926062697926687,0.01859538174200459
southafrica,2012Q2,1.8745785058343922,-0.018027763958276433
southafrica,2012Q3,1.8725275914961974,-0.0020509143381948203
southafrica,2012Q4,1.8744320709509836,0.0019044794547862232
southafrica,2013Q1,1.8800942202558197,0.005662149304836106
southafrica,2013Q2,1.8503952538627724,-0.029698966393047366
southafrica,2013Q3,1.8495775072177447,-0.0008177466450276505
southafrica,2013Q4,1.8492183569343563,-0.0003591502833883986
southafrica,2014Q1,1.844476904753699,-0.004741452180657246
southafrica,2014Q2,1.8445359487247075,5.904397100842118e-05
southafrica,2014Q3,1.8316119902894237,-0.012923958435283822
southafrica,2014Q4,1.7890738168223306,-0.0425381734670931
southafrica,2015Q1,1.733391637801931,-0.055682179020399625
southafrica,2015Q2,1.7378050593615255,0.004413421559594566
southafrica,2015Q3,1.6938186375580626,-0.043986421803462905
southafrica,2015Q4,1.6615892352939778,-0.03222940226408477
southafrica,2016Q1,1.6372899454263368,-0.024299289867641072
southafrica,2016Q2,1.6812159176845698,0.043925972258233026
southafrica,2016Q3,1.6890463326374778,0.007830414952908038
southafrica,2016Q4,1.7127642146004987,0.023717881963020826
southafrica,2017Q1,1.736805044540292,0.024040829939793396
southafrica,2017Q2,1.7199635408905958,-0.016841503649696277
southafrica,2017Q3,1.7367143355435324,0.016750794652936607
southafrica,2017Q4,1.7580963430892564,0.021382007545724058
southafrica,2018Q1,1.778979002438041,0.020882659348784527
southafrica,2018Q2,1.7905560143708976,0.011577011932856651
southafrica,2018Q3,1.7678894582157891,-0.022666556155108486
southafrica,2018Q4,1.7535720907294212,-0.014317367486367916
southafrica,2019Q1,1.749226023101533,-0.004346067627888139
southafrica,2019Q2,1.7535876475245067,0.004361624422973609
southafrica,2019Q3,1.7373851708991292,-0.016202476625377438
southafrica,2019Q4,1.7419332964352674,0.004548125536138148
southafrica,2020Q1,1.714181170574806,-0.027752125860461385
southafrica,2020Q2,1.6538033521028865,-0.060377818471919475
southafrica,2020Q3,1.717501826043166,0.0636984739402795
southafrica,2020Q4,1.7561041638575836,0.038602337814417576
southafrica,2021Q1,1.8232467192209136,0.06714255536333003
southafrica,2021Q2,1.8636309247414284,0.040384205520514804
southafrica,2021Q3,1.874795028901593,0.011164104160164667
southafrica,2021Q4,1.888160752345466,0.013365723443872879
southafrica,2022Q1,1.939476097906985,0.051315345561518955
southafrica,2022Q2,1.9533983748381099,0.01392227693112491
southafrica,2022Q3,1.9042200701930332,-0.049178304645076665
southafrica,2022Q4,1.8840856082141784,-0.020134461978854823
southafrica,2023Q1,1.8760981638698384,-0.007987444344339956
southafrica,2023Q2,1.8517033769329412,-0.024394786936897228
southafrica,2023Q3,1.8546644064613458,0.0029610295284046018
southafrica,2023Q4,1.8517439264953603,-0.002920479965985434
southafrica,2024Q1,1.8453555881514379,-0.006388338343922495
southafrica,2024Q2,1.863690911690713,0.01833532353927514
southafrica,2024Q3,1.847316495909388,-0.016374415781325036
southafrica,2024Q4,1.8497340288420427,0.0024175329326547867
southafrica,2025Q1,1.8515740122341464,0.0018399833921036723
southafrica,2025Q2,1.8318525367128196,-0.01972147552132686
southafrica,2025Q3,1.8390331275030227,0.007180590790203167
southafrica,2025Q4,1.8473420019612725,0.008308874458249793
southafrica,2026Q1,1.8948889663268524,0.047546964365579925
southafrica,2026Q2,1.931618446054368,0.0367294797275155
southafrica,2026Q3,1.9149944078131667,-0.01662403824120129
turkey,1960Q1,0.5033650987080327,
turkey,1960Q2,0.503073244043744,-0.0002918546642887154
turkey,1960Q3,0.5028130405779037,-0.00026020346584032517
turkey,1960Q4,0.49653288722065575,-0.0062801533572479085
turkey,1961Q1,0.5063204661341743,0.009787578913518502
turkey,1961Q2,0.5119741545346901,0.005653688400515833
turkey,1961Q3,0.5058324621084435,-0.0061416924262466255
turkey,1961Q4,0.5051314997389861,-0.0007009623694573808
turkey,1962Q1,0.5032142129952345,-0.0019172867437515784
turkey,1962Q2,0.5057434646489904,0.0025292516537559484
turkey,1962Q3,0.5050430964805469,-0.0007003681684435437
turkey,1962Q4,0.5059248948881426,0.0008817984075957241
turkey,1963Q1,0.5124499009742278,0.006525006086085194
turkey,1963Q2,0.5203166357293532,0.007866734755125337
turkey,1963Q3,0.5188168446357466,-0.0014997910936065395
turkey,1963Q4,0.5265478027211888,0.007730958085442219
turkey,1964Q1,0.5236820640819583,-0.002865738639230564
turkey,1964Q2,0.5215294362690214,-0.0021526278129369025
turkey,1964Q3,0.5186052884972594,-0.0029241477717619757
turkey,1964Q4,0.522626438826608,0.004021150329348577
turkey,1965Q1,0.5228805143810177,0.0002540755544097051
turkey,1965Q2,0.5254034011797313,0.0025228867987135972
turkey,1965Q3,0.519513140636732,-0.005890260542999237
turkey,1965Q4,0.5205523654271931,0.0010392247904610352
turkey,1966Q1,0.5271154056624193,0.006563040235226247
turkey,1966Q2,0.5290397600992169,0.001924354436797615
turkey,1966Q3,0.5314249922557924,0.0023852321565754897
turkey,1966Q4,0.525801936924001,-0.005623055331791416
turkey,1967Q1,0.5254446653780858,-0.0003572715459152498
turkey,1967Q2,0.5256321079856754,0.00018744260758962739
turkey,1967Q3,0.5252876003502176,-0.0003445076354577914
turkey,1967Q4,0.5260063015860668,0.0007187012358491618
turkey,1968Q1,0.5259649641309407,-4.1337455126022604e-05
turkey,1968Q2,0.5197871207368945,-0.006177843394046256
turkey,1968Q3,0.5131869407087688,-0.0066001800281256795
turkey,1968Q4,0.5137068213613362,0.0005198806525673616
turkey,1969Q1,0.519752569452536,0.006045748091199843
turkey,1969Q2,0.5264036920454018,0.006651122592865821
turkey,1969Q3,0.5252676044897762,-0.0011360875556256644
turkey,1969Q4,0.5288508018147264,0.0035831973249502713
turkey,1970Q1,0.5375969612491763,0.008746159434449896
turkey,1970Q2,0.5398712690875732,0.002274307838396883
turkey,1970Q3,0.5364746979958471,-0.003396571091726086
turkey,1970Q4,0.5393729517098004,0.002898253713953247
turkey,1971Q1,0.5434688759918473,0.00409592428204697
turkey,1971Q2,0.541396051586068,-0.002072824405779383
turkey,1971Q3,0.5448023712220633,0.0034063196359953585
turkey,1971Q4,0.5424417885555499,-0.0023605826665134
turkey,1972Q1,0.5473585560730316,0.004916767517481713
turkey,1972Q2,0.5482246784084405,0.0008661223354088365
turkey,1972Q3,0.5488873853816071,0.0006627069731666158
turkey,1972Q4,0.5649818279863001,0.01609444260469306
turkey,1973Q1,0.6000876828112397,0.03510585482493955
turkey,1973Q2,0.6327939839220045,0.03270630111076478
turkey,1973Q3,0.6623586419686098,0.029564658046605352
turkey,1973Q4,0.6625830498000128,0.00022440783140298404
turkey,1974Q1,0.7031608857685439,0.04057783596853104
turkey,1974Q2,0.696999350275129,-0.006161535493414805
turkey,1974Q3,0.7055077069904552,0.008508356715326126
turkey,1974Q4,0.717315681919865,0.01180797492940977
turkey,1975Q1,0.687115576661,-0.030200105258864962
turkey,1975Q2,0.6642806682589023,-0.022834908402097676
turkey,1975Q3,0.6667171347109531,0.002436466452050756
turkey,1975Q4,0.6529604772008443,-0.013756657510108794
turkey,1976Q1,0.6541357536132681,0.0011752764124238757
turkey,1976Q2,0.6609793818090971,0.006843628195828955
turkey,1976Q3,0.6667661708344367,0.005786789025339578
turkey,1976Q4,0.6597624599072014,-0.007003710927235285
turkey,1977Q1,0.6757933937179096,0.016030933810708192
turkey,1977Q2,0.6842697280018571,0.008476334283947562
turkey,1977Q3,0.6541260750132885,-0.030143652988568692
turkey,1977Q4,0.6604650710418026,0.006338996028514177
turkey,1978Q1,0.6773946076552159,0.016929536613413232
turkey,1978Q2,0.688986941397753,0.011592333742537098
turkey,1978Q3,0.6828588645694532,-0.006128076828299744
turkey,1978Q4,0.6912099052900019,0.008351040720548708
turkey,1979Q1,0.7063990103647638,0.0151891050747619
turkey,1979Q2,0.7194465022010599,0.013047491836296055
turkey,1979Q3,0.7253106859862655,0.00586418378520559
turkey,1979Q4,0.7316094132438332,0.006298727257567749
turkey,1980Q1,0.7391863717553804,0.0075769585115471605
turkey,1980Q2,0.7364828012149733,-0.002703570540407041
turkey,1980Q3,0.7481777169956022,0.011694915780628867
turkey,1980Q4,0.7562164453869065,0.008038728391304262
turkey,1981Q1,0.7447144480492591,-0.01150199733764734
turkey,1981Q2,0.7334231420297966,-0.011291306019462488
turkey,1981Q3,0.7235057323130107,-0.009917409716785897
turkey,1981Q4,0.712559622348141,-0.010946109964869777
turkey,1982Q1,0.706508458416952,-0.006051163931188985
turkey,1982Q2,0.701111925718316,-0.005396532698635936
turkey,1982Q3,0.686612105648063,-0.014499820070253078
turkey,1982Q4,0.681128888320217,-0.005483217327845957
turkey,1983Q1,0.6876448375396808,0.006515949219463746
turkey,1983Q2,0.7028741561131,0.015229318573419248
turkey,1983Q3,0.7198053410531039,0.016931184940003896
turkey,1983Q4,0.7207526427225046,0.000947301669400713
turkey,1984Q1,0.7206459954696994,-0.00010664725280518095
turkey,1984Q2,0.721941072045584,0.0012950765758845684
turkey,1984Q3,0.6996208614423023,-0.02232021060328171
turkey,1984Q4,0.6904603237830303,-0.009160537659271939
turkey,1985Q1,0.6886783223902421,-0.0017820013927882794
turkey,1985Q2,0.6864551312304377,-0.002223191159804405
turkey,1985Q3,0.6711307461532745,-0.01532438507716316
turkey,1985Q4,0.6684274170763336,-0.00270332907694093
turkey,1986Q1,0.6663900044000427,-0.002037412676290873
turkey,1986Q2,0.657705435957368,-0.008684568442674734
turkey,1986Q3,0.6442675676999635,-0.01343786825740445
turkey,1986Q4,0.6488876680298736,0.004620100329910115
turkey,1987Q1,0.659875673687412,0.010988005657538324
turkey,1987Q2,0.6700229000904772,0.010147226403065202
turkey,1987Q3,0.6725121721699843,0.00248927207950711
turkey,1987Q4,0.6880137490937215,0.015501576923737215
turkey,1988Q1,0.6987958910486656,0.010782141954944091
turkey,1988Q2,0.7143910715094102,0.015595180460744595
turkey,1988Q3,0.720741262144845,0.006350190635434849
turkey,1988Q4,0.7177012412462354,-0.0030400208986096633
turkey,1989Q1,0.7198984824790343,0.0021972412327989632
turkey,1989Q2,0.721577493602245,0.001679011123210672
turkey,1989Q3,0.7119375565203674,-0.009639937081877603
turkey,1989Q4,0.7104870344426248,-0.0014505220777425443
turkey,1990Q1,0.707680878797158,-0.0028061556454668235
turkey,1990Q2,0.7050756178391746,-0.002605260957983413
turkey,1990Q3,0.7087444635892328,0.003668845750058214
turkey,1990Q4,0.7072382627745166,-0.0015062008147161965
turkey,1991Q1,0.7045695241136566,-0.002668738660860037
turkey,1991Q2,0.698675730058443,-0.005893794055213619
turkey,1991Q3,0.6984793505019651,-0.00019637955647788807
turkey,1991Q4,0.6998201956997882,0.0013408451978230707
turkey,1992Q1,0.7013266031819946,0.0015064074822064288
turkey,1992Q2,0.7009783557888112,-0.0003482473931833985
turkey,1992Q3,0.700168013242277,-0.0008103425465342262
turkey,1992Q4,0.6929004595656135,-0.00726755367666343
turkey,1993Q1,0.6963087566262215,0.0034082970606079677
turkey,1993Q2,0.6942845018249646,-0.0020242548012568973
turkey,1993Q3,0.6958398741506814,0.0015553723257167862
turkey,1993Q4,0.6991428471557819,0.003302973005100518
turkey,1994Q1,0.7070854372753921,0.007942590119610182
turkey,1994Q2,0.7049381671681001,-0.0021472701072919875
turkey,1994Q3,0.709227728798813,0.004289561630712924
turkey,1994Q4,0.7168529546313671,0.0076252258325540945
turkey,1995Q1,0.7215011805778372,0.004648225946470075
turkey,1995Q2,0.7206965663471238,-0.0008046142307134296
turkey,1995Q3,0.7282916194051271,0.007595053058003343
turkey,1995Q4,0.7321784194196866,0.003886800014559544
turkey,1996Q1,0.7358911429648658,0.003712723545179153
turkey,1996Q2,0.74247048857369,0.0065793456088242275
turkey,1996Q3,0.7336746051953045,-0.00879588337838555
turkey,1996Q4,0.7249671905431981,-0.008707414652106338
turkey,1997Q1,0.7325682373327425,0.007601046789544319
turkey,1997Q2,0.7256680514904694,-0.006900185842273032
turkey,1997Q3,0.7173303708720019,-0.008337680618467513
turkey,1997Q4,0.71570797745597,-0.0016223934160318754
turkey,1998Q1,0.7068637974178562,-0.008844180038113825
turkey,1998Q2,0.7034089063889263,-0.0034548910289299295
turkey,1998Q3,0.6919885609166148,-0.011420345472311522
turkey,1998Q4,0.6907219513935016,-0.0012666095231131935
turkey,1999Q1,0.6815676753767421,-0.009154276016759444
turkey,1999Q2,0.6756771998280828,-0.005890475548659291
turkey,1999Q3,0.6776704251700132,0.0019932253419303603
turkey,1999Q4,0.6814504231022778,0.0037799979322645783
turkey,2000Q1,0.6878688780296032,0.006418454927325401
turkey,2000Q2,0.6863681284609753,-0.0015007495686278904
turkey,2000Q3,0.6833127648301538,-0.0030553636308214838
turkey,2000Q4,0.6880767608208392,0.0047639959906854434
turkey,2001Q1,0.6886869683926069,0.0006102075717676625
turkey,2001Q2,0.6857214810279287,-0.0029654873646781654
turkey,2001Q3,0.6902029233370595,0.004481442309130723
turkey,2001Q4,0.6768380360611086,-0.013364887275950865
turkey,2002Q1,0.6812605655191766,0.004422529458067981
turkey,2002Q2,0.6873726720085227,0.006112106489346125
turkey,2002Q3,0.6981368107140409,0.010764138705518178
turkey,2002Q4,0.7031898256367353,0.005053014922694388
turkey,2003Q1,0.7077546260910175,0.004564800454282203
turkey,2003Q2,0.7026622759876449,-0.0050923501033726115
turkey,2003Q3,0.7042861551949277,0.0016238792072827968
turkey,2003Q4,0.7242284550037275,0.0199422998087998
turkey,2004Q1,0.74061426321457,0.016385808210842567
turkey,2004Q2,0.742237873288119,0.0016236100735489423
turkey,2004Q3,0.7338485673041826,-0.00838930598393639
turkey,2004Q4,0.7321578464531066,-0.0016907208510760219
turkey,2005Q1,0.7421442844826304,0.009986438029523814
turkey,2005Q2,0.7441402322415298,0.001995947758899441
turkey,2005Q3,0.7455355139244908,0.0013952816829609915
turkey,2005Q4,0.7504070653373531,0.004871551412862329
turkey,2006Q1,0.7608840821642777,0.01047701682692459
turkey,2006Q2,0.7690197399441306,0.008135657779852923
turkey,2006Q3,0.7701379162323225,0.0011181762881918855
turkey,2006Q4,0.7786020844091766,0.008464168176854026
turkey,2007Q1,0.7846984571193697,0.006096372710193143
turkey,2007Q2,0.7956326454315366,0.01093418831216686
turkey,2007Q3,0.8074583114555168,0.011825666023980275
turkey,2007Q4,0.8255626217764154,0.018104310320898542
turkey,2008Q1,0.8530917435063718,0.027529121729956474
turkey,2008Q2,0.8720719495106809,0.018980206004309053
turkey,2008Q3,0.8567630352761884,-0.015308914234492543
turkey,2008Q4,0.7917377786612025,-0.06502525661498582
turkey,2009Q1,0.7865138129246992,-0.0052239657365033
turkey,2009Q2,0.8028525315126871,0.016338718587987855
turkey,2009Q3,0.8082443520791326,0.005391820566445493
turkey,2009Q4,0.8166560698898921,0.008411717810759556
turkey,2010Q1,0.81984130548023,0.003185235590337898
turkey,2010Q2,0.8139649340551205,-0.00587637142510955
turkey,2010Q3,0.825621117843465,0.011656183788344543
turkey,2010Q4,0.8511853991688045,0.0255642813253395
turkey,2011Q1,0.869846818663814,0.018661419495009435
turkey,2011Q2,0.8683541176035562,-0.001492701060257784
turkey,2011Q3,0.8665998253947211,-0.001754292208835051
turkey,2011Q4,0.8514364787691979,-0.01516334662552321
turkey,2012Q1,0.8575638823076035,0.006127403538405574
turkey,2012Q2,0.8566619109159095,-0.000901971391694012
turkey,2012Q3,0.8657769801802834,0.009115069264373887
turkey,2012Q4,0.8593319411285839,-0.006445039051699464
turkey,2013Q1,0.8567066861327928,-0.0026252549957911375
turkey,2013Q2,0.8484294615529047,-0.00827722457988811
turkey,2013Q3,0.8427604329784725,-0.005669028574432189
turkey,2013Q4,0.8404723392132154,-0.002288093765257071
turkey,2014Q1,0.8400062254645222,-0.00046611374869320876
turkey,2014Q2,0.8416640604576727,0.001657834993150531
turkey,2014Q3,0.8311011417871337,-0.010562918670539045
turkey,2014Q4,0.8210216814645123,-0.010079460322621414
turkey,2015Q1,0.8061996801830524,-0.014822001281459829
turkey,2015Q2,0.8011199941550585,-0.005079686027993913
turkey,2015Q3,0.7889740153595607,-0.012145978795497836
turkey,2015Q4,0.7806982022708973,-0.00827581308866343
turkey,2016Q1,0.7782831305698021,-0.0024150717010951173
turkey,2016Q2,0.7958391051498661,0.01755597458006397
turkey,2016Q3,0.7958968266697323,5.77215198661607e-05
turkey,2016Q4,0.7969627027761468,0.0010658761064145095
turkey,2017Q1,0.8027556826641592,0.005792979888012417
turkey,2017Q2,0.799472231787495,-0.0032834508766641513
turkey,2017Q3,0.8005082061526078,0.001035974365112713
turkey,2017Q4,0.8021199754522734,0.0016117692996656663
turkey,2018Q1,0.8103540655907601,0.008234090138486638
turkey,2018Q2,0.8156143514059244,0.005260285815164356
turkey,2018Q3,0.8027239089129825,-0.012890442492941911
turkey,2018Q4,0.7974164086442319,-0.005307500268750598
turkey,2019Q1,0.7983539282253708,0.000937519581138857
turkey,2019Q2,0.7982971283827347,-5.67998426360683e-05
turkey,2019Q3,0.7942386795025452,-0.004058448880189469
turkey,2019Q4,0.8005328814669043,0.006294201964359036
turkey,2020Q1,0.7982041430796414,-0.0023287383872628853
turkey,2020Q2,0.7835547350254348,-0.014649408054206559
turkey,2020Q3,0.800216586952808,0.016661851927373128
turkey,2020Q4,0.8198384137016184,0.01962182674881041
turkey,2021Q1,0.842917909689831,0.023079495988212684
turkey,2021Q2,0.85666733991994,0.013749430230108994
turkey,2021Q3,0.8565522707887654,-0.0001150691311746499
turkey,2021Q4,0.8592467196794011,0.0026944488906357478
turkey,2022Q1,0.8815898693658737,0.022343149686472552
turkey,2022Q2,0.8925181241893547,0.010928254823481032
turkey,2022Q3,0.8692186258451489,-0.02329949834420586
turkey,2022Q4,0.8655358479392506,-0.0036827779058982157
turkey,2023Q1,0.8633098009472676,-0.002226046991983033
turkey,2023Q2,0.8572726944765868,-0.006037106470680786
turkey,2023Q3,0.8545583005177636,-0.0027143939588232247
turkey,2023Q4,0.8529526405633299,-0.0016056599544337358
turkey,2024Q1,0.8478583571378991,-0.005094283425430723
turkey,2024Q2,0.8495881833613115,0.001729826223412334
turkey,2024Q3,0.843909432208039,-0.005678751153272432
turkey,2024Q4,0.847041995518928,0.0031325633108889583
turkey,2025Q1,0.8444507474739514,-0.0025912480449765685
turkey,2025Q2,0.8368402573431798,-0.007610490130771641
turkey,2025Q3,0.8367162071403645,-0.00012405020281525125
turkey,2025Q4,0.8390143257660948,0.002298118625730261
turkey,2026Q1,0.8518366292557681,0.012822303489673281
turkey,2026Q2,0.862398183756963,0.010561554501194892
turkey,2026Q3,0.8595379990397966,-0.002860184717166425
