"Fecha","Último","Apertura","Máximo","Mínimo","Vol.","% var."
"28.12.2010","21.459,94","21.468,58","21.547,79","21.431,16","2,25M","-0,26%"
"27.12.2010","21.516,06","21.413,36","21.516,06","21.260,05","5,08M","0,32%"
"23.12.2010","21.446,58","21.548,53","21.548,53","21.297,54","1,79M","-0,38%"
"22.12.2010","21.527,74","21.242,32","21.527,74","21.242,32","3,75M","1,79%"
"21.12.2010","21.148,37","21.348,15","21.473,00","21.148,37","2,21M","-0,42%"
"20.12.2010","21.237,46","21.217,35","21.350,01","21.187,85","3,65M","0,09%"
"17.12.2010","21.218,27","21.202,70","21.506,82","21.186,57","6,92M","0,01%"
"16.12.2010","21.215,78","21.220,04","21.237,80","21.090,98","2,32M","-0,32%"
"15.12.2010","21.283,71","21.339,47","21.364,25","21.161,28","4,61M","-0,44%"
"14.12.2010","21.378,57","21.427,12","21.450,23","21.229,64","6,09M","0,12%"
"13.12.2010","21.353,25","21.590,13","21.590,13","21.350,59","3,90M","-0,52%"
"10.12.2010","21.465,16","21.631,95","21.659,44","21.465,16","2,15M","-0,95%"
"09.12.2010","21.671,73","21.959,34","22.044,62","21.574,75","2,59M","-0,42%"
"08.12.2010","21.763,33","21.581,61","21.848,29","21.531,15","2,57M","0,26%"
"07.12.2010","21.707,61","21.324,59","21.760,10","21.306,31","2,81M","1,58%"
"06.12.2010","21.370,03","21.502,35","21.621,32","21.093,52","4,32M","-0,69%"
"03.12.2010","21.519,43","21.207,52","21.617,83","21.140,32","3,63M","2,16%"
"02.12.2010","21.065,24","21.413,82","21.643,94","21.065,24","5,44M","-1,06%"
"01.12.2010","21.291,84","20.953,55","21.319,37","20.844,94","4,20M","3,16%"
"30.11.2010","20.639,64","20.422,46","20.809,53","20.325,74","7,35M","2,07%"
"29.11.2010","20.221,37","20.943,80","21.095,79","20.146,50","6,89M","-2,61%"
"26.11.2010","20.763,54","21.258,33","21.258,33","20.354,74","13,24M","-2,81%"
"25.11.2010","21.364,54","21.986,72","22.061,77","21.277,37","4,52M","-2,86%"
"24.11.2010","21.992,72","21.982,81","22.027,35","21.726,70","11,34M","0,18%"
"23.11.2010","21.953,54","22.201,89","22.201,89","21.797,28","6,94M","-1,49%"
"22.11.2010","22.285,20","22.619,38","22.702,66","22.285,20","5,14M","-0,93%"
"19.11.2010","22.493,32","22.660,57","22.690,81","22.345,09","4,79M","-0,34%"
"18.11.2010","22.570,23","22.294,20","22.570,23","22.213,90","3,47M","2,22%"
"17.11.2010","22.079,12","21.962,26","22.146,93","21.699,58","6,48M","0,63%"
"16.11.2010","21.940,67","22.208,69","22.274,75","21.863,24","5,64M","-1,88%"
"15.11.2010","22.362,05","22.276,97","22.387,66","22.025,35","5,26M","1,06%"
"12.11.2010","22.126,41","21.418,53","22.175,92","21.271,35","5,84M","1,93%"
"11.11.2010","21.707,90","22.374,16","22.569,16","21.694,18","7,84M","-2,33%"
"10.11.2010","22.225,42","23.320,86","23.320,86","22.172,34","8,46M","-4,71%"
"09.11.2010","23.323,52","23.271,88","23.453,58","23.178,20","3,46M","0,85%"
"08.11.2010","23.127,36","23.284,73","23.289,53","23.039,34","2,21M","-0,34%"
"05.11.2010","23.205,45","23.485,71","23.485,71","23.175,95","3,16M","-0,52%"
"04.11.2010","23.326,41","23.324,82","23.552,53","23.258,87","9,00M","1,09%"
"03.11.2010","23.075,06","23.269,69","23.436,52","23.075,06","8,26M","-0,34%"
"02.11.2010","23.153,66","23.176,16","23.214,43","23.000,36","5,57M","0,03%"
"29.10.2010","23.146,69","23.076,89","23.146,69","22.855,24","2,96M","0,19%"
"28.10.2010","23.102,43","23.062,82","23.261,03","23.051,28","2,67M","0,39%"
"27.10.2010","23.011,77","23.123,36","23.169,82","22.937,89","4,47M","-1,07%"
"26.10.2010","23.261,50","23.388,60","23.444,73","23.135,98","2,43M","-0,67%"
"25.10.2010","23.418,03","23.483,01","23.632,56","23.330,62","3,66M","0,81%"
"22.10.2010","23.230,91","23.581,11","23.606,19","23.069,77","5,83M","-1,84%"
"21.10.2010","23.665,50","23.681,43","23.772,01","23.444,08","6,79M","0,16%"
"20.10.2010","23.628,15","23.383,30","23.646,48","23.334,43","5,27M","0,64%"
"19.10.2010","23.477,20","23.489,52","23.872,66","23.394,21","8,54M","0,30%"
"18.10.2010","23.407,53","23.410,73","23.493,80","23.273,21","7,14M","-0,03%"
"15.10.2010","23.415,07","23.431,95","23.721,41","23.375,08","7,86M","-0,36%"
"14.10.2010","23.499,09","23.768,68","23.866,36","23.368,88","11,37M","-0,63%"
"13.10.2010","23.648,58","23.479,66","23.648,58","23.419,35","11,98M","1,04%"
"12.10.2010","23.405,97","23.409,00","23.494,94","23.180,26","3,80M","-0,51%"
"11.10.2010","23.526,91","23.562,24","23.675,39","23.461,76","3,18M","0,47%"
"08.10.2010","23.416,53","23.513,09","23.575,33","23.192,48","","-0,51%"
"07.10.2010","23.536,46","23.431,65","23.632,62","23.360,97","","0,65%"
"06.10.2010","23.385,19","23.389,81","23.512,43","23.260,50","","0,82%"
"05.10.2010","23.195,80","22.940,56","23.207,25","22.891,47","","0,50%"
"04.10.2010","23.079,97","23.243,65","23.243,65","22.896,97","","0,15%"
"01.10.2010","23.045,95","23.217,49","23.269,61","22.921,77","","-0,83%"
"30.09.2010","23.239,93","22.758,79","23.239,93","22.680,87","","1,85%"
"29.09.2010","22.818,43","23.133,62","23.243,74","22.818,43","","-0,43%"
"28.09.2010","22.917,28","22.742,74","23.041,03","22.643,37","","0,10%"
"27.09.2010","22.895,27","23.044,26","23.152,77","22.863,37","","0,20%"
"24.09.2010","22.850,10","22.688,60","22.850,10","22.629,57","","0,45%"
"23.09.2010","22.748,70","22.866,55","22.972,56","22.611,33","","-0,26%"
"22.09.2010","22.807,82","22.966,96","22.966,96","22.612,08","","-0,19%"
"21.09.2010","22.851,68","23.128,53","23.247,07","22.801,73","","-0,88%"
"20.09.2010","23.055,39","23.286,44","23.330,12","22.908,66","","-0,71%"
"17.09.2010","23.219,24","23.205,81","23.473,61","23.098,22","","0,19%"
"16.09.2010","23.175,99","23.437,64","23.537,15","23.175,99","","-1,64%"
"15.09.2010","23.563,12","23.562,07","23.567,33","23.220,82","","0,38%"
"14.09.2010","23.473,36","23.473,88","23.531,67","23.343,17","","0,25%"
"13.09.2010","23.415,34","23.343,93","23.510,86","23.232,20","","1,60%"
"10.09.2010","23.045,71","23.245,99","23.364,09","22.780,22","","-1,08%"
"09.09.2010","23.297,66","23.310,71","23.445,63","23.193,55","","-0,32%"
"08.09.2010","23.372,66","22.820,45","23.372,66","22.744,13","","1,82%"
"07.09.2010","22.955,66","22.989,53","23.026,23","22.779,28","","-0,95%"
"06.09.2010","23.176,15","22.938,05","23.176,15","22.890,69","","1,33%"
"03.09.2010","22.871,90","22.786,27","23.015,54","22.725,55","","0,06%"
"02.09.2010","22.857,70","23.095,90","23.095,90","22.730,97","","-0,66%"
"01.09.2010","23.010,70","22.462,09","23.044,31","22.455,08","","1,99%"
"31.08.2010","22.561,54","21.672,12","22.561,54","21.605,27","","2,70%"
"30.08.2010","21.969,12","22.074,97","22.155,28","21.969,12","","-0,25%"
"27.08.2010","22.024,37","21.769,08","22.024,37","21.656,78","","1,28%"
"26.08.2010","21.746,10","22.114,07","22.114,07","21.746,10","","0,01%"
"25.08.2010","21.743,62","21.682,32","21.885,13","21.589,57","","0,67%"
"24.08.2010","21.597,95","21.783,65","21.800,65","21.477,97","","-1,46%"
"23.08.2010","21.917,47","21.880,10","22.098,81","21.754,54","","-0,17%"
"19.08.2010","21.953,89","22.247,91","22.349,95","21.909,14","","-0,93%"
"18.08.2010","22.160,20","22.453,61","22.467,26","22.106,32","","-0,69%"
"17.08.2010","22.314,83","22.460,27","22.557,37","22.314,83","","0,18%"
"16.08.2010","22.275,49","22.094,98","22.308,00","22.071,33","","0,91%"
"13.08.2010","22.074,46","22.448,07","22.516,68","22.025,23","","-0,85%"
"12.08.2010","22.263,94","22.013,14","22.344,63","22.003,52","","0,08%"
"11.08.2010","22.247,24","22.241,29","22.391,57","22.114,09","","-1,29%"
"10.08.2010","22.538,53","22.866,22","22.931,20","22.405,83","","-2,09%"
"09.08.2010","23.019,81","22.949,09","23.169,91","22.927,08","","0,53%"
"06.08.2010","22.899,45","23.032,94","23.120,38","22.821,95","","-0,36%"
"05.08.2010","22.981,64","23.362,82","23.368,23","22.865,87","","-1,79%"
"04.08.2010","23.399,61","23.087,27","23.399,61","22.995,10","","1,23%"
"03.08.2010","23.114,45","23.302,72","23.406,89","23.046,61","","-0,17%"
"02.08.2010","23.153,85","22.525,16","23.182,87","22.525,16","","3,99%"
"30.07.2010","22.265,63","22.643,78","22.675,16","22.200,26","","-1,83%"
"29.07.2010","22.681,39","22.577,86","22.755,89","22.523,85","","0,77%"
"28.07.2010","22.508,02","22.748,89","22.796,63","22.508,02","","-0,67%"
"27.07.2010","22.660,05","22.295,13","22.741,34","22.295,13","","2,07%"
"26.07.2010","22.200,63","22.036,21","22.285,48","21.944,81","","1,17%"
"23.07.2010","21.942,87","22.350,86","22.385,70","21.849,64","","-1,50%"
"22.07.2010","22.277,18","22.177,18","22.338,84","22.020,80","","-0,12%"
"21.07.2010","22.303,06","22.155,71","22.345,07","22.107,88","","1,64%"
"20.07.2010","21.943,70","22.023,27","22.177,14","21.690,84","","0,46%"
"19.07.2010","21.843,38","21.537,83","22.082,30","21.385,67","","-2,90%"
"16.07.2010","22.496,82","22.918,34","22.918,34","22.369,41","","-1,49%"
"15.07.2010","22.838,19","22.772,66","23.046,62","22.712,82","","-0,31%"
"14.07.2010","22.909,39","22.824,53","22.974,38","22.645,85","","1,14%"
"13.07.2010","22.651,23","22.518,47","22.867,49","22.489,71","","0,90%"
"12.07.2010","22.448,65","22.314,93","22.617,95","22.314,93","","-0,64%"
"09.07.2010","22.593,71","22.741,77","22.768,67","22.281,46","","-0,27%"
"08.07.2010","22.654,21","21.951,96","22.748,67","21.901,54","","4,58%"
"07.07.2010","21.661,14","21.402,96","21.661,14","21.344,79","","0,69%"
"06.07.2010","21.511,69","21.112,04","21.672,15","21.110,96","","2,02%"
"05.07.2010","21.084,99","21.234,97","21.238,82","21.084,99","","-0,22%"
"02.07.2010","21.132,30","21.091,80","21.185,41","20.997,79","","1,42%"
"01.07.2010","20.835,94","20.814,75","21.314,01","20.742,93","","-1,02%"
"30.06.2010","21.050,43","20.514,75","21.219,97","20.514,75","","1,96%"
"29.06.2010","20.645,97","20.702,66","20.702,66","20.359,51","","-1,13%"
"28.06.2010","20.881,87","20.814,82","21.008,58","20.618,25","","0,18%"
"25.06.2010","20.843,79","21.220,77","21.308,54","20.793,21","","-2,28%"
"24.06.2010","21.329,96","21.500,26","21.500,26","21.167,92","","-0,70%"
"23.06.2010","21.479,33","21.614,72","21.688,62","21.174,15","","-1,40%"
"22.06.2010","21.783,87","21.641,37","22.004,27","21.635,95","","-0,67%"
"21.06.2010","21.929,94","21.720,46","21.956,83","21.661,40","","2,62%"
"18.06.2010","21.371,00","21.661,36","21.720,27","21.371,00","","-0,20%"
"17.06.2010","21.412,99","21.463,96","21.702,24","21.404,08","","-0,10%"
"16.06.2010","21.434,20","21.757,48","21.829,14","21.351,27","","-0,10%"
"15.06.2010","21.456,23","21.330,40","21.538,23","21.257,92","","-0,08%"
"14.06.2010","21.472,66","21.353,51","21.579,98","21.313,94","","0,92%"
"11.06.2010","21.277,44","21.413,63","21.439,75","20.921,19","","0,82%"
"10.06.2010","21.103,41","20.800,83","21.187,55","20.564,00","","0,90%"
"09.06.2010","20.915,07","21.268,01","21.359,97","20.720,87","","-0,99%"
"08.06.2010","21.124,39","21.418,18","21.524,40","20.803,98","","-0,32%"
"07.06.2010","21.192,50","20.992,16","21.192,50","20.159,83","","-0,45%"
"04.06.2010","21.288,93","22.039,89","22.190,20","20.179,79","","-3,34%"
"03.06.2010","22.023,79","22.661,41","22.900,49","21.998,91","","-1,03%"
"02.06.2010","22.252,29","21.561,21","22.252,29","21.464,86","","2,26%"
"01.06.2010","21.761,11","21.774,98","21.840,02","21.309,46","","-1,55%"
"31.05.2010","22.103,42","21.974,01","22.216,24","21.848,42","","0,75%"
"28.05.2010","21.938,47","22.156,07","22.382,71","21.878,40","","-0,18%"
"27.05.2010","21.978,74","21.291,24","21.978,74","21.219,78","","5,28%"
"26.05.2010","20.875,76","21.122,75","21.330,09","20.875,76","","0,95%"
"25.05.2010","20.679,55","21.172,19","21.246,04","20.664,68","","-4,62%"
"21.05.2010","21.681,28","21.904,93","22.023,56","21.425,37","","-1,29%"
"20.05.2010","21.964,53","22.734,38","22.853,70","21.794,98","","-2,79%"
"19.05.2010","22.595,31","23.072,75","23.072,75","22.464,08","","-3,07%"
"18.05.2010","23.310,71","23.242,92","23.459,99","23.178,59","","0,91%"
"17.05.2010","23.100,05","22.730,72","23.100,05","22.631,57","","-0,40%"
"14.05.2010","23.193,86","23.574,48","23.688,56","23.192,67","","-2,19%"
"13.05.2010","23.712,05","23.935,16","23.964,71","23.431,05","","0,80%"
"12.05.2010","23.524,32","23.203,22","23.562,14","23.073,92","","1,16%"
"11.05.2010","23.254,28","23.504,62","23.760,75","22.893,61","","-2,44%"
"10.05.2010","23.837,00","22.794,64","23.914,85","22.794,64","","11,26%"
"07.05.2010","21.423,66","22.033,53","22.746,75","21.423,66","","-6,40%"
"06.05.2010","22.888,34","22.970,99","23.550,72","22.888,34","","-1,38%"
"05.05.2010","23.207,57","23.707,62","23.780,88","23.111,53","","-2,03%"
"04.05.2010","23.688,03","24.706,76","24.737,75","23.688,03","","-3,51%"
"03.05.2010","24.550,46","24.580,15","24.677,32","24.363,91","","-0,87%"
"30.04.2010","24.764,76","24.991,92","24.991,92","24.587,96","","0,16%"
"29.04.2010","24.725,64","24.633,45","24.738,13","24.444,19","","1,66%"
"28.04.2010","24.321,96","24.282,96","24.558,38","24.172,73","","-2,29%"
"27.04.2010","24.891,65","24.882,14","25.010,39","24.702,68","","-0,24%"
"26.04.2010","24.952,41","24.748,81","25.106,37","24.748,81","","1,97%"
"23.04.2010","24.469,58","24.105,20","24.613,16","23.994,08","","2,27%"
"22.04.2010","23.927,45","24.120,06","24.323,42","23.927,45","","-0,48%"
"21.04.2010","24.042,24","24.136,75","24.240,12","23.897,91","","1,03%"
"20.04.2010","23.797,60","24.252,44","24.506,42","23.797,60","","-0,28%"
"19.04.2010","23.863,82","24.223,85","24.223,85","23.863,82","","-3,00%"
"16.04.2010","24.600,92","24.796,46","24.895,88","24.572,64","","-1,26%"
"15.04.2010","24.913,72","25.248,24","25.300,77","24.735,69","","-0,59%"
"14.04.2010","25.061,15","24.957,28","25.174,09","24.907,67","","0,67%"
"13.04.2010","24.893,91","25.117,89","25.123,63","24.757,12","","-1,07%"
"12.04.2010","25.163,09","25.453,08","25.690,06","25.123,33","","0,04%"
"09.04.2010","25.153,74","24.790,26","25.358,60","24.787,72","","2,75%"
"08.04.2010","24.480,67","24.939,06","24.979,65","24.469,31","","-3,27%"
"07.04.2010","25.307,34","25.313,88","25.469,80","25.000,72","","-0,06%"
"06.04.2010","25.322,96","25.130,35","25.418,15","25.065,04","","1,34%"
"02.04.2010","24.987,66","24.938,08","24.988,95","24.732,80","","0,39%"
"01.04.2010","24.890,16","24.397,20","24.973,64","24.397,20","","2,66%"
"31.03.2010","24.245,55","24.170,33","24.305,83","23.966,20","","-0,29%"
"30.03.2010","24.316,57","24.730,48","24.748,23","24.243,62","","-0,34%"
"29.03.2010","24.399,81","24.773,27","24.915,37","24.366,51","","-1,04%"
"26.03.2010","24.655,24","25.001,10","25.001,10","24.426,40","","-1,57%"
"25.03.2010","25.047,54","24.328,76","25.047,54","24.310,28","","2,48%"
"24.03.2010","24.442,43","24.331,65","24.528,93","24.102,10","","1,36%"
"23.03.2010","24.113,63","23.976,15","24.268,73","23.945,29","","1,01%"
"22.03.2010","23.872,75","23.479,39","23.980,26","23.331,95","","1,39%"
"19.03.2010","23.546,14","24.093,08","24.205,46","23.546,14","","-1,89%"
"18.03.2010","24.000,01","23.582,49","24.000,01","23.475,20","","0,92%"
"17.03.2010","23.780,70","24.123,25","24.254,67","23.570,46","","-0,65%"
"16.03.2010","23.936,99","23.223,68","23.936,99","23.174,54","","3,13%"
"12.03.2010","23.210,19","22.887,73","23.467,27","22.887,73","","1,52%"
"11.03.2010","22.863,24","22.751,25","22.997,13","22.659,86","","0,05%"
"10.03.2010","22.852,58","22.413,77","22.852,58","22.413,77","","2,03%"
"09.03.2010","22.397,30","22.330,21","22.397,30","21.990,49","","0,16%"
"08.03.2010","22.360,88","22.295,41","22.641,65","22.252,07","","0,75%"
"05.03.2010","22.193,70","21.755,39","22.203,54","21.644,88","","2,84%"
"04.03.2010","21.579,93","21.318,86","21.659,91","21.290,42","","0,49%"
"03.03.2010","21.474,79","21.602,75","21.622,70","21.286,89","","-0,72%"
"02.03.2010","21.630,67","21.710,44","21.721,14","21.436,14","","0,38%"
"01.03.2010","21.549,33","21.333,85","21.549,33","21.264,00","","1,32%"
"26.02.2010","21.267,81","20.776,23","21.267,81","20.655,25","","3,13%"
"25.02.2010","20.621,53","20.613,93","20.798,03","20.414,16","","-0,01%"
"24.02.2010","20.623,67","20.804,98","20.928,05","20.608,77","","-1,14%"
"23.02.2010","20.861,92","21.475,41","21.510,31","20.712,56","","-2,88%"
"22.02.2010","21.481,31","21.533,53","21.622,11","21.356,94","","0,64%"
"19.02.2010","21.344,89","21.130,54","21.491,55","21.049,12","","-0,14%"
"18.02.2010","21.374,66","21.548,08","21.548,08","21.338,22","","-1,29%"
"17.02.2010","21.653,99","21.366,29","21.653,99","21.366,29","","2,10%"
"16.02.2010","21.207,77","20.989,79","21.207,77","20.941,70","","1,48%"
"15.02.2010","20.898,64","20.707,03","20.898,64","20.673,77","","0,80%"
"12.02.2010","20.733,44","20.927,62","21.008,38","20.662,29","","0,30%"
"11.02.2010","20.670,46","20.968,60","20.968,60","20.524,13","","0,05%"
"10.02.2010","20.660,12","20.789,85","21.027,40","20.632,21","","0,18%"
"09.02.2010","20.622,83","20.497,51","20.737,76","20.489,76","","1,59%"
"08.02.2010","20.300,11","20.434,41","20.687,93","20.095,37","","0,37%"
"05.02.2010","20.224,74","20.519,71","20.666,55","20.113,92","","-2,84%"
"04.02.2010","20.815,27","21.732,99","21.732,99","20.815,27","","-4,57%"
"03.02.2010","21.811,63","21.981,74","22.088,57","21.811,63","","-0,21%"
"02.02.2010","21.858,25","21.984,96","22.052,08","21.787,15","","-0,33%"
"01.02.2010","21.929,66","21.628,93","21.929,66","21.550,24","","0,45%"
"29.01.2010","21.831,46","21.500,84","21.831,46","21.256,21","","1,26%"
"28.01.2010","21.559,36","21.747,99","21.870,62","21.550,28","","0,73%"
"27.01.2010","21.404,06","21.588,23","21.588,23","21.241,60","","-0,96%"
"26.01.2010","21.611,25","21.607,97","21.666,04","21.336,86","","-1,23%"
"25.01.2010","21.880,91","21.629,57","21.901,75","21.609,95","","0,99%"
"22.01.2010","21.667,39","22.002,49","22.005,68","21.514,38","","-2,08%"
"21.01.2010","22.127,31","22.641,21","22.743,74","22.098,38","","-1,84%"
"20.01.2010","22.541,06","22.753,93","22.935,88","22.510,62","","-1,07%"
"19.01.2010","22.784,47","22.723,94","22.853,89","22.515,39","","0,40%"
"18.01.2010","22.693,78","22.579,89","22.693,78","22.539,92","","0,82%"
"15.01.2010","22.510,20","22.939,40","23.001,56","22.459,22","","-2,05%"
"14.01.2010","22.981,48","22.954,76","23.009,66","22.803,16","","1,08%"
"13.01.2010","22.735,33","22.327,05","22.848,00","22.314,41","","0,33%"
"12.01.2010","22.659,62","22.985,82","22.985,82","22.471,47","","-1,32%"
"11.01.2010","22.962,52","22.331,75","22.973,79","22.318,03","","3,45%"
"08.01.2010","22.197,11","21.979,64","22.297,57","21.979,64","","1,07%"
"07.01.2010","21.961,18","22.052,39","22.173,15","21.903,42","","-0,92%"
"06.01.2010","22.164,72","22.012,86","22.164,72","21.786,76","","0,55%"
"05.01.2010","22.043,62","21.634,22","22.145,44","21.569,98","","2,23%"
"04.01.2010","21.561,77","21.196,20","21.562,20","21.196,20","","1,58%"
"31.12.2009","21.227,01","21.435,28","21.445,97","21.152,19","","-0,94%"
"30.12.2009","21.427,51","21.400,78","21.520,49","21.231,79","","-0,66%"
"29.12.2009","21.570,33","21.066,46","21.570,33","20.994,59","","3,00%"
"28.12.2009","20.942,49","20.788,43","20.942,49","20.747,76","","1,10%"
"23.12.2009","20.714,29","20.767,77","20.769,44","20.642,90","","-0,10%"
"22.12.2009","20.735,18","20.622,13","20.735,18","20.608,76","","0,82%"
"21.12.2009","20.565,94","20.502,36","20.649,68","20.401,07","","0,89%"
"18.12.2009","20.385,38","20.844,00","20.879,96","20.385,38","","-1,25%"
"17.12.2009","20.643,79","20.665,16","20.723,50","20.555,01","","-0,39%"
"16.12.2009","20.723,85","20.659,72","20.832,66","20.576,94","","0,33%"
"15.12.2009","20.655,51","21.047,20","21.047,20","20.576,00","","-1,89%"
"14.12.2009","21.054,37","21.067,85","21.104,93","20.930,09","","0,55%"
"11.12.2009","20.939,60","20.639,23","20.939,60","20.639,23","","1,89%"
"10.12.2009","20.551,62","20.567,14","20.641,33","20.462,56","","0,94%"
"09.12.2009","20.360,10","20.485,60","20.755,04","20.360,10","","-0,85%"
"08.12.2009","20.535,42","21.084,73","21.093,90","20.535,42","","-3,15%"
"07.12.2009","21.204,29","21.148,30","21.204,29","20.954,70","","-0,10%"
"04.12.2009","21.226,12","20.898,83","21.226,15","20.804,70","","1,16%"
"03.12.2009","20.982,66","21.178,35","21.191,28","20.913,06","","0,33%"
"02.12.2009","20.913,53","20.982,79","21.094,21","20.852,16","","0,04%"
"01.12.2009","20.904,81","20.853,29","21.079,94","20.817,06","","0,47%"
"30.11.2009","20.806,90","20.553,03","20.806,90","20.389,38","","2,66%"
"27.11.2009","20.266,92","19.673,40","20.417,90","19.662,04","","0,53%"
"26.11.2009","20.160,87","20.604,39","20.614,51","20.160,87","","-2,48%"
"25.11.2009","20.674,06","21.236,37","21.323,17","20.674,06","","-2,12%"
"24.11.2009","21.122,86","21.102,80","21.207,56","20.965,84","","-0,28%"
"23.11.2009","21.182,61","20.936,07","21.275,41","20.917,51","","2,58%"
"20.11.2009","20.649,51","20.649,78","20.783,54","20.375,93","","0,30%"
"19.11.2009","20.587,36","21.095,43","21.158,91","20.587,36","","-3,39%"
"18.11.2009","21.309,56","21.160,64","21.402,27","21.029,19","","0,92%"
"17.11.2009","21.115,46","21.282,43","21.340,30","21.007,20","","-0,65%"
"16.11.2009","21.254,24","21.461,43","21.492,77","21.254,24","","0,63%"
"13.11.2009","21.120,50","21.250,53","21.335,65","21.098,25","","-1,95%"
"12.11.2009","21.539,66","21.415,83","21.539,66","21.258,39","","-0,34%"
"11.11.2009","21.612,57","21.089,92","21.612,57","21.089,92","","2,77%"
"10.11.2009","21.029,07","21.022,47","21.087,32","20.781,27","","1,19%"
"09.11.2009","20.780,98","20.471,83","20.806,86","20.430,39","","3,51%"
"06.11.2009","20.076,32","20.541,43","20.677,72","20.047,15","","-1,90%"
"05.11.2009","20.465,75","19.963,83","20.536,82","19.963,83","","0,87%"
"04.11.2009","20.288,40","19.937,99","20.459,88","19.927,43","","3,11%"
"03.11.2009","19.676,52","20.172,72","20.172,72","19.634,05","","-3,01%"
"02.11.2009","20.288,09","20.141,33","20.288,09","19.947,88","","-1,38%"
"30.10.2009","20.572,73","21.024,76","21.186,53","20.534,29","","-1,56%"
"29.10.2009","20.898,66","20.171,66","21.018,80","19.926,09","","3,06%"
"28.10.2009","20.278,11","21.063,79","21.074,79","20.278,11","","-3,52%"
"27.10.2009","21.017,56","21.321,06","21.475,78","20.856,73","","-2,52%"
"26.10.2009","21.560,76","21.524,82","21.716,76","21.393,86","","1,21%"
"22.10.2009","21.303,09","21.243,21","21.303,09","21.100,65","","-0,41%"
"21.10.2009","21.391,13","21.500,92","21.578,40","21.273,60","","-0,39%"
"20.10.2009","21.474,51","21.612,93","21.651,34","21.370,93","","0,33%"
"19.10.2009","21.404,27","20.930,94","21.404,27","20.930,94","","1,26%"
"16.10.2009","21.137,98","21.296,30","21.491,80","20.939,85","","-0,62%"
"15.10.2009","21.268,92","21.525,44","21.664,03","21.032,36","","-0,45%"
"14.10.2009","21.365,75","21.004,04","21.443,17","21.004,04","","2,70%"
"13.10.2009","20.803,87","20.608,34","20.901,19","20.607,83","","1,24%"
"12.10.2009","20.548,52","20.077,50","20.548,52","20.077,50","","2,60%"
"09.10.2009","20.028,75","20.118,61","20.156,28","19.936,75","","-0,25%"
"08.10.2009","20.078,18","20.281,09","20.294,56","20.016,87","","0,15%"
"07.10.2009","20.048,68","20.297,11","20.425,02","19.940,70","","-1,17%"
"06.10.2009","20.286,04","19.928,39","20.288,47","19.913,41","","2,54%"
"05.10.2009","19.784,48","20.050,68","20.070,93","19.668,96","","-0,86%"
"02.10.2009","19.956,28","19.903,68","20.040,07","19.677,43","","-1,78%"
"01.10.2009","20.317,04","20.321,76","20.430,48","20.185,12","","0,45%"
"30.09.2009","20.226,28","20.474,54","20.653,74","20.153,08","","-0,49%"
"29.09.2009","20.325,92","20.744,94","20.745,39","20.325,92","","-1,23%"
"28.09.2009","20.578,31","20.297,46","20.578,31","20.049,64","","1,23%"
"25.09.2009","20.327,40","20.661,04","20.725,51","20.197,80","","-2,25%"
"24.09.2009","20.795,61","20.610,14","20.890,73","20.498,62","","-0,33%"
"23.09.2009","20.865,34","20.710,17","20.865,34","20.561,41","","1,04%"
"22.09.2009","20.649,97","20.523,03","20.745,78","20.446,06","","1,50%"
"21.09.2009","20.343,91","20.643,67","20.703,36","20.302,94","","-1,86%"
"18.09.2009","20.729,07","20.363,93","20.733,27","20.348,62","","0,38%"
"17.09.2009","20.650,96","20.507,15","20.728,51","20.294,87","","2,14%"
"16.09.2009","20.217,45","19.716,81","20.217,45","19.716,81","","3,69%"
"15.09.2009","19.497,23","19.359,20","19.575,63","19.348,44","","1,42%"
"14.09.2009","19.223,94","19.138,16","19.298,00","19.048,97","","-0,43%"
"11.09.2009","19.306,55","19.192,58","19.429,36","19.132,55","","1,44%"
"10.09.2009","19.032,99","19.297,43","19.411,86","18.919,19","","0,08%"
"09.09.2009","19.017,99","19.230,47","19.291,40","18.958,54","","-1,58%"
"08.09.2009","19.323,75","19.405,77","19.484,09","19.299,88","","0,23%"
"07.09.2009","19.280,37","19.026,17","19.341,96","19.023,99","","2,18%"
"04.09.2009","18.868,38","18.846,71","19.088,60","18.825,05","","0,25%"
"03.09.2009","18.821,29","18.725,79","18.821,29","18.490,10","","2,57%"
"02.09.2009","18.349,39","18.915,75","19.005,91","18.349,39","","-4,41%"
"01.09.2009","19.195,09","19.479,01","19.617,98","19.103,77","","-1,00%"
"31.08.2009","19.389,94","19.244,12","19.393,12","19.020,34","","0,13%"
"28.08.2009","19.363,91","19.396,19","19.822,13","19.234,67","","1,71%"
"27.08.2009","19.037,56","19.410,44","19.649,96","19.003,55","","-2,57%"
"26.08.2009","19.539,25","19.701,42","20.174,54","19.387,59","","-1,72%"
"25.08.2009","19.882,17","19.161,13","19.937,26","19.122,29","","2,40%"
"24.08.2009","19.416,66","18.987,49","19.416,66","18.807,92","","6,61%"
"19.08.2009","18.213,59","17.872,42","18.213,59","17.866,81","","0,85%"
"18.08.2009","18.059,99","17.827,78","18.140,96","17.742,61","","2,54%"
"17.08.2009","17.613,39","17.719,45","17.891,97","17.425,66","","-2,53%"
"14.08.2009","18.071,42","18.535,44","18.597,75","17.903,82","","-2,42%"
"13.08.2009","18.520,52","18.442,39","18.617,81","18.209,19","","2,48%"
"12.08.2009","18.071,84","17.606,30","18.209,05","17.515,04","","1,86%"
"11.08.2009","17.742,65","18.480,19","18.641,66","17.742,65","","-3,96%"
"10.08.2009","18.475,14","17.900,56","18.475,14","17.874,80","","3,68%"
"07.08.2009","17.820,15","17.692,31","17.820,15","17.502,40","","-0,17%"
"06.08.2009","17.851,03","17.641,05","17.932,32","17.550,75","","1,41%"
"05.08.2009","17.603,35","17.601,71","17.934,75","17.441,12","","-0,48%"
"04.08.2009","17.688,21","17.917,95","18.025,18","17.490,26","","-1,08%"
"03.08.2009","17.880,62","17.318,72","17.880,62","17.306,25","","3,48%"
"31.07.2009","17.280,05","17.090,53","17.337,09","16.905,98","","0,92%"
"30.07.2009","17.122,10","16.623,29","17.122,10","16.552,98","","3,85%"
"29.07.2009","16.487,90","16.277,21","16.594,29","16.190,24","","0,04%"
"28.07.2009","16.481,39","16.854,95","16.972,70","16.411,84","","-2,31%"
"27.07.2009","16.871,62","16.685,47","16.922,57","16.575,73","","1,63%"
"24.07.2009","16.601,23","16.460,71","16.688,25","16.384,71","","0,39%"
"23.07.2009","16.536,87","16.170,20","16.562,51","16.103,12","","2,77%"
"22.07.2009","16.091,15","16.382,33","16.400,50","16.016,73","","-2,09%"
"21.07.2009","16.434,57","16.199,77","16.488,51","16.087,06","","1,13%"
"20.07.2009","16.251,16","16.072,56","16.251,16","16.022,28","","1,97%"
"17.07.2009","15.937,70","15.868,71","15.972,16","15.784,98","","0,41%"
"16.07.2009","15.873,37","15.927,41","16.101,93","15.673,29","","-0,42%"
"15.07.2009","15.940,90","15.496,94","15.940,90","15.457,13","","3,79%"
"14.07.2009","15.358,18","14.966,22","15.358,18","14.854,37","","3,68%"
"13.07.2009","14.813,74","14.224,32","14.813,74","14.119,03","","3,41%"
"10.07.2009","14.325,71","14.762,74","14.770,08","14.301,85","","-1,79%"
"09.07.2009","14.586,79","14.567,82","14.772,39","14.532,64","","0,77%"
"08.07.2009","14.475,74","14.611,94","14.776,44","14.315,06","","-1,98%"
"07.07.2009","14.768,52","14.927,87","15.040,84","14.765,23","","-0,67%"
"06.07.2009","14.868,46","14.804,68","14.919,57","14.657,02","","0,05%"
"03.07.2009","14.860,65","15.061,65","15.072,40","14.852,00","","-1,58%"
"02.07.2009","15.099,57","15.382,53","15.382,53","14.947,00","","-2,12%"
"01.07.2009","15.425,98","15.436,58","15.561,38","15.297,40","","0,69%"
"30.06.2009","15.320,14","15.894,37","16.037,64","15.316,23","","-2,93%"
"29.06.2009","15.782,75","15.365,51","15.782,75","15.348,44","","2,41%"
"26.06.2009","15.411,86","15.432,99","15.487,48","15.306,31","","1,34%"
"25.06.2009","15.208,09","15.189,55","15.416,30","15.159,18","","-0,06%"
"24.06.2009","15.216,70","14.969,13","15.293,56","14.881,37","","2,49%"
"23.06.2009","14.846,49","14.611,78","14.907,94","14.524,26","","0,84%"
"22.06.2009","14.722,13","15.213,34","15.252,23","14.722,13","","-2,94%"
"19.06.2009","15.167,65","15.502,72","15.518,88","15.167,65","","-1,32%"
"18.06.2009","15.369,96","15.295,58","15.476,93","15.089,87","","0,62%"
"17.06.2009","15.275,17","15.654,16","15.728,11","15.200,99","","-2,22%"
"16.06.2009","15.622,31","15.719,53","15.886,19","15.549,91","","-1,68%"
"15.06.2009","15.888,70","16.047,39","16.048,85","15.864,66","","-2,25%"
"12.06.2009","16.253,60","16.403,86","16.403,86","15.985,11","","-0,49%"
"11.06.2009","16.333,38","16.531,51","16.671,07","16.199,00","","-1,57%"
"10.06.2009","16.594,63","16.261,22","16.594,63","16.261,22","","3,31%"
"09.06.2009","16.062,60","15.609,39","16.062,60","15.579,41","","3,03%"
"08.06.2009","15.589,58","15.435,33","15.589,58","15.283,48","","-0,30%"
"05.06.2009","15.635,99","15.337,84","15.777,77","15.255,74","","3,41%"
"04.06.2009","15.120,01","15.277,88","15.335,76","14.967,28","","-0,48%"
"03.06.2009","15.192,26","15.745,99","15.756,66","15.192,26","","-2,66%"
"02.06.2009","15.607,37","15.573,89","15.690,98","15.446,53","","4,49%"
"29.05.2009","14.937,00","15.846,88","15.900,05","14.937,00","","-4,52%"
"28.05.2009","15.644,73","15.502,83","15.767,03","15.439,89","","-0,39%"
"27.05.2009","15.706,69","15.914,78","16.176,15","15.706,69","","0,51%"
"26.05.2009","15.626,36","15.570,79","15.828,42","15.321,46","","0,11%"
"25.05.2009","15.609,27","15.335,54","15.685,86","15.225,94","","2,28%"
"22.05.2009","15.261,25","15.120,77","15.624,17","15.120,77","","0,28%"
"21.05.2009","15.218,40","15.651,58","15.651,58","15.124,34","","-3,70%"
"20.05.2009","15.803,12","14.903,04","15.803,12","14.882,93","","5,47%"
"19.05.2009","14.983,06","15.139,90","15.310,22","14.756,23","","0,45%"
"18.05.2009","14.916,50","13.934,50","14.921,37","13.849,47","","5,65%"
"15.05.2009","14.118,49","13.972,26","14.216,16","13.777,24","","2,06%"
"14.05.2009","13.833,20","13.424,08","13.874,68","13.317,13","","1,77%"
"13.05.2009","13.592,87","14.215,22","14.243,39","13.309,42","","-3,68%"
"12.05.2009","14.112,43","14.215,29","14.494,82","14.112,43","","-1,72%"
"11.05.2009","14.359,52","14.461,74","14.499,80","14.180,72","","0,01%"
"08.05.2009","14.358,08","14.041,46","14.358,08","13.979,68","","3,34%"
"07.05.2009","13.894,24","13.976,42","14.316,20","13.884,16","","0,62%"
"06.05.2009","13.809,31","13.620,59","13.809,31","13.517,92","","0,51%"
"05.05.2009","13.739,35","13.645,11","13.930,25","13.450,33","","0,95%"
"04.05.2009","13.609,42","13.114,65","13.609,42","13.082,20","","5,73%"
"30.04.2009","12.872,14","13.013,02","13.155,43","12.798,74","","-0,05%"
"29.04.2009","12.878,61","12.469,50","12.878,61","12.467,27","","4,15%"
"28.04.2009","12.365,24","12.257,30","12.389,75","12.080,84","","-0,43%"
"27.04.2009","12.418,53","12.416,16","12.501,61","12.119,21","","-0,52%"
"24.04.2009","12.483,26","12.447,93","12.573,91","12.368,06","","0,14%"
"23.04.2009","12.466,39","12.524,77","12.717,31","12.401,04","","-0,01%"
"22.04.2009","12.467,12","12.196,14","12.467,12","12.110,45","","3,38%"
"21.04.2009","12.059,59","12.286,03","12.491,78","12.059,59","","-2,14%"
"20.04.2009","12.323,36","12.641,17","12.641,17","12.191,62","","-2,98%"
"17.04.2009","12.702,50","12.685,56","12.803,07","12.581,64","","0,87%"
"16.04.2009","12.592,54","12.374,03","12.592,54","12.182,50","","3,12%"
"15.04.2009","12.212,09","12.224,50","12.444,79","12.092,46","","-0,74%"
"14.04.2009","12.303,21","12.690,43","12.914,54","12.251,93","","-2,99%"
"10.04.2009","12.683,00","12.839,89","13.037,54","12.467,50","","-0,96%"
"09.04.2009","12.806,07","12.478,04","12.900,66","12.406,93","","4,11%"
"08.04.2009","12.301,10","11.705,62","12.335,23","11.649,03","","2,61%"
"07.04.2009","11.987,74","12.110,73","12.111,40","11.742,00","","-1,15%"
"06.04.2009","12.126,64","12.130,64","12.461,47","11.921,21","","0,59%"
"03.04.2009","12.056,11","11.818,37","12.116,41","11.709,95","","2,50%"
"02.04.2009","11.761,66","11.482,74","11.786,39","11.441,22","","5,38%"
"01.04.2009","11.161,03","11.147,55","11.296,31","10.924,02","","0,81%"
"31.03.2009","11.071,85","10.873,90","11.287,10","10.873,90","","1,64%"
"30.03.2009","10.893,38","10.976,67","11.440,76","10.831,49","","-2,55%"
"27.03.2009","11.178,30","11.551,78","11.633,94","11.052,79","","-3,37%"
"26.03.2009","11.568,27","11.495,87","11.662,24","11.358,49","","2,24%"
"25.03.2009","11.314,52","10.670,91","11.352,86","10.549,94","","5,94%"
"24.03.2009","10.679,98","11.006,43","11.249,60","10.605,71","","-1,14%"
"23.03.2009","10.802,81","10.506,24","10.967,08","10.484,28","","0,78%"
"20.03.2009","10.719,01","10.215,20","10.719,01","10.153,17","","4,53%"
"19.03.2009","10.254,36","9.940,56","10.346,06","9.917,70","","3,61%"
"18.03.2009","9.897,28","10.051,94","10.089,79","9.802,33","","0,00%"
"17.03.2009","9.896,88","10.183,34","10.222,80","9.896,88","","-3,90%"
"16.03.2009","10.298,73","9.943,13","10.298,73","9.871,99","","4,53%"
"13.03.2009","9.852,83","9.776,68","9.923,17","9.675,21","","4,14%"
"12.03.2009","9.461,29","9.662,20","9.662,81","9.337,99","","-2,82%"
"11.03.2009","9.735,93","9.972,95","9.999,17","9.706,61","","-1,36%"
"10.03.2009","9.870,31","10.106,34","10.210,05","9.870,31","","-1,50%"
"09.03.2009","10.020,19","9.950,58","10.061,73","9.855,75","","1,42%"
"06.03.2009","9.880,37","9.639,17","9.881,02","9.367,84","","2,99%"
"05.03.2009","9.593,53","10.065,44","10.106,70","9.489,43","","-4,39%"
"04.03.2009","10.033,60","10.339,46","10.372,60","10.033,60","","-2,43%"
"03.03.2009","10.283,01","10.257,61","10.368,26","10.174,29","","-0,61%"
"02.03.2009","10.345,99","10.008,04","10.345,99","9.872,96","","1,53%"
"27.02.2009","10.190,15","10.360,43","10.454,78","10.151,33","","-1,91%"
"26.02.2009","10.388,92","9.889,21","10.388,92","9.874,14","","5,08%"
"25.02.2009","9.886,91","10.530,09","10.537,98","9.736,75","","-4,17%"
"24.02.2009","10.316,60","10.063,82","10.351,42","9.938,86","","0,52%"
"23.02.2009","10.263,06","10.488,71","10.515,60","10.101,56","","-1,13%"
"20.02.2009","10.380,50","10.347,48","10.439,40","9.832,40","","-2,53%"
"19.02.2009","10.650,32","10.401,02","10.789,64","10.384,01","","2,87%"
"18.02.2009","10.353,40","11.187,73","11.187,73","10.297,89","","-7,29%"
"17.02.2009","11.167,91","11.322,55","11.370,60","11.043,75","","-2,36%"
"16.02.2009","11.437,76","11.844,46","11.867,95","11.437,76","","-3,51%"
"13.02.2009","11.854,38","11.836,36","11.930,43","11.789,10","","0,80%"
"12.02.2009","11.760,68","11.777,11","11.860,25","11.595,92","","0,20%"
"11.02.2009","11.737,48","11.702,17","11.966,21","11.679,12","","-1,60%"
"10.02.2009","11.927,78","12.002,31","12.043,96","11.870,22","","-1,06%"
"09.02.2009","12.055,84","11.864,56","12.055,84","11.801,97","","1,96%"
"06.02.2009","11.824,23","11.817,56","11.956,29","11.794,66","","1,14%"
"05.02.2009","11.691,28","11.807,67","11.925,98","11.691,28","","-1,68%"
"04.02.2009","11.890,71","11.810,12","12.015,94","11.702,67","","1,47%"
"03.02.2009","11.719,00","11.756,81","11.891,00","11.645,45","","-0,14%"
"02.02.2009","11.735,82","11.490,72","11.755,70","11.371,33","","1,91%"
"30.01.2009","11.516,11","11.662,91","11.692,43","11.466,22","","-1,94%"
"29.01.2009","11.744,21","12.006,44","12.040,71","11.744,21","","-1,52%"
"28.01.2009","11.925,42","11.837,44","12.096,50","11.751,35","","2,29%"
"27.01.2009","11.658,36","11.939,19","11.997,76","11.656,33","","-2,25%"
"26.01.2009","11.926,51","11.597,62","11.926,51","11.500,01","","2,19%"
"23.01.2009","11.670,41","11.587,02","11.670,41","11.225,97","","0,23%"
"22.01.2009","11.643,58","12.049,75","12.226,29","11.514,86","","-1,68%"
"21.01.2009","11.842,60","11.692,64","11.871,24","11.462,96","","0,49%"
"20.01.2009","11.785,01","11.889,25","12.058,69","11.692,08","","-1,94%"
"19.01.2009","12.017,87","12.218,11","12.248,48","11.794,46","","-1,02%"
"16.01.2009","12.141,59","12.201,24","12.298,03","12.077,39","","0,38%"
"15.01.2009","12.096,19","12.311,48","12.386,57","11.951,85","","-3,11%"
"14.01.2009","12.484,53","12.632,31","12.681,62","12.351,86","","-0,44%"
"13.01.2009","12.540,28","12.467,49","12.663,06","12.424,68","","0,20%"
"12.01.2009","12.515,56","12.489,95","12.650,30","12.404,15","","-0,19%"
"09.01.2009","12.538,80","13.011,76","13.049,36","12.527,33","","-3,58%"
"08.01.2009","13.004,96","12.741,02","13.067,64","12.694,90","","0,22%"
"07.01.2009","12.976,79","13.442,49","13.506,41","12.917,86","","-3,25%"
"06.01.2009","13.413,31","12.760,58","13.413,31","12.746,98","","4,64%"
"05.01.2009","12.818,73","12.648,52","12.818,73","12.568,68","","4,71%"
"31.12.2008","12.241,69","12.366,97","12.404,33","12.186,88","","-0,36%"
"30.12.2008","12.286,42","12.246,03","12.348,27","12.136,40","","1,00%"
"29.12.2008","12.165,22","12.333,00","12.392,94","12.165,22","","-1,93%"
"23.12.2008","12.404,95","12.619,56","12.745,36","12.399,68","","-2,97%"
"22.12.2008","12.785,02","12.647,87","12.785,02","12.439,20","","0,95%"
"19.12.2008","12.664,51","12.526,39","12.838,27","12.352,33","","0,68%"
"18.12.2008","12.579,28","12.799,94","13.035,96","12.426,98","","-0,29%"
"17.12.2008","12.615,57","12.176,89","12.615,57","12.172,49","","7,45%"
"16.12.2008","11.740,99","11.941,98","11.941,98","11.545,42","","-0,44%"
"15.12.2008","11.792,40","12.221,59","12.250,97","11.738,80","","-1,58%"
"12.12.2008","11.981,45","12.392,26","12.392,26","11.981,45","","-5,52%"
"11.12.2008","12.681,91","12.839,72","12.839,72","12.651,64","","-1,20%"
"10.12.2008","12.835,40","12.796,11","12.902,20","12.632,58","","0,28%"
"09.12.2008","12.799,18","12.612,78","12.824,75","12.513,46","","1,80%"
"08.12.2008","12.573,08","12.830,25","12.957,80","12.549,82","","1,04%"
"05.12.2008","12.443,86","12.621,92","12.725,52","12.341,78","","-2,66%"
"04.12.2008","12.784,51","12.619,90","12.816,81","12.480,11","","1,92%"
"03.12.2008","12.544,11","12.661,29","12.798,36","12.351,87","","-0,16%"
"02.12.2008","12.564,31","11.951,96","12.625,66","11.917,22","","0,98%"
"01.12.2008","12.442,29","12.553,36","12.781,43","12.410,02","","-1,99%"
"28.11.2008","12.694,74","12.201,21","12.694,74","12.201,21","","4,25%"
"27.11.2008","12.177,64","12.107,54","12.252,03","12.037,62","","2,12%"
"26.11.2008","11.924,98","11.797,12","11.963,59","11.732,79","","-0,47%"
"25.11.2008","11.981,26","11.976,77","12.097,77","11.788,49","","2,09%"
"24.11.2008","11.735,66","11.275,20","11.757,39","11.126,15","","7,58%"
"21.11.2008","10.908,70","11.042,86","11.193,33","10.908,70","","0,73%"
"20.11.2008","10.829,84","11.070,83","11.211,45","10.750,50","","-6,03%"
"19.11.2008","11.524,68","11.772,55","11.776,23","11.503,49","","-1,19%"
"18.11.2008","11.663,68","11.626,02","11.686,10","11.307,91","","-0,92%"
"17.11.2008","11.772,40","12.054,57","12.217,43","11.656,87","","-0,80%"
"14.11.2008","11.867,13","12.343,16","12.675,46","11.867,13","","0,18%"
"13.11.2008","11.845,25","11.465,48","12.152,59","11.353,37","","0,53%"
"12.11.2008","11.782,97","12.354,15","12.373,27","11.775,44","","-3,55%"
"11.11.2008","12.216,28","12.707,81","12.707,81","12.083,08","","-6,14%"
"10.11.2008","13.015,33","13.250,32","13.467,77","12.721,17","","0,20%"
"07.11.2008","12.988,85","13.053,11","13.285,67","12.789,79","","-0,23%"
"06.11.2008","13.019,42","13.560,33","13.712,65","12.994,45","","-9,58%"
"05.11.2008","14.399,57","14.855,02","14.855,02","13.883,75","","-2,33%"
"04.11.2008","14.743,34","14.258,00","14.848,59","14.144,01","","3,86%"
"03.11.2008","14.195,56","13.699,78","14.195,56","13.612,05","","5,11%"
"31.10.2008","13.505,70","13.540,46","13.573,12","13.241,33","","-1,30%"
"30.10.2008","13.684,19","14.161,14","14.197,66","13.377,65","","2,13%"
"29.10.2008","13.399,05","12.609,24","13.566,37","12.529,18","","14,09%"
"28.10.2008","11.744,75","11.349,63","11.745,50","11.304,70","","9,24%"
"27.10.2008","10.751,23","10.855,99","11.292,90","10.597,07","","-9,78%"
"22.10.2008","11.916,03","12.090,10","12.128,53","11.612,53","","-3,43%"
"21.10.2008","12.339,56","12.732,63","12.958,61","12.145,90","","-2,69%"
"20.10.2008","12.681,21","13.465,76","13.529,95","12.319,02","","-1,91%"
"17.10.2008","12.928,70","13.899,33","13.975,93","11.693,22","","-2,35%"
"16.10.2008","13.239,39","13.824,83","13.953,92","13.022,93","","-8,59%"
"15.10.2008","14.484,10","16.127,36","16.127,36","14.460,50","","-11,88%"
"14.10.2008","16.437,10","16.306,10","16.582,09","16.022,14","","6,82%"
"13.10.2008","15.387,80","15.345,04","16.031,08","14.885,03","","5,56%"
"10.10.2008","14.577,46","14.223,54","14.926,50","13.059,73","","-2,91%"
"09.10.2008","15.014,52","16.609,17","16.821,43","15.014,52","","-7,11%"
"08.10.2008","16.164,60","16.499,04","16.878,68","15.825,95","","-7,32%"
"07.10.2008","17.441,86","18.186,98","18.372,39","17.357,52","","-3,05%"
"06.10.2008","17.991,02","18.456,34","18.741,70","17.904,18","","-5,68%"
"03.10.2008","19.074,26","18.902,04","19.159,70","18.766,16","","0,38%"
"02.10.2008","19.002,36","19.233,06","19.526,04","18.893,01","","-0,90%"
"01.10.2008","19.174,51","19.055,39","19.359,47","19.036,21","","1,62%"
"30.09.2008","18.868,90","17.929,07","18.906,89","17.843,58","","0,83%"
"29.09.2008","18.713,79","19.270,79","19.376,15","18.713,79","","-3,55%"
"26.09.2008","19.403,48","18.861,51","19.403,48","18.753,51","","1,43%"
"25.09.2008","19.129,73","18.628,38","19.136,34","18.384,92","","2,96%"
"24.09.2008","18.579,18","18.628,07","18.701,60","18.433,17","","0,77%"
"23.09.2008","18.437,32","18.628,43","18.637,97","18.227,06","","-2,24%"
"22.09.2008","18.860,65","19.075,05","19.088,33","18.555,47","","-1,06%"
"19.09.2008","19.062,34","18.409,51","19.062,34","18.326,34","","9,15%"
"18.09.2008","17.464,02","17.354,63","17.689,58","17.289,35","","-2,38%"
"17.09.2008","17.889,33","18.877,51","18.952,51","17.876,34","","-3,83%"
"16.09.2008","18.602,06","18.767,44","19.063,04","18.433,66","","-3,23%"
"15.09.2008","19.223,14","19.175,65","19.223,14","18.705,82","","-2,09%"
"12.09.2008","19.632,66","19.708,08","19.858,69","19.542,54","","0,60%"
"11.09.2008","19.516,20","19.868,05","19.967,79","19.463,81","","-2,62%"
"10.09.2008","20.040,76","19.883,82","20.040,76","19.673,77","","0,20%"
"09.09.2008","20.000,14","20.056,79","20.182,37","19.875,54","","-0,60%"
"08.09.2008","20.119,95","20.082,71","20.237,08","20.007,86","","2,57%"
"05.09.2008","19.615,42","20.098,26","20.098,26","19.536,85","","-3,53%"
"04.09.2008","20.332,83","20.309,93","20.472,25","20.282,21","","0,33%"
"03.09.2008","20.265,42","20.552,81","20.615,38","20.265,42","","-2,17%"
"02.09.2008","20.714,33","20.675,74","20.796,49","20.558,17","","0,24%"
"01.09.2008","20.664,53","20.848,69","20.860,25","20.618,51","","-1,63%"
"29.08.2008","21.007,22","20.654,11","21.007,22","20.543,38","","2,39%"
"28.08.2008","20.515,91","20.234,23","20.546,11","20.152,43","","1,56%"
"27.08.2008","20.200,53","20.289,15","20.403,00","20.076,09","","-0,40%"
"26.08.2008","20.282,54","20.052,70","20.373,73","20.003,39","","-0,16%"
"25.08.2008","20.315,16","20.596,89","20.596,89","20.275,43","","-1,14%"
"22.08.2008","20.550,39","20.206,20","20.550,39","20.199,36","","2,17%"
"21.08.2008","20.114,38","20.227,47","20.368,59","20.059,72","","-0,95%"
"19.08.2008","20.306,78","20.700,73","20.717,34","20.255,74","","-2,84%"
"18.08.2008","20.899,49","20.974,79","21.123,57","20.836,53","","-0,46%"
"15.08.2008","20.996,39","20.831,65","20.996,39","20.795,84","","1,33%"
"14.08.2008","20.721,10","20.464,60","20.721,10","20.389,66","","2,27%"
"13.08.2008","20.260,25","20.802,25","20.802,25","20.227,11","","-2,39%"
"12.08.2008","20.755,38","20.956,25","20.996,70","20.723,32","","-0,81%"
"11.08.2008","20.925,17","21.125,84","21.199,58","20.919,30","","-0,21%"
"08.08.2008","20.969,58","21.139,24","21.246,19","20.914,45","","-1,07%"
"07.08.2008","21.197,02","21.465,87","21.704,51","21.197,02","","-1,44%"
"06.08.2008","21.505,99","21.682,24","21.892,92","21.474,02","","-1,07%"
"05.08.2008","21.738,05","21.385,33","21.822,14","21.325,99","","1,67%"
"04.08.2008","21.381,43","21.729,63","21.739,85","21.381,43","","-1,45%"
"01.08.2008","21.696,12","22.068,98","22.068,98","21.682,22","","-2,31%"
"31.07.2008","22.209,14","22.443,79","22.443,79","22.033,66","","-1,34%"
"30.07.2008","22.511,25","21.974,04","22.511,25","21.894,95","","3,38%"
"29.07.2008","21.776,12","21.409,44","21.883,96","21.343,25","","0,08%"
"28.07.2008","21.758,04","21.536,54","21.758,04","21.418,25","","0,60%"
"25.07.2008","21.627,60","21.321,33","21.674,28","21.224,88","","0,18%"
"24.07.2008","21.588,38","21.666,22","21.759,61","21.464,15","","-0,17%"
"23.07.2008","21.625,49","21.352,49","21.654,11","21.292,62","","2,29%"
"22.07.2008","21.142,16","21.042,24","21.180,45","20.923,61","","0,11%"
"21.07.2008","21.118,41","20.953,76","21.129,25","20.828,54","","0,89%"
"18.07.2008","20.931,70","20.795,96","21.016,16","20.667,83","","0,52%"
"17.07.2008","20.822,89","20.763,68","20.964,01","20.615,14","","2,32%"
"16.07.2008","20.350,02","20.499,38","20.577,99","20.109,35","","0,33%"
"15.07.2008","20.282,20","20.198,34","20.565,92","20.162,31","","-0,60%"
"14.07.2008","20.403,77","20.472,24","20.651,77","20.206,99","","0,25%"
"11.07.2008","20.352,60","20.756,42","20.839,75","20.224,40","","-1,00%"
"10.07.2008","20.558,86","20.595,43","20.879,07","20.534,52","","-1,25%"
"09.07.2008","20.819,77","20.481,78","20.874,99","20.481,78","","2,34%"
"08.07.2008","20.343,12","19.646,18","20.437,74","19.527,81","","1,08%"
"07.07.2008","20.125,13","20.036,99","20.125,21","19.989,50","","1,28%"
"04.07.2008","19.870,33","20.062,06","20.152,11","19.870,33","","-1,10%"
"03.07.2008","20.091,75","20.011,88","20.091,75","19.817,52","","-0,62%"
"02.07.2008","20.216,69","20.315,61","20.403,21","20.150,99","","0,52%"
"01.07.2008","20.111,41","20.385,36","20.436,76","20.066,67","","-1,35%"
"30.06.2008","20.387,52","20.334,44","20.434,92","20.225,73","","0,22%"
"27.06.2008","20.343,38","20.160,98","20.457,82","20.032,23","","-0,61%"
"26.06.2008","20.468,32","20.539,85","20.587,78","20.272,01","","-0,39%"
"25.06.2008","20.548,00","20.449,10","20.656,53","20.449,10","","0,80%"
"24.06.2008","20.385,56","20.393,67","20.616,44","20.150,86","","-0,42%"
"23.06.2008","20.472,02","20.463,35","20.658,73","20.287,79","","0,73%"
"20.06.2008","20.322,77","21.271,83","21.274,57","20.322,77","","-3,94%"
"19.06.2008","21.157,10","21.160,79","21.303,97","21.057,74","","-1,15%"
"18.06.2008","21.402,96","21.524,89","21.584,46","21.328,88","","-0,29%"
"17.06.2008","21.464,79","21.600,74","21.694,66","21.464,79","","-0,21%"
"16.06.2008","21.508,91","21.925,86","22.032,53","21.481,52","","-1,38%"
"13.06.2008","21.810,85","21.585,64","21.810,85","21.410,61","","1,64%"
"12.06.2008","21.457,90","21.237,81","21.521,43","21.112,99","","0,82%"
"11.06.2008","21.283,50","21.590,07","21.666,30","21.264,76","","-1,32%"
"10.06.2008","21.568,72","21.724,47","21.724,47","21.342,39","","-1,31%"
"09.06.2008","21.854,29","21.794,47","21.895,30","21.679,15","","-0,56%"
"06.06.2008","21.977,58","22.390,35","22.488,84","21.945,68","","-1,43%"
"05.06.2008","22.296,41","22.259,44","22.352,66","22.161,36","","0,35%"
"04.06.2008","22.219,00","22.440,03","22.440,03","22.082,81","","-1,07%"
"03.06.2008","22.459,50","22.273,36","22.474,80","22.175,95","","0,31%"
"02.06.2008","22.390,30","22.732,47","22.737,50","22.390,30","","-0,84%"
"30.05.2008","22.580,48","22.834,45","22.958,41","22.580,48","","-0,60%"
"29.05.2008","22.717,38","22.829,71","22.978,76","22.717,38","","-0,09%"
"28.05.2008","22.738,22","22.509,77","22.738,22","22.508,85","","1,13%"
"27.05.2008","22.485,21","22.332,99","22.590,52","22.230,98","","1,25%"
"26.05.2008","22.208,47","22.482,72","22.482,72","22.204,01","","-1,13%"
"23.05.2008","22.461,63","22.779,92","22.835,42","22.461,63","","-1,28%"
"22.05.2008","22.752,13","22.624,93","22.802,20","22.577,74","","-0,12%"
"21.05.2008","22.780,60","22.605,62","22.813,84","22.573,94","","0,29%"
"20.05.2008","22.715,64","22.802,94","23.023,17","22.662,23","","-1,02%"
"19.05.2008","22.949,15","23.111,85","23.111,85","22.739,99","","-0,87%"
"16.05.2008","23.150,74","23.253,12","23.257,84","22.940,00","","-0,35%"
"15.05.2008","23.230,94","23.449,50","23.456,74","23.120,26","","-1,18%"
"14.05.2008","23.507,86","23.338,31","23.507,86","23.213,73","","0,94%"
"13.05.2008","23.288,07","23.258,77","23.359,57","23.210,87","","0,73%"
"09.05.2008","23.119,46","23.101,95","23.119,46","22.858,84","","-0,08%"
"08.05.2008","23.138,21","23.051,09","23.325,06","22.947,40","","-0,21%"
"07.05.2008","23.187,88","23.177,54","23.350,44","23.098,74","","0,40%"
"06.05.2008","23.095,68","22.885,98","23.167,30","22.835,98","","0,93%"
"05.05.2008","22.882,68","22.815,07","22.999,63","22.755,62","","1,33%"
"30.04.2008","22.582,27","22.419,00","22.582,27","22.213,46","","1,13%"
"29.04.2008","22.328,90","22.715,40","22.803,79","22.328,90","","-1,71%"
"28.04.2008","22.717,62","22.712,50","22.781,54","22.612,89","","0,18%"
"25.04.2008","22.676,57","22.495,01","22.813,61","22.357,96","","1,10%"
"24.04.2008","22.430,94","22.235,79","22.430,94","22.049,58","","1,31%"
"23.04.2008","22.141,60","22.008,14","22.177,21","21.909,84","","0,45%"
"22.04.2008","22.043,44","21.936,08","22.074,49","21.871,94","","0,63%"
"21.04.2008","21.906,36","22.224,60","22.269,42","21.869,59","","-1,01%"
"18.04.2008","22.130,58","21.989,10","22.131,68","21.887,12","","0,47%"
"17.04.2008","22.027,19","22.055,74","22.064,24","21.725,88","","0,64%"
"16.04.2008","21.888,17","22.140,36","22.213,12","21.844,90","","-0,61%"
"15.04.2008","22.023,10","22.095,06","22.169,79","21.961,25","","0,25%"
"14.04.2008","21.968,19","21.870,22","22.114,13","21.813,49","","-0,72%"
"11.04.2008","22.126,73","22.389,67","22.483,31","22.035,72","","-0,45%"
"10.04.2008","22.226,39","22.187,77","22.444,38","22.006,41","","-0,06%"
"09.04.2008","22.239,39","22.101,49","22.357,02","22.068,96","","0,67%"
"08.04.2008","22.092,26","22.045,06","22.133,28","21.923,85","","-0,24%"
"07.04.2008","22.144,59","22.016,55","22.402,60","21.973,96","","0,87%"
"04.04.2008","21.953,08","22.090,47","22.160,34","21.929,64","","-0,14%"
"03.04.2008","21.984,07","22.159,88","22.159,88","21.842,55","","-0,28%"
"02.04.2008","22.046,13","22.287,80","22.339,17","21.943,34","","0,29%"
"01.04.2008","21.982,19","21.532,76","21.991,24","21.469,47","","1,25%"
"31.03.2008","21.710,52","21.999,64","22.051,89","21.338,24","","-2,38%"
"28.03.2008","22.238,96","22.208,24","22.394,45","22.054,09","","0,34%"
"27.03.2008","22.163,28","21.796,34","22.315,24","21.783,40","","1,89%"
"26.03.2008","21.752,60","21.903,52","21.978,22","21.585,15","","-0,67%"
"25.03.2008","21.899,93","21.925,10","22.056,25","21.846,82","","1,70%"
"21.03.2008","21.534,77","21.521,80","21.561,86","21.381,77","","1,52%"
"20.03.2008","21.212,72","21.249,70","21.400,15","21.018,69","","-1,74%"
"19.03.2008","21.588,73","22.061,35","22.217,40","21.485,87","","-0,82%"
"18.03.2008","21.768,12","21.373,28","21.838,56","21.353,95","","3,30%"
"17.03.2008","21.073,23","21.141,97","21.360,67","20.803,64","","-2,61%"
"14.03.2008","21.639,01","22.062,81","22.286,91","21.623,12","","-1,53%"
"13.03.2008","21.975,25","21.938,55","22.088,98","21.539,87","","-2,36%"
"12.03.2008","22.505,46","22.705,02","22.823,59","22.226,77","","0,41%"
"11.03.2008","22.413,95","21.803,39","22.413,95","21.582,19","","3,10%"
"10.03.2008","21.740,94","21.943,39","22.366,37","21.684,46","","-2,22%"
"07.03.2008","22.234,67","22.241,15","22.333,22","21.735,65","","-1,56%"
"06.03.2008","22.587,61","22.900,46","22.900,46","22.301,15","","-1,40%"
"05.03.2008","22.907,55","22.471,94","22.907,55","22.336,25","","2,41%"
"04.03.2008","22.368,87","22.866,39","22.935,42","22.368,87","","-1,88%"
"03.03.2008","22.796,37","23.062,58","23.181,96","22.685,42","","-3,00%"
"29.02.2008","23.501,61","23.632,44","23.711,86","23.142,63","","-0,81%"
"28.02.2008","23.692,46","23.889,80","23.945,19","23.611,12","","-0,60%"
"27.02.2008","23.834,30","23.909,22","24.021,08","23.664,74","","0,40%"
"26.02.2008","23.739,89","23.802,16","24.011,63","23.665,69","","0,60%"
"25.02.2008","23.597,42","23.926,75","24.018,35","23.552,96","","-0,81%"
"22.02.2008","23.789,82","23.720,89","23.933,02","23.655,17","","-0,37%"
"21.02.2008","23.879,02","24.030,10","24.317,71","23.871,49","","0,01%"
"20.02.2008","23.877,38","23.762,17","23.940,27","23.660,60","","-0,64%"
"19.02.2008","24.032,02","24.344,10","24.344,10","23.698,79","","-1,01%"
"18.02.2008","24.277,17","23.834,13","24.330,93","23.810,01","","2,15%"
"15.02.2008","23.766,78","24.114,43","24.185,38","23.649,57","","-1,63%"
"14.02.2008","24.159,78","24.902,96","24.951,34","24.041,98","","-1,57%"
"13.02.2008","24.545,51","23.989,00","24.756,49","23.914,74","","2,00%"
"12.02.2008","24.064,20","23.472,15","24.109,60","23.457,57","","3,08%"
"11.02.2008","23.344,86","22.779,71","23.409,50","22.495,57","","2,68%"
"08.02.2008","22.736,58","22.668,37","22.868,20","22.265,37","","0,93%"
"07.02.2008","22.527,77","23.162,53","23.293,19","22.251,64","","-2,75%"
"06.02.2008","23.164,57","22.909,07","23.334,12","22.885,90","","-0,99%"
"05.02.2008","23.395,79","23.598,09","23.903,39","23.277,68","","-1,87%"
"04.02.2008","23.842,24","24.070,07","24.219,78","23.605,39","","-0,02%"
"01.02.2008","23.846,94","23.728,69","23.989,39","23.597,71","","1,58%"
"31.01.2008","23.475,45","23.640,66","23.811,35","23.187,18","","-1,19%"
"30.01.2008","23.757,95","23.678,59","23.757,95","23.532,53","","0,06%"
"29.01.2008","23.744,08","23.899,73","23.947,64","23.589,87","","-0,26%"
"28.01.2008","23.805,22","23.372,75","23.805,22","23.350,30","","-0,38%"
"25.01.2008","23.894,98","24.236,35","24.288,30","23.707,71","","0,16%"
"24.01.2008","23.857,26","23.726,96","24.076,92","23.484,11","","3,36%"
"23.01.2008","23.080,65","23.846,18","24.010,88","22.736,27","","-1,59%"
"22.01.2008","23.454,13","22.474,01","23.479,13","22.206,10","","0,36%"
"21.01.2008","23.368,94","23.482,99","23.670,73","23.027,76","","-3,07%"
"18.01.2008","24.109,08","23.431,03","24.229,42","23.185,38","","3,71%"
"17.01.2008","23.246,92","24.046,33","24.163,80","23.246,92","","-2,18%"
"16.01.2008","23.764,09","24.093,96","24.229,91","23.652,89","","-3,11%"
"15.01.2008","24.526,79","25.015,33","25.178,01","24.368,61","","-1,44%"
"14.01.2008","24.884,72","24.808,34","25.061,03","24.640,00","","-0,19%"
"11.01.2008","24.933,02","25.396,65","25.479,59","24.933,02","","-1,79%"
"10.01.2008","25.386,31","25.867,76","25.874,08","25.117,64","","-1,22%"
"09.01.2008","25.699,11","25.964,87","26.242,90","25.655,09","","-1,58%"
"08.01.2008","26.111,36","25.593,62","26.118,74","25.593,62","","2,49%"
"07.01.2008","25.475,86","25.148,32","25.619,19","25.148,32","","0,87%"
"04.01.2008","25.255,19","25.828,18","25.986,54","25.255,19","","-2,22%"
"03.01.2008","25.827,74","25.741,43","25.894,15","25.532,03","","-0,24%"
"02.01.2008","25.889,94","26.008,61","26.194,17","25.825,11","","-1,32%"
"28.12.2007","26.235,63","25.932,33","26.239,10","25.932,33","","-0,31%"
"27.12.2007","26.318,29","26.012,99","26.470,42","25.979,78","","1,01%"
"21.12.2007","26.053,91","25.718,13","26.053,91","25.414,60","","1,97%"
"20.12.2007","25.550,47","25.725,95","25.728,70","25.355,63","","-0,61%"
"19.12.2007","25.707,13","25.989,60","26.056,97","25.570,42","","-1,31%"
"18.12.2007","26.047,34","25.999,86","26.135,02","25.736,56","","0,40%"
"17.12.2007","25.942,87","26.386,04","26.506,14","25.942,87","","-2,54%"
"14.12.2007","26.619,17","26.654,18","26.722,16","26.435,74","","0,26%"
"13.12.2007","26.549,07","26.595,45","26.755,89","26.452,93","","-0,76%"
"12.12.2007","26.751,26","26.205,15","27.055,42","26.202,74","","0,33%"
"11.12.2007","26.663,67","26.834,11","26.969,95","26.480,47","","-0,34%"
"10.12.2007","26.755,33","26.175,43","26.843,43","26.139,66","","1,23%"
"07.12.2007","26.430,35","26.183,94","26.430,35","26.016,70","","1,56%"
"06.12.2007","26.023,86","26.228,94","26.296,71","25.865,42","","0,31%"
"05.12.2007","25.943,45","25.428,42","25.998,95","25.428,42","","2,14%"
"04.12.2007","25.398,94","25.390,56","25.665,21","25.297,49","","0,30%"
"03.12.2007","25.323,31","25.768,45","25.768,45","25.273,33","","-1,69%"
"30.11.2007","25.758,44","25.552,02","25.917,68","25.428,67","","1,15%"
"29.11.2007","25.466,68","25.133,87","25.532,49","25.092,81","","3,24%"
"28.11.2007","24.667,34","24.153,64","24.753,81","23.826,56","","3,21%"
"27.11.2007","23.899,35","24.826,07","24.848,31","23.899,35","","-4,27%"
"26.11.2007","24.965,63","25.533,13","25.656,61","24.878,84","","-1,44%"
"23.11.2007","25.330,73","25.180,33","25.361,18","25.045,59","","1,26%"
"22.11.2007","25.014,84","25.281,61","25.515,04","24.977,24","","-1,17%"
"21.11.2007","25.310,33","25.863,78","25.863,78","25.278,65","","-2,60%"
"20.11.2007","25.987,19","26.166,37","26.280,36","25.730,72","","-0,85%"
"19.11.2007","26.209,19","26.620,77","26.657,36","26.087,85","","-1,40%"
"16.11.2007","26.581,02","26.459,93","26.627,98","26.232,25","","0,36%"
"15.11.2007","26.485,95","26.607,09","26.695,16","26.276,62","","0,02%"
"14.11.2007","26.479,66","26.821,50","26.849,49","26.479,66","","-0,19%"
"13.11.2007","26.529,47","26.507,64","26.643,03","26.280,72","","0,23%"
"12.11.2007","26.468,46","26.638,38","26.784,74","26.411,26","","-1,59%"
"09.11.2007","26.894,88","26.790,75","27.009,58","26.545,23","","0,47%"
"08.11.2007","26.769,63","26.770,30","26.912,65","26.590,71","","-1,01%"
"07.11.2007","27.042,48","27.274,58","27.421,53","26.970,52","","-0,80%"
"06.11.2007","27.259,72","27.292,61","27.366,40","27.219,63","","0,16%"
"05.11.2007","27.214,88","27.105,42","27.390,55","26.961,28","","-0,61%"
"31.10.2007","27.382,17","27.329,81","27.559,22","27.329,81","","0,34%"
"30.10.2007","27.289,22","27.366,92","27.520,41","27.199,19","","0,10%"
"29.10.2007","27.262,14","27.357,31","27.508,67","27.260,85","","0,27%"
"26.10.2007","27.189,07","27.288,64","27.289,64","27.098,50","","-0,34%"
"25.10.2007","27.280,67","27.475,03","27.581,06","27.011,81","","-0,29%"
"24.10.2007","27.360,00","27.857,69","27.967,89","27.299,60","","-1,41%"
"19.10.2007","27.750,28","27.665,20","27.768,30","27.591,29","","-0,08%"
"18.10.2007","27.772,48","27.984,16","28.028,65","27.508,27","","-0,63%"
"17.10.2007","27.948,58","27.919,07","28.119,12","27.718,42","","0,00%"
"16.10.2007","27.949,63","28.189,01","28.189,01","27.875,15","","-1,26%"
"15.10.2007","28.307,04","28.266,34","28.429,78","28.169,09","","0,15%"
"12.10.2007","28.263,44","28.022,42","28.279,01","27.934,23","","0,09%"
"11.10.2007","28.237,68","27.832,71","28.282,82","27.798,26","","1,61%"
"10.10.2007","27.790,51","27.837,46","27.925,30","27.691,92","","0,31%"
"09.10.2007","27.704,10","27.747,30","27.784,45","27.563,52","","-0,63%"
"08.10.2007","27.879,10","27.979,04","28.087,34","27.813,25","","-0,30%"
"05.10.2007","27.963,03","27.963,09","28.101,23","27.896,81","","0,42%"
"04.10.2007","27.845,20","27.863,44","27.978,76","27.774,57","","-0,71%"
"03.10.2007","28.044,92","28.263,16","28.282,72","27.817,50","","-0,35%"
"02.10.2007","28.142,33","28.688,89","28.724,91","28.089,01","","-1,29%"
"01.10.2007","28.511,38","28.494,12","28.556,91","28.282,07","","0,35%"
"28.09.2007","28.413,12","28.332,50","28.703,74","28.243,95","","0,69%"
"27.09.2007","28.218,85","28.015,69","28.284,89","27.980,98","","1,33%"
"26.09.2007","27.848,19","27.824,68","27.897,24","27.690,70","","0,41%"
"25.09.2007","27.733,29","27.453,02","27.895,31","27.326,22","","1,24%"
"24.09.2007","27.393,20","27.518,90","27.555,32","27.210,14","","-0,01%"
"21.09.2007","27.396,29","27.343,09","27.641,59","27.249,06","","0,33%"
"20.09.2007","27.306,61","27.355,24","27.523,89","27.272,15","","-0,28%"
"19.09.2007","27.382,17","27.484,18","27.570,49","27.167,81","","2,03%"
"18.09.2007","26.836,97","26.660,52","26.918,37","26.510,03","","0,34%"
"17.09.2007","26.745,98","26.928,97","26.948,99","26.567,09","","-0,63%"
"14.09.2007","26.915,31","27.219,77","27.282,45","26.802,23","","-0,63%"
"13.09.2007","27.084,95","26.949,73","27.277,17","26.798,18","","0,46%"
"12.09.2007","26.960,35","26.946,53","27.034,04","26.665,84","","0,43%"
"11.09.2007","26.845,94","26.403,74","26.845,94","26.321,88","","1,88%"
"10.09.2007","26.351,06","26.486,14","27.710,20","26.146,24","","-0,91%"
"07.09.2007","26.593,72","27.170,13","27.260,05","26.593,72","","-2,08%"
"06.09.2007","27.158,89","27.312,85","27.435,62","26.956,94","","-0,58%"
"05.09.2007","27.316,60","27.279,71","27.537,80","27.167,21","","-0,47%"
"04.09.2007","27.445,98","26.997,06","27.445,98","26.775,96","","1,37%"
"03.09.2007","27.074,90","27.407,64","27.408,69","26.989,43","","-1,20%"
"31.08.2007","27.404,17","27.192,28","27.404,17","27.017,07","","1,02%"
"30.08.2007","27.126,41","27.163,09","27.200,55","26.858,35","","1,16%"
"29.08.2007","26.816,67","26.296,85","26.837,64","26.263,31","","0,03%"
"28.08.2007","26.808,37","26.897,54","26.909,51","26.626,63","","-0,75%"
"27.08.2007","27.009,62","27.028,22","27.182,15","26.898,28","","0,55%"
"24.08.2007","26.862,05","26.570,76","26.862,05","26.407,77","","0,47%"
"23.08.2007","26.735,54","26.834,07","26.957,72","26.585,05","","1,56%"
"22.08.2007","26.325,87","25.769,34","26.510,04","25.744,64","","2,70%"
"21.08.2007","25.633,44","26.143,70","26.143,70","25.286,05","","0,29%"
"17.08.2007","25.558,16","25.599,44","26.327,72","25.264,39","","-1,30%"
"16.08.2007","25.894,59","26.664,98","26.694,43","25.836,68","","-4,16%"
"15.08.2007","27.017,42","27.207,51","27.362,71","26.829,91","","-1,70%"
"14.08.2007","27.485,14","27.677,48","27.699,78","27.443,50","","-1,43%"
"13.08.2007","27.884,48","27.689,20","27.963,20","27.547,87","","1,32%"
"10.08.2007","27.520,87","27.665,49","27.754,59","27.274,97","","-1,86%"
"09.08.2007","28.042,93","28.663,98","28.692,89","27.826,32","","-1,67%"
"08.08.2007","28.520,54","28.571,30","28.586,08","28.197,64","","0,75%"
"07.08.2007","28.308,32","28.414,55","28.683,25","28.161,80","","1,02%"
"06.08.2007","28.021,25","28.296,60","28.454,94","28.021,25","","-1,62%"
"03.08.2007","28.483,29","28.964,77","29.075,75","28.483,29","","-1,78%"
"02.08.2007","29.000,00","28.978,71","29.191,50","28.863,27","","0,50%"
"01.08.2007","28.854,46","28.526,82","28.897,36","28.315,42","","-1,40%"
"31.07.2007","29.264,90","29.116,03","29.310,79","29.071,69","","1,51%"
"30.07.2007","28.830,83","28.965,23","29.330,28","28.822,20","","-0,68%"
"27.07.2007","29.027,41","28.784,89","29.349,40","28.512,79","","0,55%"
"26.07.2007","28.868,39","29.314,72","29.373,21","28.685,47","","-1,60%"
"25.07.2007","29.337,67","29.441,61","29.496,41","29.011,56","","-1,27%"
"24.07.2007","29.713,59","30.051,42","30.132,35","29.713,59","","-1,34%"
"23.07.2007","30.118,12","29.675,63","30.118,12","29.575,95","","1,10%"
"20.07.2007","29.790,75","30.015,84","30.042,55","29.736,46","","-0,65%"
"19.07.2007","29.984,39","29.982,10","30.064,43","29.828,31","","0,30%"
"18.07.2007","29.893,54","29.751,40","29.958,85","29.617,46","","0,18%"
"17.07.2007","29.840,94","30.025,25","30.025,25","29.696,86","","-0,55%"
"16.07.2007","30.005,10","29.670,85","30.005,10","29.469,19","","1,07%"
"13.07.2007","29.687,01","29.615,86","29.687,01","29.334,88","","1,52%"
"12.07.2007","29.242,27","29.217,47","29.393,62","29.003,74","","1,43%"
"11.07.2007","28.831,40","28.798,09","29.005,46","28.571,73","","-0,53%"
"10.07.2007","28.985,97","29.239,58","29.360,81","28.871,13","","-0,96%"
"09.07.2007","29.265,84","29.339,20","29.431,19","29.155,72","","0,32%"
"06.07.2007","29.173,17","29.134,51","29.360,63","29.006,72","","0,05%"
"05.07.2007","29.159,15","29.506,03","29.567,10","29.027,15","","-0,85%"
"04.07.2007","29.408,95","29.282,00","29.741,38","29.267,70","","0,35%"
"03.07.2007","29.305,75","29.336,40","29.540,43","29.297,08","","1,11%"
"02.07.2007","28.984,76","28.931,62","28.984,76","28.693,86","","0,19%"
"29.06.2007","28.929,73","28.723,82","28.944,26","28.614,26","","0,50%"
"28.06.2007","28.786,34","28.555,14","28.797,09","28.431,44","","0,77%"
"27.06.2007","28.565,46","29.176,80","29.176,80","28.410,11","","-2,98%"
"26.06.2007","29.441,80","28.561,62","29.611,66","28.267,58","","2,93%"
"25.06.2007","28.604,90","28.001,37","28.604,90","27.994,09","","3,40%"
"22.06.2007","27.664,18","26.763,23","27.668,52","26.754,66","","3,31%"
"21.06.2007","26.778,79","26.670,44","26.838,89","26.622,54","","0,06%"
"20.06.2007","26.762,17","26.684,40","26.896,28","26.684,20","","0,74%"
"19.06.2007","26.565,78","26.772,58","26.875,26","26.511,72","","-0,44%"
"18.06.2007","26.682,15","27.026,14","27.184,93","26.668,79","","-0,58%"
"15.06.2007","26.836,51","26.898,69","27.038,13","26.646,13","","0,31%"
"14.06.2007","26.753,84","26.780,60","26.803,84","26.591,26","","0,97%"
"13.06.2007","26.496,81","26.202,88","26.504,14","26.136,26","","0,78%"
"12.06.2007","26.292,42","26.326,58","26.431,96","26.166,73","","-0,11%"
"11.06.2007","26.322,28","26.285,02","26.335,85","26.190,53","","1,05%"
"08.06.2007","26.050,04","26.162,21","26.438,08","25.985,66","","-1,46%"
"07.06.2007","26.435,34","26.549,90","26.665,83","26.278,68","","-0,31%"
"06.06.2007","26.517,93","26.699,62","26.780,64","26.457,17","","-0,79%"
"05.06.2007","26.729,09","26.811,49","26.962,23","26.603,91","","0,26%"
"04.06.2007","26.658,65","26.955,63","27.038,27","26.574,83","","-1,27%"
"01.06.2007","27.002,49","26.760,03","27.012,98","26.754,42","","1,11%"
"31.05.2007","26.706,18","26.211,83","26.751,28","26.125,18","","2,79%"
"30.05.2007","25.981,93","25.803,51","26.076,24","25.734,18","","-0,18%"
"29.05.2007","26.027,82","26.035,43","26.118,31","25.932,64","","0,71%"
"25.05.2007","25.843,16","25.713,83","25.932,77","25.674,90","","-0,40%"
"24.05.2007","25.945,98","26.006,44","26.023,96","25.734,32","","-0,25%"
"23.05.2007","26.011,88","25.983,98","26.144,00","25.914,93","","0,60%"
"22.05.2007","25.855,86","25.776,26","25.900,58","25.647,60","","0,59%"
"21.05.2007","25.705,27","25.965,93","25.987,76","25.609,87","","-0,68%"
"18.05.2007","25.880,18","25.720,05","26.008,27","25.720,05","","0,75%"
"17.05.2007","25.687,35","25.822,89","25.886,52","25.624,36","","0,55%"
"16.05.2007","25.546,38","25.855,78","25.855,96","25.546,38","","-1,31%"
"15.05.2007","25.884,71","25.921,46","25.970,41","25.735,63","","-0,83%"
"14.05.2007","26.100,34","26.157,74","26.222,68","25.999,33","","0,56%"
"11.05.2007","25.955,81","25.944,41","26.187,14","25.718,61","","-1,11%"
"10.05.2007","26.246,70","25.895,31","26.263,30","25.895,31","","1,56%"
"09.05.2007","25.842,87","25.734,81","25.894,80","25.734,81","","0,67%"
"08.05.2007","25.670,61","26.033,78","26.033,78","25.625,42","","-1,61%"
"07.05.2007","26.089,93","26.044,16","26.089,93","25.866,78","","0,68%"
"04.05.2007","25.913,78","25.658,43","26.073,91","25.610,17","","1,28%"
"03.05.2007","25.585,53","25.683,20","25.782,27","25.396,33","","0,00%"
"02.05.2007","25.585,06","25.534,20","25.664,99","25.477,84","","0,63%"
"27.04.2007","25.424,80","25.432,72","25.600,31","25.289,96","","-0,13%"
"26.04.2007","25.457,39","25.896,77","25.902,80","25.457,39","","-0,58%"
"25.04.2007","25.605,13","25.555,40","25.688,27","25.372,77","","0,34%"
"24.04.2007","25.518,96","25.901,45","25.910,81","25.479,33","","-0,54%"
"23.04.2007","25.657,87","25.993,01","26.059,66","25.621,46","","-0,66%"
"20.04.2007","25.828,78","25.641,19","25.935,34","25.596,50","","1,65%"
"19.04.2007","25.410,28","25.030,96","25.410,28","24.775,94","","0,72%"
"18.04.2007","25.228,54","24.970,75","25.415,30","24.970,46","","0,95%"
"17.04.2007","24.991,25","25.158,87","25.172,39","24.931,22","","-0,75%"
"16.04.2007","25.181,25","24.819,92","25.181,25","24.819,92","","1,62%"
"13.04.2007","24.779,94","24.385,11","24.798,44","24.385,11","","1,99%"
"12.04.2007","24.297,62","24.291,21","24.415,34","24.184,72","","-0,35%"
"11.04.2007","24.383,22","24.256,83","24.496,89","24.194,54","","0,78%"
"10.04.2007","24.195,51","23.963,31","24.212,06","23.856,26","","0,97%"
"06.04.2007","23.962,24","23.951,22","24.039,97","23.920,24","","0,02%"
"05.04.2007","23.956,26","23.958,22","23.967,04","23.712,95","","0,36%"
"04.04.2007","23.871,15","23.781,25","23.934,32","23.693,67","","0,91%"
"03.04.2007","23.655,17","23.626,31","23.801,61","23.624,91","","0,43%"
"02.04.2007","23.554,42","23.535,30","23.595,66","23.448,75","","0,56%"
"30.03.2007","23.423,20","23.486,23","23.676,27","23.423,20","","0,23%"
"29.03.2007","23.370,58","23.416,31","23.483,13","23.340,53","","0,13%"
"28.03.2007","23.340,57","23.401,24","23.596,11","23.340,57","","-0,25%"
"27.03.2007","23.400,02","23.387,43","23.579,24","23.375,28","","0,57%"
"26.03.2007","23.267,68","23.659,12","23.681,63","23.236,83","","-1,62%"
"23.03.2007","23.651,39","23.439,71","23.651,39","23.382,39","","1,33%"
"22.03.2007","23.341,85","23.373,18","23.508,79","23.302,99","","1,21%"
"21.03.2007","23.062,17","23.311,67","23.372,57","22.987,34","","-0,48%"
"20.03.2007","23.172,39","23.423,59","23.463,24","23.147,77","","-0,51%"
"19.03.2007","23.290,44","23.096,04","23.290,44","22.961,88","","0,99%"
"14.03.2007","23.063,12","22.591,28","23.063,12","22.509,95","","0,06%"
"13.03.2007","23.048,40","22.842,59","23.123,22","22.842,59","","0,90%"
"12.03.2007","22.841,79","22.982,96","23.292,02","22.837,33","","-0,53%"
"09.03.2007","22.963,66","23.061,24","23.174,49","22.861,15","","-0,24%"
"08.03.2007","23.019,60","22.652,93","23.019,60","22.652,93","","2,21%"
"07.03.2007","22.522,37","23.034,90","23.039,47","22.448,78","","-1,07%"
"06.03.2007","22.765,13","23.042,59","23.090,39","22.741,65","","-0,02%"
"05.03.2007","22.769,40","22.577,30","22.835,13","22.476,47","","-1,38%"
"02.03.2007","23.088,71","23.380,42","23.430,12","22.944,53","","-0,25%"
"01.03.2007","23.147,30","23.280,33","23.608,76","22.832,16","","-0,96%"
"28.02.2007","23.371,22","23.081,36","23.448,89","23.041,38","","-1,07%"
"27.02.2007","23.624,16","24.096,06","24.105,72","23.417,00","","-2,44%"
"26.02.2007","24.214,54","24.260,62","24.359,27","24.192,86","","0,24%"
"23.02.2007","24.157,45","24.178,71","24.234,69","24.014,34","","0,20%"
"22.02.2007","24.108,44","24.119,05","24.229,92","24.043,86","","0,29%"
"21.02.2007","24.039,04","24.138,02","24.287,86","24.039,04","","-0,01%"
"20.02.2007","24.041,97","24.356,60","24.411,40","23.998,21","","-0,87%"
"19.02.2007","24.254,10","24.259,63","24.414,82","24.129,62","","-0,02%"
"16.02.2007","24.257,82","24.046,16","24.312,95","24.011,01","","1,00%"
"15.02.2007","24.016,75","24.187,23","24.365,94","24.016,75","","-0,58%"
"14.02.2007","24.155,76","23.901,47","24.155,76","23.823,54","","1,06%"
"13.02.2007","23.901,56","23.753,25","23.926,44","23.588,67","","0,77%"
"12.02.2007","23.719,05","23.678,28","23.785,19","23.507,01","","-0,54%"
"09.02.2007","23.847,06","23.651,62","23.967,08","23.493,08","","1,51%"
"08.02.2007","23.491,32","23.939,64","23.944,22","23.458,97","","-1,89%"
"07.02.2007","23.944,58","24.140,91","24.141,35","23.903,50","","-0,85%"
"06.02.2007","24.148,75","24.275,53","24.277,66","24.052,50","","-0,29%"
"05.02.2007","24.218,29","24.258,03","24.299,38","24.030,31","","0,12%"
"02.02.2007","24.190,45","24.265,40","24.365,34","24.125,91","","0,44%"
"01.02.2007","24.083,48","24.392,57","24.445,72","24.069,51","","0,10%"
"31.01.2007","24.059,38","23.881,07","24.112,52","23.796,23","","0,94%"
"30.01.2007","23.835,98","23.549,54","23.835,98","23.452,49","","0,65%"
"29.01.2007","23.681,37","23.880,98","23.963,06","23.678,87","","-0,51%"
"26.01.2007","23.803,08","23.843,87","23.932,73","23.610,23","","-1,09%"
"25.01.2007","24.066,03","24.257,03","24.295,05","23.964,03","","-0,63%"
"24.01.2007","24.217,93","24.400,69","24.486,00","24.215,84","","0,01%"
"23.01.2007","24.215,63","24.398,56","24.402,74","24.032,68","","-0,59%"
"22.01.2007","24.360,54","24.397,77","24.642,59","24.356,07","","0,68%"
"19.01.2007","24.196,51","24.058,80","24.299,23","23.883,79","","0,10%"
"18.01.2007","24.172,51","24.175,83","24.421,02","24.157,18","","0,49%"
"17.01.2007","24.055,80","24.269,40","24.453,05","24.018,95","","-0,98%"
"16.01.2007","24.293,82","24.225,21","24.299,53","24.021,13","","0,13%"
"15.01.2007","24.261,90","24.229,13","24.389,67","24.160,96","","1,18%"
"12.01.2007","23.979,57","23.700,11","23.985,17","23.592,78","","1,16%"
"11.01.2007","23.704,72","23.282,91","23.783,07","23.282,91","","2,11%"
"10.01.2007","23.214,36","23.524,87","23.524,87","23.060,05","","-1,51%"
"09.01.2007","23.570,18","23.773,95","24.127,91","23.497,94","","-1,02%"
"08.01.2007","23.813,84","23.967,69","23.979,69","23.674,38","","-1,26%"
"05.01.2007","24.116,85","24.359,07","24.359,07","23.860,43","","-1,38%"
"04.01.2007","24.454,09","24.564,91","24.632,17","24.407,53","","-1,10%"
"03.01.2007","24.727,00","24.829,82","24.886,00","24.638,55","","-0,33%"
"02.01.2007","24.809,58","24.831,84","25.067,70","24.740,74","","-0,14%"
"29.12.2006","24.844,32","24.764,18","24.934,94","24.697,70","","0,50%"
"28.12.2006","24.721,60","24.412,69","24.721,60","24.412,69","","1,45%"
"27.12.2006","24.368,72","24.318,08","24.483,24","24.237,81","","0,80%"
"22.12.2006","24.175,71","24.437,89","24.524,86","24.168,40","","-1,05%"
"21.12.2006","24.432,41","24.314,29","24.432,41","24.131,44","","0,51%"
"20.12.2006","24.309,02","24.192,53","24.426,54","24.149,31","","1,40%"
"19.12.2006","23.974,13","24.370,71","24.375,32","23.940,96","","-2,34%"
"18.12.2006","24.549,01","24.287,81","24.573,44","24.197,18","","0,81%"
"15.12.2006","24.352,59","23.940,20","24.352,59","23.933,71","","2,13%"
"14.12.2006","23.844,68","23.651,30","23.885,51","23.631,83","","1,11%"
"13.12.2006","23.583,85","23.879,91","23.939,31","23.583,85","","-1,45%"
"12.12.2006","23.930,49","23.780,64","23.993,98","23.778,23","","0,76%"
"11.12.2006","23.750,97","23.499,70","23.750,97","23.477,60","","1,16%"
"08.12.2006","23.477,46","23.594,53","23.682,64","23.379,77","","-0,98%"
"07.12.2006","23.709,60","23.459,54","23.746,74","23.346,56","","1,26%"
"06.12.2006","23.414,20","23.566,11","23.611,00","23.353,63","","-0,61%"
"05.12.2006","23.557,27","22.982,59","23.557,27","22.981,89","","2,68%"
"04.12.2006","22.942,84","22.936,92","23.027,32","22.840,05","","0,38%"
"01.12.2006","22.855,13","22.984,08","23.180,55","22.825,36","","-0,11%"
"30.11.2006","22.880,67","23.246,65","23.351,87","22.740,61","","-1,27%"
"29.11.2006","23.174,36","23.044,76","23.207,24","22.894,22","","1,51%"
"28.11.2006","22.829,90","22.938,23","22.984,47","22.701,25","","-1,44%"
"27.11.2006","23.162,65","23.261,85","23.436,82","23.095,68","","0,04%"
"24.11.2006","23.154,10","23.496,51","23.547,16","23.050,86","","-1,53%"
"23.11.2006","23.514,50","23.413,04","23.615,49","23.413,04","","0,52%"
"22.11.2006","23.391,76","23.471,27","23.662,59","23.391,76","","0,26%"
"21.11.2006","23.330,36","23.032,12","23.391,46","23.030,76","","1,62%"
"20.11.2006","22.959,35","23.052,71","23.214,30","22.939,46","","-0,41%"
"17.11.2006","23.053,79","23.472,60","23.485,79","23.031,51","","-1,68%"
"16.11.2006","23.447,28","23.259,42","23.566,17","23.256,01","","1,04%"
"15.11.2006","23.206,01","23.473,39","23.524,09","23.085,10","","-0,86%"
"14.11.2006","23.408,22","23.410,11","23.554,23","23.286,60","","-0,27%"
"13.11.2006","23.471,51","23.590,29","23.714,92","23.336,67","","0,31%"
"10.11.2006","23.399,03","23.470,83","23.569,33","23.376,94","","-0,74%"
"09.11.2006","23.572,78","23.236,20","23.572,78","23.149,48","","2,19%"
"08.11.2006","23.066,53","22.866,72","23.066,53","22.798,21","","0,62%"
"07.11.2006","22.923,61","22.838,96","23.004,95","22.659,89","","1,34%"
"06.11.2006","22.619,45","22.210,71","22.628,50","22.190,57","","2,24%"
"03.11.2006","22.123,20","22.012,32","22.199,24","21.975,29","","0,61%"
"02.11.2006","21.988,77","22.446,82","22.536,15","21.980,64","","-1,80%"
"31.10.2006","22.391,43","22.362,85","22.490,45","22.339,35","","-0,20%"
"30.10.2006","22.435,54","22.604,67","22.604,67","22.324,64","","-1,33%"
"27.10.2006","22.738,91","22.773,58","22.839,35","22.655,87","","-0,22%"
"26.10.2006","22.788,54","22.778,70","22.916,55","22.769,33","","0,68%"
"25.10.2006","22.634,36","22.443,55","22.635,79","22.378,72","","1,08%"
"24.10.2006","22.393,52","22.207,35","22.415,44","22.137,52","","0,34%"
"20.10.2006","22.318,67","22.515,63","22.583,33","22.281,34","","-0,61%"
"19.10.2006","22.455,77","22.365,27","22.455,77","22.238,41","","-0,32%"
"18.10.2006","22.527,64","22.247,25","22.527,64","22.161,79","","1,35%"
"17.10.2006","22.226,73","22.500,30","22.563,81","22.086,01","","-1,49%"
"16.10.2006","22.562,02","22.820,89","22.877,61","22.366,15","","-0,69%"
"13.10.2006","22.719,51","22.579,93","22.759,38","22.542,62","","1,29%"
"12.10.2006","22.429,08","22.223,39","22.507,74","22.000,31","","-0,34%"
"11.10.2006","22.505,77","22.571,23","22.647,82","22.300,63","","-0,06%"
"10.10.2006","22.518,25","22.219,89","22.549,75","22.212,73","","1,85%"
"09.10.2006","22.109,48","22.065,34","22.204,83","21.891,85","","0,24%"
"06.10.2006","22.056,57","22.064,68","22.125,95","21.913,76","","0,28%"
"05.10.2006","21.994,59","22.189,74","22.337,53","21.887,22","","0,21%"
"04.10.2006","21.947,96","21.309,86","21.947,96","21.206,91","","2,53%"
"03.10.2006","21.406,01","21.482,30","21.644,14","21.361,90","","-1,14%"
"02.10.2006","21.653,55","21.615,78","21.724,99","21.276,76","","-0,47%"
"29.09.2006","21.755,03","21.958,66","21.984,58","21.641,02","","-0,98%"
"28.09.2006","21.970,88","22.328,81","22.450,61","21.889,10","","-0,99%"
"27.09.2006","22.190,10","22.206,72","22.358,02","22.119,42","","0,99%"
"26.09.2006","21.972,22","21.585,15","21.972,22","21.533,23","","2,85%"
"25.09.2006","21.362,38","21.330,71","21.594,14","21.252,57","","0,03%"
"22.09.2006","21.355,07","21.606,46","21.641,06","21.352,77","","-1,87%"
"21.09.2006","21.762,63","21.982,16","22.075,58","21.694,74","","-1,76%"
"20.09.2006","22.153,29","22.415,77","22.434,66","22.028,84","","-2,24%"
"19.09.2006","22.660,80","22.677,17","22.836,98","22.476,20","","-1,21%"
"18.09.2006","22.937,25","22.554,04","23.013,01","22.427,91","","0,36%"
"15.09.2006","22.854,73","22.884,30","22.992,24","22.615,90","","-0,68%"
"14.09.2006","23.012,19","22.994,87","23.243,92","22.852,23","","0,84%"
"13.09.2006","22.820,91","22.406,84","22.851,47","22.401,44","","2,66%"
"12.09.2006","22.229,98","21.897,29","22.274,06","21.897,29","","1,67%"
"11.09.2006","21.865,77","21.955,81","21.996,86","21.814,85","","-0,28%"
"08.09.2006","21.926,54","22.032,62","22.232,92","21.926,54","","-0,39%"
"07.09.2006","22.013,06","22.520,65","22.528,87","22.013,06","","-3,19%"
"06.09.2006","22.737,41","22.998,71","23.086,72","22.698,78","","-1,12%"
"05.09.2006","22.995,35","22.898,00","23.014,66","22.793,65","","0,36%"
"04.09.2006","22.912,93","22.381,39","22.912,93","22.277,80","","2,50%"
"01.09.2006","22.354,26","22.154,78","22.354,26","22.097,76","","1,01%"
"31.08.2006","22.130,87","22.332,01","22.519,58","22.130,87","","-0,86%"
"30.08.2006","22.321,95","22.124,04","22.333,80","22.052,57","","1,54%"
"29.08.2006","21.983,56","21.878,33","22.092,26","21.878,33","","0,49%"
"28.08.2006","21.876,54","22.111,64","22.111,64","21.782,18","","-1,38%"
"25.08.2006","22.183,10","22.295,84","22.434,74","22.017,56","","-0,40%"
"24.08.2006","22.273,25","21.966,69","22.376,65","21.913,37","","0,71%"
"23.08.2006","22.115,71","22.043,59","22.267,17","21.936,54","","-0,09%"
"22.08.2006","22.134,56","21.801,96","22.160,67","21.755,78","","1,83%"
"21.08.2006","21.736,96","21.675,83","21.791,01","21.537,61","","0,05%"
"18.08.2006","21.725,95","21.723,93","21.725,95","21.470,71","","-0,52%"
"17.08.2006","21.840,01","21.860,66","21.970,62","21.734,61","","0,22%"
"16.08.2006","21.791,44","21.859,02","22.017,47","21.730,38","","0,28%"
"15.08.2006","21.729,60","21.344,60","21.790,94","21.132,05","","1,58%"
"14.08.2006","21.390,56","21.396,02","21.569,75","21.321,50","","0,45%"
"11.08.2006","21.295,13","21.523,52","21.644,24","21.295,13","","-0,17%"
"10.08.2006","21.330,77","21.785,82","21.785,82","21.330,77","","-2,78%"
"09.08.2006","21.940,13","22.287,63","22.335,76","21.940,13","","-0,69%"
"08.08.2006","22.092,56","22.263,07","22.328,11","22.053,98","","-0,49%"
"07.08.2006","22.200,29","22.054,29","22.201,86","21.901,56","","-0,07%"
"04.08.2006","22.216,71","21.914,74","22.277,01","21.745,39","","1,07%"
"03.08.2006","21.980,97","22.311,39","22.343,22","21.850,55","","-1,01%"
"02.08.2006","22.205,67","22.322,72","22.456,05","22.022,22","","-1,40%"
"01.08.2006","22.521,43","22.647,48","22.798,06","22.331,83","","-0,32%"
"31.07.2006","22.594,29","22.292,32","22.635,54","22.279,98","","1,96%"
"28.07.2006","22.160,75","22.268,84","22.278,65","22.139,93","","-0,43%"
"27.07.2006","22.255,73","22.122,15","22.340,44","21.870,46","","1,48%"
"26.07.2006","21.931,18","21.785,67","21.931,18","21.443,71","","0,97%"
"25.07.2006","21.720,70","21.639,85","21.944,99","21.566,67","","1,27%"
"24.07.2006","21.448,88","21.297,95","21.448,88","21.093,88","","1,30%"
"21.07.2006","21.172,80","21.191,76","21.468,21","21.106,16","","-0,87%"
"20.07.2006","21.358,68","21.321,44","21.577,77","21.285,50","","1,97%"
"19.07.2006","20.946,58","20.957,29","21.039,92","20.788,56","","0,64%"
"18.07.2006","20.813,39","20.691,73","20.952,05","20.419,83","","0,06%"
"17.07.2006","20.800,01","21.375,54","21.385,85","20.783,33","","-2,80%"
"14.07.2006","21.400,00","21.431,63","21.505,69","21.172,59","","-1,85%"
"13.07.2006","21.804,23","22.094,47","22.262,57","21.741,49","","-2,40%"
"12.07.2006","22.341,03","22.371,84","22.685,60","22.136,18","","0,31%"
"11.07.2006","22.272,41","22.622,98","22.622,98","22.161,12","","-1,50%"
"10.07.2006","22.610,95","21.947,32","22.610,95","21.947,32","","2,17%"
"07.07.2006","22.130,86","22.156,09","22.275,47","22.005,53","","0,75%"
"06.07.2006","21.966,73","21.359,37","21.966,73","21.340,62","","1,61%"
"05.07.2006","21.617,72","21.462,99","21.882,63","21.268,13","","-0,23%"
"04.07.2006","21.666,65","21.533,02","21.666,65","21.422,25","","0,67%"
"03.07.2006","21.521,84","21.459,55","21.710,34","21.122,49","","0,54%"
"30.06.2006","21.407,03","21.042,65","21.539,16","20.970,90","","4,99%"
"29.06.2006","20.390,31","20.385,27","20.718,40","20.249,99","","1,07%"
"28.06.2006","20.175,17","19.536,29","20.274,24","19.533,34","","2,18%"
"27.06.2006","19.744,96","19.280,74","19.744,96","19.110,05","","3,36%"
"26.06.2006","19.102,89","19.427,57","19.510,74","18.956,41","","-1,49%"
"23.06.2006","19.391,93","19.722,86","19.722,86","19.267,33","","-1,65%"
"22.06.2006","19.717,03","19.641,65","20.064,29","19.624,80","","2,82%"
"21.06.2006","19.176,31","18.875,58","19.331,66","18.875,58","","1,85%"
"20.06.2006","18.827,56","18.598,70","19.249,47","18.395,09","","0,34%"
"19.06.2006","18.763,58","18.478,41","18.854,22","18.200,00","","1,63%"
"16.06.2006","18.461,79","19.410,58","19.518,95","18.461,79","","-1,79%"
"15.06.2006","18.797,90","19.090,04","19.211,97","18.470,00","","1,28%"
"14.06.2006","18.561,05","18.807,88","19.287,43","18.097,68","","-1,37%"
"13.06.2006","18.819,74","18.697,51","19.417,22","18.195,96","","-3,36%"
"12.06.2006","19.473,25","19.916,29","20.160,61","19.263,85","","-3,34%"
"09.06.2006","20.146,08","20.654,47","20.898,69","19.996,54","","-1,03%"
"08.06.2006","20.355,46","20.323,16","20.370,07","19.909,45","","-2,39%"
"07.06.2006","20.854,51","21.151,57","21.308,08","20.787,49","","-2,34%"
"06.06.2006","21.353,66","21.710,78","21.829,40","21.220,83","","-3,31%"
"02.06.2006","22.085,24","21.975,16","22.215,24","21.924,47","","2,17%"
"01.06.2006","21.616,56","21.651,61","21.946,09","21.474,15","","1,75%"
"31.05.2006","21.244,18","21.079,68","21.988,62","21.007,59","","-2,32%"
"30.05.2006","21.748,36","22.396,88","22.399,60","21.664,31","","-3,02%"
"29.05.2006","22.426,53","22.215,99","22.512,44","22.204,21","","1,63%"
"26.05.2006","22.067,53","21.863,74","22.083,15","21.577,85","","3,50%"
"25.05.2006","21.321,35","21.055,58","21.321,35","20.617,79","","2,01%"
"24.05.2006","20.901,81","21.739,84","21.863,25","20.640,68","","-3,57%"
"23.05.2006","21.676,27","21.395,58","22.046,64","20.837,38","","1,52%"
"22.05.2006","21.351,83","22.170,08","22.192,61","21.126,28","","-3,88%"
"19.05.2006","22.213,37","22.795,68","22.826,65","22.152,45","","-2,28%"
"18.05.2006","22.732,27","22.243,93","22.917,08","22.182,59","","-0,68%"
"17.05.2006","22.888,01","23.991,42","24.050,49","22.830,87","","-3,97%"
"16.05.2006","23.834,73","23.969,25","24.104,89","23.478,47","","-0,11%"
"15.05.2006","23.862,14","24.207,94","24.301,38","23.609,45","","-3,02%"
"12.05.2006","24.604,43","24.788,60","24.880,38","24.457,41","","-1,70%"
"11.05.2006","25.029,41","25.227,54","25.406,78","24.938,46","","-0,46%"
"10.05.2006","25.145,78","25.319,79","25.444,74","25.111,02","","-0,62%"
"09.05.2006","25.302,38","25.358,21","25.375,89","25.071,80","","0,26%"
"08.05.2006","25.237,38","25.502,74","25.550,68","25.225,33","","-0,70%"
"05.05.2006","25.415,64","25.330,81","25.415,64","25.065,87","","1,75%"
"04.05.2006","24.979,52","24.933,81","25.082,89","24.782,85","","0,05%"
"03.05.2006","24.968,01","24.726,91","25.103,88","24.726,91","","1,65%"
"02.05.2006","24.561,80","24.316,01","24.731,76","24.316,01","","0,84%"
"28.04.2006","24.356,29","24.178,89","24.535,26","24.142,80","","0,29%"
"27.04.2006","24.285,84","24.708,92","24.827,48","24.105,58","","-1,97%"
"26.04.2006","24.775,05","24.571,26","24.775,05","24.181,89","","0,86%"
"25.04.2006","24.564,95","24.987,66","25.120,69","24.557,84","","-1,92%"
"24.04.2006","25.044,76","25.031,96","25.044,76","24.756,42","","1,07%"
"21.04.2006","24.780,03","25.102,03","25.113,05","24.616,80","","-1,16%"
"20.04.2006","25.071,90","24.504,28","25.071,90","24.439,81","","2,61%"
"19.04.2006","24.434,05","24.337,83","24.447,04","24.277,70","","1,73%"
"18.04.2006","24.017,76","24.118,42","24.375,40","23.967,05","","0,02%"
"14.04.2006","24.013,07","23.989,26","24.037,17","23.889,98","","0,21%"
"13.04.2006","23.963,20","24.030,94","24.112,83","23.828,59","","-0,09%"
"12.04.2006","23.985,37","23.788,66","23.999,15","23.480,79","","0,89%"
"11.04.2006","23.773,70","23.628,32","24.025,27","23.628,32","","0,39%"
"10.04.2006","23.680,34","23.574,30","23.710,16","23.343,55","","0,51%"
"07.04.2006","23.560,85","23.392,93","23.696,44","23.268,79","","0,52%"
"06.04.2006","23.439,28","22.990,81","23.439,28","22.990,81","","2,25%"
"05.04.2006","22.924,22","22.953,00","23.115,40","22.805,70","","-0,19%"
"04.04.2006","22.967,10","22.958,47","22.967,10","22.737,40","","-0,13%"
"03.04.2006","22.997,75","23.207,24","23.207,24","22.930,39","","-0,29%"
"31.03.2006","23.065,09","22.992,10","23.110,09","22.930,70","","0,60%"
"30.03.2006","22.927,63","22.890,51","23.127,58","22.829,11","","0,43%"
"29.03.2006","22.829,14","22.673,58","22.829,14","22.312,09","","0,43%"
"28.03.2006","22.730,54","22.812,38","22.922,69","22.705,74","","-0,35%"
"27.03.2006","22.809,56","22.617,98","22.857,84","22.596,61","","0,91%"
"24.03.2006","22.603,37","22.450,02","22.692,61","22.429,75","","0,49%"
"23.03.2006","22.493,62","22.716,89","22.746,88","22.426,44","","-0,07%"
"22.03.2006","22.510,34","22.717,60","22.717,60","22.344,93","","-1,35%"
"21.03.2006","22.817,32","22.875,52","23.026,15","22.644,01","","-0,36%"
"20.03.2006","22.898,83","22.885,72","23.189,58","22.787,84","","-0,53%"
"17.03.2006","23.020,57","22.323,00","23.020,57","22.225,17","","3,49%"
"16.03.2006","22.243,25","22.257,22","22.300,04","21.963,33","","2,43%"
"14.03.2006","21.716,31","22.255,45","22.266,58","21.716,31","","-2,40%"
"13.03.2006","22.251,09","22.047,77","22.251,09","21.977,41","","1,21%"
"10.03.2006","21.985,86","22.325,08","22.342,87","21.766,46","","-1,65%"
"09.03.2006","22.353,88","22.231,23","22.382,86","22.052,55","","1,01%"
"08.03.2006","22.130,56","22.793,26","22.847,20","21.978,56","","-2,91%"
"07.03.2006","22.793,88","23.151,09","23.181,51","22.615,99","","-2,16%"
"06.03.2006","23.297,49","23.501,54","23.619,48","23.297,49","","-0,81%"
"03.03.2006","23.486,94","23.474,36","23.528,52","23.315,63","","0,00%"
"02.03.2006","23.487,46","23.494,18","23.668,49","23.284,49","","0,21%"
"01.03.2006","23.437,42","23.176,90","23.450,85","23.057,37","","0,94%"
"28.02.2006","23.219,99","24.063,35","24.164,91","23.144,42","","-3,58%"
"27.02.2006","24.081,77","23.738,92","24.086,23","23.713,61","","1,85%"
"24.02.2006","23.644,38","23.437,87","23.662,56","23.314,62","","0,98%"
"23.02.2006","23.415,06","23.149,95","23.415,06","23.131,99","","0,03%"
"22.02.2006","23.407,74","23.370,08","23.633,29","23.276,14","","-0,29%"
"21.02.2006","23.475,64","23.364,71","23.526,34","23.267,51","","0,65%"
"20.02.2006","23.324,18","23.128,46","23.451,70","23.128,46","","0,69%"
"17.02.2006","23.164,92","22.256,54","23.177,86","22.243,07","","4,96%"
"16.02.2006","22.070,81","22.131,38","22.264,85","22.052,58","","-0,22%"
"15.02.2006","22.120,46","22.096,14","22.279,46","22.028,30","","0,40%"
"14.02.2006","22.032,57","22.605,21","22.605,65","22.032,57","","-1,84%"
"13.02.2006","22.445,52","22.531,34","22.620,61","22.357,04","","-0,24%"
"10.02.2006","22.498,61","22.627,75","22.657,82","22.320,41","","-0,60%"
"09.02.2006","22.633,51","22.384,80","22.816,52","22.384,80","","1,69%"
"08.02.2006","22.256,52","22.274,69","22.366,42","22.013,63","","-0,36%"
"07.02.2006","22.337,18","22.241,44","22.381,14","22.067,11","","0,66%"
"06.02.2006","22.190,69","22.302,57","22.543,10","22.138,22","","-0,12%"
"03.02.2006","22.216,35","22.501,06","22.691,50","22.175,39","","-1,54%"
"02.02.2006","22.564,26","22.328,14","22.690,42","22.299,63","","0,87%"
"01.02.2006","22.369,87","22.183,79","22.369,87","22.075,49","","0,75%"
"31.01.2006","22.202,70","22.428,12","22.520,06","22.202,70","","-0,97%"
"30.01.2006","22.420,07","22.747,59","22.761,76","22.401,53","","-0,63%"
"27.01.2006","22.561,75","22.067,07","22.561,75","21.944,51","","2,57%"
"26.01.2006","21.996,26","22.368,13","22.444,11","21.911,40","","-1,58%"
"25.01.2006","22.350,18","22.487,51","22.661,48","22.350,18","","-0,74%"
"24.01.2006","22.516,68","22.790,59","22.803,49","22.439,88","","-0,77%"
"23.01.2006","22.692,48","22.401,74","22.692,48","22.292,83","","-0,30%"
"20.01.2006","22.761,43","22.558,11","22.772,42","22.538,72","","1,16%"
"19.01.2006","22.499,47","22.280,25","22.634,82","22.278,30","","1,72%"
"18.01.2006","22.119,46","22.152,07","22.152,07","21.843,53","","-0,86%"
"17.01.2006","22.311,23","22.297,51","22.459,95","22.099,98","","0,03%"
"16.01.2006","22.304,97","22.098,91","22.367,60","22.016,90","","0,66%"
"13.01.2006","22.158,63","22.346,48","22.346,48","21.945,88","","-1,05%"
"12.01.2006","22.393,45","22.459,88","22.505,96","22.252,85","","-0,16%"
"11.01.2006","22.429,30","22.291,51","22.706,94","22.241,93","","0,29%"
"10.01.2006","22.363,59","22.503,00","22.645,86","22.306,91","","-0,53%"
"09.01.2006","22.482,07","21.985,61","22.549,09","21.975,24","","2,72%"
"06.01.2006","21.886,06","21.801,25","21.934,74","21.609,35","","0,68%"
"05.01.2006","21.738,66","21.696,13","21.753,47","21.544,92","","0,18%"
"04.01.2006","21.698,74","21.510,31","21.704,12","21.417,58","","1,89%"
"03.01.2006","21.295,25","20.997,96","21.305,67","20.994,49","","1,34%"
"02.01.2006","21.012,93","20.680,55","21.012,93","20.483,12","","1,10%"
"30.12.2005","20.784,74","20.879,71","20.921,80","20.767,51","","-0,35%"
"29.12.2005","20.858,16","20.671,19","20.868,17","20.658,91","","0,87%"
"28.12.2005","20.678,64","20.903,10","20.903,10","20.620,36","","-0,95%"
"27.12.2005","20.877,74","20.751,40","20.897,32","20.710,43","","0,69%"
"23.12.2005","20.734,75","20.598,81","20.734,75","20.348,49","","0,71%"
"22.12.2005","20.589,24","21.135,72","21.137,47","20.536,76","","-2,21%"
"21.12.2005","21.054,18","21.016,70","21.133,10","20.810,36","","-0,18%"
"20.12.2005","21.092,86","21.043,69","21.148,96","20.875,35","","0,16%"
"19.12.2005","21.059,37","20.961,00","21.185,34","20.952,22","","0,47%"
"16.12.2005","20.961,69","20.757,01","21.128,85","20.732,49","","0,78%"
"15.12.2005","20.798,96","20.793,01","20.846,68","20.730,00","","-0,05%"
"14.12.2005","20.809,88","21.016,31","21.080,65","20.738,78","","-0,80%"
"13.12.2005","20.978,20","21.153,30","21.228,62","20.943,61","","-0,38%"
"12.12.2005","21.057,68","20.662,86","21.083,91","20.559,97","","2,02%"
"09.12.2005","20.640,30","20.925,03","21.072,67","20.447,07","","-1,56%"
"08.12.2005","20.967,00","21.011,25","21.083,48","20.806,46","","-0,50%"
"07.12.2005","21.072,83","20.838,02","21.100,92","20.738,21","","1,11%"
"06.12.2005","20.840,94","21.303,84","21.303,84","20.708,98","","-2,48%"
"05.12.2005","21.371,31","21.645,91","21.765,53","21.343,40","","-1,38%"
"02.12.2005","21.670,38","21.484,14","21.670,38","21.352,09","","1,95%"
"01.12.2005","21.256,71","21.048,25","21.275,27","20.893,50","","0,39%"
"30.11.2005","21.174,35","21.410,96","21.410,96","21.057,38","","-1,29%"
"29.11.2005","21.450,75","21.598,44","21.676,50","21.408,26","","-1,56%"
"28.11.2005","21.789,87","21.790,39","22.084,03","21.688,60","","0,50%"
"25.11.2005","21.682,36","21.211,83","21.698,49","21.162,53","","2,25%"
"24.11.2005","21.204,85","20.893,64","21.308,79","20.893,64","","2,08%"
"23.11.2005","20.773,60","20.798,80","21.007,92","20.773,60","","-0,01%"
"22.11.2005","20.775,15","21.122,73","21.152,80","20.679,14","","-1,67%"
"21.11.2005","21.127,15","21.197,22","21.215,20","20.898,47","","0,01%"
"18.11.2005","21.125,96","21.107,11","21.180,60","21.004,55","","0,57%"
"17.11.2005","21.005,97","20.940,55","21.201,29","20.877,82","","0,36%"
"16.11.2005","20.929,66","20.434,30","20.929,66","20.416,25","","2,76%"
"15.11.2005","20.367,62","20.369,04","20.632,80","20.286,55","","-0,12%"
"14.11.2005","20.392,99","20.533,97","20.622,78","20.216,58","","0,19%"
"11.11.2005","20.354,09","20.442,21","20.741,40","20.227,47","","-1,47%"
"10.11.2005","20.658,71","21.027,39","21.033,32","20.514,86","","-1,54%"
"09.11.2005","20.981,45","21.207,74","21.295,21","20.953,77","","-0,84%"
"08.11.2005","21.159,23","21.818,53","21.819,40","21.120,33","","-2,91%"
"07.11.2005","21.794,12","21.779,10","21.847,39","21.508,84","","-0,14%"
"04.11.2005","21.823,65","21.875,19","21.984,61","21.589,34","","0,68%"
"03.11.2005","21.675,42","21.378,77","21.675,42","21.196,59","","2,36%"
"02.11.2005","21.175,01","20.946,91","21.278,71","20.946,03","","3,16%"
"28.10.2005","20.525,53","20.221,17","20.525,53","19.911,74","","1,02%"
"27.10.2005","20.319,01","20.900,63","20.969,93","20.319,01","","-2,29%"
"26.10.2005","20.796,10","20.429,46","20.969,31","20.420,78","","2,38%"
"25.10.2005","20.312,10","20.451,30","20.516,84","20.272,49","","1,11%"
"24.10.2005","20.088,26","20.028,55","20.323,65","19.952,08","","0,93%"
"21.10.2005","19.902,59","19.809,80","20.021,45","19.687,86","","-1,44%"
"20.10.2005","20.193,84","19.955,85","20.273,95","19.955,85","","2,49%"
"19.10.2005","19.703,66","20.108,41","20.108,41","19.438,60","","-4,17%"
"18.10.2005","20.561,67","21.007,53","21.287,73","20.307,03","","-1,42%"
"17.10.2005","20.858,63","20.526,94","20.907,18","20.526,94","","2,22%"
"14.10.2005","20.405,96","20.849,79","20.993,24","20.312,74","","-3,07%"
"13.10.2005","21.051,29","22.132,16","22.132,16","20.962,45","","-5,24%"
"12.10.2005","22.214,81","22.431,11","22.431,47","22.137,06","","-0,88%"
"11.10.2005","22.410,91","22.310,43","22.508,35","22.265,26","","0,62%"
"10.10.2005","22.271,95","22.246,59","22.492,57","21.877,30","","0,33%"
"07.10.2005","22.199,60","22.408,16","22.408,16","22.053,54","","-1,28%"
"06.10.2005","22.487,89","22.779,16","22.845,85","22.355,57","","-3,13%"
"05.10.2005","23.215,33","23.664,03","23.698,74","23.192,32","","-1,93%"
"04.10.2005","23.671,96","23.461,39","23.741,45","23.416,09","","1,17%"
"03.10.2005","23.397,67","23.002,34","23.459,65","22.853,85","","1,96%"
"30.09.2005","22.948,69","23.184,62","23.409,19","22.829,92","","-0,74%"
"29.09.2005","23.120,47","23.074,75","23.390,10","22.663,95","","0,18%"
"28.09.2005","23.078,47","23.508,94","23.846,94","23.034,09","","-1,80%"
"27.09.2005","23.501,63","22.876,43","23.522,51","22.840,61","","2,92%"
"26.09.2005","22.834,28","22.604,97","22.922,23","22.489,13","","1,20%"
"23.09.2005","22.564,50","23.185,85","23.218,07","22.505,82","","-2,40%"
"22.09.2005","23.118,39","22.979,49","23.157,90","22.825,18","","0,75%"
"21.09.2005","22.947,02","22.916,62","23.159,65","22.844,55","","-0,55%"
"20.09.2005","23.074,04","23.378,17","23.388,41","22.904,03","","-0,88%"
"19.09.2005","23.279,30","23.310,74","23.516,93","23.056,32","","-0,26%"
"16.09.2005","23.339,30","23.184,34","23.445,99","23.083,66","","1,00%"
"15.09.2005","23.107,72","22.756,42","23.193,55","22.660,56","","1,59%"
"14.09.2005","22.745,74","22.846,96","22.881,21","22.431,23","","-0,29%"
"13.09.2005","22.811,84","23.095,65","23.491,44","22.632,72","","-0,43%"
"12.09.2005","22.910,54","22.755,70","23.156,53","22.755,70","","1,04%"
"09.09.2005","22.675,67","21.986,36","22.718,25","21.986,36","","3,33%"
"08.09.2005","21.945,12","21.693,09","21.969,84","21.560,52","","0,27%"
"07.09.2005","21.886,54","21.913,52","22.044,74","21.669,58","","0,05%"
"06.09.2005","21.876,17","21.800,17","21.935,64","21.630,92","","0,00%"
"05.09.2005","21.875,49","22.479,56","22.511,19","21.821,78","","-2,20%"
"02.09.2005","22.368,58","22.049,48","22.810,21","21.763,28","","2,37%"
"01.09.2005","21.851,13","21.695,22","22.140,80","21.622,97","","1,29%"
"31.08.2005","21.572,89","21.711,95","21.922,39","21.493,99","","-0,37%"
"30.08.2005","21.653,66","21.257,42","21.669,77","21.257,42","","2,19%"
"29.08.2005","21.190,55","21.123,72","21.281,23","21.065,26","","0,26%"
"26.08.2005","21.135,06","20.890,07","21.200,07","20.760,50","","1,25%"
"25.08.2005","20.874,62","21.044,17","21.107,47","20.626,93","","-0,73%"
"24.08.2005","21.028,35","20.743,93","21.040,41","20.686,05","","1,18%"
"23.08.2005","20.782,42","20.645,92","20.782,42","20.465,13","","0,81%"
"22.08.2005","20.614,57","20.333,15","20.661,61","20.254,42","","1,64%"
"19.08.2005","20.281,63","20.602,77","20.635,65","20.153,82","","-1,77%"
"18.08.2005","20.646,54","20.597,95","20.698,98","20.475,34","","0,07%"
"17.08.2005","20.632,26","20.794,92","20.968,28","20.608,50","","-1,02%"
"16.08.2005","20.844,73","20.454,01","20.852,23","20.333,00","","2,09%"
"15.08.2005","20.418,18","20.251,69","20.465,47","20.085,34","","1,18%"
"12.08.2005","20.179,14","20.470,98","20.470,98","20.015,28","","-1,98%"
"11.08.2005","20.586,21","20.814,54","20.942,37","20.486,35","","-0,61%"
"10.08.2005","20.713,55","21.107,80","21.114,12","20.652,85","","-1,78%"
"09.08.2005","21.089,30","21.183,12","21.404,97","21.089,30","","-0,19%"
"08.08.2005","21.129,35","20.893,78","21.269,80","20.858,84","","1,30%"
"05.08.2005","20.858,50","20.998,24","21.035,59","20.720,66","","-0,68%"
"04.08.2005","21.001,88","20.946,47","21.173,71","20.776,64","","0,01%"
"03.08.2005","21.000,56","21.383,03","21.574,63","20.855,63","","-1,66%"
"02.08.2005","21.354,10","21.043,27","21.368,50","21.024,54","","1,67%"
"01.08.2005","21.003,95","20.781,55","21.199,88","20.770,25","","1,36%"
"29.07.2005","20.722,64","20.701,80","20.777,54","20.579,58","","0,32%"
"28.07.2005","20.656,62","20.540,42","20.666,87","20.487,73","","0,65%"
"27.07.2005","20.523,32","20.284,72","20.573,03","20.245,71","","1,33%"
"26.07.2005","20.254,73","20.183,90","20.294,18","20.183,39","","0,43%"
"25.07.2005","20.168,05","19.890,82","20.200,60","19.890,82","","1,55%"
"22.07.2005","19.860,00","19.864,64","19.915,76","19.676,51","","-0,12%"
"21.07.2005","19.883,62","19.999,24","20.127,12","19.883,62","","-0,46%"
"20.07.2005","19.975,04","19.995,29","20.144,56","19.931,61","","0,26%"
"19.07.2005","19.924,22","19.549,85","19.938,95","19.504,03","","1,96%"
"18.07.2005","19.541,52","19.744,51","19.815,41","19.505,16","","-1,10%"
"15.07.2005","19.758,21","19.838,23","19.955,64","19.744,23","","-0,54%"
"14.07.2005","19.866,11","19.808,34","19.968,96","19.766,17","","0,44%"
"13.07.2005","19.779,92","19.566,97","19.818,65","19.523,14","","1,27%"
"12.07.2005","19.531,66","19.230,36","19.592,75","19.124,91","","1,64%"
"11.07.2005","19.216,34","19.533,89","19.544,13","19.199,88","","-1,19%"
"08.07.2005","19.447,51","19.400,46","19.671,51","19.400,46","","0,30%"
"07.07.2005","19.388,81","19.601,37","19.615,67","18.766,07","","-1,05%"
"06.07.2005","19.593,88","19.195,59","19.593,88","19.073,92","","2,11%"
"05.07.2005","19.188,46","19.294,45","19.416,62","19.123,78","","-0,64%"
"04.07.2005","19.311,95","19.007,05","19.319,98","18.978,62","","1,66%"
"01.07.2005","18.995,98","18.649,84","19.027,33","18.581,96","","1,36%"
"30.06.2005","18.740,66","18.535,73","18.883,40","18.535,73","","0,66%"
"29.06.2005","18.617,63","18.465,60","18.634,03","18.310,52","","0,77%"
"28.06.2005","18.475,16","18.352,00","18.538,18","18.344,20","","0,62%"
"27.06.2005","18.361,50","18.388,68","18.443,04","18.191,52","","-0,24%"
"24.06.2005","18.406,12","18.375,80","18.449,80","18.232,32","","-0,54%"
"23.06.2005","18.506,25","18.770,57","18.779,49","18.381,84","","-1,05%"
"22.06.2005","18.702,96","18.734,24","18.797,89","18.501,02","","-0,17%"
"21.06.2005","18.734,66","18.656,97","18.876,87","18.656,97","","0,32%"
"20.06.2005","18.675,15","18.376,48","18.675,15","18.322,61","","1,56%"
"17.06.2005","18.387,44","18.640,84","18.727,99","18.271,82","","-1,10%"
"16.06.2005","18.592,46","18.525,23","18.709,26","18.399,01","","0,56%"
"15.06.2005","18.489,23","18.299,67","18.489,23","18.124,73","","1,17%"
"14.06.2005","18.275,75","18.358,12","18.543,05","18.254,46","","-0,04%"
"13.06.2005","18.282,27","18.203,13","18.368,76","18.176,19","","0,49%"
"10.06.2005","18.193,46","17.714,34","18.231,26","17.714,34","","3,12%"
"09.06.2005","17.643,14","17.775,36","17.861,13","17.601,51","","-0,66%"
"08.06.2005","17.759,87","17.899,35","17.899,35","17.636,66","","-1,15%"
"07.06.2005","17.966,11","17.791,32","17.976,86","17.767,77","","0,53%"
"06.06.2005","17.871,87","17.659,19","17.942,83","17.532,93","","1,36%"
"03.06.2005","17.631,61","17.525,14","17.653,23","17.408,29","","0,59%"
"02.06.2005","17.528,20","17.296,24","17.528,20","17.257,78","","2,28%"
"01.06.2005","17.137,40","16.913,14","17.235,22","16.868,98","","1,36%"
"31.05.2005","16.907,81","16.837,04","17.108,19","16.833,01","","-0,09%"
"30.05.2005","16.923,75","16.836,04","16.954,43","16.781,65","","-0,05%"
"27.05.2005","16.932,22","16.765,29","17.067,44","16.754,98","","1,25%"
"26.05.2005","16.723,74","16.659,12","16.776,88","16.606,17","","0,55%"
"25.05.2005","16.632,69","16.776,17","16.829,82","16.621,92","","-0,82%"
"24.05.2005","16.769,54","16.509,27","16.785,75","16.447,37","","1,96%"
"23.05.2005","16.447,26","16.564,89","16.575,86","16.403,64","","-0,35%"
"20.05.2005","16.504,70","16.393,47","16.596,36","16.227,76","","0,93%"
"19.05.2005","16.353,30","16.397,42","16.543,16","16.264,08","","0,14%"
"18.05.2005","16.329,85","16.054,06","16.371,26","16.054,06","","2,16%"
"17.05.2005","15.983,87","15.827,50","16.002,07","15.692,92","","1,06%"
"13.05.2005","15.816,59","16.117,48","16.117,48","15.711,84","","-1,11%"
"12.05.2005","15.994,17","16.111,10","16.224,13","15.910,68","","-0,65%"
"11.05.2005","16.098,50","16.329,07","16.331,58","15.902,52","","-1,43%"
"10.05.2005","16.331,87","16.517,68","16.517,68","16.254,85","","-0,91%"
"09.05.2005","16.481,05","16.627,46","16.644,12","16.460,91","","-0,54%"
"06.05.2005","16.570,48","16.492,17","16.649,47","16.433,96","","0,20%"
"05.05.2005","16.536,61","16.523,79","16.676,57","16.374,61","","0,74%"
"04.05.2005","16.414,54","16.498,74","16.603,62","16.340,97","","-0,50%"
"03.05.2005","16.496,37","16.493,51","16.586,03","16.414,68","","0,01%"
"02.05.2005","16.495,01","16.490,38","16.574,09","16.355,26","","0,72%"
"29.04.2005","16.377,74","16.520,02","16.643,30","16.341,19","","-0,95%"
"28.04.2005","16.535,40","16.773,83","16.917,93","16.456,43","","-1,55%"
"27.04.2005","16.796,16","17.042,69","17.042,69","16.630,29","","-1,57%"
"26.04.2005","17.064,91","17.119,29","17.235,55","17.034,57","","-0,34%"
"25.04.2005","17.123,90","16.749,74","17.125,24","16.625,11","","3,02%"
"22.04.2005","16.621,26","16.500,05","16.759,73","16.471,65","","1,46%"
"21.04.2005","16.381,92","16.609,98","16.609,98","16.355,38","","-1,39%"
"20.04.2005","16.613,66","16.717,06","16.780,25","16.602,06","","-0,24%"
"19.04.2005","16.652,91","16.749,02","16.813,61","16.567,32","","-0,07%"
"18.04.2005","16.665,33","16.945,96","16.945,96","16.585,97","","-2,70%"
"15.04.2005","17.128,47","17.227,35","17.227,35","16.968,73","","-1,41%"
"14.04.2005","17.372,57","17.453,90","17.453,90","17.256,05","","-0,62%"
"13.04.2005","17.480,48","17.462,24","17.528,15","17.303,30","","0,34%"
"12.04.2005","17.420,47","17.176,71","17.442,84","17.176,33","","1,46%"
"11.04.2005","17.169,59","17.421,49","17.421,49","17.140,14","","-1,65%"
"08.04.2005","17.458,16","17.571,09","17.606,42","17.347,73","","-0,57%"
"07.04.2005","17.558,15","17.643,68","17.758,08","17.548,80","","-0,46%"
"06.04.2005","17.639,78","17.530,76","17.642,34","17.467,41","","0,70%"
"05.04.2005","17.516,63","17.315,87","17.582,95","17.211,78","","1,09%"
"04.04.2005","17.327,29","17.407,52","17.552,13","17.232,75","","-0,45%"
"01.04.2005","17.405,05","17.154,77","17.480,20","17.149,96","","1,74%"
"31.03.2005","17.107,63","16.882,64","17.165,12","16.864,71","","2,00%"
"30.03.2005","16.772,25","16.800,25","16.891,59","16.675,45","","-0,48%"
"29.03.2005","16.853,49","16.720,85","16.853,49","16.613,33","","0,53%"
"25.03.2005","16.764,46","16.779,10","16.845,06","16.744,77","","0,09%"
"24.03.2005","16.749,30","16.782,68","17.095,75","16.644,81","","-0,17%"
"23.03.2005","16.778,46","16.850,10","16.850,74","16.444,22","","-1,92%"
"22.03.2005","17.107,33","16.544,08","17.114,90","16.544,08","","3,00%"
"21.03.2005","16.608,85","16.908,29","16.986,87","16.527,65","","-1,48%"
"18.03.2005","16.859,13","16.820,55","17.172,26","16.765,29","","0,67%"
"17.03.2005","16.746,75","16.892,57","17.113,48","16.585,93","","-0,96%"
"16.03.2005","16.908,36","17.683,15","17.683,15","16.662,70","","-5,45%"
"11.03.2005","17.882,73","18.070,91","18.116,47","17.645,18","","-0,81%"
"10.03.2005","18.027,98","18.426,80","18.434,45","17.908,99","","-2,43%"
"09.03.2005","18.477,22","18.385,88","18.627,45","18.283,83","","0,23%"
"08.03.2005","18.434,75","18.579,86","18.878,66","18.309,66","","-0,69%"
"07.03.2005","18.563,37","18.219,80","18.563,37","18.179,44","","2,78%"
"04.03.2005","18.061,84","17.775,61","18.139,95","17.635,24","","1,68%"
"03.03.2005","17.763,79","17.929,08","17.929,08","17.575,89","","-0,11%"
"02.03.2005","17.782,75","18.773,80","18.821,26","17.780,45","","-4,77%"
"01.03.2005","18.673,24","18.330,07","18.701,76","18.172,51","","1,58%"
"28.02.2005","18.382,60","18.290,96","18.787,08","18.084,69","","0,24%"
"25.02.2005","18.337,88","17.562,99","18.337,88","17.559,10","","4,46%"
"24.02.2005","17.555,33","17.560,96","17.622,83","17.417,22","","-0,08%"
"23.02.2005","17.568,92","17.694,37","17.779,14","17.496,51","","-1,04%"
"22.02.2005","17.753,55","17.578,54","17.773,51","17.489,54","","0,94%"
"21.02.2005","17.588,86","17.380,88","17.801,72","17.362,29","","1,25%"
"18.02.2005","17.372,09","17.404,29","17.409,80","17.179,43","","-0,69%"
"17.02.2005","17.493,21","17.381,88","17.813,52","17.332,66","","0,77%"
"16.02.2005","17.360,37","16.877,63","17.535,77","16.858,68","","3,09%"
"15.02.2005","16.840,56","16.590,33","16.865,80","16.418,48","","1,39%"
"14.02.2005","16.609,95","16.407,17","16.609,95","16.226,39","","1,34%"
"11.02.2005","16.390,18","16.463,52","16.568,35","16.253,06","","-0,37%"
"10.02.2005","16.451,53","16.474,09","16.598,25","16.404,87","","-0,08%"
"09.02.2005","16.464,79","16.332,85","16.477,31","16.262,16","","0,98%"
"08.02.2005","16.305,04","16.257,85","16.429,48","16.219,15","","0,29%"
"07.02.2005","16.258,50","16.011,35","16.258,50","16.001,07","","1,41%"
"04.02.2005","16.032,83","15.817,96","16.032,83","15.762,99","","1,57%"
"03.02.2005","15.784,81","15.454,23","15.784,81","15.454,23","","2,08%"
"02.02.2005","15.462,92","15.459,59","15.503,69","15.384,63","","0,13%"
"01.02.2005","15.442,28","15.521,79","15.585,60","15.370,40","","-0,71%"
"31.01.2005","15.552,51","15.612,42","15.629,44","15.506,69","","-0,39%"
"28.01.2005","15.613,29","15.521,68","15.623,42","15.462,56","","0,75%"
"27.01.2005","15.497,24","15.225,21","15.510,17","15.198,30","","1,87%"
"26.01.2005","15.212,69","15.207,17","15.386,46","15.155,47","","0,10%"
"25.01.2005","15.197,04","15.168,43","15.245,57","15.100,90","","0,23%"
"24.01.2005","15.162,55","15.232,82","15.254,08","15.055,12","","-0,20%"
"21.01.2005","15.193,10","15.215,44","15.297,25","15.174,81","","-0,07%"
"20.01.2005","15.204,31","15.143,63","15.234,41","15.049,38","","0,46%"
"19.01.2005","15.134,75","15.219,92","15.237,03","15.017,30","","-0,47%"
"18.01.2005","15.206,14","15.450,56","15.495,74","15.196,58","","-1,38%"
"17.01.2005","15.419,22","15.263,46","15.490,53","15.221,09","","1,31%"
"14.01.2005","15.220,34","15.104,59","15.345,34","15.048,07","","1,04%"
"13.01.2005","15.064,03","15.048,44","15.125,63","15.000,77","","0,07%"
"12.01.2005","15.053,60","14.931,21","15.121,56","14.869,63","","1,16%"
"11.01.2005","14.880,31","14.586,10","14.927,11","14.567,37","","2,01%"
"10.01.2005","14.586,69","14.783,11","14.783,11","14.553,80","","-0,89%"
"07.01.2005","14.717,40","14.610,88","14.749,13","14.553,57","","0,53%"
"06.01.2005","14.639,54","14.761,36","14.783,33","14.565,24","","-0,94%"
"05.01.2005","14.779,01","14.816,07","14.941,03","14.761,97","","-0,68%"
"04.01.2005","14.879,70","14.749,24","14.898,86","14.575,53","","0,95%"
"03.01.2005","14.739,97","14.750,24","14.894,54","14.662,53","","-0,02%"
"31.12.2004","14.742,57","14.705,38","14.756,04","14.625,45","","0,41%"
"30.12.2004","14.682,63","14.650,22","14.712,04","14.635,26","","0,25%"
"29.12.2004","14.646,30","14.472,60","14.646,30","14.466,42","","1,21%"
"28.12.2004","14.470,70","14.451,74","14.509,46","14.419,87","","0,38%"
"27.12.2004","14.415,96","14.307,80","14.441,78","14.264,93","","1,03%"
"23.12.2004","14.268,92","14.554,07","14.616,65","14.268,92","","-1,84%"
"22.12.2004","14.535,75","14.771,50","14.771,50","14.479,35","","-1,18%"
"21.12.2004","14.708,96","14.739,54","14.811,87","14.664,99","","-0,45%"
"20.12.2004","14.775,14","14.612,18","14.775,14","14.610,65","","0,25%"
"17.12.2004","14.738,33","14.710,83","14.822,72","14.588,04","","0,21%"
"16.12.2004","14.707,83","14.526,89","14.711,02","14.517,51","","1,26%"
"15.12.2004","14.525,24","14.555,94","14.599,60","14.471,09","","0,36%"
"14.12.2004","14.473,22","14.308,34","14.607,87","14.207,05","","1,30%"
"13.12.2004","14.287,64","14.146,36","14.287,64","14.082,94","","0,89%"
"10.12.2004","14.161,57","14.338,72","14.356,60","14.161,57","","-1,28%"
"09.12.2004","14.345,36","14.443,46","14.485,90","14.296,06","","-0,59%"
"08.12.2004","14.429,99","14.387,60","14.507,94","14.372,80","","0,09%"
"07.12.2004","14.417,01","14.337,99","14.437,58","14.249,52","","0,13%"
"06.12.2004","14.398,24","14.213,84","14.398,24","14.213,84","","0,58%"
"03.12.2004","14.314,60","14.405,00","14.405,00","14.195,09","","-0,36%"
"02.12.2004","14.365,98","14.307,63","14.368,54","14.229,20","","0,34%"
"01.12.2004","14.317,91","14.198,05","14.317,91","14.055,12","","0,87%"
"30.11.2004","14.193,88","14.183,07","14.258,40","14.140,11","","0,17%"
"29.11.2004","14.170,41","14.125,14","14.285,81","14.025,02","","0,49%"
"26.11.2004","14.101,88","14.149,44","14.251,55","14.089,33","","-0,49%"
"25.11.2004","14.171,06","14.100,45","14.177,86","14.043,82","","0,50%"
"24.11.2004","14.100,00","14.274,92","14.332,30","14.093,54","","-0,78%"
"23.11.2004","14.210,97","14.024,66","14.240,06","14.024,66","","1,41%"
"22.11.2004","14.013,75","14.178,47","14.226,24","14.006,39","","-1,21%"
"19.11.2004","14.185,54","14.122,57","14.314,04","14.088,07","","0,78%"
"18.11.2004","14.076,38","13.861,68","14.077,75","13.784,58","","1,46%"
"17.11.2004","13.874,49","13.877,82","13.979,40","13.796,01","","0,01%"
"16.11.2004","13.872,42","13.917,05","13.977,85","13.731,97","","-0,37%"
"15.11.2004","13.923,98","13.910,43","14.055,39","13.806,55","","-1,25%"
"12.11.2004","14.100,04","14.455,29","14.491,09","14.022,35","","-1,51%"
"11.11.2004","14.316,58","14.233,04","14.346,80","14.043,50","","0,86%"
"10.11.2004","14.193,85","13.968,41","14.232,11","13.916,86","","3,07%"
"09.11.2004","13.770,80","13.571,53","13.816,46","13.533,49","","1,61%"
"08.11.2004","13.552,57","13.647,34","13.654,65","13.459,77","","-0,50%"
"05.11.2004","13.620,29","13.562,88","13.715,97","13.496,09","","1,60%"
"04.11.2004","13.406,01","13.198,10","13.425,62","13.150,00","","1,51%"
"03.11.2004","13.206,20","13.402,74","13.442,58","13.194,23","","-1,09%"
"02.11.2004","13.351,30","13.240,38","13.366,45","13.240,38","","1,14%"
"29.10.2004","13.201,03","13.053,12","13.234,05","12.992,54","","0,88%"
"28.10.2004","13.085,44","13.121,69","13.267,24","13.020,21","","0,07%"
"27.10.2004","13.075,66","12.976,77","13.112,87","12.963,34","","0,98%"
"26.10.2004","12.948,30","12.758,86","12.952,15","12.715,09","","1,26%"
"25.10.2004","12.786,69","12.926,74","12.954,87","12.750,93","","-1,51%"
"22.10.2004","12.983,08","12.846,87","13.120,44","12.752,10","","1,14%"
"21.10.2004","12.836,59","12.996,36","13.019,57","12.799,57","","-1,33%"
"20.10.2004","13.010,17","13.049,08","13.079,49","12.934,24","","-0,21%"
"19.10.2004","13.037,12","12.857,59","13.106,21","12.857,59","","1,25%"
"18.10.2004","12.876,56","12.854,26","12.893,88","12.735,10","","0,07%"
"15.10.2004","12.867,29","12.841,41","12.867,29","12.733,90","","0,20%"
"14.10.2004","12.841,63","12.813,07","12.850,41","12.764,27","","-0,21%"
"13.10.2004","12.868,90","12.883,31","12.896,98","12.744,88","","-0,30%"
"12.10.2004","12.907,48","13.014,25","13.083,65","12.871,00","","-0,60%"
"11.10.2004","12.985,01","12.943,62","13.029,02","12.838,75","","0,23%"
"08.10.2004","12.954,69","12.962,85","13.022,49","12.882,19","","-0,30%"
"07.10.2004","12.993,61","12.793,29","12.993,61","12.793,29","","1,52%"
"06.10.2004","12.799,04","12.826,52","12.852,25","12.678,32","","-0,20%"
"05.10.2004","12.824,87","12.682,72","12.843,97","12.661,84","","1,25%"
"04.10.2004","12.666,16","12.565,81","12.695,65","12.555,91","","1,09%"
"01.10.2004","12.529,81","12.662,58","12.669,06","12.441,95","","-0,92%"
"30.09.2004","12.646,58","12.541,25","12.718,18","12.541,25","","0,72%"
"29.09.2004","12.556,18","12.455,50","12.602,41","12.455,50","","0,92%"
"28.09.2004","12.441,42","12.316,87","12.448,13","12.294,68","","0,65%"
"27.09.2004","12.360,59","12.318,18","12.414,17","12.294,08","","0,30%"
"24.09.2004","12.323,07","12.344,20","12.360,84","12.284,83","","-0,17%"
"23.09.2004","12.344,19","12.290,35","12.344,44","12.207,86","","0,31%"
"22.09.2004","12.306,13","12.336,75","12.443,51","12.286,76","","-0,30%"
"21.09.2004","12.342,61","12.357,05","12.449,42","12.314,35","","-0,17%"
"20.09.2004","12.364,21","12.349,03","12.384,69","12.278,92","","0,20%"
"17.09.2004","12.340,02","12.131,69","12.346,46","12.127,70","","2,06%"
"16.09.2004","12.091,25","11.996,23","12.123,36","11.948,97","","1,13%"
"15.09.2004","11.956,35","12.272,28","12.340,48","11.900,55","","-2,67%"
"14.09.2004","12.284,62","12.017,97","12.309,82","11.939,82","","2,18%"
"13.09.2004","12.022,73","11.955,57","12.040,60","11.900,68","","0,76%"
"10.09.2004","11.932,22","11.981,81","12.006,50","11.906,54","","-0,53%"
"09.09.2004","11.995,71","12.027,35","12.084,37","11.901,01","","-0,14%"
"08.09.2004","12.012,31","12.109,34","12.157,24","12.011,19","","-1,57%"
"07.09.2004","12.203,65","12.333,37","12.363,55","12.140,77","","-1,25%"
"06.09.2004","12.357,88","12.221,76","12.357,88","12.221,09","","1,03%"
"03.09.2004","12.232,47","12.280,90","12.299,60","12.208,30","","-0,53%"
"02.09.2004","12.297,47","12.257,20","12.297,47","12.201,86","","0,38%"
"01.09.2004","12.251,04","12.183,46","12.265,22","12.146,77","","0,66%"
"31.08.2004","12.171,20","12.071,52","12.223,16","12.046,94","","0,74%"
"30.08.2004","12.081,27","12.108,67","12.129,42","12.016,53","","0,09%"
"27.08.2004","12.070,48","12.047,61","12.070,48","11.974,19","","0,05%"
"26.08.2004","12.064,01","12.034,20","12.131,09","12.021,77","","0,50%"
"25.08.2004","12.003,75","12.051,26","12.053,04","11.902,63","","-0,48%"
"24.08.2004","12.061,47","12.023,78","12.137,94","12.010,90","","0,69%"
"23.08.2004","11.978,53","11.841,63","11.998,76","11.728,00","","0,07%"
"19.08.2004","11.970,68","11.910,59","12.084,23","11.848,25","","0,36%"
"18.08.2004","11.927,70","12.008,77","12.008,77","11.867,43","","-0,26%"
"17.08.2004","11.958,75","11.895,49","12.025,42","11.891,92","","0,71%"
"16.08.2004","11.874,08","11.650,46","11.884,73","11.642,71","","1,61%"
"13.08.2004","11.686,43","11.632,80","11.782,67","11.603,53","","-0,27%"
"12.08.2004","11.717,74","11.570,47","11.773,46","11.570,47","","1,81%"
"11.08.2004","11.509,89","11.443,04","11.522,88","11.421,91","","0,82%"
"10.08.2004","11.415,79","11.392,05","11.426,14","11.338,13","","0,23%"
"09.08.2004","11.389,98","11.437,94","11.459,13","11.355,79","","-0,29%"
"06.08.2004","11.422,78","11.554,57","11.554,95","11.404,10","","-1,33%"
"05.08.2004","11.577,31","11.667,48","11.714,83","11.574,59","","-0,65%"
"04.08.2004","11.653,12","11.654,68","11.680,63","11.589,50","","-0,01%"
"03.08.2004","11.654,68","11.579,67","11.689,88","11.565,91","","0,83%"
"02.08.2004","11.559,24","11.667,62","11.667,62","11.477,05","","-1,04%"
"30.07.2004","11.680,65","11.638,55","11.689,86","11.607,15","","0,73%"
"29.07.2004","11.596,25","11.557,07","11.660,31","11.557,07","","0,64%"
"28.07.2004","11.522,25","11.656,66","11.656,66","11.510,93","","-0,74%"
"27.07.2004","11.607,64","11.598,07","11.654,95","11.543,05","","0,04%"
"26.07.2004","11.602,43","11.521,21","11.623,70","11.467,91","","1,03%"
"23.07.2004","11.484,67","11.502,72","11.593,05","11.459,89","","-0,08%"
"22.07.2004","11.493,84","11.594,67","11.609,70","11.463,99","","-1,27%"
"21.07.2004","11.641,22","11.517,26","11.659,59","11.514,10","","1,06%"
"20.07.2004","11.518,84","11.498,24","11.520,27","11.465,13","","0,32%"
"19.07.2004","11.482,27","11.535,55","11.609,52","11.470,19","","-0,46%"
"16.07.2004","11.535,11","11.533,85","11.652,15","11.510,75","","0,03%"
"15.07.2004","11.531,82","11.633,16","11.678,67","11.529,50","","-0,40%"
"14.07.2004","11.578,47","11.663,21","11.701,05","11.578,47","","-0,44%"
"13.07.2004","11.629,29","11.549,34","11.643,30","11.488,30","","1,08%"
"12.07.2004","11.504,81","11.475,39","11.586,20","11.463,16","","0,10%"
"09.07.2004","11.493,54","11.619,47","11.659,22","11.493,54","","-0,92%"
"08.07.2004","11.599,97","11.709,19","11.757,96","11.598,82","","-1,33%"
"07.07.2004","11.756,32","11.621,74","11.756,32","11.602,14","","0,99%"
"06.07.2004","11.640,55","11.677,06","11.741,32","11.606,80","","-0,22%"
"05.07.2004","11.666,16","11.611,99","11.732,83","11.542,58","","0,35%"
"02.07.2004","11.625,74","11.628,12","11.647,76","11.535,65","","-0,27%"
"01.07.2004","11.656,98","11.540,70","11.661,94","11.540,70","","1,04%"
"30.06.2004","11.536,95","11.563,90","11.655,67","11.512,05","","-0,45%"
"29.06.2004","11.588,86","11.458,30","11.599,71","11.401,98","","1,07%"
"28.06.2004","11.465,85","11.459,88","11.538,13","11.426,87","","0,05%"
"25.06.2004","11.459,93","11.381,42","11.509,40","11.359,62","","0,65%"
"24.06.2004","11.385,58","11.359,40","11.457,54","11.359,40","","0,34%"
"23.06.2004","11.346,71","11.196,31","11.355,93","11.196,31","","1,42%"
"22.06.2004","11.187,77","11.103,51","11.211,07","11.103,51","","0,77%"
"21.06.2004","11.101,93","11.118,45","11.146,57","11.068,66","","-0,01%"
"18.06.2004","11.103,10","11.007,04","11.129,45","11.001,81","","0,68%"
"17.06.2004","11.028,47","11.213,33","11.278,12","11.018,75","","-1,49%"
"16.06.2004","11.194,81","11.100,30","11.196,85","11.066,47","","1,11%"
"15.06.2004","11.072,43","11.006,22","11.072,43","10.970,27","","0,53%"
"14.06.2004","11.013,84","11.043,35","11.058,12","10.970,23","","-0,32%"
"11.06.2004","11.049,11","11.215,59","11.215,59","11.049,11","","-1,37%"
"10.06.2004","11.202,74","11.181,83","11.202,74","11.094,80","","0,23%"
"09.06.2004","11.176,56","11.192,63","11.249,96","11.164,16","","-0,21%"
"08.06.2004","11.200,46","11.234,65","11.281,29","11.147,24","","-0,13%"
"07.06.2004","11.215,14","11.223,48","11.292,41","11.177,09","","0,23%"
"04.06.2004","11.189,04","11.101,05","11.218,76","11.078,96","","0,63%"
"03.06.2004","11.119,48","11.188,81","11.192,07","11.045,64","","-0,61%"
"02.06.2004","11.187,20","11.194,63","11.315,40","11.142,60","","0,12%"
"01.06.2004","11.174,33","11.231,17","11.232,96","11.009,19","","-0,98%"
"28.05.2004","11.285,13","11.131,31","11.285,13","11.016,68","","1,33%"
"27.05.2004","11.136,79","11.124,72","11.141,58","11.000,79","","0,34%"
"26.05.2004","11.098,79","11.240,15","11.276,83","11.086,70","","0,00%"
"25.05.2004","11.098,63","11.216,20","11.218,00","10.955,58","","-1,45%"
"24.05.2004","11.262,18","11.207,92","11.349,06","11.207,92","","0,88%"
"21.05.2004","11.163,45","11.056,91","11.203,49","11.024,90","","1,03%"
"20.05.2004","11.050,09","11.045,39","11.123,63","10.941,22","","-0,53%"
"19.05.2004","11.108,72","10.878,27","11.162,87","10.872,24","","2,73%"
"18.05.2004","10.813,43","10.481,50","10.824,07","10.481,50","","3,62%"
"17.05.2004","10.435,24","10.366,18","10.465,53","10.274,60","","0,17%"
"14.05.2004","10.417,69","10.626,51","10.653,58","10.364,31","","-0,24%"
"13.05.2004","10.442,31","10.538,90","10.703,80","10.439,49","","-1,14%"
"12.05.2004","10.562,26","10.622,41","10.652,03","10.544,57","","0,22%"
"11.05.2004","10.538,62","10.516,98","10.724,75","10.516,98","","0,24%"
"10.05.2004","10.513,11","10.662,23","10.662,23","10.294,99","","-2,02%"
"07.05.2004","10.729,78","10.921,50","10.980,95","10.708,41","","-1,71%"
"06.05.2004","10.916,36","11.156,32","11.201,08","10.855,50","","-2,13%"
"05.05.2004","11.154,13","11.204,92","11.258,57","11.040,84","","0,01%"
"04.05.2004","11.153,21","11.131,97","11.242,48","11.114,79","","0,60%"
"03.05.2004","11.087,23","11.169,97","11.264,30","11.068,72","","0,13%"
"30.04.2004","11.072,44","11.111,37","11.206,19","10.983,75","","-0,49%"
"29.04.2004","11.127,23","11.220,03","11.220,03","11.051,69","","-0,93%"
"28.04.2004","11.231,28","11.125,57","11.264,18","11.116,83","","0,94%"
"27.04.2004","11.126,35","11.309,32","11.309,32","11.122,81","","-1,46%"
"26.04.2004","11.291,50","11.367,99","11.416,44","11.235,87","","-0,36%"
"23.04.2004","11.332,20","11.517,10","11.523,06","11.220,06","","-0,90%"
"22.04.2004","11.435,15","11.598,98","11.598,98","11.419,67","","-1,46%"
"21.04.2004","11.604,12","11.491,90","11.670,43","11.439,28","","0,60%"
"20.04.2004","11.534,38","11.221,51","11.554,40","11.144,23","","2,67%"
"19.04.2004","11.234,28","11.501,17","11.552,97","11.216,63","","-2,13%"
"16.04.2004","11.478,42","11.639,40","11.683,10","11.413,09","","-1,32%"
"15.04.2004","11.631,66","11.366,34","11.640,17","11.366,34","","1,98%"
"14.04.2004","11.405,84","11.718,60","11.749,98","11.359,51","","-3,02%"
"13.04.2004","11.760,77","11.461,18","11.766,99","11.443,79","","3,23%"
"09.04.2004","11.392,38","11.437,31","11.437,31","11.378,16","","-0,39%"
"08.04.2004","11.436,45","11.450,69","11.501,49","11.386,23","","-0,25%"
"07.04.2004","11.465,36","11.307,15","11.504,50","11.294,56","","1,23%"
"06.04.2004","11.326,50","11.321,28","11.451,79","11.212,94","","0,09%"
"05.04.2004","11.316,19","11.278,32","11.326,29","11.213,51","","0,69%"
"02.04.2004","11.238,11","10.903,60","11.241,66","10.901,83","","3,12%"
"01.04.2004","10.898,15","10.949,80","11.019,32","10.892,63","","-0,86%"
"31.03.2004","10.992,29","11.097,07","11.163,52","10.971,19","","-0,84%"
"30.03.2004","11.085,24","11.163,16","11.208,36","11.072,47","","-0,51%"
"29.03.2004","11.141,98","10.987,55","11.169,07","10.987,55","","1,37%"
"26.03.2004","10.991,21","11.009,93","11.102,17","10.950,27","","0,54%"
"25.03.2004","10.932,30","10.633,31","10.987,66","10.633,31","","2,70%"
"24.03.2004","10.644,56","10.617,67","10.662,87","10.507,38","","0,01%"
"23.03.2004","10.643,87","10.519,00","10.663,58","10.504,79","","1,39%"
"22.03.2004","10.497,93","10.527,40","10.577,99","10.457,44","","-0,56%"
"19.03.2004","10.556,88","10.615,10","10.654,36","10.538,37","","-0,63%"
"18.03.2004","10.623,47","10.719,99","10.801,41","10.574,47","","-0,13%"
"17.03.2004","10.637,82","10.450,98","10.670,49","10.450,98","","2,18%"
"16.03.2004","10.410,84","10.290,05","10.533,27","10.290,05","","-1,24%"
"12.03.2004","10.541,75","10.429,35","10.601,15","10.375,49","","0,62%"
"11.03.2004","10.477,18","10.655,97","10.655,97","10.431,41","","-2,09%"
"10.03.2004","10.700,49","10.700,97","10.752,33","10.571,94","","-0,38%"
"09.03.2004","10.740,94","10.929,65","10.948,82","10.726,78","","-2,01%"
"08.03.2004","10.961,36","10.948,99","11.029,20","10.848,61","","0,16%"
"05.03.2004","10.943,38","10.747,45","10.944,54","10.732,34","","2,10%"
"04.03.2004","10.718,57","10.599,86","10.725,35","10.549,20","","1,28%"
"03.03.2004","10.583,49","10.572,63","10.769,77","10.440,52","","0,03%"
"02.03.2004","10.580,69","10.344,40","10.580,69","10.339,52","","2,54%"
"01.03.2004","10.318,46","10.281,36","10.361,08","10.242,33","","0,75%"
"27.02.2004","10.241,94","10.244,26","10.285,13","10.199,60","","0,13%"
"26.02.2004","10.228,85","10.064,62","10.265,66","10.064,62","","1,90%"
"25.02.2004","10.037,88","9.896,00","10.052,80","9.893,76","","1,37%"
"24.02.2004","9.902,55","9.856,51","9.935,64","9.833,27","","0,12%"
"23.02.2004","9.890,45","9.987,40","10.029,49","9.858,53","","-0,74%"
"20.02.2004","9.964,04","9.939,66","9.999,56","9.916,59","","0,04%"
"19.02.2004","9.960,50","9.838,72","9.960,50","9.808,32","","1,25%"
"18.02.2004","9.837,50","9.858,13","9.927,50","9.810,28","","-0,13%"
"17.02.2004","9.850,58","9.965,37","9.965,37","9.791,04","","-0,94%"
"16.02.2004","9.943,94","9.883,43","9.973,73","9.855,67","","0,57%"
"13.02.2004","9.887,64","9.844,39","9.902,72","9.804,48","","0,27%"
"12.02.2004","9.861,18","9.921,72","9.931,51","9.766,49","","-0,49%"
"11.02.2004","9.909,40","10.005,78","10.005,78","9.892,00","","-1,37%"
"10.02.2004","10.046,65","10.084,85","10.148,75","10.020,90","","-0,59%"
"09.02.2004","10.106,50","10.065,47","10.108,86","9.986,17","","1,01%"
"06.02.2004","10.005,41","10.048,16","10.074,32","9.978,81","","-0,60%"
"05.02.2004","10.065,58","9.976,13","10.065,58","9.943,05","","0,54%"
"04.02.2004","10.011,08","10.108,45","10.124,77","9.990,73","","-1,03%"
"03.02.2004","10.114,82","10.182,04","10.205,92","10.099,43","","-0,73%"
"02.02.2004","10.189,35","10.044,88","10.279,58","10.043,86","","1,25%"
"30.01.2004","10.064,01","10.057,61","10.102,50","10.006,00","","-0,25%"
"29.01.2004","10.089,60","9.972,41","10.091,69","9.918,71","","0,84%"
"28.01.2004","10.005,39","9.810,19","10.016,22","9.740,11","","1,87%"
"27.01.2004","9.821,86","9.836,72","9.912,28","9.807,05","","0,06%"
"26.01.2004","9.816,39","9.780,22","9.817,71","9.731,46","","0,26%"
"23.01.2004","9.791,41","9.663,76","9.804,11","9.655,55","","1,24%"
"22.01.2004","9.671,65","9.657,54","9.692,34","9.605,41","","0,35%"
"21.01.2004","9.637,73","9.758,58","9.758,58","9.610,03","","-1,22%"
"20.01.2004","9.756,69","9.743,46","9.772,32","9.699,17","","0,22%"
"19.01.2004","9.735,20","9.605,37","9.735,20","9.591,43","","1,68%"
"16.01.2004","9.574,69","9.539,68","9.579,27","9.519,88","","0,40%"
"15.01.2004","9.536,16","9.564,74","9.635,06","9.508,59","","-0,37%"
"14.01.2004","9.571,27","9.542,60","9.601,99","9.493,75","","0,64%"
"13.01.2004","9.510,33","9.398,10","9.528,11","9.398,10","","0,48%"
"12.01.2004","9.465,12","9.526,87","9.526,87","9.415,95","","-0,97%"
"09.01.2004","9.557,49","9.664,34","9.664,34","9.509,32","","-1,66%"
"08.01.2004","9.719,09","9.600,96","9.726,64","9.599,64","","1,29%"
"07.01.2004","9.595,26","9.661,06","9.698,68","9.545,40","","-0,48%"
"06.01.2004","9.641,77","9.551,04","9.647,72","9.545,66","","1,10%"
"05.01.2004","9.536,65","9.456,28","9.554,89","9.451,43","","1,67%"
"31.12.2003","9.379,99","9.486,38","9.497,08","9.379,99","","-1,14%"
"30.12.2003","9.488,11","9.466,99","9.535,29","9.461,46","","0,19%"
"29.12.2003","9.470,28","9.412,57","9.472,98","9.351,04","","0,61%"
"23.12.2003","9.412,57","9.323,43","9.412,57","9.273,72","","0,91%"
"22.12.2003","9.327,55","9.290,20","9.327,55","9.230,48","","0,44%"
"19.12.2003","9.286,28","9.273,76","9.339,44","9.208,09","","0,16%"
"18.12.2003","9.271,72","9.163,53","9.271,72","9.101,06","","1,47%"
"17.12.2003","9.137,68","9.284,12","9.343,73","9.133,08","","-1,75%"
"16.12.2003","9.300,88","9.227,97","9.300,88","9.131,51","","0,30%"
"15.12.2003","9.273,42","9.286,15","9.363,06","9.236,49","","0,69%"
"12.12.2003","9.209,74","9.082,13","9.209,74","9.010,10","","1,45%"
"11.12.2003","9.077,86","9.269,62","9.319,06","9.072,80","","-2,28%"
"10.12.2003","9.289,33","9.425,51","9.465,63","9.250,36","","-1,62%"
"09.12.2003","9.442,01","9.328,35","9.449,34","9.309,44","","1,88%"
"08.12.2003","9.267,86","9.289,89","9.300,38","9.146,36","","-0,12%"
"05.12.2003","9.279,17","9.057,97","9.307,98","9.057,97","","2,54%"
"04.12.2003","9.049,47","9.021,30","9.099,63","8.970,00","","0,52%"
"03.12.2003","9.002,69","9.089,15","9.141,84","8.976,31","","-0,57%"
"02.12.2003","9.054,54","9.169,09","9.201,58","8.989,87","","-2,22%"
"01.12.2003","9.260,09","9.076,90","9.266,46","9.052,46","","1,67%"
"28.11.2003","9.108,21","9.184,54","9.184,54","8.981,72","","-0,94%"
"27.11.2003","9.194,91","9.199,67","9.259,29","9.138,00","","-0,12%"
"26.11.2003","9.205,79","9.429,56","9.453,09","9.176,06","","-2,00%"
"25.11.2003","9.393,87","9.458,88","9.490,05","9.373,80","","-0,76%"
"24.11.2003","9.465,39","9.391,21","9.465,39","9.351,13","","0,97%"
"21.11.2003","9.374,55","9.361,35","9.410,08","9.303,39","","0,52%"
"20.11.2003","9.325,82","9.520,29","9.533,13","9.270,13","","-1,73%"
"19.11.2003","9.490,00","9.601,94","9.601,94","9.488,69","","-1,27%"
"18.11.2003","9.612,01","9.646,37","9.734,69","9.588,43","","-0,21%"
"17.11.2003","9.632,51","9.640,68","9.666,11","9.563,19","","-0,49%"
"14.11.2003","9.679,50","9.761,95","9.768,35","9.612,87","","-1,26%"
"13.11.2003","9.802,89","9.951,85","10.009,52","9.763,85","","-0,05%"
"12.11.2003","9.807,51","9.728,71","9.828,78","9.671,56","","0,99%"
"11.11.2003","9.710,94","9.774,34","9.784,21","9.693,95","","-0,62%"
"10.11.2003","9.771,66","9.740,29","9.785,92","9.705,84","","0,57%"
"07.11.2003","9.716,35","9.757,69","9.812,42","9.716,35","","-0,65%"
"06.11.2003","9.779,94","9.732,83","9.811,72","9.719,65","","0,60%"
"05.11.2003","9.721,64","9.584,66","9.724,99","9.566,44","","2,04%"
"04.11.2003","9.527,22","9.629,42","9.651,05","9.494,37","","-0,92%"
"03.11.2003","9.615,86","9.578,40","9.672,95","9.512,35","","0,47%"
"31.10.2003","9.571,32","9.556,92","9.634,02","9.440,55","","-0,25%"
"30.10.2003","9.595,76","9.516,51","9.649,68","9.504,00","","1,16%"
"29.10.2003","9.486,18","9.649,26","9.651,57","9.444,41","","-0,59%"
"28.10.2003","9.542,49","9.546,24","9.662,08","9.504,05","","0,12%"
"27.10.2003","9.531,05","9.772,75","9.774,74","9.488,82","","-2,85%"
"22.10.2003","9.810,32","9.830,83","9.932,25","9.797,42","","-0,33%"
"21.10.2003","9.842,96","9.860,90","9.908,26","9.832,80","","-0,22%"
"20.10.2003","9.864,85","9.871,39","9.898,26","9.845,63","","-0,25%"
"17.10.2003","9.889,24","9.813,99","9.902,19","9.784,01","","0,77%"
"16.10.2003","9.813,72","9.790,63","9.860,57","9.765,39","","-0,04%"
"15.10.2003","9.817,45","9.912,11","9.978,76","9.811,36","","-0,97%"
"14.10.2003","9.914,09","9.739,30","9.959,20","9.702,67","","1,90%"
"13.10.2003","9.729,65","9.717,61","9.790,06","9.687,89","","0,05%"
"10.10.2003","9.724,75","9.836,76","9.836,76","9.657,07","","-0,31%"
"09.10.2003","9.755,31","9.759,80","9.897,36","9.710,33","","0,02%"
"08.10.2003","9.753,05","9.466,43","9.753,52","9.442,78","","3,32%"
"07.10.2003","9.439,42","9.417,14","9.460,35","9.388,24","","0,53%"
"06.10.2003","9.389,65","9.246,25","9.454,26","9.236,70","","2,15%"
"03.10.2003","9.192,15","9.243,16","9.277,76","9.178,77","","-0,31%"
"02.10.2003","9.220,49","9.187,55","9.254,30","9.147,97","","1,65%"
"01.10.2003","9.070,94","9.014,46","9.153,80","8.972,14","","1,58%"
"30.09.2003","8.929,79","9.068,03","9.097,82","8.929,79","","-1,59%"
"29.09.2003","9.074,38","9.036,49","9.138,09","9.013,42","","0,20%"
"26.09.2003","9.055,98","9.041,46","9.079,08","8.997,50","","0,13%"
"25.09.2003","9.044,12","9.058,32","9.100,66","9.027,42","","-1,02%"
"24.09.2003","9.137,36","9.130,99","9.159,60","9.103,80","","0,50%"
"23.09.2003","9.091,80","9.059,88","9.095,54","8.984,35","","0,63%"
"22.09.2003","9.034,50","9.152,88","9.152,88","9.021,42","","-1,78%"
"19.09.2003","9.198,02","9.315,84","9.335,73","9.198,02","","-0,53%"
"18.09.2003","9.246,72","9.309,86","9.324,66","9.213,76","","-0,75%"
"17.09.2003","9.316,87","9.278,93","9.468,95","9.263,96","","0,48%"
"16.09.2003","9.272,53","9.013,88","9.272,53","8.987,66","","2,75%"
"15.09.2003","9.023,95","9.162,32","9.198,82","9.001,00","","-1,34%"
"12.09.2003","9.146,54","9.190,95","9.252,62","9.121,69","","-0,38%"
"11.09.2003","9.181,61","9.141,02","9.223,79","9.104,37","","0,23%"
"10.09.2003","9.160,66","9.285,91","9.295,62","9.139,21","","-1,71%"
"09.09.2003","9.320,26","9.308,47","9.395,81","9.303,58","","0,44%"
"08.09.2003","9.279,12","9.112,90","9.294,18","9.101,70","","0,98%"
"05.09.2003","9.188,69","9.247,77","9.306,69","9.171,71","","-0,57%"
"04.09.2003","9.241,09","9.266,26","9.331,15","9.188,37","","0,00%"
"03.09.2003","9.241,21","9.102,80","9.257,47","9.066,25","","2,15%"
"02.09.2003","9.046,31","9.161,91","9.204,12","9.026,45","","-1,08%"
"01.09.2003","9.145,07","9.033,83","9.149,93","9.032,26","","0,93%"
"29.08.2003","9.060,48","8.999,86","9.098,49","8.975,57","","0,83%"
"28.08.2003","8.985,48","8.839,80","8.988,02","8.834,20","","1,84%"
"27.08.2003","8.823,32","8.688,85","8.893,14","8.679,81","","1,05%"
"26.08.2003","8.731,67","8.749,40","8.816,55","8.692,78","","-0,33%"
"25.08.2003","8.760,84","8.749,14","8.787,91","8.681,12","","-0,46%"
"22.08.2003","8.801,60","8.766,83","8.878,93","8.724,43","","0,31%"
"21.08.2003","8.774,69","8.623,11","8.805,35","8.586,47","","1,65%"
"19.08.2003","8.632,38","8.470,73","8.683,89","8.470,73","","2,27%"
"18.08.2003","8.440,62","8.318,25","8.455,72","8.248,14","","1,21%"
"15.08.2003","8.339,35","8.352,54","8.370,32","8.314,75","","-0,33%"
"14.08.2003","8.367,16","8.189,30","8.412,03","8.152,79","","1,71%"
"13.08.2003","8.226,15","8.103,94","8.236,50","8.084,84","","2,01%"
"12.08.2003","8.064,15","8.067,29","8.104,20","8.043,20","","-0,06%"
"11.08.2003","8.068,67","8.126,11","8.140,76","8.042,00","","-0,92%"
"08.08.2003","8.143,98","8.091,68","8.177,76","8.085,22","","0,59%"
"07.08.2003","8.096,17","8.220,24","8.222,41","8.096,17","","-1,52%"
"06.08.2003","8.220,80","8.250,93","8.253,33","8.178,94","","-0,43%"
"05.08.2003","8.255,89","8.198,17","8.259,84","8.195,28","","0,79%"
"04.08.2003","8.191,14","8.214,44","8.239,89","8.184,31","","-0,37%"
"01.08.2003","8.221,90","8.270,31","8.280,34","8.209,61","","-0,80%"
"31.07.2003","8.287,93","8.230,21","8.306,72","8.223,61","","0,49%"
"30.07.2003","8.247,33","8.136,71","8.247,33","8.119,99","","1,23%"
"29.07.2003","8.146,75","8.148,46","8.198,89","8.144,33","","-0,32%"
"28.07.2003","8.172,84","8.014,32","8.172,84","8.006,80","","2,27%"
"25.07.2003","7.991,12","8.026,58","8.038,69","7.938,69","","-0,36%"
"24.07.2003","8.019,64","7.970,01","8.033,36","7.965,54","","0,43%"
"23.07.2003","7.985,63","7.972,83","7.990,79","7.934,08","","0,21%"
"22.07.2003","7.969,10","7.959,12","8.041,75","7.958,32","","0,02%"
"21.07.2003","7.967,40","8.068,14","8.074,96","7.956,53","","-1,41%"
"18.07.2003","8.081,49","8.038,86","8.127,86","8.033,82","","0,45%"
"17.07.2003","8.045,34","8.015,28","8.063,99","8.010,57","","0,18%"
"16.07.2003","8.030,54","8.001,39","8.077,37","7.999,29","","0,20%"
"15.07.2003","8.014,38","7.981,01","8.074,57","7.927,62","","0,41%"
"14.07.2003","7.981,89","8.060,25","8.065,54","7.963,39","","-0,63%"
"11.07.2003","8.032,64","8.023,33","8.073,98","8.020,09","","-0,26%"
"10.07.2003","8.053,26","8.043,31","8.089,79","8.001,90","","-0,29%"
"09.07.2003","8.076,78","8.035,93","8.110,72","8.035,93","","0,63%"
"08.07.2003","8.026,26","8.055,72","8.101,20","8.015,80","","-0,35%"
"07.07.2003","8.054,65","7.932,68","8.060,14","7.932,42","","1,42%"
"04.07.2003","7.942,00","7.913,95","7.957,96","7.899,33","","0,11%"
"03.07.2003","7.933,47","7.877,78","7.945,83","7.849,39","","0,71%"
"02.07.2003","7.877,20","7.819,87","7.891,36","7.819,87","","0,94%"
"01.07.2003","7.804,13","7.777,42","7.831,19","7.723,31","","0,29%"
"30.06.2003","7.781,77","7.859,30","7.861,86","7.781,77","","-0,98%"
"27.06.2003","7.858,58","7.859,94","7.889,75","7.827,06","","0,03%"
"26.06.2003","7.856,08","7.854,39","7.865,97","7.796,77","","-0,31%"
"25.06.2003","7.880,22","7.791,47","7.890,35","7.781,81","","1,20%"
"24.06.2003","7.786,98","7.823,06","7.824,75","7.757,45","","-0,72%"
"23.06.2003","7.843,72","7.748,74","7.854,60","7.739,15","","1,44%"
"20.06.2003","7.732,35","7.844,34","7.844,34","7.699,28","","-1,27%"
"19.06.2003","7.832,13","7.817,21","7.897,39","7.687,85","","-0,02%"
"18.06.2003","7.833,97","8.014,12","8.042,94","7.775,55","","-2,33%"
"17.06.2003","8.020,92","8.046,23","8.060,07","7.947,47","","0,24%"
"16.06.2003","8.001,95","8.076,77","8.076,77","7.950,89","","-1,19%"
"13.06.2003","8.098,24","8.128,28","8.156,92","8.057,22","","-0,27%"
"12.06.2003","8.120,30","8.016,90","8.188,12","8.011,25","","1,39%"
"11.06.2003","8.008,68","8.017,96","8.031,26","7.894,34","","0,55%"
"10.06.2003","7.965,04","8.278,55","8.291,40","7.961,13","","-3,94%"
"06.06.2003","8.291,93","8.430,55","8.442,02","8.282,44","","-1,42%"
"05.06.2003","8.411,41","8.402,83","8.541,43","8.381,18","","0,20%"
"04.06.2003","8.394,31","8.385,52","8.431,38","8.344,51","","0,30%"
"03.06.2003","8.368,93","8.427,32","8.430,96","8.368,93","","-0,89%"
"02.06.2003","8.443,94","8.365,54","8.447,45","8.356,47","","1,28%"
"30.05.2003","8.336,85","8.291,81","8.351,15","8.260,44","","0,46%"
"29.05.2003","8.298,55","8.294,50","8.432,68","8.272,21","","-0,41%"
"28.05.2003","8.332,63","8.226,69","8.370,79","8.213,26","","2,19%"
"27.05.2003","8.153,69","8.264,14","8.269,14","8.114,00","","-1,65%"
"26.05.2003","8.290,30","8.280,31","8.335,32","8.263,35","","0,22%"
"23.05.2003","8.272,21","8.263,04","8.281,43","8.193,19","","0,28%"
"22.05.2003","8.249,23","8.337,09","8.365,18","8.239,82","","-1,09%"
"21.05.2003","8.340,51","8.347,65","8.395,95","8.267,86","","0,01%"
"20.05.2003","8.339,46","8.198,88","8.339,46","8.198,88","","1,35%"
"19.05.2003","8.228,50","8.192,89","8.300,83","8.129,47","","-0,11%"
"16.05.2003","8.237,47","8.164,68","8.292,53","8.164,68","","0,93%"
"15.05.2003","8.161,43","8.178,13","8.178,13","8.045,47","","-0,02%"
"14.05.2003","8.163,43","8.278,32","8.299,58","8.145,25","","-0,93%"
"13.05.2003","8.239,94","8.207,24","8.278,43","8.198,38","","0,75%"
"12.05.2003","8.178,34","8.120,15","8.178,34","8.100,03","","0,82%"
"09.05.2003","8.112,20","8.145,46","8.181,70","8.095,24","","-0,80%"
"08.05.2003","8.177,55","8.194,98","8.194,98","8.092,52","","-0,47%"
"07.05.2003","8.216,09","8.351,76","8.362,32","8.175,70","","-1,68%"
"06.05.2003","8.356,63","8.274,48","8.378,02","8.196,33","","0,65%"
"05.05.2003","8.302,87","8.213,12","8.308,95","8.213,12","","1,67%"
"30.04.2003","8.166,32","8.086,05","8.166,32","8.086,05","","0,61%"
"29.04.2003","8.116,50","8.015,76","8.140,07","8.015,76","","1,67%"
"28.04.2003","7.983,17","7.964,40","8.005,69","7.945,08","","0,24%"
"25.04.2003","7.964,13","7.872,21","7.980,89","7.851,20","","1,06%"
"24.04.2003","7.880,25","7.847,62","7.933,29","7.815,22","","0,30%"
"23.04.2003","7.856,81","7.788,92","7.886,75","7.777,24","","1,08%"
"22.04.2003","7.772,59","7.760,53","7.772,59","7.687,79","","-0,08%"
"18.04.2003","7.778,51","7.731,14","7.786,38","7.731,14","","0,66%"
"17.04.2003","7.727,39","7.735,67","7.782,80","7.699,96","","-0,39%"
"16.04.2003","7.757,45","7.904,49","7.922,36","7.737,73","","-1,78%"
"15.04.2003","7.897,77","7.850,13","7.904,28","7.799,20","","1,01%"
"14.04.2003","7.818,52","7.896,70","7.927,30","7.814,84","","-1,59%"
"11.04.2003","7.944,97","7.862,81","7.946,63","7.804,16","","1,27%"
"10.04.2003","7.845,32","7.860,01","7.902,23","7.816,49","","-0,53%"
"09.04.2003","7.886,98","7.802,32","7.886,98","7.772,71","","-0,16%"
"08.04.2003","7.899,74","7.915,30","7.941,68","7.849,54","","-0,52%"
"07.04.2003","7.941,32","7.972,60","8.064,83","7.932,47","","1,27%"
"04.04.2003","7.841,89","7.712,18","7.871,01","7.698,26","","1,52%"
"03.04.2003","7.724,49","7.650,85","7.763,01","7.638,10","","1,68%"
"02.04.2003","7.597,14","7.593,99","7.625,27","7.576,00","","0,97%"
"01.04.2003","7.524,06","7.447,36","7.528,08","7.414,77","","1,36%"
"31.03.2003","7.423,29","7.483,18","7.494,47","7.373,56","","-1,99%"
"28.03.2003","7.574,08","7.510,41","7.580,01","7.500,41","","0,60%"
"27.03.2003","7.528,92","7.545,91","7.545,91","7.490,84","","-0,54%"
"26.03.2003","7.570,15","7.522,63","7.608,12","7.497,82","","0,84%"
"25.03.2003","7.507,20","7.487,97","7.568,27","7.478,49","","-0,54%"
"24.03.2003","7.547,76","7.516,86","7.567,83","7.457,62","","-0,47%"
"21.03.2003","7.583,48","7.423,34","7.602,35","7.423,34","","2,74%"
"20.03.2003","7.381,17","7.398,12","7.471,64","7.348,06","","-0,22%"
"19.03.2003","7.397,29","7.318,72","7.412,17","7.307,00","","0,93%"
"18.03.2003","7.329,11","7.246,42","7.379,58","7.246,42","","2,65%"
"17.03.2003","7.139,69","7.183,40","7.228,71","7.113,72","","-1,67%"
"14.03.2003","7.261,09","7.315,25","7.353,87","7.252,55","","-0,14%"
"13.03.2003","7.271,17","7.230,08","7.287,93","7.214,03","","0,98%"
"12.03.2003","7.200,70","7.222,68","7.247,95","7.143,99","","-0,43%"
"11.03.2003","7.231,72","7.198,99","7.241,16","7.152,25","","0,36%"
"10.03.2003","7.205,51","7.092,45","7.232,18","7.090,34","","2,13%"
"07.03.2003","7.055,33","7.026,83","7.085,28","7.018,25","","-0,30%"
"06.03.2003","7.076,40","7.080,44","7.148,41","7.040,55","","-0,24%"
"05.03.2003","7.093,62","6.990,54","7.109,29","6.958,70","","0,89%"
"04.03.2003","7.030,74","7.069,02","7.098,42","6.976,78","","-1,25%"
"03.03.2003","7.119,38","7.201,80","7.229,24","7.095,17","","-1,29%"
"28.02.2003","7.212,14","7.228,94","7.255,14","7.190,84","","-0,55%"
"27.02.2003","7.252,18","7.272,24","7.272,24","7.213,51","","-0,15%"
"26.02.2003","7.262,85","7.300,45","7.349,88","7.252,82","","-0,21%"
"25.02.2003","7.277,99","7.322,29","7.322,29","7.241,86","","-1,11%"
"24.02.2003","7.359,66","7.328,58","7.359,66","7.296,39","","0,74%"
"21.02.2003","7.305,96","7.285,19","7.319,36","7.264,41","","0,08%"
"20.02.2003","7.300,02","7.243,52","7.301,44","7.227,54","","0,51%"
"19.02.2003","7.262,69","7.269,01","7.312,61","7.244,08","","-1,65%"
"18.02.2003","7.384,86","7.329,51","7.395,08","7.297,17","","0,56%"
"17.02.2003","7.344,08","7.419,92","7.447,34","7.336,26","","-0,15%"
"14.02.2003","7.355,46","7.535,55","7.535,55","7.338,61","","-1,97%"
"13.02.2003","7.503,46","7.450,52","7.542,60","7.430,92","","0,33%"
"12.02.2003","7.478,44","7.466,10","7.486,15","7.447,09","","-0,17%"
"11.02.2003","7.490,80","7.531,78","7.560,35","7.483,10","","0,42%"
"10.02.2003","7.459,78","7.425,83","7.520,27","7.423,10","","0,27%"
"07.02.2003","7.439,81","7.335,96","7.467,44","7.313,29","","1,31%"
"06.02.2003","7.343,83","7.452,57","7.473,29","7.335,18","","-1,20%"
"05.02.2003","7.432,72","7.436,13","7.510,47","7.417,57","","-0,46%"
"04.02.2003","7.467,00","7.544,00","7.598,72","7.465,45","","-1,25%"
"03.02.2003","7.561,75","7.580,63","7.617,25","7.519,15","","1,01%"
"31.01.2003","7.485,80","7.451,61","7.524,86","7.430,81","","-0,51%"
"30.01.2003","7.524,31","7.503,30","7.556,09","7.496,62","","0,56%"
"29.01.2003","7.482,49","7.466,96","7.501,96","7.403,87","","-1,06%"
"28.01.2003","7.562,88","7.609,21","7.609,36","7.548,47","","-0,27%"
"27.01.2003","7.583,12","7.567,59","7.595,28","7.509,16","","-1,18%"
"24.01.2003","7.674,00","7.774,61","7.777,29","7.658,23","","-1,35%"
"23.01.2003","7.779,24","7.768,82","7.785,77","7.729,50","","0,57%"
"22.01.2003","7.735,47","7.835,01","7.863,21","7.705,48","","-1,79%"
"21.01.2003","7.876,75","7.837,41","7.881,17","7.807,36","","1,10%"
"20.01.2003","7.791,43","7.899,89","7.899,89","7.788,20","","-1,35%"
"17.01.2003","7.897,76","7.936,93","7.994,79","7.895,62","","0,24%"
"16.01.2003","7.878,65","7.814,19","7.893,99","7.784,00","","0,46%"
"15.01.2003","7.842,54","7.887,51","7.894,40","7.806,19","","-0,33%"
"14.01.2003","7.868,54","7.920,69","7.945,06","7.837,00","","-0,47%"
"13.01.2003","7.905,56","7.880,84","7.984,82","7.862,13","","1,32%"
"10.01.2003","7.802,22","7.796,91","7.870,91","7.761,22","","0,80%"
"09.01.2003","7.740,10","7.782,88","7.798,42","7.623,16","","-0,89%"
"08.01.2003","7.809,25","7.886,57","7.892,96","7.798,36","","-1,27%"
"07.01.2003","7.909,45","7.928,32","7.969,60","7.891,80","","0,05%"
"06.01.2003","7.905,53","7.992,24","8.048,51","7.867,49","","-0,79%"
"03.01.2003","7.968,26","7.962,13","8.048,65","7.959,34","","0,68%"
"02.01.2003","7.914,35","7.809,40","7.914,35","7.721,48","","1,49%"
"31.12.2002","7.798,29","7.756,38","7.801,82","7.700,75","","0,77%"
"30.12.2002","7.738,63","7.842,52","7.847,49","7.729,89","","-1,53%"
"27.12.2002","7.858,52","7.876,76","7.881,38","7.816,64","","-0,34%"
"23.12.2002","7.885,39","7.808,01","7.885,39","7.776,10","","1,39%"
"20.12.2002","7.777,40","7.763,71","7.833,71","7.726,84","","-0,23%"
"19.12.2002","7.794,99","7.955,50","7.970,65","7.710,56","","-1,18%"
"18.12.2002","7.887,73","8.054,19","8.077,47","7.862,45","","-2,46%"
"17.12.2002","8.086,58","8.085,15","8.122,23","8.022,32","","0,15%"
"16.12.2002","8.074,49","7.944,37","8.123,11","7.944,37","","2,05%"
"13.12.2002","7.912,23","7.795,82","7.934,10","7.778,34","","1,34%"
"12.12.2002","7.807,46","7.796,77","7.846,91","7.766,87","","1,04%"
"11.12.2002","7.726,78","7.959,20","7.991,82","7.726,78","","-2,46%"
"10.12.2002","7.921,66","7.916,22","7.995,09","7.897,98","","0,51%"
"09.12.2002","7.881,59","7.801,38","7.901,07","7.790,81","","0,50%"
"06.12.2002","7.842,46","7.954,56","7.964,96","7.810,00","","-1,77%"
"05.12.2002","7.983,79","8.052,44","8.084,30","7.950,42","","-0,45%"
"04.12.2002","8.020,14","7.997,60","8.119,44","7.991,27","","-0,40%"
"03.12.2002","8.052,71","8.080,11","8.118,25","8.018,76","","-0,82%"
"02.12.2002","8.119,44","7.992,55","8.147,43","7.990,85","","2,20%"
"29.11.2002","7.944,86","7.998,50","8.042,02","7.944,86","","-0,58%"
"28.11.2002","7.991,32","8.068,89","8.127,53","7.973,57","","-0,39%"
"27.11.2002","8.022,85","7.982,83","8.060,74","7.939,83","","0,25%"
"26.11.2002","8.002,68","8.013,44","8.088,41","7.968,05","","-0,21%"
"25.11.2002","8.019,81","7.924,15","8.056,23","7.923,26","","1,11%"
"22.11.2002","7.931,46","7.878,21","7.949,57","7.821,32","","1,27%"
"21.11.2002","7.831,71","7.686,62","7.831,71","7.638,50","","2,80%"
"20.11.2002","7.618,73","7.581,03","7.622,42","7.526,27","","0,16%"
"19.11.2002","7.606,30","7.678,77","7.698,24","7.569,46","","-1,45%"
"18.11.2002","7.718,50","7.703,70","7.736,46","7.661,84","","1,54%"
"15.11.2002","7.601,17","7.715,86","7.777,27","7.578,92","","-0,78%"
"14.11.2002","7.661,08","7.525,07","7.661,08","7.501,01","","2,49%"
"13.11.2002","7.475,15","7.441,69","7.479,15","7.423,44","","0,69%"
"12.11.2002","7.423,64","7.454,35","7.461,44","7.407,92","","-0,37%"
"11.11.2002","7.450,87","7.407,23","7.450,87","7.346,56","","-0,02%"
"08.11.2002","7.452,65","7.386,55","7.452,65","7.353,71","","0,53%"
"07.11.2002","7.413,70","7.422,78","7.479,47","7.404,29","","-0,22%"
"06.11.2002","7.430,18","7.503,89","7.538,00","7.372,41","","-0,17%"
"05.11.2002","7.442,62","7.409,44","7.486,55","7.356,75","","0,00%"
"04.11.2002","7.442,73","7.412,62","7.479,96","7.360,51","","1,32%"
"31.10.2002","7.345,41","7.325,28","7.415,21","7.291,09","","0,13%"
"30.10.2002","7.335,86","7.165,54","7.335,86","7.130,62","","3,07%"
"29.10.2002","7.117,67","7.159,86","7.172,11","7.085,84","","-1,00%"
"28.10.2002","7.189,50","7.138,04","7.228,28","7.087,00","","2,20%"
"25.10.2002","7.034,67","7.095,27","7.139,27","6.992,65","","-1,39%"
"24.10.2002","7.133,69","7.213,26","7.249,39","7.116,83","","-0,92%"
"22.10.2002","7.199,60","7.242,77","7.313,10","7.142,81","","-0,13%"
"21.10.2002","7.208,65","7.165,58","7.278,21","7.115,95","","1,62%"
"18.10.2002","7.093,82","7.091,54","7.096,77","6.956,80","","-0,39%"
"17.10.2002","7.121,66","7.027,55","7.121,66","6.999,24","","2,61%"
"16.10.2002","6.940,32","7.015,49","7.095,77","6.934,31","","-1,32%"
"15.10.2002","7.033,05","6.894,76","7.033,05","6.894,76","","3,33%"
"14.10.2002","6.806,67","6.852,59","6.852,65","6.773,99","","-0,97%"
"11.10.2002","6.873,23","6.937,27","6.965,53","6.741,12","","0,47%"
"10.10.2002","6.841,09","6.729,44","6.841,09","6.673,89","","2,24%"
"09.10.2002","6.691,39","6.727,02","6.773,71","6.607,67","","-0,39%"
"08.10.2002","6.717,86","6.771,75","6.782,94","6.684,70","","-0,32%"
"07.10.2002","6.739,34","6.765,02","6.765,02","6.609,53","","-1,06%"
"04.10.2002","6.811,32","6.909,00","6.927,17","6.799,26","","-1,29%"
"03.10.2002","6.900,24","6.951,65","6.951,65","6.860,27","","-0,74%"
"02.10.2002","6.951,40","7.206,24","7.206,24","6.935,04","","-1,94%"
"01.10.2002","7.088,75","7.123,36","7.168,62","7.088,75","","-0,19%"
"30.09.2002","7.102,01","7.132,34","7.176,61","7.102,01","","-1,81%"
"27.09.2002","7.232,69","7.353,62","7.353,62","7.220,09","","-1,43%"
"26.09.2002","7.337,88","7.335,62","7.392,82","7.320,03","","0,24%"
"25.09.2002","7.320,05","7.246,81","7.355,28","7.242,71","","0,78%"
"24.09.2002","7.263,57","7.320,82","7.341,04","7.156,55","","-0,78%"
"23.09.2002","7.320,38","7.372,06","7.418,42","7.287,61","","-0,25%"
"20.09.2002","7.338,73","7.328,33","7.393,08","7.290,35","","0,52%"
"19.09.2002","7.300,44","7.428,68","7.456,39","7.281,14","","-1,86%"
"18.09.2002","7.438,66","7.398,06","7.457,70","7.353,31","","-0,16%"
"17.09.2002","7.450,89","7.578,56","7.596,28","7.450,89","","-0,28%"
"16.09.2002","7.471,47","7.383,45","7.530,72","7.362,42","","1,20%"
"13.09.2002","7.382,56","7.346,62","7.423,96","7.311,34","","-0,61%"
"12.09.2002","7.428,09","7.572,79","7.581,00","7.411,31","","-2,66%"
"11.09.2002","7.631,16","7.491,46","7.631,16","7.491,46","","1,60%"
"10.09.2002","7.510,66","7.415,54","7.527,12","7.415,54","","2,14%"
"09.09.2002","7.353,49","7.366,29","7.366,29","7.300,73","","-0,05%"
"06.09.2002","7.356,86","7.314,29","7.396,40","7.297,69","","1,09%"
"05.09.2002","7.277,42","7.397,20","7.444,06","7.262,86","","-0,81%"
"04.09.2002","7.336,79","7.357,42","7.453,24","7.277,10","","-0,62%"
"03.09.2002","7.382,93","7.536,76","7.536,76","7.363,86","","-3,18%"
"02.09.2002","7.625,38","7.643,08","7.672,55","7.595,17","","-0,52%"
"30.08.2002","7.665,07","7.588,83","7.685,59","7.535,97","","1,83%"
"29.08.2002","7.527,53","7.652,12","7.671,67","7.508,12","","-2,19%"
"28.08.2002","7.696,42","7.700,95","7.771,11","7.666,18","","-0,76%"
"27.08.2002","7.755,18","7.706,24","7.858,23","7.706,24","","1,14%"
"26.08.2002","7.667,99","7.579,15","7.691,00","7.558,74","","0,55%"
"23.08.2002","7.626,33","7.533,25","7.676,92","7.521,75","","1,13%"
"22.08.2002","7.541,38","7.367,99","7.587,59","7.367,99","","2,82%"
"21.08.2002","7.334,84","7.322,21","7.351,33","7.196,89","","0,56%"
"16.08.2002","7.294,07","7.292,54","7.370,33","7.263,21","","-0,27%"
"15.08.2002","7.314,03","7.192,38","7.360,41","7.192,38","","3,14%"
"14.08.2002","7.091,61","7.066,70","7.133,75","7.042,91","","0,15%"
"13.08.2002","7.080,94","7.015,34","7.100,55","6.977,62","","1,11%"
"12.08.2002","7.002,93","6.942,14","7.010,91","6.928,04","","-0,07%"
"09.08.2002","7.008,14","7.111,39","7.125,58","6.933,93","","-0,43%"
"08.08.2002","7.038,24","7.074,75","7.116,82","7.028,57","","0,75%"
"07.08.2002","6.986,00","7.178,89","7.178,89","6.965,47","","-1,94%"
"06.08.2002","7.124,48","6.806,03","7.124,48","6.784,83","","3,89%"
"05.08.2002","6.857,99","7.040,84","7.040,84","6.850,33","","-2,84%"
"02.08.2002","7.058,38","7.026,39","7.066,69","6.986,54","","-0,23%"
"01.08.2002","7.074,44","7.074,18","7.161,69","7.054,83","","0,37%"
"31.07.2002","7.048,55","7.039,82","7.176,64","6.996,54","","0,25%"
"30.07.2002","7.030,89","7.181,97","7.185,24","6.995,25","","-0,89%"
"29.07.2002","7.094,32","6.931,83","7.094,32","6.915,29","","4,37%"
"26.07.2002","6.797,58","6.727,81","6.804,54","6.546,35","","1,18%"
"25.07.2002","6.718,08","6.851,43","6.918,79","6.634,19","","1,95%"
"24.07.2002","6.589,76","7.026,75","7.026,75","6.572,16","","-6,44%"
"23.07.2002","7.043,23","7.199,11","7.253,89","6.997,18","","-1,01%"
"22.07.2002","7.115,42","7.259,08","7.296,22","7.097,44","","-3,59%"
"19.07.2002","7.380,49","7.247,54","7.382,46","7.243,63","","0,14%"
"18.07.2002","7.369,89","7.523,52","7.527,47","7.348,26","","-1,20%"
"17.07.2002","7.459,19","7.382,43","7.513,62","7.268,18","","1,74%"
"16.07.2002","7.331,69","7.403,68","7.437,08","7.253,44","","-0,46%"
"15.07.2002","7.365,34","7.451,44","7.451,44","7.351,35","","-0,78%"
"12.07.2002","7.422,89","7.497,13","7.541,27","7.422,89","","0,20%"
"11.07.2002","7.408,29","7.485,07","7.545,98","7.386,71","","-2,37%"
"10.07.2002","7.588,40","7.519,90","7.622,68","7.479,11","","0,74%"
"09.07.2002","7.532,84","7.608,40","7.657,39","7.527,31","","-0,89%"
"08.07.2002","7.600,38","7.708,92","7.739,63","7.587,88","","-1,87%"
"05.07.2002","7.745,51","7.666,49","7.819,79","7.663,55","","2,10%"
"04.07.2002","7.585,91","7.517,02","7.623,30","7.511,89","","1,79%"
"03.07.2002","7.452,87","7.357,30","7.472,95","7.265,44","","1,53%"
"02.07.2002","7.340,30","7.452,44","7.487,16","7.312,11","","-2,35%"
"01.07.2002","7.517,22","7.289,20","7.586,74","7.260,24","","3,65%"
"28.06.2002","7.252,64","7.406,38","7.435,36","7.229,58","","-1,49%"
"27.06.2002","7.362,02","7.347,50","7.442,76","7.282,13","","1,66%"
"26.06.2002","7.241,53","7.268,57","7.354,26","7.205,85","","-4,16%"
"25.06.2002","7.555,54","7.579,66","7.644,11","7.524,38","","0,28%"
"24.06.2002","7.534,42","7.650,44","7.650,44","7.441,03","","-0,84%"
"21.06.2002","7.598,23","7.480,42","7.618,05","7.420,13","","0,64%"
"20.06.2002","7.549,57","7.746,64","7.754,09","7.542,29","","-2,58%"
"19.06.2002","7.749,13","7.815,09","7.850,53","7.702,12","","-2,16%"
"18.06.2002","7.920,58","7.971,29","7.974,82","7.903,19","","-0,25%"
"17.06.2002","7.940,22","7.960,52","7.963,54","7.912,77","","0,33%"
"14.06.2002","7.913,77","8.007,18","8.022,06","7.865,39","","-1,55%"
"13.06.2002","8.038,22","8.026,12","8.130,51","8.017,89","","0,70%"
"12.06.2002","7.982,35","7.959,46","8.005,96","7.937,04","","-0,42%"
"11.06.2002","8.015,66","7.977,07","8.031,90","7.923,67","","0,32%"
"10.06.2002","7.990,06","8.009,63","8.038,58","7.966,88","","0,15%"
"07.06.2002","7.977,90","7.955,35","8.014,10","7.912,32","","-1,24%"
"06.06.2002","8.078,01","8.164,74","8.177,79","8.028,05","","-0,81%"
"05.06.2002","8.143,83","8.097,00","8.159,15","8.083,99","","0,49%"
"04.06.2002","8.104,42","8.133,83","8.153,71","8.065,34","","-1,06%"
"03.06.2002","8.191,34","8.114,79","8.246,96","8.100,15","","0,94%"
"31.05.2002","8.115,21","8.197,31","8.241,16","8.103,99","","-1,14%"
"30.05.2002","8.208,90","8.162,52","8.209,12","8.086,96","","0,36%"
"29.05.2002","8.179,77","8.238,16","8.263,24","8.139,51","","-1,20%"
"28.05.2002","8.279,26","8.419,78","8.467,91","8.248,31","","-1,39%"
"27.05.2002","8.396,15","8.406,66","8.435,65","8.377,91","","-0,02%"
"24.05.2002","8.397,44","8.443,60","8.490,23","8.373,50","","-0,08%"
"23.05.2002","8.404,18","8.318,58","8.457,40","8.288,20","","0,96%"
"22.05.2002","8.323,89","8.416,52","8.426,70","8.301,97","","-1,80%"
"21.05.2002","8.476,53","8.589,19","8.589,19","8.409,78","","-1,81%"
"17.05.2002","8.632,93","8.734,74","8.750,33","8.614,63","","-0,43%"
"16.05.2002","8.670,15","8.731,86","8.731,86","8.628,43","","-0,82%"
"15.05.2002","8.741,95","8.811,40","8.815,87","8.668,68","","-0,89%"
"14.05.2002","8.820,10","8.819,05","8.859,98","8.750,96","","0,16%"
"13.05.2002","8.805,93","8.872,35","8.877,84","8.770,36","","-0,39%"
"10.05.2002","8.840,06","8.855,22","8.866,01","8.790,24","","-0,51%"
"09.05.2002","8.885,35","9.011,93","9.011,93","8.853,82","","-0,71%"
"08.05.2002","8.948,87","8.925,64","8.960,11","8.858,52","","1,18%"
"07.05.2002","8.844,07","8.871,09","9.019,43","8.834,47","","-0,93%"
"06.05.2002","8.927,15","8.813,77","8.965,34","8.805,98","","1,43%"
"03.05.2002","8.801,00","8.667,57","8.821,36","8.634,88","","1,38%"
"02.05.2002","8.681,23","8.695,08","8.715,52","8.644,21","","0,09%"
"30.04.2002","8.673,56","8.646,34","8.712,43","8.624,00","","0,03%"
"29.04.2002","8.670,68","8.643,53","8.683,69","8.596,43","","-0,36%"
"26.04.2002","8.702,14","8.666,73","8.728,16","8.597,03","","0,40%"
"25.04.2002","8.667,66","8.598,62","8.667,66","8.494,31","","1,08%"
"24.04.2002","8.575,40","8.653,57","8.653,57","8.551,52","","-1,20%"
"23.04.2002","8.679,26","8.747,61","8.763,01","8.659,35","","-0,73%"
"22.04.2002","8.743,40","8.914,64","8.917,21","8.739,58","","-1,33%"
"19.04.2002","8.861,69","8.714,00","8.863,90","8.696,49","","1,51%"
"18.04.2002","8.729,59","8.769,11","8.797,30","8.712,26","","-0,35%"
"17.04.2002","8.759,92","8.718,41","8.764,76","8.666,40","","1,25%"
"16.04.2002","8.651,40","8.624,54","8.690,67","8.611,41","","0,86%"
"15.04.2002","8.577,27","8.711,43","8.745,75","8.575,66","","-1,58%"
"12.04.2002","8.714,59","8.813,68","8.877,13","8.700,47","","-1,54%"
"11.04.2002","8.850,65","8.637,45","8.874,42","8.608,08","","2,49%"
"10.04.2002","8.635,57","8.448,71","8.653,43","8.398,82","","1,55%"
"09.04.2002","8.504,01","8.573,67","8.718,01","8.459,84","","-0,20%"
"08.04.2002","8.520,93","8.618,73","8.686,99","8.508,35","","3,17%"
"05.04.2002","8.259,34","8.209,09","8.302,83","8.209,09","","0,74%"
"04.04.2002","8.198,89","8.129,73","8.199,66","8.116,71","","0,72%"
"03.04.2002","8.140,61","8.023,44","8.140,66","8.001,19","","1,25%"
"02.04.2002","8.040,38","8.064,61","8.111,30","7.999,70","","-0,89%"
"29.03.2002","8.112,69","8.073,91","8.112,69","8.061,02","","0,39%"
"28.03.2002","8.081,33","8.074,10","8.110,99","8.011,00","","-0,02%"
"27.03.2002","8.082,71","8.133,70","8.151,81","8.059,65","","-0,97%"
"26.03.2002","8.162,10","8.111,46","8.162,10","8.066,31","","0,04%"
"25.03.2002","8.158,57","8.129,86","8.224,54","8.118,55","","-0,15%"
"22.03.2002","8.170,77","7.977,60","8.170,77","7.963,53","","3,04%"
"21.03.2002","7.930,05","7.851,81","7.975,18","7.843,23","","0,91%"
"20.03.2002","7.858,30","7.744,75","7.869,95","7.742,87","","0,47%"
"19.03.2002","7.821,37","7.876,79","7.899,49","7.775,18","","-0,84%"
"18.03.2002","7.887,45","8.011,02","8.023,43","7.859,45","","-1,35%"
"14.03.2002","7.995,31","8.076,33","8.091,87","7.935,83","","-0,87%"
"13.03.2002","8.065,53","8.113,22","8.154,02","8.055,14","","-0,59%"
"12.03.2002","8.113,49","8.147,58","8.147,58","8.088,59","","-0,92%"
"11.03.2002","8.188,45","8.339,07","8.343,95","8.173,20","","-2,41%"
"08.03.2002","8.390,58","8.371,30","8.403,26","8.320,33","","-0,08%"
"07.03.2002","8.397,30","8.346,75","8.448,46","8.308,12","","1,45%"
"06.03.2002","8.277,67","8.128,54","8.296,49","8.113,46","","1,08%"
"05.03.2002","8.188,94","8.038,23","8.188,94","8.012,36","","2,04%"
"04.03.2002","8.024,87","8.049,46","8.067,64","7.988,96","","1,06%"
"01.03.2002","7.940,51","7.868,87","7.963,03","7.835,34","","-0,01%"
"28.02.2002","7.941,58","7.924,10","7.944,28","7.762,36","","-0,07%"
"27.02.2002","7.947,44","8.006,73","8.034,70","7.934,55","","-0,60%"
"26.02.2002","7.995,32","7.946,52","8.034,74","7.946,52","","0,94%"
"25.02.2002","7.920,63","7.864,67","7.928,18","7.837,85","","0,91%"
"22.02.2002","7.849,49","7.911,51","7.966,74","7.841,33","","-0,92%"
"21.02.2002","7.922,44","8.007,12","8.034,10","7.915,94","","-0,23%"
"20.02.2002","7.940,37","7.883,65","7.980,17","7.881,63","","0,47%"
"19.02.2002","7.902,86","7.923,26","7.943,74","7.845,37","","-0,69%"
"18.02.2002","7.958,02","7.981,39","7.990,86","7.932,31","","-0,84%"
"15.02.2002","8.025,12","8.027,34","8.058,94","7.987,33","","-0,58%"
"14.02.2002","8.071,65","7.931,91","8.122,32","7.931,91","","2,45%"
"13.02.2002","7.878,45","7.807,30","7.880,47","7.775,25","","0,91%"
"12.02.2002","7.807,11","7.847,73","7.865,84","7.800,59","","0,33%"
"11.02.2002","7.781,24","7.780,45","7.808,47","7.705,59","","1,06%"
"08.02.2002","7.699,58","7.732,52","7.798,06","7.698,79","","-0,71%"
"07.02.2002","7.754,38","7.709,80","7.794,96","7.656,31","","-0,19%"
"06.02.2002","7.769,48","7.819,93","7.852,11","7.701,25","","-0,62%"
"05.02.2002","7.817,78","7.925,38","7.925,38","7.798,27","","-2,58%"
"04.02.2002","8.025,04","8.141,62","8.162,53","7.996,12","","-1,31%"
"01.02.2002","8.131,52","8.120,78","8.143,13","8.057,35","","0,29%"
"31.01.2002","8.108,22","7.918,93","8.161,58","7.911,65","","2,84%"
"30.01.2002","7.884,66","7.824,24","7.898,64","7.791,66","","-0,27%"
"29.01.2002","7.906,18","7.935,55","7.953,98","7.880,57","","-0,51%"
"28.01.2002","7.947,03","8.107,42","8.141,03","7.926,90","","-1,85%"
"25.01.2002","8.096,88","8.078,30","8.104,34","8.044,91","","0,21%"
"24.01.2002","8.079,59","7.997,18","8.103,80","7.991,42","","1,18%"
"23.01.2002","7.985,19","7.959,57","8.034,57","7.920,91","","0,18%"
"22.01.2002","7.970,52","7.914,94","8.103,62","7.914,94","","0,80%"
"21.01.2002","7.907,07","7.757,90","7.933,29","7.756,22","","0,68%"
"18.01.2002","7.853,39","7.868,56","7.896,53","7.816,66","","0,38%"
"17.01.2002","7.823,91","7.715,39","7.834,85","7.715,39","","1,59%"
"16.01.2002","7.701,43","7.624,97","7.777,54","7.597,62","","0,87%"
"15.01.2002","7.635,38","7.563,64","7.668,42","7.555,62","","0,60%"
"14.01.2002","7.590,15","7.702,61","7.702,61","7.555,75","","-2,34%"
"11.01.2002","7.772,10","7.607,40","7.780,99","7.606,73","","2,60%"
"10.01.2002","7.574,91","7.376,30","7.574,91","7.374,45","","2,19%"
"09.01.2002","7.412,84","7.318,96","7.431,13","7.279,32","","1,19%"
"08.01.2002","7.325,66","7.307,38","7.337,81","7.286,46","","-0,14%"
"07.01.2002","7.336,11","7.335,85","7.369,82","7.320,41","","-0,03%"
"04.01.2002","7.338,39","7.205,73","7.379,31","7.205,73","","2,38%"
"03.01.2002","7.168,03","7.132,30","7.177,08","7.052,97","","0,63%"
"02.01.2002","7.123,33","7.154,79","7.186,81","7.109,77","","-0,11%"
"28.12.2001","7.131,13","7.162,21","7.162,21","7.080,72","","-0,11%"
"27.12.2001","7.139,30","7.189,17","7.205,95","7.139,30","","-0,35%"
"21.12.2001","7.164,16","7.168,34","7.203,57","7.151,50","","-0,56%"
"20.12.2001","7.204,79","7.208,98","7.261,96","7.195,22","","-0,18%"
"19.12.2001","7.217,83","7.217,04","7.232,05","7.127,94","","0,07%"
"18.12.2001","7.212,59","7.196,61","7.220,67","7.146,58","","0,28%"
"17.12.2001","7.192,48","7.184,60","7.238,78","7.173,04","","-0,01%"
"14.12.2001","7.192,92","7.131,73","7.192,92","7.111,73","","0,39%"
"13.12.2001","7.164,96","7.191,04","7.215,14","7.127,88","","-0,61%"
"12.12.2001","7.208,96","7.227,11","7.261,38","7.195,05","","-0,20%"
"11.12.2001","7.223,15","7.252,03","7.260,61","7.181,19","","-0,80%"
"10.12.2001","7.281,28","7.267,84","7.320,68","7.257,40","","-0,43%"
"07.12.2001","7.312,84","7.196,83","7.312,84","7.162,00","","1,40%"
"06.12.2001","7.212,11","7.293,27","7.296,10","7.202,65","","-0,53%"
"05.12.2001","7.250,53","7.183,87","7.250,53","7.111,69","","1,86%"
"04.12.2001","7.118,06","7.162,62","7.179,66","7.098,06","","-0,21%"
"03.12.2001","7.133,10","7.116,52","7.177,55","7.103,13","","0,11%"
"30.11.2001","7.125,20","7.208,94","7.245,12","7.125,20","","-1,20%"
"29.11.2001","7.211,39","7.197,31","7.218,15","7.130,03","","-0,10%"
"28.11.2001","7.218,50","7.224,09","7.262,16","7.185,34","","-0,27%"
"27.11.2001","7.237,96","7.340,81","7.369,05","7.227,56","","-1,63%"
"26.11.2001","7.357,61","7.273,25","7.363,05","7.267,97","","1,82%"
"23.11.2001","7.226,28","7.142,86","7.235,89","7.116,87","","1,21%"
"22.11.2001","7.140,22","7.164,88","7.198,91","7.124,54","","-0,34%"
"21.11.2001","7.164,24","7.070,58","7.173,56","7.063,98","","0,37%"
"20.11.2001","7.137,51","7.103,11","7.137,51","7.061,04","","0,19%"
"19.11.2001","7.124,08","7.206,06","7.209,75","7.106,00","","-0,15%"
"16.11.2001","7.134,79","7.202,19","7.229,34","7.100,06","","-0,65%"
"15.11.2001","7.181,81","7.208,54","7.293,23","7.147,66","","0,58%"
"14.11.2001","7.140,71","7.012,69","7.202,10","7.012,69","","2,59%"
"13.11.2001","6.960,67","6.870,70","6.960,77","6.870,70","","2,57%"
"12.11.2001","6.785,99","6.836,93","6.886,89","6.724,94","","-1,59%"
"09.11.2001","6.895,31","6.871,21","6.921,36","6.833,86","","-0,62%"
"08.11.2001","6.937,99","6.898,76","6.967,69","6.895,20","","0,80%"
"07.11.2001","6.882,67","6.866,41","6.911,77","6.803,68","","0,05%"
"06.11.2001","6.879,01","6.871,22","6.895,63","6.843,20","","0,43%"
"05.11.2001","6.849,67","6.833,52","6.915,88","6.819,07","","1,13%"
"31.10.2001","6.773,14","6.669,26","6.773,14","6.648,26","","1,32%"
"30.10.2001","6.684,84","6.694,37","6.694,37","6.618,58","","-2,03%"
"29.10.2001","6.823,43","6.757,78","6.824,15","6.736,59","","0,21%"
"26.10.2001","6.809,13","6.638,86","6.823,94","6.638,86","","3,02%"
"25.10.2001","6.609,59","6.646,14","6.680,76","6.583,46","","0,08%"
"24.10.2001","6.604,27","6.535,82","6.630,35","6.535,41","","1,81%"
"19.10.2001","6.486,72","6.430,15","6.508,98","6.405,44","","0,67%"
"18.10.2001","6.443,74","6.401,98","6.464,81","6.370,29","","-0,99%"
"17.10.2001","6.508,20","6.611,30","6.638,47","6.497,68","","-0,57%"
"16.10.2001","6.545,62","6.533,14","6.608,59","6.533,14","","0,44%"
"15.10.2001","6.517,06","6.524,01","6.525,89","6.473,84","","-0,87%"
"12.10.2001","6.574,33","6.697,29","6.697,75","6.560,09","","-2,03%"
"11.10.2001","6.710,40","6.559,99","6.717,06","6.559,99","","3,67%"
"10.10.2001","6.472,77","6.457,92","6.510,06","6.445,02","","0,26%"
"09.10.2001","6.456,09","6.442,79","6.481,86","6.425,07","","0,92%"
"08.10.2001","6.397,31","6.309,15","6.409,67","6.294,74","","-0,92%"
"05.10.2001","6.456,60","6.367,64","6.463,34","6.331,75","","0,67%"
"04.10.2001","6.413,70","6.440,14","6.505,12","6.395,47","","1,90%"
"03.10.2001","6.294,14","6.292,54","6.309,70","6.194,57","","0,18%"
"02.10.2001","6.283,06","6.199,61","6.310,67","6.126,20","","1,57%"
"01.10.2001","6.185,96","6.169,71","6.201,51","6.136,99","","0,20%"
"28.09.2001","6.173,92","6.180,29","6.230,20","6.112,25","","1,39%"
"27.09.2001","6.089,49","6.090,51","6.142,29","6.027,53","","0,25%"
"26.09.2001","6.074,38","6.020,75","6.129,84","5.991,02","","1,67%"
"25.09.2001","5.974,53","5.768,67","5.981,45","5.763,94","","3,37%"
"24.09.2001","5.779,96","5.822,43","5.835,36","5.751,23","","1,92%"
"21.09.2001","5.670,98","5.753,15","5.756,23","5.599,43","","-3,20%"
"20.09.2001","5.858,57","5.902,05","5.902,05","5.822,56","","-1,16%"
"19.09.2001","5.927,57","5.916,11","5.984,33","5.916,11","","1,40%"
"18.09.2001","5.845,77","5.761,73","5.863,88","5.756,64","","0,80%"
"17.09.2001","5.799,25","5.722,55","5.810,30","5.643,40","","-0,92%"
"14.09.2001","5.853,30","5.984,02","6.088,21","5.775,27","","-1,72%"
"13.09.2001","5.955,84","5.783,83","5.972,04","5.766,03","","3,62%"
"12.09.2001","5.747,75","5.845,38","6.018,71","5.636,77","","-4,02%"
"11.09.2001","5.988,52","6.286,44","6.327,23","5.880,75","","-3,94%"
"10.09.2001","6.234,41","6.306,99","6.307,06","6.203,24","","-1,89%"
"07.09.2001","6.354,35","6.348,88","6.399,05","6.299,83","","-0,54%"
"06.09.2001","6.388,94","6.330,05","6.439,91","6.329,52","","0,78%"
"05.09.2001","6.339,58","6.278,95","6.363,49","6.276,48","","0,80%"
"04.09.2001","6.288,96","6.318,70","6.335,31","6.282,05","","-0,26%"
"03.09.2001","6.305,16","6.320,55","6.341,42","6.293,37","","-0,86%"
"31.08.2001","6.360,17","6.326,86","6.360,17","6.288,41","","0,27%"
"30.08.2001","6.343,15","6.348,74","6.380,43","6.337,47","","-0,09%"
"29.08.2001","6.348,91","6.384,56","6.387,83","6.334,90","","-0,67%"
"28.08.2001","6.391,69","6.394,62","6.424,23","6.374,04","","-0,17%"
"27.08.2001","6.402,77","6.413,57","6.448,75","6.389,69","","0,65%"
"24.08.2001","6.361,19","6.371,31","6.381,77","6.349,40","","0,11%"
"23.08.2001","6.354,42","6.400,87","6.400,87","6.331,95","","-0,04%"
"22.08.2001","6.357,18","6.336,27","6.417,31","6.334,58","","-0,50%"
"21.08.2001","6.388,81","6.399,83","6.416,26","6.373,21","","-0,26%"
"17.08.2001","6.405,21","6.404,20","6.424,99","6.366,01","","0,02%"
"16.08.2001","6.403,91","6.436,92","6.466,28","6.399,03","","-1,36%"
"15.08.2001","6.492,08","6.524,14","6.549,05","6.488,70","","-0,72%"
"14.08.2001","6.539,23","6.589,30","6.616,84","6.539,23","","-0,65%"
"13.08.2001","6.582,13","6.498,12","6.582,13","6.489,78","","1,28%"
"10.08.2001","6.498,75","6.531,39","6.558,77","6.485,73","","-0,36%"
"09.08.2001","6.522,27","6.506,33","6.541,07","6.473,32","","-0,83%"
"08.08.2001","6.577,12","6.598,21","6.598,21","6.525,05","","-0,70%"
"07.08.2001","6.623,58","6.615,00","6.640,48","6.583,09","","0,08%"
"06.08.2001","6.618,21","6.693,05","6.728,41","6.614,84","","-1,46%"
"03.08.2001","6.716,09","6.694,63","6.731,30","6.672,00","","0,00%"
"02.08.2001","6.716,17","6.620,15","6.716,17","6.613,64","","1,56%"
"01.08.2001","6.612,71","6.578,35","6.621,50","6.569,36","","0,30%"
"31.07.2001","6.592,81","6.592,66","6.610,55","6.577,01","","-0,32%"
"30.07.2001","6.613,97","6.546,96","6.613,97","6.533,20","","0,64%"
"27.07.2001","6.572,21","6.552,81","6.579,30","6.537,86","","0,80%"
"26.07.2001","6.520,08","6.527,88","6.565,45","6.498,64","","0,45%"
"25.07.2001","6.491,08","6.564,09","6.564,09","6.447,69","","-1,00%"
"24.07.2001","6.556,67","6.585,04","6.596,59","6.549,27","","-0,69%"
"23.07.2001","6.601,91","6.616,50","6.634,74","6.583,87","","-0,42%"
"20.07.2001","6.629,47","6.660,00","6.687,53","6.617,11","","-1,10%"
"19.07.2001","6.703,35","6.573,13","6.703,35","6.561,59","","1,98%"
"18.07.2001","6.573,29","6.568,38","6.579,12","6.543,49","","0,08%"
"17.07.2001","6.568,30","6.569,37","6.588,27","6.552,14","","-0,17%"
"16.07.2001","6.579,53","6.572,37","6.601,43","6.549,99","","-0,04%"
"13.07.2001","6.582,18","6.626,13","6.626,13","6.567,99","","-0,29%"
"12.07.2001","6.601,52","6.630,05","6.660,30","6.586,89","","0,64%"
"11.07.2001","6.559,25","6.673,57","6.681,61","6.556,99","","-1,69%"
"10.07.2001","6.672,27","6.781,71","6.792,38","6.672,27","","-1,72%"
"09.07.2001","6.789,15","6.666,19","6.789,15","6.662,80","","1,50%"
"06.07.2001","6.689,09","6.683,45","6.740,36","6.659,79","","-0,41%"
"05.07.2001","6.716,39","6.630,43","6.741,97","6.624,58","","0,75%"
"04.07.2001","6.666,51","6.685,39","6.714,16","6.658,72","","-0,80%"
"03.07.2001","6.720,04","6.722,40","6.752,95","6.691,91","","-0,14%"
"02.07.2001","6.729,72","6.716,06","6.744,63","6.711,92","","0,51%"
"29.06.2001","6.695,80","6.695,71","6.715,94","6.679,90","","0,62%"
"28.06.2001","6.654,73","6.627,41","6.661,83","6.564,89","","0,40%"
"27.06.2001","6.628,40","6.571,47","6.644,62","6.566,64","","1,08%"
"26.06.2001","6.557,86","6.564,86","6.606,62","6.530,11","","-0,26%"
"25.06.2001","6.575,11","6.521,46","6.575,11","6.502,98","","1,02%"
"22.06.2001","6.508,74","6.609,89","6.652,60","6.500,20","","-1,70%"
"21.06.2001","6.621,62","6.699,94","6.722,29","6.589,81","","-0,75%"
"20.06.2001","6.671,34","6.676,69","6.701,34","6.652,29","","-0,52%"
"19.06.2001","6.706,41","6.761,62","6.764,95","6.693,50","","-0,35%"
"18.06.2001","6.730,24","6.679,16","6.762,20","6.670,36","","0,96%"
"15.06.2001","6.666,28","6.621,25","6.698,38","6.596,38","","0,78%"
"14.06.2001","6.614,52","6.727,82","6.738,98","6.614,52","","-2,09%"
"13.06.2001","6.755,78","6.792,45","6.822,02","6.735,74","","-0,24%"
"12.06.2001","6.771,75","6.845,04","6.845,04","6.723,69","","-1,39%"
"11.06.2001","6.866,91","6.894,30","6.916,45","6.842,85","","-1,02%"
"08.06.2001","6.937,56","6.948,17","6.984,82","6.924,29","","0,23%"
"07.06.2001","6.921,52","6.984,55","6.989,64","6.897,91","","-1,03%"
"06.06.2001","6.993,43","7.059,20","7.059,20","6.971,74","","-0,53%"
"05.06.2001","7.030,78","7.115,18","7.116,93","7.013,89","","-0,34%"
"01.06.2001","7.054,47","7.068,02","7.106,57","7.030,82","","-0,70%"
"31.05.2001","7.104,47","6.970,48","7.104,47","6.961,21","","1,40%"
"30.05.2001","7.006,65","6.925,11","7.030,46","6.879,58","","0,26%"
"29.05.2001","6.988,33","6.995,45","6.997,69","6.953,86","","-0,18%"
"28.05.2001","7.000,85","6.928,53","7.003,52","6.913,80","","0,77%"
"25.05.2001","6.947,09","6.958,71","6.981,64","6.928,23","","-0,37%"
"24.05.2001","6.972,70","6.973,76","7.024,79","6.967,58","","0,35%"
"23.05.2001","6.948,62","7.068,69","7.069,78","6.945,27","","-1,97%"
"22.05.2001","7.087,95","7.023,08","7.111,21","7.000,89","","1,50%"
"21.05.2001","6.983,01","6.836,85","6.995,51","6.823,20","","1,79%"
"18.05.2001","6.860,53","6.823,62","6.874,32","6.791,66","","0,26%"
"17.05.2001","6.842,60","6.857,97","6.874,86","6.787,75","","1,46%"
"16.05.2001","6.744,00","6.830,51","6.841,52","6.741,34","","-1,70%"
"15.05.2001","6.860,86","6.820,35","6.922,43","6.820,35","","-0,21%"
"14.05.2001","6.875,60","6.923,38","6.923,38","6.856,35","","-1,06%"
"11.05.2001","6.949,20","6.981,09","6.988,81","6.940,25","","-1,12%"
"10.05.2001","7.027,99","6.903,34","7.076,78","6.902,83","","2,19%"
"09.05.2001","6.877,70","6.926,25","6.973,43","6.843,30","","-1,33%"
"08.05.2001","6.970,13","6.988,60","7.044,48","6.956,40","","-0,87%"
"07.05.2001","7.031,25","7.141,47","7.141,47","7.023,87","","-0,76%"
"04.05.2001","7.085,03","7.087,77","7.159,11","7.019,54","","1,15%"
"03.05.2001","7.004,24","6.961,18","7.065,34","6.937,84","","0,64%"
"02.05.2001","6.959,39","6.911,34","6.980,58","6.872,76","","1,36%"
"27.04.2001","6.865,72","6.899,82","6.940,12","6.812,97","","-0,72%"
"26.04.2001","6.915,58","6.950,65","6.959,60","6.890,41","","-0,34%"
"25.04.2001","6.939,29","6.913,01","6.953,07","6.865,95","","0,07%"
"24.04.2001","6.934,22","6.973,73","6.986,80","6.885,78","","0,38%"
"23.04.2001","6.908,06","6.963,86","6.974,05","6.893,56","","-1,42%"
"20.04.2001","7.007,74","6.973,33","7.042,12","6.959,37","","0,25%"
"19.04.2001","6.990,27","7.260,26","7.268,61","6.990,27","","-1,52%"
"18.04.2001","7.098,27","7.045,31","7.120,83","7.042,11","","2,39%"
"17.04.2001","6.932,35","6.838,65","6.932,35","6.775,18","","-0,06%"
"13.04.2001","6.936,56","6.927,40","6.980,36","6.926,56","","0,54%"
"12.04.2001","6.899,47","6.912,94","6.958,45","6.860,66","","-0,09%"
"11.04.2001","6.905,64","6.832,70","6.950,36","6.832,70","","1,34%"
"10.04.2001","6.814,53","6.714,05","6.820,47","6.694,78","","2,35%"
"09.04.2001","6.658,24","6.717,76","6.721,14","6.618,11","","-0,81%"
"06.04.2001","6.712,66","6.728,61","6.806,86","6.682,48","","-0,39%"
"05.04.2001","6.739,21","6.496,36","6.746,34","6.496,36","","5,48%"
"04.04.2001","6.389,07","6.248,52","6.427,68","6.234,02","","-0,44%"
"03.04.2001","6.417,38","6.527,22","6.527,22","6.390,89","","-2,37%"
"02.04.2001","6.573,09","6.666,57","6.683,23","6.566,46","","-1,19%"
"30.03.2001","6.652,50","6.707,17","6.720,73","6.652,50","","0,45%"
"29.03.2001","6.622,70","6.588,61","6.661,56","6.576,53","","-1,04%"
"28.03.2001","6.692,18","6.794,16","6.834,56","6.686,90","","-1,61%"
"27.03.2001","6.801,54","6.827,26","6.853,74","6.791,11","","-0,88%"
"26.03.2001","6.861,92","6.771,63","6.878,28","6.765,31","","2,78%"
"23.03.2001","6.676,33","6.605,62","6.697,72","6.571,23","","3,16%"
"22.03.2001","6.471,51","6.569,83","6.570,24","6.390,73","","-3,10%"
"21.03.2001","6.678,87","6.769,67","6.791,83","6.636,36","","-2,79%"
"20.03.2001","6.870,61","6.896,42","6.901,78","6.847,62","","0,93%"
"19.03.2001","6.807,06","6.828,22","6.883,91","6.753,84","","0,73%"
"14.03.2001","6.757,80","7.061,61","7.061,61","6.677,95","","-4,03%"
"13.03.2001","7.041,61","6.917,11","7.041,61","6.916,69","","0,43%"
"12.03.2001","7.011,27","7.034,48","7.051,02","6.978,51","","-1,35%"
"09.03.2001","7.107,56","7.133,90","7.135,28","7.085,41","","-0,67%"
"08.03.2001","7.155,15","7.213,24","7.251,34","7.153,72","","-1,08%"
"07.03.2001","7.233,34","7.213,05","7.251,84","7.190,21","","0,65%"
"06.03.2001","7.186,53","7.238,88","7.261,10","7.165,08","","-0,18%"
"05.03.2001","7.199,75","7.078,31","7.200,11","7.078,31","","2,06%"
"02.03.2001","7.054,76","7.089,21","7.155,19","7.037,31","","-0,49%"
"01.03.2001","7.089,57","7.048,68","7.111,41","7.007,68","","-0,38%"
"28.02.2001","7.116,83","7.093,56","7.148,35","7.052,66","","-0,63%"
"27.02.2001","7.161,89","7.219,64","7.232,17","7.161,89","","0,06%"
"26.02.2001","7.157,74","7.155,64","7.182,97","7.053,49","","1,51%"
"23.02.2001","7.051,43","7.078,04","7.189,91","6.998,55","","0,51%"
"22.02.2001","7.015,59","7.185,08","7.200,04","6.987,15","","-1,60%"
"21.02.2001","7.129,62","7.300,39","7.313,05","7.028,08","","-3,55%"
"20.02.2001","7.391,75","7.389,28","7.412,99","7.338,88","","0,72%"
"19.02.2001","7.338,92","7.388,35","7.396,46","7.319,21","","0,13%"
"16.02.2001","7.329,20","7.555,25","7.555,25","7.329,20","","-3,89%"
"15.02.2001","7.625,76","7.692,84","7.707,38","7.560,30","","-0,13%"
"14.02.2001","7.635,77","7.586,42","7.681,23","7.516,12","","-1,08%"
"13.02.2001","7.719,43","7.699,14","7.729,57","7.672,58","","0,49%"
"12.02.2001","7.682,16","7.668,79","7.723,57","7.636,51","","0,01%"
"09.02.2001","7.681,12","7.804,86","7.805,41","7.665,01","","-1,81%"
"08.02.2001","7.822,94","7.736,98","7.850,53","7.733,27","","1,02%"
"07.02.2001","7.743,64","7.756,01","7.765,01","7.666,86","","-0,82%"
"06.02.2001","7.807,71","7.845,17","7.856,08","7.781,03","","0,08%"
"05.02.2001","7.801,31","7.952,37","7.980,06","7.743,42","","-2,25%"
"02.02.2001","7.980,62","8.001,96","8.057,05","7.950,49","","-0,07%"
"01.02.2001","7.986,50","8.088,82","8.092,95","7.977,78","","-1,96%"
"31.01.2001","8.145,81","8.107,50","8.145,81","8.064,89","","0,80%"
"30.01.2001","8.080,94","8.073,39","8.128,36","8.059,55","","0,65%"
"29.01.2001","8.028,54","7.936,58","8.056,05","7.895,95","","1,25%"
"26.01.2001","7.929,17","7.937,61","8.043,19","7.904,41","","-0,90%"
"25.01.2001","8.001,49","8.021,89","8.057,84","7.979,07","","-0,51%"
"24.01.2001","8.042,74","7.988,73","8.069,07","7.969,02","","1,31%"
"23.01.2001","7.939,08","7.975,69","7.975,69","7.901,23","","-1,37%"
"22.01.2001","8.049,59","8.106,17","8.119,62","8.026,82","","-1,18%"
"19.01.2001","8.146,03","8.168,83","8.182,52","8.110,85","","1,10%"
"18.01.2001","8.057,69","8.150,72","8.241,44","8.057,21","","-0,81%"
"17.01.2001","8.123,26","8.045,02","8.146,77","8.006,41","","1,97%"
"16.01.2001","7.966,65","7.941,93","8.002,73","7.927,40","","-0,09%"
"15.01.2001","7.973,76","7.935,47","7.994,59","7.920,64","","0,85%"
"12.01.2001","7.906,41","7.805,20","7.937,41","7.795,25","","2,63%"
"11.01.2001","7.703,82","7.752,50","7.768,53","7.649,71","","-0,66%"
"10.01.2001","7.755,36","7.921,83","7.921,83","7.713,53","","-2,02%"
"09.01.2001","7.915,05","8.004,25","8.026,39","7.870,44","","-0,29%"
"08.01.2001","7.937,88","7.827,02","7.940,37","7.827,02","","0,94%"
"05.01.2001","7.863,76","7.926,78","8.019,81","7.745,42","","-0,72%"
"04.01.2001","7.920,61","7.724,79","7.920,61","7.702,33","","5,50%"
"03.01.2001","7.507,79","7.508,64","7.508,78","7.290,88","","-1,26%"
"02.01.2001","7.603,72","7.768,03","7.782,58","7.593,72","","-3,13%"
"29.12.2000","7.849,75","7.818,72","7.885,68","7.792,85","","0,70%"
"28.12.2000","7.795,46","7.788,08","7.861,56","7.783,81","","0,55%"
"27.12.2000","7.752,96","7.741,61","7.796,38","7.737,67","","0,81%"
"22.12.2000","7.690,69","7.662,42","7.719,62","7.626,08","","1,98%"
"21.12.2000","7.541,66","7.483,24","7.604,49","7.390,05","","-0,15%"
"20.12.2000","7.552,88","7.774,27","7.850,76","7.540,59","","-4,14%"
"19.12.2000","7.878,70","7.788,47","8.018,07","7.787,33","","0,51%"
"18.12.2000","7.838,51","7.656,01","7.838,51","7.575,53","","3,86%"
"15.12.2000","7.547,18","7.489,55","7.678,56","7.456,42","","-1,18%"
"14.12.2000","7.637,55","7.755,39","7.801,16","7.603,55","","-2,77%"
"13.12.2000","7.854,96","7.977,96","8.123,61","7.836,86","","-0,39%"
"12.12.2000","7.886,09","7.651,51","7.890,63","7.573,95","","2,70%"
"11.12.2000","7.678,49","7.654,22","7.749,72","7.649,63","","2,39%"
"08.12.2000","7.499,54","7.503,56","7.581,55","7.448,39","","1,10%"
"07.12.2000","7.417,66","7.413,94","7.630,09","7.379,35","","-0,95%"
"06.12.2000","7.488,67","7.431,76","7.658,85","7.407,54","","4,00%"
"05.12.2000","7.200,37","6.948,98","7.215,51","6.873,46","","6,19%"
"04.12.2000","6.780,76","6.718,43","6.796,57","6.635,55","","1,44%"
"01.12.2000","6.684,74","6.944,79","6.944,79","6.610,35","","-3,00%"
"30.11.2000","6.891,29","7.092,98","7.166,84","6.831,35","","-3,08%"
"29.11.2000","7.110,28","7.155,71","7.169,81","7.039,71","","-1,80%"
"28.11.2000","7.240,63","7.423,28","7.423,28","7.222,39","","-2,33%"
"27.11.2000","7.413,11","7.471,01","7.508,51","7.374,58","","0,45%"
"24.11.2000","7.380,26","7.370,94","7.442,53","7.305,71","","1,37%"
"23.11.2000","7.280,24","7.444,01","7.445,83","7.271,86","","-1,91%"
"22.11.2000","7.422,12","7.503,45","7.506,13","7.340,50","","-1,78%"
"21.11.2000","7.556,69","7.643,61","7.713,20","7.553,34","","-0,84%"
"20.11.2000","7.620,32","7.799,88","7.841,77","7.620,32","","-2,19%"
"17.11.2000","7.791,11","7.664,03","7.817,53","7.659,78","","1,62%"
"16.11.2000","7.666,80","7.759,68","7.759,68","7.655,75","","-1,17%"
"15.11.2000","7.757,54","7.776,16","7.846,59","7.742,41","","-0,21%"
"14.11.2000","7.774,24","7.702,28","7.849,72","7.697,28","","1,53%"
"13.11.2000","7.656,81","7.697,36","7.719,58","7.625,73","","-0,53%"
"10.11.2000","7.697,72","7.637,32","7.858,53","7.633,11","","0,12%"
"09.11.2000","7.688,74","7.772,66","7.810,92","7.667,24","","-1,12%"
"08.11.2000","7.775,70","7.742,28","7.823,03","7.715,82","","0,57%"
"07.11.2000","7.731,65","7.773,23","7.797,50","7.670,24","","-1,36%"
"06.11.2000","7.837,93","7.995,38","7.995,38","7.829,93","","-1,90%"
"03.11.2000","7.989,56","8.012,23","8.012,23","7.900,46","","-1,24%"
"02.11.2000","8.090,15","8.261,33","8.319,76","8.065,71","","-0,87%"
"31.10.2000","8.161,53","8.209,19","8.236,03","8.123,71","","-0,19%"
"30.10.2000","8.177,00","8.238,76","8.297,52","8.116,94","","-0,48%"
"27.10.2000","8.216,59","8.228,95","8.251,55","8.139,77","","1,12%"
"26.10.2000","8.125,20","8.099,90","8.212,13","8.083,67","","0,50%"
"25.10.2000","8.084,96","8.139,25","8.228,50","8.070,71","","-1,91%"
"24.10.2000","8.242,59","8.168,40","8.286,28","8.115,09","","1,58%"
"20.10.2000","8.114,46","8.068,57","8.114,46","7.928,45","","2,48%"
"19.10.2000","7.918,18","7.888,86","8.002,77","7.853,71","","1,74%"
"18.10.2000","7.782,41","8.028,32","8.028,32","7.497,17","","-1,77%"
"17.10.2000","7.922,45","8.043,89","8.115,13","7.922,45","","-0,91%"
"16.10.2000","7.994,98","7.981,63","8.064,82","7.929,91","","2,44%"
"13.10.2000","7.804,68","7.731,81","7.861,41","7.661,84","","-0,34%"
"12.10.2000","7.831,42","8.089,62","8.098,58","7.797,78","","-2,63%"
"11.10.2000","8.042,91","8.204,99","8.280,24","8.041,79","","-3,72%"
"10.10.2000","8.353,88","8.376,98","8.445,74","8.353,88","","-0,04%"
"09.10.2000","8.357,61","8.277,10","8.481,78","8.232,51","","-0,12%"
"06.10.2000","8.367,94","8.285,51","8.404,80","8.262,52","","0,96%"
"05.10.2000","8.288,14","8.358,68","8.362,63","8.273,94","","-0,50%"
"04.10.2000","8.330,03","8.272,81","8.345,06","8.253,07","","0,61%"
"03.10.2000","8.279,44","8.366,74","8.463,00","8.279,44","","-0,82%"
"02.10.2000","8.348,08","8.275,13","8.370,51","8.262,11","","0,94%"
"29.09.2000","8.270,41","8.179,89","8.304,00","8.179,89","","2,13%"
"28.09.2000","8.097,65","8.157,78","8.184,29","8.049,45","","-0,22%"
"27.09.2000","8.115,25","8.090,72","8.204,01","8.067,18","","0,33%"
"26.09.2000","8.088,39","8.064,71","8.154,79","8.016,89","","0,88%"
"25.09.2000","8.017,53","8.098,70","8.098,70","7.876,51","","1,20%"
"22.09.2000","7.922,84","7.943,24","7.951,73","7.810,37","","-2,22%"
"21.09.2000","8.103,12","8.262,19","8.262,19","8.053,86","","-1,91%"
"20.09.2000","8.260,89","8.292,66","8.387,10","8.230,65","","0,27%"
"19.09.2000","8.238,67","8.429,76","8.429,90","8.208,65","","-2,50%"
"18.09.2000","8.449,64","8.445,59","8.514,91","8.390,40","","-1,12%"
"15.09.2000","8.545,55","8.467,61","8.554,93","8.396,41","","0,72%"
"14.09.2000","8.484,85","8.660,44","8.682,74","8.468,94","","-0,98%"
"13.09.2000","8.568,47","8.469,92","8.574,81","8.402,84","","2,03%"
"12.09.2000","8.397,71","8.330,84","8.449,27","8.316,99","","0,63%"
"11.09.2000","8.345,24","8.315,05","8.392,49","8.292,14","","0,89%"
"08.09.2000","8.271,44","8.266,62","8.321,07","8.245,82","","0,16%"
"07.09.2000","8.258,11","8.177,92","8.312,78","8.164,69","","0,31%"
"06.09.2000","8.232,54","8.360,60","8.365,65","8.205,66","","-1,67%"
"05.09.2000","8.371,99","8.447,81","8.447,81","8.354,90","","-1,29%"
"04.09.2000","8.481,10","8.542,09","8.572,03","8.472,42","","0,31%"
"01.09.2000","8.454,65","8.497,80","8.549,77","8.417,97","","0,25%"
"31.08.2000","8.433,19","8.441,84","8.443,26","8.342,87","","-0,33%"
"30.08.2000","8.460,79","8.536,06","8.539,18","8.443,64","","-1,12%"
"29.08.2000","8.556,90","8.526,98","8.581,77","8.522,21","","0,34%"
"28.08.2000","8.528,21","8.546,67","8.578,52","8.511,99","","0,37%"
"25.08.2000","8.497,10","8.511,44","8.554,00","8.434,96","","0,89%"
"24.08.2000","8.422,34","8.575,90","8.588,50","8.394,86","","-1,68%"
"23.08.2000","8.566,06","8.624,46","8.639,46","8.536,87","","-1,02%"
"22.08.2000","8.653,93","8.588,85","8.660,30","8.564,77","","1,14%"
"21.08.2000","8.556,24","8.549,54","8.597,05","8.461,62","","0,31%"
"18.08.2000","8.529,69","8.580,40","8.583,78","8.422,05","","-0,55%"
"17.08.2000","8.576,72","8.589,24","8.622,30","8.511,47","","-0,59%"
"16.08.2000","8.627,85","8.413,00","8.644,65","8.398,68","","2,70%"
"15.08.2000","8.400,78","8.371,02","8.493,00","8.361,30","","0,82%"
"14.08.2000","8.332,37","8.300,88","8.362,27","8.285,55","","1,40%"
"11.08.2000","8.217,58","8.324,54","8.359,30","8.184,87","","-1,48%"
"10.08.2000","8.341,13","8.303,04","8.391,50","8.263,62","","0,14%"
"09.08.2000","8.329,75","8.218,50","8.348,22","8.200,98","","1,93%"
"08.08.2000","8.171,82","8.174,56","8.181,22","7.987,28","","-0,52%"
"07.08.2000","8.214,63","8.350,94","8.361,00","8.181,52","","-1,56%"
"04.08.2000","8.344,40","8.277,08","8.385,86","8.276,06","","1,23%"
"03.08.2000","8.242,66","8.344,22","8.411,02","8.152,81","","-1,66%"
"02.08.2000","8.381,42","8.336,47","8.390,44","8.311,97","","1,03%"
"01.08.2000","8.296,15","8.244,78","8.305,67","8.244,14","","0,91%"
"31.07.2000","8.221,29","8.251,64","8.277,05","8.176,60","","-0,60%"
"28.07.2000","8.271,14","8.310,87","8.370,15","8.264,41","","-0,90%"
"27.07.2000","8.346,29","8.448,85","8.450,05","8.334,17","","-1,81%"
"26.07.2000","8.500,35","8.450,98","8.520,75","8.427,02","","0,68%"
"25.07.2000","8.442,96","8.578,52","8.580,87","8.434,62","","-1,46%"
"24.07.2000","8.567,89","8.438,63","8.592,60","8.438,63","","1,11%"
"21.07.2000","8.474,18","8.584,58","8.631,32","8.468,00","","-0,82%"
"20.07.2000","8.544,07","8.356,73","8.549,91","8.334,91","","2,16%"
"19.07.2000","8.363,46","8.175,04","8.367,49","8.157,96","","2,32%"
"18.07.2000","8.173,84","8.122,82","8.246,06","8.119,46","","0,70%"
"17.07.2000","8.117,03","8.076,36","8.126,59","8.011,36","","0,60%"
"14.07.2000","8.068,62","8.176,27","8.183,31","8.055,08","","-0,98%"
"13.07.2000","8.148,59","8.213,55","8.213,55","8.081,07","","-0,21%"
"12.07.2000","8.165,52","8.064,82","8.198,44","8.059,42","","1,87%"
"11.07.2000","8.015,66","8.090,18","8.097,28","7.977,91","","-1,45%"
"10.07.2000","8.133,54","8.265,63","8.282,59","8.121,18","","-1,06%"
"07.07.2000","8.220,89","8.309,20","8.363,08","8.220,89","","-0,53%"
"06.07.2000","8.264,40","8.202,30","8.272,84","8.152,85","","0,37%"
"05.07.2000","8.233,57","8.304,95","8.323,78","8.217,37","","-0,52%"
"04.07.2000","8.276,78","8.369,13","8.385,84","8.250,58","","-1,10%"
"03.07.2000","8.368,76","8.320,54","8.413,39","8.307,09","","0,61%"
"30.06.2000","8.318,30","8.391,63","8.420,99","8.267,86","","-0,03%"
"29.06.2000","8.320,77","8.570,53","8.576,64","8.296,08","","-2,90%"
"28.06.2000","8.569,00","8.642,50","8.655,62","8.533,29","","-1,30%"
"27.06.2000","8.681,63","8.680,30","8.723,71","8.613,14","","0,30%"
"26.06.2000","8.655,73","8.566,35","8.676,08","8.563,81","","1,54%"
"23.06.2000","8.524,87","8.635,48","8.673,98","8.466,13","","-1,47%"
"22.06.2000","8.651,96","8.686,59","8.700,14","8.569,77","","-1,79%"
"21.06.2000","8.809,50","8.865,66","8.872,68","8.764,14","","-0,94%"
"20.06.2000","8.893,03","8.862,90","8.952,14","8.817,40","","0,54%"
"19.06.2000","8.845,18","8.890,48","8.890,48","8.729,91","","-0,38%"
"16.06.2000","8.878,49","8.987,23","9.038,50","8.857,16","","-1,04%"
"15.06.2000","8.971,50","9.129,11","9.147,43","8.965,43","","-1,43%"
"14.06.2000","9.101,88","9.055,10","9.110,90","8.984,39","","0,71%"
"13.06.2000","9.037,50","9.288,65","9.288,65","9.035,79","","-3,09%"
"09.06.2000","9.325,76","9.234,00","9.445,95","9.222,64","","0,96%"
"08.06.2000","9.237,07","9.283,18","9.341,40","9.229,00","","-0,31%"
"07.06.2000","9.265,46","9.179,89","9.283,03","9.146,17","","-0,86%"
"06.06.2000","9.346,18","9.410,90","9.440,69","9.300,20","","-0,87%"
"05.06.2000","9.428,39","9.410,68","9.527,09","9.392,18","","0,88%"
"02.06.2000","9.346,27","9.042,20","9.380,61","8.916,76","","3,64%"
"01.06.2000","9.018,12","9.058,59","9.103,54","8.989,65","","0,02%"
"31.05.2000","9.015,87","9.078,80","9.102,39","8.919,16","","0,24%"
"30.05.2000","8.994,07","8.901,11","9.079,64","8.899,66","","1,91%"
"29.05.2000","8.825,93","8.720,89","8.868,36","8.662,95","","1,79%"
"26.05.2000","8.671,04","8.517,50","8.828,81","8.489,77","","-0,36%"
"25.05.2000","8.702,00","8.445,89","8.703,06","8.438,08","","4,74%"
"24.05.2000","8.308,54","8.191,22","8.321,31","8.075,56","","0,58%"
"23.05.2000","8.260,95","8.377,05","8.387,59","8.244,47","","0,55%"
"22.05.2000","8.215,60","8.346,10","8.479,17","8.164,76","","-1,02%"
"19.05.2000","8.300,47","8.881,43","8.884,04","8.239,63","","-6,64%"
"18.05.2000","8.891,07","8.832,63","8.914,23","8.818,93","","0,33%"
"17.05.2000","8.862,17","8.935,66","8.967,54","8.829,95","","-1,40%"
"16.05.2000","8.988,30","9.027,09","9.027,09","8.905,13","","0,12%"
"15.05.2000","8.977,93","9.009,47","9.096,55","8.938,22","","0,62%"
"12.05.2000","8.922,18","9.015,95","9.040,91","8.847,43","","-1,22%"
"11.05.2000","9.032,61","8.920,83","9.048,31","8.878,72","","0,11%"
"10.05.2000","9.023,06","9.207,26","9.214,36","8.979,05","","-1,86%"
"09.05.2000","9.193,71","9.050,39","9.223,38","8.994,01","","1,64%"
"08.05.2000","9.045,64","9.033,99","9.066,77","8.948,50","","0,21%"
"05.05.2000","9.026,99","9.204,00","9.204,16","8.987,24","","-0,95%"
"04.05.2000","9.113,86","9.075,76","9.246,97","9.056,30","","0,11%"
"03.05.2000","9.103,48","8.938,53","9.126,48","8.878,56","","1,42%"
"02.05.2000","8.975,77","8.997,18","9.045,05","8.916,95","","1,16%"
"28.04.2000","8.872,49","8.915,30","8.934,88","8.785,20","","0,05%"
"27.04.2000","8.867,97","9.002,85","9.002,85","8.605,97","","-1,83%"
"26.04.2000","9.032,84","9.217,34","9.232,42","9.025,76","","-1,19%"
"25.04.2000","9.141,63","9.146,83","9.176,38","9.050,16","","-0,39%"
"21.04.2000","9.177,05","9.076,65","9.181,73","9.065,77","","1,15%"
"20.04.2000","9.072,54","9.069,13","9.120,71","9.025,28","","0,07%"
"19.04.2000","9.066,22","9.154,15","9.285,94","9.048,33","","0,86%"
"18.04.2000","8.989,20","9.292,43","9.292,43","8.940,37","","-0,40%"
"17.04.2000","9.025,29","8.930,39","9.124,01","8.845,41","","-4,55%"
"14.04.2000","9.455,08","9.655,07","9.655,07","9.401,37","","-2,35%"
"13.04.2000","9.682,80","9.717,88","9.732,21","9.635,61","","-1,06%"
"12.04.2000","9.786,06","9.824,63","9.834,23","9.753,29","","0,25%"
"11.04.2000","9.761,44","9.839,30","9.921,77","9.750,39","","-2,30%"
"10.04.2000","9.990,82","9.907,87","10.111,31","9.907,87","","0,78%"
"07.04.2000","9.913,62","10.002,76","10.033,55","9.841,10","","0,02%"
"06.04.2000","9.911,83","9.655,31","9.911,83","9.641,59","","3,53%"
"05.04.2000","9.573,78","9.723,34","9.744,77","9.511,74","","-3,17%"
"04.04.2000","9.887,26","9.870,77","9.981,03","9.696,20","","0,06%"
"03.04.2000","9.881,36","10.099,95","10.099,95","9.836,20","","-1,19%"
"31.03.2000","10.000,64","9.898,82","10.023,63","9.888,29","","0,56%"
"30.03.2000","9.945,27","9.973,75","10.018,69","9.843,42","","-1,16%"
"29.03.2000","10.062,12","10.127,80","10.150,94","10.043,36","","-0,91%"
"28.03.2000","10.154,51","10.309,25","10.389,70","10.124,70","","-1,36%"
"27.03.2000","10.294,79","10.168,99","10.311,55","10.167,08","","1,66%"
"24.03.2000","10.126,69","9.893,34","10.187,24","9.796,52","","2,84%"
"23.03.2000","9.846,73","9.942,16","9.956,72","9.814,18","","-0,75%"
"22.03.2000","9.920,98","10.056,31","10.056,31","9.879,15","","-0,23%"
"21.03.2000","9.944,20","9.986,06","10.080,09","9.913,68","","-0,69%"
"20.03.2000","10.013,06","10.079,55","10.079,55","9.968,04","","0,17%"
"17.03.2000","9.996,23","10.317,81","10.328,91","9.980,80","","-1,38%"
"16.03.2000","10.135,66","10.279,17","10.285,78","10.036,55","","-0,68%"
"14.03.2000","10.204,60","10.227,77","10.285,06","10.189,64","","0,01%"
"13.03.2000","10.203,31","10.388,39","10.423,83","10.134,45","","-2,56%"
"10.03.2000","10.471,91","10.417,27","10.492,50","10.363,13","","2,26%"
"09.03.2000","10.240,80","10.362,92","10.463,24","10.186,37","","0,61%"
"08.03.2000","10.178,81","10.126,64","10.228,66","10.113,08","","-0,15%"
"07.03.2000","10.193,87","10.232,02","10.335,59","10.114,04","","-0,27%"
"06.03.2000","10.221,66","10.140,07","10.268,79","10.103,12","","1,71%"
"03.03.2000","10.050,24","10.115,05","10.153,87","9.986,73","","0,70%"
"02.03.2000","9.980,36","9.916,48","10.092,12","9.804,05","","0,13%"
"01.03.2000","9.967,44","10.167,24","10.167,24","9.958,85","","-1,55%"
"29.02.2000","10.124,65","10.057,26","10.137,00","9.962,96","","2,56%"
"28.02.2000","9.872,26","10.065,15","10.126,93","9.796,76","","-2,12%"
"25.02.2000","10.085,76","10.152,71","10.187,30","10.024,25","","-0,43%"
"24.02.2000","10.129,68","10.209,98","10.209,98","10.074,24","","0,01%"
"23.02.2000","10.128,98","10.187,07","10.220,38","10.083,18","","0,82%"
"22.02.2000","10.046,91","10.219,14","10.325,12","10.039,48","","-0,97%"
"21.02.2000","10.145,73","9.940,45","10.160,60","9.895,61","","0,92%"
"18.02.2000","10.052,82","10.149,93","10.180,07","10.018,88","","-0,97%"
"17.02.2000","10.151,76","10.301,43","10.301,43","10.052,96","","-1,83%"
"16.02.2000","10.340,88","10.313,83","10.437,20","10.162,84","","0,91%"
"15.02.2000","10.247,38","10.313,34","10.352,93","10.204,34","","-0,05%"
"14.02.2000","10.253,01","10.076,87","10.265,74","10.027,44","","1,21%"
"11.02.2000","10.130,36","10.269,82","10.309,14","10.103,87","","-0,32%"
"10.02.2000","10.162,44","9.751,05","10.167,06","9.736,77","","2,03%"
"09.02.2000","9.960,37","10.032,82","10.139,95","9.947,19","","0,33%"
"08.02.2000","9.927,84","9.580,85","9.932,04","9.556,67","","3,83%"
"07.02.2000","9.561,22","9.623,48","9.623,48","9.435,96","","-0,51%"
"04.02.2000","9.609,95","9.665,92","9.665,92","9.511,33","","-0,05%"
"03.02.2000","9.614,30","9.729,60","9.729,81","9.569,50","","-0,09%"
"02.02.2000","9.623,36","9.702,79","9.817,76","9.603,04","","0,42%"
"01.02.2000","9.583,36","9.751,18","9.771,20","9.538,23","","0,36%"
"31.01.2000","9.548,90","9.640,43","9.662,78","9.519,57","","-2,86%"
"28.01.2000","9.830,02","9.974,34","10.130,47","9.806,12","","-1,54%"
"27.01.2000","9.983,29","9.732,10","9.997,28","9.650,99","","3,99%"
"26.01.2000","9.600,42","9.472,32","9.650,98","9.387,58","","2,34%"
"25.01.2000","9.380,63","9.535,10","9.548,60","9.353,08","","-3,14%"
"24.01.2000","9.685,12","9.829,31","9.870,03","9.653,74","","-1,11%"
"21.01.2000","9.794,06","9.934,45","10.045,19","9.762,80","","-1,72%"
"20.01.2000","9.965,26","9.936,14","10.036,41","9.885,37","","1,65%"
"19.01.2000","9.803,04","9.659,17","9.871,23","9.605,86","","0,22%"
"18.01.2000","9.781,45","9.871,18","9.989,82","9.743,45","","-0,78%"
"17.01.2000","9.858,10","9.523,06","9.858,10","9.521,47","","3,83%"
"14.01.2000","9.494,60","9.133,73","9.545,43","9.133,73","","4,51%"
"13.01.2000","9.084,51","8.961,36","9.119,53","8.961,36","","1,95%"
"12.01.2000","8.910,43","8.798,01","8.930,22","8.758,01","","0,33%"
"11.01.2000","8.881,02","8.989,20","8.989,20","8.876,18","","-1,08%"
"10.01.2000","8.977,88","8.837,90","9.064,57","8.833,77","","3,26%"
"07.01.2000","8.694,04","8.592,33","8.726,49","8.575,47","","2,48%"
"06.01.2000","8.483,29","8.494,34","8.522,95","8.338,71","","0,22%"
"05.01.2000","8.464,34","8.427,66","8.626,81","8.422,76","","-2,88%"
"04.01.2000","8.715,49","8.760,06","8.883,37","8.643,14","","-1,18%"
"29.12.1999","8.819,45","8.916,20","8.921,08","8.758,30","","-0,63%"
"28.12.1999","8.875,18","8.748,32","8.878,72","8.742,55","","1,51%"
"27.12.1999","8.742,87","8.616,60","8.745,85","8.579,22","","2,37%"
"23.12.1999","8.540,24","8.519,49","8.547,64","8.462,44","","0,97%"
"22.12.1999","8.458,01","8.515,22","8.517,80","8.413,15","","0,57%"
"21.12.1999","8.409,77","8.411,71","8.534,40","8.355,56","","-0,55%"
"20.12.1999","8.456,65","8.292,77","8.497,17","8.292,77","","2,57%"
"17.12.1999","8.244,84","8.164,91","8.245,58","8.130,68","","1,69%"
"16.12.1999","8.107,71","8.064,75","8.166,52","8.041,50","","1,07%"
"15.12.1999","8.022,02","7.829,90","8.085,37","7.795,16","","-0,23%"
"14.12.1999","8.040,62","8.092,09","8.136,45","7.995,36","","-1,21%"
"13.12.1999","8.139,18","8.230,85","8.298,41","8.101,98","","-0,98%"
"10.12.1999","8.219,80","8.160,81","8.297,80","8.153,27","","0,92%"
"09.12.1999","8.145,27","7.951,36","8.146,50","7.951,36","","2,56%"
"08.12.1999","7.942,16","7.862,97","7.956,95","7.855,75","","0,26%"
"07.12.1999","7.921,80","7.963,79","7.963,79","7.838,44","","-0,58%"
"06.12.1999","7.968,21","7.987,12","8.121,15","7.943,22","","0,57%"
"03.12.1999","7.922,91","7.689,44","7.926,25","7.689,44","","4,20%"
"02.12.1999","7.603,75","7.508,28","7.608,35","7.508,28","","1,66%"
"01.12.1999","7.479,54","7.479,54","7.479,54","7.479,54","","0,53%"
"30.11.1999","7.440,15","7.412,28","7.440,15","7.373,51","","-0,08%"
"29.11.1999","7.446,25","7.381,21","7.454,05","7.372,49","","0,12%"
"26.11.1999","7.437,32","7.447,49","7.447,49","7.377,29","","0,69%"
"25.11.1999","7.386,69","7.397,83","7.427,03","7.382,59","","-0,05%"
"24.11.1999","7.390,16","7.358,29","7.395,88","7.333,22","","-0,33%"
"23.11.1999","7.414,85","7.491,16","7.496,28","7.403,56","","-1,05%"
"22.11.1999","7.493,28","7.545,03","7.560,55","7.459,49","","-0,60%"
"19.11.1999","7.538,32","7.609,45","7.611,49","7.505,06","","-0,64%"
"18.11.1999","7.587,16","7.451,02","7.593,36","7.451,02","","1,39%"
"17.11.1999","7.482,99","7.455,12","7.565,88","7.418,78","","0,68%"
"16.11.1999","7.432,51","7.276,89","7.441,81","7.276,89","","1,88%"
"15.11.1999","7.295,22","7.308,03","7.349,39","7.231,71","","1,35%"
"12.11.1999","7.198,23","7.236,90","7.274,69","7.190,07","","-1,04%"
"11.11.1999","7.274,21","7.232,60","7.307,28","7.223,12","","1,10%"
"10.11.1999","7.195,26","7.195,98","7.248,77","7.123,81","","-0,46%"
"09.11.1999","7.228,36","7.262,05","7.319,40","7.222,66","","-0,04%"
"08.11.1999","7.231,39","7.218,56","7.262,95","7.137,91","","-0,56%"
"05.11.1999","7.271,93","7.192,71","7.296,90","7.145,72","","0,56%"
"04.11.1999","7.231,49","7.262,74","7.297,79","7.210,99","","0,10%"
"03.11.1999","7.224,17","7.132,21","7.268,29","7.132,21","","2,45%"
"02.11.1999","7.051,68","6.924,69","7.062,40","6.918,87","","1,51%"
"01.11.1999","6.946,82","6.928,71","7.022,13","6.882,89","","-0,18%"
"29.10.1999","6.959,16","6.825,71","6.959,16","6.822,68","","3,06%"
"28.10.1999","6.752,25","6.693,88","6.793,00","6.647,85","","0,97%"
"27.10.1999","6.687,34","6.741,39","6.754,78","6.675,29","","-1,37%"
"26.10.1999","6.780,56","6.716,73","6.796,05","6.686,18","","0,39%"
"25.10.1999","6.754,30","6.884,94","6.886,72","6.688,40","","0,08%"
"22.10.1999","6.748,83","6.657,05","6.756,92","6.603,27","","4,70%"
"21.10.1999","6.445,59","6.642,20","6.650,71","6.403,20","","-2,05%"
"20.10.1999","6.580,69","6.505,56","6.621,06","6.463,22","","1,74%"
"19.10.1999","6.468,02","6.299,62","6.495,01","6.287,39","","3,58%"
"18.10.1999","6.244,29","6.267,08","6.296,57","6.182,16","","-2,22%"
"15.10.1999","6.386,17","6.506,79","6.506,79","6.222,14","","-3,05%"
"14.10.1999","6.587,15","6.657,53","6.682,65","6.551,20","","-1,03%"
"13.10.1999","6.655,82","6.704,96","6.725,44","6.610,37","","-2,19%"
"12.10.1999","6.804,62","6.901,52","6.928,22","6.794,17","","-1,15%"
"11.10.1999","6.883,92","6.883,92","6.944,25","6.847,14","","0,77%"
"08.10.1999","6.830,98","6.739,15","6.860,54","6.723,88","","1,59%"
"07.10.1999","6.724,05","6.738,52","6.798,06","6.705,40","","0,89%"
"06.10.1999","6.664,53","6.722,41","6.722,41","6.626,55","","-1,07%"
"05.10.1999","6.736,34","6.819,08","6.870,36","6.734,87","","-0,58%"
"04.10.1999","6.775,96","6.667,98","6.785,31","6.623,62","","2,05%"
"01.10.1999","6.639,55","6.763,05","6.763,05","6.581,04","","-1,59%"
"30.09.1999","6.747,13","6.828,14","6.838,56","6.733,65","","-0,86%"
"29.09.1999","6.805,46","6.871,01","6.878,32","6.722,22","","-0,69%"
"28.09.1999","6.852,47","6.880,06","6.948,90","6.812,91","","-0,46%"
"27.09.1999","6.883,98","6.826,32","6.886,76","6.782,10","","1,54%"
"24.09.1999","6.779,71","6.778,97","6.820,28","6.712,10","","-1,65%"
"23.09.1999","6.893,33","6.936,45","6.942,64","6.822,77","","-0,03%"
"22.09.1999","6.895,74","6.944,50","6.975,33","6.868,37","","-2,03%"
"21.09.1999","7.038,64","7.150,75","7.202,07","7.031,54","","-1,54%"
"20.09.1999","7.149,06","7.238,39","7.248,53","7.141,17","","0,03%"
"17.09.1999","7.147,22","7.021,52","7.190,48","6.895,43","","1,94%"
"16.09.1999","7.011,14","7.147,77","7.182,96","6.995,65","","-3,60%"
"15.09.1999","7.273,26","7.331,67","7.331,67","7.051,18","","-1,19%"
"14.09.1999","7.360,81","7.484,75","7.487,26","7.287,62","","-1,93%"
"13.09.1999","7.505,54","7.586,33","7.587,24","7.454,87","","-0,98%"
"10.09.1999","7.579,54","7.540,75","7.625,75","7.527,55","","0,63%"
"09.09.1999","7.532,16","7.453,53","7.566,73","7.447,09","","1,03%"
"08.09.1999","7.455,26","7.458,26","7.516,21","7.441,70","","-0,53%"
"07.09.1999","7.494,66","7.550,93","7.568,57","7.483,17","","-1,09%"
"06.09.1999","7.577,43","7.493,07","7.610,52","7.490,61","","1,50%"
"03.09.1999","7.465,16","7.351,76","7.496,00","7.330,24","","2,24%"
"02.09.1999","7.301,29","7.431,59","7.431,59","7.273,35","","-1,83%"
"01.09.1999","7.437,72","7.464,89","7.567,85","7.433,42","","-0,30%"
"31.08.1999","7.459,84","7.430,92","7.468,67","7.408,64","","-0,65%"
"30.08.1999","7.508,95","7.489,20","7.525,49","7.483,03","","-0,19%"
"27.08.1999","7.523,00","7.499,15","7.536,52","7.475,17","","0,07%"
"26.08.1999","7.517,99","7.533,13","7.566,34","7.499,40","","0,52%"
"25.08.1999","7.479,30","7.394,51","7.572,24","7.394,51","","1,22%"
"24.08.1999","7.388,95","7.465,14","7.490,61","7.361,92","","-0,27%"
"23.08.1999","7.409,07","7.143,34","7.409,07","7.143,34","","4,00%"
"19.08.1999","7.124,39","7.056,67","7.135,21","7.037,78","","0,97%"
"18.08.1999","7.055,93","7.072,72","7.088,89","7.001,80","","-0,31%"
"17.08.1999","7.077,62","7.080,88","7.112,29","7.035,64","","0,13%"
"16.08.1999","7.068,45","7.147,75","7.151,45","7.064,44","","-1,02%"
"13.08.1999","7.141,24","7.087,12","7.167,67","7.048,02","","1,08%"
"12.08.1999","7.064,73","7.057,96","7.118,91","7.053,17","","1,53%"
"11.08.1999","6.958,24","6.920,88","6.979,76","6.844,21","","-0,13%"
"10.08.1999","6.967,61","7.128,23","7.130,97","6.951,35","","-2,25%"
"09.08.1999","7.128,19","7.082,98","7.137,38","7.043,80","","0,33%"
"06.08.1999","7.104,71","7.129,35","7.174,11","7.085,05","","0,13%"
"05.08.1999","7.095,15","7.151,66","7.153,74","7.073,87","","-1,28%"
"04.08.1999","7.187,17","7.191,88","7.222,06","7.175,13","","-0,12%"
"03.08.1999","7.195,72","7.244,61","7.244,61","7.165,34","","-0,06%"
"02.08.1999","7.199,98","7.223,55","7.256,33","7.119,43","","-0,78%"
"30.07.1999","7.256,51","7.169,34","7.263,88","7.165,40","","1,61%"
"29.07.1999","7.141,79","7.213,29","7.278,38","7.102,42","","-1,54%"
"28.07.1999","7.253,69","7.210,29","7.281,02","7.209,27","","1,05%"
"27.07.1999","7.178,04","7.065,59","7.182,27","7.028,66","","1,18%"
"26.07.1999","7.094,51","7.196,66","7.225,69","7.046,77","","-1,55%"
"23.07.1999","7.206,32","7.166,97","7.230,27","7.146,18","","0,04%"
"22.07.1999","7.203,62","7.238,84","7.313,21","7.173,25","","-0,42%"
"21.07.1999","7.234,34","7.143,39","7.237,34","7.121,55","","0,00%"
"20.07.1999","7.234,35","7.316,44","7.324,68","7.203,45","","-1,13%"
"19.07.1999","7.317,34","7.260,43","7.363,63","7.260,43","","0,25%"
"16.07.1999","7.298,94","7.285,37","7.308,41","7.239,50","","-0,36%"
"15.07.1999","7.325,34","7.281,62","7.355,22","7.216,42","","0,45%"
"14.07.1999","7.292,28","7.340,47","7.344,18","7.202,28","","0,38%"
"13.07.1999","7.264,69","7.472,89","7.472,96","7.216,52","","-3,39%"
"12.07.1999","7.519,23","7.545,13","7.623,30","7.491,21","","0,29%"
"09.07.1999","7.497,72","7.293,96","7.589,18","7.263,41","","3,03%"
"08.07.1999","7.277,23","7.178,96","7.293,27","7.138,64","","2,36%"
"07.07.1999","7.109,59","7.123,20","7.215,73","7.040,31","","0,03%"
"06.07.1999","7.107,56","6.938,04","7.130,95","6.938,04","","2,94%"
"05.07.1999","6.904,52","6.724,20","6.911,17","6.724,20","","3,19%"
"02.07.1999","6.691,23","6.593,87","6.691,23","6.574,81","","1,78%"
"01.07.1999","6.574,16","6.548,31","6.640,24","6.548,31","","1,36%"
"30.06.1999","6.485,80","6.483,47","6.534,21","6.469,62","","0,45%"
"29.06.1999","6.456,54","6.531,44","6.595,90","6.445,86","","-1,38%"
"28.06.1999","6.547,02","6.572,22","6.587,35","6.498,35","","-0,18%"
"25.06.1999","6.558,81","6.460,79","6.577,27","6.413,74","","1,55%"
"24.06.1999","6.458,54","6.364,14","6.458,54","6.361,90","","1,71%"
"23.06.1999","6.350,03","6.396,27","6.401,71","6.328,51","","-0,77%"
"22.06.1999","6.399,02","6.511,83","6.512,66","6.388,51","","-2,20%"
"21.06.1999","6.542,68","6.562,59","6.580,56","6.526,75","","0,27%"
"18.06.1999","6.524,92","6.553,54","6.571,44","6.520,27","","-0,08%"
"17.06.1999","6.530,28","6.616,93","6.645,91","6.516,71","","-0,92%"
"16.06.1999","6.590,86","6.544,82","6.609,32","6.499,44","","0,89%"
"15.06.1999","6.532,79","6.479,02","6.564,14","6.475,69","","1,01%"
"14.06.1999","6.467,64","6.440,52","6.497,35","6.395,30","","0,08%"
"11.06.1999","6.462,15","6.425,80","6.476,70","6.404,55","","0,98%"
"10.06.1999","6.399,74","6.391,16","6.441,48","6.361,76","","0,87%"
"09.06.1999","6.344,84","6.340,20","6.380,67","6.317,05","","0,03%"
"08.06.1999","6.342,87","6.332,90","6.371,56","6.323,38","","0,72%"
"07.06.1999","6.297,29","6.407,17","6.470,70","6.283,24","","-1,73%"
"04.06.1999","6.408,44","6.421,61","6.470,70","6.378,70","","0,05%"
"03.06.1999","6.405,55","6.317,19","6.465,27","6.313,15","","1,94%"
"02.06.1999","6.283,84","6.394,65","6.400,47","6.280,22","","-1,61%"
"01.06.1999","6.386,71","6.439,23","6.472,03","6.373,53","","-0,81%"
"31.05.1999","6.438,82","6.292,20","6.471,05","6.260,56","","3,03%"
"28.05.1999","6.249,42","6.260,83","6.313,65","6.231,41","","-1,13%"
"27.05.1999","6.321,03","6.398,23","6.432,36","6.303,72","","-0,56%"
"26.05.1999","6.356,65","6.275,56","6.360,72","6.272,36","","1,32%"
"25.05.1999","6.274,13","6.389,12","6.389,12","6.267,38","","-2,58%"
"21.05.1999","6.440,30","6.401,90","6.444,90","6.393,90","","0,57%"
"20.05.1999","6.403,89","6.487,90","6.498,52","6.401,01","","-0,94%"
"19.05.1999","6.464,77","6.454,99","6.520,76","6.446,41","","0,47%"
"18.05.1999","6.434,63","6.341,90","6.443,80","6.325,14","","2,19%"
"17.05.1999","6.296,70","6.228,49","6.307,15","6.197,70","","-0,75%"
"14.05.1999","6.344,12","6.252,39","6.368,01","6.229,32","","0,11%"
"13.05.1999","6.337,29","6.431,14","6.458,61","6.312,98","","-1,64%"
"12.05.1999","6.443,01","6.392,03","6.460,77","6.355,03","","-0,68%"
"11.05.1999","6.487,13","6.430,85","6.487,65","6.405,44","","0,90%"
"10.05.1999","6.429,44","6.300,62","6.434,32","6.270,76","","-1,58%"
"07.05.1999","6.532,92","6.528,14","6.632,65","6.503,45","","-1,11%"
"06.05.1999","6.605,99","6.402,96","6.615,59","6.375,37","","5,37%"
"04.05.1999","6.269,26","6.204,59","6.294,30","6.204,59","","2,33%"
"03.05.1999","6.126,51","5.998,56","6.126,51","5.994,10","","2,36%"
"30.04.1999","5.985,27","6.002,69","6.018,38","5.961,88","","0,21%"
"29.04.1999","5.972,50","5.992,58","5.992,58","5.907,60","","-0,61%"
"28.04.1999","6.008,91","6.129,11","6.134,08","5.999,00","","-1,46%"
"27.04.1999","6.097,70","5.971,91","6.103,80","5.941,57","","1,19%"
"26.04.1999","6.025,72","6.168,93","6.172,44","6.012,34","","0,47%"
"23.04.1999","5.997,25","5.971,69","6.031,77","5.971,69","","0,49%"
"22.04.1999","5.968,25","6.011,08","6.018,74","5.934,05","","-0,06%"
"21.04.1999","5.971,79","5.991,34","6.015,19","5.952,99","","1,81%"
"20.04.1999","5.865,65","5.733,22","5.877,42","5.713,78","","0,62%"
"19.04.1999","5.829,73","5.853,07","5.874,68","5.807,13","","0,81%"
"16.04.1999","5.783,13","5.764,43","5.783,13","5.657,97","","2,78%"
"15.04.1999","5.626,89","5.632,93","5.670,76","5.604,58","","-0,27%"
"14.04.1999","5.642,22","5.556,76","5.660,41","5.504,16","","0,36%"
"13.04.1999","5.621,88","5.712,49","5.749,01","5.611,98","","-0,72%"
"12.04.1999","5.662,43","5.729,23","5.787,33","5.643,78","","-2,99%"
"09.04.1999","5.836,80","6.007,30","6.007,30","5.807,65","","1,03%"
"08.04.1999","5.777,35","5.761,28","5.811,14","5.729,58","","1,78%"
"07.04.1999","5.676,40","5.754,74","5.775,91","5.573,14","","-0,57%"
"06.04.1999","5.708,94","5.694,33","5.811,93","5.694,33","","1,62%"
"02.04.1999","5.618,03","5.497,41","5.619,65","5.479,00","","1,91%"
"01.04.1999","5.512,70","5.494,70","5.614,73","5.479,78","","0,42%"
"31.03.1999","5.489,64","5.426,13","5.516,10","5.386,80","","3,21%"
"30.03.1999","5.318,66","5.318,10","5.355,90","5.267,93","","0,67%"
"29.03.1999","5.283,29","5.303,16","5.315,55","5.214,50","","-0,82%"
"26.03.1999","5.326,76","5.453,52","5.502,95","5.313,71","","-2,40%"
"25.03.1999","5.457,47","5.333,28","5.497,53","5.324,69","","3,06%"
"24.03.1999","5.295,23","5.149,95","5.303,49","5.130,26","","-1,13%"
"23.03.1999","5.355,60","5.375,25","5.383,83","5.307,67","","-2,67%"
"22.03.1999","5.502,65","5.586,04","5.667,86","5.500,69","","-1,86%"
"19.03.1999","5.606,74","5.526,36","5.618,53","5.477,51","","2,13%"
"18.03.1999","5.489,80","5.582,47","5.618,38","5.449,37","","-3,99%"
"17.03.1999","5.717,77","5.738,48","5.755,77","5.703,43","","-1,16%"
"16.03.1999","5.784,72","5.729,25","5.786,67","5.671,78","","-0,60%"
"12.03.1999","5.819,67","5.870,03","5.875,42","5.752,90","","-0,22%"
"11.03.1999","5.832,22","5.952,72","5.952,72","5.818,89","","-0,97%"
"10.03.1999","5.889,08","5.945,06","5.983,94","5.865,23","","-0,45%"
"09.03.1999","5.915,75","6.039,46","6.110,80","5.902,40","","1,93%"
"08.03.1999","5.803,53","5.649,48","5.816,26","5.564,03","","8,77%"
"05.03.1999","5.335,58","5.346,31","5.358,15","5.289,06","","1,57%"
"04.03.1999","5.253,03","5.336,39","5.373,37","5.234,83","","-3,44%"
"03.03.1999","5.440,10","5.493,51","5.563,01","5.428,70","","-1,61%"
"02.03.1999","5.529,29","5.663,13","5.670,86","5.515,57","","-2,64%"
"01.03.1999","5.679,20","5.658,20","5.694,98","5.622,82","","1,04%"
"26.02.1999","5.620,94","5.580,45","5.625,61","5.547,88","","0,10%"
"25.02.1999","5.615,12","5.656,80","5.719,05","5.597,77","","-0,82%"
"24.02.1999","5.661,60","5.629,43","5.686,42","5.466,39","","2,93%"
"23.02.1999","5.500,51","5.819,13","5.819,13","5.451,44","","-3,06%"
"22.02.1999","5.674,36","5.911,16","5.911,16","5.644,52","","-4,40%"
"19.02.1999","5.935,72","6.119,44","6.126,92","5.917,93","","-2,69%"
"18.02.1999","6.099,63","6.041,26","6.182,02","5.981,36","","-1,16%"
"17.02.1999","6.171,38","6.306,41","6.328,88","6.137,41","","-3,26%"
"16.02.1999","6.379,49","6.397,30","6.402,33","6.336,03","","0,83%"
"15.02.1999","6.327,23","6.369,58","6.417,70","6.324,23","","-1,65%"
"12.02.1999","6.433,07","6.531,68","6.540,58","6.385,36","","0,63%"
"11.02.1999","6.392,50","6.285,51","6.399,61","6.285,51","","1,97%"
"10.02.1999","6.268,91","6.069,91","6.275,31","6.001,75","","0,24%"
"09.02.1999","6.253,80","6.346,52","6.351,83","6.178,48","","-2,11%"
"08.02.1999","6.388,35","6.411,94","6.431,95","6.345,54","","-1,32%"
"05.02.1999","6.473,68","6.526,89","6.541,17","6.457,40","","-1,79%"
"04.02.1999","6.591,61","6.588,16","6.621,31","6.561,67","","1,34%"
"03.02.1999","6.504,19","6.542,46","6.571,07","6.470,95","","-0,31%"
"02.02.1999","6.524,74","6.471,65","6.590,16","6.459,00","","-0,73%"
"01.02.1999","6.572,42","6.554,12","6.572,84","6.524,27","","1,00%"
"29.01.1999","6.507,14","6.498,59","6.536,53","6.494,99","","1,13%"
"28.01.1999","6.434,46","6.421,70","6.441,08","6.348,26","","0,02%"
"27.01.1999","6.433,25","6.502,83","6.521,35","6.379,79","","0,47%"
"26.01.1999","6.402,87","6.610,56","6.629,58","6.308,58","","-0,86%"
"25.01.1999","6.458,28","6.115,43","6.463,80","6.115,43","","3,70%"
"22.01.1999","6.228,06","6.127,73","6.240,72","6.119,33","","-2,57%"
"21.01.1999","6.392,40","6.487,88","6.487,88","6.378,35","","-2,42%"
"20.01.1999","6.550,92","6.548,71","6.616,27","6.495,44","","2,99%"
"19.01.1999","6.360,43","6.344,08","6.360,43","6.233,65","","0,32%"
"18.01.1999","6.340,15","6.204,47","6.354,26","6.182,33","","9,43%"
"15.01.1999","5.793,58","5.886,98","5.909,93","5.788,03","","-5,45%"
"14.01.1999","6.127,68","6.045,04","6.153,00","5.973,21","","-0,50%"
"13.01.1999","6.158,51","6.445,27","6.826,34","6.088,58","","-9,78%"
"12.01.1999","6.826,34","6.802,45","6.856,85","6.797,15","","-0,22%"
"11.01.1999","6.841,09","6.821,26","6.888,95","6.783,03","","-1,47%"
"08.01.1999","6.943,08","6.907,40","6.946,19","6.852,44","","2,51%"
"07.01.1999","6.773,02","6.793,48","6.847,55","6.723,59","","7,38%"
"30.12.1998","6.307,67","6.341,31","6.371,44","6.294,45","","-1,00%"
"29.12.1998","6.371,44","6.349,05","6.401,42","6.336,92","","0,04%"
"28.12.1998","6.368,80","6.321,35","6.379,06","6.277,98","","0,44%"
"23.12.1998","6.340,59","6.353,98","6.377,54","6.318,41","","0,52%"
"22.12.1998","6.307,50","6.439,68","6.448,30","6.283,36","","3,21%"
"21.12.1998","6.111,20","5.970,85","6.118,89","5.897,82","","3,62%"
"18.12.1998","5.897,82","5.864,55","5.897,82","5.818,04","","1,60%"
"17.12.1998","5.804,73","5.852,90","5.859,61","5.798,75","","-1,51%"
"16.12.1998","5.893,58","5.890,17","5.899,82","5.864,38","","1,25%"
"15.12.1998","5.820,76","5.900,25","5.901,55","5.794,20","","-1,13%"
"14.12.1998","5.887,10","5.820,64","5.921,03","5.820,64","","1,23%"
"11.12.1998","5.815,53","5.781,59","5.892,85","5.738,19","","-1,31%"
"10.12.1998","5.892,85","5.829,73","5.901,13","5.827,85","","1,88%"
"09.12.1998","5.784,03","5.710,79","5.803,57","5.707,66","","0,44%"
"08.12.1998","5.758,48","5.814,40","5.831,28","5.728,27","","-0,89%"
"07.12.1998","5.810,31","5.774,74","5.854,53","5.766,99","","2,55%"
"04.12.1998","5.665,62","5.489,32","5.684,50","5.484,26","","3,66%"
"03.12.1998","5.465,43","5.330,21","5.485,56","5.277,80","","-2,14%"
"02.12.1998","5.584,97","5.630,42","5.671,28","5.555,33","","-0,44%"
"01.12.1998","5.609,44","5.761,08","5.765,37","5.573,95","","-6,14%"
"30.11.1998","5.976,32","5.983,89","6.034,87","5.969,57","","-0,44%"
"27.11.1998","6.002,80","5.997,90","6.002,80","5.974,96","","-0,72%"
"26.11.1998","6.046,52","6.072,44","6.093,25","6.035,21","","0,04%"
"25.11.1998","6.043,90","5.997,62","6.053,26","5.962,69","","0,03%"
"24.11.1998","6.042,04","6.134,75","6.134,75","5.976,57","","-1,51%"
"23.11.1998","6.134,79","6.160,15","6.187,97","6.111,30","","2,73%"
"20.11.1998","5.972,01","5.936,58","5.999,37","5.936,58","","1,70%"
"19.11.1998","5.872,42","5.804,73","5.879,72","5.774,54","","2,18%"
"18.11.1998","5.747,34","5.841,10","5.852,05","5.716,45","","-0,13%"
"17.11.1998","5.754,92","5.792,23","5.811,84","5.743,45","","0,32%"
"16.11.1998","5.736,64","5.807,34","5.808,60","5.714,40","","1,86%"
"13.11.1998","5.632,09","5.607,72","5.645,17","5.563,03","","0,96%"
"12.11.1998","5.578,61","5.542,71","5.588,80","5.521,05","","-0,60%"
"11.11.1998","5.612,18","5.658,75","5.680,06","5.543,40","","1,49%"
"10.11.1998","5.529,87","5.478,11","5.585,88","5.395,26","","-3,72%"
"09.11.1998","5.743,39","5.784,48","5.786,66","5.688,99","","0,05%"
"06.11.1998","5.740,76","6.012,14","6.017,61","5.729,35","","-3,59%"
"05.11.1998","5.954,42","5.901,97","6.065,65","5.891,51","","-0,96%"
"04.11.1998","6.012,26","5.734,79","6.035,42","5.734,79","","4,24%"
"03.11.1998","5.767,61","5.841,41","5.862,39","5.756,26","","-0,58%"
"02.11.1998","5.801,38","5.645,23","5.801,38","5.620,50","","9,21%"
"30.10.1998","5.312,05","5.225,08","5.316,47","5.202,47","","4,98%"
"29.10.1998","5.060,06","5.100,14","5.107,53","5.042,37","","0,59%"
"28.10.1998","5.030,45","5.012,13","5.133,67","5.012,13","","-2,19%"
"27.10.1998","5.143,13","5.112,44","5.149,66","4.991,73","","4,78%"
"26.10.1998","4.908,39","4.845,36","4.940,29","4.817,96","","4,18%"
"22.10.1998","4.711,50","4.663,17","4.729,64","4.608,45","","0,13%"
"21.10.1998","4.705,38","4.833,48","4.886,15","4.682,33","","-2,53%"
"20.10.1998","4.827,31","4.700,71","4.832,93","4.696,28","","4,17%"
"19.10.1998","4.634,11","4.579,70","4.655,14","4.577,32","","0,96%"
"16.10.1998","4.590,09","4.683,93","4.734,21","4.548,45","","1,04%"
"15.10.1998","4.542,92","4.543,62","4.603,41","4.509,86","","4,37%"
"14.10.1998","4.352,71","4.336,45","4.359,85","4.297,81","","2,04%"
"13.10.1998","4.265,53","4.155,39","4.270,70","4.119,71","","3,51%"
"12.10.1998","4.120,85","4.176,34","4.217,31","4.109,60","","3,82%"
"09.10.1998","3.969,16","3.864,82","3.971,78","3.860,93","","2,91%"
"08.10.1998","3.857,00","3.887,42","3.911,40","3.845,20","","-3,60%"
"07.10.1998","4.000,88","4.067,36","4.081,18","3.969,09","","-1,25%"
"06.10.1998","4.051,67","4.080,77","4.086,43","4.003,93","","0,49%"
"05.10.1998","4.031,92","4.160,31","4.209,21","3.997,53","","0,36%"
"02.10.1998","4.017,47","3.803,32","4.058,26","3.716,22","","-2,04%"
"01.10.1998","4.101,16","4.271,02","4.282,38","4.087,51","","-10,28%"
"30.09.1998","4.571,13","4.659,62","4.673,77","4.555,73","","-1,66%"
"29.09.1998","4.648,51","4.640,20","4.764,91","4.625,85","","0,31%"
"28.09.1998","4.633,92","4.520,18","4.650,22","4.441,85","","5,76%"
"25.09.1998","4.381,36","4.351,50","4.524,34","4.279,48","","-4,87%"
"24.09.1998","4.605,69","4.423,05","4.667,35","4.423,05","","14,59%"
"23.09.1998","4.019,41","3.983,78","4.027,61","3.934,41","","4,90%"
"22.09.1998","3.831,60","3.972,66","3.996,08","3.797,62","","1,50%"
"21.09.1998","3.775,02","4.008,63","4.041,22","3.727,98","","-9,30%"
"18.09.1998","4.162,08","4.198,91","4.201,40","4.107,55","","-1,48%"
"17.09.1998","4.224,67","4.309,06","4.353,00","4.195,03","","-6,15%"
"16.09.1998","4.501,64","4.485,71","4.525,54","4.438,93","","2,65%"
"15.09.1998","4.385,40","4.609,82","4.622,70","4.342,06","","-4,61%"
"14.09.1998","4.597,31","4.526,15","4.597,31","4.475,08","","7,45%"
"11.09.1998","4.278,62","4.408,71","4.455,13","4.242,51","","-11,24%"
"10.09.1998","4.820,67","4.983,85","5.029,88","4.808,72","","-4,87%"
"09.09.1998","5.067,55","5.122,79","5.188,81","5.050,05","","0,33%"
"08.09.1998","5.051,10","4.893,08","5.109,36","4.890,32","","1,87%"
"07.09.1998","4.958,38","4.992,93","5.003,04","4.928,52","","1,36%"
"04.09.1998","4.891,65","5.010,41","5.028,16","4.803,10","","-4,05%"
"03.09.1998","5.098,02","5.241,51","5.262,50","5.025,73","","-5,86%"
"02.09.1998","5.415,31","5.447,22","5.483,29","5.253,94","","2,94%"
"01.09.1998","5.260,56","5.001,11","5.275,75","4.980,43","","0,15%"
"31.08.1998","5.252,47","5.557,58","5.562,69","5.212,27","","1,64%"
"28.08.1998","5.167,71","4.790,43","5.167,71","4.643,76","","-5,49%"
"27.08.1998","5.467,96","5.642,58","5.642,58","5.352,22","","-14,38%"
"26.08.1998","6.386,36","6.547,68","6.549,76","6.211,97","","-5,67%"
"25.08.1998","6.770,46","6.834,51","6.840,45","6.757,75","","0,84%"
"24.08.1998","6.713,78","6.740,53","6.797,74","6.664,57","","-6,61%"
"19.08.1998","7.189,28","7.012,01","7.216,94","6.997,48","","2,94%"
"18.08.1998","6.984,01","7.061,53","7.076,50","6.973,08","","-0,04%"
"17.08.1998","6.986,99","7.182,09","7.184,50","6.966,74","","-3,17%"
"14.08.1998","7.215,76","7.199,78","7.235,50","7.116,92","","2,66%"
"13.08.1998","7.028,60","7.144,79","7.144,79","6.878,70","","-4,64%"
"12.08.1998","7.370,42","6.964,94","7.414,15","6.943,68","","3,13%"
"11.08.1998","7.146,72","7.211,79","7.323,43","7.144,11","","-7,77%"
"10.08.1998","7.748,98","7.825,56","7.838,56","7.729,94","","-1,36%"
"07.08.1998","7.855,52","7.840,72","7.863,45","7.821,31","","-0,39%"
"06.08.1998","7.886,43","7.935,32","7.942,86","7.841,41","","-0,62%"
"05.08.1998","7.935,95","7.937,00","7.984,83","7.919,92","","-1,90%"
"04.08.1998","8.089,78","8.143,06","8.151,35","8.086,65","","0,18%"
"03.08.1998","8.075,44","8.042,53","8.083,36","8.023,13","","-1,70%"
"31.07.1998","8.215,26","8.320,69","8.336,08","8.212,99","","-1,18%"
"30.07.1998","8.313,10","8.335,39","8.346,92","8.290,59","","0,57%"
"29.07.1998","8.265,77","8.299,46","8.328,74","8.262,73","","0,41%"
"28.07.1998","8.232,35","8.245,01","8.277,55","8.199,13","","-0,22%"
"27.07.1998","8.250,48","8.179,60","8.259,53","8.174,10","","-0,05%"
"24.07.1998","8.254,49","8.191,59","8.257,49","8.177,54","","0,73%"
"23.07.1998","8.194,43","8.202,94","8.214,77","8.161,50","","-0,34%"
"22.07.1998","8.222,16","8.215,02","8.311,40","8.191,80","","-0,82%"
"21.07.1998","8.290,25","8.283,42","8.350,76","8.260,55","","0,67%"
"20.07.1998","8.234,74","8.178,44","8.243,92","8.175,43","","0,63%"
"17.07.1998","8.183,18","8.199,12","8.213,72","8.145,24","","0,69%"
"16.07.1998","8.127,32","8.067,58","8.150,58","8.067,58","","0,09%"
"15.07.1998","8.120,20","8.235,19","8.236,02","8.052,41","","1,00%"
"14.07.1998","8.039,79","7.966,01","8.039,79","7.917,93","","3,71%"
"13.07.1998","7.752,38","7.699,06","7.775,32","7.678,53","","1,48%"
"10.07.1998","7.639,21","7.602,58","7.639,21","7.529,86","","-1,01%"
"09.07.1998","7.717,16","7.773,54","7.789,30","7.688,06","","-0,88%"
"08.07.1998","7.785,96","7.803,80","7.817,30","7.736,56","","-0,30%"
"07.07.1998","7.809,03","7.861,06","7.887,30","7.796,32","","-0,67%"
"06.07.1998","7.861,82","7.811,28","7.877,48","7.808,06","","0,05%"
"03.07.1998","7.858,11","7.854,38","7.877,11","7.802,32","","0,30%"
"02.07.1998","7.834,31","7.907,13","7.907,13","7.807,70","","-0,31%"
"01.07.1998","7.858,54","7.908,88","7.925,30","7.836,11","","0,68%"
"30.06.1998","7.805,72","7.839,14","7.865,90","7.802,50","","0,66%"
"29.06.1998","7.754,73","7.783,46","7.790,49","7.679,03","","-0,91%"
"26.06.1998","7.826,09","7.891,28","7.891,28","7.798,40","","-1,22%"
"25.06.1998","7.922,57","7.893,34","7.944,93","7.891,08","","1,20%"
"24.06.1998","7.828,69","7.929,73","7.931,04","7.825,85","","-0,11%"
"23.06.1998","7.836,97","7.796,69","7.850,58","7.782,07","","1,39%"
"22.06.1998","7.729,86","7.767,71","7.790,43","7.719,60","","-1,23%"
"19.06.1998","7.825,99","7.727,04","7.836,85","7.689,09","","1,99%"
"18.06.1998","7.673,66","7.791,54","7.820,88","7.647,35","","0,32%"
"17.06.1998","7.649,48","7.589,96","7.651,90","7.548,81","","2,56%"
"16.06.1998","7.458,86","7.569,30","7.569,55","7.435,89","","-0,64%"
"15.06.1998","7.506,62","7.540,64","7.594,98","7.497,31","","-3,00%"
"12.06.1998","7.739,14","7.673,25","7.778,77","7.669,90","","-0,07%"
"11.06.1998","7.744,68","7.870,94","7.887,54","7.744,68","","-3,15%"
"10.06.1998","7.996,75","8.071,44","8.079,69","7.956,81","","-1,71%"
"09.06.1998","8.136,05","8.050,61","8.170,60","8.021,53","","-0,94%"
"08.06.1998","8.213,57","8.273,93","8.327,50","8.186,29","","1,22%"
"05.06.1998","8.114,50","8.075,38","8.122,68","7.951,72","","2,49%"
"04.06.1998","7.917,69","7.877,73","8.040,46","7.837,63","","2,58%"
"03.06.1998","7.718,28","7.530,49","7.778,33","7.519,74","","7,49%"
"02.06.1998","7.180,13","7.162,27","7.252,60","7.124,61","","1,74%"
"29.05.1998","7.057,13","7.048,70","7.063,40","6.906,96","","0,11%"
"28.05.1998","7.049,35","7.268,45","7.287,45","7.036,42","","-1,47%"
"27.05.1998","7.154,82","7.311,88","7.372,43","7.119,66","","-3,41%"
"26.05.1998","7.407,50","7.160,76","7.440,52","7.150,75","","1,83%"
"25.05.1998","7.274,34","7.331,03","7.503,22","7.239,70","","-8,69%"
"22.05.1998","7.967,05","7.945,45","7.996,85","7.849,17","","-2,16%"
"21.05.1998","8.142,71","8.172,91","8.231,57","8.126,81","","1,84%"
"20.05.1998","7.995,58","7.921,24","8.033,28","7.908,80","","1,06%"
"19.05.1998","7.911,36","7.938,67","7.966,60","7.803,41","","1,04%"
"18.05.1998","7.829,73","8.001,06","8.003,81","7.791,97","","-3,81%"
"15.05.1998","8.139,63","8.088,67","8.155,21","8.037,88","","2,67%"
"14.05.1998","7.927,86","7.948,99","7.949,89","7.793,39","","-0,30%"
"13.05.1998","7.951,86","8.065,74","8.090,73","7.891,14","","-2,75%"
"12.05.1998","8.176,72","8.255,47","8.266,77","8.004,13","","-3,42%"
"11.05.1998","8.466,48","8.616,53","8.622,17","8.436,34","","-2,44%"
"08.05.1998","8.678,67","8.657,04","8.707,39","8.629,50","","0,78%"
"07.05.1998","8.611,38","8.526,33","8.648,98","8.522,12","","0,57%"
"06.05.1998","8.562,29","8.513,31","8.568,96","8.481,85","","-0,55%"
"05.05.1998","8.609,96","8.745,38","8.747,33","8.597,98","","-1,49%"
"04.05.1998","8.740,12","8.672,57","8.794,36","8.631,73","","2,20%"
"30.04.1998","8.552,17","8.560,64","8.565,92","8.451,03","","0,58%"
"29.04.1998","8.502,80","8.559,35","8.650,79","8.500,64","","-0,99%"
"28.04.1998","8.587,56","8.646,25","8.650,83","8.528,19","","-2,49%"
"27.04.1998","8.807,27","8.857,80","8.888,67","8.804,22","","-1,28%"
"24.04.1998","8.921,71","8.934,01","8.965,32","8.896,13","","-1,05%"
"23.04.1998","9.016,36","9.022,95","9.022,95","8.968,67","","0,40%"
"22.04.1998","8.980,60","8.971,10","8.986,09","8.891,56","","1,00%"
"21.04.1998","8.891,61","8.825,81","8.914,96","8.798,39","","0,19%"
"20.04.1998","8.874,62","8.816,95","8.874,62","8.804,32","","1,31%"
"17.04.1998","8.759,54","8.700,49","8.820,03","8.696,65","","-0,83%"
"16.04.1998","8.832,58","8.791,56","8.859,80","8.785,14","","0,05%"
"15.04.1998","8.827,96","8.918,51","8.922,85","8.814,12","","-1,59%"
"14.04.1998","8.970,70","8.949,17","9.004,97","8.862,74","","0,69%"
"10.04.1998","8.909,24","8.885,83","8.919,69","8.864,09","","0,90%"
"09.04.1998","8.830,11","8.834,66","8.889,02","8.808,67","","0,90%"
"08.04.1998","8.751,33","8.729,96","8.770,00","8.660,20","","-0,22%"
"07.04.1998","8.770,54","8.778,79","8.829,90","8.756,94","","0,18%"
"06.04.1998","8.754,91","8.756,85","8.804,94","8.737,99","","-1,41%"
"03.04.1998","8.880,43","8.958,39","8.984,09","8.844,89","","0,48%"
"02.04.1998","8.837,95","8.770,36","8.846,65","8.767,38","","0,38%"
"01.04.1998","8.804,59","8.729,00","8.818,10","8.708,53","","1,71%"
"31.03.1998","8.656,24","8.669,34","8.690,63","8.596,80","","0,51%"
"30.03.1998","8.612,25","8.591,71","8.651,54","8.579,31","","-0,64%"
"27.03.1998","8.667,83","8.685,50","8.695,67","8.666,23","","-0,35%"
"26.03.1998","8.698,07","8.740,77","8.756,24","8.677,99","","-0,77%"
"25.03.1998","8.765,61","8.729,28","8.782,37","8.726,93","","0,62%"
"24.03.1998","8.711,25","8.598,54","8.724,00","8.594,99","","0,19%"
"23.03.1998","8.694,59","8.715,67","8.753,50","8.633,20","","-1,05%"
"20.03.1998","8.786,63","8.801,65","8.816,72","8.727,02","","2,33%"
"19.03.1998","8.586,58","8.589,57","8.606,32","8.531,97","","0,93%"
"18.03.1998","8.507,69","8.481,13","8.523,93","8.474,57","","0,40%"
"17.03.1998","8.474,01","8.453,08","8.474,01","8.427,06","","0,28%"
"16.03.1998","8.450,60","8.425,59","8.458,34","8.416,47","","0,32%"
"13.03.1998","8.423,98","8.472,02","8.474,98","8.397,95","","0,27%"
"12.03.1998","8.401,03","8.437,37","8.451,08","8.371,50","","-0,57%"
"11.03.1998","8.448,78","8.464,91","8.486,28","8.414,59","","0,87%"
"10.03.1998","8.375,60","8.331,16","8.375,60","8.291,77","","0,65%"
"09.03.1998","8.321,27","8.379,15","8.390,46","8.316,26","","-0,25%"
"06.03.1998","8.342,49","8.314,45","8.344,85","8.230,52","","1,23%"
"05.03.1998","8.241,36","8.314,30","8.316,82","8.231,19","","-2,27%"
"04.03.1998","8.432,67","8.342,58","8.432,67","8.329,85","","0,68%"
"03.03.1998","8.375,96","8.396,17","8.416,77","8.349,10","","-0,30%"
"02.03.1998","8.401,24","8.341,12","8.401,24","8.306,69","","1,75%"
"27.02.1998","8.256,93","8.219,13","8.263,78","8.202,80","","1,06%"
"26.02.1998","8.170,31","8.293,09","8.324,81","8.163,57","","-0,85%"
"25.02.1998","8.239,96","8.157,52","8.239,96","8.135,25","","2,16%"
"24.02.1998","8.065,95","8.029,85","8.070,80","8.025,33","","-0,31%"
"23.02.1998","8.090,91","8.034,00","8.090,91","8.011,53","","1,89%"
"20.02.1998","7.941,19","7.881,36","7.964,23","7.877,99","","0,13%"
"19.02.1998","7.930,64","7.925,28","7.948,64","7.917,19","","-0,30%"
"18.02.1998","7.954,52","8.032,67","8.040,32","7.950,77","","-0,46%"
"17.02.1998","7.990,98","7.944,55","8.021,29","7.926,94","","1,32%"
"16.02.1998","7.887,05","7.894,36","7.921,84","7.872,97","","-1,37%"
"13.02.1998","7.996,88","7.903,98","8.008,59","7.903,53","","0,96%"
"12.02.1998","7.921,18","8.013,02","8.045,42","7.863,32","","-2,81%"
"11.02.1998","8.150,37","8.225,11","8.231,71","8.117,19","","-1,45%"
"10.02.1998","8.269,97","8.183,55","8.297,81","8.156,74","","0,73%"
"09.02.1998","8.209,70","8.196,56","8.238,19","8.172,03","","3,43%"
"06.02.1998","7.937,21","7.784,20","7.946,53","7.781,02","","3,47%"
"05.02.1998","7.671,23","7.646,74","7.671,23","7.641,45","","0,94%"
"04.02.1998","7.600,14","7.572,42","7.605,31","7.570,73","","-0,06%"
"03.02.1998","7.605,01","7.595,41","7.607,29","7.510,03","","0,42%"
"02.02.1998","7.573,44","7.570,89","7.588,31","7.509,78","","2,05%"
"30.01.1998","7.421,65","7.466,74","7.558,76","7.407,99","","-0,24%"
"29.01.1998","7.439,41","7.489,24","7.501,70","7.424,82","","-1,60%"
"28.01.1998","7.560,33","7.602,64","7.608,87","7.529,96","","0,72%"
"27.01.1998","7.506,58","7.520,61","7.530,56","7.490,52","","1,99%"
"26.01.1998","7.359,92","7.376,36","7.454,19","7.349,41","","-2,86%"
"23.01.1998","7.576,30","7.590,04","7.618,76","7.559,25","","0,78%"
"22.01.1998","7.517,97","7.562,94","7.601,05","7.429,61","","-2,48%"
"21.01.1998","7.709,00","7.890,43","7.891,22","7.684,95","","-1,82%"
"20.01.1998","7.851,62","7.777,96","7.868,18","7.772,87","","0,36%"
"19.01.1998","7.823,21","7.853,51","7.876,06","7.775,01","","2,41%"
"16.01.1998","7.639,04","7.661,05","7.677,85","7.633,01","","1,34%"
"15.01.1998","7.537,97","7.643,60","7.655,41","7.501,66","","-1,87%"
"14.01.1998","7.681,40","7.640,15","7.709,93","7.605,69","","2,23%"
"13.01.1998","7.513,76","7.677,96","7.705,32","7.332,36","","3,20%"
"12.01.1998","7.280,79","7.416,37","7.521,65","7.276,31","","-9,01%"
"09.01.1998","8.001,87","7.976,20","8.081,42","7.962,53","","-2,63%"
"08.01.1998","8.218,14","8.421,50","8.432,85","8.195,89","","-1,55%"
"07.01.1998","8.347,94","8.173,78","8.356,29","8.170,49","","4,36%"
"30.12.1997","7.999,10","7.883,75","8.007,47","7.874,36","","3,41%"
"29.12.1997","7.735,65","7.662,74","7.747,50","7.662,74","","1,88%"
"23.12.1997","7.592,76","7.595,12","7.604,08","7.564,77","","1,08%"
"22.12.1997","7.511,96","7.463,46","7.511,96","7.463,46","","0,14%"
"19.12.1997","7.501,77","7.425,37","7.550,62","7.417,19","","-1,46%"
"18.12.1997","7.612,73","7.605,37","7.629,39","7.595,15","","-0,05%"
"17.12.1997","7.616,87","7.587,79","7.645,13","7.527,37","","3,25%"
"16.12.1997","7.377,02","7.344,05","7.410,99","7.260,79","","2,52%"
"15.12.1997","7.195,41","7.143,41","7.219,65","6.935,23","","0,99%"
"12.12.1997","7.124,62","7.041,15","7.200,28","7.038,54","","2,39%"
"11.12.1997","6.958,40","7.177,03","7.177,03","6.915,05","","-6,04%"
"10.12.1997","7.405,33","7.426,91","7.462,34","7.397,18","","-1,07%"
"09.12.1997","7.485,75","7.378,07","7.495,36","7.377,27","","1,15%"
"08.12.1997","7.400,77","7.367,39","7.427,92","7.349,29","","1,80%"
"05.12.1997","7.270,02","7.288,07","7.320,11","7.244,37","","2,01%"
"04.12.1997","7.126,56","6.997,78","7.126,56","6.990,57","","3,02%"
"03.12.1997","6.917,73","6.868,49","6.923,89","6.868,49","","0,08%"
"02.12.1997","6.912,08","6.929,96","6.956,76","6.912,08","","1,55%"
"01.12.1997","6.806,67","6.738,62","6.841,18","6.736,34","","2,31%"
"28.11.1997","6.652,84","6.550,67","6.652,84","6.533,89","","1,35%"
"27.11.1997","6.564,30","6.575,93","6.604,48","6.549,63","","-0,19%"
"26.11.1997","6.576,57","6.679,89","6.704,85","6.558,13","","0,04%"
"25.11.1997","6.573,89","6.620,67","6.659,81","6.470,07","","1,85%"
"24.11.1997","6.454,60","6.655,44","6.721,37","6.381,11","","-7,28%"
"21.11.1997","6.961,20","7.060,32","7.101,68","6.865,34","","3,36%"
"20.11.1997","6.734,82","6.657,94","6.765,60","6.657,94","","2,64%"
"19.11.1997","6.561,34","6.490,43","6.569,23","6.483,41","","0,87%"
"18.11.1997","6.504,90","6.563,04","6.614,17","6.468,02","","0,22%"
"17.11.1997","6.490,81","6.463,40","6.564,95","6.441,54","","8,05%"
"14.11.1997","6.007,42","6.149,94","6.186,44","5.935,58","","8,02%"
"13.11.1997","5.561,47","6.017,56","6.018,42","5.561,47","","-12,72%"
"12.11.1997","6.372,06","6.535,89","6.551,79","6.340,05","","-7,72%"
"11.11.1997","6.905,31","7.023,33","7.025,07","6.905,31","","-2,86%"
"10.11.1997","7.108,79","7.105,64","7.170,75","7.074,40","","0,19%"
"07.11.1997","7.095,26","7.224,95","7.232,75","7.081,89","","-4,15%"
"06.11.1997","7.402,38","7.312,76","7.431,26","7.307,43","","0,37%"
"05.11.1997","7.374,79","7.362,52","7.389,14","7.346,96","","1,60%"
"04.11.1997","7.258,75","7.344,71","7.368,69","7.228,94","","-1,59%"
"03.11.1997","7.375,97","7.439,82","7.452,24","7.315,04","","3,38%"
"31.10.1997","7.134,82","7.017,44","7.134,82","6.766,91","","3,99%"
"30.10.1997","6.860,75","7.101,40","7.118,30","6.828,36","","-6,45%"
"29.10.1997","7.334,15","7.345,32","7.453,42","7.270,50","","12,13%"
"28.10.1997","6.540,74","6.676,94","6.677,68","6.537,69","","-16,50%"
"27.10.1997","7.833,28","7.781,42","7.833,28","7.737,56","","-3,37%"
"22.10.1997","8.106,66","8.030,73","8.124,30","8.024,75","","1,73%"
"21.10.1997","7.968,76","7.976,70","7.997,62","7.966,53","","-0,32%"
"20.10.1997","7.994,07","7.963,42","7.994,07","7.956,88","","0,60%"
"17.10.1997","7.946,35","7.984,65","7.984,65","7.932,90","","-0,48%"
"16.10.1997","7.984,36","7.958,35","7.994,93","7.949,40","","1,24%"
"15.10.1997","7.886,72","7.788,92","7.889,14","7.787,85","","1,97%"
"14.10.1997","7.734,33","7.700,26","7.746,13","7.699,22","","0,86%"
"13.10.1997","7.668,40","7.671,04","7.682,65","7.650,40","","0,10%"
"10.10.1997","7.660,81","7.621,75","7.677,17","7.618,38","","0,18%"
"09.10.1997","7.646,95","7.650,66","7.667,59","7.634,80","","-0,38%"
"08.10.1997","7.676,25","7.740,45","7.740,45","7.676,25","","0,07%"
"07.10.1997","7.670,60","7.656,97","7.684,79","7.644,06","","0,24%"
"06.10.1997","7.651,96","7.677,41","7.681,74","7.627,54","","-0,39%"
"03.10.1997","7.681,58","7.697,85","7.702,41","7.660,88","","0,55%"
"02.10.1997","7.639,90","7.685,81","7.691,67","7.629,59","","-0,59%"
"01.10.1997","7.684,95","7.680,98","7.686,64","7.666,58","","-0,10%"
"30.09.1997","7.692,88","7.685,37","7.708,84","7.666,21","","0,40%"
"29.09.1997","7.662,29","7.629,98","7.662,29","7.629,98","","0,63%"
"26.09.1997","7.614,10","7.560,81","7.626,45","7.556,30","","0,47%"
"25.09.1997","7.578,61","7.617,24","7.637,58","7.556,64","","-1,22%"
"24.09.1997","7.671,96","7.587,52","7.688,40","7.575,81","","-0,26%"
"23.09.1997","7.692,32","7.767,43","7.780,79","7.673,95","","-0,82%"
"22.09.1997","7.755,59","7.755,08","7.802,80","7.743,92","","0,34%"
"19.09.1997","7.729,64","7.742,15","7.759,90","7.714,57","","0,47%"
"18.09.1997","7.693,26","7.687,38","7.704,58","7.651,30","","-0,26%"
"17.09.1997","7.713,41","7.789,31","7.795,77","7.712,44","","0,44%"
"16.09.1997","7.679,48","7.513,80","7.689,93","7.513,80","","1,88%"
"15.09.1997","7.537,70","7.625,06","7.625,89","7.537,70","","-1,06%"
"12.09.1997","7.618,08","7.670,98","7.673,22","7.610,47","","-0,67%"
"11.09.1997","7.669,70","7.678,12","7.700,57","7.646,04","","-1,26%"
"10.09.1997","7.767,57","7.772,18","7.799,03","7.759,07","","1,12%"
"09.09.1997","7.681,82","7.678,01","7.698,15","7.655,28","","0,42%"
"08.09.1997","7.649,77","7.632,38","7.698,34","7.622,31","","0,31%"
"05.09.1997","7.626,41","7.523,85","7.626,41","7.506,72","","1,23%"
"04.09.1997","7.534,08","7.559,27","7.583,38","7.505,61","","-1,15%"
"03.09.1997","7.621,63","7.575,23","7.631,48","7.574,40","","2,92%"
"02.09.1997","7.405,20","7.413,11","7.439,85","7.378,49","","2,16%"
"01.09.1997","7.248,49","7.152,30","7.260,42","7.126,41","","0,19%"
"29.08.1997","7.234,45","7.156,24","7.312,07","7.153,79","","-2,88%"
"28.08.1997","7.449,18","7.548,11","7.550,28","7.443,86","","-0,27%"
"27.08.1997","7.469,31","7.512,14","7.512,14","7.425,90","","-1,91%"
"26.08.1997","7.614,70","7.714,37","7.714,39","7.608,23","","-1,99%"
"25.08.1997","7.769,47","7.767,21","7.777,18","7.748,84","","-0,06%"
"22.08.1997","7.773,97","7.802,61","7.828,32","7.773,97","","-0,69%"
"21.08.1997","7.828,04","7.762,70","7.835,88","7.758,20","","2,35%"
"19.08.1997","7.648,55","7.674,52","7.710,79","7.648,06","","1,28%"
"18.08.1997","7.552,00","7.523,91","7.575,79","7.495,55","","-3,17%"
"15.08.1997","7.799,02","7.863,27","7.863,27","7.763,38","","0,74%"
"14.08.1997","7.741,75","7.711,29","7.765,45","7.687,06","","-0,95%"
"13.08.1997","7.816,26","7.835,19","7.864,51","7.807,86","","-1,80%"
"12.08.1997","7.959,13","7.863,12","7.970,23","7.849,37","","1,24%"
"11.08.1997","7.861,88","8.039,51","8.040,75","7.806,16","","-5,82%"
"08.08.1997","8.347,52","8.350,61","8.424,33","8.333,45","","-1,02%"
"07.08.1997","8.433,66","8.616,27","8.627,95","8.351,29","","-0,59%"
"06.08.1997","8.483,79","8.245,42","8.494,37","8.221,17","","3,86%"
"05.08.1997","8.168,13","8.219,47","8.280,89","8.135,42","","2,34%"
"04.08.1997","7.981,12","7.950,23","7.981,12","7.911,88","","1,35%"
"01.08.1997","7.874,83","7.892,27","7.899,29","7.860,70","","-0,07%"
"31.07.1997","7.880,16","7.881,82","7.926,58","7.858,83","","0,86%"
"30.07.1997","7.813,06","7.790,21","7.831,80","7.786,79","","1,29%"
"29.07.1997","7.713,72","7.687,46","7.742,25","7.682,13","","1,08%"
"28.07.1997","7.631,42","7.592,76","7.652,67","7.587,11","","0,34%"
"25.07.1997","7.605,60","7.596,14","7.613,19","7.562,90","","0,73%"
"24.07.1997","7.550,84","7.492,51","7.560,50","7.484,14","","0,63%"
"23.07.1997","7.503,73","7.528,40","7.549,43","7.503,73","","0,87%"
"22.07.1997","7.439,09","7.454,09","7.470,58","7.422,81","","0,51%"
"21.07.1997","7.401,46","7.378,37","7.439,08","7.365,68","","0,07%"
"18.07.1997","7.396,25","7.405,84","7.436,91","7.358,20","","-0,65%"
"17.07.1997","7.444,27","7.455,65","7.491,07","7.437,78","","0,97%"
"16.07.1997","7.373,08","7.355,20","7.426,64","7.348,73","","-0,53%"
"15.07.1997","7.412,71","7.379,24","7.412,71","7.375,67","","1,96%"
"14.07.1997","7.269,94","7.259,32","7.279,69","7.247,81","","1,50%"
"11.07.1997","7.162,40","7.163,56","7.205,20","7.136,87","","-0,79%"
"10.07.1997","7.219,20","7.296,02","7.303,26","7.188,04","","-1,06%"
"09.07.1997","7.296,64","7.301,61","7.329,61","7.266,87","","0,77%"
"08.07.1997","7.241,09","7.213,26","7.244,78","7.213,26","","0,60%"
"07.07.1997","7.197,82","7.115,54","7.210,22","7.114,17","","0,68%"
"04.07.1997","7.149,03","7.168,36","7.206,47","7.127,03","","2,21%"
"03.07.1997","6.994,30","6.882,80","6.994,44","6.882,80","","1,80%"
"02.07.1997","6.870,57","6.843,84","6.884,12","6.830,32","","1,73%"
"01.07.1997","6.753,95","6.735,30","6.768,90","6.719,76","","-0,60%"
"30.06.1997","6.795,00","6.810,56","6.814,22","6.772,13","","0,15%"
"27.06.1997","6.784,66","6.740,35","6.788,34","6.736,19","","0,79%"
"26.06.1997","6.731,57","6.784,06","6.787,80","6.640,28","","-0,71%"
"25.06.1997","6.779,59","6.713,62","6.793,20","6.713,62","","2,76%"
"24.06.1997","6.597,28","6.518,48","6.597,28","6.507,04","","1,67%"
"23.06.1997","6.488,63","6.447,14","6.490,68","6.444,65","","0,44%"
"20.06.1997","6.460,13","6.503,70","6.503,70","6.432,29","","0,15%"
"19.06.1997","6.450,68","6.516,97","6.524,40","6.431,56","","-0,46%"
"18.06.1997","6.480,41","6.403,62","6.484,45","6.396,93","","2,65%"
"17.06.1997","6.313,18","6.326,66","6.342,89","6.294,11","","-0,22%"
"16.06.1997","6.327,12","6.328,76","6.359,10","6.321,14","","0,58%"
"13.06.1997","6.290,35","6.356,08","6.367,95","6.273,38","","-0,23%"
"12.06.1997","6.305,05","6.292,46","6.309,65","6.288,91","","0,77%"
"11.06.1997","6.256,68","6.257,94","6.271,58","6.250,28","","-0,58%"
"10.06.1997","6.292,91","6.318,27","6.325,06","6.256,88","","-1,10%"
"09.06.1997","6.362,93","6.362,61","6.376,25","6.337,87","","0,70%"
"06.06.1997","6.319,01","6.276,85","6.322,90","6.274,42","","0,97%"
"05.06.1997","6.258,25","6.232,28","6.259,63","6.224,87","","0,02%"
"04.06.1997","6.257,05","6.286,54","6.323,19","6.234,40","","0,07%"
"03.06.1997","6.252,91","6.262,38","6.278,45","6.222,91","","1,85%"
"02.06.1997","6.139,09","6.041,72","6.145,82","6.039,50","","2,01%"
"30.05.1997","6.018,11","5.937,21","6.018,11","5.933,24","","1,50%"
"29.05.1997","5.929,15","5.962,46","5.978,89","5.894,49","","-0,83%"
"28.05.1997","5.978,86","5.956,10","5.986,22","5.954,49","","0,09%"
"27.05.1997","5.973,37","6.009,50","6.012,20","5.965,11","","-0,30%"
"26.05.1997","5.991,32","5.909,50","5.992,15","5.905,84","","2,00%"
"23.05.1997","5.873,59","5.796,16","5.882,12","5.795,74","","1,35%"
"22.05.1997","5.795,24","5.829,75","5.831,40","5.773,99","","-0,91%"
"21.05.1997","5.848,20","5.867,72","5.874,62","5.828,61","","-0,67%"
"20.05.1997","5.887,75","5.877,66","5.910,79","5.874,17","","0,12%"
"16.05.1997","5.880,92","5.877,76","5.909,35","5.865,32","","-0,01%"
"15.05.1997","5.881,55","5.874,99","5.886,54","5.860,59","","0,16%"
"14.05.1997","5.872,39","5.833,36","5.892,13","5.819,77","","0,77%"
"13.05.1997","5.827,24","5.916,12","5.930,59","5.827,24","","-1,73%"
"12.05.1997","5.929,87","5.958,91","5.969,28","5.918,73","","-0,25%"
"09.05.1997","5.944,46","5.988,34","5.991,81","5.944,46","","-0,44%"
"08.05.1997","5.970,90","5.940,24","5.970,90","5.917,38","","0,09%"
"07.05.1997","5.965,43","5.926,28","5.984,63","5.920,28","","1,72%"
"06.05.1997","5.864,43","5.879,29","5.882,16","5.845,83","","-0,64%"
"05.05.1997","5.902,49","5.941,84","5.948,80","5.902,49","","-1,38%"
"30.04.1997","5.985,17","6.034,42","6.034,42","5.969,50","","0,54%"
"29.04.1997","5.952,92","5.919,64","5.956,60","5.899,81","","1,77%"
"28.04.1997","5.849,41","5.845,59","5.880,89","5.820,31","","0,78%"
"25.04.1997","5.804,05","5.788,22","5.818,20","5.780,28","","0,26%"
"24.04.1997","5.789,04","5.811,97","5.813,02","5.778,85","","-0,88%"
"23.04.1997","5.840,65","5.859,36","5.867,34","5.832,63","","0,64%"
"22.04.1997","5.803,26","5.870,14","5.873,23","5.793,94","","-1,67%"
"21.04.1997","5.902,04","5.729,25","5.903,31","5.711,90","","3,48%"
"18.04.1997","5.703,78","5.643,23","5.720,38","5.642,70","","0,73%"
"17.04.1997","5.662,39","5.618,99","5.672,02","5.614,88","","1,70%"
"16.04.1997","5.567,90","5.539,26","5.603,30","5.537,05","","1,11%"
"15.04.1997","5.506,52","5.469,80","5.518,71","5.469,28","","1,17%"
"14.04.1997","5.442,59","5.464,72","5.475,48","5.429,23","","-1,05%"
"11.04.1997","5.500,25","5.461,91","5.514,78","5.448,55","","0,65%"
"10.04.1997","5.464,77","5.468,05","5.495,56","5.460,00","","-0,31%"
"09.04.1997","5.481,65","5.458,78","5.481,65","5.449,16","","1,06%"
"08.04.1997","5.424,05","5.443,21","5.444,98","5.424,05","","0,47%"
"07.04.1997","5.398,69","5.323,94","5.402,66","5.322,87","","1,57%"
"04.04.1997","5.315,46","5.283,13","5.320,21","5.282,05","","0,27%"
"03.04.1997","5.301,15","5.289,58","5.301,15","5.281,89","","-0,98%"
"02.04.1997","5.353,49","5.320,09","5.412,77","5.320,09","","0,64%"
"01.04.1997","5.319,20","5.254,79","5.333,10","5.222,73","","-1,75%"
"28.03.1997","5.413,70","5.413,70","5.413,70","5.413,70","","-0,46%"
"27.03.1997","5.438,97","5.438,97","5.438,97","5.438,97","","2,98%"
"26.03.1997","5.281,76","5.281,76","5.281,76","5.281,76","","2,89%"
"25.03.1997","5.133,65","5.133,65","5.133,65","5.133,65","","0,79%"
"24.03.1997","5.093,27","5.093,27","5.093,27","5.093,27","","0,17%"
"21.03.1997","5.084,80","5.084,80","5.084,80","5.084,80","","0,31%"
"20.03.1997","5.069,30","5.069,30","5.069,30","5.069,30","","-1,33%"
"19.03.1997","5.137,54","5.137,54","5.137,54","5.137,54","","-0,78%"
"18.03.1997","5.178,13","5.178,13","5.178,13","5.178,13","","1,90%"
"17.03.1997","5.081,57","5.081,57","5.081,57","5.081,57","","1,79%"
"14.03.1997","4.992,45","4.992,45","4.992,45","4.992,45","","-2,46%"
"13.03.1997","5.118,60","5.118,60","5.118,60","5.118,60","","-1,34%"
"12.03.1997","5.187,89","5.187,89","5.187,89","5.187,89","","0,93%"
"11.03.1997","5.140,26","5.140,26","5.140,26","5.140,26","","-3,20%"
"10.03.1997","5.310,15","5.310,15","5.310,15","5.310,15","","-1,32%"
"07.03.1997","5.381,15","5.381,15","5.381,15","5.381,15","","-1,43%"
"06.03.1997","5.459,38","5.459,38","5.459,38","5.459,38","","0,14%"
"05.03.1997","5.451,88","5.451,88","5.451,88","5.451,88","","-1,42%"
"04.03.1997","5.530,56","5.530,56","5.530,56","5.530,56","","0,33%"
"03.03.1997","5.512,11","5.512,11","5.512,11","5.512,11","","0,90%"
"28.02.1997","5.462,88","5.462,88","5.462,88","5.462,88","","-2,50%"
"27.02.1997","5.603,09","5.603,09","5.603,09","5.603,09","","-0,25%"
"26.02.1997","5.617,02","5.617,02","5.617,02","5.617,02","","0,38%"
"25.02.1997","5.595,62","5.595,62","5.595,62","5.595,62","","0,64%"
"24.02.1997","5.560,26","5.560,26","5.560,26","5.560,26","","0,91%"
"21.02.1997","5.510,36","5.510,36","5.510,36","5.510,36","","-1,23%"
"20.02.1997","5.578,73","5.578,73","5.578,73","5.578,73","","-1,30%"
"19.02.1997","5.652,26","5.652,26","5.652,26","5.652,26","","0,68%"
"18.02.1997","5.613,89","5.613,89","5.613,89","5.613,89","","0,49%"
"17.02.1997","5.586,69","5.586,69","5.586,69","5.586,69","","1,20%"
"14.02.1997","5.520,40","5.520,40","5.520,40","5.520,40","","-2,05%"
"13.02.1997","5.635,99","5.635,99","5.635,99","5.635,99","","1,03%"
"12.02.1997","5.578,58","5.578,58","5.578,58","5.578,58","","1,66%"
"11.02.1997","5.487,45","5.487,45","5.487,45","5.487,45","","-1,96%"
"10.02.1997","5.596,96","5.596,96","5.596,96","5.596,96","","-1,07%"
"07.02.1997","5.657,33","5.657,33","5.657,33","5.657,33","","-1,75%"
"06.02.1997","5.757,82","5.757,82","5.757,82","5.757,82","","-0,99%"
"05.02.1997","5.815,38","5.815,38","5.815,38","5.815,38","","2,26%"
"04.02.1997","5.686,69","5.686,69","5.686,69","5.686,69","","2,04%"
"03.02.1997","5.572,80","5.572,80","5.572,80","5.572,80","","1,90%"
"31.01.1997","5.468,83","5.468,83","5.468,83","5.468,83","","2,54%"
"30.01.1997","5.333,18","5.333,18","5.333,18","5.333,18","","-0,66%"
"29.01.1997","5.368,64","5.368,64","5.368,64","5.368,64","","-2,38%"
"28.01.1997","5.499,74","5.499,74","5.499,74","5.499,74","","0,06%"
"27.01.1997","5.496,56","5.496,56","5.496,56","5.496,56","","1,07%"
"24.01.1997","5.438,35","5.438,35","5.438,35","5.438,35","","1,27%"
"23.01.1997","5.370,15","5.370,15","5.370,15","5.370,15","","-0,53%"
"22.01.1997","5.398,52","5.398,52","5.398,52","5.398,52","","2,31%"
"21.01.1997","5.276,51","5.276,51","5.276,51","5.276,51","","2,75%"
"20.01.1997","5.135,31","5.135,31","5.135,31","5.135,31","","2,04%"
"17.01.1997","5.032,86","5.032,86","5.032,86","5.032,86","","-1,82%"
"16.01.1997","5.126,39","5.126,39","5.126,39","5.126,39","","4,08%"
"15.01.1997","4.925,25","4.925,25","4.925,25","4.925,25","","3,71%"
"14.01.1997","4.749,26","4.749,26","4.749,26","4.749,26","","0,14%"
"13.01.1997","4.742,70","4.742,70","4.742,70","4.742,70","","0,60%"
"10.01.1997","4.714,50","4.714,50","4.714,50","4.714,50","","-0,21%"
"09.01.1997","4.724,59","4.724,59","4.724,59","4.724,59","","3,55%"
"08.01.1997","4.562,83","4.562,83","4.562,83","4.562,83","","2,23%"
"07.01.1997","4.463,47","4.463,47","4.463,47","4.463,47","","4,01%"
"06.01.1997","4.291,29","4.291,29","4.291,29","4.291,29","","3,80%"
"31.12.1996","4.134,31","4.134,31","4.134,31","4.134,31","","0,23%"
"30.12.1996","4.124,81","4.124,81","4.124,81","4.124,81","","0,54%"
"23.12.1996","4.102,47","4.102,47","4.102,47","4.102,47","","0,15%"
"20.12.1996","4.096,52","4.096,52","4.096,52","4.096,52","","3,39%"
"19.12.1996","3.962,16","3.962,16","3.962,16","3.962,16","","1,60%"
"18.12.1996","3.899,75","3.899,75","3.899,75","3.899,75","","0,95%"
"17.12.1996","3.863,11","3.863,11","3.863,11","3.863,11","","0,71%"
"16.12.1996","3.835,95","3.835,95","3.835,95","3.835,95","","0,46%"
"13.12.1996","3.818,21","3.818,21","3.818,21","3.818,21","","0,12%"
"12.12.1996","3.813,76","3.813,76","3.813,76","3.813,76","","0,41%"
"11.12.1996","3.798,03","3.798,03","3.798,03","3.798,03","","0,34%"
"10.12.1996","3.784,98","3.784,98","3.784,98","3.784,98","","0,82%"
"09.12.1996","3.754,25","3.754,25","3.754,25","3.754,25","","1,07%"
"06.12.1996","3.714,59","3.714,59","3.714,59","3.714,59","","-2,34%"
"05.12.1996","3.803,45","3.803,45","3.803,45","3.803,45","","0,38%"
"04.12.1996","3.789,22","3.789,22","3.789,22","3.789,22","","0,75%"
"03.12.1996","3.760,99","3.760,99","3.760,99","3.760,99","","1,25%"
"02.12.1996","3.714,68","3.714,68","3.714,68","3.714,68","","0,37%"
"29.11.1996","3.700,99","3.700,99","3.700,99","3.700,99","","0,72%"
"28.11.1996","3.674,61","3.674,61","3.674,61","3.674,61","","-0,06%"
"27.11.1996","3.676,93","3.676,93","3.676,93","3.676,93","","0,30%"
"26.11.1996","3.665,96","3.665,96","3.665,96","3.665,96","","0,66%"
"25.11.1996","3.641,89","3.641,89","3.641,89","3.641,89","","0,49%"
"22.11.1996","3.624,10","3.624,10","3.624,10","3.624,10","","1,69%"
"21.11.1996","3.563,95","3.563,95","3.563,95","3.563,95","","-0,03%"
"20.11.1996","3.565,00","3.565,00","3.565,00","3.565,00","","2,14%"
"19.11.1996","3.490,44","3.490,44","3.490,44","3.490,44","","-0,43%"
"18.11.1996","3.505,66","3.505,66","3.505,66","3.505,66","","-1,58%"
"15.11.1996","3.562,09","3.562,09","3.562,09","3.562,09","","-0,53%"
"14.11.1996","3.581,00","3.581,00","3.581,00","3.581,00","","0,23%"
"13.11.1996","3.572,75","3.572,75","3.572,75","3.572,75","","1,41%"
"12.11.1996","3.523,21","3.523,21","3.523,21","3.523,21","","-1,08%"
"11.11.1996","3.561,68","3.561,68","3.561,68","3.561,68","","-1,24%"
"08.11.1996","3.606,28","3.606,28","3.606,28","3.606,28","","-0,73%"
"07.11.1996","3.632,74","3.632,74","3.632,74","3.632,74","","0,41%"
"06.11.1996","3.617,91","3.617,91","3.617,91","3.617,91","","0,39%"
"05.11.1996","3.603,75","3.603,75","3.603,75","3.603,75","","-0,09%"
"04.11.1996","3.606,82","3.606,82","3.606,82","3.606,82","","-0,20%"
"01.11.1996","3.614,20","3.614,20","3.614,20","3.614,20","","0,34%"
"31.10.1996","3.601,99","3.601,99","3.601,99","3.601,99","","0,26%"
"30.10.1996","3.592,55","3.592,55","3.592,55","3.592,55","","2,14%"
"29.10.1996","3.517,39","3.517,39","3.517,39","3.517,39","","-0,23%"
"28.10.1996","3.525,39","3.525,39","3.525,39","3.525,39","","-0,58%"
"25.10.1996","3.546,02","3.546,02","3.546,02","3.546,02","","-1,64%"
"24.10.1996","3.604,99","3.604,99","3.604,99","3.604,99","","-0,30%"
"22.10.1996","3.615,75","3.615,75","3.615,75","3.615,75","","-0,85%"
"21.10.1996","3.646,60","3.646,60","3.646,60","3.646,60","","-1,64%"
"18.10.1996","3.707,45","3.707,45","3.707,45","3.707,45","","-0,57%"
"17.10.1996","3.728,58","3.728,58","3.728,58","3.728,58","","0,33%"
"16.10.1996","3.716,42","3.716,42","3.716,42","3.716,42","","0,66%"
"15.10.1996","3.692,06","3.692,06","3.692,06","3.692,06","","0,27%"
"14.10.1996","3.682,18","3.682,18","3.682,18","3.682,18","","1,17%"
"11.10.1996","3.639,68","3.639,68","3.639,68","3.639,68","","0,64%"
"10.10.1996","3.616,49","3.616,49","3.616,49","3.616,49","","0,86%"
"09.10.1996","3.585,77","3.585,77","3.585,77","3.585,77","","-1,28%"
"08.10.1996","3.632,24","3.632,24","3.632,24","3.632,24","","-0,07%"
"07.10.1996","3.634,80","3.634,80","3.634,80","3.634,80","","0,74%"
"04.10.1996","3.608,01","3.608,01","3.608,01","3.608,01","","1,60%"
"03.10.1996","3.551,12","3.551,12","3.551,12","3.551,12","","-0,84%"
"02.10.1996","3.581,26","3.581,26","3.581,26","3.581,26","","0,06%"
"01.10.1996","3.579,10","3.579,10","3.579,10","3.579,10","","0,20%"
"30.09.1996","3.571,80","3.571,80","3.571,80","3.571,80","","0,69%"
"27.09.1996","3.547,37","3.547,37","3.547,37","3.547,37","","2,19%"
"26.09.1996","3.471,25","3.471,25","3.471,25","3.471,25","","0,92%"
"25.09.1996","3.439,69","3.439,69","3.439,69","3.439,69","","0,47%"
"24.09.1996","3.423,72","3.423,72","3.423,72","3.423,72","","-2,54%"
"23.09.1996","3.512,86","3.512,86","3.512,86","3.512,86","","-1,05%"
"20.09.1996","3.550,20","3.550,20","3.550,20","3.550,20","","0,30%"
"19.09.1996","3.539,46","3.539,46","3.539,46","3.539,46","","0,29%"
"18.09.1996","3.529,14","3.529,14","3.529,14","3.529,14","","-0,08%"
"17.09.1996","3.531,97","3.531,97","3.531,97","3.531,97","","0,01%"
"16.09.1996","3.531,71","3.531,71","3.531,71","3.531,71","","-0,04%"
"13.09.1996","3.533,09","3.533,09","3.533,09","3.533,09","","-0,70%"
"12.09.1996","3.557,94","3.557,94","3.557,94","3.557,94","","0,75%"
"11.09.1996","3.531,54","3.531,54","3.531,54","3.531,54","","-1,12%"
"10.09.1996","3.571,60","3.571,60","3.571,60","3.571,60","","0,55%"
"09.09.1996","3.552,20","3.552,20","3.552,20","3.552,20","","0,23%"
"06.09.1996","3.544,15","3.544,15","3.544,15","3.544,15","","0,76%"
"05.09.1996","3.517,51","3.517,51","3.517,51","3.517,51","","0,69%"
"04.09.1996","3.493,49","3.493,49","3.493,49","3.493,49","","-0,58%"
"03.09.1996","3.513,78","3.513,78","3.513,78","3.513,78","","-1,70%"
"02.09.1996","3.574,65","3.574,65","3.574,65","3.574,65","","2,90%"
"30.08.1996","3.473,94","3.473,94","3.473,94","3.473,94","","2,91%"
"29.08.1996","3.375,61","3.375,61","3.375,61","3.375,61","","1,09%"
"28.08.1996","3.339,32","3.339,32","3.339,32","3.339,32","","-0,60%"
"27.08.1996","3.359,54","3.359,54","3.359,54","3.359,54","","0,00%"
"26.08.1996","3.359,48","3.359,48","3.359,48","3.359,48","","0,07%"
"23.08.1996","3.357,09","3.357,09","3.357,09","3.357,09","","-0,39%"
"22.08.1996","3.370,23","3.370,23","3.370,23","3.370,23","","2,54%"
"21.08.1996","3.286,88","3.286,88","3.286,88","3.286,88","","3,64%"
"16.08.1996","3.171,44","3.171,44","3.171,44","3.171,44","","0,80%"
"15.08.1996","3.146,15","3.146,15","3.146,15","3.146,15","","1,21%"
"14.08.1996","3.108,55","3.108,55","3.108,55","3.108,55","","0,64%"
"13.08.1996","3.088,88","3.088,88","3.088,88","3.088,88","","0,64%"
"12.08.1996","3.069,36","3.069,36","3.069,36","3.069,36","","0,30%"
"09.08.1996","3.060,33","3.060,33","3.060,33","3.060,33","","0,29%"
"08.08.1996","3.051,42","3.051,42","3.051,42","3.051,42","","-0,25%"
"07.08.1996","3.059,14","3.059,14","3.059,14","3.059,14","","-1,86%"
"06.08.1996","3.117,14","3.117,14","3.117,14","3.117,14","","-0,30%"
"05.08.1996","3.126,61","3.126,61","3.126,61","3.126,61","","3,22%"
"02.08.1996","3.029,11","3.029,11","3.029,11","3.029,11","","4,49%"
"01.08.1996","2.899,04","2.899,04","2.899,04","2.899,04","","1,17%"
"31.07.1996","2.865,47","2.865,47","2.865,47","2.865,47","","-0,38%"
"30.07.1996","2.876,48","2.876,48","2.876,48","2.876,48","","-1,97%"
"29.07.1996","2.934,14","2.934,14","2.934,14","2.934,14","","-1,52%"
"26.07.1996","2.979,29","2.979,29","2.979,29","2.979,29","","-0,77%"
"25.07.1996","3.002,45","3.002,45","3.002,45","3.002,45","","-0,68%"
"24.07.1996","3.023,05","3.023,05","3.023,05","3.023,05","","-1,39%"
"23.07.1996","3.065,75","3.065,75","3.065,75","3.065,75","","-0,45%"
"22.07.1996","3.079,50","3.079,50","3.079,50","3.079,50","","-0,18%"
"19.07.1996","3.085,16","3.085,16","3.085,16","3.085,16","","1,88%"
"18.07.1996","3.028,26","3.028,26","3.028,26","3.028,26","","0,43%"
"17.07.1996","3.015,28","3.015,28","3.015,28","3.015,28","","-2,03%"
"16.07.1996","3.077,79","3.077,79","3.077,79","3.077,79","","-3,33%"
"15.07.1996","3.183,74","3.183,74","3.183,74","3.183,74","","-0,27%"
"12.07.1996","3.192,49","3.192,49","3.192,49","3.192,49","","-1,24%"
"11.07.1996","3.232,73","3.232,73","3.232,73","3.232,73","","-2,13%"
"10.07.1996","3.303,03","3.303,03","3.303,03","3.303,03","","-0,70%"
"09.07.1996","3.326,42","3.326,42","3.326,42","3.326,42","","-1,60%"
"08.07.1996","3.380,53","3.380,53","3.380,53","3.380,53","","1,23%"
"05.07.1996","3.339,43","3.339,43","3.339,43","3.339,43","","1,61%"
"04.07.1996","3.286,58","3.286,58","3.286,58","3.286,58","","1,18%"
"03.07.1996","3.248,14","3.248,14","3.248,14","3.248,14","","-0,76%"
"02.07.1996","3.272,98","3.272,98","3.272,98","3.272,98","","-0,06%"
"01.07.1996","3.275,05","3.275,05","3.275,05","3.275,05","","-0,40%"
"28.06.1996","3.288,30","3.288,30","3.288,30","3.288,30","","1,70%"
"27.06.1996","3.233,44","3.233,44","3.233,44","3.233,44","","1,49%"
"26.06.1996","3.186,04","3.186,04","3.186,04","3.186,04","","1,32%"
"25.06.1996","3.144,62","3.144,62","3.144,62","3.144,62","","0,31%"
"24.06.1996","3.134,86","3.134,86","3.134,86","3.134,86","","0,01%"
"21.06.1996","3.134,54","3.134,54","3.134,54","3.134,54","","-0,26%"
"20.06.1996","3.142,84","3.142,84","3.142,84","3.142,84","","0,43%"
"19.06.1996","3.129,39","3.129,39","3.129,39","3.129,39","","0,22%"
"18.06.1996","3.122,47","3.122,47","3.122,47","3.122,47","","-1,08%"
"17.06.1996","3.156,60","3.156,60","3.156,60","3.156,60","","0,78%"
"14.06.1996","3.132,30","3.132,30","3.132,30","3.132,30","","-0,14%"
"13.06.1996","3.136,78","3.136,78","3.136,78","3.136,78","","1,15%"
"12.06.1996","3.101,20","3.101,20","3.101,20","3.101,20","","1,53%"
"11.06.1996","3.054,61","3.054,61","3.054,61","3.054,61","","2,03%"
"10.06.1996","2.993,84","2.993,84","2.993,84","2.993,84","","1,13%"
"07.06.1996","2.960,34","2.960,34","2.960,34","2.960,34","","0,25%"
"06.06.1996","2.952,84","2.952,84","2.952,84","2.952,84","","0,14%"
"05.06.1996","2.948,66","2.948,66","2.948,66","2.948,66","","-0,03%"
"04.06.1996","2.949,45","2.949,45","2.949,45","2.949,45","","0,77%"
"03.06.1996","2.926,83","2.926,83","2.926,83","2.926,83","","0,02%"
"31.05.1996","2.926,26","2.926,26","2.926,26","2.926,26","","0,33%"
"30.05.1996","2.916,77","2.916,77","2.916,77","2.916,77","","0,52%"
"29.05.1996","2.901,57","2.901,57","2.901,57","2.901,57","","-0,71%"
"28.05.1996","2.922,34","2.922,34","2.922,34","2.922,34","","0,71%"
"24.05.1996","2.901,77","2.901,77","2.901,77","2.901,77","","0,02%"
"23.05.1996","2.901,31","2.901,31","2.901,31","2.901,31","","-1,06%"
"22.05.1996","2.932,26","2.932,26","2.932,26","2.932,26","","-0,36%"
"21.05.1996","2.943,00","2.943,00","2.943,00","2.943,00","","0,10%"
"20.05.1996","2.939,93","2.939,93","2.939,93","2.939,93","","0,73%"
"17.05.1996","2.918,66","2.918,66","2.918,66","2.918,66","","-0,78%"
"16.05.1996","2.941,67","2.941,67","2.941,67","2.941,67","","-0,31%"
"15.05.1996","2.950,89","2.950,89","2.950,89","2.950,89","","-1,54%"
"14.05.1996","2.997,08","2.997,08","2.997,08","2.997,08","","2,80%"
"13.05.1996","2.915,43","2.915,43","2.915,43","2.915,43","","0,44%"
"10.05.1996","2.902,66","2.902,66","2.902,66","2.902,66","","-0,92%"
"09.05.1996","2.929,67","2.929,67","2.929,67","2.929,67","","2,53%"
"08.05.1996","2.857,37","2.857,37","2.857,37","2.857,37","","2,42%"
"07.05.1996","2.789,95","2.789,95","2.789,95","2.789,95","","1,19%"
"06.05.1996","2.757,08","2.757,08","2.757,08","2.757,08","","1,18%"
"03.05.1996","2.724,86","2.724,86","2.724,86","2.724,86","","3,30%"
"02.05.1996","2.637,94","2.637,94","2.637,94","2.637,94","","0,11%"
"30.04.1996","2.635,03","2.635,03","2.635,03","2.635,03","","-0,39%"
"29.04.1996","2.645,38","2.645,38","2.645,38","2.645,38","","0,43%"
"26.04.1996","2.634,01","2.634,01","2.634,01","2.634,01","","1,24%"
"25.04.1996","2.601,64","2.601,64","2.601,64","2.601,64","","-0,14%"
"24.04.1996","2.605,41","2.605,41","2.605,41","2.605,41","","-1,12%"
"23.04.1996","2.635,01","2.635,01","2.635,01","2.635,01","","0,61%"
"22.04.1996","2.619,00","2.619,00","2.619,00","2.619,00","","1,30%"
"19.04.1996","2.585,32","2.585,32","2.585,32","2.585,32","","1,46%"
"18.04.1996","2.548,11","2.548,11","2.548,11","2.548,11","","-0,01%"
"17.04.1996","2.548,49","2.548,49","2.548,49","2.548,49","","0,75%"
"16.04.1996","2.529,42","2.529,42","2.529,42","2.529,42","","1,49%"
"15.04.1996","2.492,21","2.492,21","2.492,21","2.492,21","","1,53%"
"12.04.1996","2.454,72","2.454,72","2.454,72","2.454,72","","0,44%"
"11.04.1996","2.444,01","2.444,01","2.444,01","2.444,01","","-0,31%"
"10.04.1996","2.451,54","2.451,54","2.451,54","2.451,54","","0,27%"
"09.04.1996","2.444,89","2.444,89","2.444,89","2.444,89","","-0,34%"
"05.04.1996","2.453,28","2.453,28","2.453,28","2.453,28","","-0,34%"
"04.04.1996","2.461,54","2.461,54","2.461,54","2.461,54","","0,18%"
"03.04.1996","2.457,11","2.457,11","2.457,11","2.457,11","","-1,00%"
"02.04.1996","2.481,96","2.481,96","2.481,96","2.481,96","","0,61%"
"01.04.1996","2.466,88","2.466,88","2.466,88","2.466,88","","0,81%"
"29.03.1996","2.447,17","2.447,17","2.447,17","2.447,17","","1,43%"
"28.03.1996","2.412,66","2.412,66","2.412,66","2.412,66","","0,48%"
"27.03.1996","2.401,07","2.401,07","2.401,07","2.401,07","","0,08%"
"26.03.1996","2.399,15","2.399,15","2.399,15","2.399,15","","0,32%"
"25.03.1996","2.391,51","2.391,51","2.391,51","2.391,51","","0,65%"
"22.03.1996","2.375,96","2.375,96","2.375,96","2.375,96","","-0,41%"
"21.03.1996","2.385,81","2.385,81","2.385,81","2.385,81","","0,57%"
"20.03.1996","2.372,35","2.372,35","2.372,35","2.372,35","","-1,84%"
"19.03.1996","2.416,72","2.416,72","2.416,72","2.416,72","","0,48%"
"18.03.1996","2.405,26","2.405,26","2.405,26","2.405,26","","2,41%"
"14.03.1996","2.348,55","2.348,55","2.348,55","2.348,55","","2,82%"
"13.03.1996","2.284,08","2.284,08","2.284,08","2.284,08","","-0,04%"
"12.03.1996","2.285,06","2.285,06","2.285,06","2.285,06","","2,76%"
"11.03.1996","2.223,74","2.223,74","2.223,74","2.223,74","","-3,86%"
"08.03.1996","2.312,98","2.312,98","2.312,98","2.312,98","","-1,97%"
"07.03.1996","2.359,39","2.359,39","2.359,39","2.359,39","","-1,28%"
"06.03.1996","2.390,01","2.390,01","2.390,01","2.390,01","","1,82%"
"05.03.1996","2.347,34","2.347,34","2.347,34","2.347,34","","2,86%"
"04.03.1996","2.281,97","2.281,97","2.281,97","2.281,97","","1,01%"
"01.03.1996","2.259,12","2.259,12","2.259,12","2.259,12","","1,33%"
"29.02.1996","2.229,51","2.229,51","2.229,51","2.229,51","","0,09%"
"28.02.1996","2.227,57","2.227,57","2.227,57","2.227,57","","0,22%"
"27.02.1996","2.222,67","2.222,67","2.222,67","2.222,67","","-0,04%"
"26.02.1996","2.223,59","2.223,59","2.223,59","2.223,59","","5,81%"
"23.02.1996","2.101,49","2.101,49","2.101,49","2.101,49","","2,96%"
"22.02.1996","2.041,00","2.041,00","2.041,00","2.041,00","","1,90%"
"21.02.1996","2.002,94","2.002,94","2.002,94","2.002,94","","0,60%"
"20.02.1996","1.990,96","1.990,96","1.990,96","1.990,96","","-0,71%"
"19.02.1996","2.005,20","2.005,20","2.005,20","2.005,20","","-5,00%"
"16.02.1996","2.110,64","2.110,64","2.110,64","2.110,64","","-2,08%"
"15.02.1996","2.155,38","2.155,38","2.155,38","2.155,38","","-1,74%"
"14.02.1996","2.193,59","2.193,59","2.193,59","2.193,59","","-1,61%"
"13.02.1996","2.229,47","2.229,47","2.229,47","2.229,47","","-1,23%"
"12.02.1996","2.257,15","2.257,15","2.257,15","2.257,15","","-0,27%"
"09.02.1996","2.263,29","2.263,29","2.263,29","2.263,29","","4,39%"
"08.02.1996","2.168,09","2.168,09","2.168,09","2.168,09","","2,77%"
"07.02.1996","2.109,67","2.109,67","2.109,67","2.109,67","","-0,32%"
"06.02.1996","2.116,49","2.116,49","2.116,49","2.116,49","","0,45%"
"05.02.1996","2.107,05","2.107,05","2.107,05","2.107,05","","0,81%"
"02.02.1996","2.090,12","2.090,12","2.090,12","2.090,12","","-0,02%"
"01.02.1996","2.090,62","2.090,62","2.090,62","2.090,62","","1,09%"
"31.01.1996","2.068,06","2.068,06","2.068,06","2.068,06","","3,26%"
"30.01.1996","2.002,80","2.002,80","2.002,80","2.002,80","","2,76%"
"29.01.1996","1.949,05","1.949,05","1.949,05","1.949,05","","1,36%"
"26.01.1996","1.922,92","1.922,92","1.922,92","1.922,92","","2,84%"
"25.01.1996","1.869,79","1.869,79","1.869,79","1.869,79","","3,56%"
"24.01.1996","1.805,43","1.805,43","1.805,43","1.805,43","","1,51%"
"23.01.1996","1.778,60","1.778,60","1.778,60","1.778,60","","0,85%"
"22.01.1996","1.763,69","1.763,69","1.763,69","1.763,69","","1,02%"
"19.01.1996","1.745,88","1.745,88","1.745,88","1.745,88","","0,19%"
"18.01.1996","1.742,63","1.742,63","1.742,63","1.742,63","","0,61%"
"17.01.1996","1.732,01","1.732,01","1.732,01","1.732,01","","0,25%"
"16.01.1996","1.727,73","1.727,73","1.727,73","1.727,73","","0,62%"
"15.01.1996","1.717,05","1.717,05","1.717,05","1.717,05","","1,27%"
"12.01.1996","1.695,53","1.695,53","1.695,53","1.695,53","","-1,26%"
"11.01.1996","1.717,08","1.717,08","1.717,08","1.717,08","","-1,76%"
"10.01.1996","1.747,83","1.747,83","1.747,83","1.747,83","","0,12%"
"09.01.1996","1.745,71","1.745,71","1.745,71","1.745,71","","-1,88%"
"08.01.1996","1.779,10","1.779,10","1.779,10","1.779,10","","5,29%"
"05.01.1996","1.689,71","1.689,71","1.689,71","1.689,71","","8,46%"
"04.01.1996","1.557,91","1.557,91","1.557,91","1.557,91","","1,90%"
"29.12.1995","1.528,92","1.528,92","1.528,92","1.528,92","","0,10%"
"28.12.1995","1.527,45","1.527,45","1.527,45","1.527,45","","1,22%"
"27.12.1995","1.509,11","1.509,11","1.509,11","1.509,11","","0,82%"
"22.12.1995","1.496,89","1.496,89","1.496,89","1.496,89","","0,79%"
"21.12.1995","1.485,18","1.485,18","1.485,18","1.485,18","","-0,23%"
"20.12.1995","1.488,67","1.488,67","1.488,67","1.488,67","","0,27%"
"19.12.1995","1.484,60","1.484,60","1.484,60","1.484,60","","-0,02%"
"18.12.1995","1.484,88","1.484,88","1.484,88","1.484,88","","-0,17%"
"15.12.1995","1.487,42","1.487,42","1.487,42","1.487,42","","-0,12%"
"14.12.1995","1.489,14","1.489,14","1.489,14","1.489,14","","0,94%"
"13.12.1995","1.475,25","1.475,25","1.475,25","1.475,25","","-0,18%"
"12.12.1995","1.477,94","1.477,94","1.477,94","1.477,94","","0,06%"
"11.12.1995","1.477,05","1.477,05","1.477,05","1.477,05","","0,22%"
"08.12.1995","1.473,83","1.473,83","1.473,83","1.473,83","","0,18%"
"07.12.1995","1.471,15","1.471,15","1.471,15","1.471,15","","-0,58%"
"06.12.1995","1.479,74","1.479,74","1.479,74","1.479,74","","-0,25%"
"05.12.1995","1.483,42","1.483,42","1.483,42","1.483,42","","0,52%"
"04.12.1995","1.475,79","1.475,79","1.475,79","1.475,79","","-0,81%"
"01.12.1995","1.487,77","1.487,77","1.487,77","1.487,77","","0,14%"
"30.11.1995","1.485,62","1.485,62","1.485,62","1.485,62","","0,58%"
"29.11.1995","1.477,10","1.477,10","1.477,10","1.477,10","","-0,47%"
"28.11.1995","1.484,13","1.484,13","1.484,13","1.484,13","","0,15%"
"27.11.1995","1.481,88","1.481,88","1.481,88","1.481,88","","0,15%"
"24.11.1995","1.479,72","1.479,72","1.479,72","1.479,72","","-0,70%"
"23.11.1995","1.490,15","1.490,15","1.490,15","1.490,15","","-0,44%"
"22.11.1995","1.496,76","1.496,76","1.496,76","1.496,76","","-0,49%"
"21.11.1995","1.504,08","1.504,08","1.504,08","1.504,08","","-0,27%"
"20.11.1995","1.508,20","1.508,20","1.508,20","1.508,20","","0,29%"
"17.11.1995","1.503,86","1.503,86","1.503,86","1.503,86","","-0,04%"
"16.11.1995","1.504,49","1.504,49","1.504,49","1.504,49","","-0,53%"
"15.11.1995","1.512,44","1.512,44","1.512,44","1.512,44","","-0,19%"
"14.11.1995","1.515,29","1.515,29","1.515,29","1.515,29","","0,47%"
"13.11.1995","1.508,20","1.508,20","1.508,20","1.508,20","","-0,08%"
"10.11.1995","1.509,37","1.509,37","1.509,37","1.509,37","","-0,45%"
"09.11.1995","1.516,20","1.516,20","1.516,20","1.516,20","","-0,25%"
"08.11.1995","1.520,02","1.520,02","1.520,02","1.520,02","","-0,80%"
"07.11.1995","1.532,21","1.532,21","1.532,21","1.532,21","","0,31%"
"06.11.1995","1.527,46","1.527,46","1.527,46","1.527,46","","1,11%"
"03.11.1995","1.510,66","1.510,66","1.510,66","1.510,66","","-0,04%"
"02.11.1995","1.511,21","1.511,21","1.511,21","1.511,21","","0,05%"
"01.11.1995","1.510,40","1.510,40","1.510,40","1.510,40","","0,73%"
"31.10.1995","1.499,50","1.499,50","1.499,50","1.499,50","","0,60%"
"30.10.1995","1.490,60","1.490,60","1.490,60","1.490,60","","0,30%"
"27.10.1995","1.486,21","1.486,21","1.486,21","1.486,21","","0,18%"
"26.10.1995","1.483,61","1.483,61","1.483,61","1.483,61","","-1,11%"
"25.10.1995","1.500,23","1.500,23","1.500,23","1.500,23","","-0,70%"
"24.10.1995","1.510,74","1.510,74","1.510,74","1.510,74","","-0,48%"
"20.10.1995","1.518,00","1.518,00","1.518,00","1.518,00","","0,10%"
"19.10.1995","1.516,43","1.516,43","1.516,43","1.516,43","","-0,59%"
"18.10.1995","1.525,36","1.525,36","1.525,36","1.525,36","","0,74%"
"17.10.1995","1.514,22","1.514,22","1.514,22","1.514,22","","1,40%"
"16.10.1995","1.493,30","1.493,30","1.493,30","1.493,30","","-2,38%"
"13.10.1995","1.529,63","1.529,63","1.529,63","1.529,63","","-1,82%"
"12.10.1995","1.558,04","1.558,04","1.558,04","1.558,04","","-0,69%"
"11.10.1995","1.568,92","1.568,92","1.568,92","1.568,92","","-1,12%"
"10.10.1995","1.586,72","1.586,72","1.586,72","1.586,72","","-0,77%"
"09.10.1995","1.599,04","1.599,04","1.599,04","1.599,04","","0,05%"
"06.10.1995","1.598,18","1.598,18","1.598,18","1.598,18","","-0,27%"
"05.10.1995","1.602,46","1.602,46","1.602,46","1.602,46","","-0,58%"
"04.10.1995","1.611,77","1.611,77","1.611,77","1.611,77","","-0,06%"
"03.10.1995","1.612,76","1.612,76","1.612,76","1.612,76","","0,92%"
"02.10.1995","1.597,99","1.597,99","1.597,99","1.597,99","","0,13%"
"29.09.1995","1.595,96","1.595,96","1.595,96","1.595,96","","-0,08%"
"28.09.1995","1.597,19","1.597,19","1.597,19","1.597,19","","-0,85%"
"27.09.1995","1.610,93","1.610,93","1.610,93","1.610,93","","-0,28%"
"26.09.1995","1.615,46","1.615,46","1.615,46","1.615,46","","-0,86%"
"25.09.1995","1.629,40","1.629,40","1.629,40","1.629,40","","1,02%"
"22.09.1995","1.612,98","1.612,98","1.612,98","1.612,98","","-0,52%"
"21.09.1995","1.621,47","1.621,47","1.621,47","1.621,47","","0,00%"
"20.09.1995","1.621,45","1.621,45","1.621,45","1.621,45","","0,16%"
"19.09.1995","1.618,81","1.618,81","1.618,81","1.618,81","","-0,22%"
"18.09.1995","1.622,35","1.622,35","1.622,35","1.622,35","","0,50%"
"15.09.1995","1.614,34","1.614,34","1.614,34","1.614,34","","-0,08%"
"14.09.1995","1.615,59","1.615,59","1.615,59","1.615,59","","0,54%"
"13.09.1995","1.606,93","1.606,93","1.606,93","1.606,93","","0,85%"
"12.09.1995","1.593,46","1.593,46","1.593,46","1.593,46","","0,53%"
"11.09.1995","1.585,03","1.585,03","1.585,03","1.585,03","","0,18%"
"08.09.1995","1.582,12","1.582,12","1.582,12","1.582,12","","0,68%"
"07.09.1995","1.571,40","1.571,40","1.571,40","1.571,40","","-1,04%"
"06.09.1995","1.587,84","1.587,84","1.587,84","1.587,84","","0,21%"
"05.09.1995","1.584,58","1.584,58","1.584,58","1.584,58","","-0,02%"
"04.09.1995","1.584,83","1.584,83","1.584,83","1.584,83","","0,05%"
"01.09.1995","1.584,11","1.584,11","1.584,11","1.584,11","","1,06%"
"31.08.1995","1.567,54","1.567,54","1.567,54","1.567,54","","1,07%"
"30.08.1995","1.550,97","1.550,97","1.550,97","1.550,97","","0,90%"
"29.08.1995","1.537,18","1.537,18","1.537,18","1.537,18","","0,65%"
"28.08.1995","1.527,32","1.527,32","1.527,32","1.527,32","","0,20%"
"25.08.1995","1.524,26","1.524,26","1.524,26","1.524,26","","0,64%"
"24.08.1995","1.514,51","1.514,51","1.514,51","1.514,51","","-0,17%"
"23.08.1995","1.517,06","1.517,06","1.517,06","1.517,06","","0,05%"
"22.08.1995","1.516,23","1.516,23","1.516,23","1.516,23","","0,27%"
"21.08.1995","1.512,11","1.512,11","1.512,11","1.512,11","","0,95%"
"18.08.1995","1.497,86","1.497,86","1.497,86","1.497,86","","0,07%"
"17.08.1995","1.496,77","1.496,77","1.496,77","1.496,77","","-0,75%"
"16.08.1995","1.508,08","1.508,08","1.508,08","1.508,08","","0,14%"
"15.08.1995","1.506,02","1.506,02","1.506,02","1.506,02","","-0,44%"
"14.08.1995","1.512,62","1.512,62","1.512,62","1.512,62","","0,38%"
"11.08.1995","1.506,86","1.506,86","1.506,86","1.506,86","","-0,27%"
"10.08.1995","1.510,93","1.510,93","1.510,93","1.510,93","","0,11%"
"09.08.1995","1.509,32","1.509,32","1.509,32","1.509,32","","-0,03%"
"08.08.1995","1.509,81","1.509,81","1.509,81","1.509,81","","-0,23%"
"07.08.1995","1.513,30","1.513,30","1.513,30","1.513,30","","0,17%"
"04.08.1995","1.510,66","1.510,66","1.510,66","1.510,66","","0,15%"
"03.08.1995","1.508,47","1.508,47","1.508,47","1.508,47","","0,06%"
"02.08.1995","1.507,62","1.507,62","1.507,62","1.507,62","","1,49%"
"01.08.1995","1.485,49","1.485,49","1.485,49","1.485,49","","-0,34%"
"31.07.1995","1.490,62","1.490,62","1.490,62","1.490,62","","0,30%"
"28.07.1995","1.486,19","1.486,19","1.486,19","1.486,19","","0,58%"
"27.07.1995","1.477,58","1.477,58","1.477,58","1.477,58","","0,65%"
"26.07.1995","1.468,05","1.468,05","1.468,05","1.468,05","","0,01%"
"25.07.1995","1.467,94","1.467,94","1.467,94","1.467,94","","1,72%"
"24.07.1995","1.443,10","1.443,10","1.443,10","1.443,10","","-2,41%"
"21.07.1995","1.478,72","1.478,72","1.478,72","1.478,72","","-0,30%"
"20.07.1995","1.483,18","1.483,18","1.483,18","1.483,18","","-0,08%"
"19.07.1995","1.484,31","1.484,31","1.484,31","1.484,31","","0,31%"
"18.07.1995","1.479,75","1.479,75","1.479,75","1.479,75","","0,29%"
"17.07.1995","1.475,42","1.475,42","1.475,42","1.475,42","","-0,20%"
"13.07.1995","1.478,38","1.478,38","1.478,38","1.478,38","","-0,39%"
"12.07.1995","1.484,14","1.484,14","1.484,14","1.484,14","","-0,17%"
"11.07.1995","1.486,65","1.486,65","1.486,65","1.486,65","","0,05%"
"10.07.1995","1.485,94","1.485,94","1.485,94","1.485,94","","0,64%"
"07.07.1995","1.476,47","1.476,47","1.476,47","1.476,47","","0,23%"
"06.07.1995","1.473,03","1.473,03","1.473,03","1.473,03","","0,56%"
"05.07.1995","1.464,87","1.464,87","1.464,87","1.464,87","","0,71%"
"04.07.1995","1.454,61","1.454,61","1.454,61","1.454,61","","0,26%"
"03.07.1995","1.450,91","1.450,91","1.450,91","1.450,91","","-0,65%"
"30.06.1995","1.460,41","1.460,41","1.460,41","1.460,41","","0,97%"
"29.06.1995","1.446,38","1.446,38","1.446,38","1.446,38","","-0,69%"
"28.06.1995","1.456,41","1.456,41","1.456,41","1.456,41","","-0,43%"
"27.06.1995","1.462,77","1.462,77","1.462,77","1.462,77","","-0,60%"
"26.06.1995","1.471,56","1.471,56","1.471,56","1.471,56","","-1,18%"
"23.06.1995","1.489,08","1.489,08","1.489,08","1.489,08","","0,38%"
"22.06.1995","1.483,45","1.483,45","1.483,45","1.483,45","","0,59%"
"21.06.1995","1.474,76","1.474,76","1.474,76","1.474,76","","0,99%"
"20.06.1995","1.460,26","1.460,26","1.460,26","1.460,26","","0,41%"
"19.06.1995","1.454,26","1.454,26","1.454,26","1.454,26","","-0,44%"
"16.06.1995","1.460,71","1.460,71","1.460,71","1.460,71","","0,13%"
"15.06.1995","1.458,81","1.458,81","1.458,81","1.458,81","","0,16%"
"14.06.1995","1.456,51","1.456,51","1.456,51","1.456,51","","0,41%"
"13.06.1995","1.450,53","1.450,53","1.450,53","1.450,53","","0,47%"
"12.06.1995","1.443,79","1.443,79","1.443,79","1.443,79","","-0,55%"
"09.06.1995","1.451,79","1.451,79","1.451,79","1.451,79","","-0,30%"
"08.06.1995","1.456,12","1.456,12","1.456,12","1.456,12","","0,98%"
"07.06.1995","1.441,93","1.441,93","1.441,93","1.441,93","","0,28%"
"06.06.1995","1.437,90","1.437,90","1.437,90","1.437,90","","0,41%"
"02.06.1995","1.432,02","1.432,02","1.432,02","1.432,02","","0,22%"
"01.06.1995","1.428,91","1.428,91","1.428,91","1.428,91","","-0,99%"
"31.05.1995","1.443,16","1.443,16","1.443,16","1.443,16","","-0,42%"
"30.05.1995","1.449,28","1.449,28","1.449,28","1.449,28","","-0,80%"
"29.05.1995","1.460,94","1.460,94","1.460,94","1.460,94","","-0,88%"
"26.05.1995","1.473,98","1.473,98","1.473,98","1.473,98","","-0,03%"
"25.05.1995","1.474,46","1.474,46","1.474,46","1.474,46","","0,02%"
"24.05.1995","1.474,11","1.474,11","1.474,11","1.474,11","","-0,18%"
"23.05.1995","1.476,74","1.476,74","1.476,74","1.476,74","","0,14%"
"22.05.1995","1.474,71","1.474,71","1.474,71","1.474,71","","0,10%"
"19.05.1995","1.473,23","1.473,23","1.473,23","1.473,23","","0,56%"
"18.05.1995","1.465,06","1.465,06","1.465,06","1.465,06","","-0,19%"
"17.05.1995","1.467,81","1.467,81","1.467,81","1.467,81","","-1,52%"
"16.05.1995","1.490,53","1.490,53","1.490,53","1.490,53","","1,50%"
"15.05.1995","1.468,46","1.468,46","1.468,46","1.468,46","","2,22%"
"12.05.1995","1.436,61","1.436,61","1.436,61","1.436,61","","1,18%"
"11.05.1995","1.419,84","1.419,84","1.419,84","1.419,84","","0,16%"
"10.05.1995","1.417,57","1.417,57","1.417,57","1.417,57","","0,80%"
"09.05.1995","1.406,32","1.406,32","1.406,32","1.406,32","","-1,24%"
"08.05.1995","1.423,94","1.423,94","1.423,94","1.423,94","","0,19%"
"05.05.1995","1.421,30","1.421,30","1.421,30","1.421,30","","1,20%"
"04.05.1995","1.404,40","1.404,40","1.404,40","1.404,40","","0,35%"
"03.05.1995","1.399,53","1.399,53","1.399,53","1.399,53","","0,08%"
"02.05.1995","1.398,43","1.398,43","1.398,43","1.398,43","","2,17%"
"28.04.1995","1.368,74","1.368,74","1.368,74","1.368,74","","-0,18%"
"27.04.1995","1.371,21","1.371,21","1.371,21","1.371,21","","0,42%"
"26.04.1995","1.365,54","1.365,54","1.365,54","1.365,54","","1,46%"
"25.04.1995","1.345,91","1.345,91","1.345,91","1.345,91","","3,14%"
"24.04.1995","1.304,91","1.304,91","1.304,91","1.304,91","","1,56%"
"21.04.1995","1.284,89","1.284,89","1.284,89","1.284,89","","1,18%"
"20.04.1995","1.269,86","1.269,86","1.269,86","1.269,86","","0,98%"
"19.04.1995","1.257,48","1.257,48","1.257,48","1.257,48","","0,34%"
"18.04.1995","1.253,27","1.253,27","1.253,27","1.253,27","","0,81%"
"14.04.1995","1.243,18","1.243,18","1.243,18","1.243,18","","-1,38%"
"13.04.1995","1.260,61","1.260,61","1.260,61","1.260,61","","0,02%"
"12.04.1995","1.260,31","1.260,31","1.260,31","1.260,31","","-0,05%"
"11.04.1995","1.261,00","1.261,00","1.261,00","1.261,00","","0,17%"
"10.04.1995","1.258,86","1.258,86","1.258,86","1.258,86","","0,31%"
"07.04.1995","1.254,97","1.254,97","1.254,97","1.254,97","","0,95%"
"06.04.1995","1.243,16","1.243,16","1.243,16","1.243,16","","-0,16%"
"05.04.1995","1.245,16","1.245,16","1.245,16","1.245,16","","0,99%"
"04.04.1995","1.233,01","1.233,01","1.233,01","1.233,01","","0,23%"
"03.04.1995","1.230,17","1.230,17","1.230,17","1.230,17","","0,35%"
"31.03.1995","1.225,93","1.225,93","1.225,93","1.225,93","","-0,06%"
"30.03.1995","1.226,66","1.226,66","1.226,66","1.226,66","","-0,17%"
"29.03.1995","1.228,70","1.228,70","1.228,70","1.228,70","","-0,33%"
"28.03.1995","1.232,80","1.232,80","1.232,80","1.232,80","","-0,76%"
"27.03.1995","1.242,28","1.242,28","1.242,28","1.242,28","","-1,22%"
"24.03.1995","1.257,57","1.257,57","1.257,57","1.257,57","","-0,76%"
"23.03.1995","1.267,24","1.267,24","1.267,24","1.267,24","","-2,16%"
"22.03.1995","1.295,25","1.295,25","1.295,25","1.295,25","","0,17%"
"21.03.1995","1.293,02","1.293,02","1.293,02","1.293,02","","0,88%"
"20.03.1995","1.281,70","1.281,70","1.281,70","1.281,70","","1,10%"
"17.03.1995","1.267,71","1.267,71","1.267,71","1.267,71","","-0,70%"
"16.03.1995","1.276,59","1.276,59","1.276,59","1.276,59","","0,35%"
"14.03.1995","1.272,20","1.272,20","1.272,20","1.272,20","","1,09%"
"13.03.1995","1.258,48","1.258,48","1.258,48","1.258,48","","3,78%"
"10.03.1995","1.212,61","1.212,61","1.212,61","1.212,61","","0,79%"
"09.03.1995","1.203,14","1.203,14","1.203,14","1.203,14","","1,22%"
"08.03.1995","1.188,62","1.188,62","1.188,62","1.188,62","","0,40%"
"07.03.1995","1.183,93","1.183,93","1.183,93","1.183,93","","-0,12%"
"06.03.1995","1.185,31","1.185,31","1.185,31","1.185,31","","-0,40%"
"03.03.1995","1.190,11","1.190,11","1.190,11","1.190,11","","-0,01%"
"02.03.1995","1.190,28","1.190,28","1.190,28","1.190,28","","-0,30%"
"01.03.1995","1.193,82","1.193,82","1.193,82","1.193,82","","-1,04%"
"28.02.1995","1.206,40","1.206,40","1.206,40","1.206,40","","-0,67%"
"27.02.1995","1.214,48","1.214,48","1.214,48","1.214,48","","0,13%"
"24.02.1995","1.212,92","1.212,92","1.212,92","1.212,92","","0,03%"
"23.02.1995","1.212,60","1.212,60","1.212,60","1.212,60","","0,03%"
"22.02.1995","1.212,21","1.212,21","1.212,21","1.212,21","","-0,23%"
"21.02.1995","1.215,01","1.215,01","1.215,01","1.215,01","","1,23%"
"20.02.1995","1.200,23","1.200,23","1.200,23","1.200,23","","0,84%"
"17.02.1995","1.190,24","1.190,24","1.190,24","1.190,24","","0,56%"
"16.02.1995","1.183,66","1.183,66","1.183,66","1.183,66","","-0,66%"
"15.02.1995","1.191,53","1.191,53","1.191,53","1.191,53","","1,20%"
"14.02.1995","1.177,42","1.177,42","1.177,42","1.177,42","","-0,36%"
"13.02.1995","1.181,66","1.181,66","1.181,66","1.181,66","","-0,52%"
"10.02.1995","1.187,89","1.187,89","1.187,89","1.187,89","","1,03%"
"09.02.1995","1.175,79","1.175,79","1.175,79","1.175,79","","0,30%"
"08.02.1995","1.172,27","1.172,27","1.172,27","1.172,27","","-0,18%"
"07.02.1995","1.174,35","1.174,35","1.174,35","1.174,35","","-0,81%"
"06.02.1995","1.183,89","1.183,89","1.183,89","1.183,89","","0,24%"
"03.02.1995","1.181,05","1.181,05","1.181,05","1.181,05","","0,00%"
"02.02.1995","1.181,05","1.181,05","1.181,05","1.181,05","","0,16%"
"01.02.1995","1.179,18","1.179,18","1.179,18","1.179,18","","1,70%"
"31.01.1995","1.159,45","1.159,45","1.159,45","1.159,45","","-2,03%"
"30.01.1995","1.183,45","1.183,45","1.183,45","1.183,45","","-5,54%"
"27.01.1995","1.252,86","1.252,86","1.252,86","1.252,86","","-1,43%"
"26.01.1995","1.271,10","1.271,10","1.271,10","1.271,10","","-2,34%"
"25.01.1995","1.301,51","1.301,51","1.301,51","1.301,51","","-0,71%"
"24.01.1995","1.310,79","1.310,79","1.310,79","1.310,79","","-0,73%"
"23.01.1995","1.320,37","1.320,37","1.320,37","1.320,37","","1,02%"
"20.01.1995","1.307,00","1.307,00","1.307,00","1.307,00","","0,51%"
"19.01.1995","1.300,43","1.300,43","1.300,43","1.300,43","","-0,52%"
"18.01.1995","1.307,24","1.307,24","1.307,24","1.307,24","","-1,76%"
"17.01.1995","1.330,67","1.330,67","1.330,67","1.330,67","","-2,03%"
"16.01.1995","1.358,26","1.358,26","1.358,26","1.358,26","","-0,86%"
"13.01.1995","1.370,00","1.370,00","1.370,00","1.370,00","","-0,51%"
"12.01.1995","1.377,02","1.377,02","1.377,02","1.377,02","","-4,61%"
"11.01.1995","1.443,51","1.443,51","1.443,51","1.443,51","","-0,93%"
"10.01.1995","1.457,12","1.457,12","1.457,12","1.457,12","","-0,70%"
"09.01.1995","1.467,42","1.467,42","1.467,42","1.467,42","","-0,55%"
"06.01.1995","1.475,47","1.475,47","1.475,47","1.475,47","","-0,38%"
"05.01.1995","1.481,07","1.481,07","1.481,07","1.481,07","","3,50%"
"04.01.1995","1.430,98","1.430,98","1.430,98","1.430,98","","0,00%"
"03.01.1995","1.430,98","1.430,98","1.430,98","1.430,98","","-2,66%"
"30.12.1994","1.470,10","1.470,10","1.470,10","1.470,10","","-0,43%"
"29.12.1994","1.476,52","1.476,52","1.476,52","1.476,52","","-0,52%"
"28.12.1994","1.484,22","1.484,22","1.484,22","1.484,22","","-0,81%"
"27.12.1994","1.496,39","1.496,39","1.496,39","1.496,39","","-1,12%"
"23.12.1994","1.513,29","1.513,29","1.513,29","1.513,29","","-0,04%"
"22.12.1994","1.513,93","1.513,93","1.513,93","1.513,93","","1,31%"
"21.12.1994","1.494,33","1.494,33","1.494,33","1.494,33","","0,66%"
"20.12.1994","1.484,49","1.484,49","1.484,49","1.484,49","","0,42%"
"19.12.1994","1.478,24","1.478,24","1.478,24","1.478,24","","-0,76%"
"16.12.1994","1.489,53","1.489,53","1.489,53","1.489,53","","-0,70%"
"15.12.1994","1.499,99","1.499,99","1.499,99","1.499,99","","-0,08%"
"14.12.1994","1.501,21","1.501,21","1.501,21","1.501,21","","-0,79%"
"13.12.1994","1.513,20","1.513,20","1.513,20","1.513,20","","-0,01%"
"12.12.1994","1.513,33","1.513,33","1.513,33","1.513,33","","-0,21%"
"09.12.1994","1.516,51","1.516,51","1.516,51","1.516,51","","-0,67%"
"08.12.1994","1.526,72","1.526,72","1.526,72","1.526,72","","0,34%"
"07.12.1994","1.521,60","1.521,60","1.521,60","1.521,60","","0,71%"
"06.12.1994","1.510,86","1.510,86","1.510,86","1.510,86","","-0,68%"
"05.12.1994","1.521,23","1.521,23","1.521,23","1.521,23","","-1,35%"
"02.12.1994","1.542,05","1.542,05","1.542,05","1.542,05","","-0,08%"
"01.12.1994","1.543,26","1.543,26","1.543,26","1.543,26","","-0,16%"
"30.11.1994","1.545,75","1.545,75","1.545,75","1.545,75","","-0,33%"
"29.11.1994","1.550,89","1.550,89","1.550,89","1.550,89","","0,04%"
"28.11.1994","1.550,31","1.550,31","1.550,31","1.550,31","","-0,59%"
"25.11.1994","1.559,50","1.559,50","1.559,50","1.559,50","","1,18%"
"24.11.1994","1.541,29","1.541,29","1.541,29","1.541,29","","3,34%"
"23.11.1994","1.491,52","1.491,52","1.491,52","1.491,52","","-1,33%"
"22.11.1994","1.511,55","1.511,55","1.511,55","1.511,55","","-2,47%"
"21.11.1994","1.549,88","1.549,88","1.549,88","1.549,88","","-1,85%"
"18.11.1994","1.579,12","1.579,12","1.579,12","1.579,12","","-0,10%"
"17.11.1994","1.580,63","1.580,63","1.580,63","1.580,63","","-0,44%"
"16.11.1994","1.587,66","1.587,66","1.587,66","1.587,66","","-0,78%"
"15.11.1994","1.600,15","1.600,15","1.600,15","1.600,15","","-0,25%"
"14.11.1994","1.604,20","1.604,20","1.604,20","1.604,20","","-0,09%"
"11.11.1994","1.605,65","1.605,65","1.605,65","1.605,65","","-0,03%"
"10.11.1994","1.606,08","1.606,08","1.606,08","1.606,08","","-0,21%"
"09.11.1994","1.609,41","1.609,41","1.609,41","1.609,41","","-0,19%"
"08.11.1994","1.612,53","1.612,53","1.612,53","1.612,53","","-0,70%"
"07.11.1994","1.623,86","1.623,86","1.623,86","1.623,86","","-0,49%"
"04.11.1994","1.631,83","1.631,83","1.631,83","1.631,83","","0,01%"
"03.11.1994","1.631,71","1.631,71","1.631,71","1.631,71","","-0,10%"
"02.11.1994","1.633,40","1.633,40","1.633,40","1.633,40","","-0,06%"
"01.11.1994","1.634,41","1.634,41","1.634,41","1.634,41","","0,33%"
"31.10.1994","1.629,02","1.629,02","1.629,02","1.629,02","","0,20%"
"28.10.1994","1.625,72","1.625,72","1.625,72","1.625,72","","0,07%"
"27.10.1994","1.624,53","1.624,53","1.624,53","1.624,53","","0,27%"
"26.10.1994","1.620,21","1.620,21","1.620,21","1.620,21","","-0,26%"
"25.10.1994","1.624,40","1.624,40","1.624,40","1.624,40","","-0,13%"
"24.10.1994","1.626,52","1.626,52","1.626,52","1.626,52","","-0,01%"
"21.10.1994","1.626,76","1.626,76","1.626,76","1.626,76","","-0,65%"
"20.10.1994","1.637,34","1.637,34","1.637,34","1.637,34","","0,01%"
"19.10.1994","1.637,22","1.637,22","1.637,22","1.637,22","","0,70%"
"18.10.1994","1.625,83","1.625,83","1.625,83","1.625,83","","0,84%"
"17.10.1994","1.612,25","1.612,25","1.612,25","1.612,25","","77,83%"
"15.10.1994","906,63","906,63","906,63","906,63","","-43,36%"
"14.10.1994","1.600,71","1.600,71","1.600,71","1.600,71","","-0,14%"
"13.10.1994","1.602,99","1.602,99","1.602,99","1.602,99","","-0,05%"
"12.10.1994","1.603,86","1.603,86","1.603,86","1.603,86","","-0,28%"
"11.10.1994","1.608,38","1.608,38","1.608,38","1.608,38","","0,06%"
"10.10.1994","1.607,41","1.607,41","1.607,41","1.607,41","","-0,07%"
"07.10.1994","1.608,47","1.608,47","1.608,47","1.608,47","","0,13%"
"06.10.1994","1.606,43","1.606,43","1.606,43","1.606,43","","0,50%"
"05.10.1994","1.598,45","1.598,45","1.598,45","1.598,45","","0,28%"
"04.10.1994","1.593,94","1.593,94","1.593,94","1.593,94","","0,04%"
"03.10.1994","1.593,37","1.593,37","1.593,37","1.593,37","","0,11%"
"30.09.1994","1.591,68","1.591,68","1.591,68","1.591,68","","0,44%"
"29.09.1994","1.584,69","1.584,69","1.584,69","1.584,69","","0,37%"
"28.09.1994","1.578,84","1.578,84","1.578,84","1.578,84","","-0,06%"
"27.09.1994","1.579,84","1.579,84","1.579,84","1.579,84","","-0,40%"
"26.09.1994","1.586,17","1.586,17","1.586,17","1.586,17","","-0,58%"
"23.09.1994","1.595,49","1.595,49","1.595,49","1.595,49","","-1,84%"
"22.09.1994","1.625,33","1.625,33","1.625,33","1.625,33","","-0,15%"
"21.09.1994","1.627,76","1.627,76","1.627,76","1.627,76","","1,33%"
"20.09.1994","1.606,33","1.606,33","1.606,33","1.606,33","","-1,73%"
"19.09.1994","1.634,54","1.634,54","1.634,54","1.634,54","","1,00%"
"16.09.1994","1.618,32","1.618,32","1.618,32","1.618,32","","0,29%"
"15.09.1994","1.613,56","1.613,56","1.613,56","1.613,56","","-1,75%"
"14.09.1994","1.642,26","1.642,26","1.642,26","1.642,26","","-3,25%"
"13.09.1994","1.697,43","1.697,43","1.697,43","1.697,43","","-0,68%"
"12.09.1994","1.709,02","1.709,02","1.709,02","1.709,02","","-0,49%"
"09.09.1994","1.717,44","1.717,44","1.717,44","1.717,44","","-0,35%"
"08.09.1994","1.723,42","1.723,42","1.723,42","1.723,42","","-0,46%"
"07.09.1994","1.731,38","1.731,38","1.731,38","1.731,38","","0,38%"
"06.09.1994","1.724,77","1.724,77","1.724,77","1.724,77","","0,06%"
"05.09.1994","1.723,66","1.723,66","1.723,66","1.723,66","","-0,72%"
"02.09.1994","1.736,08","1.736,08","1.736,08","1.736,08","","-0,48%"
"01.09.1994","1.744,41","1.744,41","1.744,41","1.744,41","","0,30%"
"31.08.1994","1.739,27","1.739,27","1.739,27","1.739,27","","-0,09%"
"30.08.1994","1.740,82","1.740,82","1.740,82","1.740,82","","-0,07%"
"29.08.1994","1.742,11","1.742,11","1.742,11","1.742,11","","-0,25%"
"26.08.1994","1.746,39","1.746,39","1.746,39","1.746,39","","-0,27%"
"25.08.1994","1.751,04","1.751,04","1.751,04","1.751,04","","0,06%"
"24.08.1994","1.749,99","1.749,99","1.749,99","1.749,99","","0,22%"
"23.08.1994","1.746,22","1.746,22","1.746,22","1.746,22","","0,80%"
"22.08.1994","1.732,44","1.732,44","1.732,44","1.732,44","","0,20%"
"19.08.1994","1.728,98","1.728,98","1.728,98","1.728,98","","-0,15%"
"18.08.1994","1.731,55","1.731,55","1.731,55","1.731,55","","0,26%"
"17.08.1994","1.726,98","1.726,98","1.726,98","1.726,98","","0,30%"
"16.08.1994","1.721,75","1.721,75","1.721,75","1.721,75","","0,07%"
"15.08.1994","1.720,60","1.720,60","1.720,60","1.720,60","","0,15%"
"12.08.1994","1.718,08","1.718,08","1.718,08","1.718,08","","1,06%"
"11.08.1994","1.699,98","1.699,98","1.699,98","1.699,98","","1,86%"
"10.08.1994","1.668,98","1.668,98","1.668,98","1.668,98","","0,92%"
"09.08.1994","1.653,84","1.653,84","1.653,84","1.653,84","","1,83%"
"08.08.1994","1.624,06","1.624,06","1.624,06","1.624,06","","1,18%"
"05.08.1994","1.605,08","1.605,08","1.605,08","1.605,08","","1,27%"
"04.08.1994","1.585,00","1.585,00","1.585,00","1.585,00","","0,25%"
"03.08.1994","1.581,02","1.581,02","1.581,02","1.581,02","","1,96%"
"02.08.1994","1.550,57","1.550,57","1.550,57","1.550,57","","0,86%"
"01.08.1994","1.537,40","1.537,40","1.537,40","1.537,40","","-0,13%"
"29.07.1994","1.539,33","1.539,33","1.539,33","1.539,33","","0,28%"
"28.07.1994","1.535,00","1.535,00","1.535,00","1.535,00","","0,05%"
"27.07.1994","1.534,17","1.534,17","1.534,17","1.534,17","","1,55%"
"26.07.1994","1.510,82","1.510,82","1.510,82","1.510,82","","0,17%"
"25.07.1994","1.508,22","1.508,22","1.508,22","1.508,22","","-0,18%"
"22.07.1994","1.510,90","1.510,90","1.510,90","1.510,90","","0,10%"
"21.07.1994","1.509,36","1.509,36","1.509,36","1.509,36","","0,32%"
"20.07.1994","1.504,56","1.504,56","1.504,56","1.504,56","","-0,32%"
"19.07.1994","1.509,34","1.509,34","1.509,34","1.509,34","","0,46%"
"18.07.1994","1.502,41","1.502,41","1.502,41","1.502,41","","0,05%"
"15.07.1994","1.501,61","1.501,61","1.501,61","1.501,61","","0,80%"
"14.07.1994","1.489,74","1.489,74","1.489,74","1.489,74","","-0,06%"
"13.07.1994","1.490,60","1.490,60","1.490,60","1.490,60","","1,25%"
"12.07.1994","1.472,14","1.472,14","1.472,14","1.472,14","","-0,96%"
"11.07.1994","1.486,46","1.486,46","1.486,46","1.486,46","","0,43%"
"08.07.1994","1.480,06","1.480,06","1.480,06","1.480,06","","0,52%"
"07.07.1994","1.472,43","1.472,43","1.472,43","1.472,43","","1,12%"
"06.07.1994","1.456,06","1.456,06","1.456,06","1.456,06","","-0,48%"
"05.07.1994","1.463,11","1.463,11","1.463,11","1.463,11","","-0,32%"
"04.07.1994","1.467,76","1.467,76","1.467,76","1.467,76","","-0,06%"
"01.07.1994","1.468,69","1.468,69","1.468,69","1.468,69","","0,46%"
"30.06.1994","1.462,03","1.462,03","1.462,03","1.462,03","","-0,96%"
"29.06.1994","1.476,14","1.476,14","1.476,14","1.476,14","","0,04%"
"28.06.1994","1.475,56","1.475,56","1.475,56","1.475,56","","-0,93%"
"27.06.1994","1.489,44","1.489,44","1.489,44","1.489,44","","0,17%"
"24.06.1994","1.486,97","1.486,97","1.486,97","1.486,97","","0,67%"
"23.06.1994","1.477,03","1.477,03","1.477,03","1.477,03","","0,31%"
"22.06.1994","1.472,49","1.472,49","1.472,49","1.472,49","","-0,61%"
"21.06.1994","1.481,58","1.481,58","1.481,58","1.481,58","","-0,65%"
"20.06.1994","1.491,32","1.491,32","1.491,32","1.491,32","","-0,72%"
"17.06.1994","1.502,17","1.502,17","1.502,17","1.502,17","","0,88%"
"16.06.1994","1.489,10","1.489,10","1.489,10","1.489,10","","1,21%"
"15.06.1994","1.471,29","1.471,29","1.471,29","1.471,29","","-1,25%"
"14.06.1994","1.489,97","1.489,97","1.489,97","1.489,97","","0,66%"
"13.06.1994","1.480,26","1.480,26","1.480,26","1.480,26","","-1,88%"
"10.06.1994","1.508,56","1.508,56","1.508,56","1.508,56","","-0,71%"
"09.06.1994","1.519,33","1.519,33","1.519,33","1.519,33","","-2,24%"
"08.06.1994","1.554,12","1.554,12","1.554,12","1.554,12","","-1,39%"
"07.06.1994","1.576,07","1.576,07","1.576,07","1.576,07","","0,15%"
"06.06.1994","1.573,71","1.573,71","1.573,71","1.573,71","","-0,25%"
"03.06.1994","1.577,58","1.577,58","1.577,58","1.577,58","","-0,82%"
"02.06.1994","1.590,56","1.590,56","1.590,56","1.590,56","","-0,33%"
"01.06.1994","1.595,86","1.595,86","1.595,86","1.595,86","","0,02%"
"31.05.1994","1.595,53","1.595,53","1.595,53","1.595,53","","-0,73%"
"30.05.1994","1.607,21","1.607,21","1.607,21","1.607,21","","0,28%"
"27.05.1994","1.602,80","1.602,80","1.602,80","1.602,80","","-0,28%"
"26.05.1994","1.607,25","1.607,25","1.607,25","1.607,25","","0,24%"
"25.05.1994","1.603,46","1.603,46","1.603,46","1.603,46","","-0,35%"
"24.05.1994","1.609,07","1.609,07","1.609,07","1.609,07","","0,80%"
"20.05.1994","1.596,31","1.596,31","1.596,31","1.596,31","","-0,69%"
"19.05.1994","1.607,38","1.607,38","1.607,38","1.607,38","","0,13%"
"18.05.1994","1.605,31","1.605,31","1.605,31","1.605,31","","-1,21%"
"17.05.1994","1.625,03","1.625,03","1.625,03","1.625,03","","-0,87%"
"16.05.1994","1.639,32","1.639,32","1.639,32","1.639,32","","-0,42%"
"13.05.1994","1.646,27","1.646,27","1.646,27","1.646,27","","-0,45%"
"12.05.1994","1.653,69","1.653,69","1.653,69","1.653,69","","-0,18%"
"11.05.1994","1.656,65","1.656,65","1.656,65","1.656,65","","-0,63%"
"10.05.1994","1.667,08","1.667,08","1.667,08","1.667,08","","0,37%"
"09.05.1994","1.660,89","1.660,89","1.660,89","1.660,89","","-0,09%"
"06.05.1994","1.662,46","1.662,46","1.662,46","1.662,46","","0,04%"
"05.05.1994","1.661,87","1.661,87","1.661,87","1.661,87","","0,99%"
"04.05.1994","1.645,58","1.645,58","1.645,58","1.645,58","","-0,10%"
"03.05.1994","1.647,15","1.647,15","1.647,15","1.647,15","","0,06%"
"02.05.1994","1.646,21","1.646,21","1.646,21","1.646,21","","0,66%"
"29.04.1994","1.635,43","1.635,43","1.635,43","1.635,43","","-1,44%"
"28.04.1994","1.659,34","1.659,34","1.659,34","1.659,34","","-0,06%"
"27.04.1994","1.660,33","1.660,33","1.660,33","1.660,33","","-0,16%"
"26.04.1994","1.662,97","1.662,97","1.662,97","1.662,97","","0,06%"
"25.04.1994","1.661,93","1.661,93","1.661,93","1.661,93","","-0,21%"
"22.04.1994","1.665,41","1.665,41","1.665,41","1.665,41","","-0,04%"
"21.04.1994","1.666,01","1.666,01","1.666,01","1.666,01","","-0,79%"
"20.04.1994","1.679,27","1.679,27","1.679,27","1.679,27","","-0,75%"
"19.04.1994","1.691,88","1.691,88","1.691,88","1.691,88","","-3,09%"
"18.04.1994","1.745,80","1.745,80","1.745,80","1.745,80","","0,25%"
"15.04.1994","1.741,39","1.741,39","1.741,39","1.741,39","","1,19%"
"14.04.1994","1.720,97","1.720,97","1.720,97","1.720,97","","-0,49%"
"13.04.1994","1.729,42","1.729,42","1.729,42","1.729,42","","-1,76%"
"12.04.1994","1.760,34","1.760,34","1.760,34","1.760,34","","-1,02%"
"11.04.1994","1.778,54","1.778,54","1.778,54","1.778,54","","-0,29%"
"08.04.1994","1.783,69","1.783,69","1.783,69","1.783,69","","-0,35%"
"07.04.1994","1.789,90","1.789,90","1.789,90","1.789,90","","1,02%"
"06.04.1994","1.771,77","1.771,77","1.771,77","1.771,77","","1,13%"
"05.04.1994","1.752,01","1.752,01","1.752,01","1.752,01","","-3,45%"
"01.04.1994","1.814,66","1.814,66","1.814,66","1.814,66","","-1,54%"
"31.03.1994","1.843,03","1.843,03","1.843,03","1.843,03","","-1,19%"
"30.03.1994","1.865,20","1.865,20","1.865,20","1.865,20","","-0,32%"
"29.03.1994","1.871,26","1.871,26","1.871,26","1.871,26","","-0,13%"
"28.03.1994","1.873,64","1.873,64","1.873,64","1.873,64","","-0,57%"
"25.03.1994","1.884,35","1.884,35","1.884,35","1.884,35","","0,20%"
"24.03.1994","1.880,67","1.880,67","1.880,67","1.880,67","","0,26%"
"23.03.1994","1.875,72","1.875,72","1.875,72","1.875,72","","-0,82%"
"22.03.1994","1.891,21","1.891,21","1.891,21","1.891,21","","-1,06%"
"21.03.1994","1.911,51","1.911,51","1.911,51","1.911,51","","-0,33%"
"18.03.1994","1.917,91","1.917,91","1.917,91","1.917,91","","-0,44%"
"17.03.1994","1.926,39","1.926,39","1.926,39","1.926,39","","-0,34%"
"16.03.1994","1.932,89","1.932,89","1.932,89","1.932,89","","1,80%"
"11.03.1994","1.898,79","1.898,79","1.898,79","1.898,79","","2,16%"
"10.03.1994","1.858,57","1.858,57","1.858,57","1.858,57","","0,72%"
"09.03.1994","1.845,36","1.845,36","1.845,36","1.845,36","","-0,45%"
"08.03.1994","1.853,74","1.853,74","1.853,74","1.853,74","","0,00%"
"07.03.1994","1.853,81","1.853,81","1.853,81","1.853,81","","0,44%"
"04.03.1994","1.845,66","1.845,66","1.845,66","1.845,66","","-0,45%"
"03.03.1994","1.854,01","1.854,01","1.854,01","1.854,01","","0,25%"
"02.03.1994","1.849,45","1.849,45","1.849,45","1.849,45","","-0,35%"
"01.03.1994","1.856,03","1.856,03","1.856,03","1.856,03","","0,85%"
"28.02.1994","1.840,38","1.840,38","1.840,38","1.840,38","","0,11%"
"25.02.1994","1.838,36","1.838,36","1.838,36","1.838,36","","-0,99%"
"24.02.1994","1.856,67","1.856,67","1.856,67","1.856,67","","-1,71%"
"23.02.1994","1.888,94","1.888,94","1.888,94","1.888,94","","-2,19%"
"22.02.1994","1.931,25","1.931,25","1.931,25","1.931,25","","-0,67%"
"21.02.1994","1.944,37","1.944,37","1.944,37","1.944,37","","0,01%"
"18.02.1994","1.944,15","1.944,15","1.944,15","1.944,15","","-3,65%"
"17.02.1994","2.017,77","2.017,77","2.017,77","2.017,77","","0,07%"
"16.02.1994","2.016,30","2.016,30","2.016,30","2.016,30","","1,81%"
"15.02.1994","1.980,39","1.980,39","1.980,39","1.980,39","","1,68%"
"14.02.1994","1.947,59","1.947,59","1.947,59","1.947,59","","2,21%"
"11.02.1994","1.905,52","1.905,52","1.905,52","1.905,52","","0,52%"
"10.02.1994","1.895,61","1.895,61","1.895,61","1.895,61","","-3,94%"
"09.02.1994","1.973,46","1.973,46","1.973,46","1.973,46","","2,03%"
"08.02.1994","1.934,24","1.934,24","1.934,24","1.934,24","","2,95%"
"07.02.1994","1.878,82","1.878,82","1.878,82","1.878,82","","-5,86%"
"04.02.1994","1.995,77","1.995,77","1.995,77","1.995,77","","-4,96%"
"03.02.1994","2.100,01","2.100,01","2.100,01","2.100,01","","-6,89%"
"02.02.1994","2.255,32","2.255,32","2.255,32","2.255,32","","5,10%"
"01.02.1994","2.145,94","2.145,94","2.145,94","2.145,94","","7,04%"
"31.01.1994","2.004,73","2.004,73","2.004,73","2.004,73","","7,28%"
"28.01.1994","1.868,66","1.868,66","1.868,66","1.868,66","","5,53%"
"27.01.1994","1.770,66","1.770,66","1.770,66","1.770,66","","6,08%"
"26.01.1994","1.669,15","1.669,15","1.669,15","1.669,15","","2,71%"
"25.01.1994","1.625,16","1.625,16","1.625,16","1.625,16","","-0,43%"
"24.01.1994","1.632,17","1.632,17","1.632,17","1.632,17","","1,85%"
"21.01.1994","1.602,55","1.602,55","1.602,55","1.602,55","","3,67%"
"20.01.1994","1.545,78","1.545,78","1.545,78","1.545,78","","3,61%"
"19.01.1994","1.491,90","1.491,90","1.491,90","1.491,90","","2,00%"
"18.01.1994","1.462,60","1.462,60","1.462,60","1.462,60","","1,33%"
"17.01.1994","1.443,44","1.443,44","1.443,44","1.443,44","","1,18%"
"14.01.1994","1.426,56","1.426,56","1.426,56","1.426,56","","3,12%"
"13.01.1994","1.383,44","1.383,44","1.383,44","1.383,44","","2,89%"
"12.01.1994","1.344,64","1.344,64","1.344,64","1.344,64","","1,46%"
"11.01.1994","1.325,32","1.325,32","1.325,32","1.325,32","","1,45%"
"10.01.1994","1.306,44","1.306,44","1.306,44","1.306,44","","1,63%"
"07.01.1994","1.285,53","1.285,53","1.285,53","1.285,53","","1,61%"
"06.01.1994","1.265,21","1.265,21","1.265,21","1.265,21","","0,08%"
"31.12.1993","1.264,15","1.264,15","1.264,15","1.264,15","","-2,42%"
"30.12.1993","1.295,54","1.295,54","1.295,54","1.295,54","","-0,89%"
"29.12.1993","1.307,12","1.307,12","1.307,12","1.307,12","","1,73%"
"28.12.1993","1.284,88","1.284,88","1.284,88","1.284,88","","3,00%"
"27.12.1993","1.247,51","1.247,51","1.247,51","1.247,51","","2,29%"
"23.12.1993","1.219,54","1.219,54","1.219,54","1.219,54","","1,84%"
"22.12.1993","1.197,53","1.197,53","1.197,53","1.197,53","","0,43%"
"21.12.1993","1.192,36","1.192,36","1.192,36","1.192,36","","-0,11%"
"20.12.1993","1.193,69","1.193,69","1.193,69","1.193,69","","0,07%"
"17.12.1993","1.192,83","1.192,83","1.192,83","1.192,83","","-0,06%"
"16.12.1993","1.193,58","1.193,58","1.193,58","1.193,58","","-1,28%"
"15.12.1993","1.209,01","1.209,01","1.209,01","1.209,01","","-0,40%"
"14.12.1993","1.213,86","1.213,86","1.213,86","1.213,86","","0,30%"
"13.12.1993","1.210,25","1.210,25","1.210,25","1.210,25","","0,56%"
"10.12.1993","1.203,52","1.203,52","1.203,52","1.203,52","","0,87%"
"09.12.1993","1.193,15","1.193,15","1.193,15","1.193,15","","-0,27%"
"08.12.1993","1.196,43","1.196,43","1.196,43","1.196,43","","0,28%"
"07.12.1993","1.193,05","1.193,05","1.193,05","1.193,05","","-0,13%"
"06.12.1993","1.194,62","1.194,62","1.194,62","1.194,62","","0,18%"
"03.12.1993","1.192,45","1.192,45","1.192,45","1.192,45","","-0,54%"
"02.12.1993","1.198,93","1.198,93","1.198,93","1.198,93","","-1,12%"
"01.12.1993","1.212,52","1.212,52","1.212,52","1.212,52","","-0,63%"
"30.11.1993","1.220,17","1.220,17","1.220,17","1.220,17","","-0,36%"
"29.11.1993","1.224,62","1.224,62","1.224,62","1.224,62","","-0,17%"
"26.11.1993","1.226,69","1.226,69","1.226,69","1.226,69","","-1,64%"
"25.11.1993","1.247,10","1.247,10","1.247,10","1.247,10","","-0,40%"
"24.11.1993","1.252,16","1.252,16","1.252,16","1.252,16","","-0,40%"
"23.11.1993","1.257,25","1.257,25","1.257,25","1.257,25","","-0,47%"
"22.11.1993","1.263,22","1.263,22","1.263,22","1.263,22","","-0,34%"
"19.11.1993","1.267,47","1.267,47","1.267,47","1.267,47","","0,57%"
"18.11.1993","1.260,28","1.260,28","1.260,28","1.260,28","","2,10%"
"17.11.1993","1.234,33","1.234,33","1.234,33","1.234,33","","0,25%"
"16.11.1993","1.231,29","1.231,29","1.231,29","1.231,29","","0,64%"
"15.11.1993","1.223,42","1.223,42","1.223,42","1.223,42","","-0,13%"
"12.11.1993","1.225,00","1.225,00","1.225,00","1.225,00","","0,12%"
"11.11.1993","1.223,54","1.223,54","1.223,54","1.223,54","","0,18%"
"10.11.1993","1.221,40","1.221,40","1.221,40","1.221,40","","0,07%"
"09.11.1993","1.220,52","1.220,52","1.220,52","1.220,52","","-0,12%"
"08.11.1993","1.222,02","1.222,02","1.222,02","1.222,02","","0,58%"
"05.11.1993","1.215,01","1.215,01","1.215,01","1.215,01","","0,50%"
"04.11.1993","1.208,94","1.208,94","1.208,94","1.208,94","","0,00%"
"03.11.1993","1.208,89","1.208,89","1.208,89","1.208,89","","0,99%"
"02.11.1993","1.197,04","1.197,04","1.197,04","1.197,04","","0,40%"
"01.11.1993","1.192,22","1.192,22","1.192,22","1.192,22","","-0,07%"
"29.10.1993","1.193,03","1.193,03","1.193,03","1.193,03","","-0,17%"
"28.10.1993","1.195,06","1.195,06","1.195,06","1.195,06","","0,04%"
"27.10.1993","1.194,63","1.194,63","1.194,63","1.194,63","","0,87%"
"26.10.1993","1.184,28","1.184,28","1.184,28","1.184,28","","0,47%"
"25.10.1993","1.178,71","1.178,71","1.178,71","1.178,71","","0,59%"
"22.10.1993","1.171,77","1.171,77","1.171,77","1.171,77","","0,51%"
"21.10.1993","1.165,85","1.165,85","1.165,85","1.165,85","","-1,80%"
"20.10.1993","1.187,17","1.187,17","1.187,17","1.187,17","","-0,10%"
"19.10.1993","1.188,35","1.188,35","1.188,35","1.188,35","","-0,06%"
"18.10.1993","1.189,03","1.189,03","1.189,03","1.189,03","","-0,23%"
"15.10.1993","1.191,82","1.191,82","1.191,82","1.191,82","","-2,13%"
"14.10.1993","1.217,75","1.217,75","1.217,75","1.217,75","","0,14%"
"13.10.1993","1.216,00","1.216,00","1.216,00","1.216,00","","0,20%"
"12.10.1993","1.213,59","1.213,59","1.213,59","1.213,59","","0,43%"
"11.10.1993","1.208,36","1.208,36","1.208,36","1.208,36","","1,06%"
"08.10.1993","1.195,69","1.195,69","1.195,69","1.195,69","","0,60%"
"07.10.1993","1.188,50","1.188,50","1.188,50","1.188,50","","-0,07%"
"06.10.1993","1.189,35","1.189,35","1.189,35","1.189,35","","0,50%"
"05.10.1993","1.183,44","1.183,44","1.183,44","1.183,44","","-1,93%"
"04.10.1993","1.206,75","1.206,75","1.206,75","1.206,75","","0,01%"
"01.10.1993","1.206,66","1.206,66","1.206,66","1.206,66","","2,67%"
"30.09.1993","1.175,28","1.175,28","1.175,28","1.175,28","","1,41%"
"29.09.1993","1.158,93","1.158,93","1.158,93","1.158,93","","1,63%"
"28.09.1993","1.140,32","1.140,32","1.140,32","1.140,32","","0,88%"
"27.09.1993","1.130,40","1.130,40","1.130,40","1.130,40","","0,47%"
"24.09.1993","1.125,12","1.125,12","1.125,12","1.125,12","","0,85%"
"23.09.1993","1.115,63","1.115,63","1.115,63","1.115,63","","-0,17%"
"22.09.1993","1.117,56","1.117,56","1.117,56","1.117,56","","-0,97%"
"21.09.1993","1.128,45","1.128,45","1.128,45","1.128,45","","-0,48%"
"20.09.1993","1.133,87","1.133,87","1.133,87","1.133,87","","0,60%"
"17.09.1993","1.127,11","1.127,11","1.127,11","1.127,11","","0,81%"
"16.09.1993","1.118,01","1.118,01","1.118,01","1.118,01","","-0,26%"
"15.09.1993","1.120,95","1.120,95","1.120,95","1.120,95","","0,71%"
"14.09.1993","1.113,02","1.113,02","1.113,02","1.113,02","","3,45%"
"13.09.1993","1.075,86","1.075,86","1.075,86","1.075,86","","0,25%"
"10.09.1993","1.073,16","1.073,16","1.073,16","1.073,16","","-0,08%"
"09.09.1993","1.073,99","1.073,99","1.073,99","1.073,99","","-1,70%"
"08.09.1993","1.092,59","1.092,59","1.092,59","1.092,59","","0,02%"
"07.09.1993","1.092,42","1.092,42","1.092,42","1.092,42","","0,34%"
"06.09.1993","1.088,72","1.088,72","1.088,72","1.088,72","","18,28%"
"04.09.1993","920,49","920,49","920,49","920,49","","-16,42%"
"03.09.1993","1.101,32","1.101,32","1.101,32","1.101,32","","0,24%"
"02.09.1993","1.098,73","1.098,73","1.098,73","1.098,73","","0,58%"
"01.09.1993","1.092,36","1.092,36","1.092,36","1.092,36","","0,46%"
"31.08.1993","1.087,36","1.087,36","1.087,36","1.087,36","","1,89%"
"30.08.1993","1.067,15","1.067,15","1.067,15","1.067,15","","-0,26%"
"27.08.1993","1.069,98","1.069,98","1.069,98","1.069,98","","-0,02%"
"26.08.1993","1.070,22","1.070,22","1.070,22","1.070,22","","0,52%"
"25.08.1993","1.064,69","1.064,69","1.064,69","1.064,69","","-0,34%"
"24.08.1993","1.068,34","1.068,34","1.068,34","1.068,34","","-1,16%"
"23.08.1993","1.080,92","1.080,92","1.080,92","1.080,92","","1,01%"
"19.08.1993","1.070,10","1.070,10","1.070,10","1.070,10","","2,07%"
"18.08.1993","1.048,44","1.048,44","1.048,44","1.048,44","","-0,13%"
"17.08.1993","1.049,85","1.049,85","1.049,85","1.049,85","","-0,66%"
"16.08.1993","1.056,78","1.056,78","1.056,78","1.056,78","","0,17%"
"13.08.1993","1.055,03","1.055,03","1.055,03","1.055,03","","-0,46%"
"12.08.1993","1.059,92","1.059,92","1.059,92","1.059,92","","2,54%"
"11.08.1993","1.033,68","1.033,68","1.033,68","1.033,68","","4,49%"
"10.08.1993","989,30","989,30","989,30","989,30","","3,06%"
"09.08.1993","959,96","959,96","959,96","959,96","","1,12%"
"05.08.1993","949,37","949,37","949,37","949,37","","1,93%"
"04.08.1993","931,41","931,41","931,41","931,41","","1,88%"
"03.08.1993","914,21","914,21","914,21","914,21","","0,70%"
"02.08.1993","907,82","907,82","907,82","907,82","","2,15%"
"30.07.1993","888,67","888,67","888,67","888,67","","-1,77%"
"29.07.1993","904,68","904,68","904,68","904,68","","3,33%"
"28.07.1993","875,52","875,52","875,52","875,52","","4,55%"
"27.07.1993","837,43","837,43","837,43","837,43","","0,51%"
"26.07.1993","833,21","833,21","833,21","833,21","","-0,81%"
"23.07.1993","839,99","839,99","839,99","839,99","","0,99%"
"22.07.1993","831,76","831,76","831,76","831,76","","0,33%"
"21.07.1993","829,02","829,02","829,02","829,02","","1,38%"
"20.07.1993","817,72","817,72","817,72","817,72","","2,41%"
"19.07.1993","798,51","798,51","798,51","798,51","","1,31%"
"16.07.1993","788,17","788,17","788,17","788,17","","0,69%"
"15.07.1993","782,75","782,75","782,75","782,75","","0,21%"
"14.07.1993","781,08","781,08","781,08","781,08","","-0,40%"
"13.07.1993","784,22","784,22","784,22","784,22","","-0,13%"
"12.07.1993","785,21","785,21","785,21","785,21","","-0,13%"
"09.07.1993","786,27","786,27","786,27","786,27","","0,39%"
"08.07.1993","783,23","783,23","783,23","783,23","","5,44%"
"07.07.1993","742,80","742,80","742,80","742,80","","-5,08%"
"06.07.1993","782,52","782,52","782,52","782,52","","-0,40%"
"05.07.1993","785,68","785,68","785,68","785,68","","-0,41%"
"02.07.1993","788,93","788,93","788,93","788,93","","-0,11%"
"01.07.1993","789,77","789,77","789,77","789,77","","0,56%"
"30.06.1993","785,40","785,40","785,40","785,40","","0,07%"
"29.06.1993","784,88","784,88","784,88","784,88","","0,42%"
"28.06.1993","781,60","781,60","781,60","781,60","","2,77%"
"25.06.1993","760,57","760,57","760,57","760,57","","0,20%"
"24.06.1993","759,05","759,05","759,05","759,05","","-0,08%"
"23.06.1993","759,62","759,62","759,62","759,62","","0,08%"
"22.06.1993","759,02","759,02","759,02","759,02","","0,23%"
"21.06.1993","757,30","757,30","757,30","757,30","","-0,33%"
"17.06.1993","759,78","759,78","759,78","759,78","","0,32%"
"16.06.1993","757,36","757,36","757,36","757,36","","0,38%"
"15.06.1993","754,50","754,50","754,50","754,50","","-1,13%"
"14.06.1993","763,13","763,13","763,13","763,13","","1,00%"
"11.06.1993","755,57","755,57","755,57","755,57","","0,01%"
"10.06.1993","755,52","755,52","755,52","755,52","","0,43%"
"09.06.1993","752,32","752,32","752,32","752,32","","-0,18%"
"08.06.1993","753,64","753,64","753,64","753,64","","0,72%"
"07.06.1993","748,27","748,27","748,27","748,27","","1,20%"
"04.06.1993","739,42","739,42","739,42","739,42","","-1,13%"
"03.06.1993","747,88","747,88","747,88","747,88","","-0,34%"
"02.06.1993","750,43","750,43","750,43","750,43","","0,47%"
"01.06.1993","746,95","746,95","746,95","746,95","","0,00%"
"28.05.1993","746,95","746,95","746,95","746,95","","0,79%"
"27.05.1993","741,12","741,12","741,12","741,12","","-0,23%"
"26.05.1993","742,83","742,83","742,83","742,83","","1,45%"
"25.05.1993","732,19","732,19","732,19","732,19","","0,32%"
"24.05.1993","729,87","729,87","729,87","729,87","","-0,41%"
"21.05.1993","732,90","732,90","732,90","732,90","","-0,08%"
"20.05.1993","733,50","733,50","733,50","733,50","","-0,04%"
"19.05.1993","733,79","733,79","733,79","733,79","","1,22%"
"18.05.1993","724,91","724,91","724,91","724,91","","0,66%"
"17.05.1993","720,19","720,19","720,19","720,19","","0,34%"
"14.05.1993","717,75","717,75","717,75","717,75","","-0,32%"
"13.05.1993","720,02","720,02","720,02","720,02","","-0,13%"
"12.05.1993","720,99","720,99","720,99","720,99","","-0,17%"
"11.05.1993","722,25","722,25","722,25","722,25","","-0,82%"
"10.05.1993","728,19","728,19","728,19","728,19","","0,02%"
"07.05.1993","728,08","728,08","728,08","728,08","","-0,83%"
"06.05.1993","734,20","734,20","734,20","734,20","","-0,60%"
"05.05.1993","738,65","738,65","738,65","738,65","","0,35%"
"04.05.1993","736,10","736,10","736,10","736,10","","0,02%"
"03.05.1993","735,97","735,97","735,97","735,97","","1,33%"
"30.04.1993","726,32","726,32","726,32","726,32","","-0,75%"
"29.04.1993","731,79","731,79","731,79","731,79","","-0,39%"
"28.04.1993","734,62","734,62","734,62","734,62","","-0,15%"
"27.04.1993","735,73","735,73","735,73","735,73","","0,44%"
"26.04.1993","732,50","732,50","732,50","732,50","","-1,09%"
"23.04.1993","740,60","740,60","740,60","740,60","","-0,78%"
"22.04.1993","746,41","746,41","746,41","746,41","","-0,65%"
"21.04.1993","751,33","751,33","751,33","751,33","","-0,12%"
"20.04.1993","752,27","752,27","752,27","752,27","","-0,36%"
"19.04.1993","754,96","754,96","754,96","754,96","","-0,22%"
"16.04.1993","756,61","756,61","756,61","756,61","","0,03%"
"15.04.1993","756,36","756,36","756,36","756,36","","-1,79%"
"14.04.1993","770,16","770,16","770,16","770,16","","-0,08%"
"13.04.1993","770,81","770,81","770,81","770,81","","0,06%"
"09.04.1993","770,37","770,37","770,37","770,37","","-0,40%"
"08.04.1993","773,46","773,46","773,46","773,46","","-0,73%"
"07.04.1993","779,12","779,12","779,12","779,12","","-0,04%"
"06.04.1993","779,44","779,44","779,44","779,44","","1,40%"
"05.04.1993","768,69","768,69","768,69","768,69","","-1,78%"
"02.04.1993","782,66","782,66","782,66","782,66","","-0,12%"
"01.04.1993","783,59","783,59","783,59","783,59","","0,01%"
"31.03.1993","783,50","783,50","783,50","783,50","","-0,15%"
"30.03.1993","784,68","784,68","784,68","784,68","","-0,15%"
"29.03.1993","785,84","785,84","785,84","785,84","","-0,41%"
"26.03.1993","789,07","789,07","789,07","789,07","","0,04%"
"25.03.1993","788,76","788,76","788,76","788,76","","0,51%"
"24.03.1993","784,76","784,76","784,76","784,76","","0,80%"
"23.03.1993","778,55","778,55","778,55","778,55","","0,69%"
"22.03.1993","773,19","773,19","773,19","773,19","","0,32%"
"19.03.1993","770,73","770,73","770,73","770,73","","-0,11%"
"18.03.1993","771,57","771,57","771,57","771,57","","-0,28%"
"17.03.1993","773,71","773,71","773,71","773,71","","-0,29%"
"16.03.1993","775,95","775,95","775,95","775,95","","-0,09%"
"12.03.1993","776,68","776,68","776,68","776,68","","-0,31%"
"11.03.1993","779,13","779,13","779,13","779,13","","0,21%"
"10.03.1993","777,51","777,51","777,51","777,51","","0,02%"
"09.03.1993","777,38","777,38","777,38","777,38","","-0,06%"
"08.03.1993","777,86","777,86","777,86","777,86","","-0,41%"
"05.03.1993","781,10","781,10","781,10","781,10","","-0,61%"
"04.03.1993","785,93","785,93","785,93","785,93","","-0,59%"
"03.03.1993","790,56","790,56","790,56","790,56","","-0,25%"
"02.03.1993","792,52","792,52","792,52","792,52","","-0,86%"
"01.03.1993","799,43","799,43","799,43","799,43","","0,61%"
"26.02.1993","794,56","794,56","794,56","794,56","","0,20%"
"25.02.1993","792,95","792,95","792,95","792,95","","0,58%"
"24.02.1993","788,36","788,36","788,36","788,36","","0,29%"
"23.02.1993","786,11","786,11","786,11","786,11","","-0,12%"
"22.02.1993","787,02","787,02","787,02","787,02","","0,06%"
"19.02.1993","786,56","786,56","786,56","786,56","","0,00%"
"18.02.1993","786,56","786,56","786,56","786,56","","-0,11%"
"17.02.1993","787,42","787,42","787,42","787,42","","0,07%"
"16.02.1993","786,84","786,84","786,84","786,84","","-0,34%"
"15.02.1993","789,53","789,53","789,53","789,53","","0,16%"
"12.02.1993","788,29","788,29","788,29","788,29","","0,29%"
"11.02.1993","786,01","786,01","786,01","786,01","","0,11%"
"10.02.1993","785,15","785,15","785,15","785,15","","0,41%"
"09.02.1993","781,91","781,91","781,91","781,91","","0,21%"
"08.02.1993","780,26","780,26","780,26","780,26","","-0,28%"
"05.02.1993","782,49","782,49","782,49","782,49","","0,02%"
"04.02.1993","782,32","782,32","782,32","782,32","","-0,19%"
"03.02.1993","783,79","783,79","783,79","783,79","","0,02%"
"02.02.1993","783,61","783,61","783,61","783,61","","-0,49%"
"01.02.1993","787,49","787,49","787,49","787,49","","0,26%"
"29.01.1993","785,46","785,46","785,46","785,46","","-0,41%"
"28.01.1993","788,69","788,69","788,69","788,69","","-0,66%"
"27.01.1993","793,96","793,96","793,96","793,96","","-0,52%"
"26.01.1993","798,08","798,08","798,08","798,08","","-1,55%"
"25.01.1993","810,64","810,64","810,64","810,64","","-0,04%"
"22.01.1993","810,95","810,95","810,95","810,95","","-0,16%"
"21.01.1993","812,29","812,29","812,29","812,29","","-0,67%"
"20.01.1993","817,81","817,81","817,81","817,81","","-1,20%"
"19.01.1993","827,76","827,76","827,76","827,76","","-0,50%"
"18.01.1993","831,90","831,90","831,90","831,90","","-0,47%"
"15.01.1993","835,80","835,80","835,80","835,80","","-0,18%"
"14.01.1993","837,28","837,28","837,28","837,28","","0,10%"
"13.01.1993","836,44","836,44","836,44","836,44","","0,18%"
"12.01.1993","834,97","834,97","834,97","834,97","","-1,85%"
"11.01.1993","850,72","850,72","850,72","850,72","","-2,15%"
"08.01.1993","869,43","869,43","869,43","869,43","","-2,45%"
"07.01.1993","891,25","891,25","891,25","891,25","","0,04%"
"31.12.1992","890,90","890,90","890,90","890,90","","3,25%"
"30.12.1992","862,87","862,87","862,87","862,87","","1,42%"
"29.12.1992","850,76","850,76","850,76","850,76","","0,17%"
"23.12.1992","849,29","849,29","849,29","849,29","","-0,96%"
"21.12.1992","857,54","857,54","857,54","857,54","","0,23%"
"18.12.1992","855,59","855,59","855,59","855,59","","0,22%"
"17.12.1992","853,75","853,75","853,75","853,75","","-0,53%"
"16.12.1992","858,34","858,34","858,34","858,34","","0,19%"
"15.12.1992","856,67","856,67","856,67","856,67","","0,99%"
"14.12.1992","848,29","848,29","848,29","848,29","","1,10%"
"11.12.1992","839,08","839,08","839,08","839,08","","0,46%"
"10.12.1992","835,22","835,22","835,22","835,22","","-0,18%"
"09.12.1992","836,72","836,72","836,72","836,72","","-0,12%"
"08.12.1992","837,73","837,73","837,73","837,73","","-0,23%"
"07.12.1992","839,64","839,64","839,64","839,64","","0,54%"
"04.12.1992","835,17","835,17","835,17","835,17","","-0,63%"
"03.12.1992","840,48","840,48","840,48","840,48","","-0,02%"
"02.12.1992","840,63","840,63","840,63","840,63","","-1,26%"
"01.12.1992","851,35","851,35","851,35","851,35","","0,40%"
"30.11.1992","847,97","847,97","847,97","847,97","","0,24%"
"27.11.1992","845,91","845,91","845,91","845,91","","-0,34%"
"26.11.1992","848,78","848,78","848,78","848,78","","0,56%"
"25.11.1992","844,04","844,04","844,04","844,04","","1,12%"
"24.11.1992","834,73","834,73","834,73","834,73","","0,00%"
"23.11.1992","834,73","834,73","834,73","834,73","","0,19%"
"20.11.1992","833,18","833,18","833,18","833,18","","0,38%"
"19.11.1992","830,04","830,04","830,04","830,04","","-0,04%"
"18.11.1992","830,37","830,37","830,37","830,37","","-0,09%"
"17.11.1992","831,14","831,14","831,14","831,14","","-0,60%"
"16.11.1992","836,15","836,15","836,15","836,15","","0,39%"
"13.11.1992","832,92","832,92","832,92","832,92","","-0,11%"
"12.11.1992","833,84","833,84","833,84","833,84","","-4,38%"
"11.11.1992","872,06","872,06","872,06","872,06","","-1,75%"
"10.11.1992","887,55","887,55","887,55","887,55","","-0,20%"
"09.11.1992","889,30","889,30","889,30","889,30","","-0,76%"
"06.11.1992","896,15","896,15","896,15","896,15","","-0,46%"
"05.11.1992","900,32","900,32","900,32","900,32","","-0,01%"
"04.11.1992","900,41","900,41","900,41","900,41","","-0,07%"
"03.11.1992","901,00","901,00","901,00","901,00","","0,04%"
"02.11.1992","900,66","900,66","900,66","900,66","","-0,14%"
"30.10.1992","901,94","901,94","901,94","901,94","","0,14%"
"29.10.1992","900,69","900,69","900,69","900,69","","-0,26%"
"28.10.1992","903,08","903,08","903,08","903,08","","-0,20%"
"27.10.1992","904,87","904,87","904,87","904,87","","-0,57%"
"26.10.1992","910,04","910,04","910,04","910,04","","0,51%"
"22.10.1992","905,39","905,39","905,39","905,39","","-0,12%"
"21.10.1992","906,50","906,50","906,50","906,50","","0,69%"
"20.10.1992","900,28","900,28","900,28","900,28","","-0,20%"
"19.10.1992","902,05","902,05","902,05","902,05","","0,66%"
"16.10.1992","896,11","896,11","896,11","896,11","","-1,16%"
"15.10.1992","906,63","906,63","906,63","906,63","","0,20%"
"14.10.1992","904,83","904,83","904,83","904,83","","-0,23%"
"13.10.1992","906,89","906,89","906,89","906,89","","-0,61%"
"12.10.1992","912,42","912,42","912,42","912,42","","-0,13%"
"09.10.1992","913,63","913,63","913,63","913,63","","0,08%"
"08.10.1992","912,90","912,90","912,90","912,90","","0,31%"
"07.10.1992","910,08","910,08","910,08","910,08","","-0,16%"
"06.10.1992","911,53","911,53","911,53","911,53","","-0,95%"
"05.10.1992","920,31","920,31","920,31","920,31","","0,12%"
"02.10.1992","919,23","919,23","919,23","919,23","","-0,15%"
"01.10.1992","920,64","920,64","920,64","920,64","","-0,67%"
"30.09.1992","926,81","926,81","926,81","926,81","","-0,13%"
"29.09.1992","928,02","928,02","928,02","928,02","","0,65%"
"28.09.1992","922,01","922,01","922,01","922,01","","0,39%"
"25.09.1992","918,42","918,42","918,42","918,42","","0,39%"
"24.09.1992","914,89","914,89","914,89","914,89","","-0,21%"
"23.09.1992","916,84","916,84","916,84","916,84","","-0,09%"
"22.09.1992","917,69","917,69","917,69","917,69","","0,05%"
"21.09.1992","917,23","917,23","917,23","917,23","","-0,16%"
"18.09.1992","918,73","918,73","918,73","918,73","","0,00%"
"17.09.1992","918,73","918,73","918,73","918,73","","-0,10%"
"16.09.1992","919,63","919,63","919,63","919,63","","0,91%"
"15.09.1992","911,38","911,38","911,38","911,38","","-0,67%"
"14.09.1992","917,54","917,54","917,54","917,54","","0,17%"
"11.09.1992","915,94","915,94","915,94","915,94","","0,40%"
"10.09.1992","912,30","912,30","912,30","912,30","","0,17%"
"09.09.1992","910,71","910,71","910,71","910,71","","-0,13%"
"08.09.1992","911,85","911,85","911,85","911,85","","0,24%"
"07.09.1992","909,65","909,65","909,65","909,65","","0,24%"
"04.09.1992","907,46","907,46","907,46","907,46","","-0,14%"
"03.09.1992","908,74","908,74","908,74","908,74","","-0,25%"
"02.09.1992","910,98","910,98","910,98","910,98","","0,57%"
"01.09.1992","905,86","905,86","905,86","905,86","","0,16%"
"31.08.1992","904,41","904,41","904,41","904,41","","-0,17%"
"28.08.1992","905,96","905,96","905,96","905,96","","0,01%"
"27.08.1992","905,89","905,89","905,89","905,89","","-0,64%"
"26.08.1992","911,73","911,73","911,73","911,73","","0,06%"
"25.08.1992","911,20","911,20","911,20","911,20","","0,77%"
"24.08.1992","904,28","904,28","904,28","904,28","","-0,03%"
"19.08.1992","904,54","904,54","904,54","904,54","","0,06%"
"18.08.1992","903,97","903,97","903,97","903,97","","0,47%"
"17.08.1992","899,78","899,78","899,78","899,78","","-0,19%"
"14.08.1992","901,50","901,50","901,50","901,50","","-0,02%"
"13.08.1992","901,67","901,67","901,67","901,67","","-0,12%"
"12.08.1992","902,73","902,73","902,73","902,73","","0,07%"
"11.08.1992","902,07","902,07","902,07","902,07","","-0,10%"
"10.08.1992","902,94","902,94","902,94","902,94","","-0,48%"
"07.08.1992","907,32","907,32","907,32","907,32","","0,13%"
"06.08.1992","906,11","906,11","906,11","906,11","","0,79%"
"05.08.1992","899,05","899,05","899,05","899,05","","0,03%"
"04.08.1992","898,81","898,81","898,81","898,81","","-0,83%"
"03.08.1992","906,35","906,35","906,35","906,35","","0,02%"
"31.07.1992","906,14","906,14","906,14","906,14","","0,20%"
"30.07.1992","904,34","904,34","904,34","904,34","","-0,78%"
"29.07.1992","911,49","911,49","911,49","911,49","","0,69%"
"28.07.1992","905,24","905,24","905,24","905,24","","-0,42%"
"27.07.1992","909,06","909,06","909,06","909,06","","-0,44%"
"24.07.1992","913,08","913,08","913,08","913,08","","-0,03%"
"23.07.1992","913,37","913,37","913,37","913,37","","0,03%"
"22.07.1992","913,14","913,14","913,14","913,14","","0,20%"
"21.07.1992","911,35","911,35","911,35","911,35","","-0,95%"
"20.07.1992","920,13","920,13","920,13","920,13","","-0,73%"
"17.07.1992","926,92","926,92","926,92","926,92","","-0,54%"
"16.07.1992","931,96","931,96","931,96","931,96","","-0,91%"
"15.07.1992","940,55","940,55","940,55","940,55","","0,14%"
"14.07.1992","939,21","939,21","939,21","939,21","","-0,71%"
"10.07.1992","945,88","945,88","945,88","945,88","","-0,86%"
"09.07.1992","954,13","954,13","954,13","954,13","","1,78%"
"08.07.1992","937,41","937,41","937,41","937,41","","-0,71%"
"07.07.1992","944,08","944,08","944,08","944,08","","0,63%"
"06.07.1992","938,21","938,21","938,21","938,21","","0,07%"
"03.07.1992","937,57","937,57","937,57","937,57","","-0,03%"
"02.07.1992","937,86","937,86","937,86","937,86","","-0,04%"
"01.07.1992","938,28","938,28","938,28","938,28","","0,72%"
"30.06.1992","931,57","931,57","931,57","931,57","","0,77%"
"29.06.1992","924,41","924,41","924,41","924,41","","-3,21%"
"26.06.1992","955,04","955,04","955,04","955,04","","-0,64%"
"25.06.1992","961,17","961,17","961,17","961,17","","0,21%"
"24.06.1992","959,15","959,15","959,15","959,15","","-0,62%"
"23.06.1992","965,09","965,09","965,09","965,09","","-0,25%"
"22.06.1992","967,52","967,52","967,52","967,52","","-1,11%"
"19.06.1992","978,38","978,38","978,38","978,38","","-0,38%"
"18.06.1992","982,14","982,14","982,14","982,14","","-0,10%"
"17.06.1992","983,16","983,16","983,16","983,16","","-0,53%"
"16.06.1992","988,42","988,42","988,42","988,42","","0,46%"
"15.06.1992","983,88","983,88","983,88","983,88","","-0,16%"
"12.06.1992","985,44","985,44","985,44","985,44","","0,36%"
"11.06.1992","981,95","981,95","981,95","981,95","","-0,21%"
"10.06.1992","984,04","984,04","984,04","984,04","","0,74%"
"09.06.1992","976,81","976,81","976,81","976,81","","0,18%"
"08.06.1992","975,02","975,02","975,02","975,02","","0,41%"
"05.06.1992","971,00","971,00","971,00","971,00","","1,36%"
"04.06.1992","957,93","957,93","957,93","957,93","","1,62%"
"03.06.1992","942,66","942,66","942,66","942,66","","1,19%"
"02.06.1992","931,61","931,61","931,61","931,61","","0,87%"
"01.06.1992","923,56","923,56","923,56","923,56","","0,95%"
"29.05.1992","914,90","914,90","914,90","914,90","","-0,36%"
"28.05.1992","918,17","918,17","918,17","918,17","","-0,18%"
"27.05.1992","919,80","919,80","919,80","919,80","","-0,04%"
"26.05.1992","920,13","920,13","920,13","920,13","","-0,17%"
"25.05.1992","921,72","921,72","921,72","921,72","","-3,90%"
"24.05.1992","959,15","959,15","959,15","959,15","","-0,62%"
"23.05.1992","965,09","965,09","965,09","965,09","","5,00%"
"22.05.1992","919,13","919,13","919,13","919,13","","3,27%"
"21.05.1992","890,02","890,02","890,02","890,02","","2,30%"
"20.05.1992","870,02","870,02","870,02","870,02","","-5,95%"
"19.05.1992","925,02","925,02","925,02","925,02","","2,93%"
"18.05.1992","898,66","898,66","898,66","898,66","","-8,59%"
"17.05.1992","983,16","983,16","983,16","983,16","","-0,53%"
"16.05.1992","988,42","988,42","988,42","988,42","","7,29%"
"15.05.1992","921,25","921,25","921,25","921,25","","-1,22%"
"14.05.1992","932,61","932,61","932,61","932,61","","0,68%"
"13.05.1992","926,35","926,35","926,35","926,35","","-0,21%"
"12.05.1992","928,28","928,28","928,28","928,28","","-1,36%"
"11.05.1992","941,10","941,10","941,10","941,10","","0,40%"
"08.05.1992","937,34","937,34","937,34","937,34","","0,50%"
"07.05.1992","932,69","932,69","932,69","932,69","","-0,32%"
"06.05.1992","935,64","935,64","935,64","935,64","","0,36%"
"05.05.1992","932,31","932,31","932,31","932,31","","0,08%"
"04.05.1992","931,56","931,56","931,56","931,56","","-3,07%"
"30.04.1992","961,08","961,08","961,08","961,08","","-0,06%"
"29.04.1992","961,70","961,70","961,70","961,70","","-0,31%"
"28.04.1992","964,71","964,71","964,71","964,71","","0,03%"
"27.04.1992","964,39","964,39","964,39","964,39","","2,43%"
"24.04.1992","941,48","941,48","941,48","941,48","","-0,08%"
"23.04.1992","942,24","942,24","942,24","942,24","","1,28%"
"22.04.1992","930,31","930,31","930,31","930,31","","1,50%"
"21.04.1992","916,60","916,60","916,60","916,60","","-0,59%"
"17.04.1992","922,08","922,08","922,08","922,08","","-0,69%"
"16.04.1992","928,47","928,47","928,47","928,47","","0,32%"
"15.04.1992","925,48","925,48","925,48","925,48","","-0,17%"
"14.04.1992","927,09","927,09","927,09","927,09","","0,34%"
"13.04.1992","923,96","923,96","923,96","923,96","","0,76%"
"10.04.1992","916,95","916,95","916,95","916,95","","0,41%"
"09.04.1992","913,20","913,20","913,20","913,20","","-0,56%"
"08.04.1992","918,35","918,35","918,35","918,35","","-0,35%"
"07.04.1992","921,60","921,60","921,60","921,60","","-0,39%"
"06.04.1992","925,20","925,20","925,20","925,20","","-0,38%"
"03.04.1992","928,71","928,71","928,71","928,71","","0,14%"
"02.04.1992","927,41","927,41","927,41","927,41","","-0,06%"
"01.04.1992","928,01","928,01","928,01","928,01","","-0,24%"
"31.03.1992","930,20","930,20","930,20","930,20","","0,49%"
"30.03.1992","925,71","925,71","925,71","925,71","","0,27%"
"27.03.1992","923,26","923,26","923,26","923,26","","-0,89%"
"26.03.1992","931,59","931,59","931,59","931,59","","0,09%"
"25.03.1992","930,72","930,72","930,72","930,72","","1,18%"
"24.03.1992","919,91","919,91","919,91","919,91","","-1,02%"
"23.03.1992","929,36","929,36","929,36","929,36","","0,49%"
"20.03.1992","924,79","924,79","924,79","924,79","","1,78%"
"19.03.1992","908,62","908,62","908,62","908,62","","0,54%"
"18.03.1992","903,72","903,72","903,72","903,72","","1,44%"
"17.03.1992","890,91","890,91","890,91","890,91","","1,31%"
"16.03.1992","879,37","879,37","879,37","879,37","","-0,01%"
"13.03.1992","879,44","879,44","879,44","879,44","","0,63%"
"12.03.1992","873,94","873,94","873,94","873,94","","-0,17%"
"11.03.1992","875,40","875,40","875,40","875,40","","0,48%"
"10.03.1992","871,22","871,22","871,22","871,22","","0,45%"
"09.03.1992","867,35","867,35","867,35","867,35","","-0,05%"
"06.03.1992","867,76","867,76","867,76","867,76","","0,39%"
"05.03.1992","864,38","864,38","864,38","864,38","","-0,30%"
"04.03.1992","866,97","866,97","866,97","866,97","","0,91%"
"02.03.1992","859,16","859,16","859,16","859,16","","1,31%"
"28.02.1992","848,02","848,02","848,02","848,02","","0,77%"
"27.02.1992","841,50","841,50","841,50","841,50","","1,18%"
"26.02.1992","831,66","831,66","831,66","831,66","","-0,80%"
"25.02.1992","838,36","838,36","838,36","838,36","","-8,86%"
"24.02.1992","919,91","919,91","919,91","919,91","","-1,02%"
"23.02.1992","929,36","929,36","929,36","929,36","","10,83%"
"21.02.1992","838,55","838,55","838,55","838,55","","-9,33%"
"20.02.1992","924,79","924,79","924,79","924,79","","1,78%"
"19.02.1992","908,62","908,62","908,62","908,62","","0,54%"
"18.02.1992","903,72","903,72","903,72","903,72","","1,44%"
"17.02.1992","890,91","890,91","890,91","890,91","","-1,73%"
"15.02.1992","906,63","906,63","906,63","906,63","","0,20%"
"14.02.1992","904,83","904,83","904,83","904,83","","-0,23%"
"13.02.1992","906,89","906,89","906,89","906,89","","-0,61%"
"12.02.1992","912,42","912,42","912,42","912,42","","6,71%"
"11.02.1992","855,05","855,05","855,05","855,05","","0,29%"
"10.02.1992","852,61","852,61","852,61","852,61","","0,31%"
"07.02.1992","849,94","849,94","849,94","849,94","","-0,30%"
"06.02.1992","852,51","852,51","852,51","852,51","","-0,25%"
"05.02.1992","854,68","854,68","854,68","854,68","","-0,24%"
"04.02.1992","856,76","856,76","856,76","856,76","","-1,64%"
"03.02.1992","871,08","871,08","871,08","871,08","","2,10%"
"31.01.1992","853,15","853,15","853,15","853,15","","1,78%"
"30.01.1992","838,20","838,20","838,20","838,20","","0,15%"
"29.01.1992","836,91","836,91","836,91","836,91","","0,07%"
"28.01.1992","836,34","836,34","836,34","836,34","","-1,29%"
"27.01.1992","847,29","847,29","847,29","847,29","","-0,80%"
"24.01.1992","854,08","854,08","854,08","854,08","","-0,79%"
"23.01.1992","860,92","860,92","860,92","860,92","","-0,52%"
"22.01.1992","865,41","865,41","865,41","865,41","","-0,06%"
"21.01.1992","865,90","865,90","865,90","865,90","","0,35%"
"20.01.1992","862,91","862,91","862,91","862,91","","0,92%"
"17.01.1992","855,05","855,05","855,05","855,05","","-0,68%"
"16.01.1992","860,88","860,88","860,88","860,88","","0,06%"
"15.01.1992","860,37","860,37","860,37","860,37","","0,02%"
"14.01.1992","860,23","860,23","860,23","860,23","","0,14%"
"13.01.1992","859,05","859,05","859,05","859,05","","0,97%"
"10.01.1992","850,78","850,78","850,78","850,78","","0,95%"
"09.01.1992","842,77","842,77","842,77","842,77","","0,60%"
"08.01.1992","837,74","837,74","837,74","837,74","","0,08%"
"07.01.1992","837,07","837,07","837,07","837,07","","-0,14%"
"06.01.1992","838,26","838,26","838,26","838,26","","0,08%"
"31.12.1991","837,60","837,60","837,60","837,60","","-1,72%"
"30.12.1991","852,28","852,28","852,28","852,28","","0,45%"
"28.12.1991","848,46","848,46","848,46","848,46","","1,03%"
"27.12.1991","839,82","839,82","839,82","839,82","","0,67%"
"23.12.1991","834,27","834,27","834,27","834,27","","0,41%"
"20.12.1991","830,84","830,84","830,84","830,84","","1,34%"
"19.12.1991","819,83","819,83","819,83","819,83","","-3,77%"
"18.12.1991","851,96","851,96","851,96","851,96","","3,86%"
"17.12.1991","820,31","820,31","820,31","820,31","","0,18%"
"16.12.1991","818,82","818,82","818,82","818,82","","0,01%"
"13.12.1991","818,70","818,70","818,70","818,70","","-0,05%"
"12.12.1991","819,07","819,07","819,07","819,07","","2,68%"
"11.12.1991","797,69","797,69","797,69","797,69","","-2,57%"
"10.12.1991","818,73","818,73","818,73","818,73","","-0,12%"
"09.12.1991","819,75","819,75","819,75","819,75","","0,31%"
"06.12.1991","817,22","817,22","817,22","817,22","","0,26%"
"05.12.1991","815,09","815,09","815,09","815,09","","-0,06%"
"04.12.1991","815,61","815,61","815,61","815,61","","0,04%"
"03.12.1991","815,31","815,31","815,31","815,31","","0,09%"
"02.12.1991","814,60","814,60","814,60","814,60","","0,09%"
"29.11.1991","813,86","813,86","813,86","813,86","","-0,06%"
"28.11.1991","814,34","814,34","814,34","814,34","","0,12%"
"27.11.1991","813,38","813,38","813,38","813,38","","-1,17%"
"26.11.1991","822,97","822,97","822,97","822,97","","-0,43%"
"25.11.1991","826,50","826,50","826,50","826,50","","0,51%"
"22.11.1991","822,33","822,33","822,33","822,33","","-0,79%"
"21.11.1991","828,89","828,89","828,89","828,89","","-1,34%"
"20.11.1991","840,19","840,19","840,19","840,19","","-0,30%"
"19.11.1991","842,71","842,71","842,71","842,71","","-0,48%"
"18.11.1991","846,74","846,74","846,74","846,74","","-0,75%"
"15.11.1991","853,10","853,10","853,10","853,10","","0,16%"
"14.11.1991","851,72","851,72","851,72","851,72","","-0,56%"
"13.11.1991","856,52","856,52","856,52","856,52","","0,79%"
"12.11.1991","849,79","849,79","849,79","849,79","","0,08%"
"11.11.1991","849,10","849,10","849,10","849,10","","0,70%"
"08.11.1991","843,19","843,19","843,19","843,19","","1,23%"
"07.11.1991","832,97","832,97","832,97","832,97","","-0,34%"
"06.11.1991","835,79","835,79","835,79","835,79","","0,05%"
"05.11.1991","835,39","835,39","835,39","835,39","","-0,15%"
"04.11.1991","836,62","836,62","836,62","836,62","","-0,02%"
"01.11.1991","836,75","836,75","836,75","836,75","","0,68%"
"31.10.1991","831,11","831,11","831,11","831,11","","0,16%"
"30.10.1991","829,80","829,80","829,80","829,80","","0,37%"
"29.10.1991","826,78","826,78","826,78","826,78","","-0,32%"
"28.10.1991","829,43","829,43","829,43","829,43","","-0,03%"
"25.10.1991","829,69","829,69","829,69","829,69","","-1,03%"
"24.10.1991","838,34","838,34","838,34","838,34","","0,41%"
"22.10.1991","834,90","834,90","834,90","834,90","","0,81%"
"21.10.1991","828,23","828,23","828,23","828,23","","0,23%"
"18.10.1991","826,35","826,35","826,35","826,35","","0,25%"
"17.10.1991","824,27","824,27","824,27","824,27","","0,51%"
"16.10.1991","820,06","820,06","820,06","820,06","","-0,25%"
"15.10.1991","822,09","822,09","822,09","822,09","","0,02%"
"14.10.1991","821,94","821,94","821,94","821,94","","-2,28%"
"11.10.1991","841,14","841,14","841,14","841,14","","-1,40%"
"10.10.1991","853,07","853,07","853,07","853,07","","-0,85%"
"09.10.1991","860,41","860,41","860,41","860,41","","-0,06%"
"08.10.1991","860,94","860,94","860,94","860,94","","-0,19%"
"07.10.1991","862,58","862,58","862,58","862,58","","-0,13%"
"04.10.1991","863,70","863,70","863,70","863,70","","0,05%"
"03.10.1991","863,27","863,27","863,27","863,27","","-0,16%"
"02.10.1991","864,68","864,68","864,68","864,68","","-0,16%"
"01.10.1991","866,05","866,05","866,05","866,05","","-0,04%"
"30.09.1991","866,43","866,43","866,43","866,43","","-1,40%"
"27.09.1991","878,76","878,76","878,76","878,76","","-0,16%"
"26.09.1991","880,20","880,20","880,20","880,20","","0,72%"
"25.09.1991","873,93","873,93","873,93","873,93","","-1,15%"
"24.09.1991","884,12","884,12","884,12","884,12","","-1,17%"
"23.09.1991","894,60","894,60","894,60","894,60","","-1,46%"
"20.09.1991","907,81","907,81","907,81","907,81","","0,32%"
"19.09.1991","904,94","904,94","904,94","904,94","","-0,71%"
"18.09.1991","911,39","911,39","911,39","911,39","","-0,26%"
"17.09.1991","913,79","913,79","913,79","913,79","","0,09%"
"16.09.1991","912,99","912,99","912,99","912,99","","-0,74%"
"13.09.1991","919,84","919,84","919,84","919,84","","0,63%"
"12.09.1991","914,12","914,12","914,12","914,12","","-0,57%"
"11.09.1991","919,33","919,33","919,33","919,33","","0,62%"
"10.09.1991","913,64","913,64","913,64","913,64","","-0,88%"
"09.09.1991","921,79","921,79","921,79","921,79","","0,43%"
"06.09.1991","917,84","917,84","917,84","917,84","","-0,48%"
"05.09.1991","922,23","922,23","922,23","922,23","","0,19%"
"04.09.1991","920,49","920,49","920,49","920,49","","0,87%"
"03.09.1991","912,55","912,55","912,55","912,55","","-2,48%"
"02.09.1991","935,79","935,79","935,79","935,79","","-0,79%"
"29.08.1991","943,24","943,24","943,24","943,24","","-0,19%"
"28.08.1991","945,07","945,07","945,07","945,07","","0,26%"
"27.08.1991","942,62","942,62","942,62","942,62","","0,35%"
"26.08.1991","939,32","939,32","939,32","939,32","","0,47%"
"23.08.1991","934,90","934,90","934,90","934,90","","1,71%"
"22.08.1991","919,22","919,22","919,22","919,22","","2,62%"
"21.08.1991","895,75","895,75","895,75","895,75","","-5,91%"
"16.08.1991","952,04","952,04","952,04","952,04","","-0,15%"
"15.08.1991","953,45","953,45","953,45","953,45","","0,07%"
"14.08.1991","952,75","952,75","952,75","952,75","","0,10%"
"13.08.1991","951,84","951,84","951,84","951,84","","-0,10%"
"12.08.1991","952,78","952,78","952,78","952,78","","1,75%"
"10.08.1991","936,42","936,42","936,42","936,42","","-2,13%"
"09.08.1991","956,82","956,82","956,82","956,82","","-0,20%"
"08.08.1991","958,74","958,74","958,74","958,74","","0,24%"
"07.08.1991","956,40","956,40","956,40","956,40","","-0,59%"
"06.08.1991","962,12","962,12","962,12","962,12","","-0,05%"
"05.08.1991","962,61","962,61","962,61","962,61","","-0,98%"
"02.08.1991","972,15","972,15","972,15","972,15","","-1,16%"
"01.08.1991","983,57","983,57","983,57","983,57","","0,11%"
"31.07.1991","982,48","982,48","982,48","982,48","","-0,53%"
"30.07.1991","987,71","987,71","987,71","987,71","","-0,32%"
"29.07.1991","990,86","990,86","990,86","990,86","","1,35%"
"26.07.1991","977,63","977,63","977,63","977,63","","-0,60%"
"25.07.1991","983,50","983,50","983,50","983,50","","-0,43%"
"24.07.1991","987,77","987,77","987,77","987,77","","-0,57%"
"23.07.1991","993,42","993,42","993,42","993,42","","-0,68%"
"22.07.1991","1.000,27","1.000,27","1.000,27","1.000,27","","-0,45%"
"19.07.1991","1.004,78","1.004,78","1.004,78","1.004,78","","-0,43%"
"18.07.1991","1.009,15","1.009,15","1.009,15","1.009,15","","-0,07%"
"17.07.1991","1.009,90","1.009,90","1.009,90","1.009,90","","-0,33%"
"16.07.1991","1.013,25","1.013,25","1.013,25","1.013,25","","-0,51%"
"15.07.1991","1.018,48","1.018,48","1.018,48","1.018,48","","-0,16%"
"12.07.1991","1.020,08","1.020,08","1.020,08","1.020,08","","1,28%"
"11.07.1991","1.007,20","1.007,20","1.007,20","1.007,20","","1,00%"
"10.07.1991","997,21","997,21","997,21","997,21","","-1,86%"
"09.07.1991","1.016,14","1.016,14","1.016,14","1.016,14","","-0,43%"
"08.07.1991","1.020,50","1.020,50","1.020,50","1.020,50","","-1,44%"
"05.07.1991","1.035,45","1.035,45","1.035,45","1.035,45","","-1,52%"
"04.07.1991","1.051,42","1.051,42","1.051,42","1.051,42","","-0,85%"
"02.07.1991","1.060,45","1.060,45","1.060,45","1.060,45","","-0,10%"
"01.07.1991","1.061,55","1.061,55","1.061,55","1.061,55","","-0,14%"
"28.06.1991","1.063,03","1.063,03","1.063,03","1.063,03","","-1,01%"
"27.06.1991","1.073,91","1.073,91","1.073,91","1.073,91","","-0,65%"
"26.06.1991","1.080,99","1.080,99","1.080,99","1.080,99","","-0,85%"
"25.06.1991","1.090,25","1.090,25","1.090,25","1.090,25","","-0,73%"
"24.06.1991","1.098,25","1.098,25","1.098,25","1.098,25","","-1,71%"
"21.06.1991","1.117,32","1.117,32","1.117,32","1.117,32","","0,62%"
"20.06.1991","1.110,39","1.110,39","1.110,39","1.110,39","","0,45%"
"19.06.1991","1.105,45","1.105,45","1.105,45","1.105,45","","0,51%"
"18.06.1991","1.099,81","1.099,81","1.099,81","1.099,81","","-0,38%"
"17.06.1991","1.103,97","1.103,97","1.103,97","1.103,97","","-0,63%"
"14.06.1991","1.110,92","1.110,92","1.110,92","1.110,92","","-0,52%"
"13.06.1991","1.116,68","1.116,68","1.116,68","1.116,68","","-0,14%"
"12.06.1991","1.118,30","1.118,30","1.118,30","1.118,30","","-0,64%"
"11.06.1991","1.125,54","1.125,54","1.125,54","1.125,54","","0,28%"
"10.06.1991","1.122,45","1.122,45","1.122,45","1.122,45","","-0,06%"
"07.06.1991","1.123,15","1.123,15","1.123,15","1.123,15","","-0,33%"
"06.06.1991","1.126,87","1.126,87","1.126,87","1.126,87","","-0,04%"
"05.06.1991","1.127,35","1.127,35","1.127,35","1.127,35","","-0,21%"
"04.06.1991","1.129,76","1.129,76","1.129,76","1.129,76","","0,54%"
"03.06.1991","1.123,72","1.123,72","1.123,72","1.123,72","","0,77%"
"31.05.1991","1.115,18","1.115,18","1.115,18","1.115,18","","-0,46%"
"30.05.1991","1.120,30","1.120,30","1.120,30","1.120,30","","-0,21%"
"29.05.1991","1.122,67","1.122,67","1.122,67","1.122,67","","-0,11%"
"28.05.1991","1.123,93","1.123,93","1.123,93","1.123,93","","-1,22%"
"27.05.1991","1.137,80","1.137,80","1.137,80","1.137,80","","-0,69%"
"24.05.1991","1.145,70","1.145,70","1.145,70","1.145,70","","-0,72%"
"23.05.1991","1.154,03","1.154,03","1.154,03","1.154,03","","-0,54%"
"22.05.1991","1.160,31","1.160,31","1.160,31","1.160,31","","-0,02%"
"21.05.1991","1.160,56","1.160,56","1.160,56","1.160,56","","0,31%"
"20.05.1991","1.157,02","1.157,02","1.157,02","1.157,02","","0,52%"
"17.05.1991","1.150,99","1.150,99","1.150,99","1.150,99","","-0,14%"
"16.05.1991","1.152,62","1.152,62","1.152,62","1.152,62","","-0,12%"
"15.05.1991","1.154,01","1.154,01","1.154,01","1.154,01","","-0,65%"
"14.05.1991","1.161,53","1.161,53","1.161,53","1.161,53","","0,93%"
"13.05.1991","1.150,81","1.150,81","1.150,81","1.150,81","","0,20%"
"10.05.1991","1.148,47","1.148,47","1.148,47","1.148,47","","-0,40%"
"09.05.1991","1.153,07","1.153,07","1.153,07","1.153,07","","-0,48%"
"08.05.1991","1.158,64","1.158,64","1.158,64","1.158,64","","-1,50%"
"07.05.1991","1.176,30","1.176,30","1.176,30","1.176,30","","0,08%"
"06.05.1991","1.175,39","1.175,39","1.175,39","1.175,39","","-0,53%"
"03.05.1991","1.181,70","1.181,70","1.181,70","1.181,70","","-0,83%"
"02.05.1991","1.191,64","1.191,64","1.191,64","1.191,64","","-0,12%"
"30.04.1991","1.193,10","1.193,10","1.193,10","1.193,10","","0,00%"
"29.04.1991","1.193,08","1.193,08","1.193,08","1.193,08","","-0,61%"
"26.04.1991","1.200,44","1.200,44","1.200,44","1.200,44","","-0,52%"
"25.04.1991","1.206,76","1.206,76","1.206,76","1.206,76","","1,64%"
"24.04.1991","1.187,29","1.187,29","1.187,29","1.187,29","","0,26%"
"23.04.1991","1.184,16","1.184,16","1.184,16","1.184,16","","-0,70%"
"22.04.1991","1.192,46","1.192,46","1.192,46","1.192,46","","-0,33%"
"19.04.1991","1.196,38","1.196,38","1.196,38","1.196,38","","0,40%"
"18.04.1991","1.191,58","1.191,58","1.191,58","1.191,58","","-0,47%"
"17.04.1991","1.197,18","1.197,18","1.197,18","1.197,18","","0,24%"
"16.04.1991","1.194,31","1.194,31","1.194,31","1.194,31","","0,23%"
"15.04.1991","1.191,61","1.191,61","1.191,61","1.191,61","","-1,89%"
"12.04.1991","1.214,56","1.214,56","1.214,56","1.214,56","","0,63%"
"11.04.1991","1.206,95","1.206,95","1.206,95","1.206,95","","1,90%"
"10.04.1991","1.184,42","1.184,42","1.184,42","1.184,42","","0,44%"
"09.04.1991","1.179,22","1.179,22","1.179,22","1.179,22","","0,99%"
"08.04.1991","1.167,67","1.167,67","1.167,67","1.167,67","","-1,39%"
"05.04.1991","1.184,10","1.184,10","1.184,10","1.184,10","","-0,24%"
"04.04.1991","1.186,98","1.186,98","1.186,98","1.186,98","","-0,43%"
"03.04.1991","1.192,15","1.192,15","1.192,15","1.192,15","","0,66%"
"02.04.1991","1.184,38","1.184,38","1.184,38","1.184,38","","-0,26%"
"29.03.1991","1.187,46","1.187,46","1.187,46","1.187,46","","0,56%"
"28.03.1991","1.180,80","1.180,80","1.180,80","1.180,80","","0,62%"
"27.03.1991","1.173,57","1.173,57","1.173,57","1.173,57","","-0,31%"
"26.03.1991","1.177,27","1.177,27","1.177,27","1.177,27","","-0,11%"
"25.03.1991","1.178,62","1.178,62","1.178,62","1.178,62","","-0,83%"
"21.03.1991","1.188,47","1.188,47","1.188,47","1.188,47","","-0,23%"
"20.03.1991","1.191,24","1.191,24","1.191,24","1.191,24","","0,52%"
"19.03.1991","1.185,06","1.185,06","1.185,06","1.185,06","","-2,20%"
"18.03.1991","1.211,73","1.211,73","1.211,73","1.211,73","","1,01%"
"14.03.1991","1.199,65","1.199,65","1.199,65","1.199,65","","-0,33%"
"13.03.1991","1.203,68","1.203,68","1.203,68","1.203,68","","0,95%"
"12.03.1991","1.192,31","1.192,31","1.192,31","1.192,31","","1,90%"
"11.03.1991","1.170,04","1.170,04","1.170,04","1.170,04","","-0,65%"
"08.03.1991","1.177,65","1.177,65","1.177,65","1.177,65","","0,22%"
"07.03.1991","1.175,07","1.175,07","1.175,07","1.175,07","","0,82%"
"06.03.1991","1.165,50","1.165,50","1.165,50","1.165,50","","2,98%"
"05.03.1991","1.131,75","1.131,75","1.131,75","1.131,75","","3,16%"
"04.03.1991","1.097,12","1.097,12","1.097,12","1.097,12","","-0,61%"
"01.03.1991","1.103,88","1.103,88","1.103,88","1.103,88","","-0,65%"
"28.02.1991","1.111,12","1.111,12","1.111,12","1.111,12","","3,03%"
"27.02.1991","1.078,40","1.078,40","1.078,40","1.078,40","","2,35%"
"26.02.1991","1.053,61","1.053,61","1.053,61","1.053,61","","1,00%"
"25.02.1991","1.043,19","1.043,19","1.043,19","1.043,19","","-0,46%"
"22.02.1991","1.047,96","1.047,96","1.047,96","1.047,96","","2,46%"
"21.02.1991","1.022,83","1.022,83","1.022,83","1.022,83","","-0,83%"
"20.02.1991","1.031,39","1.031,39","1.031,39","1.031,39","","-2,35%"
"19.02.1991","1.056,22","1.056,22","1.056,22","1.056,22","","0,71%"
"18.02.1991","1.048,75","1.048,75","1.048,75","1.048,75","","-0,15%"
"15.02.1991","1.050,34","1.050,34","1.050,34","1.050,34","","-0,39%"
"14.02.1991","1.054,49","1.054,49","1.054,49","1.054,49","","-0,48%"
"13.02.1991","1.059,57","1.059,57","1.059,57","1.059,57","","-0,55%"
"12.02.1991","1.065,40","1.065,40","1.065,40","1.065,40","","-0,22%"
"11.02.1991","1.067,80","1.067,80","1.067,80","1.067,80","","-1,33%"
"08.02.1991","1.082,15","1.082,15","1.082,15","1.082,15","","-1,70%"
"07.02.1991","1.100,91","1.100,91","1.100,91","1.100,91","","-1,74%"
"06.02.1991","1.120,44","1.120,44","1.120,44","1.120,44","","1,18%"
"05.02.1991","1.107,41","1.107,41","1.107,41","1.107,41","","2,73%"
"04.02.1991","1.078,03","1.078,03","1.078,03","1.078,03","","0,51%"
"01.02.1991","1.072,53","1.072,53","1.072,53","1.072,53","","0,41%"
"31.01.1991","1.068,12","1.068,12","1.068,12","1.068,12","","0,42%"
"30.01.1991","1.063,61","1.063,61","1.063,61","1.063,61","","0,46%"
"29.01.1991","1.058,75","1.058,75","1.058,75","1.058,75","","0,23%"
"28.01.1991","1.056,37","1.056,37","1.056,37","1.056,37","","0,01%"
"25.01.1991","1.056,30","1.056,30","1.056,30","1.056,30","","-0,01%"
"24.01.1991","1.056,37","1.056,37","1.056,37","1.056,37","","2,33%"
"23.01.1991","1.032,34","1.032,34","1.032,34","1.032,34","","0,66%"
"22.01.1991","1.025,55","1.025,55","1.025,55","1.025,55","","1,06%"
"21.01.1991","1.014,75","1.014,75","1.014,75","1.014,75","","1,83%"
"18.01.1991","996,49","996,49","996,49","996,49","","0,62%"
"17.01.1991","990,36","990,36","990,36","990,36","","-0,04%"
"16.01.1991","990,74","990,74","990,74","990,74","","-0,09%"
"15.01.1991","991,61","991,61","991,61","991,61","","0,10%"
"14.01.1991","990,62","990,62","990,62","990,62","","-1,40%"
"11.01.1991","1.004,69","1.004,69","1.004,69","1.004,69","","0,40%"
"10.01.1991","1.000,65","1.000,65","1.000,65","1.000,65","","0,27%"
"09.01.1991","997,92","997,92","997,92","997,92","","-0,40%"
"08.01.1991","1.001,91","1.001,91","1.001,91","1.001,91","","0,49%"
"07.01.1991","997,06","997,06","997,06","997,06","","0,07%"