countryname,bankname,date,mktcap
bulgaria,fibank,2010-01-04,128.5132
bulgaria,fibank,2010-01-05,129.863
bulgaria,fibank,2010-01-06,128.5132
bulgaria,fibank,2010-01-07,129.3568
bulgaria,fibank,2010-01-08,131.2128
bulgaria,fibank,2010-01-11,139.4804
bulgaria,fibank,2010-01-12,139.4804
bulgaria,fibank,2010-01-13,139.4804
bulgaria,fibank,2010-01-14,141.5614
bulgaria,fibank,2010-01-15,141.6176
bulgaria,fibank,2010-01-18,140.0428
bulgaria,fibank,2010-01-19,140.3241
bulgaria,fibank,2010-01-20,142.5737
bulgaria,fibank,2010-01-21,141.7301
bulgaria,fibank,2010-01-22,139.4804
bulgaria,fibank,2010-01-25,138.0744
bulgaria,fibank,2010-01-26,138.6368
bulgaria,fibank,2010-01-27,139.6492
bulgaria,fibank,2010-01-28,140.3241
bulgaria,fibank,2010-01-29,138.918
bulgaria,fibank,2010-02-01,139.4242
bulgaria,fibank,2010-02-02,139.7616
bulgaria,fibank,2010-02-03,140.6053
bulgaria,fibank,2010-02-04,138.8055
bulgaria,fibank,2010-02-05,139.1992
bulgaria,fibank,2010-02-08,140.6053
bulgaria,fibank,2010-02-09,140.549
bulgaria,fibank,2010-02-10,141.8988
bulgaria,fibank,2010-02-11,140.0991
bulgaria,fibank,2010-02-12,141.6176
bulgaria,fibank,2010-02-15,139.3117
bulgaria,fibank,2010-02-16,140.6053
bulgaria,fibank,2010-02-17,139.4804
bulgaria,fibank,2010-02-18,136.837
bulgaria,fibank,2010-02-19,138.693
bulgaria,fibank,2010-02-22,139.4242
bulgaria,fibank,2010-02-23,137.062
bulgaria,fibank,2010-02-24,136.6683
bulgaria,fibank,2010-02-25,135.656
bulgaria,fibank,2010-02-26,135.5997
bulgaria,fibank,2010-03-01,135.4872
bulgaria,fibank,2010-03-02,133.2938
bulgaria,fibank,2010-03-04,134.3624
bulgaria,fibank,2010-03-05,134.3624
bulgaria,fibank,2010-03-08,133.6312
bulgaria,fibank,2010-03-09,133.2938
bulgaria,fibank,2010-03-10,133.35
bulgaria,fibank,2010-03-11,131.0441
bulgaria,fibank,2010-03-12,131.6065
bulgaria,fibank,2010-03-15,132.169
bulgaria,fibank,2010-03-16,131.8315
bulgaria,fibank,2010-03-17,133.9125
bulgaria,fibank,2010-03-18,134.0249
bulgaria,fibank,2010-03-19,136.7808
bulgaria,fibank,2010-03-22,134.7561
bulgaria,fibank,2010-03-23,134.4186
bulgaria,fibank,2010-03-24,133.4063
bulgaria,fibank,2010-03-25,134.6436
bulgaria,fibank,2010-03-26,134.4186
bulgaria,fibank,2010-03-29,133.35
bulgaria,fibank,2010-03-30,133.6312
bulgaria,fibank,2010-03-31,133.575
bulgaria,fibank,2010-04-01,136.3871
bulgaria,fibank,2010-04-02,136.3871
bulgaria,fibank,2010-04-06,136.1059
bulgaria,fibank,2010-04-07,137.7369
bulgaria,fibank,2010-04-08,136.6683
bulgaria,fibank,2010-04-09,136.2184
bulgaria,fibank,2010-04-12,134.9811
bulgaria,fibank,2010-04-13,136.0497
bulgaria,fibank,2010-04-14,136.3309
bulgaria,fibank,2010-04-15,135.5997
bulgaria,fibank,2010-04-16,135.5435
bulgaria,fibank,2010-04-19,136.1059
bulgaria,fibank,2010-04-20,136.3871
bulgaria,fibank,2010-04-21,136.3871
bulgaria,fibank,2010-04-22,136.1059
bulgaria,fibank,2010-04-23,136.2746
bulgaria,fibank,2010-04-26,134.4749
bulgaria,fibank,2010-04-27,134.9811
bulgaria,fibank,2010-04-28,133.2938
bulgaria,fibank,2010-04-29,134.6998
bulgaria,fibank,2010-04-30,135.9372
bulgaria,fibank,2010-05-03,133.2938
bulgaria,fibank,2010-05-04,133.8562
bulgaria,fibank,2010-05-05,132.1127
bulgaria,fibank,2010-05-07,132.1127
bulgaria,fibank,2010-05-10,129.6381
bulgaria,fibank,2010-05-11,132.169
bulgaria,fibank,2010-05-12,129.9193
bulgaria,fibank,2010-05-13,128.2882
bulgaria,fibank,2010-05-14,126.4323
bulgaria,fibank,2010-05-17,122.664
bulgaria,fibank,2010-05-18,124.8575
bulgaria,fibank,2010-05-19,120.9205
bulgaria,fibank,2010-05-20,116.4212
bulgaria,fibank,2010-05-21,119.7957
bulgaria,fibank,2010-05-25,113.9465
bulgaria,fibank,2010-05-26,118.1647
bulgaria,fibank,2010-05-27,118.8396
bulgaria,fibank,2010-05-28,120.9768
bulgaria,fibank,2010-05-31,116.9836
bulgaria,fibank,2010-06-01,114.7339
bulgaria,fibank,2010-06-02,116.7024
bulgaria,fibank,2010-06-03,117.0398
bulgaria,fibank,2010-06-04,117.546
bulgaria,fibank,2010-06-07,113.5528
bulgaria,fibank,2010-06-08,112.4842
bulgaria,fibank,2010-06-09,112.0343
bulgaria,fibank,2010-06-10,112.428
bulgaria,fibank,2010-06-11,113.0466
bulgaria,fibank,2010-06-14,111.978
bulgaria,fibank,2010-06-15,114.1715
bulgaria,fibank,2010-06-16,113.1029
bulgaria,fibank,2010-06-17,112.4842
bulgaria,fibank,2010-06-18,111.9218
bulgaria,fibank,2010-06-21,111.6968
bulgaria,fibank,2010-06-22,112.4842
bulgaria,fibank,2010-06-23,110.2345
bulgaria,fibank,2010-06-24,111.0782
bulgaria,fibank,2010-06-25,109.1097
bulgaria,fibank,2010-06-28,110.2345
bulgaria,fibank,2010-06-29,107.085
bulgaria,fibank,2010-06-30,106.86
bulgaria,fibank,2010-07-01,103.4855
bulgaria,fibank,2010-07-02,107.4224
bulgaria,fibank,2010-07-05,104.0479
bulgaria,fibank,2010-07-06,104.6103
bulgaria,fibank,2010-07-07,104.0479
bulgaria,fibank,2010-07-08,104.3291
bulgaria,fibank,2010-07-09,104.1041
bulgaria,fibank,2010-07-12,103.2605
bulgaria,fibank,2010-07-13,104.3854
bulgaria,fibank,2010-07-14,104.3854
bulgaria,fibank,2010-07-15,104.3854
bulgaria,fibank,2010-07-16,104.0479
bulgaria,fibank,2010-07-19,105.1727
bulgaria,fibank,2010-07-20,103.7667
bulgaria,fibank,2010-07-21,104.6103
bulgaria,fibank,2010-07-22,102.0794
bulgaria,fibank,2010-07-23,102.0794
bulgaria,fibank,2010-07-26,101.7982
bulgaria,fibank,2010-07-27,101.7982
bulgaria,fibank,2010-07-28,101.7982
bulgaria,fibank,2010-07-29,102.9231
bulgaria,fibank,2010-07-30,101.8545
bulgaria,fibank,2010-08-02,102.6418
bulgaria,fibank,2010-08-03,105.1165
bulgaria,fibank,2010-08-04,112.3155
bulgaria,fibank,2010-08-05,111.9218
bulgaria,fibank,2010-08-06,112.203
bulgaria,fibank,2010-08-09,110.347
bulgaria,fibank,2010-08-10,110.2345
bulgaria,fibank,2010-08-11,111.3594
bulgaria,fibank,2010-08-12,110.5157
bulgaria,fibank,2010-08-13,112.4842
bulgaria,fibank,2010-08-16,111.1344
bulgaria,fibank,2010-08-17,110.797
bulgaria,fibank,2010-08-18,112.4842
bulgaria,fibank,2010-08-19,112.4842
bulgaria,fibank,2010-08-20,109.8408
bulgaria,fibank,2010-08-23,110.7407
bulgaria,fibank,2010-08-24,110.797
bulgaria,fibank,2010-08-25,109.1659
bulgaria,fibank,2010-08-26,108.9972
bulgaria,fibank,2010-08-27,108.2098
bulgaria,fibank,2010-08-30,109.3909
bulgaria,fibank,2010-08-31,109.6721
bulgaria,fibank,2010-09-01,109.6159
bulgaria,fibank,2010-09-02,110.5157
bulgaria,fibank,2010-09-03,110.6282
bulgaria,fibank,2010-09-07,107.5912
bulgaria,fibank,2010-09-08,108.0411
bulgaria,fibank,2010-09-09,109.6721
bulgaria,fibank,2010-09-10,107.0287
bulgaria,fibank,2010-09-13,110.4595
bulgaria,fibank,2010-09-14,107.4224
bulgaria,fibank,2010-09-15,109.3909
bulgaria,fibank,2010-09-16,112.1468
bulgaria,fibank,2010-09-17,110.797
bulgaria,fibank,2010-09-20,111.3594
bulgaria,fibank,2010-09-21,111.0219
bulgaria,fibank,2010-09-23,109.2222
bulgaria,fibank,2010-09-24,108.2661
bulgaria,fibank,2010-09-27,107.9848
bulgaria,fibank,2010-09-28,108.5473
bulgaria,fibank,2010-09-29,106.86
bulgaria,fibank,2010-09-30,107.9848
bulgaria,fibank,2010-10-01,107.1412
bulgaria,fibank,2010-10-04,106.0164
bulgaria,fibank,2010-10-05,104.6103
bulgaria,fibank,2010-10-06,106.86
bulgaria,fibank,2010-10-07,100.6734
bulgaria,fibank,2010-10-08,99.5485
bulgaria,fibank,2010-10-11,99.5485
bulgaria,fibank,2010-10-12,99.0424
bulgaria,fibank,2010-10-13,107.9848
bulgaria,fibank,2010-10-14,101.1233
bulgaria,fibank,2010-10-15,100.111
bulgaria,fibank,2010-10-18,98.9861
bulgaria,fibank,2010-10-19,100.111
bulgaria,fibank,2010-10-20,92.7995
bulgaria,fibank,2010-10-21,93.3619
bulgaria,fibank,2010-10-22,95.6116
bulgaria,fibank,2010-10-25,93.3619
bulgaria,fibank,2010-10-26,92.2371
bulgaria,fibank,2010-10-27,92.7995
bulgaria,fibank,2010-10-28,97.8613
bulgaria,fibank,2010-10-29,98.8174
bulgaria,fibank,2010-11-01,104.0479
bulgaria,fibank,2010-11-02,98.9861
bulgaria,fibank,2010-11-03,95.7803
bulgaria,fibank,2010-11-04,93.9243
bulgaria,fibank,2010-11-05,95.6116
bulgaria,fibank,2010-11-08,94.4867
bulgaria,fibank,2010-11-09,100.0547
bulgaria,fibank,2010-11-10,102.3606
bulgaria,fibank,2010-11-11,99.6048
bulgaria,fibank,2010-11-12,98.1987
bulgaria,fibank,2010-11-15,99.436
bulgaria,fibank,2010-11-16,101.2358
bulgaria,fibank,2010-11-17,105.454
bulgaria,fibank,2010-11-18,106.86
bulgaria,fibank,2010-11-19,106.86
bulgaria,fibank,2010-11-22,108.2661
bulgaria,fibank,2010-11-23,110.572
bulgaria,fibank,2010-11-24,110.2345
bulgaria,fibank,2010-11-25,111.1344
bulgaria,fibank,2010-11-26,113.6091
bulgaria,fibank,2010-11-29,115.2963
bulgaria,fibank,2010-11-30,112.4842
bulgaria,fibank,2010-12-01,112.4842
bulgaria,fibank,2010-12-02,112.4842
bulgaria,fibank,2010-12-03,113.0466
bulgaria,fibank,2010-12-06,113.6091
bulgaria,fibank,2010-12-07,113.6653
bulgaria,fibank,2010-12-08,115.2963
bulgaria,fibank,2010-12-09,113.6653
bulgaria,fibank,2010-12-10,116.9836
bulgaria,fibank,2010-12-13,118.1084
bulgaria,fibank,2010-12-14,118.1647
bulgaria,fibank,2010-12-15,118.1084
bulgaria,fibank,2010-12-16,119.7957
bulgaria,fibank,2010-12-17,118.1084
bulgaria,fibank,2010-12-20,118.1084
bulgaria,fibank,2010-12-21,117.0398
bulgaria,fibank,2010-12-22,123.0015
bulgaria,fibank,2010-12-23,126.4323
bulgaria,fibank,2010-12-27,123.7326
bulgaria,fibank,2010-12-28,123.6202
bulgaria,fibank,2010-12-29,123.2827
bulgaria,fibank,2010-12-30,120.9205
bulgaria,fibank,2011-01-03,121.7642
bulgaria,fibank,2011-01-04,121.2017
bulgaria,fibank,2011-01-05,118.1084
bulgaria,fibank,2011-01-06,115.8587
bulgaria,fibank,2011-01-07,118.1084
bulgaria,fibank,2011-01-10,118.1084
bulgaria,fibank,2011-01-11,120.0769
bulgaria,fibank,2011-01-12,120.9205
bulgaria,fibank,2011-01-13,123.4514
bulgaria,fibank,2011-01-14,123.7326
bulgaria,fibank,2011-01-17,137.2307
bulgaria,fibank,2011-01-18,146.117
bulgaria,fibank,2011-01-19,141.7301
bulgaria,fibank,2011-01-20,143.4174
bulgaria,fibank,2011-01-21,146.0608
bulgaria,fibank,2011-01-24,145.1046
bulgaria,fibank,2011-01-25,148.8166
bulgaria,fibank,2011-01-26,149.0416
bulgaria,fibank,2011-01-27,157.7591
bulgaria,fibank,2011-01-28,157.5341
bulgaria,fibank,2011-01-31,157.4779
bulgaria,fibank,2011-02-01,168.7263
bulgaria,fibank,2011-02-02,174.5193
bulgaria,fibank,2011-02-03,182.2807
bulgaria,fibank,2011-02-04,174.3505
bulgaria,fibank,2011-02-07,165.408
bulgaria,fibank,2011-02-08,173.1132
bulgaria,fibank,2011-02-09,179.9747
bulgaria,fibank,2011-02-10,180.031
bulgaria,fibank,2011-02-11,180.5372
bulgaria,fibank,2011-02-14,186.7238
bulgaria,fibank,2011-02-15,191.2232
bulgaria,fibank,2011-02-16,193.7541
bulgaria,fibank,2011-02-17,192.0668
bulgaria,fibank,2011-02-18,194.5977
bulgaria,fibank,2011-02-21,195.1601
bulgaria,fibank,2011-02-22,191.2232
bulgaria,fibank,2011-02-23,183.4618
bulgaria,fibank,2011-02-24,181.3808
bulgaria,fibank,2011-02-25,191.2232
bulgaria,fibank,2011-02-28,190.492
bulgaria,fibank,2011-03-01,188.9735
bulgaria,fibank,2011-03-02,187.8486
bulgaria,fibank,2011-03-07,187.8486
bulgaria,fibank,2011-03-08,188.9735
bulgaria,fibank,2011-03-09,190.0983
bulgaria,fibank,2011-03-10,189.1422
bulgaria,fibank,2011-03-11,185.599
bulgaria,fibank,2011-03-14,182.7868
bulgaria,fibank,2011-03-15,177.4438
bulgaria,fibank,2011-03-16,182.7868
bulgaria,fibank,2011-03-17,185.599
bulgaria,fibank,2011-03-18,185.599
bulgaria,fibank,2011-03-21,188.4111
bulgaria,fibank,2011-03-22,190.6607
bulgaria,fibank,2011-03-23,188.4111
bulgaria,fibank,2011-03-24,188.4111
bulgaria,fibank,2011-03-25,188.4111
bulgaria,fibank,2011-03-28,188.9735
bulgaria,fibank,2011-03-29,189.2547
bulgaria,fibank,2011-03-30,188.9735
bulgaria,fibank,2011-03-31,189.2547
bulgaria,fibank,2011-04-01,189.5359
bulgaria,fibank,2011-04-04,188.9735
bulgaria,fibank,2011-04-05,188.9735
bulgaria,fibank,2011-04-06,185.7114
bulgaria,fibank,2011-04-07,189.7046
bulgaria,fibank,2011-04-08,191.7293
bulgaria,fibank,2011-04-11,191.2232
bulgaria,fibank,2011-04-12,189.5359
bulgaria,fibank,2011-04-13,191.7856
bulgaria,fibank,2011-04-14,191.7856
bulgaria,fibank,2011-04-15,192.573
bulgaria,fibank,2011-04-18,196.7911
bulgaria,fibank,2011-04-19,195.835
bulgaria,fibank,2011-04-20,194.0353
bulgaria,fibank,2011-04-21,194.5977
bulgaria,fibank,2011-04-26,194.0915
bulgaria,fibank,2011-04-27,194.8227
bulgaria,fibank,2011-04-28,196.5662
bulgaria,fibank,2011-04-29,195.1601
bulgaria,fibank,2011-05-02,195.8913
bulgaria,fibank,2011-05-03,194.204
bulgaria,fibank,2011-05-04,194.0353
bulgaria,fibank,2011-05-05,194.0353
bulgaria,fibank,2011-05-09,193.5291
bulgaria,fibank,2011-05-10,191.7856
bulgaria,fibank,2011-05-11,196.4537
bulgaria,fibank,2011-05-12,194.0353
bulgaria,fibank,2011-05-13,195.1601
bulgaria,fibank,2011-05-16,193.7541
bulgaria,fibank,2011-05-17,194.0353
bulgaria,fibank,2011-05-18,194.5977
bulgaria,fibank,2011-05-19,191.2232
bulgaria,fibank,2011-05-20,192.348
bulgaria,fibank,2011-05-25,193.4728
bulgaria,fibank,2011-05-26,191.2794
bulgaria,fibank,2011-05-27,191.2232
bulgaria,fibank,2011-05-30,190.0983
bulgaria,fibank,2011-05-31,188.0174
bulgaria,fibank,2011-06-01,188.4111
bulgaria,fibank,2011-06-02,188.4111
bulgaria,fibank,2011-06-03,185.0365
bulgaria,fibank,2011-06-06,177.7251
bulgaria,fibank,2011-06-07,174.3505
bulgaria,fibank,2011-06-08,175.7566
bulgaria,fibank,2011-06-09,174.3505
bulgaria,fibank,2011-06-10,175.2504
bulgaria,fibank,2011-06-13,176.6002
bulgaria,fibank,2011-06-14,174.913
bulgaria,fibank,2011-06-15,174.913
bulgaria,fibank,2011-06-16,176.6002
bulgaria,fibank,2011-06-17,177.1626
bulgaria,fibank,2011-06-20,174.3505
bulgaria,fibank,2011-06-21,176.0378
bulgaria,fibank,2011-06-22,176.0378
bulgaria,fibank,2011-06-23,171.5384
bulgaria,fibank,2011-06-24,174.913
bulgaria,fibank,2011-06-27,174.913
bulgaria,fibank,2011-06-28,169.6262
bulgaria,fibank,2011-06-29,169.7949
bulgaria,fibank,2011-06-30,172.9445
bulgaria,fibank,2011-07-01,169.57
bulgaria,fibank,2011-07-04,170.976
bulgaria,fibank,2011-07-05,168.7263
bulgaria,fibank,2011-07-06,165.9142
bulgaria,fibank,2011-07-07,165.9142
bulgaria,fibank,2011-07-08,167.0391
bulgaria,fibank,2011-07-11,168.7263
bulgaria,fibank,2011-07-12,168.7263
bulgaria,fibank,2011-07-13,168.7263
bulgaria,fibank,2011-07-14,171.4259
bulgaria,fibank,2011-07-15,171.4259
bulgaria,fibank,2011-07-18,163.9457
bulgaria,fibank,2011-07-19,164.7894
bulgaria,fibank,2011-07-20,168.7263
bulgaria,fibank,2011-07-21,168.7263
bulgaria,fibank,2011-07-22,167.6015
bulgaria,fibank,2011-07-25,165.408
bulgaria,fibank,2011-07-26,165.408
bulgaria,fibank,2011-07-27,168.7263
bulgaria,fibank,2011-07-28,167.0391
bulgaria,fibank,2011-07-29,168.6701
bulgaria,fibank,2011-08-01,170.1324
bulgaria,fibank,2011-08-02,166.0829
bulgaria,fibank,2011-08-03,165.9142
bulgaria,fibank,2011-08-04,165.9142
bulgaria,fibank,2011-08-05,158.0403
bulgaria,fibank,2011-08-08,150.2227
bulgaria,fibank,2011-08-09,140.6053
bulgaria,fibank,2011-08-10,150.1664
bulgaria,fibank,2011-08-11,134.9248
bulgaria,fibank,2011-08-12,140.6053
bulgaria,fibank,2011-08-15,142.855
bulgaria,fibank,2011-08-16,141.7301
bulgaria,fibank,2011-08-17,142.855
bulgaria,fibank,2011-08-18,137.2307
bulgaria,fibank,2011-08-19,131.1004
bulgaria,fibank,2011-08-22,131.1004
bulgaria,fibank,2011-08-23,139.5929
bulgaria,fibank,2011-08-24,140.549
bulgaria,fibank,2011-08-25,140.4928
bulgaria,fibank,2011-08-26,140.3803
bulgaria,fibank,2011-08-29,134.9811
bulgaria,fibank,2011-08-30,144.2048
bulgaria,fibank,2011-08-31,145.6671
bulgaria,fibank,2011-09-01,140.6053
bulgaria,fibank,2011-09-02,140.6053
bulgaria,fibank,2011-09-07,141.4489
bulgaria,fibank,2011-09-08,141.1677
bulgaria,fibank,2011-09-09,140.6053
bulgaria,fibank,2011-09-12,140.6053
bulgaria,fibank,2011-09-13,140.6053
bulgaria,fibank,2011-09-14,140.6053
bulgaria,fibank,2011-09-15,140.6053
bulgaria,fibank,2011-09-16,140.6053
bulgaria,fibank,2011-09-19,140.6053
bulgaria,fibank,2011-09-20,139.7616
bulgaria,fibank,2011-09-21,134.9811
bulgaria,fibank,2011-09-26,127.1072
bulgaria,fibank,2011-09-27,130.4817
bulgaria,fibank,2011-09-28,133.8562
bulgaria,fibank,2011-09-29,132.169
bulgaria,fibank,2011-09-30,133.8562
bulgaria,fibank,2011-10-03,126.5447
bulgaria,fibank,2011-10-04,124.8575
bulgaria,fibank,2011-10-05,126.4885
bulgaria,fibank,2011-10-06,128.7382
bulgaria,fibank,2011-10-07,126.4323
bulgaria,fibank,2011-10-10,129.3568
bulgaria,fibank,2011-10-11,129.3568
bulgaria,fibank,2011-10-12,129.3568
bulgaria,fibank,2011-10-13,129.3568
bulgaria,fibank,2011-10-14,132.169
bulgaria,fibank,2011-10-17,129.5256
bulgaria,fibank,2011-10-18,129.6381
bulgaria,fibank,2011-10-19,129.3568
bulgaria,fibank,2011-10-20,132.1127
bulgaria,fibank,2011-10-21,132.1127
bulgaria,fibank,2011-10-24,132.1127
bulgaria,fibank,2011-10-25,132.1127
bulgaria,fibank,2011-10-26,131.8877
bulgaria,fibank,2011-10-27,126.5447
bulgaria,fibank,2011-10-28,131.3253
bulgaria,fibank,2011-10-31,123.7326
bulgaria,fibank,2011-11-01,125.9823
bulgaria,fibank,2011-11-02,116.5336
bulgaria,fibank,2011-11-03,121.7642
bulgaria,fibank,2011-11-04,122.1016
bulgaria,fibank,2011-11-07,114.1715
bulgaria,fibank,2011-11-08,119.2333
bulgaria,fibank,2011-11-09,115.3526
bulgaria,fibank,2011-11-10,114.7339
bulgaria,fibank,2011-11-11,112.4842
bulgaria,fibank,2011-11-14,117.546
bulgaria,fibank,2011-11-15,117.546
bulgaria,fibank,2011-11-16,117.546
bulgaria,fibank,2011-11-17,112.4842
bulgaria,fibank,2011-11-18,108.2661
bulgaria,fibank,2011-11-21,104.2166
bulgaria,fibank,2011-11-22,102.3606
bulgaria,fibank,2011-11-23,101.2358
bulgaria,fibank,2011-11-24,99.886
bulgaria,fibank,2011-11-25,101.2358
bulgaria,fibank,2011-11-28,101.2358
bulgaria,fibank,2011-11-29,100.111
bulgaria,fibank,2011-11-30,99.5485
bulgaria,fibank,2011-12-01,101.1796
bulgaria,fibank,2011-12-02,103.4855
bulgaria,fibank,2011-12-05,98.4237
bulgaria,fibank,2011-12-06,95.6116
bulgaria,fibank,2011-12-07,96.1178
bulgaria,fibank,2011-12-08,96.7364
bulgaria,fibank,2011-12-09,96.7364
bulgaria,fibank,2011-12-12,100.6171
bulgaria,fibank,2011-12-13,92.7995
bulgaria,fibank,2011-12-14,92.7995
bulgaria,fibank,2011-12-15,93.9243
bulgaria,fibank,2011-12-16,92.7995
bulgaria,fibank,2011-12-19,92.7995
bulgaria,fibank,2011-12-20,94.768
bulgaria,fibank,2011-12-21,95.6116
bulgaria,fibank,2011-12-22,105.1727
bulgaria,fibank,2011-12-23,109.5596
bulgaria,fibank,2011-12-27,107.9848
bulgaria,fibank,2011-12-28,108.7722
bulgaria,fibank,2011-12-29,99.0424
bulgaria,fibank,2011-12-30,106.2413
bulgaria,fibank,2012-01-03,104.0479
bulgaria,fibank,2012-01-04,102.8106
bulgaria,fibank,2012-01-05,102.3044
bulgaria,fibank,2012-01-06,97.2988
bulgaria,fibank,2012-01-09,100.111
bulgaria,fibank,2012-01-10,98.4237
bulgaria,fibank,2012-01-11,100.111
bulgaria,fibank,2012-01-12,100.111
bulgaria,fibank,2012-01-13,100.111
bulgaria,fibank,2012-01-16,100.111
bulgaria,fibank,2012-01-17,99.9422
bulgaria,fibank,2012-01-18,100.111
bulgaria,fibank,2012-01-19,100.111
bulgaria,fibank,2012-01-20,98.7049
bulgaria,fibank,2012-01-23,106.86
bulgaria,fibank,2012-01-24,104.0479
bulgaria,fibank,2012-01-25,104.0479
bulgaria,fibank,2012-01-26,106.86
bulgaria,fibank,2012-01-27,114.7339
bulgaria,fibank,2012-01-30,112.5405
bulgaria,fibank,2012-01-31,114.7901
bulgaria,fibank,2012-02-01,115.8587
bulgaria,fibank,2012-02-02,110.2908
bulgaria,fibank,2012-02-03,110.797
bulgaria,fibank,2012-02-06,112.4842
bulgaria,fibank,2012-02-07,104.3291
bulgaria,fibank,2012-02-08,109.6721
bulgaria,fibank,2012-02-09,105.7352
bulgaria,fibank,2012-02-10,105.7352
bulgaria,fibank,2012-02-13,110.9657
bulgaria,fibank,2012-02-14,106.9162
bulgaria,fibank,2012-02-15,109.1097
bulgaria,fibank,2012-02-16,105.7352
bulgaria,fibank,2012-02-17,105.7352
bulgaria,fibank,2012-02-20,105.7352
bulgaria,fibank,2012-02-21,110.7407
bulgaria,fibank,2012-02-22,106.9162
bulgaria,fibank,2012-02-23,108.8285
bulgaria,fibank,2012-02-24,105.2852
bulgaria,fibank,2012-02-27,105.2852
bulgaria,fibank,2012-02-28,105.7352
bulgaria,fibank,2012-02-29,109.6159
bulgaria,fibank,2012-03-01,109.6721
bulgaria,fibank,2012-03-02,109.6721
bulgaria,fibank,2012-03-05,106.86
bulgaria,fibank,2012-03-06,106.86
bulgaria,fibank,2012-03-07,105.1727
bulgaria,fibank,2012-03-08,106.2976
bulgaria,fibank,2012-03-09,105.1727
bulgaria,fibank,2012-03-12,105.1727
bulgaria,fibank,2012-03-13,105.1727
bulgaria,fibank,2012-03-14,105.1727
bulgaria,fibank,2012-03-15,105.1727
bulgaria,fibank,2012-03-16,112.4842
bulgaria,fibank,2012-03-19,109.6721
bulgaria,fibank,2012-03-20,109.6721
bulgaria,fibank,2012-03-21,106.86
bulgaria,fibank,2012-03-22,106.5788
bulgaria,fibank,2012-03-23,106.2976
bulgaria,fibank,2012-03-26,104.3291
bulgaria,fibank,2012-03-27,103.373
bulgaria,fibank,2012-03-28,105.1727
bulgaria,fibank,2012-03-29,104.0479
bulgaria,fibank,2012-03-30,104.0479
bulgaria,fibank,2012-04-02,107.4224
bulgaria,fibank,2012-04-03,102.9231
bulgaria,fibank,2012-04-04,107.4224
bulgaria,fibank,2012-04-05,107.4224
bulgaria,fibank,2012-04-10,102.9231
bulgaria,fibank,2012-04-11,104.0479
bulgaria,fibank,2012-04-12,104.6103
bulgaria,fibank,2012-04-17,105.7352
bulgaria,fibank,2012-04-18,105.7352
bulgaria,fibank,2012-04-19,105.7352
bulgaria,fibank,2012-04-20,105.1727
bulgaria,fibank,2012-04-23,106.5788
bulgaria,fibank,2012-04-24,105.7352
bulgaria,fibank,2012-04-25,105.7352
bulgaria,fibank,2012-04-26,105.7352
bulgaria,fibank,2012-04-27,105.1727
bulgaria,fibank,2012-05-02,105.2852
bulgaria,fibank,2012-05-03,105.2852
bulgaria,fibank,2012-05-04,107.4224
bulgaria,fibank,2012-05-07,105.7352
bulgaria,fibank,2012-05-08,104.6666
bulgaria,fibank,2012-05-09,104.7228
bulgaria,fibank,2012-05-10,104.0479
bulgaria,fibank,2012-05-11,104.0479
bulgaria,fibank,2012-05-14,103.7667
bulgaria,fibank,2012-05-15,100.6171
bulgaria,fibank,2012-05-16,100.6171
bulgaria,fibank,2012-05-17,100.6171
bulgaria,fibank,2012-05-18,95.3304
bulgaria,fibank,2012-05-21,95.3304
bulgaria,fibank,2012-05-22,99.2111
bulgaria,fibank,2012-05-23,92.7995
bulgaria,fibank,2012-05-28,92.7995
bulgaria,fibank,2012-05-29,93.3619
bulgaria,fibank,2012-05-30,99.8297
bulgaria,fibank,2012-05-31,89.9874
bulgaria,fibank,2012-06-01,84.3069
bulgaria,fibank,2012-06-04,88.8625
bulgaria,fibank,2012-06-05,87.1753
bulgaria,fibank,2012-06-06,89.425
bulgaria,fibank,2012-06-07,87.1753
bulgaria,fibank,2012-06-08,86.8941
bulgaria,fibank,2012-06-11,87.7377
bulgaria,fibank,2012-06-12,87.6814
bulgaria,fibank,2012-06-13,84.4194
bulgaria,fibank,2012-06-14,81.5511
bulgaria,fibank,2012-06-15,85.488
bulgaria,fibank,2012-06-18,84.3632
bulgaria,fibank,2012-06-19,84.3632
bulgaria,fibank,2012-06-20,81.5511
bulgaria,fibank,2012-06-21,81.5511
bulgaria,fibank,2012-06-22,83.2383
bulgaria,fibank,2012-06-25,83.2383
bulgaria,fibank,2012-06-26,83.8007
bulgaria,fibank,2012-06-27,82.1135
bulgaria,fibank,2012-06-28,86.4441
bulgaria,fibank,2012-06-29,82.3947
bulgaria,fibank,2012-07-02,86.3879
bulgaria,fibank,2012-07-03,83.0696
bulgaria,fibank,2012-07-04,86.8941
bulgaria,fibank,2012-07-05,86.2191
bulgaria,fibank,2012-07-06,84.3069
bulgaria,fibank,2012-07-09,84.3632
bulgaria,fibank,2012-07-10,81.5511
bulgaria,fibank,2012-07-11,82.3947
bulgaria,fibank,2012-07-12,84.3632
bulgaria,fibank,2012-07-13,81.6073
bulgaria,fibank,2012-07-16,84.3632
bulgaria,fibank,2012-07-17,81.5511
bulgaria,fibank,2012-07-18,80.4825
bulgaria,fibank,2012-07-19,83.8007
bulgaria,fibank,2012-07-20,81.6073
bulgaria,fibank,2012-07-23,80.4825
bulgaria,fibank,2012-07-24,81.5511
bulgaria,fibank,2012-07-25,82.1697
bulgaria,fibank,2012-07-26,90.4936
bulgaria,fibank,2012-07-27,87.2877
bulgaria,fibank,2012-07-30,89.9874
bulgaria,fibank,2012-07-31,89.9874
bulgaria,fibank,2012-08-01,89.9874
bulgaria,fibank,2012-08-02,88.8625
bulgaria,fibank,2012-08-03,89.9874
bulgaria,fibank,2012-08-06,89.9874
bulgaria,fibank,2012-08-07,87.7377
bulgaria,fibank,2012-08-08,89.1437
bulgaria,fibank,2012-08-09,88.3001
bulgaria,fibank,2012-08-10,88.3001
bulgaria,fibank,2012-08-13,89.9874
bulgaria,fibank,2012-08-14,92.462
bulgaria,fibank,2012-08-15,92.7995
bulgaria,fibank,2012-08-16,91.6746
bulgaria,fibank,2012-08-17,91.6746
bulgaria,fibank,2012-08-20,92.7995
bulgaria,fibank,2012-08-21,92.7995
bulgaria,fibank,2012-08-22,92.7995
bulgaria,fibank,2012-08-23,91.7309
bulgaria,fibank,2012-08-24,91.1122
bulgaria,fibank,2012-08-27,91.1122
bulgaria,fibank,2012-08-28,91.1122
bulgaria,fibank,2012-08-29,91.1122
bulgaria,fibank,2012-08-30,91.1122
bulgaria,fibank,2012-08-31,88.4688
bulgaria,fibank,2012-09-03,84.9256
bulgaria,fibank,2012-09-04,89.1437
bulgaria,fibank,2012-09-05,87.7377
bulgaria,fibank,2012-09-10,90.0436
bulgaria,fibank,2012-09-11,89.1437
bulgaria,fibank,2012-09-12,92.0683
bulgaria,fibank,2012-09-13,90.0436
bulgaria,fibank,2012-09-14,91.9558
bulgaria,fibank,2012-09-17,92.7995
bulgaria,fibank,2012-09-18,92.7995
bulgaria,fibank,2012-09-19,92.2371
bulgaria,fibank,2012-09-20,86.7816
bulgaria,fibank,2012-09-21,91.5059
bulgaria,fibank,2012-09-24,90.5498
bulgaria,fibank,2012-09-25,87.344
bulgaria,fibank,2012-09-26,87.344
bulgaria,fibank,2012-09-27,88.0751
bulgaria,fibank,2012-09-28,88.0751
bulgaria,fibank,2012-10-01,88.3563
bulgaria,fibank,2012-10-02,88.3563
bulgaria,fibank,2012-10-03,88.1314
bulgaria,fibank,2012-10-04,88.0751
bulgaria,fibank,2012-10-05,89.425
bulgaria,fibank,2012-10-08,89.425
bulgaria,fibank,2012-10-09,87.6252
bulgaria,fibank,2012-10-10,87.6252
bulgaria,fibank,2012-10-11,88.3001
bulgaria,fibank,2012-10-12,87.7377
bulgaria,fibank,2012-10-15,88.3001
bulgaria,fibank,2012-10-16,87.8502
bulgaria,fibank,2012-10-17,89.1437
bulgaria,fibank,2012-10-18,87.7377
bulgaria,fibank,2012-10-19,87.1753
bulgaria,fibank,2012-10-22,86.6691
bulgaria,fibank,2012-10-23,87.1753
bulgaria,fibank,2012-10-24,87.1753
bulgaria,fibank,2012-10-25,87.1753
bulgaria,fibank,2012-10-26,87.1753
bulgaria,fibank,2012-10-29,87.7377
bulgaria,fibank,2012-10-30,86.7253
bulgaria,fibank,2012-10-31,87.1753
bulgaria,fibank,2012-11-01,86.8941
bulgaria,fibank,2012-11-02,85.713
bulgaria,fibank,2012-11-05,85.6005
bulgaria,fibank,2012-11-06,86.6128
bulgaria,fibank,2012-11-07,84.3632
bulgaria,fibank,2012-11-08,83.857
bulgaria,fibank,2012-11-09,83.9132
bulgaria,fibank,2012-11-12,84.3632
bulgaria,fibank,2012-11-13,84.3632
bulgaria,fibank,2012-11-14,85.488
bulgaria,fibank,2012-11-15,81.6635
bulgaria,fibank,2012-11-16,81.5511
bulgaria,fibank,2012-11-19,78.7389
bulgaria,fibank,2012-11-20,76.4893
bulgaria,fibank,2012-11-21,75.9268
bulgaria,fibank,2012-11-22,75.9268
bulgaria,fibank,2012-11-23,73.171
bulgaria,fibank,2012-11-26,73.1147
bulgaria,fibank,2012-11-27,75.9268
bulgaria,fibank,2012-11-28,73.6772
bulgaria,fibank,2012-11-29,72.6086
bulgaria,fibank,2012-11-30,74.802
bulgaria,fibank,2012-12-03,74.802
bulgaria,fibank,2012-12-04,74.802
bulgaria,fibank,2012-12-05,75.0832
bulgaria,fibank,2012-12-06,75.9268
bulgaria,fibank,2012-12-07,75.9268
bulgaria,fibank,2012-12-10,75.8144
bulgaria,fibank,2012-12-11,78.7389
bulgaria,fibank,2012-12-12,78.7389
bulgaria,fibank,2012-12-13,74.8582
bulgaria,fibank,2012-12-14,73.1147
bulgaria,fibank,2012-12-17,76.7705
bulgaria,fibank,2012-12-18,75.9268
bulgaria,fibank,2012-12-19,78.1765
bulgaria,fibank,2012-12-20,75.9268
bulgaria,fibank,2012-12-21,80.0325
bulgaria,fibank,2012-12-27,78.7389
bulgaria,fibank,2012-12-28,78.5702
bulgaria,fibank,2013-01-02,78.7389
bulgaria,fibank,2013-01-03,79.92
bulgaria,fibank,2013-01-04,82.6759
bulgaria,fibank,2013-01-07,84.9256
bulgaria,fibank,2013-01-08,89.3687
bulgaria,fibank,2013-01-09,98.255
bulgaria,fibank,2013-01-10,98.4237
bulgaria,fibank,2013-01-11,100.111
bulgaria,fibank,2013-01-14,95.1616
bulgaria,fibank,2013-01-15,92.912
bulgaria,fibank,2013-01-16,92.2371
bulgaria,fibank,2013-01-17,89.9874
bulgaria,fibank,2013-01-18,89.9874
bulgaria,fibank,2013-01-21,88.5251
bulgaria,fibank,2013-01-22,93.3619
bulgaria,fibank,2013-01-23,96.174
bulgaria,fibank,2013-01-24,95.0492
bulgaria,fibank,2013-01-25,106.9162
bulgaria,fibank,2013-01-28,115.2401
bulgaria,fibank,2013-01-29,111.5281
bulgaria,fibank,2013-01-30,113.6091
bulgaria,fibank,2013-01-31,113.6091
bulgaria,fibank,2013-02-01,110.2345
bulgaria,fibank,2013-02-04,104.6103
bulgaria,fibank,2013-02-05,106.2976
bulgaria,fibank,2013-02-06,107.7599
bulgaria,fibank,2013-02-07,108.5473
bulgaria,fibank,2013-02-08,109.1097
bulgaria,fibank,2013-02-11,111.9218
bulgaria,fibank,2013-02-12,116.0275
bulgaria,fibank,2013-02-13,116.0837
bulgaria,fibank,2013-02-14,115.5213
bulgaria,fibank,2013-02-15,112.4842
bulgaria,fibank,2013-02-18,109.6721
bulgaria,fibank,2013-02-19,104.6103
bulgaria,fibank,2013-02-20,101.2358
bulgaria,fibank,2013-02-21,106.86
bulgaria,fibank,2013-02-22,106.86
bulgaria,fibank,2013-02-25,101.742
bulgaria,fibank,2013-02-26,98.4237
bulgaria,fibank,2013-02-27,104.0479
bulgaria,fibank,2013-02-28,99.6048
bulgaria,fibank,2013-03-01,106.86
bulgaria,fibank,2013-03-04,98.4237
bulgaria,fibank,2013-03-05,101.2358
bulgaria,fibank,2013-03-06,106.2976
bulgaria,fibank,2013-03-07,101.2358
bulgaria,fibank,2013-03-08,105.6789
bulgaria,fibank,2013-03-11,103.4292
bulgaria,fibank,2013-03-12,104.6103
bulgaria,fibank,2013-03-13,101.7982
bulgaria,fibank,2013-03-14,100.6734
bulgaria,fibank,2013-03-15,100.6734
bulgaria,fibank,2013-03-18,100.6734
bulgaria,fibank,2013-03-19,101.292
bulgaria,fibank,2013-03-20,103.4855
bulgaria,fibank,2013-03-21,103.373
bulgaria,fibank,2013-03-22,101.7982
bulgaria,fibank,2013-03-25,100.111
bulgaria,fibank,2013-03-26,98.3112
bulgaria,fibank,2013-03-27,100.6734
bulgaria,fibank,2013-03-28,98.5924
bulgaria,fibank,2013-04-02,100.6734
bulgaria,fibank,2013-04-03,98.4237
bulgaria,fibank,2013-04-04,98.9861
bulgaria,fibank,2013-04-05,98.9861
bulgaria,fibank,2013-04-08,100.6734
bulgaria,fibank,2013-04-09,96.7927
bulgaria,fibank,2013-04-10,100.6171
bulgaria,fibank,2013-04-11,98.4237
bulgaria,fibank,2013-04-12,97.2988
bulgaria,fibank,2013-04-15,97.2988
bulgaria,fibank,2013-04-16,98.9861
bulgaria,fibank,2013-04-17,98.9861
bulgaria,fibank,2013-04-18,97.2988
bulgaria,fibank,2013-04-19,98.8736
bulgaria,fibank,2013-04-22,97.8613
bulgaria,fibank,2013-04-23,98.9299
bulgaria,fibank,2013-04-24,100.8983
bulgaria,fibank,2013-04-25,100.111
bulgaria,fibank,2013-04-26,100.2234
bulgaria,fibank,2013-04-29,100.2234
bulgaria,fibank,2013-04-30,100.3922
bulgaria,fibank,2013-05-07,104.5541
bulgaria,fibank,2013-05-08,105.9039
bulgaria,fibank,2013-05-09,101.7982
bulgaria,fibank,2013-05-10,103.4292
bulgaria,fibank,2013-05-13,102.9231
bulgaria,fibank,2013-05-14,100.4484
bulgaria,fibank,2013-05-15,100.3922
bulgaria,fibank,2013-05-16,105.454
bulgaria,fibank,2013-05-17,105.454
bulgaria,fibank,2013-05-20,101.2358
bulgaria,fibank,2013-05-21,101.2358
bulgaria,fibank,2013-05-22,101.292
bulgaria,fibank,2013-05-23,101.2358
bulgaria,fibank,2013-05-27,102.9231
bulgaria,fibank,2013-05-28,105.3977
bulgaria,fibank,2013-05-29,104.6103
bulgaria,fibank,2013-05-30,106.0164
bulgaria,fibank,2013-05-31,104.1041
bulgaria,fibank,2013-06-03,105.7352
bulgaria,fibank,2013-06-04,107.9848
bulgaria,fibank,2013-06-05,107.4224
bulgaria,fibank,2013-06-06,109.6721
bulgaria,fibank,2013-06-07,108.5473
bulgaria,fibank,2013-06-10,112.5405
bulgaria,fibank,2013-06-11,112.4842
bulgaria,fibank,2013-06-12,110.797
bulgaria,fibank,2013-06-13,108.5473
bulgaria,fibank,2013-06-14,108.5473
bulgaria,fibank,2013-06-17,106.2976
bulgaria,fibank,2013-06-18,105.1727
bulgaria,fibank,2013-06-19,106.2976
bulgaria,fibank,2013-06-20,105.7352
bulgaria,fibank,2013-06-21,105.7352
bulgaria,fibank,2013-06-24,105.7352
bulgaria,fibank,2013-06-25,102.6418
bulgaria,fibank,2013-06-26,109.0534
bulgaria,fibank,2013-06-27,105.1727
bulgaria,fibank,2013-06-28,108.5473
bulgaria,fibank,2013-07-01,108.5473
bulgaria,fibank,2013-07-02,108.2661
bulgaria,fibank,2013-07-03,106.9162
bulgaria,fibank,2013-07-04,111.0782
bulgaria,fibank,2013-07-05,111.0782
bulgaria,fibank,2013-07-08,107.9848
bulgaria,fibank,2013-07-09,108.0411
bulgaria,fibank,2013-07-10,107.9848
bulgaria,fibank,2013-07-11,107.9848
bulgaria,fibank,2013-07-12,106.86
bulgaria,fibank,2013-07-15,109.6159
bulgaria,fibank,2013-07-16,107.4787
bulgaria,fibank,2013-07-17,109.1097
bulgaria,fibank,2013-07-18,111.3594
bulgaria,fibank,2013-07-19,112.4842
bulgaria,fibank,2013-07-22,112.4842
bulgaria,fibank,2013-07-23,112.4842
bulgaria,fibank,2013-07-24,115.3526
bulgaria,fibank,2013-07-25,122.5516
bulgaria,fibank,2013-07-26,121.6517
bulgaria,fibank,2013-07-29,121.483
bulgaria,fibank,2013-07-30,123.3952
bulgaria,fibank,2013-07-31,132.169
bulgaria,fibank,2013-08-01,130.5379
bulgaria,fibank,2013-08-02,129.0756
bulgaria,fibank,2013-08-05,127.1072
bulgaria,fibank,2013-08-06,129.9193
bulgaria,fibank,2013-08-07,126.7135
bulgaria,fibank,2013-08-08,127.2759
bulgaria,fibank,2013-08-09,130.4817
bulgaria,fibank,2013-08-12,127.6696
bulgaria,fibank,2013-08-13,128.7944
bulgaria,fibank,2013-08-14,128.7944
bulgaria,fibank,2013-08-15,136.6683
bulgaria,fibank,2013-08-16,129.9755
bulgaria,fibank,2013-08-19,129.3568
bulgaria,fibank,2013-08-20,129.3568
bulgaria,fibank,2013-08-21,128.5132
bulgaria,fibank,2013-08-22,126.5447
bulgaria,fibank,2013-08-23,126.5447
bulgaria,fibank,2013-08-26,128.1758
bulgaria,fibank,2013-08-27,126.5447
bulgaria,fibank,2013-08-28,123.7326
bulgaria,fibank,2013-08-29,123.6764
bulgaria,fibank,2013-08-30,123.114
bulgaria,fibank,2013-09-02,123.7326
bulgaria,fibank,2013-09-03,120.9205
bulgaria,fibank,2013-09-04,120.9205
bulgaria,fibank,2013-09-05,120.9205
bulgaria,fibank,2013-09-09,120.9205
bulgaria,fibank,2013-09-10,120.9205
bulgaria,fibank,2013-09-11,120.3581
bulgaria,fibank,2013-09-12,120.9205
bulgaria,fibank,2013-09-13,120.9205
bulgaria,fibank,2013-09-16,120.9205
bulgaria,fibank,2013-09-17,120.9205
bulgaria,fibank,2013-09-18,120.9205
bulgaria,fibank,2013-09-19,119.2333
bulgaria,fibank,2013-09-20,128.232
bulgaria,fibank,2013-09-23,129.9193
bulgaria,fibank,2013-09-24,126.5447
bulgaria,fibank,2013-09-25,127.6696
bulgaria,fibank,2013-09-26,126.5447
bulgaria,fibank,2013-09-27,126.5447
bulgaria,fibank,2013-09-30,126.5447
bulgaria,fibank,2013-10-01,129.9193
bulgaria,fibank,2013-10-02,127.6696
bulgaria,fibank,2013-10-03,129.9193
bulgaria,fibank,2013-10-04,129.3006
bulgaria,fibank,2013-10-07,129.3568
bulgaria,fibank,2013-10-08,132.169
bulgaria,fibank,2013-10-09,129.3568
bulgaria,fibank,2013-10-10,129.3568
bulgaria,fibank,2013-10-11,130.2567
bulgaria,fibank,2013-10-14,130.2005
bulgaria,fibank,2013-10-15,127.1072
bulgaria,fibank,2013-10-16,129.3568
bulgaria,fibank,2013-10-17,126.5447
bulgaria,fibank,2013-10-18,125.7574
bulgaria,fibank,2013-10-21,129.3568
bulgaria,fibank,2013-10-22,129.3568
bulgaria,fibank,2013-10-23,129.2444
bulgaria,fibank,2013-10-24,129.3568
bulgaria,fibank,2013-10-25,129.3568
bulgaria,fibank,2013-10-28,125.9823
bulgaria,fibank,2013-10-29,126.5447
bulgaria,fibank,2013-10-30,126.5447
bulgaria,fibank,2013-10-31,126.5447
bulgaria,fibank,2013-11-01,126.5447
bulgaria,fibank,2013-11-04,126.601
bulgaria,fibank,2013-11-05,126.5447
bulgaria,fibank,2013-11-06,128.1758
bulgaria,fibank,2013-11-07,126.8822
bulgaria,fibank,2013-11-08,126.601
bulgaria,fibank,2013-11-11,126.6572
bulgaria,fibank,2013-11-12,127.6696
bulgaria,fibank,2013-11-13,129.1881
bulgaria,fibank,2013-11-14,129.1319
bulgaria,fibank,2013-11-15,127.3884
bulgaria,fibank,2013-11-18,127.6696
bulgaria,fibank,2013-11-19,127.6696
bulgaria,fibank,2013-11-20,127.6696
bulgaria,fibank,2013-11-21,128.232
bulgaria,fibank,2013-11-22,127.6696
bulgaria,fibank,2013-11-25,128.232
bulgaria,fibank,2013-11-26,127.3321
bulgaria,fibank,2013-11-27,127.6696
bulgaria,fibank,2013-11-28,127.6696
bulgaria,fibank,2013-11-29,127.6696
bulgaria,fibank,2013-12-02,127.2196
bulgaria,fibank,2013-12-03,129.4131
bulgaria,fibank,2013-12-04,134.6998
bulgaria,fibank,2013-12-05,132.169
bulgaria,fibank,2013-12-06,132.2814
bulgaria,fibank,2013-12-09,133.8562
bulgaria,fibank,2013-12-10,133.2938
bulgaria,fibank,2013-12-11,134.9811
bulgaria,fibank,2013-12-12,139.4804
bulgaria,fibank,2013-12-13,140.3241
bulgaria,fibank,2013-12-16,142.2925
bulgaria,fibank,2013-12-17,147.8605
bulgaria,fibank,2013-12-18,145.6671
bulgaria,fibank,2013-12-19,143.4174
bulgaria,fibank,2013-12-20,143.4174
bulgaria,fibank,2013-12-27,139.4804
bulgaria,fibank,2013-12-30,136.6683
bulgaria,fibank,2014-01-02,140.6615
bulgaria,fibank,2014-01-03,140.6615
bulgaria,fibank,2014-01-06,148.4792
bulgaria,fibank,2014-01-07,154.1034
bulgaria,fibank,2014-01-08,163.0459
bulgaria,fibank,2014-01-09,162.5397
bulgaria,fibank,2014-01-10,162.8209
bulgaria,fibank,2014-01-13,165.9142
bulgaria,fibank,2014-01-14,165.3518
bulgaria,fibank,2014-01-15,163.1021
bulgaria,fibank,2014-01-16,159.1652
bulgaria,fibank,2014-01-17,160.29
bulgaria,fibank,2014-01-20,160.5712
bulgaria,fibank,2014-01-21,158.0403
bulgaria,fibank,2014-01-22,158.0403
bulgaria,fibank,2014-01-23,161.4148
bulgaria,fibank,2014-01-24,168.895
bulgaria,fibank,2014-01-27,170.976
bulgaria,fibank,2014-01-28,171.5384
bulgaria,fibank,2014-01-29,170.0199
bulgaria,fibank,2014-01-30,171.5384
bulgaria,fibank,2014-01-31,175.4754
bulgaria,fibank,2014-02-03,187.5674
bulgaria,fibank,2014-02-04,202.3591
bulgaria,fibank,2014-02-05,203.5964
bulgaria,fibank,2014-02-06,203.5964
bulgaria,fibank,2014-02-07,205.2837
bulgaria,fibank,2014-02-10,216.5884
bulgaria,fibank,2014-02-11,217.0945
bulgaria,fibank,2014-02-12,219.3442
bulgaria,fibank,2014-02-13,219.3442
bulgaria,fibank,2014-02-14,223.6186
bulgaria,fibank,2014-02-17,222.1563
bulgaria,fibank,2014-02-18,210.9079
bulgaria,fibank,2014-02-19,213.72
bulgaria,fibank,2014-02-20,216.3634
bulgaria,fibank,2014-02-21,216.5321
bulgaria,fibank,2014-02-24,221.0315
bulgaria,fibank,2014-02-25,220.4691
bulgaria,fibank,2014-02-26,218.2194
bulgaria,fibank,2014-02-27,216.8133
bulgaria,fibank,2014-02-28,219.2317
bulgaria,fibank,2014-03-04,214.8448
bulgaria,fibank,2014-03-05,219.4005
bulgaria,fibank,2014-03-06,221.5939
bulgaria,fibank,2014-03-07,221.5939
bulgaria,fibank,2014-03-10,230.0302
bulgaria,fibank,2014-03-11,235.092
bulgaria,fibank,2014-03-12,236.2168
bulgaria,fibank,2014-03-13,236.2168
bulgaria,fibank,2014-03-14,232.2237
bulgaria,fibank,2014-03-17,233.2923
bulgaria,fibank,2014-03-18,230.5926
bulgaria,fibank,2014-03-19,224.9684
bulgaria,fibank,2014-03-20,217.657
bulgaria,fibank,2014-03-21,224.9684
bulgaria,fibank,2014-03-24,225.0247
bulgaria,fibank,2014-03-25,224.9684
bulgaria,fibank,2014-03-26,228.9054
bulgaria,fibank,2014-03-27,228.9054
bulgaria,fibank,2014-03-28,230.5926
bulgaria,fibank,2014-03-31,230.0302
bulgaria,fibank,2014-04-01,236.7793
bulgaria,fibank,2014-04-02,258.1513
bulgaria,fibank,2014-04-03,249.1525
bulgaria,fibank,2014-04-04,248.0277
bulgaria,fibank,2014-04-07,246.8466
bulgaria,fibank,2014-04-08,241.8411
bulgaria,fibank,2014-04-09,244.6532
bulgaria,fibank,2014-04-10,244.6532
bulgaria,fibank,2014-04-11,239.029
bulgaria,fibank,2014-04-14,241.8411
bulgaria,fibank,2014-04-15,241.8411
bulgaria,fibank,2014-04-16,241.8411
bulgaria,fibank,2014-04-17,239.029
bulgaria,fibank,2014-04-22,239.029
bulgaria,fibank,2014-04-23,235.1482
bulgaria,fibank,2014-04-24,241.8411
bulgaria,fibank,2014-04-25,244.6532
bulgaria,fibank,2014-04-28,241.8411
bulgaria,fibank,2014-04-29,239.029
bulgaria,fibank,2014-04-30,241.8411
bulgaria,fibank,2014-05-07,239.029
bulgaria,fibank,2014-05-08,239.029
bulgaria,fibank,2014-05-09,239.029
bulgaria,fibank,2014-05-12,237.3417
bulgaria,fibank,2014-05-13,233.4047
bulgaria,fibank,2014-05-14,233.4047
bulgaria,fibank,2014-05-15,233.4047
bulgaria,fibank,2014-05-16,233.1235
bulgaria,fibank,2014-05-19,232.2799
bulgaria,fibank,2014-05-20,236.2168
bulgaria,fibank,2014-05-21,230.8738
bulgaria,fibank,2014-05-22,230.8738
bulgaria,fibank,2014-05-23,232.2799
bulgaria,fibank,2014-05-26,235.092
bulgaria,fibank,2014-05-27,233.9672
bulgaria,fibank,2014-05-28,230.1427
bulgaria,fibank,2014-05-29,230.1427
bulgaria,fibank,2014-05-30,231.2113
bulgaria,fibank,2014-06-02,236.2168
bulgaria,fibank,2014-06-03,233.4047
bulgaria,fibank,2014-06-04,233.4047
bulgaria,fibank,2014-06-05,236.2168
bulgaria,fibank,2014-06-06,236.2168
bulgaria,fibank,2014-06-09,236.2168
bulgaria,fibank,2014-06-10,233.9672
bulgaria,fibank,2014-06-11,230.5926
bulgaria,fibank,2014-06-12,230.6489
bulgaria,fibank,2014-06-13,230.5926
bulgaria,fibank,2014-06-16,230.5926
bulgaria,fibank,2014-06-17,228.343
bulgaria,fibank,2014-06-18,227.7805
bulgaria,fibank,2014-06-19,226.6557
bulgaria,fibank,2014-06-20,211.6953
bulgaria,fibank,2014-06-23,227.7805
bulgaria,fibank,2014-06-24,219.3442
bulgaria,fibank,2014-06-25,219.3442
bulgaria,fibank,2014-06-26,210.3455
bulgaria,fibank,2014-06-27,159.5589
bulgaria,fibank,2014-06-30,202.4716
bulgaria,fibank,2014-07-01,215.9697
bulgaria,fibank,2014-07-02,213.6638
bulgaria,fibank,2014-07-03,205.2837
bulgaria,fibank,2014-07-04,210.9079
bulgaria,fibank,2014-07-07,195.7225
bulgaria,fibank,2014-07-08,196.8474
bulgaria,fibank,2014-07-09,195.2726
bulgaria,fibank,2014-07-10,194.6539
bulgaria,fibank,2014-07-11,190.9982
bulgaria,fibank,2014-07-14,177.1626
bulgaria,fibank,2014-07-15,182.8993
bulgaria,fibank,2014-07-16,181.0996
bulgaria,fibank,2014-07-17,184.7553
bulgaria,fibank,2014-07-18,190.4358
bulgaria,fibank,2014-07-21,181.0996
bulgaria,fibank,2014-07-22,179.9747
bulgaria,fibank,2014-07-23,178.9061
bulgaria,fibank,2014-07-24,180.1435
bulgaria,fibank,2014-07-25,179.9747
bulgaria,fibank,2014-07-28,187.6237
bulgaria,fibank,2014-07-29,187.6237
bulgaria,fibank,2014-07-30,181.0996
bulgaria,fibank,2014-07-31,183.3493
bulgaria,fibank,2014-08-01,187.7924
bulgaria,fibank,2014-08-04,178.9061
bulgaria,fibank,2014-08-05,179.9747
bulgaria,fibank,2014-08-06,182.7306
bulgaria,fibank,2014-08-07,180.0872
bulgaria,fibank,2014-08-08,184.4179
bulgaria,fibank,2014-08-11,188.4673
bulgaria,fibank,2014-08-12,188.9735
bulgaria,fibank,2014-08-13,177.7813
bulgaria,fibank,2014-08-14,184.3616
bulgaria,fibank,2014-08-15,179.9747
bulgaria,fibank,2014-08-18,182.5056
bulgaria,fibank,2014-08-19,182.5056
bulgaria,fibank,2014-08-20,179.4123
bulgaria,fibank,2014-08-21,179.0749
bulgaria,fibank,2014-08-22,182.5056
bulgaria,fibank,2014-08-25,182.5056
bulgaria,fibank,2014-08-26,179.4123
bulgaria,fibank,2014-08-27,181.0996
bulgaria,fibank,2014-08-28,181.0996
bulgaria,fibank,2014-08-29,179.0749
bulgaria,fibank,2014-09-01,181.0996
bulgaria,fibank,2014-09-02,181.0996
bulgaria,fibank,2014-09-03,179.9747
bulgaria,fibank,2014-09-04,179.9747
bulgaria,fibank,2014-09-05,178.2875
bulgaria,fibank,2014-09-08,170.4698
bulgaria,fibank,2014-09-09,168.7263
bulgaria,fibank,2014-09-10,170.9198
bulgaria,fibank,2014-09-11,174.2943
bulgaria,fibank,2014-09-12,172.1008
bulgaria,fibank,2014-09-15,175.4754
bulgaria,fibank,2014-09-16,172.9445
bulgaria,fibank,2014-09-17,169.8512
bulgaria,fibank,2014-09-18,169.8512
bulgaria,fibank,2014-09-19,169.6262
bulgaria,fibank,2014-09-23,169.57
bulgaria,fibank,2014-09-24,169.57
bulgaria,fibank,2014-09-25,165.9705
bulgaria,fibank,2014-09-26,165.9142
bulgaria,fibank,2014-09-29,165.3518
bulgaria,fibank,2014-09-30,165.9142
bulgaria,fibank,2014-10-01,168.1639
bulgaria,fibank,2014-10-02,164.3957
bulgaria,fibank,2014-10-03,163.6645
bulgaria,fibank,2014-10-06,168.1639
bulgaria,fibank,2014-10-07,168.1639
bulgaria,fibank,2014-10-08,168.1639
bulgaria,fibank,2014-10-09,165.9142
bulgaria,fibank,2014-10-10,165.9142
bulgaria,fibank,2014-10-13,163.6645
bulgaria,fibank,2014-10-14,163.1021
bulgaria,fibank,2014-10-15,159.7838
bulgaria,fibank,2014-10-16,152.8098
bulgaria,fibank,2014-10-17,151.8537
bulgaria,fibank,2014-10-20,153.4847
bulgaria,fibank,2014-10-21,151.8537
bulgaria,fibank,2014-10-22,151.2913
bulgaria,fibank,2014-10-23,143.4174
bulgaria,fibank,2014-10-24,140.0428
bulgaria,fibank,2014-10-27,140.0428
bulgaria,fibank,2014-10-28,140.6053
bulgaria,fibank,2014-10-29,143.4174
bulgaria,fibank,2014-10-30,147.3543
bulgaria,fibank,2014-10-31,151.8537
bulgaria,fibank,2014-11-03,154.6658
bulgaria,fibank,2014-11-04,153.4847
bulgaria,fibank,2014-11-05,153.4847
bulgaria,fibank,2014-11-06,154.6658
bulgaria,fibank,2014-11-07,158.0403
bulgaria,fibank,2014-11-10,163.1021
bulgaria,fibank,2014-11-11,162.5397
bulgaria,fibank,2014-11-12,160.8524
bulgaria,fibank,2014-11-13,160.29
bulgaria,fibank,2014-11-14,161.1899
bulgaria,fibank,2014-11-17,155.5094
bulgaria,fibank,2014-11-18,151.8537
bulgaria,fibank,2014-11-19,151.8537
bulgaria,fibank,2014-11-20,150.6726
bulgaria,fibank,2014-11-21,151.8537
bulgaria,fibank,2014-11-24,150.7288
bulgaria,fibank,2014-11-25,151.8537
bulgaria,fibank,2014-11-26,151.8537
bulgaria,fibank,2014-11-27,151.8537
bulgaria,fibank,2014-11-28,147.523
bulgaria,fibank,2014-12-01,151.8537
bulgaria,fibank,2014-12-02,146.9606
bulgaria,fibank,2014-12-03,151.8537
bulgaria,fibank,2014-12-04,153.541
bulgaria,fibank,2014-12-05,156.9155
bulgaria,fibank,2014-12-08,164.7894
bulgaria,fibank,2014-12-09,165.3518
bulgaria,fibank,2014-12-10,167.6015
bulgaria,fibank,2014-12-11,163.1021
bulgaria,fibank,2014-12-12,161.9773
bulgaria,fibank,2014-12-15,160.8524
bulgaria,fibank,2014-12-16,152.9785
bulgaria,fibank,2014-12-17,151.9099
bulgaria,fibank,2014-12-18,154.0471
bulgaria,fibank,2014-12-19,146.2295
bulgaria,fibank,2014-12-22,152.9223
bulgaria,fibank,2014-12-23,152.0224
bulgaria,fibank,2014-12-29,154.6658
bulgaria,fibank,2014-12-30,157.4779
bulgaria,fibank,2015-01-05,154.6658
bulgaria,fibank,2015-01-06,155.0032
bulgaria,fibank,2015-01-07,151.8537
bulgaria,fibank,2015-01-08,149.0416
bulgaria,fibank,2015-01-09,146.2295
bulgaria,fibank,2015-01-12,149.0416
bulgaria,fibank,2015-01-13,146.2295
bulgaria,fibank,2015-01-14,140.6053
bulgaria,fibank,2015-01-15,143.4174
bulgaria,fibank,2015-01-16,142.9112
bulgaria,fibank,2015-01-19,139.0305
bulgaria,fibank,2015-01-20,138.5243
bulgaria,fibank,2015-01-21,142.2925
bulgaria,fibank,2015-01-22,144.261
bulgaria,fibank,2015-01-23,145.6671
bulgaria,fibank,2015-01-26,143.3611
bulgaria,fibank,2015-01-27,142.855
bulgaria,fibank,2015-01-28,142.7425
bulgaria,fibank,2015-01-29,140.0428
bulgaria,fibank,2015-01-30,139.4242
bulgaria,fibank,2015-02-02,140.4928
bulgaria,fibank,2015-02-03,143.4174
bulgaria,fibank,2015-02-04,146.2295
bulgaria,fibank,2015-02-05,143.9798
bulgaria,fibank,2015-02-06,144.261
bulgaria,fibank,2015-02-09,143.9798
bulgaria,fibank,2015-02-10,145.1046
bulgaria,fibank,2015-02-11,145.6108
bulgaria,fibank,2015-02-12,140.6615
bulgaria,fibank,2015-02-13,145.0484
bulgaria,fibank,2015-02-16,140.6053
bulgaria,fibank,2015-02-17,143.3049
bulgaria,fibank,2015-02-18,143.3049
bulgaria,fibank,2015-02-19,140.549
bulgaria,fibank,2015-02-20,139.4804
bulgaria,fibank,2015-02-23,136.3871
bulgaria,fibank,2015-02-24,135.0373
bulgaria,fibank,2015-02-25,137.7932
bulgaria,fibank,2015-02-26,137.2307
bulgaria,fibank,2015-02-27,143.1362
bulgaria,fibank,2015-03-04,143.1362
bulgaria,fibank,2015-03-05,140.6053
bulgaria,fibank,2015-03-06,138.3556
bulgaria,fibank,2015-03-09,135.0373
bulgaria,fibank,2015-03-10,137.7932
bulgaria,fibank,2015-03-11,135.5435
bulgaria,fibank,2015-03-12,139.4804
bulgaria,fibank,2015-03-13,151.7974
bulgaria,fibank,2015-03-16,158.6027
bulgaria,fibank,2015-03-17,155.7906
bulgaria,fibank,2015-03-18,152.9785
bulgaria,fibank,2015-03-19,154.6658
bulgaria,fibank,2015-03-20,158.6027
bulgaria,fibank,2015-03-23,159.8401
bulgaria,fibank,2015-03-24,165.3518
bulgaria,fibank,2015-03-25,165.3518
bulgaria,fibank,2015-03-26,165.3518
bulgaria,fibank,2015-03-27,165.2393
bulgaria,fibank,2015-03-30,160.8524
bulgaria,fibank,2015-03-31,164.227
bulgaria,fibank,2015-04-01,162.5397
bulgaria,fibank,2015-04-02,163.1021
bulgaria,fibank,2015-04-07,166.9266
bulgaria,fibank,2015-04-08,166.9266
bulgaria,fibank,2015-04-09,166.6454
bulgaria,fibank,2015-04-14,158.6027
bulgaria,fibank,2015-04-15,164.1707
bulgaria,fibank,2015-04-16,164.1707
bulgaria,fibank,2015-04-17,163.0459
bulgaria,fibank,2015-04-20,163.0459
bulgaria,fibank,2015-04-21,155.2845
bulgaria,fibank,2015-04-22,157.4779
bulgaria,fibank,2015-04-23,161.3024
bulgaria,fibank,2015-04-24,161.3024
bulgaria,fibank,2015-04-27,160.0088
bulgaria,fibank,2015-04-28,160.1213
bulgaria,fibank,2015-04-29,163.0459
bulgaria,fibank,2015-04-30,163.0459
bulgaria,fibank,2015-05-04,162.4834
bulgaria,fibank,2015-05-05,162.4834
bulgaria,fibank,2015-05-07,157.4779
bulgaria,fibank,2015-05-08,162.2585
bulgaria,fibank,2015-05-11,152.1349
bulgaria,fibank,2015-05-12,146.117
bulgaria,fibank,2015-05-13,151.4038
bulgaria,fibank,2015-05-14,144.8797
bulgaria,fibank,2015-05-15,145.0484
bulgaria,fibank,2015-05-18,146.2857
bulgaria,fibank,2015-05-19,143.4174
bulgaria,fibank,2015-05-20,141.2802
bulgaria,fibank,2015-05-21,142.855
bulgaria,fibank,2015-05-22,140.6053
bulgaria,fibank,2015-05-25,138.3556
bulgaria,fibank,2015-05-26,139.4804
bulgaria,fibank,2015-05-27,137.7369
bulgaria,fibank,2015-05-28,136.1059
bulgaria,fibank,2015-05-29,143.2486
bulgaria,fibank,2015-06-01,140.6053
bulgaria,fibank,2015-06-02,140.6053
bulgaria,fibank,2015-06-03,140.549
bulgaria,fibank,2015-06-04,136.7246
bulgaria,fibank,2015-06-05,135.8809
bulgaria,fibank,2015-06-08,140.0428
bulgaria,fibank,2015-06-09,139.1992
bulgaria,fibank,2015-06-10,139.0305
bulgaria,fibank,2015-06-11,136.6683
bulgaria,fibank,2015-06-12,136.6683
bulgaria,fibank,2015-06-15,135.0373
bulgaria,fibank,2015-06-16,136.6683
bulgaria,fibank,2015-06-17,135.5435
bulgaria,fibank,2015-06-18,137.1183
bulgaria,fibank,2015-06-19,137.1183
bulgaria,fibank,2015-06-22,136.6121
bulgaria,fibank,2015-06-23,135.0373
bulgaria,fibank,2015-06-24,135.5435
bulgaria,fibank,2015-06-25,135.5435
bulgaria,fibank,2015-06-26,136.3871
bulgaria,fibank,2015-06-29,134.4186
bulgaria,fibank,2015-06-30,139.4804
bulgaria,fibank,2015-07-01,139.4804
bulgaria,fibank,2015-07-02,138.918
bulgaria,fibank,2015-07-03,138.0744
bulgaria,fibank,2015-07-06,136.1059
bulgaria,fibank,2015-07-07,136.1059
bulgaria,fibank,2015-07-08,137.7932
bulgaria,fibank,2015-07-09,137.7932
bulgaria,fibank,2015-07-10,133.0688
bulgaria,fibank,2015-07-13,132.2252
bulgaria,fibank,2015-07-14,132.9001
bulgaria,fibank,2015-07-15,139.3679
bulgaria,fibank,2015-07-16,139.4804
bulgaria,fibank,2015-07-17,139.4804
bulgaria,fibank,2015-07-20,136.1059
bulgaria,fibank,2015-07-21,133.9125
bulgaria,fibank,2015-07-22,136.1059
bulgaria,fibank,2015-07-23,133.9125
bulgaria,fibank,2015-07-24,137.7932
bulgaria,fibank,2015-07-27,133.8562
bulgaria,fibank,2015-07-28,136.6683
bulgaria,fibank,2015-07-29,132.7876
bulgaria,fibank,2015-07-30,136.1059
bulgaria,fibank,2015-07-31,136.1059
bulgaria,fibank,2015-08-03,132.4502
bulgaria,fibank,2015-08-04,132.4502
bulgaria,fibank,2015-08-05,132.3939
bulgaria,fibank,2015-08-06,132.3939
bulgaria,fibank,2015-08-07,139.9304
bulgaria,fibank,2015-08-10,132.9563
bulgaria,fibank,2015-08-11,139.4804
bulgaria,fibank,2015-08-12,135.0373
bulgaria,fibank,2015-08-13,138.2993
bulgaria,fibank,2015-08-14,138.2993
bulgaria,fibank,2015-08-17,133.6875
bulgaria,fibank,2015-08-18,133.8562
bulgaria,fibank,2015-08-19,133.8562
bulgaria,fibank,2015-08-20,137.7932
bulgaria,fibank,2015-08-21,134.4186
bulgaria,fibank,2015-08-24,125.4199
bulgaria,fibank,2015-08-25,129.3568
bulgaria,fibank,2015-08-26,128.232
bulgaria,fibank,2015-08-27,130.8754
bulgaria,fibank,2015-08-28,127.1072
bulgaria,fibank,2015-08-31,129.3568
bulgaria,fibank,2015-09-01,126.2635
bulgaria,fibank,2015-09-02,126.4885
bulgaria,fibank,2015-09-03,126.5447
bulgaria,fibank,2015-09-04,126.4885
bulgaria,fibank,2015-09-07,123.8451
bulgaria,fibank,2015-09-08,124.2951
bulgaria,fibank,2015-09-09,123.1702
bulgaria,fibank,2015-09-10,123.1702
bulgaria,fibank,2015-09-11,120.9205
bulgaria,fibank,2015-09-14,123.7326
bulgaria,fibank,2015-09-15,119.7957
bulgaria,fibank,2015-09-16,120.9205
bulgaria,fibank,2015-09-17,120.3581
bulgaria,fibank,2015-09-18,118.1084
bulgaria,fibank,2015-09-23,120.2456
bulgaria,fibank,2015-09-24,119.1208
bulgaria,fibank,2015-09-25,115.2963
bulgaria,fibank,2015-09-28,122.5516
bulgaria,fibank,2015-09-29,122.6078
bulgaria,fibank,2015-09-30,119.8519
bulgaria,fibank,2015-10-01,117.2648
bulgaria,fibank,2015-10-02,122.0454
bulgaria,fibank,2015-10-05,115.2963
bulgaria,fibank,2015-10-06,118.1084
bulgaria,fibank,2015-10-07,116.9836
bulgaria,fibank,2015-10-08,116.9836
bulgaria,fibank,2015-10-09,118.6708
bulgaria,fibank,2015-10-12,118.6708
bulgaria,fibank,2015-10-13,118.6708
bulgaria,fibank,2015-10-14,120.9205
bulgaria,fibank,2015-10-15,123.2827
bulgaria,fibank,2015-10-16,117.2648
bulgaria,fibank,2015-10-19,119.627
bulgaria,fibank,2015-10-20,122.3266
bulgaria,fibank,2015-10-21,126.5447
bulgaria,fibank,2015-10-22,126.5447
bulgaria,fibank,2015-10-23,134.9248
bulgaria,fibank,2015-10-26,134.9248
bulgaria,fibank,2015-10-27,131.1566
bulgaria,fibank,2015-10-28,134.0812
bulgaria,fibank,2015-10-29,134.0812
bulgaria,fibank,2015-10-30,130.8191
bulgaria,fibank,2015-11-02,127.1072
bulgaria,fibank,2015-11-03,131.0441
bulgaria,fibank,2015-11-04,131.0441
bulgaria,fibank,2015-11-05,118.1084
bulgaria,fibank,2015-11-06,127.1072
bulgaria,fibank,2015-11-09,127.1072
bulgaria,fibank,2015-11-10,120.9205
bulgaria,fibank,2015-11-11,119.5145
bulgaria,fibank,2015-11-12,119.402
bulgaria,fibank,2015-11-13,120.9205
bulgaria,fibank,2015-11-16,120.9205
bulgaria,fibank,2015-11-17,120.9205
bulgaria,fibank,2015-11-18,120.9205
bulgaria,fibank,2015-11-19,120.9205
bulgaria,fibank,2015-11-20,118.1084
bulgaria,fibank,2015-11-23,117.546
bulgaria,fibank,2015-11-24,117.6022
bulgaria,fibank,2015-11-25,116.4212
bulgaria,fibank,2015-11-26,118.1084
bulgaria,fibank,2015-11-27,118.1084
bulgaria,fibank,2015-11-30,115.2963
bulgaria,fibank,2015-12-01,115.2963
bulgaria,fibank,2015-12-02,115.2963
bulgaria,fibank,2015-12-03,115.2963
bulgaria,fibank,2015-12-04,116.4212
bulgaria,fibank,2015-12-07,116.5899
bulgaria,fibank,2015-12-08,116.4212
bulgaria,fibank,2015-12-09,116.4212
bulgaria,fibank,2015-12-10,116.4212
bulgaria,fibank,2015-12-11,115.8587
bulgaria,fibank,2015-12-14,115.8587
bulgaria,fibank,2015-12-15,120.9205
bulgaria,fibank,2015-12-16,116.9836
bulgaria,fibank,2015-12-17,119.7957
bulgaria,fibank,2015-12-18,120.3019
bulgaria,fibank,2015-12-21,122.0454
bulgaria,fibank,2015-12-22,121.8204
bulgaria,fibank,2015-12-23,121.7079
bulgaria,fibank,2015-12-28,119.0083
bulgaria,fibank,2015-12-29,126.4885
bulgaria,fibank,2015-12-30,121.5392
bulgaria,fibank,2016-01-04,121.5392
bulgaria,fibank,2016-01-05,121.5392
bulgaria,fibank,2016-01-06,125.7011
bulgaria,fibank,2016-01-07,128.232
bulgaria,fibank,2016-01-08,128.232
bulgaria,fibank,2016-01-11,128.232
bulgaria,fibank,2016-01-12,128.232
bulgaria,fibank,2016-01-13,123.7326
bulgaria,fibank,2016-01-14,122.4391
bulgaria,fibank,2016-01-15,121.5392
bulgaria,fibank,2016-01-18,121.1455
bulgaria,fibank,2016-01-19,123.7326
bulgaria,fibank,2016-01-20,123.6764
bulgaria,fibank,2016-01-21,123.6764
bulgaria,fibank,2016-01-22,123.6764
bulgaria,fibank,2016-01-25,123.7326
bulgaria,fibank,2016-01-26,123.7326
bulgaria,fibank,2016-01-27,123.7326
bulgaria,fibank,2016-01-28,123.7326
bulgaria,fibank,2016-01-29,123.7326
bulgaria,fibank,2016-02-01,128.232
bulgaria,fibank,2016-02-02,128.232
bulgaria,fibank,2016-02-03,128.232
bulgaria,fibank,2016-02-04,123.3389
bulgaria,fibank,2016-02-05,127.9508
bulgaria,fibank,2016-02-08,122.0454
bulgaria,fibank,2016-02-09,119.3458
bulgaria,fibank,2016-02-10,119.8519
bulgaria,fibank,2016-02-11,122.0454
bulgaria,fibank,2016-02-12,118.1084
bulgaria,fibank,2016-02-15,115.915
bulgaria,fibank,2016-02-16,120.9205
bulgaria,fibank,2016-02-17,120.9205
bulgaria,fibank,2016-02-18,121.7642
bulgaria,fibank,2016-02-19,118.6708
bulgaria,fibank,2016-02-22,118.2209
bulgaria,fibank,2016-02-23,121.9891
bulgaria,fibank,2016-02-24,118.2209
bulgaria,fibank,2016-02-25,118.2209
bulgaria,fibank,2016-02-26,121.0893
bulgaria,fibank,2016-02-29,121.0893
bulgaria,fibank,2016-03-01,118.6708
bulgaria,fibank,2016-03-02,117.0961
bulgaria,fibank,2016-03-07,117.0398
bulgaria,fibank,2016-03-08,118.1084
bulgaria,fibank,2016-03-09,116.3649
bulgaria,fibank,2016-03-10,114.7339
bulgaria,fibank,2016-03-11,114.7339
bulgaria,fibank,2016-03-14,114.2277
bulgaria,fibank,2016-03-15,116.6461
bulgaria,fibank,2016-03-16,114.7339
bulgaria,fibank,2016-03-17,114.8464
bulgaria,fibank,2016-03-18,115.2963
bulgaria,fibank,2016-03-21,112.5405
bulgaria,fibank,2016-03-22,112.5405
bulgaria,fibank,2016-03-23,111.9218
bulgaria,fibank,2016-03-24,104.2166
bulgaria,fibank,2016-03-29,106.8038
bulgaria,fibank,2016-03-30,106.86
bulgaria,fibank,2016-03-31,109.5596
bulgaria,fibank,2016-04-01,111.3594
bulgaria,fibank,2016-04-04,110.2345
bulgaria,fibank,2016-04-05,110.2345
bulgaria,fibank,2016-04-06,109.6721
bulgaria,fibank,2016-04-07,104.8353
bulgaria,fibank,2016-04-08,104.8353
bulgaria,fibank,2016-04-11,104.8353
bulgaria,fibank,2016-04-12,104.8353
bulgaria,fibank,2016-04-13,103.7104
bulgaria,fibank,2016-04-14,101.0671
bulgaria,fibank,2016-04-15,99.0986
bulgaria,fibank,2016-04-18,101.2358
bulgaria,fibank,2016-04-19,101.1796
bulgaria,fibank,2016-04-20,101.2358
bulgaria,fibank,2016-04-21,101.2358
bulgaria,fibank,2016-04-22,104.0479
bulgaria,fibank,2016-04-25,102.8106
bulgaria,fibank,2016-04-26,102.3606
bulgaria,fibank,2016-04-27,101.1796
bulgaria,fibank,2016-04-28,100.6734
bulgaria,fibank,2016-05-03,104.9478
bulgaria,fibank,2016-05-04,104.6666
bulgaria,fibank,2016-05-05,102.0232
bulgaria,fibank,2016-05-09,102.9231
bulgaria,fibank,2016-05-10,104.0479
bulgaria,fibank,2016-05-11,102.8668
bulgaria,fibank,2016-05-12,101.7982
bulgaria,fibank,2016-05-13,101.2358
bulgaria,fibank,2016-05-16,98.9861
bulgaria,fibank,2016-05-17,99.2673
bulgaria,fibank,2016-05-18,100.111
bulgaria,fibank,2016-05-19,99.9422
bulgaria,fibank,2016-05-20,101.2358
bulgaria,fibank,2016-05-25,101.2358
bulgaria,fibank,2016-05-26,101.2358
bulgaria,fibank,2016-05-27,101.2358
bulgaria,fibank,2016-05-30,100.9546
bulgaria,fibank,2016-05-31,100.6734
bulgaria,fibank,2016-06-01,102.8106
bulgaria,fibank,2016-06-02,109.6159
bulgaria,fibank,2016-06-03,106.0164
bulgaria,fibank,2016-06-06,104.779
bulgaria,fibank,2016-06-07,106.5788
bulgaria,fibank,2016-06-08,110.2345
bulgaria,fibank,2016-06-09,109.6721
bulgaria,fibank,2016-06-10,111.3031
bulgaria,fibank,2016-06-13,114.7339
bulgaria,fibank,2016-06-14,112.4842
bulgaria,fibank,2016-06-15,115.6338
bulgaria,fibank,2016-06-16,121.9891
bulgaria,fibank,2016-06-17,121.3142
bulgaria,fibank,2016-06-20,124.5763
bulgaria,fibank,2016-06-21,133.6312
bulgaria,fibank,2016-06-22,135.9372
bulgaria,fibank,2016-06-23,134.0812
bulgaria,fibank,2016-06-24,131.3816
bulgaria,fibank,2016-06-27,131.3816
bulgaria,fibank,2016-06-28,131.3816
bulgaria,fibank,2016-06-29,124.8575
bulgaria,fibank,2016-06-30,130.4817
bulgaria,fibank,2016-07-01,124.1263
bulgaria,fibank,2016-07-04,124.1263
bulgaria,fibank,2016-07-05,122.6078
bulgaria,fibank,2016-07-06,123.7326
bulgaria,fibank,2016-07-07,123.7889
bulgaria,fibank,2016-07-08,123.7326
bulgaria,fibank,2016-07-11,123.7326
bulgaria,fibank,2016-07-12,123.7326
bulgaria,fibank,2016-07-13,123.7326
bulgaria,fibank,2016-07-14,123.6764
bulgaria,fibank,2016-07-15,126.376
bulgaria,fibank,2016-07-18,126.376
bulgaria,fibank,2016-07-19,121.8766
bulgaria,fibank,2016-07-20,123.7326
bulgaria,fibank,2016-07-21,126.5447
bulgaria,fibank,2016-07-22,128.232
bulgaria,fibank,2016-07-25,124.2951
bulgaria,fibank,2016-07-26,128.232
bulgaria,fibank,2016-07-27,126.5447
bulgaria,fibank,2016-07-28,126.5447
bulgaria,fibank,2016-07-29,133.2938
bulgaria,fibank,2016-08-01,134.3624
bulgaria,fibank,2016-08-02,133.575
bulgaria,fibank,2016-08-03,130.2005
bulgaria,fibank,2016-08-04,129.5818
bulgaria,fibank,2016-08-05,126.4323
bulgaria,fibank,2016-08-08,124.2951
bulgaria,fibank,2016-08-09,124.2951
bulgaria,fibank,2016-08-10,126.5447
bulgaria,fibank,2016-08-11,120.6956
bulgaria,fibank,2016-08-12,127.6133
bulgaria,fibank,2016-08-15,128.7944
bulgaria,fibank,2016-08-16,128.6819
bulgaria,fibank,2016-08-17,130.4817
bulgaria,fibank,2016-08-18,131.5503
bulgaria,fibank,2016-08-19,130.4817
bulgaria,fibank,2016-08-22,130.9879
bulgaria,fibank,2016-08-23,130.9316
bulgaria,fibank,2016-08-24,129.4131
bulgaria,fibank,2016-08-25,134.3624
bulgaria,fibank,2016-08-26,134.3062
bulgaria,fibank,2016-08-29,134.3062
bulgaria,fibank,2016-08-30,134.3062
bulgaria,fibank,2016-08-31,134.3062
bulgaria,fibank,2016-09-01,129.3568
bulgaria,fibank,2016-09-02,134.3062
bulgaria,fibank,2016-09-07,134.3062
bulgaria,fibank,2016-09-08,133.8562
bulgaria,fibank,2016-09-09,132.7314
bulgaria,fibank,2016-09-12,133.2938
bulgaria,fibank,2016-09-13,133.2938
bulgaria,fibank,2016-09-14,133.2938
bulgaria,fibank,2016-09-15,133.2938
bulgaria,fibank,2016-09-16,133.2938
bulgaria,fibank,2016-09-19,130.0318
bulgaria,fibank,2016-09-20,130.0318
bulgaria,fibank,2016-09-21,129.9193
bulgaria,fibank,2016-09-26,131.2128
bulgaria,fibank,2016-09-27,134.9811
bulgaria,fibank,2016-09-28,139.4804
bulgaria,fibank,2016-09-29,138.3556
bulgaria,fibank,2016-09-30,135.8247
bulgaria,fibank,2016-10-03,134.4186
bulgaria,fibank,2016-10-04,134.9811
bulgaria,fibank,2016-10-05,136.6683
bulgaria,fibank,2016-10-06,138.918
bulgaria,fibank,2016-10-07,136.3871
bulgaria,fibank,2016-10-10,134.9811
bulgaria,fibank,2016-10-11,136.1059
bulgaria,fibank,2016-10-12,136.6683
bulgaria,fibank,2016-10-13,138.7493
bulgaria,fibank,2016-10-14,140.549
bulgaria,fibank,2016-10-17,140.4928
bulgaria,fibank,2016-10-18,140.4928
bulgaria,fibank,2016-10-19,140.4928
bulgaria,fibank,2016-10-20,142.6862
bulgaria,fibank,2016-10-21,146.9606
bulgaria,fibank,2016-10-24,149.0416
bulgaria,fibank,2016-10-25,153.541
bulgaria,fibank,2016-10-26,151.8537
bulgaria,fibank,2016-10-27,151.8537
bulgaria,fibank,2016-10-28,159.1089
bulgaria,fibank,2016-10-31,158.6027
bulgaria,fibank,2016-11-01,165.8017
bulgaria,fibank,2016-11-02,163.7208
bulgaria,fibank,2016-11-03,159.1652
bulgaria,fibank,2016-11-04,160.29
bulgaria,fibank,2016-11-07,159.8401
bulgaria,fibank,2016-11-08,163.3833
bulgaria,fibank,2016-11-09,154.722
bulgaria,fibank,2016-11-10,155.3969
bulgaria,fibank,2016-11-11,157.4779
bulgaria,fibank,2016-11-14,156.2968
bulgaria,fibank,2016-11-15,156.3531
bulgaria,fibank,2016-11-16,156.9155
bulgaria,fibank,2016-11-17,152.5286
bulgaria,fibank,2016-11-18,153.0348
bulgaria,fibank,2016-11-21,155.7906
bulgaria,fibank,2016-11-22,160.29
bulgaria,fibank,2016-11-23,163.3833
bulgaria,fibank,2016-11-24,165.2956
bulgaria,fibank,2016-11-25,163.1021
bulgaria,fibank,2016-11-28,163.0459
bulgaria,fibank,2016-11-29,160.29
bulgaria,fibank,2016-11-30,162.5397
bulgaria,fibank,2016-12-01,163.0459
bulgaria,fibank,2016-12-02,163.1021
bulgaria,fibank,2016-12-05,160.4025
bulgaria,fibank,2016-12-06,164.7331
bulgaria,fibank,2016-12-07,170.976
bulgaria,fibank,2016-12-08,171.5384
bulgaria,fibank,2016-12-09,174.3505
bulgaria,fibank,2016-12-12,176.6002
bulgaria,fibank,2016-12-13,176.0378
bulgaria,fibank,2016-12-14,176.6002
bulgaria,fibank,2016-12-15,177.1626
bulgaria,fibank,2016-12-16,176.0378
bulgaria,fibank,2016-12-19,177.1626
bulgaria,fibank,2016-12-20,177.1626
bulgaria,fibank,2016-12-21,172.2696
bulgaria,fibank,2016-12-22,180.031
bulgaria,fibank,2016-12-23,185.599
bulgaria,fibank,2016-12-27,185.599
bulgaria,fibank,2016-12-28,185.6552
bulgaria,fibank,2016-12-29,185.599
bulgaria,fibank,2016-12-30,188.4111
bulgaria,fibank,2017-01-03,202.4716
bulgaria,fibank,2017-01-04,202.4716
bulgaria,fibank,2017-01-05,208.0958
bulgaria,fibank,2017-01-06,205.8461
bulgaria,fibank,2017-01-09,212.0327
bulgaria,fibank,2017-01-10,219.288
bulgaria,fibank,2017-01-11,211.8078
bulgaria,fibank,2017-01-12,211.1329
bulgaria,fibank,2017-01-13,208.6582
bulgaria,fibank,2017-01-16,216.5321
bulgaria,fibank,2017-01-17,215.4073
bulgaria,fibank,2017-01-18,214.8448
bulgaria,fibank,2017-01-19,213.72
bulgaria,fibank,2017-01-20,217.4882
bulgaria,fibank,2017-01-23,217.4882
bulgaria,fibank,2017-01-24,214.2824
bulgaria,fibank,2017-01-25,216.5321
bulgaria,fibank,2017-01-26,214.8448
bulgaria,fibank,2017-01-27,213.1576
bulgaria,fibank,2017-01-30,208.0958
bulgaria,fibank,2017-01-31,209.2206
bulgaria,fibank,2017-02-01,203.5964
bulgaria,fibank,2017-02-02,205.2837
bulgaria,fibank,2017-02-03,223.2249
bulgaria,fibank,2017-02-06,213.8325
bulgaria,fibank,2017-02-07,215.4073
bulgaria,fibank,2017-02-08,214.2824
bulgaria,fibank,2017-02-09,218.7818
bulgaria,fibank,2017-02-10,215.1261
bulgaria,fibank,2017-02-13,219.3442
bulgaria,fibank,2017-02-14,215.4635
bulgaria,fibank,2017-02-15,209.2206
bulgaria,fibank,2017-02-16,211.5266
bulgaria,fibank,2017-02-17,213.72
bulgaria,fibank,2017-02-20,219.3442
bulgaria,fibank,2017-02-21,219.3442
bulgaria,fibank,2017-02-22,219.3442
bulgaria,fibank,2017-02-23,219.3442
bulgaria,fibank,2017-02-24,213.8325
bulgaria,fibank,2017-02-27,213.8325
bulgaria,fibank,2017-02-28,219.4005
bulgaria,fibank,2017-03-01,219.3442
bulgaria,fibank,2017-03-02,217.0945
bulgaria,fibank,2017-03-06,222.7187
bulgaria,fibank,2017-03-07,234.5296
bulgaria,fibank,2017-03-08,232.2799
bulgaria,fibank,2017-03-09,231.7175
bulgaria,fibank,2017-03-10,230.0302
bulgaria,fibank,2017-03-13,227.7805
bulgaria,fibank,2017-03-14,227.7805
bulgaria,fibank,2017-03-15,235.2607
bulgaria,fibank,2017-03-16,237.9041
bulgaria,fibank,2017-03-17,246.2842
bulgaria,fibank,2017-03-20,252.4146
bulgaria,fibank,2017-03-21,258.3762
bulgaria,fibank,2017-03-22,278.1172
bulgaria,fibank,2017-03-23,279.5233
bulgaria,fibank,2017-03-24,277.2173
bulgaria,fibank,2017-03-27,277.2736
bulgaria,fibank,2017-03-28,274.7989
bulgaria,fibank,2017-03-29,267.15
bulgaria,fibank,2017-03-30,269.9059
bulgaria,fibank,2017-03-31,275.0239
bulgaria,fibank,2017-04-03,272.2118
bulgaria,fibank,2017-04-04,269.1185
bulgaria,fibank,2017-04-05,264.3379
bulgaria,fibank,2017-04-06,269.2872
bulgaria,fibank,2017-04-07,286.8347
bulgaria,fibank,2017-04-10,298.0832
bulgaria,fibank,2017-04-11,307.9255
bulgaria,fibank,2017-04-12,307.6443
bulgaria,fibank,2017-04-13,309.3316
bulgaria,fibank,2017-04-18,303.7074
bulgaria,fibank,2017-04-19,309.3316
bulgaria,fibank,2017-04-20,306.5195
bulgaria,fibank,2017-04-21,306.5195
bulgaria,fibank,2017-04-24,308.7129
bulgaria,fibank,2017-04-25,308.7129
bulgaria,fibank,2017-04-26,305.9571
bulgaria,fibank,2017-04-27,303.7074
bulgaria,fibank,2017-04-28,330.6473
bulgaria,fibank,2017-05-02,340.4897
bulgaria,fibank,2017-05-03,337.4526
bulgaria,fibank,2017-05-04,336.8902
bulgaria,fibank,2017-05-05,331.8284
bulgaria,fibank,2017-05-09,331.7722
bulgaria,fibank,2017-05-10,328.4539
bulgaria,fibank,2017-05-11,328.4539
bulgaria,fibank,2017-05-12,325.6418
bulgaria,fibank,2017-05-15,322.8297
bulgaria,fibank,2017-05-16,327.3291
bulgaria,fibank,2017-05-17,328.4539
bulgaria,fibank,2017-05-18,326.2042
bulgaria,fibank,2017-05-19,325.6418
bulgaria,fibank,2017-05-22,318.3303
bulgaria,fibank,2017-05-23,325.6418
bulgaria,fibank,2017-05-25,319.4552
bulgaria,fibank,2017-05-26,323.3921
bulgaria,fibank,2017-05-29,308.7129
bulgaria,fibank,2017-05-30,308.2067
bulgaria,fibank,2017-05-31,316.5868
bulgaria,fibank,2017-06-01,312.0875
bulgaria,fibank,2017-06-02,314.6746
bulgaria,fibank,2017-06-05,309.3316
bulgaria,fibank,2017-06-06,308.1505
bulgaria,fibank,2017-06-07,306.2383
bulgaria,fibank,2017-06-08,304.6635
bulgaria,fibank,2017-06-09,303.145
bulgaria,fibank,2017-06-12,303.7074
bulgaria,fibank,2017-06-13,303.7074
bulgaria,fibank,2017-06-14,303.7074
bulgaria,fibank,2017-06-15,303.7074
bulgaria,fibank,2017-06-16,309.2191
bulgaria,fibank,2017-06-19,308.2067
bulgaria,fibank,2017-06-20,308.6567
bulgaria,fibank,2017-06-21,308.1505
bulgaria,fibank,2017-06-22,303.7074
bulgaria,fibank,2017-06-23,303.7074
bulgaria,fibank,2017-06-26,306.4632
bulgaria,fibank,2017-06-27,308.1505
bulgaria,fibank,2017-06-28,305.1697
bulgaria,fibank,2017-06-29,308.7692
bulgaria,fibank,2017-06-30,305.1697
bulgaria,fibank,2017-07-03,313.831
bulgaria,fibank,2017-07-04,323.3359
bulgaria,fibank,2017-07-05,330.4786
bulgaria,fibank,2017-07-06,330.7036
bulgaria,fibank,2017-07-07,323.3921
bulgaria,fibank,2017-07-10,323.3921
bulgaria,fibank,2017-07-11,323.3921
bulgaria,fibank,2017-07-12,322.2673
bulgaria,fibank,2017-07-13,323.3921
bulgaria,fibank,2017-07-14,321.7049
bulgaria,fibank,2017-07-17,323.3921
bulgaria,fibank,2017-07-18,320.58
bulgaria,fibank,2017-07-19,320.2426
bulgaria,fibank,2017-07-20,320.2426
bulgaria,fibank,2017-07-21,320.0176
bulgaria,fibank,2017-07-24,320.0176
bulgaria,fibank,2017-07-25,317.7679
bulgaria,fibank,2017-07-26,320.2988
bulgaria,fibank,2017-07-27,319.4552
bulgaria,fibank,2017-07-28,319.4552
bulgaria,fibank,2017-07-31,320.0176
bulgaria,fibank,2017-08-01,320.58
bulgaria,fibank,2017-08-02,316.6993
bulgaria,fibank,2017-08-03,317.7679
bulgaria,fibank,2017-08-04,312.1437
bulgaria,fibank,2017-08-07,316.6431
bulgaria,fibank,2017-08-08,316.6431
bulgaria,fibank,2017-08-09,314.3934
bulgaria,fibank,2017-08-10,318.3303
bulgaria,fibank,2017-08-11,312.1437
bulgaria,fibank,2017-08-14,312.1437
bulgaria,fibank,2017-08-15,306.5195
bulgaria,fibank,2017-08-16,301.0078
bulgaria,fibank,2017-08-17,303.7074
bulgaria,fibank,2017-08-18,303.7074
bulgaria,fibank,2017-08-21,307.3631
bulgaria,fibank,2017-08-22,306.9694
bulgaria,fibank,2017-08-23,306.9694
bulgaria,fibank,2017-08-24,306.9694
bulgaria,fibank,2017-08-25,303.6511
bulgaria,fibank,2017-08-28,300.0516
bulgaria,fibank,2017-08-29,299.208
bulgaria,fibank,2017-08-30,300.3329
bulgaria,fibank,2017-08-31,299.208
bulgaria,fibank,2017-09-01,292.459
bulgaria,fibank,2017-09-04,306.5195
bulgaria,fibank,2017-09-05,300.3329
bulgaria,fibank,2017-09-07,302.8637
bulgaria,fibank,2017-09-08,306.5195
bulgaria,fibank,2017-09-11,306.5195
bulgaria,fibank,2017-09-12,303.6511
bulgaria,fibank,2017-09-13,307.9255
bulgaria,fibank,2017-09-14,308.7692
bulgaria,fibank,2017-09-15,305.9571
bulgaria,fibank,2017-09-18,302.5825
bulgaria,fibank,2017-09-19,302.5825
bulgaria,fibank,2017-09-20,302.5825
bulgaria,fibank,2017-09-21,303.7074
bulgaria,fibank,2017-09-25,303.7074
bulgaria,fibank,2017-09-26,303.7074
bulgaria,fibank,2017-09-27,303.7074
bulgaria,fibank,2017-09-28,303.7074
bulgaria,fibank,2017-09-29,303.7074
bulgaria,fibank,2017-10-02,303.7074
bulgaria,fibank,2017-10-03,303.6511
bulgaria,fibank,2017-10-04,301.4577
bulgaria,fibank,2017-10-05,300.8953
bulgaria,fibank,2017-10-06,302.0201
bulgaria,fibank,2017-10-09,302.4138
bulgaria,fibank,2017-10-10,300.839
bulgaria,fibank,2017-10-11,299.3767
bulgaria,fibank,2017-10-12,300.839
bulgaria,fibank,2017-10-13,303.5949
bulgaria,fibank,2017-10-16,303.5387
bulgaria,fibank,2017-10-17,303.4262
bulgaria,fibank,2017-10-18,303.4262
bulgaria,fibank,2017-10-19,301.9076
bulgaria,fibank,2017-10-20,301.7951
bulgaria,fibank,2017-10-23,302.5825
bulgaria,fibank,2017-10-24,298.4769
bulgaria,fibank,2017-10-25,300.7265
bulgaria,fibank,2017-10-26,300.3329
bulgaria,fibank,2017-10-27,300.7828
bulgaria,fibank,2017-10-30,298.3644
bulgaria,fibank,2017-10-31,308.7692
bulgaria,fibank,2017-11-01,314.9558
bulgaria,fibank,2017-11-02,314.3934
bulgaria,fibank,2017-11-03,309.3316
bulgaria,fibank,2017-11-06,316.6431
bulgaria,fibank,2017-11-07,316.0806
bulgaria,fibank,2017-11-08,316.0806
bulgaria,fibank,2017-11-09,314.3934
bulgaria,fibank,2017-11-10,311.0189
bulgaria,fibank,2017-11-13,309.2753
bulgaria,fibank,2017-11-14,309.2753
bulgaria,fibank,2017-11-15,309.2753
bulgaria,fibank,2017-11-16,309.2753
bulgaria,fibank,2017-11-17,306.5195
bulgaria,fibank,2017-11-20,303.7074
bulgaria,fibank,2017-11-21,314.2809
bulgaria,fibank,2017-11-22,314.3371
bulgaria,fibank,2017-11-23,314.3371
bulgaria,fibank,2017-11-24,309.3316
bulgaria,fibank,2017-11-27,303.7074
bulgaria,fibank,2017-11-28,309.3316
bulgaria,fibank,2017-11-29,303.145
bulgaria,fibank,2017-11-30,303.145
bulgaria,fibank,2017-12-01,298.0832
bulgaria,fibank,2017-12-04,305.9571
bulgaria,fibank,2017-12-05,305.9571
bulgaria,fibank,2017-12-06,298.0832
bulgaria,fibank,2017-12-07,298.0832
bulgaria,fibank,2017-12-08,298.0832
bulgaria,fibank,2017-12-11,298.0832
bulgaria,fibank,2017-12-12,297.5207
bulgaria,fibank,2017-12-13,293.3026
bulgaria,fibank,2017-12-14,286.8347
bulgaria,fibank,2017-12-15,290.4905
bulgaria,fibank,2017-12-18,289.9281
bulgaria,fibank,2017-12-19,286.5535
bulgaria,fibank,2017-12-20,289.2532
bulgaria,fibank,2017-12-21,289.3656
bulgaria,fibank,2017-12-22,306.5195
bulgaria,fibank,2017-12-28,318.8927
bulgaria,fibank,2017-12-29,318.1054
bulgaria,fibank,2018-01-02,346.4514
bulgaria,fibank,2018-01-03,345.3265
bulgaria,fibank,2018-01-04,346.4514
bulgaria,fibank,2018-01-05,339.7023
bulgaria,fibank,2018-01-08,338.5775
bulgaria,fibank,2018-01-09,337.4526
bulgaria,fibank,2018-01-10,340.8272
bulgaria,fibank,2018-01-11,337.4526
bulgaria,fibank,2018-01-12,338.5775
bulgaria,fibank,2018-01-15,337.4526
bulgaria,fibank,2018-01-16,337.4526
bulgaria,fibank,2018-01-17,337.4526
bulgaria,fibank,2018-01-18,337.4526
bulgaria,fibank,2018-01-19,337.4526
bulgaria,fibank,2018-01-22,337.4526
bulgaria,fibank,2018-01-23,330.7036
bulgaria,fibank,2018-01-24,335.203
bulgaria,fibank,2018-01-25,337.4526
bulgaria,fibank,2018-01-26,336.3278
bulgaria,fibank,2018-01-29,330.7036
bulgaria,fibank,2018-01-30,332.9533
bulgaria,fibank,2018-01-31,327.3291
bulgaria,fibank,2018-02-01,335.203
bulgaria,fibank,2018-02-02,335.203
bulgaria,fibank,2018-02-05,334.0781
bulgaria,fibank,2018-02-06,313.831
bulgaria,fibank,2018-02-07,321.7049
bulgaria,fibank,2018-02-08,316.0806
bulgaria,fibank,2018-02-09,314.9558
bulgaria,fibank,2018-02-12,314.9558
bulgaria,fibank,2018-02-13,308.2067
bulgaria,fibank,2018-02-14,316.0806
bulgaria,fibank,2018-02-15,314.9558
bulgaria,fibank,2018-02-16,320.58
bulgaria,fibank,2018-02-19,320.58
bulgaria,fibank,2018-02-20,320.58
bulgaria,fibank,2018-02-21,307.0819
bulgaria,fibank,2018-02-22,308.2067
bulgaria,fibank,2018-02-23,299.208
bulgaria,fibank,2018-02-26,299.208
bulgaria,fibank,2018-02-27,300.3329
bulgaria,fibank,2018-02-28,300.3329
bulgaria,fibank,2018-03-01,299.208
bulgaria,fibank,2018-03-02,298.0832
bulgaria,fibank,2018-03-06,298.0832
bulgaria,fibank,2018-03-07,312.7061
bulgaria,fibank,2018-03-08,298.0832
bulgaria,fibank,2018-03-09,299.208
bulgaria,fibank,2018-03-12,292.459
bulgaria,fibank,2018-03-13,293.5838
bulgaria,fibank,2018-03-14,286.8347
bulgaria,fibank,2018-03-15,281.2105
bulgaria,fibank,2018-03-16,281.2105
bulgaria,fibank,2018-03-19,280.0857
bulgaria,fibank,2018-03-20,272.7742
bulgaria,fibank,2018-03-21,281.2105
bulgaria,fibank,2018-03-22,281.2105
bulgaria,fibank,2018-03-23,281.2105
bulgaria,fibank,2018-03-26,269.9621
bulgaria,fibank,2018-03-27,262.0882
bulgaria,fibank,2018-03-28,247.4653
bulgaria,fibank,2018-03-29,242.4035
bulgaria,fibank,2018-04-03,242.9659
bulgaria,fibank,2018-04-04,242.9659
bulgaria,fibank,2018-04-05,243.5283
bulgaria,fibank,2018-04-10,255.9016
bulgaria,fibank,2018-04-11,254.7767
bulgaria,fibank,2018-04-12,260.9634
bulgaria,fibank,2018-04-13,260.9634
bulgaria,fibank,2018-04-16,260.9634
bulgaria,fibank,2018-04-17,244.0907
bulgaria,fibank,2018-04-18,247.4653
bulgaria,fibank,2018-04-19,247.4653
bulgaria,fibank,2018-04-20,241.8411
bulgaria,fibank,2018-04-23,240.7162
bulgaria,fibank,2018-04-24,240.7162
bulgaria,fibank,2018-04-25,239.5914
bulgaria,fibank,2018-04-26,234.5296
bulgaria,fibank,2018-04-27,235.092
bulgaria,fibank,2018-04-30,232.8423
bulgaria,fibank,2018-05-02,230.5926
bulgaria,fibank,2018-05-03,239.029
bulgaria,fibank,2018-05-04,232.8423
bulgaria,fibank,2018-05-08,232.2799
bulgaria,fibank,2018-05-09,230.5926
bulgaria,fibank,2018-05-10,228.9054
bulgaria,fibank,2018-05-11,219.9066
bulgaria,fibank,2018-05-14,219.9066
bulgaria,fibank,2018-05-15,212.0327
bulgaria,fibank,2018-05-16,212.0327
bulgaria,fibank,2018-05-17,224.9684
bulgaria,fibank,2018-05-18,214.2824
bulgaria,fibank,2018-05-21,214.2824
bulgaria,fibank,2018-05-22,222.1563
bulgaria,fibank,2018-05-23,210.9079
bulgaria,fibank,2018-05-25,211.4703
bulgaria,fibank,2018-05-28,205.8461
bulgaria,fibank,2018-05-29,202.4716
bulgaria,fibank,2018-05-30,199.0971
bulgaria,fibank,2018-05-31,212.0327
bulgaria,fibank,2018-06-01,206.4085
bulgaria,fibank,2018-06-04,215.4073
bulgaria,fibank,2018-06-05,211.4703
bulgaria,fibank,2018-06-06,211.4703
bulgaria,fibank,2018-06-07,205.2837
bulgaria,fibank,2018-06-08,196.8474
bulgaria,fibank,2018-06-11,196.8474
bulgaria,fibank,2018-06-12,201.3467
bulgaria,fibank,2018-06-13,210.3455
bulgaria,fibank,2018-06-14,210.3455
bulgaria,fibank,2018-06-15,205.2837
bulgaria,fibank,2018-06-18,202.4716
bulgaria,fibank,2018-06-19,202.4716
bulgaria,fibank,2018-06-20,199.0971
bulgaria,fibank,2018-06-21,199.0971
bulgaria,fibank,2018-06-22,199.0971
bulgaria,fibank,2018-06-25,199.0971
bulgaria,fibank,2018-06-26,199.0971
bulgaria,fibank,2018-06-27,199.0971
bulgaria,fibank,2018-06-28,202.4716
bulgaria,fibank,2018-06-29,199.0971
bulgaria,fibank,2018-07-02,202.4716
bulgaria,fibank,2018-07-03,201.9092
bulgaria,fibank,2018-07-04,201.9092
bulgaria,fibank,2018-07-05,196.8474
bulgaria,fibank,2018-07-06,196.285
bulgaria,fibank,2018-07-09,196.285
bulgaria,fibank,2018-07-10,194.0353
bulgaria,fibank,2018-07-11,191.2232
bulgaria,fibank,2018-07-12,191.2232
bulgaria,fibank,2018-07-13,191.7856
bulgaria,fibank,2018-07-16,190.6607
bulgaria,fibank,2018-07-17,190.6607
bulgaria,fibank,2018-07-18,194.0353
bulgaria,fibank,2018-07-19,194.0353
bulgaria,fibank,2018-07-20,196.8474
bulgaria,fibank,2018-07-23,196.8474
bulgaria,fibank,2018-07-24,196.8474
bulgaria,fibank,2018-07-25,196.8474
bulgaria,fibank,2018-07-26,196.8474
bulgaria,fibank,2018-07-27,196.8474
bulgaria,fibank,2018-07-30,194.5977
bulgaria,fibank,2018-07-31,199.6595
bulgaria,fibank,2018-08-01,199.6595
bulgaria,fibank,2018-08-02,210.9079
bulgaria,fibank,2018-08-03,213.72
bulgaria,fibank,2018-08-06,220.4691
bulgaria,fibank,2018-08-07,223.2812
bulgaria,fibank,2018-08-08,235.6544
bulgaria,fibank,2018-08-09,235.092
bulgaria,fibank,2018-08-10,235.092
bulgaria,fibank,2018-08-13,233.4047
bulgaria,fibank,2018-08-14,218.2194
bulgaria,fibank,2018-08-15,215.9697
bulgaria,fibank,2018-08-16,219.3442
bulgaria,fibank,2018-08-17,219.3442
bulgaria,fibank,2018-08-20,219.3442
bulgaria,fibank,2018-08-21,228.343
bulgaria,fibank,2018-08-22,219.3442
bulgaria,fibank,2018-08-23,219.3442
bulgaria,fibank,2018-08-24,220.4691
bulgaria,fibank,2018-08-27,220.4691
bulgaria,fibank,2018-08-28,220.4691
bulgaria,fibank,2018-08-29,227.2181
bulgaria,fibank,2018-08-30,219.9066
bulgaria,fibank,2018-08-31,217.657
bulgaria,fibank,2018-09-03,219.3442
bulgaria,fibank,2018-09-04,224.9684
bulgaria,fibank,2018-09-05,224.9684
bulgaria,fibank,2018-09-07,224.9684
bulgaria,fibank,2018-09-10,229.4678
bulgaria,fibank,2018-09-11,224.9684
bulgaria,fibank,2018-09-12,224.9684
bulgaria,fibank,2018-09-13,220.4691
bulgaria,fibank,2018-09-14,220.4691
bulgaria,fibank,2018-09-17,220.4691
bulgaria,fibank,2018-09-18,223.8436
bulgaria,fibank,2018-09-19,217.0945
bulgaria,fibank,2018-09-20,220.4691
bulgaria,fibank,2018-09-21,216.5321
bulgaria,fibank,2018-09-25,214.2824
bulgaria,fibank,2018-09-26,214.2824
bulgaria,fibank,2018-09-27,210.3455
bulgaria,fibank,2018-09-28,218.7818
bulgaria,fibank,2018-10-01,218.7818
bulgaria,fibank,2018-10-02,218.2194
bulgaria,fibank,2018-10-03,210.3455
bulgaria,fibank,2018-10-04,209.7831
bulgaria,fibank,2018-10-05,215.9697
bulgaria,fibank,2018-10-08,215.9697
bulgaria,fibank,2018-10-09,206.4085
bulgaria,fibank,2018-10-10,206.4085
bulgaria,fibank,2018-10-11,199.6595
bulgaria,fibank,2018-10-12,205.2837
bulgaria,fibank,2018-10-15,205.2837
bulgaria,fibank,2018-10-16,208.0958
bulgaria,fibank,2018-10-17,208.0958
bulgaria,fibank,2018-10-18,209.7831
bulgaria,fibank,2018-10-19,210.9079
bulgaria,fibank,2018-10-22,209.7831
bulgaria,fibank,2018-10-23,197.4098
bulgaria,fibank,2018-10-24,205.2837
bulgaria,fibank,2018-10-25,204.7213
bulgaria,fibank,2018-10-26,204.1588
bulgaria,fibank,2018-10-29,204.1588
bulgaria,fibank,2018-10-30,197.9722
bulgaria,fibank,2018-10-31,196.8474
bulgaria,fibank,2018-11-01,201.3467
bulgaria,fibank,2018-11-02,201.3467
bulgaria,fibank,2018-11-05,196.8474
bulgaria,fibank,2018-11-06,196.285
bulgaria,fibank,2018-11-07,196.285
bulgaria,fibank,2018-11-08,202.4716
bulgaria,fibank,2018-11-09,202.4716
bulgaria,fibank,2018-11-12,202.4716
bulgaria,fibank,2018-11-13,202.4716
bulgaria,fibank,2018-11-14,202.4716
bulgaria,fibank,2018-11-15,202.4716
bulgaria,fibank,2018-11-16,202.4716
bulgaria,fibank,2018-11-19,196.8474
bulgaria,fibank,2018-11-20,195.7225
bulgaria,fibank,2018-11-21,191.2232
bulgaria,fibank,2018-11-22,200.7843
bulgaria,fibank,2018-11-23,200.7843
bulgaria,fibank,2018-11-26,194.0353
bulgaria,fibank,2018-11-27,199.0971
bulgaria,fibank,2018-11-28,197.9722
bulgaria,fibank,2018-11-29,196.8474
bulgaria,fibank,2018-11-30,192.9104
bulgaria,fibank,2018-12-03,199.6595
bulgaria,fibank,2018-12-04,199.6595
bulgaria,fibank,2018-12-05,194.5977
bulgaria,fibank,2018-12-06,195.1601
bulgaria,fibank,2018-12-07,194.5977
bulgaria,fibank,2018-12-10,194.5977
bulgaria,fibank,2018-12-11,194.5977
bulgaria,fibank,2018-12-12,198.5346
bulgaria,fibank,2018-12-13,198.5346
bulgaria,fibank,2018-12-14,198.5346
bulgaria,fibank,2018-12-17,194.0353
bulgaria,fibank,2018-12-18,191.2232
bulgaria,fibank,2018-12-19,194.0353
bulgaria,fibank,2018-12-20,195.1601
bulgaria,fibank,2018-12-21,192.9104
bulgaria,fibank,2018-12-27,191.7856
bulgaria,fibank,2018-12-28,189.5359
bulgaria,fibank,2019-01-02,186.7238
bulgaria,fibank,2019-01-03,194.0353
bulgaria,fibank,2019-01-04,186.7238
bulgaria,fibank,2019-01-07,191.2232
bulgaria,fibank,2019-01-08,191.2232
bulgaria,fibank,2019-01-09,188.9735
bulgaria,fibank,2019-01-10,186.7238
bulgaria,fibank,2019-01-11,180.5372
bulgaria,fibank,2019-01-14,185.599
bulgaria,fibank,2019-01-15,177.1626
bulgaria,fibank,2019-01-16,177.7251
bulgaria,fibank,2019-01-17,178.2875
bulgaria,fibank,2019-01-18,177.1626
bulgaria,fibank,2019-01-21,177.1626
bulgaria,fibank,2019-01-22,174.3505
bulgaria,fibank,2019-01-23,177.1626
bulgaria,fibank,2019-01-24,188.4111
bulgaria,fibank,2019-01-25,185.599
bulgaria,fibank,2019-01-28,191.2232
bulgaria,fibank,2019-01-29,191.2232
bulgaria,fibank,2019-01-30,191.2232
bulgaria,fibank,2019-01-31,208.6582
bulgaria,fibank,2019-02-01,199.0971
bulgaria,fibank,2019-02-04,199.6595
bulgaria,fibank,2019-02-05,203.5964
bulgaria,fibank,2019-02-06,199.6595
bulgaria,fibank,2019-02-07,196.8474
bulgaria,fibank,2019-02-08,200.7843
bulgaria,fibank,2019-02-11,199.6595
bulgaria,fibank,2019-02-12,208.0958
bulgaria,fibank,2019-02-13,208.0958
bulgaria,fibank,2019-02-14,210.9079
bulgaria,fibank,2019-02-15,210.9079
bulgaria,fibank,2019-02-18,210.3455
bulgaria,fibank,2019-02-19,208.0958
bulgaria,fibank,2019-02-20,208.0958
bulgaria,fibank,2019-02-21,208.0958
bulgaria,fibank,2019-02-22,213.72
bulgaria,fibank,2019-02-25,218.2194
bulgaria,fibank,2019-02-26,213.1576
bulgaria,fibank,2019-02-27,209.2206
bulgaria,fibank,2019-02-28,204.1588
bulgaria,fibank,2019-03-01,204.1588
bulgaria,fibank,2019-03-05,204.1588
bulgaria,fibank,2019-03-06,204.1588
bulgaria,fibank,2019-03-07,208.0958
bulgaria,fibank,2019-03-08,204.7213
bulgaria,fibank,2019-03-11,204.7213
bulgaria,fibank,2019-03-12,204.7213
bulgaria,fibank,2019-03-13,204.1588
bulgaria,fibank,2019-03-14,204.1588
bulgaria,fibank,2019-03-15,204.1588
bulgaria,fibank,2019-03-18,204.1588
bulgaria,fibank,2019-03-19,204.1588
bulgaria,fibank,2019-03-20,204.1588
bulgaria,fibank,2019-03-21,204.1588
bulgaria,fibank,2019-03-22,204.1588
bulgaria,fibank,2019-03-25,202.4716
bulgaria,fibank,2019-03-26,201.3467
bulgaria,fibank,2019-03-27,201.3467
bulgaria,fibank,2019-03-28,201.3467
bulgaria,fibank,2019-03-29,204.7213
bulgaria,fibank,2019-04-01,204.7213
bulgaria,fibank,2019-04-02,201.3467
bulgaria,fibank,2019-04-03,201.3467
bulgaria,fibank,2019-04-04,197.9722
bulgaria,fibank,2019-04-05,197.9722
bulgaria,fibank,2019-04-08,196.8474
bulgaria,fibank,2019-04-09,200.2219
bulgaria,fibank,2019-04-10,202.4716
bulgaria,fibank,2019-04-11,204.7213
bulgaria,fibank,2019-04-12,204.7213
bulgaria,fibank,2019-04-15,196.8474
bulgaria,fibank,2019-04-16,191.2232
bulgaria,fibank,2019-04-17,191.2232
bulgaria,fibank,2019-04-18,194.5977
bulgaria,fibank,2019-04-23,191.2232
bulgaria,fibank,2019-04-24,192.348
bulgaria,fibank,2019-04-25,201.3467
bulgaria,fibank,2019-04-30,201.3467
bulgaria,fibank,2019-05-02,201.3467
bulgaria,fibank,2019-05-03,192.348
bulgaria,fibank,2019-05-07,196.8474
bulgaria,fibank,2019-05-08,196.8474
bulgaria,fibank,2019-05-09,196.8474
bulgaria,fibank,2019-05-10,196.8474
bulgaria,fibank,2019-05-13,196.8474
bulgaria,fibank,2019-05-14,190.0983
bulgaria,fibank,2019-05-15,190.0983
bulgaria,fibank,2019-05-16,190.0983
bulgaria,fibank,2019-05-17,190.0983
bulgaria,fibank,2019-05-20,195.7225
bulgaria,fibank,2019-05-21,191.2232
bulgaria,fibank,2019-05-22,193.4728
bulgaria,fibank,2019-05-23,190.0983
bulgaria,fibank,2019-05-27,190.0983
bulgaria,fibank,2019-05-28,191.2232
bulgaria,fibank,2019-05-29,191.2232
bulgaria,fibank,2019-05-30,191.2232
bulgaria,fibank,2019-05-31,188.9735
bulgaria,fibank,2019-06-03,186.7238
bulgaria,fibank,2019-06-04,186.7238
bulgaria,fibank,2019-06-05,179.9747
bulgaria,fibank,2019-06-06,191.2232
bulgaria,fibank,2019-06-07,194.5977
bulgaria,fibank,2019-06-10,194.5977
bulgaria,fibank,2019-06-11,190.0983
bulgaria,fibank,2019-06-12,185.599
bulgaria,fibank,2019-06-13,190.0983
bulgaria,fibank,2019-06-14,179.9747
bulgaria,fibank,2019-06-17,185.599
bulgaria,fibank,2019-06-18,185.599
bulgaria,fibank,2019-06-19,185.599
bulgaria,fibank,2019-06-20,185.599
bulgaria,fibank,2019-06-21,184.4741
bulgaria,fibank,2019-06-24,193.4728
bulgaria,fibank,2019-06-25,187.8486
bulgaria,fibank,2019-06-26,184.4741
bulgaria,fibank,2019-06-27,184.4741
bulgaria,fibank,2019-06-28,184.4741
bulgaria,fibank,2019-07-01,184.4741
bulgaria,fibank,2019-07-02,184.4741
bulgaria,fibank,2019-07-03,182.2244
bulgaria,fibank,2019-07-04,182.2244
bulgaria,fibank,2019-07-05,182.2244
bulgaria,fibank,2019-07-08,182.2244
bulgaria,fibank,2019-07-09,182.2244
bulgaria,fibank,2019-07-10,181.0996
bulgaria,fibank,2019-07-11,179.9747
bulgaria,fibank,2019-07-12,176.6002
bulgaria,fibank,2019-07-15,176.6002
bulgaria,fibank,2019-07-16,174.3505
bulgaria,fibank,2019-07-17,173.2257
bulgaria,fibank,2019-07-18,174.3505
bulgaria,fibank,2019-07-19,175.4754
bulgaria,fibank,2019-07-22,169.8512
bulgaria,fibank,2019-07-23,168.7263
bulgaria,fibank,2019-07-24,173.2257
bulgaria,fibank,2019-07-25,170.976
bulgaria,fibank,2019-07-26,177.7251
bulgaria,fibank,2019-07-29,181.0996
bulgaria,fibank,2019-07-30,182.2244
bulgaria,fibank,2019-07-31,179.9747
bulgaria,fibank,2019-08-01,179.9747
bulgaria,fibank,2019-08-02,178.8499
bulgaria,fibank,2019-08-05,181.0996
bulgaria,fibank,2019-08-06,181.0996
bulgaria,fibank,2019-08-07,181.0996
bulgaria,fibank,2019-08-08,182.2244
bulgaria,fibank,2019-08-09,182.2244
bulgaria,fibank,2019-08-12,182.2244
bulgaria,fibank,2019-08-13,182.2244
bulgaria,fibank,2019-08-14,182.2244
bulgaria,fibank,2019-08-15,182.2244
bulgaria,fibank,2019-08-16,182.2244
bulgaria,fibank,2019-08-19,182.2244
bulgaria,fibank,2019-08-20,182.2244
bulgaria,fibank,2019-08-21,184.4741
bulgaria,fibank,2019-08-22,182.2244
bulgaria,fibank,2019-08-23,183.3493
bulgaria,fibank,2019-08-26,184.4741
bulgaria,fibank,2019-08-27,184.4741
bulgaria,fibank,2019-08-28,184.4741
bulgaria,fibank,2019-08-29,185.599
bulgaria,fibank,2019-08-30,185.599
bulgaria,fibank,2019-09-02,179.9747
bulgaria,fibank,2019-09-03,179.9747
bulgaria,fibank,2019-09-04,179.9747
bulgaria,fibank,2019-09-05,185.599
bulgaria,fibank,2019-09-09,185.599
bulgaria,fibank,2019-09-10,185.599
bulgaria,fibank,2019-09-11,185.599
bulgaria,fibank,2019-09-12,185.599
bulgaria,fibank,2019-09-13,185.599
bulgaria,fibank,2019-09-16,185.599
bulgaria,fibank,2019-09-17,185.599
bulgaria,fibank,2019-09-18,184.4741
bulgaria,fibank,2019-09-19,184.4741
bulgaria,fibank,2019-09-20,179.9747
bulgaria,fibank,2019-09-24,179.9747
bulgaria,fibank,2019-09-25,179.9747
bulgaria,fibank,2019-09-26,179.9747
bulgaria,fibank,2019-09-27,179.9747
bulgaria,fibank,2019-09-30,179.9747
bulgaria,fibank,2019-10-01,179.9747
bulgaria,fibank,2019-10-02,178.8499
bulgaria,fibank,2019-10-03,176.6002
bulgaria,fibank,2019-10-04,175.4754
bulgaria,fibank,2019-10-07,174.3505
bulgaria,fibank,2019-10-08,172.1008
bulgaria,fibank,2019-10-09,165.3518
bulgaria,fibank,2019-10-10,163.1021
bulgaria,fibank,2019-10-11,163.1021
bulgaria,fibank,2019-10-14,168.7263
bulgaria,fibank,2019-10-15,168.7263
bulgaria,fibank,2019-10-16,168.7263
bulgaria,fibank,2019-10-17,172.1008
bulgaria,fibank,2019-10-18,175.4754
bulgaria,fibank,2019-10-21,175.4754
bulgaria,fibank,2019-10-22,175.4754
bulgaria,fibank,2019-10-23,164.227
bulgaria,fibank,2019-10-24,170.976
bulgaria,fibank,2019-10-25,169.8512
bulgaria,fibank,2019-10-28,169.8512
bulgaria,fibank,2019-10-29,173.2257
bulgaria,fibank,2019-10-30,173.2257
bulgaria,fibank,2019-10-31,172.1008
bulgaria,fibank,2019-11-01,170.976
bulgaria,fibank,2019-11-04,170.976
bulgaria,fibank,2019-11-05,164.227
bulgaria,fibank,2019-11-06,164.227
bulgaria,fibank,2019-11-07,164.227
bulgaria,fibank,2019-11-08,168.7263
bulgaria,fibank,2019-11-11,167.6015
bulgaria,fibank,2019-11-12,165.3518
bulgaria,fibank,2019-11-13,167.6015
bulgaria,fibank,2019-11-14,168.7263
bulgaria,fibank,2019-11-15,164.227
bulgaria,fibank,2019-11-18,164.227
bulgaria,fibank,2019-11-19,164.227
bulgaria,fibank,2019-11-20,164.227
bulgaria,fibank,2019-11-21,164.227
bulgaria,fibank,2019-11-22,168.7263
bulgaria,fibank,2019-11-25,164.227
bulgaria,fibank,2019-11-26,164.227
bulgaria,fibank,2019-11-27,167.6015
bulgaria,fibank,2019-11-28,166.4766
bulgaria,fibank,2019-11-29,166.4766
bulgaria,fibank,2019-12-02,166.4766
bulgaria,fibank,2019-12-03,164.227
bulgaria,fibank,2019-12-04,161.9773
bulgaria,fibank,2019-12-05,161.9773
bulgaria,fibank,2019-12-06,166.4766
bulgaria,fibank,2019-12-09,166.4766
bulgaria,fibank,2019-12-10,166.4766
bulgaria,fibank,2019-12-11,166.4766
bulgaria,fibank,2019-12-12,166.4766
bulgaria,fibank,2019-12-13,166.4766
bulgaria,fibank,2019-12-16,166.4766
bulgaria,fibank,2019-12-17,164.227
bulgaria,fibank,2019-12-18,166.4766
bulgaria,fibank,2019-12-19,164.227
bulgaria,fibank,2019-12-20,165.3518
bulgaria,fibank,2019-12-23,195.7225
bulgaria,fibank,2019-12-27,200.2219
bulgaria,fibank,2019-12-30,200.2219
bulgaria,fibank,2020-01-02,201.3467
bulgaria,fibank,2020-01-03,191.2232
bulgaria,fibank,2020-01-06,190.0983
bulgaria,fibank,2020-01-07,190.0983
bulgaria,fibank,2020-01-08,193.4728
bulgaria,fibank,2020-01-09,193.4728
bulgaria,fibank,2020-01-10,193.4728
bulgaria,fibank,2020-01-13,191.2232
bulgaria,fibank,2020-01-14,186.7238
bulgaria,fibank,2020-01-15,186.7238
bulgaria,fibank,2020-01-16,185.599
bulgaria,fibank,2020-01-17,175.4754
bulgaria,fibank,2020-01-20,192.348
bulgaria,fibank,2020-01-21,192.348
bulgaria,fibank,2020-01-22,192.348
bulgaria,fibank,2020-01-23,192.348
bulgaria,fibank,2020-01-24,192.348
bulgaria,fibank,2020-01-27,187.8486
bulgaria,fibank,2020-01-28,181.0996
bulgaria,fibank,2020-01-29,185.599
bulgaria,fibank,2020-01-30,183.3493
bulgaria,fibank,2020-01-31,182.2244
bulgaria,fibank,2020-02-03,181.0996
bulgaria,fibank,2020-02-04,185.599
bulgaria,fibank,2020-02-05,184.4741
bulgaria,fibank,2020-02-06,183.3493
bulgaria,fibank,2020-02-07,183.3493
bulgaria,fibank,2020-02-10,179.9747
bulgaria,fibank,2020-02-11,179.9747
bulgaria,fibank,2020-02-12,179.9747
bulgaria,fibank,2020-02-13,179.9747
bulgaria,fibank,2020-02-14,177.7251
bulgaria,fibank,2020-02-17,176.6002
bulgaria,fibank,2020-02-18,173.2257
bulgaria,fibank,2020-02-19,169.8512
bulgaria,fibank,2020-02-20,167.6015
bulgaria,fibank,2020-02-21,167.6015
bulgaria,fibank,2020-02-24,164.227
bulgaria,fibank,2020-02-25,157.4779
bulgaria,fibank,2020-02-26,157.4779
bulgaria,fibank,2020-02-27,157.4779
bulgaria,fibank,2020-02-28,155.2282
bulgaria,fibank,2020-03-02,151.8537
bulgaria,fibank,2020-03-04,155.2282
bulgaria,fibank,2020-03-05,155.2282
bulgaria,fibank,2020-03-06,155.2282
bulgaria,fibank,2020-03-09,132.7314
bulgaria,fibank,2020-03-10,129.3568
bulgaria,fibank,2020-03-11,129.3568
bulgaria,fibank,2020-03-12,104.6103
bulgaria,fibank,2020-03-13,109.1097
bulgaria,fibank,2020-03-16,92.2371
bulgaria,fibank,2020-03-17,87.7377
bulgaria,fibank,2020-03-18,84.3632
bulgaria,fibank,2020-03-19,89.9874
bulgaria,fibank,2020-03-20,100.6734
bulgaria,fibank,2020-03-23,89.9874
bulgaria,fibank,2020-03-24,93.9243
bulgaria,fibank,2020-03-25,99.5485
bulgaria,fibank,2020-03-26,100.6734
bulgaria,fibank,2020-03-27,97.2988
bulgaria,fibank,2020-03-30,96.174
bulgaria,fibank,2020-03-31,100.111
bulgaria,fibank,2020-04-01,101.2358
bulgaria,fibank,2020-04-02,105.1727
bulgaria,fibank,2020-04-03,104.6103
bulgaria,fibank,2020-04-06,112.4842
bulgaria,fibank,2020-04-07,110.2345
bulgaria,fibank,2020-04-08,110.2345
bulgaria,fibank,2020-04-09,112.4842
bulgaria,fibank,2020-04-14,129.3568
bulgaria,fibank,2020-04-15,121.483
bulgaria,fibank,2020-04-16,130.4817
bulgaria,fibank,2020-04-21,118.1084
bulgaria,fibank,2020-04-22,121.483
bulgaria,fibank,2020-04-23,149.604
bulgaria,fibank,2020-04-24,150.7288
bulgaria,fibank,2020-04-27,151.8537
bulgaria,fibank,2020-04-28,148.4792
bulgaria,fibank,2020-04-29,145.1046
bulgaria,fibank,2020-04-30,146.2295
bulgaria,fibank,2020-05-04,145.1046
bulgaria,fibank,2020-05-05,149.604
bulgaria,fibank,2020-05-07,146.2295
bulgaria,fibank,2020-05-08,145.1046
bulgaria,fibank,2020-05-11,142.855
bulgaria,fibank,2020-05-12,145.1046
bulgaria,fibank,2020-05-13,145.1046
bulgaria,fibank,2020-05-14,142.855
bulgaria,fibank,2020-05-15,145.1046
bulgaria,fibank,2020-05-18,143.9798
bulgaria,fibank,2020-05-19,143.9798
bulgaria,fibank,2020-05-20,143.9798
bulgaria,fibank,2020-05-21,145.1046
bulgaria,fibank,2020-05-22,142.855
bulgaria,fibank,2020-05-26,142.855
bulgaria,fibank,2020-05-27,150.7288
bulgaria,fibank,2020-05-28,155.2282
bulgaria,fibank,2020-05-29,155.2282
bulgaria,fibank,2020-06-01,157.4779
bulgaria,fibank,2020-06-02,148.4792
bulgaria,fibank,2020-06-03,145.1046
bulgaria,fibank,2020-06-04,143.9798
bulgaria,fibank,2020-06-05,146.2295
bulgaria,fibank,2020-06-08,146.2295
bulgaria,fibank,2020-06-09,145.1046
bulgaria,fibank,2020-06-10,146.2295
bulgaria,fibank,2020-06-11,150.7288
bulgaria,fibank,2020-06-12,159.7276
bulgaria,fibank,2020-06-15,154.1034
bulgaria,fibank,2020-06-16,148.4792
bulgaria,fibank,2020-06-17,156.3531
bulgaria,fibank,2020-06-18,156.3531
bulgaria,fibank,2020-06-19,150.7288
bulgaria,fibank,2020-06-22,147.3543
bulgaria,fibank,2020-06-23,149.604
bulgaria,fibank,2020-06-24,147.3543
bulgaria,fibank,2020-06-25,148.4792
bulgaria,fibank,2020-06-26,146.2295
bulgaria,fibank,2020-06-29,145.1046
bulgaria,fibank,2020-06-30,142.855
bulgaria,fibank,2020-07-01,145.1046
bulgaria,fibank,2020-07-02,149.604
bulgaria,fibank,2020-07-03,147.3543
bulgaria,fibank,2020-07-06,141.7301
bulgaria,fibank,2020-07-07,140.6053
bulgaria,fibank,2020-07-08,137.2307
bulgaria,fibank,2020-07-09,145.1046
bulgaria,fibank,2020-07-10,145.1046
bulgaria,fibank,2020-07-13,143.9798
bulgaria,fibank,2020-07-14,143.9798
bulgaria,fibank,2020-07-15,141.7301
bulgaria,fibank,2020-07-16,138.3556
bulgaria,fibank,2020-07-17,140.6053
bulgaria,fibank,2020-07-20,141.7301
bulgaria,fibank,2020-07-21,141.7301
bulgaria,fibank,2020-07-22,134.9811
bulgaria,fibank,2020-07-23,137.2307
bulgaria,fibank,2020-07-24,131.6065
bulgaria,fibank,2020-07-27,130.4817
bulgaria,fibank,2020-07-28,123.7326
bulgaria,fibank,2020-07-29,123.7326
bulgaria,fibank,2020-07-30,122.6078
bulgaria,fibank,2020-07-31,124.8575
bulgaria,fibank,2020-08-03,120.3581
bulgaria,fibank,2020-08-04,121.483
bulgaria,fibank,2020-08-05,120.3581
bulgaria,fibank,2020-08-06,120.3581
bulgaria,fibank,2020-08-07,119.2333
bulgaria,fibank,2020-08-10,119.2333
bulgaria,fibank,2020-08-11,120.3581
bulgaria,fibank,2020-08-12,119.2333
bulgaria,fibank,2020-08-13,158.5498
bulgaria,fibank,2020-08-14,158.5498
bulgaria,fibank,2020-08-17,158.5498
bulgaria,fibank,2020-08-18,157.0252
bulgaria,fibank,2020-08-19,160.0743
bulgaria,fibank,2020-08-20,160.0743
bulgaria,fibank,2020-08-21,160.0743
bulgaria,fibank,2020-08-24,160.0743
bulgaria,fibank,2020-08-25,157.0252
bulgaria,fibank,2020-08-26,157.0252
bulgaria,fibank,2020-08-27,158.5498
bulgaria,fibank,2020-08-28,153.9762
bulgaria,fibank,2020-08-31,153.9762
bulgaria,fibank,2020-09-01,153.9762
bulgaria,fibank,2020-09-02,160.0743
bulgaria,fibank,2020-09-03,160.0743
bulgaria,fibank,2020-09-04,160.0743
bulgaria,fibank,2020-09-08,155.5007
bulgaria,fibank,2020-09-09,155.5007
bulgaria,fibank,2020-09-10,152.4517
bulgaria,fibank,2020-09-11,152.4517
bulgaria,fibank,2020-09-14,150.9272
bulgaria,fibank,2020-09-15,152.4517
bulgaria,fibank,2020-09-16,152.4517
bulgaria,fibank,2020-09-17,147.8781
bulgaria,fibank,2020-09-18,147.8781
bulgaria,fibank,2020-09-21,147.1159
bulgaria,fibank,2020-09-23,147.1159
bulgaria,fibank,2020-09-24,148.6404
bulgaria,fibank,2020-09-25,147.8781
bulgaria,fibank,2020-09-28,147.8781
bulgaria,fibank,2020-09-29,145.5914
bulgaria,fibank,2020-09-30,144.0669
bulgaria,fibank,2020-10-01,141.7801
bulgaria,fibank,2020-10-02,138.731
bulgaria,fibank,2020-10-05,141.7801
bulgaria,fibank,2020-10-06,141.7801
bulgaria,fibank,2020-10-07,141.7801
bulgaria,fibank,2020-10-08,143.3046
bulgaria,fibank,2020-10-09,148.6404
bulgaria,fibank,2020-10-12,144.8291
bulgaria,fibank,2020-10-13,144.8291
bulgaria,fibank,2020-10-14,149.4027
bulgaria,fibank,2020-10-15,149.4027
bulgaria,fibank,2020-10-16,152.4517
bulgaria,fibank,2020-10-19,147.1159
bulgaria,fibank,2020-10-20,147.1159
bulgaria,fibank,2020-10-21,147.1159
bulgaria,fibank,2020-10-22,147.1159
bulgaria,fibank,2020-10-23,144.0669
bulgaria,fibank,2020-10-26,141.7801
bulgaria,fibank,2020-10-27,141.7801
bulgaria,fibank,2020-10-28,141.7801
bulgaria,fibank,2020-10-29,144.8291
bulgaria,fibank,2020-10-30,147.1159
bulgaria,fibank,2020-11-02,147.1159
bulgaria,fibank,2020-11-03,147.1159
bulgaria,fibank,2020-11-04,143.3046
bulgaria,fibank,2020-11-05,143.3046
bulgaria,fibank,2020-11-06,137.2065
bulgaria,fibank,2020-11-09,141.0178
bulgaria,fibank,2020-11-10,143.3046
bulgaria,fibank,2020-11-11,141.7801
bulgaria,fibank,2020-11-12,141.7801
bulgaria,fibank,2020-11-13,141.0178
bulgaria,fibank,2020-11-16,137.2065
bulgaria,fibank,2020-11-17,137.2065
bulgaria,fibank,2020-11-18,137.2065
bulgaria,fibank,2020-11-19,133.3952
bulgaria,fibank,2020-11-20,133.3952
bulgaria,fibank,2020-11-23,136.4443
bulgaria,fibank,2020-11-24,136.4443
bulgaria,fibank,2020-11-25,137.2065
bulgaria,fibank,2020-11-26,133.3952
bulgaria,fibank,2020-11-27,137.2065
bulgaria,fibank,2020-11-30,137.2065
bulgaria,fibank,2020-12-01,136.4443
bulgaria,fibank,2020-12-02,134.9198
bulgaria,fibank,2020-12-03,143.3046
bulgaria,fibank,2020-12-04,147.1159
bulgaria,fibank,2020-12-07,149.4027
bulgaria,fibank,2020-12-08,150.1649
bulgaria,fibank,2020-12-09,151.6894
bulgaria,fibank,2020-12-10,149.4027
bulgaria,fibank,2020-12-11,150.9272
bulgaria,fibank,2020-12-14,144.8291
bulgaria,fibank,2020-12-15,141.0178
bulgaria,fibank,2020-12-16,146.3536
bulgaria,fibank,2020-12-17,141.7801
bulgaria,fibank,2020-12-18,142.5423
bulgaria,fibank,2020-12-21,137.9688
bulgaria,fibank,2020-12-22,138.731
bulgaria,fibank,2020-12-23,141.0178
bulgaria,fibank,2020-12-29,142.5423
bulgaria,fibank,2020-12-30,140.2556
bulgaria,fibank,2021-01-04,143.3046
bulgaria,fibank,2021-01-05,144.8291
bulgaria,fibank,2021-01-06,141.0178
bulgaria,fibank,2021-01-07,142.5423
bulgaria,fibank,2021-01-08,143.3046
bulgaria,fibank,2021-01-11,144.0669
bulgaria,fibank,2021-01-12,141.0178
bulgaria,fibank,2021-01-13,140.2556
bulgaria,fibank,2021-01-14,138.731
bulgaria,fibank,2021-01-15,139.4933
bulgaria,fibank,2021-01-18,137.9688
bulgaria,fibank,2021-01-19,137.2065
bulgaria,fibank,2021-01-20,138.731
bulgaria,fibank,2021-01-21,143.3046
bulgaria,fibank,2021-01-22,144.0669
bulgaria,fibank,2021-01-25,144.8291
bulgaria,fibank,2021-01-26,143.3046
bulgaria,fibank,2021-01-27,141.0178
bulgaria,fibank,2021-01-28,138.731
bulgaria,fibank,2021-01-29,138.731
bulgaria,fibank,2021-02-01,138.731
bulgaria,fibank,2021-02-02,138.731
bulgaria,fibank,2021-02-03,138.731
bulgaria,fibank,2021-02-04,140.2556
bulgaria,fibank,2021-02-05,135.682
bulgaria,fibank,2021-02-08,138.731
bulgaria,fibank,2021-02-09,137.2065
bulgaria,fibank,2021-02-10,133.3952
bulgaria,fibank,2021-02-11,135.682
bulgaria,fibank,2021-02-12,137.2065
bulgaria,fibank,2021-02-15,135.682
bulgaria,fibank,2021-02-16,135.682
bulgaria,fibank,2021-02-17,135.682
bulgaria,fibank,2021-02-18,134.1575
bulgaria,fibank,2021-02-19,134.9198
bulgaria,fibank,2021-02-22,134.9198
bulgaria,fibank,2021-02-23,131.8707
bulgaria,fibank,2021-02-24,131.8707
bulgaria,fibank,2021-02-25,131.8707
bulgaria,fibank,2021-02-26,134.1575
bulgaria,fibank,2021-03-01,136.4443
bulgaria,fibank,2021-03-02,134.9198
bulgaria,fibank,2021-03-04,129.5839
bulgaria,fibank,2021-03-05,131.8707
bulgaria,fibank,2021-03-08,134.9198
bulgaria,fibank,2021-03-09,126.5349
bulgaria,fibank,2021-03-10,129.5839
bulgaria,fibank,2021-03-11,129.5839
bulgaria,fibank,2021-03-12,126.5349
bulgaria,fibank,2021-03-15,127.2972
bulgaria,fibank,2021-03-16,129.5839
bulgaria,fibank,2021-03-17,128.0594
bulgaria,fibank,2021-03-18,128.0594
bulgaria,fibank,2021-03-19,126.5349
bulgaria,fibank,2021-03-22,126.5349
bulgaria,fibank,2021-03-23,126.5349
bulgaria,fibank,2021-03-24,128.8217
bulgaria,fibank,2021-03-25,126.5349
bulgaria,fibank,2021-03-26,127.2972
bulgaria,fibank,2021-03-29,126.5349
bulgaria,fibank,2021-03-30,126.5349
bulgaria,fibank,2021-03-31,125.7726
bulgaria,fibank,2021-04-01,129.5839
bulgaria,fibank,2021-04-06,129.2028
bulgaria,fibank,2021-04-07,126.5349
bulgaria,fibank,2021-04-08,128.8217
bulgaria,fibank,2021-04-09,128.8217
bulgaria,fibank,2021-04-12,128.8217
bulgaria,fibank,2021-04-13,127.2972
bulgaria,fibank,2021-04-14,122.3425
bulgaria,fibank,2021-04-15,126.1538
bulgaria,fibank,2021-04-16,128.4406
bulgaria,fibank,2021-04-19,123.4859
bulgaria,fibank,2021-04-20,124.2481
bulgaria,fibank,2021-04-21,124.2481
bulgaria,fibank,2021-04-22,123.1047
bulgaria,fibank,2021-04-23,123.1047
bulgaria,fibank,2021-04-26,119.2935
bulgaria,fibank,2021-04-27,121.9614
bulgaria,fibank,2021-04-28,123.4859
bulgaria,fibank,2021-04-29,123.4859
bulgaria,fibank,2021-05-05,120.4368
bulgaria,fibank,2021-05-07,116.6255
bulgaria,fibank,2021-05-10,114.3388
bulgaria,fibank,2021-05-11,115.101
bulgaria,fibank,2021-05-12,118.1501
bulgaria,fibank,2021-05-13,117.7689
bulgaria,fibank,2021-05-14,121.1991
bulgaria,fibank,2021-05-17,117.0067
bulgaria,fibank,2021-05-18,117.3878
bulgaria,fibank,2021-05-19,121.9614
bulgaria,fibank,2021-05-20,129.5839
bulgaria,fibank,2021-05-21,142.9235
bulgaria,fibank,2021-05-25,133.3952
bulgaria,fibank,2021-05-26,133.3952
bulgaria,fibank,2021-05-27,134.1575
bulgaria,fibank,2021-05-28,131.8707
bulgaria,fibank,2021-05-31,127.2972
bulgaria,fibank,2021-06-01,129.5839
bulgaria,fibank,2021-06-02,134.5386
bulgaria,fibank,2021-06-03,133.3952
bulgaria,fibank,2021-06-04,135.3009
bulgaria,fibank,2021-06-07,131.8707
bulgaria,fibank,2021-06-08,129.5839
bulgaria,fibank,2021-06-09,119.6746
bulgaria,fibank,2021-06-10,129.5839
bulgaria,fibank,2021-06-11,129.5839
bulgaria,fibank,2021-06-14,129.5839
bulgaria,fibank,2021-06-15,130.3462
bulgaria,fibank,2021-06-16,131.1085
bulgaria,fibank,2021-06-17,131.1085
bulgaria,fibank,2021-06-18,129.5839
bulgaria,fibank,2021-06-21,131.1085
bulgaria,fibank,2021-06-22,129.9651
bulgaria,fibank,2021-06-23,129.5839
bulgaria,fibank,2021-06-24,131.1085
bulgaria,fibank,2021-06-25,129.5839
bulgaria,fibank,2021-06-28,129.5839
bulgaria,fibank,2021-06-29,129.5839
bulgaria,fibank,2021-06-30,129.9651
bulgaria,fibank,2021-07-01,129.5839
bulgaria,fibank,2021-07-02,126.916
bulgaria,fibank,2021-07-05,126.5349
bulgaria,fibank,2021-07-06,125.7726
bulgaria,fibank,2021-07-07,129.5839
bulgaria,fibank,2021-07-08,129.2028
bulgaria,fibank,2021-07-09,132.633
bulgaria,fibank,2021-07-12,133.0141
bulgaria,fibank,2021-07-13,133.0141
bulgaria,fibank,2021-07-14,129.5839
bulgaria,fibank,2021-07-15,129.5839
bulgaria,fibank,2021-07-16,133.3952
bulgaria,fibank,2021-07-19,133.3952
bulgaria,fibank,2021-07-20,131.1085
bulgaria,fibank,2021-07-21,131.8707
bulgaria,fibank,2021-07-22,129.5839
bulgaria,fibank,2021-07-23,135.682
bulgaria,fibank,2021-07-26,130.3462
bulgaria,fibank,2021-07-27,127.6783
bulgaria,fibank,2021-07-28,130.3462
bulgaria,fibank,2021-07-29,129.5839
bulgaria,fibank,2021-07-30,129.5839
bulgaria,fibank,2021-08-02,129.5839
bulgaria,fibank,2021-08-03,131.8707
bulgaria,fibank,2021-08-04,134.5386
bulgaria,fibank,2021-08-05,136.4443
bulgaria,fibank,2021-08-06,135.682
bulgaria,fibank,2021-08-09,136.4443
bulgaria,fibank,2021-08-10,132.2518
bulgaria,fibank,2021-08-11,133.3952
bulgaria,fibank,2021-08-12,133.0141
bulgaria,fibank,2021-08-13,133.0141
bulgaria,fibank,2021-08-16,133.3952
bulgaria,fibank,2021-08-17,134.9198
bulgaria,fibank,2021-08-18,144.8291
bulgaria,fibank,2021-08-19,144.8291
bulgaria,fibank,2021-08-20,137.5877
bulgaria,fibank,2021-08-23,141.0178
bulgaria,fibank,2021-08-24,140.6367
bulgaria,fibank,2021-08-25,141.0178
bulgaria,fibank,2021-08-26,139.4933
bulgaria,fibank,2021-08-27,136.4443
bulgaria,fibank,2021-08-30,136.4443
bulgaria,fibank,2021-08-31,136.4443
bulgaria,fibank,2021-09-01,140.6367
bulgaria,fibank,2021-09-02,137.9688
bulgaria,fibank,2021-09-03,137.9688
bulgaria,fibank,2021-09-07,140.6367
bulgaria,fibank,2021-09-08,140.2556
bulgaria,fibank,2021-09-09,137.9688
bulgaria,fibank,2021-09-10,138.731
bulgaria,fibank,2021-09-13,140.2556
bulgaria,fibank,2021-09-14,137.5877
bulgaria,fibank,2021-09-15,137.5877
bulgaria,fibank,2021-09-16,133.3952
bulgaria,fibank,2021-09-17,133.3952
bulgaria,fibank,2021-09-20,133.3952
bulgaria,fibank,2021-09-21,131.8707
bulgaria,fibank,2021-09-23,131.8707
bulgaria,fibank,2021-09-24,132.633
bulgaria,fibank,2021-09-27,129.5839
bulgaria,fibank,2021-09-28,133.3952
bulgaria,fibank,2021-09-29,129.5839
bulgaria,fibank,2021-09-30,127.2972
bulgaria,fibank,2021-10-01,125.7726
bulgaria,fibank,2021-10-04,125.7726
bulgaria,fibank,2021-10-05,121.9614
bulgaria,fibank,2021-10-06,120.0557
bulgaria,fibank,2021-10-07,121.9614
bulgaria,fibank,2021-10-08,121.9614
bulgaria,fibank,2021-10-11,121.9614
bulgaria,fibank,2021-10-12,121.9614
bulgaria,fibank,2021-10-13,121.9614
bulgaria,fibank,2021-10-14,121.9614
bulgaria,fibank,2021-10-15,121.9614
bulgaria,fibank,2021-10-18,124.2481
bulgaria,fibank,2021-10-19,125.0104
bulgaria,fibank,2021-10-20,126.5349
bulgaria,fibank,2021-10-21,125.0104
bulgaria,fibank,2021-10-22,125.7726
bulgaria,fibank,2021-10-25,126.5349
bulgaria,fibank,2021-10-26,126.916
bulgaria,fibank,2021-10-27,127.6783
bulgaria,fibank,2021-10-28,126.916
bulgaria,fibank,2021-10-29,126.916
bulgaria,fibank,2021-11-01,126.916
bulgaria,fibank,2021-11-02,129.2028
bulgaria,fibank,2021-11-03,126.916
bulgaria,fibank,2021-11-04,128.0594
bulgaria,fibank,2021-11-05,125.7726
bulgaria,fibank,2021-11-08,128.8217
bulgaria,fibank,2021-11-09,121.1991
bulgaria,fibank,2021-11-10,121.1991
bulgaria,fibank,2021-11-11,121.9614
bulgaria,fibank,2021-11-12,122.7236
bulgaria,fibank,2021-11-15,123.4859
bulgaria,fibank,2021-11-16,123.4859
bulgaria,fibank,2021-11-17,126.5349
bulgaria,fibank,2021-11-18,128.0594
bulgaria,fibank,2021-11-19,124.2481
bulgaria,fibank,2021-11-22,124.6293
bulgaria,fibank,2021-11-23,127.2972
bulgaria,fibank,2021-11-24,128.0594
bulgaria,fibank,2021-11-25,129.5839
bulgaria,fibank,2021-11-26,128.0594
bulgaria,fibank,2021-11-29,131.1085
bulgaria,fibank,2021-11-30,125.3915
bulgaria,fibank,2021-12-01,126.5349
bulgaria,fibank,2021-12-02,126.1538
bulgaria,fibank,2021-12-03,124.2481
bulgaria,fibank,2021-12-06,124.2481
bulgaria,fibank,2021-12-07,121.9614
bulgaria,fibank,2021-12-08,121.9614
bulgaria,fibank,2021-12-09,121.9614
bulgaria,fibank,2021-12-10,121.9614
bulgaria,fibank,2021-12-13,121.9614
bulgaria,fibank,2021-12-14,121.9614
bulgaria,fibank,2021-12-15,120.4368
bulgaria,fibank,2021-12-16,120.4368
bulgaria,fibank,2021-12-17,121.9614
bulgaria,fibank,2021-12-20,121.9614
bulgaria,fibank,2021-12-21,121.9614
bulgaria,fibank,2021-12-22,121.9614
bulgaria,fibank,2021-12-23,121.9614
bulgaria,fibank,2021-12-29,121.9614
bulgaria,fibank,2021-12-30,121.9614
bulgaria,fibank,2022-01-04,125.7726
bulgaria,fibank,2022-01-05,126.5349
bulgaria,fibank,2022-01-06,126.5349
bulgaria,fibank,2022-01-07,123.1047
bulgaria,fibank,2022-01-10,131.1085
bulgaria,fibank,2022-01-11,132.633
bulgaria,fibank,2022-01-12,137.2065
bulgaria,fibank,2022-01-13,135.682
bulgaria,fibank,2022-01-14,140.2556
bulgaria,fibank,2022-01-17,137.2065
bulgaria,fibank,2022-01-18,130.7273
bulgaria,fibank,2022-01-19,129.9651
bulgaria,fibank,2022-01-20,128.0594
bulgaria,fibank,2022-01-21,127.2972
bulgaria,fibank,2022-01-24,125.7726
bulgaria,fibank,2022-01-25,121.9614
bulgaria,fibank,2022-01-26,125.0104
bulgaria,fibank,2022-01-27,125.0104
bulgaria,fibank,2022-01-28,125.7726
bulgaria,fibank,2022-01-31,135.682
bulgaria,fibank,2022-02-01,137.2065
bulgaria,fibank,2022-02-02,138.3499
bulgaria,fibank,2022-02-03,141.3989
bulgaria,fibank,2022-02-04,140.2556
bulgaria,fibank,2022-02-07,137.2065
bulgaria,fibank,2022-02-08,137.2065
bulgaria,fibank,2022-02-09,136.4443
bulgaria,fibank,2022-02-10,134.9198
bulgaria,fibank,2022-02-11,134.9198
bulgaria,fibank,2022-02-14,131.8707
bulgaria,fibank,2022-02-15,135.3009
bulgaria,fibank,2022-02-16,134.1575
bulgaria,fibank,2022-02-17,133.3952
bulgaria,fibank,2022-02-18,133.3952
bulgaria,fibank,2022-02-21,132.633
bulgaria,fibank,2022-02-22,131.8707
bulgaria,fibank,2022-02-23,131.8707
bulgaria,fibank,2022-02-24,129.5839
bulgaria,fibank,2022-02-25,133.7764
bulgaria,fibank,2022-02-28,129.5839
bulgaria,fibank,2022-03-01,129.9651
bulgaria,fibank,2022-03-02,131.4896
bulgaria,fibank,2022-03-04,129.2028
bulgaria,fibank,2022-03-07,124.2481
bulgaria,fibank,2022-03-08,126.5349
bulgaria,fibank,2022-03-09,129.5839
bulgaria,fibank,2022-03-10,131.8707
bulgaria,fibank,2022-03-11,132.2518
bulgaria,fibank,2022-03-14,136.4443
bulgaria,fibank,2022-03-15,133.0141
bulgaria,fibank,2022-03-16,146.3536
bulgaria,fibank,2022-03-17,161.5988
bulgaria,fibank,2022-03-18,172.2704
bulgaria,fibank,2022-03-21,184.4666
bulgaria,fibank,2022-03-22,195.9004
bulgaria,fibank,2022-03-23,211.9079
bulgaria,fibank,2022-03-24,218.7682
bulgaria,fibank,2022-03-25,217.2437
bulgaria,fibank,2022-03-28,199.7117
bulgaria,fibank,2022-03-29,209.6211
bulgaria,fibank,2022-03-30,198.1872
bulgaria,fibank,2022-03-31,189.0401
bulgaria,fibank,2022-04-01,196.6627
bulgaria,fibank,2022-04-04,201.2362
bulgaria,fibank,2022-04-05,201.2362
bulgaria,fibank,2022-04-06,198.1872
bulgaria,fibank,2022-04-07,193.6137
bulgaria,fibank,2022-04-08,193.6137
bulgaria,fibank,2022-04-11,169.2214
bulgaria,fibank,2022-04-12,178.3685
bulgaria,fibank,2022-04-13,182.942
bulgaria,fibank,2022-04-14,187.5156
bulgaria,fibank,2022-04-19,187.5156
bulgaria,fibank,2022-04-20,185.9911
bulgaria,fibank,2022-04-21,184.4666
bulgaria,fibank,2022-04-26,182.942
bulgaria,fibank,2022-04-27,179.893
bulgaria,fibank,2022-04-28,179.893
bulgaria,fibank,2022-04-29,173.7949
bulgaria,fibank,2022-05-03,170.7459
bulgaria,fibank,2022-05-04,163.1233
bulgaria,fibank,2022-05-05,163.1233
bulgaria,fibank,2022-05-09,161.5988
bulgaria,fibank,2022-05-10,163.1233
bulgaria,fibank,2022-05-11,158.5498
bulgaria,fibank,2022-05-12,148.6404
bulgaria,fibank,2022-05-13,148.6404
bulgaria,fibank,2022-05-16,147.1159
bulgaria,fibank,2022-05-17,161.5988
bulgaria,fibank,2022-05-18,161.5988
bulgaria,fibank,2022-05-19,163.1233
bulgaria,fibank,2022-05-20,169.2214
bulgaria,fibank,2022-05-23,166.1723
bulgaria,fibank,2022-05-25,164.6478
bulgaria,fibank,2022-05-26,153.9762
bulgaria,fibank,2022-05-27,164.6478
bulgaria,fibank,2022-05-30,163.1233
bulgaria,fibank,2022-05-31,163.1233
bulgaria,fibank,2022-06-01,163.1233
bulgaria,fibank,2022-06-02,158.5498
bulgaria,fibank,2022-06-03,158.5498
bulgaria,fibank,2022-06-06,149.4027
bulgaria,fibank,2022-06-07,160.0743
bulgaria,fibank,2022-06-08,161.5988
bulgaria,fibank,2022-06-09,155.5007
bulgaria,fibank,2022-06-10,152.4517
bulgaria,fibank,2022-06-13,153.9762
bulgaria,fibank,2022-06-14,160.0743
bulgaria,fibank,2022-06-15,152.4517
bulgaria,fibank,2022-06-16,150.1649
bulgaria,fibank,2022-06-17,151.6894
bulgaria,fibank,2022-06-20,150.9272
bulgaria,fibank,2022-06-21,150.9272
bulgaria,fibank,2022-06-22,150.1649
bulgaria,fibank,2022-06-23,148.6404
bulgaria,fibank,2022-06-24,148.6404
bulgaria,fibank,2022-06-27,149.4027
bulgaria,fibank,2022-06-28,148.6404
bulgaria,fibank,2022-06-29,148.6404
bulgaria,fibank,2022-06-30,144.0669
bulgaria,fibank,2022-07-01,144.0669
bulgaria,fibank,2022-07-04,144.0669
bulgaria,fibank,2022-07-05,144.0669
bulgaria,fibank,2022-07-06,149.4027
bulgaria,fibank,2022-07-07,145.5914
bulgaria,fibank,2022-07-08,150.1649
bulgaria,fibank,2022-07-11,147.1159
bulgaria,fibank,2022-07-12,143.3046
bulgaria,fibank,2022-07-13,144.0669
bulgaria,fibank,2022-07-14,141.7801
bulgaria,fibank,2022-07-15,143.3046
bulgaria,fibank,2022-07-18,148.6404
bulgaria,fibank,2022-07-19,148.6404
bulgaria,fibank,2022-07-20,141.7801
bulgaria,fibank,2022-07-21,141.0178
bulgaria,fibank,2022-07-22,141.0178
bulgaria,fibank,2022-07-25,141.0178
bulgaria,fibank,2022-07-26,141.7801
bulgaria,fibank,2022-07-27,146.3536
bulgaria,fibank,2022-07-28,146.3536
bulgaria,fibank,2022-07-29,146.3536
bulgaria,fibank,2022-08-01,141.7801
bulgaria,fibank,2022-08-02,142.5423
bulgaria,fibank,2022-08-03,144.8291
bulgaria,fibank,2022-08-04,148.6404
bulgaria,fibank,2022-08-05,157.0252
bulgaria,fibank,2022-08-08,167.6969
bulgaria,fibank,2022-08-09,153.9762
bulgaria,fibank,2022-08-10,158.5498
bulgaria,fibank,2022-08-11,160.0743
bulgaria,fibank,2022-08-12,160.0743
bulgaria,fibank,2022-08-15,160.0743
bulgaria,fibank,2022-08-16,160.0743
bulgaria,fibank,2022-08-17,152.4517
bulgaria,fibank,2022-08-18,153.9762
bulgaria,fibank,2022-08-19,153.9762
bulgaria,fibank,2022-08-22,153.9762
bulgaria,fibank,2022-08-23,152.4517
bulgaria,fibank,2022-08-24,152.4517
bulgaria,fibank,2022-08-25,153.9762
bulgaria,fibank,2022-08-26,152.4517
bulgaria,fibank,2022-08-29,152.4517
bulgaria,fibank,2022-08-30,152.4517
bulgaria,fibank,2022-08-31,157.0252
bulgaria,fibank,2022-09-01,152.4517
bulgaria,fibank,2022-09-02,150.9272
bulgaria,fibank,2022-09-05,150.1649
bulgaria,fibank,2022-09-07,147.8781
bulgaria,fibank,2022-09-08,147.8781
bulgaria,fibank,2022-09-09,148.6404
bulgaria,fibank,2022-09-12,150.1649
bulgaria,fibank,2022-09-13,149.4027
bulgaria,fibank,2022-09-14,147.1159
bulgaria,fibank,2022-09-15,147.1159
bulgaria,fibank,2022-09-16,147.1159
bulgaria,fibank,2022-09-19,148.6404
bulgaria,fibank,2022-09-20,146.3536
bulgaria,fibank,2022-09-21,144.0669
bulgaria,fibank,2022-09-23,139.4933
bulgaria,fibank,2022-09-26,135.682
bulgaria,fibank,2022-09-27,142.5423
bulgaria,fibank,2022-09-28,139.4933
bulgaria,fibank,2022-09-29,134.9198
bulgaria,fibank,2022-09-30,138.731
bulgaria,fibank,2022-10-03,133.3952
bulgaria,fibank,2022-10-04,136.4443
bulgaria,fibank,2022-10-05,137.2065
bulgaria,fibank,2022-10-06,136.4443
bulgaria,fibank,2022-10-07,137.2065
bulgaria,fibank,2022-10-10,137.2065
bulgaria,fibank,2022-10-11,132.633
bulgaria,fibank,2022-10-12,131.8707
bulgaria,fibank,2022-10-13,131.8707
bulgaria,fibank,2022-10-14,137.2065
bulgaria,fibank,2022-10-17,137.2065
bulgaria,fibank,2022-10-18,137.2065
bulgaria,fibank,2022-10-19,137.2065
bulgaria,fibank,2022-10-20,137.2065
bulgaria,fibank,2022-10-21,137.2065
bulgaria,fibank,2022-10-24,141.0178
bulgaria,fibank,2022-10-25,141.0178
bulgaria,fibank,2022-10-26,141.0178
bulgaria,fibank,2022-10-27,142.5423
bulgaria,fibank,2022-10-28,142.5423
bulgaria,fibank,2022-10-31,141.0178
bulgaria,fibank,2022-11-01,138.731
bulgaria,fibank,2022-11-02,139.4933
bulgaria,fibank,2022-11-03,139.4933
bulgaria,fibank,2022-11-04,139.4933
bulgaria,fibank,2022-11-07,139.4933
bulgaria,fibank,2022-11-08,139.4933
bulgaria,fibank,2022-11-09,145.5914
bulgaria,fibank,2022-11-10,145.5914
bulgaria,fibank,2022-11-11,146.3536
bulgaria,fibank,2022-11-14,140.2556
bulgaria,fibank,2022-11-15,144.8291
bulgaria,fibank,2022-11-16,138.731
bulgaria,fibank,2022-11-17,137.2065
bulgaria,fibank,2022-11-18,137.2065
bulgaria,fibank,2022-11-21,134.9198
bulgaria,fibank,2022-11-22,134.9198
bulgaria,fibank,2022-11-23,137.2065
bulgaria,fibank,2022-11-24,134.1575
bulgaria,fibank,2022-11-25,137.2065
bulgaria,fibank,2022-11-28,135.682
bulgaria,fibank,2022-11-29,134.1575
bulgaria,fibank,2022-11-30,141.0178
bulgaria,fibank,2022-12-01,136.4443
bulgaria,fibank,2022-12-02,136.4443
bulgaria,fibank,2022-12-05,136.4443
bulgaria,fibank,2022-12-06,142.5423
bulgaria,fibank,2022-12-07,142.5423
bulgaria,fibank,2022-12-08,142.5423
bulgaria,fibank,2022-12-09,142.5423
bulgaria,fibank,2022-12-12,137.9688
bulgaria,fibank,2022-12-13,138.731
bulgaria,fibank,2022-12-14,144.0669
bulgaria,fibank,2022-12-15,152.4517
bulgaria,fibank,2022-12-16,144.8291
bulgaria,fibank,2022-12-19,144.8291
bulgaria,fibank,2022-12-20,144.8291
bulgaria,fibank,2022-12-21,144.8291
bulgaria,fibank,2022-12-22,151.6894
bulgaria,fibank,2022-12-23,151.6894
bulgaria,fibank,2022-12-29,151.6894
bulgaria,fibank,2022-12-30,151.6894
bulgaria,fibank,2023-01-03,151.6894
bulgaria,fibank,2023-01-04,151.6894
bulgaria,fibank,2023-01-05,151.6894
bulgaria,fibank,2023-01-06,158.5498
bulgaria,fibank,2023-01-09,155.5007
bulgaria,fibank,2023-01-10,164.6478
bulgaria,fibank,2023-01-11,167.6969
bulgaria,fibank,2023-01-12,161.5988
bulgaria,fibank,2023-01-13,179.893
bulgaria,fibank,2023-01-16,181.4175
bulgaria,fibank,2023-01-17,175.3195
bulgaria,fibank,2023-01-18,175.3195
bulgaria,fibank,2023-01-19,184.4666
bulgaria,fibank,2023-01-20,184.4666
bulgaria,fibank,2023-01-23,181.4175
bulgaria,fibank,2023-01-24,182.942
bulgaria,fibank,2023-01-25,179.893
bulgaria,fibank,2023-01-26,181.4175
bulgaria,fibank,2023-01-27,179.893
bulgaria,fibank,2023-01-30,179.893
bulgaria,fibank,2023-01-31,179.893
bulgaria,fibank,2023-02-01,179.893
bulgaria,fibank,2023-02-02,184.4666
bulgaria,fibank,2023-02-03,182.942
bulgaria,fibank,2023-02-06,185.9911
bulgaria,fibank,2023-02-07,184.4666
bulgaria,fibank,2023-02-08,184.4666
bulgaria,fibank,2023-02-09,184.4666
bulgaria,fibank,2023-02-10,179.893
bulgaria,fibank,2023-02-13,179.893
bulgaria,fibank,2023-02-14,178.3685
bulgaria,fibank,2023-02-15,178.3685
bulgaria,fibank,2023-02-16,179.893
bulgaria,fibank,2023-02-17,178.3685
bulgaria,fibank,2023-02-20,178.3685
bulgaria,fibank,2023-02-21,178.3685
bulgaria,fibank,2023-02-22,173.7949
bulgaria,fibank,2023-02-23,173.7949
bulgaria,fibank,2023-02-24,175.3195
bulgaria,fibank,2023-02-27,173.7949
bulgaria,fibank,2023-02-28,173.7949
bulgaria,fibank,2023-03-01,173.7949
bulgaria,fibank,2023-03-02,173.7949
bulgaria,fibank,2023-03-06,182.942
bulgaria,fibank,2023-03-07,176.844
bulgaria,fibank,2023-03-08,175.3195
bulgaria,fibank,2023-03-09,175.3195
bulgaria,fibank,2023-03-10,175.3195
bulgaria,fibank,2023-03-13,167.6969
bulgaria,fibank,2023-03-14,167.6969
bulgaria,fibank,2023-03-15,161.5988
bulgaria,fibank,2023-03-16,161.5988
bulgaria,fibank,2023-03-17,164.6478
bulgaria,fibank,2023-03-20,158.5498
bulgaria,fibank,2023-03-21,166.1723
bulgaria,fibank,2023-03-22,164.6478
bulgaria,fibank,2023-03-23,164.6478
bulgaria,fibank,2023-03-24,164.6478
bulgaria,fibank,2023-03-27,163.1233
bulgaria,fibank,2023-03-28,166.1723
bulgaria,fibank,2023-03-29,157.0252
bulgaria,fibank,2023-03-30,157.0252
bulgaria,fibank,2023-03-31,166.1723
bulgaria,fibank,2023-04-03,166.1723
bulgaria,fibank,2023-04-04,166.1723
bulgaria,fibank,2023-04-05,163.1233
bulgaria,fibank,2023-04-06,160.0743
bulgaria,fibank,2023-04-11,166.1723
bulgaria,fibank,2023-04-12,152.4517
bulgaria,fibank,2023-04-13,152.4517
bulgaria,fibank,2023-04-18,152.4517
bulgaria,fibank,2023-04-19,155.5007
bulgaria,fibank,2023-04-20,155.5007
bulgaria,fibank,2023-04-21,155.5007
bulgaria,fibank,2023-04-24,155.5007
bulgaria,fibank,2023-04-25,155.5007
bulgaria,fibank,2023-04-26,160.0743
bulgaria,fibank,2023-04-27,153.9762
bulgaria,fibank,2023-04-28,160.0743
bulgaria,fibank,2023-05-02,160.0743
bulgaria,fibank,2023-05-03,160.0743
bulgaria,fibank,2023-05-04,158.5498
bulgaria,fibank,2023-05-05,157.0252
bulgaria,fibank,2023-05-09,164.6478
bulgaria,fibank,2023-05-10,164.6478
bulgaria,fibank,2023-05-11,164.6478
bulgaria,fibank,2023-05-12,157.0252
bulgaria,fibank,2023-05-15,157.0252
bulgaria,fibank,2023-05-16,160.0743
bulgaria,fibank,2023-05-17,157.0252
bulgaria,fibank,2023-05-18,155.5007
bulgaria,fibank,2023-05-19,157.0252
bulgaria,fibank,2023-05-22,155.5007
bulgaria,fibank,2023-05-23,155.5007
bulgaria,fibank,2023-05-25,160.0743
bulgaria,fibank,2023-05-26,157.0252
bulgaria,fibank,2023-05-29,157.0252
bulgaria,fibank,2023-05-30,160.0743
bulgaria,fibank,2023-05-31,160.0743
bulgaria,fibank,2023-06-01,160.0743
bulgaria,fibank,2023-06-02,160.0743
bulgaria,fibank,2023-06-05,160.0743
bulgaria,fibank,2023-06-06,161.5988
bulgaria,fibank,2023-06-07,161.5988
bulgaria,fibank,2023-06-08,161.5988
bulgaria,fibank,2023-06-09,158.5498
bulgaria,fibank,2023-06-12,158.5498
bulgaria,fibank,2023-06-13,167.6969
bulgaria,fibank,2023-06-14,161.5988
bulgaria,fibank,2023-06-15,166.1723
bulgaria,fibank,2023-06-16,167.6969
bulgaria,fibank,2023-06-19,167.6969
bulgaria,fibank,2023-06-20,167.6969
bulgaria,fibank,2023-06-21,158.5498
bulgaria,fibank,2023-06-22,164.6478
bulgaria,fibank,2023-06-23,164.6478
bulgaria,fibank,2023-06-26,158.5498
bulgaria,fibank,2023-06-27,161.5988
bulgaria,fibank,2023-06-28,164.6478
bulgaria,fibank,2023-06-29,164.6478
bulgaria,fibank,2023-06-30,164.6478
bulgaria,fibank,2023-07-03,157.0252
bulgaria,fibank,2023-07-04,157.0252
bulgaria,fibank,2023-07-05,157.0252
bulgaria,fibank,2023-07-06,157.0252
bulgaria,fibank,2023-07-07,157.0252
bulgaria,fibank,2023-07-10,163.1233
bulgaria,fibank,2023-07-11,163.1233
bulgaria,fibank,2023-07-12,163.1233
bulgaria,fibank,2023-07-13,163.1233
bulgaria,fibank,2023-07-14,163.1233
bulgaria,fibank,2023-07-17,163.1233
bulgaria,fibank,2023-07-18,161.5988
bulgaria,fibank,2023-07-19,163.1233
bulgaria,fibank,2023-07-20,163.1233
bulgaria,fibank,2023-07-21,163.1233
bulgaria,fibank,2023-07-24,163.1233
bulgaria,fibank,2023-07-25,163.1233
bulgaria,fibank,2023-07-26,163.1233
bulgaria,fibank,2023-07-27,163.1233
bulgaria,fibank,2023-07-28,157.0252
bulgaria,fibank,2023-07-31,178.3685
bulgaria,fibank,2023-08-01,175.3195
bulgaria,fibank,2023-08-02,175.3195
bulgaria,fibank,2023-08-03,175.3195
bulgaria,fibank,2023-08-04,175.3195
bulgaria,fibank,2023-08-07,173.7949
bulgaria,fibank,2023-08-08,161.5988
bulgaria,fibank,2023-08-09,161.5988
bulgaria,fibank,2023-08-10,170.7459
bulgaria,fibank,2023-08-11,163.1233
bulgaria,fibank,2023-08-14,173.7949
bulgaria,fibank,2023-08-15,173.7949
bulgaria,fibank,2023-08-16,166.1723
bulgaria,fibank,2023-08-17,164.6478
bulgaria,fibank,2023-08-18,173.7949
bulgaria,fibank,2023-08-21,179.893
bulgaria,fibank,2023-08-22,179.893
bulgaria,fibank,2023-08-23,178.3685
bulgaria,fibank,2023-08-24,175.3195
bulgaria,fibank,2023-08-25,175.3195
bulgaria,fibank,2023-08-28,175.3195
bulgaria,fibank,2023-08-29,176.844
bulgaria,fibank,2023-08-30,176.844
bulgaria,fibank,2023-08-31,176.844
bulgaria,fibank,2023-09-01,176.844
bulgaria,fibank,2023-09-04,176.844
bulgaria,fibank,2023-09-05,167.6969
bulgaria,fibank,2023-09-07,167.6969
bulgaria,fibank,2023-09-08,169.2214
bulgaria,fibank,2023-09-11,175.3195
bulgaria,fibank,2023-09-12,172.2704
bulgaria,fibank,2023-09-13,185.9911
bulgaria,fibank,2023-09-14,185.9911
bulgaria,fibank,2023-09-15,190.5646
bulgaria,fibank,2023-09-18,189.0401
bulgaria,fibank,2023-09-19,189.0401
bulgaria,fibank,2023-09-20,185.9911
bulgaria,fibank,2023-09-21,184.4666
bulgaria,fibank,2023-09-25,189.0401
bulgaria,fibank,2023-09-26,189.0401
bulgaria,fibank,2023-09-27,182.942
bulgaria,fibank,2023-09-28,187.5156
bulgaria,fibank,2023-09-29,185.9911
bulgaria,fibank,2023-10-02,182.942
bulgaria,fibank,2023-10-03,187.5156
bulgaria,fibank,2023-10-04,185.9911
bulgaria,fibank,2023-10-05,184.4666
bulgaria,fibank,2023-10-06,192.0891
bulgaria,fibank,2023-10-09,195.1382
bulgaria,fibank,2023-10-10,199.7117
bulgaria,fibank,2023-10-11,198.1872
bulgaria,fibank,2023-10-12,195.1382
bulgaria,fibank,2023-10-13,198.1872
bulgaria,fibank,2023-10-16,198.1872
bulgaria,fibank,2023-10-17,195.1382
bulgaria,fibank,2023-10-18,199.7117
bulgaria,fibank,2023-10-19,192.0891
bulgaria,fibank,2023-10-20,192.0891
bulgaria,fibank,2023-10-23,193.6137
bulgaria,fibank,2023-10-24,189.0401
bulgaria,fibank,2023-10-25,190.5646
bulgaria,fibank,2023-10-26,190.5646
bulgaria,fibank,2023-10-27,198.1872
bulgaria,fibank,2023-10-30,199.7117
bulgaria,fibank,2023-10-31,205.8098
bulgaria,fibank,2023-11-01,210.3833
bulgaria,fibank,2023-11-02,208.8588
bulgaria,fibank,2023-11-03,211.9079
bulgaria,fibank,2023-11-06,211.9079
bulgaria,fibank,2023-11-07,208.8588
bulgaria,fibank,2023-11-08,205.8098
bulgaria,fibank,2023-11-09,208.8588
bulgaria,fibank,2023-11-10,208.8588
bulgaria,fibank,2023-11-13,202.7608
bulgaria,fibank,2023-11-14,199.7117
bulgaria,fibank,2023-11-15,199.7117
bulgaria,fibank,2023-11-16,205.8098
bulgaria,fibank,2023-11-17,204.2853
bulgaria,fibank,2023-11-20,204.2853
bulgaria,fibank,2023-11-21,195.1382
bulgaria,fibank,2023-11-22,193.6137
bulgaria,fibank,2023-11-23,198.1872
bulgaria,fibank,2023-11-24,195.1382
bulgaria,fibank,2023-11-27,193.6137
bulgaria,fibank,2023-11-28,193.6137
bulgaria,fibank,2023-11-29,193.6137
bulgaria,fibank,2023-11-30,201.2362
bulgaria,fibank,2023-12-01,196.6627
bulgaria,fibank,2023-12-04,196.6627
bulgaria,fibank,2023-12-05,208.8588
bulgaria,fibank,2023-12-06,216.4814
bulgaria,fibank,2023-12-07,216.4814
bulgaria,fibank,2023-12-08,214.9569
bulgaria,fibank,2023-12-11,218.0059
bulgaria,fibank,2023-12-12,218.0059
bulgaria,fibank,2023-12-13,218.0059
bulgaria,fibank,2023-12-14,230.2021
bulgaria,fibank,2023-12-15,227.153
bulgaria,fibank,2023-12-18,231.7266
bulgaria,fibank,2023-12-19,227.153
bulgaria,fibank,2023-12-20,227.153
bulgaria,fibank,2023-12-21,224.104
bulgaria,fibank,2023-12-22,222.5795
bulgaria,fibank,2023-12-28,221.055
bulgaria,fibank,2023-12-29,222.5795
bulgaria,fibank,2024-01-02,228.6775
bulgaria,fibank,2024-01-03,228.6775
bulgaria,fibank,2024-01-04,224.104
bulgaria,fibank,2024-01-05,224.104
bulgaria,fibank,2024-01-08,225.6285
bulgaria,fibank,2024-01-09,225.6285
bulgaria,fibank,2024-01-10,225.6285
bulgaria,fibank,2024-01-11,227.153
bulgaria,fibank,2024-01-12,233.2511
bulgaria,fibank,2024-01-15,233.2511
bulgaria,fibank,2024-01-16,230.2021
bulgaria,fibank,2024-01-17,227.153
bulgaria,fibank,2024-01-18,228.6775
bulgaria,fibank,2024-01-19,251.5453
bulgaria,fibank,2024-01-22,251.5453
bulgaria,fibank,2024-01-23,250.0208
bulgaria,fibank,2024-01-24,251.5453
bulgaria,fibank,2024-01-25,243.9227
bulgaria,fibank,2024-01-26,248.4963
bulgaria,fibank,2024-01-29,256.1188
bulgaria,fibank,2024-01-30,251.5453
bulgaria,fibank,2024-01-31,237.8246
bulgaria,fibank,2024-02-01,185.9911
bulgaria,fibank,2024-02-02,182.942
bulgaria,fibank,2024-02-05,181.4175
bulgaria,fibank,2024-02-06,176.844
bulgaria,fibank,2024-02-07,218.0059
bulgaria,fibank,2024-02-08,210.3833
bulgaria,fibank,2024-02-09,204.2853
bulgaria,fibank,2024-02-12,201.2362
bulgaria,fibank,2024-02-13,198.1872
bulgaria,fibank,2024-02-14,205.8098
bulgaria,fibank,2024-02-15,204.2853
bulgaria,fibank,2024-02-16,207.3343
bulgaria,fibank,2024-02-19,202.7608
bulgaria,fibank,2024-02-20,205.8098
bulgaria,fibank,2024-02-21,208.8588
bulgaria,fibank,2024-02-22,216.4814
bulgaria,fibank,2024-02-23,218.0059
bulgaria,fibank,2024-02-26,211.9079
bulgaria,fibank,2024-02-27,208.8588
bulgaria,fibank,2024-02-28,216.4814
bulgaria,fibank,2024-02-29,213.4324
bulgaria,fibank,2024-03-01,218.0059
bulgaria,fibank,2024-03-05,205.8098
bulgaria,fibank,2024-03-06,205.8098
bulgaria,fibank,2024-03-07,198.1872
bulgaria,fibank,2024-03-08,198.1872
bulgaria,fibank,2024-03-11,198.1872
bulgaria,fibank,2024-03-12,195.1382
bulgaria,fibank,2024-03-13,205.8098
bulgaria,fibank,2024-03-14,198.1872
bulgaria,fibank,2024-03-15,195.1382
bulgaria,fibank,2024-03-18,190.5646
bulgaria,fibank,2024-03-19,198.1872
bulgaria,fibank,2024-03-20,192.0891
bulgaria,fibank,2024-03-21,193.6137
bulgaria,fibank,2024-03-22,190.5646
bulgaria,fibank,2024-03-25,190.5646
bulgaria,fibank,2024-03-26,187.5156
bulgaria,fibank,2024-03-27,184.4666
bulgaria,fibank,2024-03-28,185.9911
bulgaria,fibank,2024-04-02,195.1382
bulgaria,fibank,2024-04-03,190.5646
bulgaria,fibank,2024-04-04,187.5156
bulgaria,fibank,2024-04-05,190.5646
bulgaria,fibank,2024-04-08,201.2362
bulgaria,fibank,2024-04-09,196.6627
bulgaria,fibank,2024-04-10,205.8098
bulgaria,fibank,2024-04-11,205.8098
bulgaria,fibank,2024-04-12,192.0891
bulgaria,fibank,2024-04-15,190.5646
bulgaria,fibank,2024-04-16,189.0401
bulgaria,fibank,2024-04-17,192.0891
bulgaria,fibank,2024-04-18,192.0891
bulgaria,fibank,2024-04-19,195.1382
bulgaria,fibank,2024-04-22,202.7608
bulgaria,fibank,2024-04-23,211.9079
bulgaria,fibank,2024-04-24,221.055
bulgaria,fibank,2024-04-25,216.4814
bulgaria,fibank,2024-04-26,234.7756
bulgaria,fibank,2024-04-29,221.055
bulgaria,fibank,2024-04-30,213.4324
bulgaria,fibank,2024-05-02,236.3001
bulgaria,fibank,2024-05-07,256.1188
bulgaria,fibank,2024-05-08,271.364
bulgaria,fibank,2024-05-09,278.9866
bulgaria,fibank,2024-05-10,295.7563
bulgaria,fibank,2024-05-13,298.8053
bulgaria,fibank,2024-05-14,355.2125
bulgaria,fibank,2024-05-15,330.8202
bulgaria,fibank,2024-05-16,338.4428
bulgaria,fibank,2024-05-17,332.3447
bulgaria,fibank,2024-05-20,338.4428
bulgaria,fibank,2024-05-21,368.9331
bulgaria,fibank,2024-05-22,358.2615
bulgaria,fibank,2024-05-23,320.1486
bulgaria,fibank,2024-05-27,346.0653
bulgaria,fibank,2024-05-28,332.3447
bulgaria,fibank,2024-05-29,336.9182
bulgaria,fibank,2024-05-30,333.8692
bulgaria,fibank,2024-05-31,347.5899
bulgaria,fibank,2024-06-03,350.6389
bulgaria,fibank,2024-06-04,346.0653
bulgaria,fibank,2024-06-05,349.1144
bulgaria,fibank,2024-06-06,368.9331
bulgaria,fibank,2024-06-07,364.3596
bulgaria,fibank,2024-06-10,362.835
bulgaria,fibank,2024-06-11,367.4086
bulgaria,fibank,2024-06-12,358.2615
bulgaria,fibank,2024-06-13,356.737
bulgaria,fibank,2024-06-14,356.737
bulgaria,fibank,2024-06-17,344.5408
bulgaria,fibank,2024-06-18,341.4918
bulgaria,fibank,2024-06-19,338.4428
bulgaria,fibank,2024-06-20,333.8692
bulgaria,fibank,2024-06-21,335.3937
bulgaria,fibank,2024-06-24,335.3937
bulgaria,fibank,2024-06-25,335.3937
bulgaria,fibank,2024-06-26,335.3937
bulgaria,fibank,2024-06-27,335.3937
bulgaria,fibank,2024-06-28,335.3937
bulgaria,fibank,2024-07-01,336.9182
bulgaria,fibank,2024-07-02,333.8692
bulgaria,fibank,2024-07-03,339.9673
bulgaria,fibank,2024-07-04,339.9673
bulgaria,fibank,2024-07-05,339.9673
bulgaria,fibank,2024-07-08,338.4428
bulgaria,fibank,2024-07-09,338.4428
bulgaria,fibank,2024-07-10,338.4428
bulgaria,fibank,2024-07-11,339.9673
bulgaria,fibank,2024-07-12,339.9673
bulgaria,fibank,2024-07-15,338.4428
bulgaria,fibank,2024-07-16,341.4918
bulgaria,fibank,2024-07-17,355.2125
bulgaria,fibank,2024-07-18,350.6389
bulgaria,fibank,2024-07-19,352.1634
bulgaria,fibank,2024-07-22,341.4918
bulgaria,fibank,2024-07-23,343.0163
bulgaria,fibank,2024-07-24,358.2615
bulgaria,fibank,2024-07-25,364.3596
bulgaria,fibank,2024-07-26,373.5067
bulgaria,fibank,2024-07-29,370.4576
bulgaria,fibank,2024-07-30,362.835
bulgaria,fibank,2024-07-31,375.0312
bulgaria,fibank,2024-08-01,368.9331
bulgaria,fibank,2024-08-02,368.9331
bulgaria,fibank,2024-08-05,355.2125
bulgaria,fibank,2024-08-06,364.3596
bulgaria,fibank,2024-08-07,370.4576
bulgaria,fibank,2024-08-08,365.8841
bulgaria,fibank,2024-08-09,365.8841
bulgaria,fibank,2024-08-12,373.5067
bulgaria,fibank,2024-08-13,400.1857
bulgaria,fibank,2024-08-14,411.6196
bulgaria,fibank,2024-08-15,388.7518
bulgaria,fibank,2024-08-16,400.1857
bulgaria,fibank,2024-08-19,411.6196
bulgaria,fibank,2024-08-20,407.8083
bulgaria,fibank,2024-08-21,403.997
bulgaria,fibank,2024-08-22,407.8083
bulgaria,fibank,2024-08-23,403.997
bulgaria,fibank,2024-08-26,400.1857
bulgaria,fibank,2024-08-27,400.1857
bulgaria,fibank,2024-08-28,384.9405
bulgaria,fibank,2024-08-29,384.9405
bulgaria,fibank,2024-08-30,384.9405
bulgaria,fibank,2024-09-02,400.1857
bulgaria,fibank,2024-09-03,396.3744
bulgaria,fibank,2024-09-04,381.1292
bulgaria,fibank,2024-09-05,381.1292
bulgaria,fibank,2024-09-09,379.6047
bulgaria,fibank,2024-09-10,379.6047
bulgaria,fibank,2024-09-11,376.5557
bulgaria,fibank,2024-09-12,375.0312
bulgaria,fibank,2024-09-13,373.5067
bulgaria,fibank,2024-09-16,378.0802
bulgaria,fibank,2024-09-17,364.3596
bulgaria,fibank,2024-09-18,338.4428
bulgaria,fibank,2024-09-19,343.0163
bulgaria,fibank,2024-09-20,364.3596
bulgaria,fibank,2024-09-24,350.6389
bulgaria,fibank,2024-09-25,338.4428
bulgaria,fibank,2024-09-26,318.624
bulgaria,fibank,2024-09-27,317.0995
bulgaria,fibank,2024-09-30,314.0505
bulgaria,fibank,2024-10-01,304.9034
bulgaria,fibank,2024-10-02,304.9034
bulgaria,fibank,2024-10-03,292.7073
bulgaria,fibank,2024-10-04,303.3789
bulgaria,fibank,2024-10-07,311.0015
bulgaria,fibank,2024-10-08,317.0995
bulgaria,fibank,2024-10-09,311.0015
bulgaria,fibank,2024-10-10,312.526
bulgaria,fibank,2024-10-11,312.526
bulgaria,fibank,2024-10-14,306.4279
bulgaria,fibank,2024-10-15,307.9524
bulgaria,fibank,2024-10-16,306.4279
bulgaria,fibank,2024-10-17,318.624
bulgaria,fibank,2024-10-18,306.4279
bulgaria,fibank,2024-10-21,291.1827
bulgaria,fibank,2024-10-22,294.2318
bulgaria,fibank,2024-10-23,294.2318
bulgaria,fibank,2024-10-24,295.7563
bulgaria,fibank,2024-10-25,292.7073
bulgaria,fibank,2024-10-28,286.6092
bulgaria,fibank,2024-10-29,265.266
bulgaria,fibank,2024-10-30,278.9866
bulgaria,fibank,2024-10-31,295.7563
bulgaria,fibank,2024-11-01,300.3298
bulgaria,fibank,2024-11-04,301.8544
bulgaria,fibank,2024-11-05,297.2808
bulgaria,fibank,2024-11-06,312.526
bulgaria,fibank,2024-11-07,320.1486
bulgaria,fibank,2024-11-08,304.9034
bulgaria,fibank,2024-11-11,304.9034
bulgaria,fibank,2024-11-12,298.8053
bulgaria,fibank,2024-11-13,291.1827
bulgaria,fibank,2024-11-14,291.1827
bulgaria,fibank,2024-11-15,291.1827
bulgaria,fibank,2024-11-18,289.6582
bulgaria,fibank,2024-11-19,289.6582
bulgaria,fibank,2024-11-20,289.6582
bulgaria,fibank,2024-11-21,289.6582
bulgaria,fibank,2024-11-22,289.6582
bulgaria,fibank,2024-11-25,297.2808
bulgaria,fibank,2024-11-26,297.2808
bulgaria,fibank,2024-11-27,301.8544
bulgaria,fibank,2024-11-28,301.8544
bulgaria,fibank,2024-11-29,289.6582
bulgaria,fibank,2024-12-02,289.6582
bulgaria,fibank,2024-12-03,289.6582
bulgaria,fibank,2024-12-04,289.6582
bulgaria,fibank,2024-12-05,285.0847
bulgaria,fibank,2024-12-06,295.7563
bulgaria,fibank,2024-12-09,283.5602
bulgaria,fibank,2024-12-10,294.2318
bulgaria,fibank,2024-12-11,286.6092
bulgaria,fibank,2024-12-12,297.2808
bulgaria,fibank,2024-12-13,297.2808
bulgaria,fibank,2024-12-16,297.2808
bulgaria,fibank,2024-12-17,295.7563
bulgaria,fibank,2024-12-18,297.2808
bulgaria,fibank,2024-12-19,309.4769
bulgaria,fibank,2024-12-20,315.575
bulgaria,fibank,2024-12-23,318.624
bulgaria,fibank,2024-12-27,329.2957
bulgaria,fibank,2025-01-02,327.7711
bulgaria,fibank,2025-01-03,327.7711
bulgaria,fibank,2025-01-06,327.7711
bulgaria,fibank,2025-01-07,320.1486
bulgaria,fibank,2025-01-08,312.526
bulgaria,fibank,2025-01-09,323.1976
bulgaria,fibank,2025-01-10,314.0505
bulgaria,fibank,2025-01-13,312.526
bulgaria,fibank,2025-01-14,312.526
bulgaria,fibank,2025-01-15,312.526
bulgaria,fibank,2025-01-16,311.0015
bulgaria,fibank,2025-01-17,323.1976
bulgaria,fibank,2025-01-20,329.2957
bulgaria,fibank,2025-01-21,329.2957
bulgaria,fibank,2025-01-22,332.3447
bulgaria,fibank,2025-01-23,329.2957
bulgaria,fibank,2025-01-24,323.1976
bulgaria,fibank,2025-01-27,320.1486
bulgaria,fibank,2025-01-28,314.0505
bulgaria,fibank,2025-01-29,327.7711
bulgaria,fibank,2025-01-30,326.2466
bulgaria,fibank,2025-01-31,320.1486
bulgaria,fibank,2025-02-03,315.575
bulgaria,fibank,2025-02-04,315.575
bulgaria,fibank,2025-02-05,321.6731
bulgaria,fibank,2025-02-06,318.624
bulgaria,fibank,2025-02-07,312.526
bulgaria,fibank,2025-02-10,304.9034
bulgaria,fibank,2025-02-11,294.2318
bulgaria,fibank,2025-02-12,292.7073
bulgaria,fibank,2025-02-13,294.2318
bulgaria,fibank,2025-02-14,304.9034
bulgaria,fibank,2025-02-17,301.8544
bulgaria,fibank,2025-02-18,294.2318
bulgaria,fibank,2025-02-19,297.2808
bulgaria,fibank,2025-02-20,289.6582
bulgaria,fibank,2025-02-21,289.6582
bulgaria,fibank,2025-02-24,289.6582
bulgaria,fibank,2025-02-25,288.1337
bulgaria,fibank,2025-02-26,289.6582
bulgaria,fibank,2025-02-27,289.6582
bulgaria,fibank,2025-02-28,289.6582
bulgaria,fibank,2025-03-04,280.5111
bulgaria,fibank,2025-03-05,298.8053
bulgaria,fibank,2025-03-06,295.7563
bulgaria,fibank,2025-03-07,300.3298
bulgaria,fibank,2025-03-10,304.9034
bulgaria,fibank,2025-03-11,294.2318
bulgaria,fibank,2025-03-12,303.3789
bulgaria,fibank,2025-03-13,297.2808
bulgaria,fibank,2025-03-14,297.2808
bulgaria,fibank,2025-03-17,298.8053
bulgaria,fibank,2025-03-18,298.8053
bulgaria,fibank,2025-03-19,307.9524
bulgaria,fibank,2025-03-20,306.4279
bulgaria,fibank,2025-03-21,315.575
bulgaria,fibank,2025-03-24,304.9034
bulgaria,fibank,2025-03-25,317.0995
bulgaria,fibank,2025-03-26,304.9034
bulgaria,fibank,2025-03-27,304.9034
bulgaria,fibank,2025-03-28,311.0015
bulgaria,fibank,2025-03-31,304.9034
bulgaria,fibank,2025-04-01,304.9034
bulgaria,fibank,2025-04-02,301.8544
bulgaria,fibank,2025-04-03,303.3789
bulgaria,fibank,2025-04-04,294.2318
bulgaria,fibank,2025-04-07,286.6092
bulgaria,fibank,2025-04-08,295.7563
bulgaria,fibank,2025-04-09,288.1337
bulgaria,fibank,2025-04-10,294.2318
bulgaria,fibank,2025-04-11,300.3298
bulgaria,fibank,2025-04-14,289.6582
bulgaria,fibank,2025-04-15,289.6582
bulgaria,fibank,2025-04-16,300.3298
bulgaria,fibank,2025-04-17,309.4769
bulgaria,fibank,2025-04-22,289.6582
bulgaria,fibank,2025-04-23,303.3789
bulgaria,fibank,2025-04-24,303.3789
bulgaria,fibank,2025-04-25,301.8544
bulgaria,fibank,2025-04-28,298.8053
bulgaria,fibank,2025-04-29,303.3789
bulgaria,fibank,2025-04-30,303.3789
bulgaria,fibank,2025-05-02,315.575
bulgaria,fibank,2025-05-05,317.0995
bulgaria,fibank,2025-05-07,320.1486
bulgaria,fibank,2025-05-08,330.8202
bulgaria,fibank,2025-05-09,343.0163
bulgaria,fibank,2025-05-12,353.6879
bulgaria,fibank,2025-05-13,343.7786
bulgaria,fibank,2025-05-14,353.6879
bulgaria,fibank,2025-05-15,352.1634
bulgaria,fibank,2025-05-16,333.107
bulgaria,fibank,2025-05-19,335.3937
bulgaria,fibank,2025-05-20,381.1292
bulgaria,fibank,2025-05-21,399.4234
bulgaria,fibank,2025-05-22,384.1783
bulgaria,fibank,2025-05-23,388.7518
bulgaria,fibank,2025-05-27,391.8009
bulgaria,fibank,2025-05-28,388.7518
bulgaria,fibank,2025-05-29,394.8499
bulgaria,fibank,2025-05-30,388.7518
bulgaria,fibank,2025-06-02,393.3254
bulgaria,fibank,2025-06-03,387.2273
bulgaria,fibank,2025-06-04,388.7518
bulgaria,fibank,2025-06-05,387.2273
bulgaria,fibank,2025-06-06,387.2273
bulgaria,fibank,2025-06-09,381.1292
bulgaria,fibank,2025-06-10,388.7518
bulgaria,fibank,2025-06-11,387.2273
bulgaria,fibank,2025-06-12,385.7028
bulgaria,fibank,2025-06-13,381.1292
bulgaria,fibank,2025-06-16,374.2689
bulgaria,fibank,2025-06-17,381.1292
bulgaria,fibank,2025-06-18,387.2273
bulgaria,fibank,2025-06-19,375.7934
bulgaria,fibank,2025-06-20,379.6047
bulgaria,fibank,2025-06-23,381.1292
bulgaria,fibank,2025-06-24,375.0312
bulgaria,fibank,2025-06-25,381.1292
bulgaria,fibank,2025-06-26,388.7518
bulgaria,fibank,2025-06-27,388.7518
bulgaria,fibank,2025-06-30,381.1292
bulgaria,fibank,2025-07-01,375.0312
bulgaria,fibank,2025-07-02,388.7518
bulgaria,fibank,2025-07-03,388.7518
bulgaria,fibank,2025-07-04,388.7518
bulgaria,fibank,2025-07-07,379.6047
bulgaria,fibank,2025-07-08,390.2763
bulgaria,fibank,2025-07-09,390.2763
bulgaria,fibank,2025-07-10,390.2763
bulgaria,fibank,2025-07-11,388.7518
bulgaria,fibank,2025-07-14,388.7518
bulgaria,fibank,2025-07-15,390.2763
bulgaria,fibank,2025-07-16,391.8009
bulgaria,fibank,2025-07-17,385.7028
bulgaria,fibank,2025-07-18,390.2763
bulgaria,fibank,2025-07-21,385.7028
bulgaria,fibank,2025-07-22,390.2763
bulgaria,fibank,2025-07-23,391.8009
bulgaria,fibank,2025-07-24,391.8009
bulgaria,fibank,2025-07-25,394.8499
bulgaria,fibank,2025-07-28,396.3744
bulgaria,fibank,2025-07-29,396.3744
bulgaria,fibank,2025-07-30,394.8499
bulgaria,fibank,2025-07-31,394.8499
bulgaria,fibank,2025-08-01,393.3254
bulgaria,fibank,2025-08-04,391.8009
bulgaria,fibank,2025-08-05,396.3744
bulgaria,fibank,2025-08-06,385.7028
bulgaria,fibank,2025-08-07,388.7518
bulgaria,fibank,2025-08-08,400.948
bulgaria,fibank,2025-08-11,408.5705
bulgaria,fibank,2025-08-12,402.4725
bulgaria,fibank,2025-08-13,403.997
bulgaria,fibank,2025-08-14,410.0951
bulgaria,fibank,2025-08-15,407.046
bulgaria,fibank,2025-08-18,399.4234
bulgaria,fibank,2025-08-19,403.997
bulgaria,fibank,2025-08-20,400.948
bulgaria,fibank,2025-08-21,399.4234
bulgaria,fibank,2025-08-22,397.8989
bulgaria,fibank,2025-08-25,403.997
bulgaria,fibank,2025-08-26,402.4725
bulgaria,fibank,2025-08-27,413.1441
bulgaria,fibank,2025-08-28,414.6686
bulgaria,fibank,2025-08-29,413.1441
bulgaria,fibank,2025-09-01,402.4725
bulgaria,fibank,2025-09-02,405.5215
bulgaria,fibank,2025-09-03,394.8499
bulgaria,fibank,2025-09-04,396.3744
bulgaria,fibank,2025-09-05,403.997
bulgaria,fibank,2025-09-09,403.997
bulgaria,fibank,2025-09-10,405.5215
bulgaria,fibank,2025-09-11,403.997
bulgaria,fibank,2025-09-12,403.997
bulgaria,fibank,2025-09-15,403.997
bulgaria,fibank,2025-09-16,396.3744
bulgaria,fibank,2025-09-17,396.3744
bulgaria,fibank,2025-09-18,396.3744
bulgaria,fibank,2025-09-19,400.948
bulgaria,fibank,2025-09-23,403.997
bulgaria,fibank,2025-09-24,402.4725
bulgaria,fibank,2025-09-25,410.0951
bulgaria,fibank,2025-09-26,408.5705
bulgaria,fibank,2025-09-29,410.0951
bulgaria,fibank,2025-09-30,403.997
bulgaria,fibank,2025-10-01,402.4725
bulgaria,fibank,2025-10-02,393.3254
bulgaria,fibank,2025-10-03,399.4234
bulgaria,fibank,2025-10-06,394.8499
bulgaria,fibank,2025-10-07,396.3744
bulgaria,fibank,2025-10-08,394.8499
bulgaria,fibank,2025-10-09,396.3744
bulgaria,fibank,2025-10-10,394.8499
bulgaria,fibank,2025-10-13,388.7518
bulgaria,fibank,2025-10-14,388.7518
bulgaria,fibank,2025-10-15,390.2763
bulgaria,fibank,2025-10-16,387.2273
bulgaria,fibank,2025-10-17,382.6538
bulgaria,fibank,2025-10-20,396.3744
bulgaria,fibank,2025-10-21,393.3254
bulgaria,fibank,2025-10-22,384.1783
bulgaria,fibank,2025-10-23,385.7028
bulgaria,fibank,2025-10-24,390.2763
bulgaria,fibank,2025-10-27,382.6538
bulgaria,fibank,2025-10-28,396.3744
bulgaria,fibank,2025-10-29,400.948
bulgaria,fibank,2025-10-30,399.4234
bulgaria,fibank,2025-10-31,385.7028
bulgaria,fibank,2025-11-03,394.8499
bulgaria,fibank,2025-11-04,397.8989
bulgaria,fibank,2025-11-05,382.6538
bulgaria,fibank,2025-11-06,388.7518
bulgaria,fibank,2025-11-07,388.7518
bulgaria,fibank,2025-11-10,393.3254
bulgaria,fibank,2025-11-11,393.3254
bulgaria,fibank,2025-11-12,385.7028
bulgaria,fibank,2025-11-13,379.6047
bulgaria,fibank,2025-11-14,388.7518
bulgaria,fibank,2025-11-17,368.1708
bulgaria,fibank,2025-11-18,371.9821
bulgaria,fibank,2025-11-19,379.6047
bulgaria,fibank,2025-11-20,382.6538
bulgaria,fibank,2025-11-21,381.1292
bulgaria,fibank,2025-11-24,377.3179
bulgaria,fibank,2025-11-25,387.2273
bulgaria,fibank,2025-11-26,387.2273
bulgaria,fibank,2025-11-27,381.1292
bulgaria,fibank,2025-11-28,388.7518
bulgaria,fibank,2025-12-01,379.6047
bulgaria,fibank,2025-12-02,379.6047
bulgaria,fibank,2025-12-03,381.1292
bulgaria,fibank,2025-12-04,381.1292
bulgaria,fibank,2025-12-05,381.1292
bulgaria,fibank,2025-12-08,382.6538
bulgaria,fibank,2025-12-09,403.997
bulgaria,fibank,2025-12-10,426.8647
bulgaria,fibank,2025-12-11,448.208
bulgaria,fibank,2025-12-12,443.6344
bulgaria,fibank,2025-12-15,443.6344
bulgaria,fibank,2025-12-16,436.0118
bulgaria,fibank,2025-12-17,423.8157
bulgaria,fibank,2025-12-18,425.3402
bulgaria,fibank,2025-12-19,432.9628
bulgaria,fibank,2025-12-22,442.1099
bulgaria,fibank,2026-01-05,465.1446
bulgaria,fibank,2026-01-06,474.0897
bulgaria,fibank,2026-01-07,484.5256
bulgaria,fibank,2026-01-08,491.9798
bulgaria,fibank,2026-01-09,496.4524
bulgaria,fibank,2026-01-12,545.6504
bulgaria,fibank,2026-01-13,572.4856
bulgaria,fibank,2026-01-14,563.5405
bulgaria,fibank,2026-01-15,538.1961
bulgaria,fibank,2026-01-16,560.5588
bulgaria,fibank,2026-01-19,557.5772
bulgaria,fibank,2026-01-20,575.4673
bulgaria,fibank,2026-01-21,573.9765
bulgaria,fibank,2026-01-22,548.6321
bulgaria,fibank,2026-01-23,566.5222
bulgaria,fibank,2026-01-26,568.0131
bulgaria,fibank,2026-01-27,575.4673
bulgaria,fibank,2026-01-28,566.5222
bulgaria,fibank,2026-01-29,560.5588
bulgaria,fibank,2026-01-30,548.6321
bulgaria,fibank,2026-02-02,509.87
bulgaria,fibank,2026-02-03,494.9615
bulgaria,fibank,2026-02-04,515.8334
bulgaria,fibank,2026-02-05,515.8334
bulgaria,fibank,2026-02-06,506.8883
bulgaria,fibank,2026-02-09,506.8883
bulgaria,fibank,2026-02-10,533.7236
bulgaria,fibank,2026-02-11,527.7602
bulgaria,fibank,2026-02-12,520.306
bulgaria,fibank,2026-02-13,520.306
bulgaria,fibank,2026-02-16,521.7968
bulgaria,fibank,2026-02-17,523.2876
bulgaria,fibank,2026-02-18,529.251
bulgaria,fibank,2026-02-19,518.8151
bulgaria,fibank,2026-02-20,508.3792
bulgaria,fibank,2026-02-23,518.8151
bulgaria,fibank,2026-02-24,526.2693
bulgaria,fibank,2026-02-25,518.8151
bulgaria,fibank,2026-02-26,518.8151
bulgaria,fibank,2026-02-27,503.9066
bulgaria,fibank,2026-03-02,514.3426
bulgaria,fibank,2026-03-04,515.8334
bulgaria,fibank,2026-03-05,491.9798
bulgaria,fibank,2026-03-06,503.9066
bulgaria,fibank,2026-03-09,468.1263
bulgaria,fibank,2026-03-10,484.5256
bulgaria,fibank,2026-03-11,500.9249
bulgaria,fibank,2026-03-12,496.4524
bulgaria,fibank,2026-03-13,486.0164
bulgaria,fibank,2026-03-16,481.5439
bulgaria,fibank,2026-03-17,462.1629
bulgaria,fibank,2026-03-18,462.1629
bulgaria,fibank,2026-03-19,460.672
bulgaria,fibank,2026-03-20,471.108
bulgaria,fibank,2026-03-23,465.1446
bulgaria,fibank,2026-03-24,462.1629
bulgaria,fibank,2026-03-25,462.1629
bulgaria,fibank,2026-03-26,465.1446
bulgaria,fibank,2026-03-27,462.1629
bulgaria,fibank,2026-03-30,468.1263
bulgaria,fibank,2026-03-31,472.5988
bulgaria,fibank,2026-04-01,462.1629
bulgaria,fibank,2026-04-02,460.672
bulgaria,fibank,2026-04-07,447.2544
bulgaria,fibank,2026-04-08,450.2361
bulgaria,fibank,2026-04-09,459.1812
bulgaria,fibank,2026-04-14,462.1629
bulgaria,fibank,2026-04-15,462.1629
bulgaria,fibank,2026-04-16,456.1995
bulgaria,fibank,2026-04-17,465.1446
bulgaria,fibank,2026-04-20,465.1446
bulgaria,fibank,2026-04-21,453.2178
bulgaria,fibank,2026-04-22,453.2178
bulgaria,fibank,2026-04-23,453.2178
bulgaria,fibank,2026-04-24,447.2544
bulgaria,fibank,2026-04-27,444.2727
bulgaria,fibank,2026-04-28,435.3276
bulgaria,fibank,2026-04-29,429.3642
bulgaria,fibank,2026-04-30,456.1995
bulgaria,fibank,2026-05-04,456.1995
bulgaria,fibank,2026-05-05,459.1812
bulgaria,fibank,2026-05-07,456.1995
bulgaria,fibank,2026-05-08,453.2178
bulgaria,fibank,2026-05-11,462.1629
bulgaria,fibank,2026-05-12,468.1263
bulgaria,fibank,2026-05-13,480.0531
bulgaria,fibank,2026-05-14,488.9981
bulgaria,fibank,2026-05-15,491.9798
bulgaria,fibank,2026-05-18,488.9981
bulgaria,fibank,2026-05-19,491.9798
bulgaria,fibank,2026-05-20,488.9981
bulgaria,fibank,2026-05-21,477.0714
bulgaria,fibank,2026-05-22,497.9432
bulgaria,fibank,2026-05-26,480.0531
bulgaria,fibank,2026-05-27,480.0531
bulgaria,fibank,2026-05-28,477.0714
bulgaria,fibank,2026-05-29,474.0897
bulgaria,fibank,2026-06-01,477.0714
bulgaria,fibank,2026-06-02,483.0348
bulgaria,fibank,2026-06-03,480.0531
bulgaria,fibank,2026-06-04,483.0348
bulgaria,fibank,2026-06-05,483.0348
bulgaria,fibank,2026-06-08,480.0531
bulgaria,fibank,2026-06-09,483.0348
bulgaria,fibank,2026-06-10,477.0714
bulgaria,fibank,2026-06-11,465.1446
bulgaria,fibank,2026-06-12,465.1446
bulgaria,fibank,2026-06-15,465.1446
bulgaria,fibank,2026-06-16,471.108
bulgaria,fibank,2026-06-17,477.0714
bulgaria,fibank,2026-06-18,447.2544
bulgaria,fibank,2026-06-19,474.0897
bulgaria,fibank,2026-06-22,462.1629
bulgaria,fibank,2026-06-23,459.1812
bulgaria,fibank,2026-06-24,468.1263
bulgaria,fibank,2026-06-25,456.1995
bulgaria,fibank,2026-06-26,459.1812
bulgaria,fibank,2026-06-29,465.1446
bulgaria,fibank,2026-06-30,477.0714
bulgaria,fibank,2026-07-01,471.108
bulgaria,fibank,2026-07-02,468.1263
bulgaria,fibank,2026-07-03,483.0348
bulgaria,fibank,2026-07-06,465.1446
bulgaria,fibank,2026-07-07,465.1446
bulgaria,fibank,2026-07-08,477.0714
bulgaria,fibank,2026-07-09,477.0714
bulgaria,fibank,2026-07-10,465.1446
bulgaria,fibank,2026-07-13,480.0531
bulgaria,fibank,2026-07-14,477.0714
bulgaria,fibank,2026-07-15,477.0714
bulgaria,fibank,2026-07-16,477.0714
bulgaria,fibank,2026-07-17,480.0531
bulgaria,fibank,2026-07-20,480.0531
bulgaria,fibank,2026-07-21,465.1446
bulgaria,fibank,2026-07-22,474.0897
bulgaria,fibank,2026-07-23,465.1446
bulgaria,fibank,2026-07-24,483.0348
bulgaria,fibank,2026-07-27,468.1263
bulgaria,fibank,2026-07-28,477.0714
bulgaria,fibank,2026-07-29,477.0714
bulgaria,fibank,2026-07-30,465.1446
bulgaria,fibank,2026-07-31,494.9615
bulgaria,fibank,2026-08-03,497.9432
bulgaria,fibank,2026-08-04,497.9432
bulgaria,fibank,2026-08-05,483.0348
bulgaria,fibank,2026-08-06,491.9798
bulgaria,fibank,2026-08-07,497.9432
bulgaria,fibank,2026-08-10,494.9615
bulgaria,fibank,2026-08-11,527.7602
bulgaria,fibank,2026-08-12,530.7419
bulgaria,fibank,2026-08-13,521.7968
bulgaria,fibank,2026-08-14,530.7419
bulgaria,fibank,2026-08-17,521.7968
bulgaria,fibank,2026-08-18,494.9615
bulgaria,fibank,2026-08-19,506.8883
bulgaria,fibank,2026-08-20,497.9432
bulgaria,fibank,2026-08-21,491.9798
bulgaria,fibank,2026-08-24,506.8883
bulgaria,fibank,2026-08-25,518.8151
bulgaria,fibank,2026-08-26,533.7236
bulgaria,fibank,2026-08-27,542.6687
