DATES,EMBI
27/08/2026,57.272
26/08/2026,58.676
25/08/2026,58.621
24/08/2026,59.403
21/08/2026,59.865
20/08/2026,60.436
19/08/2026,59.434
18/08/2026,59.754
17/08/2026,57.576
14/08/2026,56.748
13/08/2026,56.993
12/08/2026,59.06
11/08/2026,60.038
10/08/2026,61.05
07/08/2026,61.007
06/08/2026,61.553
05/08/2026,61.229
04/08/2026,61.139
03/08/2026,61.889
31/07/2026,62.856
30/07/2026,62.496
29/07/2026,64.906
28/07/2026,63.078
27/07/2026,63.939
24/07/2026,64.659
23/07/2026,65.93
22/07/2026,62.083
21/07/2026,62.24
20/07/2026,62.661
17/07/2026,63.498
16/07/2026,61.221
15/07/2026,59.576
14/07/2026,60.456
13/07/2026,60.979
10/07/2026,61.9
09/07/2026,62.277
08/07/2026,62.145
07/07/2026,63.439
06/07/2026,63.779
03/07/2026,64.21
02/07/2026,62.186
01/07/2026,62.566
30/06/2026,64.026
29/06/2026,63.436
26/06/2026,63.429
25/06/2026,62.929
24/06/2026,61.572
23/06/2026,60.575
22/06/2026,58.97
19/06/2026,61.963
18/06/2026,61.719
17/06/2026,58.452
16/06/2026,55.841
15/06/2026,54.628
12/06/2026,56.361
11/06/2026,57.19
10/06/2026,63.959
09/06/2026,63.844
08/06/2026,66.934
05/06/2026,67.656
04/06/2026,64.959
03/06/2026,64.584
02/06/2026,63.447
01/06/2026,64.058
29/05/2026,65.209
28/05/2026,66.682
27/05/2026,67.47
26/05/2026,67.051
25/05/2026,74.246
22/05/2026,73.101
21/05/2026,68.03
20/05/2026,69.122
19/05/2026,71.678
18/05/2026,74.958
15/05/2026,74.761
14/05/2026,74.129
13/05/2026,74.677
12/05/2026,70.814
11/05/2026,74.672
08/05/2026,73.957
07/05/2026,68.918
06/05/2026,67.947
05/05/2026,74.137
04/05/2026,74.823
01/05/2026,74.065
30/04/2026,70.524
29/04/2026,76.945
28/04/2026,77.879
27/04/2026,74.0
24/04/2026,77.192
23/04/2026,75.277
22/04/2026,73.939
21/04/2026,72.963
20/04/2026,75.803
17/04/2026,75.208
16/04/2026,72.315
15/04/2026,69.09
14/04/2026,71.639
13/04/2026,66.857
10/04/2026,73.589
09/04/2026,73.56
08/04/2026,73.475
07/04/2026,84.234
06/04/2026,85.131
03/04/2026,85.473
02/04/2026,85.297
01/04/2026,85.17
31/03/2026,86.227
30/03/2026,86.894
27/03/2026,86.268
26/03/2026,82.997
25/03/2026,78.539
24/03/2026,79.338
23/03/2026,78.403
20/03/2026,80.891
19/03/2026,73.499
18/03/2026,74.571
17/03/2026,73.813
16/03/2026,75.976
13/03/2026,77.379
12/03/2026,74.697
11/03/2026,72.425
10/03/2026,71.779
09/03/2026,74.589
06/03/2026,73.932
05/03/2026,71.173
04/03/2026,69.572
03/03/2026,69.69
02/03/2026,69.416
27/02/2026,69.342
26/02/2026,67.699
25/02/2026,66.958
24/02/2026,67.513
23/02/2026,67.172
20/02/2026,67.234
19/02/2026,68.095
18/02/2026,67.937
17/02/2026,66.743
16/02/2026,65.842
13/02/2026,66.529
12/02/2026,65.407
11/02/2026,64.886
10/02/2026,65.192
09/02/2026,63.737
06/02/2026,63.844
05/02/2026,65.403
04/02/2026,63.941
03/02/2026,62.95
02/02/2026,60.876
30/01/2026,61.509
29/01/2026,61.304
28/01/2026,60.111
27/01/2026,60.94
26/01/2026,61.169
23/01/2026,61.649
22/01/2026,61.753
21/01/2026,61.964
20/01/2026,63.36
19/01/2026,63.215
16/01/2026,63.212
15/01/2026,62.957
14/01/2026,64.386
13/01/2026,64.749
12/01/2026,64.526
09/01/2026,65.319
08/01/2026,65.664
07/01/2026,65.982
06/01/2026,66.297
05/01/2026,67.897
02/01/2026,68.668
01/01/2026,67.732
31/12/2025,70.272
30/12/2025,70.592
29/12/2025,69.171
26/12/2025,67.282
25/12/2025,65.927
24/12/2025,65.427
23/12/2025,65.17
22/12/2025,64.409
19/12/2025,65.166
18/12/2025,62.232
17/12/2025,63.195
16/12/2025,63.574
15/12/2025,63.386
12/12/2025,62.156
11/12/2025,63.37
10/12/2025,64.263
09/12/2025,66.859
08/12/2025,66.51
05/12/2025,65.972
04/12/2025,66.729
03/12/2025,64.659
02/12/2025,66.62
01/12/2025,66.718
28/11/2025,68.684
27/11/2025,69.611
26/11/2025,69.277
25/11/2025,70.53
24/11/2025,71.936
21/11/2025,73.314
20/11/2025,73.52
19/11/2025,72.677
18/11/2025,72.893
17/11/2025,72.22
14/11/2025,70.389
13/11/2025,68.272
12/11/2025,67.42
11/11/2025,66.478
10/11/2025,67.139
07/11/2025,69.153
06/11/2025,68.387
05/11/2025,66.447
04/11/2025,66.39
03/11/2025,65.323
31/10/2025,64.824
30/10/2025,65.497
29/10/2025,64.747
28/10/2025,63.065
27/10/2025,62.159
24/10/2025,64.497
23/10/2025,67.523
22/10/2025,68.364
21/10/2025,67.07
20/10/2025,68.178
17/10/2025,71.003
16/10/2025,72.005
15/10/2025,69.544
14/10/2025,72.091
13/10/2025,74.236
10/10/2025,73.751
09/10/2025,69.324
08/10/2025,67.734
07/10/2025,67.934
06/10/2025,67.822
03/10/2025,68.299
02/10/2025,69.196
01/10/2025,69.985
30/09/2025,70.219
29/09/2025,70.751
26/09/2025,71.602
25/09/2025,72.469
24/09/2025,71.796
23/09/2025,72.248
22/09/2025,72.959
19/09/2025,67.315
18/09/2025,67.215
17/09/2025,67.448
16/09/2025,67.504
15/09/2025,67.447
12/09/2025,67.788
11/09/2025,66.827
10/09/2025,67.573
09/09/2025,67.41
08/09/2025,68.613
05/09/2025,68.885
04/09/2025,70.11
03/09/2025,72.874
02/09/2025,73.496
01/09/2025,72.219
29/08/2025,72.225
28/08/2025,71.693
27/08/2025,71.471
26/08/2025,69.572
25/08/2025,68.427
22/08/2025,68.716
21/08/2025,70.026
20/08/2025,69.036
19/08/2025,68.265
18/08/2025,70.982
15/08/2025,71.087
14/08/2025,70.962
13/08/2025,70.753
12/08/2025,71.822
11/08/2025,74.527
08/08/2025,75.306
07/08/2025,75.439
06/08/2025,76.986
05/08/2025,77.418
04/08/2025,78.443
01/08/2025,78.183
31/07/2025,76.752
30/07/2025,76.244
29/07/2025,75.418
28/07/2025,75.461
25/07/2025,75.162
24/07/2025,74.965
23/07/2025,75.212
22/07/2025,76.138
21/07/2025,75.298
18/07/2025,76.063
17/07/2025,75.903
16/07/2025,76.73
15/07/2025,76.061
14/07/2025,76.999
11/07/2025,77.364
10/07/2025,75.945
09/07/2025,76.483
08/07/2025,77.636
07/07/2025,77.7
04/07/2025,74.801
03/07/2025,76.144
02/07/2025,77.568
01/07/2025,79.105
30/06/2025,80.884
27/06/2025,83.258
26/06/2025,83.021
25/06/2025,81.704
24/06/2025,79.218
23/06/2025,80.626
20/06/2025,80.425
19/06/2025,80.093
18/06/2025,80.435
17/06/2025,78.876
16/06/2025,78.147
13/06/2025,80.281
12/06/2025,79.432
11/06/2025,79.307
10/06/2025,79.896
09/06/2025,80.251
06/06/2025,83.723
05/06/2025,84.461
04/06/2025,82.781
03/06/2025,82.582
02/06/2025,83.888
30/05/2025,86.44
29/05/2025,87.336
28/05/2025,87.796
27/05/2025,88.281
26/05/2025,89.354
23/05/2025,88.403
22/05/2025,87.594
21/05/2025,87.622
20/05/2025,86.801
19/05/2025,87.306
16/05/2025,88.746
15/05/2025,87.827
14/05/2025,87.658
13/05/2025,85.235
12/05/2025,88.526
09/05/2025,99.567
08/05/2025,99.717
07/05/2025,100.809
06/05/2025,100.808
05/05/2025,102.399
02/05/2025,101.951
01/05/2025,103.066
30/04/2025,100.606
29/04/2025,99.137
28/04/2025,100.977
25/04/2025,101.488
24/04/2025,103.353
23/04/2025,109.174
22/04/2025,112.604
21/04/2025,112.526
18/04/2025,110.368
17/04/2025,111.498
16/04/2025,111.774
15/04/2025,108.364
14/04/2025,107.441
11/04/2025,111.069
10/04/2025,110.857
09/04/2025,98.415
08/04/2025,116.269
07/04/2025,110.045
04/04/2025,102.943
03/04/2025,91.237
02/04/2025,87.782
01/04/2025,87.641
31/03/2025,88.721
28/03/2025,88.859
27/03/2025,87.913
26/03/2025,88.061
25/03/2025,88.087
24/03/2025,88.344
21/03/2025,93.763
20/03/2025,91.561
19/03/2025,84.016
18/03/2025,85.376
17/03/2025,85.005
14/03/2025,86.137
13/03/2025,86.663
12/03/2025,83.655
11/03/2025,84.086
10/03/2025,84.38
07/03/2025,82.693
06/03/2025,82.619
05/03/2025,81.727
04/03/2025,81.316
03/03/2025,82.051
28/02/2025,81.595
27/02/2025,81.289
26/02/2025,80.19
25/02/2025,80.778
24/02/2025,81.037
21/02/2025,80.164
20/02/2025,77.959
19/02/2025,77.618
18/02/2025,77.643
17/02/2025,77.661
14/02/2025,78.172
13/02/2025,77.938
12/02/2025,79.097
11/02/2025,79.741
10/02/2025,82.343
07/02/2025,84.18
06/02/2025,84.649
05/02/2025,84.703
04/02/2025,83.195
03/02/2025,83.731
31/01/2025,83.176
30/01/2025,82.284
29/01/2025,81.884
28/01/2025,81.447
27/01/2025,81.093
24/01/2025,80.221
23/01/2025,80.366
22/01/2025,80.698
21/01/2025,81.828
20/01/2025,82.924
17/01/2025,83.501
16/01/2025,83.707
15/01/2025,83.784
14/01/2025,84.85
13/01/2025,85.613
10/01/2025,88.355
09/01/2025,86.554
08/01/2025,86.545
07/01/2025,84.319
06/01/2025,84.196
03/01/2025,84.338
02/01/2025,85.26
01/01/2025,87.3
31/12/2024,85.312
30/12/2024,85.899
27/12/2024,84.155
26/12/2024,82.996
25/12/2024,82.134
24/12/2024,82.1
23/12/2024,81.5
20/12/2024,80.652
19/12/2024,81.856
18/12/2024,81.823
17/12/2024,78.37
16/12/2024,77.868
13/12/2024,76.245
12/12/2024,75.517
11/12/2024,75.241
10/12/2024,76.302
09/12/2024,76.304
06/12/2024,75.918
05/12/2024,76.344
04/12/2024,77.542
03/12/2024,78.208
02/12/2024,78.101
29/11/2024,77.744
28/11/2024,78.72
27/11/2024,78.673
26/11/2024,78.028
25/11/2024,78.019
22/11/2024,79.599
21/11/2024,78.863
20/11/2024,79.653
19/11/2024,80.576
18/11/2024,82.683
15/11/2024,81.018
14/11/2024,80.061
13/11/2024,79.271
12/11/2024,78.668
11/11/2024,76.249
08/11/2024,78.196
07/11/2024,77.636
06/11/2024,79.389
05/11/2024,82.498
04/11/2024,83.735
01/11/2024,81.455
31/10/2024,80.242
30/10/2024,79.116
29/10/2024,78.319
28/10/2024,78.589
25/10/2024,79.232
24/10/2024,78.955
23/10/2024,79.998
22/10/2024,80.629
21/10/2024,80.226
18/10/2024,78.878
17/10/2024,79.063
16/10/2024,77.969
15/10/2024,77.933
14/10/2024,77.638
11/10/2024,76.152
10/10/2024,76.923
09/10/2024,74.51
08/10/2024,73.435
07/10/2024,73.91
04/10/2024,73.937
03/10/2024,74.394
02/10/2024,73.851
01/10/2024,75.579
30/09/2024,76.112
27/09/2024,76.99
26/09/2024,78.085
25/09/2024,80.208
24/09/2024,78.726
23/09/2024,80.651
20/09/2024,79.059
19/09/2024,69.37
18/09/2024,75.101
17/09/2024,78.622
16/09/2024,80.778
13/09/2024,81.531
12/09/2024,82.989
11/09/2024,84.985
10/09/2024,85.106
09/09/2024,81.006
06/09/2024,80.8
05/09/2024,77.355
04/09/2024,76.69
03/09/2024,74.903
02/09/2024,72.051
30/08/2024,71.839
29/08/2024,71.802
28/08/2024,72.162
27/08/2024,71.345
26/08/2024,71.82
23/08/2024,72.853
22/08/2024,74.978
21/08/2024,74.415
20/08/2024,74.614
19/08/2024,73.788
16/08/2024,77.222
15/08/2024,80.19
14/08/2024,82.373
13/08/2024,83.295
12/08/2024,83.798
09/08/2024,82.67
08/08/2024,83.205
07/08/2024,85.65
06/08/2024,86.162
05/08/2024,86.126
02/08/2024,83.01
01/08/2024,77.964
31/07/2024,75.295
30/07/2024,76.343
29/07/2024,75.516
26/07/2024,75.204
25/07/2024,76.696
24/07/2024,77.115
23/07/2024,74.251
22/07/2024,74.222
19/07/2024,76.007
18/07/2024,73.774
17/07/2024,70.641
16/07/2024,69.27
15/07/2024,69.556
12/07/2024,70.056
11/07/2024,71.84
10/07/2024,71.997
09/07/2024,73.397
08/07/2024,71.609
05/07/2024,73.131
04/07/2024,74.548
03/07/2024,74.853
02/07/2024,76.323
01/07/2024,76.123
28/06/2024,77.198
27/06/2024,76.715
26/06/2024,75.267
25/06/2024,74.114
24/06/2024,74.615
21/06/2024,75.223
20/06/2024,74.468
19/06/2024,73.314
18/06/2024,74.116
17/06/2024,75.849
14/06/2024,74.834
13/06/2024,73.607
12/06/2024,73.189
11/06/2024,72.487
10/06/2024,71.727
07/06/2024,71.726
06/06/2024,72.516
05/06/2024,72.436
04/06/2024,73.853
03/06/2024,73.322
31/05/2024,73.447
30/05/2024,73.962
29/05/2024,73.95
28/05/2024,73.768
27/05/2024,74.408
24/05/2024,74.195
23/05/2024,73.716
22/05/2024,70.117
21/05/2024,67.739
20/05/2024,66.528
17/05/2024,65.989
16/05/2024,64.501
15/05/2024,65.271
14/05/2024,68.618
13/05/2024,69.1
10/05/2024,70.584
09/05/2024,71.9
08/05/2024,72.966
07/05/2024,72.781
06/05/2024,74.019
03/05/2024,76.578
02/05/2024,79.825
01/05/2024,82.406
30/04/2024,83.023
29/04/2024,81.039
26/04/2024,82.346
25/04/2024,82.621
24/04/2024,80.929
23/04/2024,81.347
22/04/2024,83.921
19/04/2024,85.516
18/04/2024,84.914
17/04/2024,84.688
16/04/2024,84.328
15/04/2024,81.958
12/04/2024,79.511
11/04/2024,75.003
10/04/2024,71.85
09/04/2024,69.071
08/04/2024,69.892
05/04/2024,71.522
04/04/2024,71.249
03/04/2024,70.076
02/04/2024,69.308
01/04/2024,66.831
29/03/2024,66.073
28/03/2024,66.043
27/03/2024,66.393
26/03/2024,66.064
25/03/2024,64.821
22/03/2024,64.276
21/03/2024,63.12
20/03/2024,66.366
19/03/2024,61.474
18/03/2024,61.752
15/03/2024,62.309
14/03/2024,59.947
13/03/2024,59.311
12/03/2024,60.584
11/03/2024,62.613
08/03/2024,63.342
07/03/2024,63.039
06/03/2024,62.304
05/03/2024,61.553
04/03/2024,59.665
01/03/2024,60.064
29/02/2024,61.69
28/02/2024,63.776
27/02/2024,63.727
26/02/2024,62.112
23/02/2024,62.516
22/02/2024,65.679
21/02/2024,68.948
20/02/2024,69.838
19/02/2024,67.544
16/02/2024,67.692
15/02/2024,68.208
14/02/2024,69.883
13/02/2024,70.289
12/02/2024,69.704
09/02/2024,69.38
08/02/2024,68.721
07/02/2024,67.885
06/02/2024,68.64
05/02/2024,67.742
02/02/2024,67.301
01/02/2024,68.212
31/01/2024,69.344
30/01/2024,67.404
29/01/2024,68.709
26/01/2024,69.269
25/01/2024,70.62
24/01/2024,71.859
23/01/2024,71.346
22/01/2024,70.155
19/01/2024,70.168
18/01/2024,70.415
17/01/2024,71.054
16/01/2024,70.423
15/01/2024,70.618
12/01/2024,71.124
11/01/2024,72.177
10/01/2024,73.964
09/01/2024,76.012
08/01/2024,77.269
05/01/2024,78.236
04/01/2024,77.837
03/01/2024,76.496
02/01/2024,73.991
01/01/2024,70.052
29/12/2023,69.793
28/12/2023,70.087
27/12/2023,70.993
26/12/2023,71.074
25/12/2023,70.461
22/12/2023,70.768
21/12/2023,71.472
20/12/2023,73.028
19/12/2023,73.113
18/12/2023,72.912
15/12/2023,71.306
14/12/2023,70.57
13/12/2023,73.651
12/12/2023,76.2
11/12/2023,75.83
08/12/2023,76.277
07/12/2023,76.243
06/12/2023,74.515
05/12/2023,72.025
04/12/2023,71.334
01/12/2023,73.434
30/11/2023,73.345
29/11/2023,73.082
28/11/2023,75.348
27/11/2023,75.998
24/11/2023,75.993
23/11/2023,77.376
22/11/2023,77.415
21/11/2023,76.382
20/11/2023,77.074
17/11/2023,78.757
16/11/2023,79.102
15/11/2023,80.112
14/11/2023,81.866
13/11/2023,84.787
10/11/2023,85.148
09/11/2023,86.222
08/11/2023,84.561
07/11/2023,85.296
06/11/2023,84.634
03/11/2023,83.448
02/11/2023,89.551
01/11/2023,96.287
31/10/2023,100.386
30/10/2023,102.604
27/10/2023,103.745
26/10/2023,103.249
25/10/2023,99.872
24/10/2023,99.358
23/10/2023,101.011
20/10/2023,102.43
19/10/2023,100.82
18/10/2023,97.701
17/10/2023,95.054
16/10/2023,94.401
13/10/2023,95.371
12/10/2023,92.176
11/10/2023,89.361
10/10/2023,91.37
09/10/2023,95.323
06/10/2023,95.875
05/10/2023,96.854
04/10/2023,96.141
03/10/2023,95.216
02/10/2023,89.051
29/09/2023,86.149
28/09/2023,85.714
27/09/2023,86.132
26/09/2023,83.144
25/09/2023,82.421
22/09/2023,81.773
21/09/2023,82.748
20/09/2023,79.851
19/09/2023,71.004
18/09/2023,71.919
15/09/2023,71.179
14/09/2023,70.908
13/09/2023,73.438
12/09/2023,73.894
11/09/2023,73.084
08/09/2023,72.813
07/09/2023,73.061
06/09/2023,72.954
05/09/2023,71.664
04/09/2023,70.028
01/09/2023,71.828
31/08/2023,72.972
30/08/2023,72.288
29/08/2023,74.083
28/08/2023,76.26
25/08/2023,78.985
24/08/2023,80.4
23/08/2023,80.271
22/08/2023,84.438
21/08/2023,85.481
18/08/2023,84.337
17/08/2023,82.778
16/08/2023,81.602
15/08/2023,79.851
14/08/2023,75.09
11/08/2023,72.735
10/08/2023,73.523
09/08/2023,74.586
08/08/2023,73.948
07/08/2023,73.898
04/08/2023,74.759
03/08/2023,75.435
02/08/2023,74.958
01/08/2023,72.481
31/07/2023,72.144
28/07/2023,73.59
27/07/2023,76.063
26/07/2023,78.055
25/07/2023,79.332
24/07/2023,81.614
21/07/2023,82.465
20/07/2023,83.003
19/07/2023,80.272
18/07/2023,77.037
17/07/2023,76.624
14/07/2023,75.124
13/07/2023,75.043
12/07/2023,77.251
11/07/2023,78.875
10/07/2023,79.376
07/07/2023,78.37
06/07/2023,78.127
05/07/2023,76.666
04/07/2023,76.642
03/07/2023,76.634
30/06/2023,76.746
29/06/2023,78.6
28/06/2023,78.331
27/06/2023,79.391
26/06/2023,79.769
23/06/2023,79.163
22/06/2023,79.413
21/06/2023,80.424
20/06/2023,81.377
19/06/2023,81.554
16/06/2023,81.989
15/06/2023,82.795
14/06/2023,83.033
13/06/2023,82.794
12/06/2023,85.172
09/06/2023,86.279
08/06/2023,87.496
07/06/2023,88.263
06/06/2023,89.326
05/06/2023,89.685
02/06/2023,91.021
01/06/2023,93.754
31/05/2023,95.158
30/05/2023,93.989
29/05/2023,93.284
26/05/2023,93.787
25/05/2023,96.062
24/05/2023,96.106
23/05/2023,94.42
22/05/2023,93.997
19/05/2023,93.573
18/05/2023,93.444
17/05/2023,97.09
16/05/2023,101.526
15/05/2023,101.479
12/05/2023,101.022
11/05/2023,101.957
10/05/2023,102.194
09/05/2023,103.209
08/05/2023,102.286
05/05/2023,101.745
04/05/2023,103.157
03/05/2023,99.579
02/05/2023,97.127
01/05/2023,96.535
28/04/2023,101.802
27/04/2023,104.171
26/04/2023,105.631
25/04/2023,104.93
24/04/2023,104.256
21/04/2023,104.995
20/04/2023,104.794
19/04/2023,103.612
18/04/2023,103.293
17/04/2023,103.317
14/04/2023,103.261
13/04/2023,103.48
12/04/2023,106.009
11/04/2023,108.574
10/04/2023,111.124
07/04/2023,111.237
06/04/2023,110.678
05/04/2023,109.962
04/04/2023,105.979
03/04/2023,104.206
31/03/2023,108.652
30/03/2023,111.803
29/03/2023,115.878
28/03/2023,120.364
27/03/2023,121.611
24/03/2023,126.093
23/03/2023,127.632
22/03/2023,125.118
21/03/2023,126.006
20/03/2023,131.712
17/03/2023,120.168
16/03/2023,116.126
15/03/2023,118.909
14/03/2023,113.424
13/03/2023,113.144
10/03/2023,105.374
09/03/2023,103.013
08/03/2023,103.15
07/03/2023,102.5
06/03/2023,99.223
03/03/2023,102.505
02/03/2023,107.617
01/03/2023,108.27
28/02/2023,109.601
27/02/2023,109.953
24/02/2023,109.784
23/02/2023,108.651
22/02/2023,112.718
21/02/2023,115.165
20/02/2023,111.026
17/02/2023,111.672
16/02/2023,109.878
15/02/2023,111.687
14/02/2023,113.651
13/02/2023,118.131
10/02/2023,119.131
09/02/2023,118.63
08/02/2023,116.065
07/02/2023,114.587
06/02/2023,116.153
03/02/2023,112.497
02/02/2023,110.262
01/02/2023,114.323
31/01/2023,117.913
30/01/2023,119.116
27/01/2023,117.265
26/01/2023,120.351
25/01/2023,121.5
24/01/2023,121.733
23/01/2023,123.852
20/01/2023,125.624
19/01/2023,126.863
18/01/2023,122.482
17/01/2023,120.3
16/01/2023,117.086
13/01/2023,116.662
12/01/2023,117.103
11/01/2023,118.339
10/01/2023,118.837
09/01/2023,116.691
06/01/2023,119.189
05/01/2023,120.506
04/01/2023,117.579
03/01/2023,118.914
02/01/2023,120.587
30/12/2022,120.586
29/12/2022,120.793
28/12/2022,121.48
27/12/2022,122.078
26/12/2022,122.055
23/12/2022,122.937
22/12/2022,122.092
21/12/2022,121.123
20/12/2022,126.683
19/12/2022,129.487
16/12/2022,128.934
15/12/2022,121.282
14/12/2022,113.962
13/12/2022,109.42
12/12/2022,110.251
09/12/2022,109.486
08/12/2022,111.844
07/12/2022,116.875
06/12/2022,113.847
05/12/2022,110.763
02/12/2022,108.438
01/12/2022,109.122
30/11/2022,113.03
29/11/2022,117.111
28/11/2022,117.326
25/11/2022,113.574
24/11/2022,113.266
23/11/2022,114.244
22/11/2022,117.566
21/11/2022,121.049
18/11/2022,121.478
17/11/2022,121.011
16/11/2022,119.021
15/11/2022,116.621
14/11/2022,118.085
11/11/2022,119.493
10/11/2022,125.315
09/11/2022,138.399
08/11/2022,136.19
07/11/2022,144.004
04/11/2022,153.924
03/11/2022,158.689
02/11/2022,155.341
01/11/2022,153.321
31/10/2022,154.474
28/10/2022,152.686
27/10/2022,158.203
26/10/2022,163.454
25/10/2022,165.269
24/10/2022,168.431
21/10/2022,170.385
20/10/2022,173.366
19/10/2022,171.099
18/10/2022,168.502
17/10/2022,173.292
14/10/2022,175.642
13/10/2022,169.241
12/10/2022,168.504
11/10/2022,165.825
10/10/2022,167.059
07/10/2022,162.477
06/10/2022,154.151
05/10/2022,155.434
04/10/2022,152.623
03/10/2022,163.241
30/09/2022,169.831
29/09/2022,166.072
28/09/2022,162.541
27/09/2022,165.713
26/09/2022,158.007
23/09/2022,150.751
22/09/2022,142.231
21/09/2022,138.859
20/09/2022,137.367
19/09/2022,123.52
16/09/2022,124.572
15/09/2022,120.953
14/09/2022,117.121
13/09/2022,113.479
12/09/2022,104.582
09/09/2022,107.989
08/09/2022,111.532
07/09/2022,116.626
06/09/2022,120.053
05/09/2022,121.298
02/09/2022,121.343
01/09/2022,126.117
31/08/2022,126.907
30/08/2022,123.985
29/08/2022,120.829
26/08/2022,118.617
25/08/2022,114.435
24/08/2022,116.909
23/08/2022,122.953
22/08/2022,128.839
19/08/2022,125.067
18/08/2022,115.266
17/08/2022,114.664
16/08/2022,109.535
15/08/2022,103.744
12/08/2022,104.178
11/08/2022,107.738
10/08/2022,110.833
09/08/2022,120.269
08/08/2022,119.685
05/08/2022,124.495
04/08/2022,126.219
03/08/2022,130.16
02/08/2022,131.801
01/08/2022,128.603
29/07/2022,128.778
28/07/2022,134.652
27/07/2022,140.444
26/07/2022,146.357
25/07/2022,142.108
22/07/2022,142.99
21/07/2022,141.448
20/07/2022,141.857
19/07/2022,148.544
18/07/2022,153.779
15/07/2022,154.804
14/07/2022,156.035
13/07/2022,147.985
12/07/2022,139.412
11/07/2022,130.664
08/07/2022,126.06
07/07/2022,125.832
06/07/2022,129.109
05/07/2022,127.801
01/07/2022,123.918
30/06/2022,122.594
29/06/2022,122.663
28/06/2022,122.934
27/06/2022,118.307
24/06/2022,118.514
23/06/2022,119.468
22/06/2022,117.111
21/06/2022,116.006
20/06/2022,119.009
17/06/2022,119.493
16/06/2022,119.061
15/06/2022,114.985
14/06/2022,120.057
13/06/2022,116.353
10/06/2022,106.783
09/06/2022,103.595
08/06/2022,100.462
07/06/2022,99.736
06/06/2022,100.704
03/06/2022,103.422
02/06/2022,103.565
01/06/2022,104.973
31/05/2022,105.962
30/05/2022,105.405
27/05/2022,106.637
26/05/2022,109.85
25/05/2022,115.346
24/05/2022,120.747
23/05/2022,122.738
20/05/2022,126.04
19/05/2022,126.055
18/05/2022,124.544
17/05/2022,119.64
16/05/2022,121.613
13/05/2022,122.486
12/05/2022,124.841
11/05/2022,123.856
10/05/2022,125.729
09/05/2022,126.233
06/05/2022,120.211
05/05/2022,115.688
04/05/2022,114.761
03/05/2022,119.507
02/05/2022,117.926
29/04/2022,112.806
28/04/2022,106.097
27/04/2022,107.328
26/04/2022,107.635
25/04/2022,106.108
22/04/2022,106.376
21/04/2022,102.667
20/04/2022,99.96
19/04/2022,100.626
18/04/2022,100.265
15/04/2022,98.77
14/04/2022,98.111
13/04/2022,96.003
12/04/2022,97.133
11/04/2022,95.834
08/04/2022,93.007
07/04/2022,89.291
06/04/2022,85.849
05/04/2022,79.875
04/04/2022,75.636
01/04/2022,78.031
31/03/2022,77.393
30/03/2022,75.707
29/03/2022,76.883
28/03/2022,79.891
25/03/2022,80.879
24/03/2022,81.745
23/03/2022,83.317
22/03/2022,80.47
21/03/2022,81.363
18/03/2022,74.587
17/03/2022,76.283
16/03/2022,79.557
15/03/2022,85.273
14/03/2022,87.775
11/03/2022,87.919
10/03/2022,88.312
09/03/2022,89.225
08/03/2022,94.981
07/03/2022,96.008
04/03/2022,93.706
03/03/2022,91.082
02/03/2022,92.244
01/03/2022,92.506
28/02/2022,91.781
25/02/2022,90.605
24/02/2022,92.831
23/02/2022,93.46
22/02/2022,92.091
21/02/2022,92.214
18/02/2022,91.652
17/02/2022,89.794
16/02/2022,88.816
15/02/2022,90.676
14/02/2022,92.682
11/02/2022,92.996
10/02/2022,90.566
09/02/2022,89.025
08/02/2022,90.133
07/02/2022,89.797
04/02/2022,88.897
03/02/2022,87.387
02/02/2022,86.117
01/02/2022,86.727
31/01/2022,83.024
28/01/2022,83.552
27/01/2022,83.432
26/01/2022,82.503
25/01/2022,81.657
24/01/2022,81.296
21/01/2022,80.558
20/01/2022,79.246
19/01/2022,79.858
18/01/2022,81.167
17/01/2022,81.202
14/01/2022,80.112
13/01/2022,79.675
12/01/2022,78.666
11/01/2022,78.725
10/01/2022,79.177
07/01/2022,78.898
06/01/2022,79.468
05/01/2022,79.203
04/01/2022,76.409
03/01/2022,74.145
31/12/2021,75.78
30/12/2021,75.503
29/12/2021,77.059
28/12/2021,79.128
27/12/2021,80.41
24/12/2021,80.776
23/12/2021,81.622
22/12/2021,84.26
21/12/2021,85.415
20/12/2021,86.899
17/12/2021,86.934
16/12/2021,87.354
15/12/2021,88.486
14/12/2021,89.461
13/12/2021,90.05
10/12/2021,90.847
09/12/2021,90.398
08/12/2021,89.109
07/12/2021,92.035
06/12/2021,95.415
03/12/2021,96.873
02/12/2021,97.613
01/12/2021,100.896
30/11/2021,102.804
29/11/2021,103.26
26/11/2021,102.551
25/11/2021,93.424
24/11/2021,93.868
23/11/2021,92.123
22/11/2021,90.002
19/11/2021,89.361
18/11/2021,89.182
17/11/2021,89.619
16/11/2021,88.8
15/11/2021,88.801
12/11/2021,89.785
11/11/2021,90.768
10/11/2021,89.984
09/11/2021,87.876
08/11/2021,89.09
05/11/2021,90.094
04/11/2021,90.822
03/11/2021,92.396
02/11/2021,93.774
01/11/2021,94.656
29/10/2021,94.269
28/10/2021,91.038
27/10/2021,86.645
26/10/2021,85.018
25/10/2021,85.099
22/10/2021,86.495
21/10/2021,85.958
20/10/2021,85.598
19/10/2021,86.115
18/10/2021,88.083
15/10/2021,86.803
14/10/2021,87.519
13/10/2021,93.666
12/10/2021,95.734
11/10/2021,95.742
08/10/2021,95.265
07/10/2021,99.006
06/10/2021,104.597
05/10/2021,104.291
04/10/2021,105.979
01/10/2021,105.372
30/09/2021,105.844
29/09/2021,103.372
28/09/2021,100.242
27/09/2021,96.854
24/09/2021,94.912
23/09/2021,92.729
22/09/2021,93.363
21/09/2021,94.346
20/09/2021,93.99
17/09/2021,84.516
16/09/2021,85.255
15/09/2021,84.76
14/09/2021,84.924
13/09/2021,84.514
10/09/2021,84.926
09/09/2021,85.247
08/09/2021,85.579
07/09/2021,84.695
06/09/2021,84.4
03/09/2021,84.39
02/09/2021,84.429
01/09/2021,84.492
31/08/2021,84.878
30/08/2021,84.973
27/08/2021,87.773
26/08/2021,88.678
25/08/2021,89.374
24/08/2021,90.598
23/08/2021,91.606
20/08/2021,91.789
19/08/2021,91.978
18/08/2021,91.912
17/08/2021,91.656
16/08/2021,90.901
13/08/2021,92.519
12/08/2021,95.518
11/08/2021,97.536
10/08/2021,96.436
09/08/2021,94.1
06/08/2021,93.617
05/08/2021,93.372
04/08/2021,93.49
03/08/2021,94.435
02/08/2021,98.647
30/07/2021,101.511
29/07/2021,93.02
28/07/2021,88.945
27/07/2021,84.646
26/07/2021,83.445
23/07/2021,83.158
22/07/2021,83.711
21/07/2021,83.328
20/07/2021,85.134
19/07/2021,86.194
16/07/2021,84.355
15/07/2021,83.716
14/07/2021,83.109
13/07/2021,83.543
12/07/2021,82.224
09/07/2021,81.77
08/07/2021,82.02
07/07/2021,81.823
06/07/2021,82.037
05/07/2021,81.037
02/07/2021,80.966
01/07/2021,81.949
30/06/2021,82.527
29/06/2021,82.634
28/06/2021,84.495
25/06/2021,86.201
24/06/2021,87.208
23/06/2021,89.28
22/06/2021,92.703
21/06/2021,94.572
18/06/2021,95.264
17/06/2021,94.722
16/06/2021,94.114
15/06/2021,93.915
14/06/2021,92.21
11/06/2021,91.181
10/06/2021,92.896
09/06/2021,92.441
08/06/2021,96.959
07/06/2021,99.212
04/06/2021,90.502
03/06/2021,91.189
02/06/2021,90.893
01/06/2021,93.072
31/05/2021,96.054
28/05/2021,96.375
27/05/2021,96.702
26/05/2021,96.512
25/05/2021,96.143
24/05/2021,94.215
21/05/2021,88.673
20/05/2021,84.203
19/05/2021,85.396
18/05/2021,83.605
17/05/2021,82.347
14/05/2021,81.859
13/05/2021,85.162
12/05/2021,86.173
11/05/2021,84.622
10/05/2021,86.131
07/05/2021,89.741
06/05/2021,94.284
05/05/2021,95.301
04/05/2021,93.699
03/05/2021,92.901
30/04/2021,92.737
29/04/2021,94.315
28/04/2021,97.424
27/04/2021,98.088
26/04/2021,95.742
23/04/2021,93.442
22/04/2021,95.511
21/04/2021,93.162
20/04/2021,91.096
19/04/2021,85.623
16/04/2021,76.608
15/04/2021,78.629
14/04/2021,80.804
13/04/2021,82.685
12/04/2021,82.596
09/04/2021,77.852
08/04/2021,78.748
07/04/2021,78.718
06/04/2021,77.595
05/04/2021,78.765
02/04/2021,80.485
01/04/2021,80.86
31/03/2021,83.053
30/03/2021,83.996
29/03/2021,83.151
26/03/2021,82.652
25/03/2021,82.939
24/03/2021,82.37
23/03/2021,80.067
22/03/2021,77.357
19/03/2021,71.653
18/03/2021,71.621
17/03/2021,69.979
16/03/2021,71.922
15/03/2021,72.203
12/03/2021,70.63
11/03/2021,69.652
10/03/2021,75.108
09/03/2021,76.736
08/03/2021,81.886
05/03/2021,76.737
04/03/2021,75.151
03/03/2021,70.817
02/03/2021,68.178
01/03/2021,66.902
26/02/2021,69.039
25/02/2021,65.946
24/02/2021,60.829
23/02/2021,61.977
22/02/2021,61.97
19/02/2021,57.759
18/02/2021,57.539
17/02/2021,56.808
16/02/2021,55.875
15/02/2021,55.455
12/02/2021,55.428
11/02/2021,56.076
10/02/2021,56.581
09/02/2021,57.073
08/02/2021,55.348
05/02/2021,55.415
04/02/2021,57.349
03/02/2021,58.336
02/02/2021,60.385
01/02/2021,61.589
29/01/2021,62.153
28/01/2021,62.333
27/01/2021,63.378
26/01/2021,61.877
25/01/2021,62.315
22/01/2021,60.843
21/01/2021,59.813
20/01/2021,60.487
19/01/2021,60.724
18/01/2021,61.722
15/01/2021,61.318
14/01/2021,58.885
13/01/2021,58.481
12/01/2021,57.686
11/01/2021,54.313
08/01/2021,53.613
07/01/2021,54.089
06/01/2021,54.836
05/01/2021,55.17
04/01/2021,56.034
01/01/2021,56.327
31/12/2020,56.467
30/12/2020,56.676
29/12/2020,56.886
28/12/2020,57.129
25/12/2020,57.552
24/12/2020,57.555
23/12/2020,58.718
22/12/2020,59.75
21/12/2020,59.761
18/12/2020,58.788
17/12/2020,58.289
16/12/2020,59.993
15/12/2020,61.832
14/12/2020,63.042
11/12/2020,63.809
10/12/2020,63.157
09/12/2020,64.311
08/12/2020,63.643
07/12/2020,63.652
04/12/2020,62.743
03/12/2020,62.769
02/12/2020,61.765
01/12/2020,62.01
30/11/2020,62.501
27/11/2020,60.725
26/11/2020,61.851
25/11/2020,61.713
24/11/2020,61.947
23/11/2020,64.265
20/11/2020,64.068
19/11/2020,64.932
18/11/2020,65.422
17/11/2020,66.25
16/11/2020,67.546
13/11/2020,65.76
12/11/2020,65.036
11/11/2020,60.885
10/11/2020,59.279
09/11/2020,53.738
06/11/2020,57.065
05/11/2020,56.688
04/11/2020,56.906
03/11/2020,59.065
02/11/2020,60.092
30/10/2020,60.465
29/10/2020,59.113
28/10/2020,59.73
27/10/2020,57.792
26/10/2020,59.534
23/10/2020,58.773
22/10/2020,59.219
21/10/2020,59.209
20/10/2020,59.341
19/10/2020,59.446
16/10/2020,58.833
15/10/2020,61.942
14/10/2020,61.601
13/10/2020,60.695
12/10/2020,60.179
09/10/2020,61.389
08/10/2020,65.192
07/10/2020,68.396
06/10/2020,72.25
05/10/2020,73.852
02/10/2020,76.293
01/10/2020,75.994
30/09/2020,77.407
29/09/2020,79.008
28/09/2020,80.93
25/09/2020,84.179
24/09/2020,87.229
23/09/2020,86.734
22/09/2020,82.672
21/09/2020,79.518
18/09/2020,68.278
17/09/2020,67.507
16/09/2020,67.064
15/09/2020,68.021
14/09/2020,68.916
11/09/2020,69.953
10/09/2020,66.814
09/09/2020,66.845
08/09/2020,67.893
07/09/2020,66.846
04/09/2020,66.426
03/09/2020,63.844
02/09/2020,61.257
01/09/2020,63.037
31/08/2020,66.337
28/08/2020,67.562
27/08/2020,69.121
26/08/2020,68.678
25/08/2020,68.023
24/08/2020,68.828
21/08/2020,71.311
20/08/2020,71.521
19/08/2020,72.361
18/08/2020,73.086
17/08/2020,74.326
14/08/2020,73.744
13/08/2020,72.923
12/08/2020,71.81
11/08/2020,71.884
10/08/2020,72.57
07/08/2020,73.93
06/08/2020,75.734
05/08/2020,78.623
04/08/2020,80.529
03/08/2020,79.635
31/07/2020,79.871
30/07/2020,80.309
29/07/2020,79.909
28/07/2020,79.63
27/07/2020,79.083
24/07/2020,79.066
23/07/2020,76.834
22/07/2020,74.766
21/07/2020,77.782
20/07/2020,82.361
17/07/2020,85.559
16/07/2020,86.618
15/07/2020,85.115
14/07/2020,85.69
13/07/2020,84.629
10/07/2020,83.908
09/07/2020,82.459
08/07/2020,81.564
07/07/2020,80.117
06/07/2020,78.745
03/07/2020,80.21
02/07/2020,81.488
01/07/2020,88.102
30/06/2020,91.812
29/06/2020,94.253
26/06/2020,92.823
25/06/2020,89.98
24/06/2020,89.487
23/06/2020,86.318
22/06/2020,88.567
19/06/2020,88.575
18/06/2020,88.752
17/06/2020,90.16
16/06/2020,88.708
15/06/2020,91.243
12/06/2020,91.624
11/06/2020,87.843
10/06/2020,76.734
09/06/2020,74.624
08/06/2020,71.253
05/06/2020,72.037
04/06/2020,76.871
03/06/2020,76.877
02/06/2020,82.748
01/06/2020,89.464
29/05/2020,91.085
28/05/2020,90.142
27/05/2020,89.157
26/05/2020,89.572
25/05/2020,96.712
22/05/2020,96.879
21/05/2020,96.237
20/05/2020,99.771
19/05/2020,106.52
18/05/2020,106.85
15/05/2020,109.54
14/05/2020,107.294
13/05/2020,103.576
12/05/2020,98.786
11/05/2020,96.989
08/05/2020,97.974
07/05/2020,99.045
06/05/2020,101.588
05/05/2020,101.566
04/05/2020,108.293
01/05/2020,105.659
30/04/2020,102.895
29/04/2020,108.854
28/04/2020,117.648
27/04/2020,121.535
24/04/2020,120.83
23/04/2020,119.68
22/04/2020,119.931
21/04/2020,119.775
20/04/2020,114.959
17/04/2020,114.388
16/04/2020,112.715
15/04/2020,105.275
14/04/2020,101.038
13/04/2020,101.566
10/04/2020,104.751
09/04/2020,106.86
08/04/2020,121.96
07/04/2020,130.022
06/04/2020,137.423
03/04/2020,138.321
02/04/2020,135.728
01/04/2020,133.98
31/03/2020,119.005
30/03/2020,120.977
27/03/2020,116.331
26/03/2020,98.4
25/03/2020,114.486
24/03/2020,144.22
23/03/2020,160.068
20/03/2020,153.29
19/03/2020,148.149
18/03/2020,148.052
17/03/2020,122.736
16/03/2020,126.754
13/03/2020,107.529
12/03/2020,120.073
11/03/2020,111.474
10/03/2020,99.828
09/03/2020,100.554
06/03/2020,73.561
05/03/2020,66.841
04/03/2020,60.41
03/03/2020,65.844
02/03/2020,65.407
28/02/2020,63.421
27/02/2020,53.759
26/02/2020,47.948
25/02/2020,46.126
24/02/2020,43.357
21/02/2020,41.235
20/02/2020,41.826
19/02/2020,41.914
18/02/2020,41.89
17/02/2020,42.368
14/02/2020,42.479
13/02/2020,42.887
12/02/2020,43.686
11/02/2020,44.687
10/02/2020,45.346
07/02/2020,45.013
06/02/2020,43.977
05/02/2020,43.918
04/02/2020,45.829
03/02/2020,47.532
31/01/2020,46.557
30/01/2020,45.069
29/01/2020,44.068
28/01/2020,46.036
27/01/2020,48.758
24/01/2020,46.22
23/01/2020,45.359
22/01/2020,44.613
21/01/2020,43.338
20/01/2020,42.755
17/01/2020,42.682
16/01/2020,43.033
15/01/2020,42.879
14/01/2020,42.943
13/01/2020,42.126
10/01/2020,41.541
09/01/2020,40.163
08/01/2020,40.407
07/01/2020,41.264
06/01/2020,40.475
03/01/2020,40.189
02/01/2020,40.092
01/01/2020,41.153
31/12/2019,40.848
30/12/2019,40.61
27/12/2019,41.498
26/12/2019,42.599
25/12/2019,42.686
24/12/2019,42.674
23/12/2019,42.592
20/12/2019,43.304
19/12/2019,43.331
18/12/2019,42.231
17/12/2019,43.019
16/12/2019,44.189
13/12/2019,45.631
12/12/2019,47.003
11/12/2019,48.801
10/12/2019,50.65
09/12/2019,50.835
06/12/2019,52.108
05/12/2019,53.351
04/12/2019,54.69
03/12/2019,56.001
02/12/2019,55.969
29/11/2019,56.482
28/11/2019,56.477
27/11/2019,56.457
26/11/2019,55.82
25/11/2019,56.162
22/11/2019,56.642
21/11/2019,57.187
20/11/2019,56.914
19/11/2019,55.925
18/11/2019,54.022
15/11/2019,53.539
14/11/2019,53.69
13/11/2019,52.681
12/11/2019,51.306
11/11/2019,48.645
08/11/2019,47.847
07/11/2019,47.816
06/11/2019,48.711
05/11/2019,48.631
04/11/2019,48.446
01/11/2019,50.352
31/10/2019,52.306
30/10/2019,50.697
29/10/2019,50.2
28/10/2019,51.582
25/10/2019,51.973
24/10/2019,53.25
23/10/2019,54.26
22/10/2019,54.8
21/10/2019,55.093
18/10/2019,55.613
17/10/2019,56.11
16/10/2019,56.85
15/10/2019,57.577
14/10/2019,58.14
11/10/2019,58.395
10/10/2019,60.324
09/10/2019,61.1
08/10/2019,61.303
07/10/2019,61.201
04/10/2019,60.562
03/10/2019,59.796
02/10/2019,59.37
01/10/2019,57.99
30/09/2019,55.014
27/09/2019,54.592
26/09/2019,53.335
25/09/2019,52.978
24/09/2019,52.457
23/09/2019,50.804
20/09/2019,50.178
19/09/2019,43.704
18/09/2019,43.71
17/09/2019,43.425
16/09/2019,43.549
13/09/2019,42.92
12/09/2019,42.119
11/09/2019,43.792
10/09/2019,44.819
09/09/2019,44.935
06/09/2019,45.439
05/09/2019,45.399
04/09/2019,47.355
03/09/2019,48.853
02/09/2019,49.059
30/08/2019,49.466
29/08/2019,50.652
28/08/2019,51.028
27/08/2019,51.328
26/08/2019,51.762
23/08/2019,51.344
22/08/2019,50.473
21/08/2019,50.373
20/08/2019,51.922
19/08/2019,51.73
16/08/2019,52.424
15/08/2019,55.188
14/08/2019,56.592
13/08/2019,55.96
12/08/2019,56.246
09/08/2019,54.105
08/08/2019,53.491
07/08/2019,55.774
06/08/2019,56.009
05/08/2019,55.294
02/08/2019,51.973
01/08/2019,50.742
31/07/2019,50.089
30/07/2019,48.471
29/07/2019,49.191
26/07/2019,50.338
25/07/2019,49.713
24/07/2019,50.266
23/07/2019,50.239
22/07/2019,50.327
19/07/2019,51.008
18/07/2019,50.575
17/07/2019,50.74
16/07/2019,50.023
15/07/2019,50.364
12/07/2019,50.969
11/07/2019,52.17
10/07/2019,52.083
09/07/2019,52.605
08/07/2019,52.938
05/07/2019,52.589
04/07/2019,52.443
03/07/2019,52.531
02/07/2019,52.397
01/07/2019,52.284
28/06/2019,53.801
27/06/2019,54.121
26/06/2019,54.964
25/06/2019,55.453
24/06/2019,55.648
21/06/2019,54.359
20/06/2019,54.895
19/06/2019,55.989
18/06/2019,57.875
17/06/2019,60.249
14/06/2019,60.418
13/06/2019,61.732
12/06/2019,62.281
11/06/2019,61.207
10/06/2019,63.749
07/06/2019,65.557
06/06/2019,66.737
05/06/2019,67.873
04/06/2019,68.854
03/06/2019,70.298
31/05/2019,70.444
30/05/2019,68.756
29/05/2019,69.449
28/05/2019,69.48
27/05/2019,68.98
24/05/2019,69.052
23/05/2019,69.948
22/05/2019,66.783
21/05/2019,65.991
20/05/2019,67.071
17/05/2019,67.041
16/05/2019,66.486
15/05/2019,66.563
14/05/2019,66.03
13/05/2019,66.548
10/05/2019,64.47
09/05/2019,63.701
08/05/2019,62.108
07/05/2019,61.568
06/05/2019,58.919
03/05/2019,58.415
02/05/2019,58.769
01/05/2019,57.529
30/04/2019,56.468
29/04/2019,56.296
26/04/2019,56.692
25/04/2019,56.427
24/04/2019,56.952
23/04/2019,53.913
22/04/2019,53.907
19/04/2019,53.694
18/04/2019,53.687
17/04/2019,53.963
16/04/2019,54.068
15/04/2019,54.532
12/04/2019,55.877
11/04/2019,57.699
10/04/2019,57.693
09/04/2019,57.98
08/04/2019,59.331
05/04/2019,59.822
04/04/2019,59.713
03/04/2019,60.777
02/04/2019,63.294
01/04/2019,64.26
29/03/2019,67.398
28/03/2019,68.783
27/03/2019,69.617
26/03/2019,68.584
25/03/2019,70.068
22/03/2019,69.876
21/03/2019,68.174
20/03/2019,68.73
19/03/2019,62.765
18/03/2019,62.883
15/03/2019,64.443
14/03/2019,64.955
13/03/2019,64.966
12/03/2019,65.312
11/03/2019,65.721
08/03/2019,68.304
07/03/2019,68.455
06/03/2019,67.851
05/03/2019,68.178
04/03/2019,69.641
01/03/2019,69.581
28/02/2019,69.528
27/02/2019,69.011
26/02/2019,70.992
25/02/2019,71.726
22/02/2019,73.671
21/02/2019,73.579
20/02/2019,74.165
19/02/2019,74.373
18/02/2019,74.63
15/02/2019,74.703
14/02/2019,75.113
13/02/2019,75.223
12/02/2019,75.471
11/02/2019,76.645
08/02/2019,75.889
07/02/2019,74.18
06/02/2019,73.443
05/02/2019,72.537
04/02/2019,74.028
01/02/2019,74.145
31/01/2019,74.534
30/01/2019,76.334
29/01/2019,77.637
28/01/2019,77.905
25/01/2019,77.141
24/01/2019,77.4
23/01/2019,77.355
22/01/2019,78.133
21/01/2019,75.985
18/01/2019,77.235
17/01/2019,80.7
16/01/2019,82.223
15/01/2019,82.833
14/01/2019,83.675
11/01/2019,84.857
10/01/2019,83.954
09/01/2019,84.853
08/01/2019,86.301
07/01/2019,86.366
04/01/2019,90.311
03/01/2019,93.488
02/01/2019,93.962
01/01/2019,94.294
31/12/2018,94.274
28/12/2018,94.598
27/12/2018,95.458
26/12/2018,95.363
25/12/2018,95.455
24/12/2018,95.608
21/12/2018,92.914
20/12/2018,91.656
19/12/2018,90.074
18/12/2018,88.396
17/12/2018,86.911
14/12/2018,86.948
13/12/2018,87.161
12/12/2018,90.651
11/12/2018,93.07
10/12/2018,93.654
07/12/2018,93.608
06/12/2018,93.695
05/12/2018,92.905
04/12/2018,92.13
03/12/2018,91.567
30/11/2018,90.897
29/11/2018,90.035
28/11/2018,89.697
27/11/2018,91.913
26/11/2018,90.762
23/11/2018,88.027
22/11/2018,86.397
21/11/2018,86.766
20/11/2018,85.155
19/11/2018,82.967
16/11/2018,81.619
15/11/2018,81.199
14/11/2018,80.462
13/11/2018,81.29
12/11/2018,80.123
09/11/2018,79.728
08/11/2018,79.537
07/11/2018,78.168
06/11/2018,79.916
05/11/2018,79.864
02/11/2018,80.87
01/11/2018,82.077
31/10/2018,82.805
30/10/2018,82.131
29/10/2018,83.175
26/10/2018,81.685
25/10/2018,80.675
24/10/2018,81.234
23/10/2018,79.635
22/10/2018,79.838
19/10/2018,79.97
18/10/2018,80.099
17/10/2018,77.9
16/10/2018,77.636
15/10/2018,79.231
12/10/2018,79.664
11/10/2018,80.921
10/10/2018,81.444
09/10/2018,78.2
08/10/2018,78.645
05/10/2018,77.74
04/10/2018,76.918
03/10/2018,73.105
02/10/2018,72.638
01/10/2018,73.631
28/09/2018,73.533
27/09/2018,73.036
26/09/2018,75.671
25/09/2018,76.343
24/09/2018,76.667
21/09/2018,76.432
20/09/2018,78.703
19/09/2018,73.67
18/09/2018,74.367
17/09/2018,74.538
14/09/2018,76.063
13/09/2018,78.009
12/09/2018,82.597
11/09/2018,84.609
10/09/2018,84.96
07/09/2018,84.437
06/09/2018,84.403
05/09/2018,84.7
04/09/2018,85.065
03/09/2018,82.649
31/08/2018,82.572
30/08/2018,82.366
29/08/2018,79.434
28/08/2018,80.466
27/08/2018,80.925
24/08/2018,81.637
23/08/2018,81.16
22/08/2018,80.432
21/08/2018,80.959
20/08/2018,79.95
17/08/2018,80.009
16/08/2018,79.088
15/08/2018,79.535
14/08/2018,78.918
13/08/2018,81.401
10/08/2018,79.38
09/08/2018,77.95
08/08/2018,76.71
07/08/2018,76.463
06/08/2018,76.488
03/08/2018,76.35
02/08/2018,77.032
01/08/2018,76.929
31/07/2018,76.418
30/07/2018,76.968
27/07/2018,76.999
26/07/2018,78.299
25/07/2018,79.917
24/07/2018,82.329
23/07/2018,82.25
20/07/2018,82.586
19/07/2018,83.199
18/07/2018,82.716
17/07/2018,83.718
16/07/2018,83.278
13/07/2018,82.535
12/07/2018,84.353
11/07/2018,85.532
10/07/2018,83.866
09/07/2018,85.371
06/07/2018,87.3
05/07/2018,89.067
04/07/2018,90.137
03/07/2018,90.378
02/07/2018,90.474
29/06/2018,89.161
28/06/2018,88.771
27/06/2018,88.974
26/06/2018,86.965
25/06/2018,88.938
22/06/2018,88.039
21/06/2018,89.726
20/06/2018,90.098
19/06/2018,91.053
18/06/2018,90.201
15/06/2018,88.458
14/06/2018,89.366
13/06/2018,88.52
12/06/2018,89.227
11/06/2018,89.089
08/06/2018,89.14
07/06/2018,89.181
06/06/2018,88.567
05/06/2018,89.941
04/06/2018,89.181
01/06/2018,93.065
31/05/2018,93.382
30/05/2018,91.181
29/05/2018,92.616
28/05/2018,85.745
25/05/2018,85.945
24/05/2018,85.779
23/05/2018,86.732
22/05/2018,87.222
21/05/2018,87.682
18/05/2018,88.832
17/05/2018,86.399
16/05/2018,83.263
15/05/2018,83.338
14/05/2018,82.091
11/05/2018,80.561
10/05/2018,80.246
09/05/2018,85.335
08/05/2018,86.171
07/05/2018,83.082
04/05/2018,81.812
03/05/2018,84.426
02/05/2018,79.208
01/05/2018,77.251
30/04/2018,76.427
27/04/2018,74.281
26/04/2018,75.097
25/04/2018,74.782
24/04/2018,73.641
23/04/2018,72.173
20/04/2018,71.522
19/04/2018,70.272
18/04/2018,69.46
17/04/2018,71.699
16/04/2018,72.352
13/04/2018,72.688
12/04/2018,72.889
11/04/2018,74.072
10/04/2018,74.691
09/04/2018,76.52
06/04/2018,77.699
05/04/2018,77.577
04/04/2018,79.534
03/04/2018,80.453
02/04/2018,82.146
30/03/2018,81.631
29/03/2018,81.677
28/03/2018,83.655
27/03/2018,84.867
26/03/2018,85.086
23/03/2018,87.132
22/03/2018,84.431
21/03/2018,81.182
20/03/2018,83.394
19/03/2018,72.76
16/03/2018,71.272
15/03/2018,70.647
14/03/2018,70.565
13/03/2018,71.118
12/03/2018,71.115
09/03/2018,71.804
08/03/2018,75.004
07/03/2018,75.178
06/03/2018,74.879
05/03/2018,75.593
02/03/2018,77.881
01/03/2018,77.848
28/02/2018,75.321
27/02/2018,74.273
26/02/2018,72.814
23/02/2018,73.762
22/02/2018,74.284
21/02/2018,75.67
20/02/2018,74.885
19/02/2018,73.558
16/02/2018,74.777
15/02/2018,76.695
14/02/2018,80.537
13/02/2018,83.234
12/02/2018,80.945
09/02/2018,83.989
08/02/2018,76.776
07/02/2018,69.278
06/02/2018,68.216
05/02/2018,68.875
02/02/2018,67.577
01/02/2018,65.562
31/01/2018,65.792
30/01/2018,67.406
29/01/2018,66.974
26/01/2018,66.1
25/01/2018,66.598
24/01/2018,67.0
23/01/2018,67.666
22/01/2018,66.931
19/01/2018,66.975
18/01/2018,65.927
17/01/2018,66.082
16/01/2018,66.316
15/01/2018,66.019
12/01/2018,66.159
11/01/2018,66.88
10/01/2018,67.817
09/01/2018,66.553
08/01/2018,67.227
05/01/2018,67.957
04/01/2018,68.305
03/01/2018,69.201
02/01/2018,70.964
01/01/2018,72.291
29/12/2017,71.961
28/12/2017,72.362
27/12/2017,72.663
26/12/2017,72.647
25/12/2017,74.074
22/12/2017,73.996
21/12/2017,74.25
20/12/2017,74.062
19/12/2017,74.388
18/12/2017,76.509
15/12/2017,78.251
14/12/2017,71.741
13/12/2017,70.332
12/12/2017,71.505
11/12/2017,71.576
08/12/2017,71.245
07/12/2017,71.554
06/12/2017,71.018
05/12/2017,69.797
04/12/2017,70.231
01/12/2017,71.313
30/11/2017,71.224
29/11/2017,70.879
28/11/2017,69.816
27/11/2017,70.584
24/11/2017,70.909
23/11/2017,71.43
22/11/2017,71.957
21/11/2017,72.056
20/11/2017,72.618
17/11/2017,72.838
16/11/2017,74.061
15/11/2017,76.069
14/11/2017,75.025
13/11/2017,74.959
10/11/2017,74.938
09/11/2017,74.18
08/11/2017,73.317
07/11/2017,73.37
06/11/2017,71.468
03/11/2017,71.917
02/11/2017,71.111
01/11/2017,70.992
31/10/2017,70.952
30/10/2017,74.032
27/10/2017,74.862
26/10/2017,76.067
25/10/2017,76.149
24/10/2017,76.336
23/10/2017,76.095
20/10/2017,76.604
19/10/2017,77.031
18/10/2017,78.074
17/10/2017,79.64
16/10/2017,80.369
13/10/2017,80.464
12/10/2017,81.303
11/10/2017,80.601
10/10/2017,80.605
09/10/2017,79.079
06/10/2017,78.978
05/10/2017,78.606
04/10/2017,78.832
03/10/2017,78.662
02/10/2017,81.908
29/09/2017,83.28
28/09/2017,84.243
27/09/2017,85.722
26/09/2017,85.877
25/09/2017,86.356
22/09/2017,84.349
21/09/2017,86.03
20/09/2017,84.572
19/09/2017,72.066
18/09/2017,70.014
15/09/2017,69.346
14/09/2017,69.827
13/09/2017,69.312
12/09/2017,69.701
11/09/2017,69.49
08/09/2017,70.382
07/09/2017,70.508
06/09/2017,71.786
05/09/2017,72.351
04/09/2017,72.465
01/09/2017,73.591
31/08/2017,74.293
30/08/2017,75.727
29/08/2017,76.654
28/08/2017,76.729
25/08/2017,76.919
24/08/2017,77.243
23/08/2017,77.438
22/08/2017,77.485
21/08/2017,77.914
18/08/2017,77.576
17/08/2017,77.872
16/08/2017,76.13
15/08/2017,76.036
14/08/2017,77.354
11/08/2017,77.71
10/08/2017,77.544
09/08/2017,76.252
08/08/2017,74.781
07/08/2017,74.476
04/08/2017,76.93
03/08/2017,76.522
02/08/2017,76.545
01/08/2017,78.953
31/07/2017,80.101
28/07/2017,82.534
27/07/2017,82.949
26/07/2017,83.817
25/07/2017,84.435
24/07/2017,83.86
21/07/2017,83.248
20/07/2017,83.42
19/07/2017,83.651
18/07/2017,83.625
17/07/2017,83.143
14/07/2017,84.092
13/07/2017,84.336
12/07/2017,84.492
11/07/2017,85.64
10/07/2017,85.907
07/07/2017,86.685
06/07/2017,87.892
05/07/2017,86.109
04/07/2017,85.237
03/07/2017,85.498
30/06/2017,85.708
29/06/2017,85.754
28/06/2017,83.57
27/06/2017,83.931
26/06/2017,84.219
23/06/2017,84.888
22/06/2017,85.865
21/06/2017,87.486
20/06/2017,86.341
19/06/2017,85.612
16/06/2017,85.837
15/06/2017,84.421
14/06/2017,83.337
13/06/2017,85.564
12/06/2017,87.06
09/06/2017,88.44
08/06/2017,88.767
07/06/2017,88.788
06/06/2017,90.462
05/06/2017,91.234
02/06/2017,93.011
01/06/2017,94.664
31/05/2017,95.481
30/05/2017,94.313
29/05/2017,94.064
26/05/2017,94.095
25/05/2017,93.655
24/05/2017,93.699
23/05/2017,94.119
22/05/2017,95.073
19/05/2017,96.368
18/05/2017,100.076
17/05/2017,99.333
16/05/2017,95.646
15/05/2017,97.264
12/05/2017,99.232
11/05/2017,99.327
10/05/2017,99.762
09/05/2017,101.858
08/05/2017,101.541
05/05/2017,99.346
04/05/2017,100.395
03/05/2017,96.088
02/05/2017,96.396
01/05/2017,97.227
28/04/2017,97.543
27/04/2017,98.252
26/04/2017,99.414
25/04/2017,97.949
24/04/2017,101.079
21/04/2017,104.322
20/04/2017,105.524
19/04/2017,106.508
18/04/2017,105.642
17/04/2017,104.26
14/04/2017,102.649
13/04/2017,102.385
12/04/2017,102.558
11/04/2017,100.474
10/04/2017,99.384
07/04/2017,100.895
06/04/2017,101.293
05/04/2017,101.193
04/04/2017,100.891
03/04/2017,100.936
31/03/2017,102.149
30/03/2017,101.078
29/03/2017,102.936
28/03/2017,104.051
27/03/2017,105.604
24/03/2017,105.127
23/03/2017,107.687
22/03/2017,108.52
21/03/2017,109.201
20/03/2017,107.22
17/03/2017,96.086
16/03/2017,97.107
15/03/2017,98.534
14/03/2017,103.437
13/03/2017,101.711
10/03/2017,100.995
09/03/2017,102.258
08/03/2017,101.23
07/03/2017,96.402
06/03/2017,96.169
03/03/2017,97.548
02/03/2017,100.187
01/03/2017,97.899
28/02/2017,102.328
27/02/2017,100.914
24/02/2017,100.466
23/02/2017,99.111
22/02/2017,101.668
21/02/2017,103.516
20/02/2017,107.238
17/02/2017,107.297
16/02/2017,105.832
15/02/2017,102.687
14/02/2017,98.69
13/02/2017,98.61
10/02/2017,102.231
09/02/2017,103.936
08/02/2017,104.888
07/02/2017,104.722
06/02/2017,103.549
03/02/2017,102.504
02/02/2017,105.932
01/02/2017,108.389
31/01/2017,110.44
30/01/2017,109.393
27/01/2017,107.002
26/01/2017,108.278
25/01/2017,107.223
24/01/2017,107.391
23/01/2017,106.56
20/01/2017,107.755
19/01/2017,109.689
18/01/2017,107.682
17/01/2017,104.377
16/01/2017,104.221
13/01/2017,104.863
12/01/2017,106.39
11/01/2017,107.978
10/01/2017,109.436
09/01/2017,106.92
06/01/2017,105.328
05/01/2017,104.241
04/01/2017,106.231
03/01/2017,108.656
02/01/2017,107.771
30/12/2016,108.021
29/12/2016,108.499
28/12/2016,107.481
27/12/2016,108.402
26/12/2016,108.625
23/12/2016,109.066
22/12/2016,108.774
21/12/2016,107.191
20/12/2016,107.002
19/12/2016,107.685
16/12/2016,107.572
15/12/2016,108.308
14/12/2016,107.874
13/12/2016,106.144
12/12/2016,106.288
09/12/2016,107.908
08/12/2016,107.436
07/12/2016,107.506
06/12/2016,111.25
05/12/2016,118.821
02/12/2016,122.499
01/12/2016,123.559
30/11/2016,118.877
29/11/2016,120.048
28/11/2016,121.287
25/11/2016,123.629
24/11/2016,123.542
23/11/2016,122.968
22/11/2016,121.139
21/11/2016,124.358
18/11/2016,124.284
17/11/2016,120.582
16/11/2016,114.723
15/11/2016,111.114
14/11/2016,126.13
11/11/2016,117.83
10/11/2016,118.096
09/11/2016,108.766
08/11/2016,103.436
07/11/2016,104.06
04/11/2016,107.851
03/11/2016,107.755
02/11/2016,107.917
01/11/2016,105.222
31/10/2016,103.496
28/10/2016,104.261
27/10/2016,102.323
26/10/2016,100.548
25/10/2016,97.56
24/10/2016,95.999
21/10/2016,96.438
20/10/2016,98.315
19/10/2016,99.379
18/10/2016,101.754
17/10/2016,103.347
14/10/2016,102.314
13/10/2016,100.444
12/10/2016,101.649
11/10/2016,102.924
10/10/2016,102.617
07/10/2016,102.794
06/10/2016,102.772
05/10/2016,103.224
04/10/2016,103.753
03/10/2016,100.541
30/09/2016,102.765
29/09/2016,104.226
28/09/2016,95.607
27/09/2016,106.017
26/09/2016,110.847
23/09/2016,106.111
22/09/2016,102.451
21/09/2016,108.036
20/09/2016,118.57
19/09/2016,108.252
16/09/2016,111.281
15/09/2016,109.499
14/09/2016,111.43
13/09/2016,108.298
12/09/2016,101.124
09/09/2016,102.612
08/09/2016,96.406
07/09/2016,95.847
06/09/2016,99.113
05/09/2016,102.032
02/09/2016,102.365
01/09/2016,104.01
31/08/2016,102.13
30/08/2016,100.597
29/08/2016,100.283
26/08/2016,102.539
25/08/2016,102.834
24/08/2016,101.474
23/08/2016,100.382
22/08/2016,101.183
19/08/2016,99.714
18/08/2016,98.553
17/08/2016,100.776
16/08/2016,100.263
15/08/2016,100.735
12/08/2016,103.748
11/08/2016,104.13
10/08/2016,105.893
09/08/2016,105.668
08/08/2016,107.249
05/08/2016,112.85
04/08/2016,116.014
03/08/2016,124.178
02/08/2016,128.062
01/08/2016,128.752
29/07/2016,128.67
28/07/2016,131.31
27/07/2016,130.286
26/07/2016,128.619
25/07/2016,126.007
22/07/2016,124.566
21/07/2016,125.226
20/07/2016,125.391
19/07/2016,128.208
18/07/2016,128.318
15/07/2016,127.285
14/07/2016,123.873
13/07/2016,122.073
12/07/2016,122.033
11/07/2016,126.031
08/07/2016,127.224
07/07/2016,135.227
06/07/2016,134.812
05/07/2016,137.628
04/07/2016,133.436
01/07/2016,134.782
30/06/2016,138.711
29/06/2016,143.218
28/06/2016,157.355
27/06/2016,165.372
24/06/2016,160.865
23/06/2016,139.125
22/06/2016,144.069
21/06/2016,146.249
20/06/2016,149.502
17/06/2016,155.357
16/06/2016,156.376
15/06/2016,159.15
14/06/2016,158.314
13/06/2016,151.244
10/06/2016,146.796
09/06/2016,144.219
08/06/2016,139.372
07/06/2016,141.123
06/06/2016,144.717
03/06/2016,151.17
02/06/2016,155.541
01/06/2016,159.079
31/05/2016,160.96
30/05/2016,160.002
27/05/2016,161.474
26/05/2016,162.503
25/05/2016,163.669
24/05/2016,167.737
23/05/2016,168.256
20/05/2016,163.655
19/05/2016,164.139
18/05/2016,162.243
17/05/2016,158.082
16/05/2016,155.826
13/05/2016,156.583
12/05/2016,153.97
11/05/2016,154.971
10/05/2016,156.042
09/05/2016,159.399
06/05/2016,156.268
05/05/2016,161.148
04/05/2016,161.144
03/05/2016,159.934
02/05/2016,151.941
29/04/2016,152.337
28/04/2016,147.816
27/04/2016,145.178
26/04/2016,148.314
25/04/2016,153.703
22/04/2016,151.912
21/04/2016,151.683
20/04/2016,144.857
19/04/2016,148.376
18/04/2016,153.69
15/04/2016,155.664
14/04/2016,154.073
13/04/2016,156.86
12/04/2016,163.231
11/04/2016,172.371
08/04/2016,186.587
07/04/2016,186.994
06/04/2016,180.24
05/04/2016,181.131
04/04/2016,171.636
01/04/2016,164.208
31/03/2016,162.564
30/03/2016,158.799
29/03/2016,165.312
28/03/2016,169.632
25/03/2016,173.268
24/03/2016,172.411
23/03/2016,168.717
22/03/2016,155.721
21/03/2016,149.584
18/03/2016,140.561
17/03/2016,144.665
16/03/2016,156.385
15/03/2016,162.144
14/03/2016,159.867
11/03/2016,162.057
10/03/2016,170.548
09/03/2016,172.17
08/03/2016,176.414
07/03/2016,172.057
04/03/2016,171.119
03/03/2016,172.728
02/03/2016,177.758
01/03/2016,182.838
29/02/2016,195.381
26/02/2016,194.979
25/02/2016,193.878
24/02/2016,194.177
23/02/2016,195.662
22/02/2016,194.174
19/02/2016,199.647
18/02/2016,203.601
17/02/2016,201.998
16/02/2016,217.363
15/02/2016,224.541
12/02/2016,225.638
11/02/2016,230.553
10/02/2016,222.302
09/02/2016,218.834
08/02/2016,214.792
05/02/2016,204.229
04/02/2016,202.689
03/02/2016,214.444
02/02/2016,218.991
01/02/2016,210.749
29/01/2016,210.673
28/01/2016,211.159
27/01/2016,215.12
26/01/2016,215.918
25/01/2016,219.966
22/01/2016,212.985
21/01/2016,219.623
20/01/2016,224.291
19/01/2016,219.459
18/01/2016,221.22
15/01/2016,214.589
14/01/2016,208.682
13/01/2016,210.511
12/01/2016,206.215
11/01/2016,206.125
08/01/2016,199.852
07/01/2016,196.237
06/01/2016,192.805
05/01/2016,189.006
04/01/2016,190.861
01/01/2016,187.663
31/12/2015,187.658
30/12/2015,186.661
29/12/2015,186.482
28/12/2015,187.79
25/12/2015,185.736
24/12/2015,186.061
23/12/2015,187.595
22/12/2015,190.708
21/12/2015,190.62
18/12/2015,190.324
17/12/2015,187.064
16/12/2015,187.167
15/12/2015,191.094
14/12/2015,198.79
11/12/2015,199.95
10/12/2015,195.894
09/12/2015,192.15
08/12/2015,193.322
07/12/2015,191.795
04/12/2015,187.166
03/12/2015,187.245
02/12/2015,181.773
01/12/2015,179.133
30/11/2015,180.662
27/11/2015,179.374
26/11/2015,179.187
25/11/2015,178.861
24/11/2015,177.324
23/11/2015,177.276
20/11/2015,175.92
19/11/2015,177.231
18/11/2015,177.392
17/11/2015,178.419
16/11/2015,177.444
13/11/2015,179.901
12/11/2015,175.203
11/11/2015,171.529
10/11/2015,172.028
09/11/2015,174.138
06/11/2015,169.959
05/11/2015,167.393
04/11/2015,161.668
03/11/2015,160.476
02/11/2015,169.809
30/10/2015,173.301
29/10/2015,173.364
28/10/2015,171.364
27/10/2015,172.469
26/10/2015,170.96
23/10/2015,172.096
22/10/2015,175.152
21/10/2015,178.243
20/10/2015,177.403
19/10/2015,174.497
16/10/2015,173.786
15/10/2015,176.52
14/10/2015,183.262
13/10/2015,181.215
12/10/2015,172.112
09/10/2015,173.513
08/10/2015,174.313
07/10/2015,182.734
06/10/2015,178.335
05/10/2015,181.299
02/10/2015,190.453
01/10/2015,194.306
30/09/2015,194.957
29/09/2015,200.838
28/09/2015,201.822
25/09/2015,188.89
24/09/2015,182.138
23/09/2015,179.167
22/09/2015,175.152
21/09/2015,167.324
18/09/2015,159.646
17/09/2015,155.439
16/09/2015,160.908
15/09/2015,166.361
14/09/2015,173.123
11/09/2015,174.246
10/09/2015,172.984
09/09/2015,173.077
08/09/2015,173.638
07/09/2015,178.065
04/09/2015,177.731
03/09/2015,174.069
02/09/2015,178.281
01/09/2015,179.813
31/08/2015,174.201
28/08/2015,173.711
27/08/2015,172.178
26/08/2015,180.739
25/08/2015,180.95
24/08/2015,184.768
21/08/2015,170.364
20/08/2015,166.541
19/08/2015,162.927
18/08/2015,159.635
17/08/2015,156.693
14/08/2015,156.613
13/08/2015,155.967
12/08/2015,152.06
11/08/2015,149.959
10/08/2015,147.552
07/08/2015,150.321
06/08/2015,149.875
05/08/2015,147.833
04/08/2015,149.35
03/08/2015,149.346
31/07/2015,147.07
30/07/2015,144.545
29/07/2015,143.736
28/07/2015,148.073
27/07/2015,150.298
24/07/2015,147.369
23/07/2015,141.866
22/07/2015,138.001
21/07/2015,135.738
20/07/2015,137.361
17/07/2015,136.488
16/07/2015,136.771
15/07/2015,137.99
14/07/2015,135.479
13/07/2015,135.505
10/07/2015,137.604
09/07/2015,140.51
08/07/2015,143.869
07/07/2015,142.796
06/07/2015,139.621
03/07/2015,137.36
02/07/2015,137.593
01/07/2015,139.149
30/06/2015,140.116
29/06/2015,140.664
26/06/2015,138.743
25/06/2015,137.938
24/06/2015,138.111
23/06/2015,136.606
22/06/2015,138.333
19/06/2015,135.939
18/06/2015,135.445
17/06/2015,137.598
16/06/2015,138.152
15/06/2015,136.814
12/06/2015,135.054
11/06/2015,136.826
10/06/2015,139.332
09/06/2015,139.047
08/06/2015,139.927
05/06/2015,138.13
04/06/2015,134.235
03/06/2015,133.069
02/06/2015,131.64
01/06/2015,132.34
29/05/2015,130.92
28/05/2015,130.199
27/05/2015,128.897
26/05/2015,129.786
25/05/2015,128.269
22/05/2015,128.263
21/05/2015,128.404
20/05/2015,129.954
19/05/2015,130.158
18/05/2015,128.702
15/05/2015,129.865
14/05/2015,130.609
13/05/2015,131.439
12/05/2015,131.206
11/05/2015,129.91
08/05/2015,128.856
07/05/2015,133.608
06/05/2015,132.448
05/05/2015,133.166
04/05/2015,136.066
01/05/2015,137.679
30/04/2015,135.343
29/04/2015,135.546
28/04/2015,134.296
27/04/2015,134.156
24/04/2015,134.168
23/04/2015,133.75
22/04/2015,137.905
21/04/2015,139.133
20/04/2015,138.647
17/04/2015,139.846
16/04/2015,138.009
15/04/2015,137.357
14/04/2015,138.512
13/04/2015,141.478
10/04/2015,139.063
09/04/2015,133.057
08/04/2015,130.852
07/04/2015,132.167
06/04/2015,130.494
03/04/2015,132.193
02/04/2015,132.667
01/04/2015,131.983
31/03/2015,134.315
30/03/2015,135.393
27/03/2015,135.917
26/03/2015,136.395
25/03/2015,136.627
24/03/2015,136.362
23/03/2015,137.959
20/03/2015,140.677
19/03/2015,143.356
18/03/2015,140.582
17/03/2015,144.17
16/03/2015,144.408
13/03/2015,141.646
12/03/2015,137.898
11/03/2015,140.394
10/03/2015,142.054
09/03/2015,132.727
06/03/2015,120.588
05/03/2015,116.431
04/03/2015,112.303
03/03/2015,110.845
02/03/2015,110.03
27/02/2015,113.05
26/02/2015,115.263
25/02/2015,115.275
24/02/2015,118.182
23/02/2015,123.054
20/02/2015,121.69
19/02/2015,122.228
18/02/2015,120.329
17/02/2015,120.821
16/02/2015,120.336
13/02/2015,120.339
12/02/2015,123.128
11/02/2015,127.118
10/02/2015,125.582
09/02/2015,122.608
06/02/2015,122.826
05/02/2015,124.102
04/02/2015,127.09
03/02/2015,125.074
02/02/2015,135.843
30/01/2015,135.688
29/01/2015,133.263
28/01/2015,135.188
27/01/2015,132.978
26/01/2015,132.856
23/01/2015,133.376
22/01/2015,135.864
21/01/2015,137.738
20/01/2015,133.257
19/01/2015,131.436
16/01/2015,132.442
15/01/2015,134.829
14/01/2015,129.62
13/01/2015,130.654
12/01/2015,129.397
09/01/2015,125.833
08/01/2015,125.124
07/01/2015,128.89
06/01/2015,134.795
05/01/2015,133.86
02/01/2015,118.432
01/01/2015,115.377
31/12/2014,114.92
30/12/2014,113.09
29/12/2014,109.857
26/12/2014,107.462
25/12/2014,107.591
24/12/2014,107.615
23/12/2014,107.711
22/12/2014,108.656
19/12/2014,108.734
18/12/2014,118.449
17/12/2014,118.6
16/12/2014,141.079
15/12/2014,145.488
12/12/2014,139.557
11/12/2014,131.876
10/12/2014,131.435
09/12/2014,118.371
08/12/2014,115.919
05/12/2014,110.185
04/12/2014,105.0
03/12/2014,105.0
02/12/2014,107.0
01/12/2014,102.823
28/11/2014,100.905
27/11/2014,100.917
26/11/2014,101.668
25/11/2014,102.173
24/11/2014,103.503
21/11/2014,103.848
20/11/2014,105.338
19/11/2014,105.173
18/11/2014,106.173
17/11/2014,106.168
14/11/2014,107.148
13/11/2014,105.803
12/11/2014,102.168
11/11/2014,102.503
10/11/2014,103.823
07/11/2014,102.498
06/11/2014,99.75
05/11/2014,97.836
04/11/2014,98.833
03/11/2014,97.625
31/10/2014,98.375
30/10/2014,99.173
29/10/2014,101.125
28/10/2014,101.823
27/10/2014,101.173
24/10/2014,101.843
23/10/2014,103.833
22/10/2014,105.153
21/10/2014,101.833
20/10/2014,107.828
17/10/2014,107.183
16/10/2014,114.158
15/10/2014,113.478
14/10/2014,106.823
13/10/2014,106.039
10/10/2014,105.0
09/10/2014,103.375
08/10/2014,101.673
07/10/2014,105.125
06/10/2014,105.25
03/10/2014,104.173
02/10/2014,104.75
01/10/2014,106.75
30/09/2014,107.0
29/09/2014,109.625
26/09/2014,105.75
25/09/2014,102.125
24/09/2014,99.508
23/09/2014,102.334
22/09/2014,99.125
19/09/2014,95.0
18/09/2014,95.749
17/09/2014,94.375
16/09/2014,95.343
15/09/2014,98.375
12/09/2014,98.125
11/09/2014,94.988
10/09/2014,94.875
09/09/2014,95.833
08/09/2014,88.75
05/09/2014,88.158
04/09/2014,87.625
03/09/2014,84.625
02/09/2014,85.75
01/09/2014,85.21
29/08/2014,84.875
28/08/2014,84.625
27/08/2014,78.503
26/08/2014,79.668
25/08/2014,81.498
22/08/2014,81.328
21/08/2014,82.153
20/08/2014,81.148
19/08/2014,80.818
18/08/2014,79.338
15/08/2014,81.483
14/08/2014,81.813
13/08/2014,81.173
12/08/2014,87.168
11/08/2014,91.343
08/08/2014,94.513
07/08/2014,94.163
06/08/2014,94.008
05/08/2014,93.75
04/08/2014,91.25
01/08/2014,95.478
31/07/2014,91.973
30/07/2014,89.478
29/07/2014,87.5
28/07/2014,86.818
25/07/2014,84.5
24/07/2014,82.375
23/07/2014,82.163
22/07/2014,82.678
21/07/2014,86.125
18/07/2014,86.823
17/07/2014,87.5
16/07/2014,86.167
15/07/2014,84.875
14/07/2014,82.5
11/07/2014,82.5
10/07/2014,81.75
09/07/2014,80.167
08/07/2014,79.173
07/07/2014,79.663
04/07/2014,79.639
03/07/2014,81.899
02/07/2014,83.875
01/07/2014,82.167
30/06/2014,84.158
27/06/2014,80.503
26/06/2014,78.51
25/06/2014,80.003
24/06/2014,81.0
23/06/2014,80.75
20/06/2014,79.833
19/06/2014,79.148
18/06/2014,78.828
17/06/2014,79.488
16/06/2014,79.338
13/06/2014,81.183
12/06/2014,81.167
11/06/2014,80.125
10/06/2014,81.0
09/06/2014,80.5
06/06/2014,81.188
05/06/2014,86.523
04/06/2014,89.158
03/06/2014,86.125
02/06/2014,87.493
30/05/2014,88.333
29/05/2014,87.304
28/05/2014,90.193
27/05/2014,92.013
26/05/2014,90.306
23/05/2014,92.869
22/05/2014,95.875
21/05/2014,97.668
20/05/2014,95.375
19/05/2014,95.523
16/05/2014,97.125
15/05/2014,97.833
14/05/2014,97.833
13/05/2014,95.183
12/05/2014,99.67
09/05/2014,97.685
08/05/2014,98.515
07/05/2014,101.025
06/05/2014,103.175
05/05/2014,103.335
02/05/2014,103.01
01/05/2014,102.995
30/04/2014,103.35
29/04/2014,105.015
28/04/2014,105.85
25/04/2014,106.888
24/04/2014,107.665
23/04/2014,105.345
22/04/2014,106.17
21/04/2014,105.718
18/04/2014,106.593
17/04/2014,107.223
16/04/2014,106.355
15/04/2014,108.325
14/04/2014,106.675
11/04/2014,106.611
10/04/2014,103.02
09/04/2014,104.68
08/04/2014,105.679
07/04/2014,106.335
04/04/2014,109.67
03/04/2014,112.325
02/04/2014,109.185
01/04/2014,109.685
31/03/2014,112.173
28/03/2014,111.651
27/03/2014,110.325
26/03/2014,111.68
25/03/2014,114.504
24/03/2014,115.508
21/03/2014,117.343
20/03/2014,114.845
19/03/2014,113.018
18/03/2014,111.355
17/03/2014,116.015
14/03/2014,116.685
13/03/2014,117.02
12/03/2014,115.68
11/03/2014,116.675
10/03/2014,112.355
07/03/2014,112.34
06/03/2014,112.015
05/03/2014,113.34
04/03/2014,117.01
03/03/2014,121.32
28/02/2014,118.665
27/02/2014,118.685
26/02/2014,118.774
25/02/2014,114.35
24/02/2014,116.04
21/02/2014,122.655
20/02/2014,119.678
19/02/2014,125.823
18/02/2014,123.335
17/02/2014,124.224
14/02/2014,124.659
13/02/2014,124.009
12/02/2014,125.345
11/02/2014,126.65
10/02/2014,129.02
07/02/2014,126.325
06/02/2014,127.997
05/02/2014,133.344
04/02/2014,135.345
03/02/2014,140.679
31/01/2014,140.015
30/01/2014,139.67
29/01/2014,140.995
28/01/2014,133.358
27/01/2014,141.35
24/01/2014,144.655
23/01/2014,138.33
22/01/2014,133.327
21/01/2014,129.65
20/01/2014,130.144
17/01/2014,131.309
16/01/2014,130.333
15/01/2014,133.008
14/01/2014,133.665
13/01/2014,134.701
10/01/2014,134.993
09/01/2014,135.0
08/01/2014,136.998
07/01/2014,136.253
06/01/2014,134.676
03/01/2014,133.102
02/01/2014,135.644
01/01/2014,133.063
31/12/2013,133.067
30/12/2013,133.326
27/12/2013,134.01
26/12/2013,132.335
25/12/2013,131.976
24/12/2013,131.663
23/12/2013,131.39
20/12/2013,134.801
19/12/2013,127.332
18/12/2013,126.331
17/12/2013,130.65
16/12/2013,128.01
13/12/2013,129.67
12/12/2013,133.01
11/12/2013,132.672
10/12/2013,131.0
09/12/2013,127.51
06/12/2013,132.168
05/12/2013,138.825
04/12/2013,142.25
03/12/2013,141.0
02/12/2013,140.5
28/11/2013,135.675
27/11/2013,135.995
26/11/2013,135.33
25/11/2013,135.932
22/11/2013,135.15
21/11/2013,134.981
20/11/2013,133.496
19/11/2013,128.325
18/11/2013,123.644
15/11/2013,129.015
14/11/2013,135.505
13/11/2013,137.675
12/11/2013,140.16
11/11/2013,138.531
08/11/2013,137.427
07/11/2013,133.66
06/11/2013,133.35
05/11/2013,134.33
04/11/2013,130.244
01/11/2013,132.005
31/10/2013,128.372
30/10/2013,128.17
29/10/2013,128.419
28/10/2013,130.16
25/10/2013,130.17
24/10/2013,132.82
23/10/2013,128.675
22/10/2013,128.35
21/10/2013,131.345
18/10/2013,127.85
17/10/2013,127.492
16/10/2013,126.845
15/10/2013,129.0
14/10/2013,129.989
11/10/2013,132.099
10/10/2013,134.375
09/10/2013,138.488
08/10/2013,138.417
07/10/2013,139.34
04/10/2013,142.015
03/10/2013,144.34
02/10/2013,144.65
01/10/2013,144.17
30/09/2013,148.25
27/09/2013,146.468
26/09/2013,142.3
25/09/2013,136.833
24/09/2013,134.67
23/09/2013,133.335
20/09/2013,129.054
19/09/2013,122.625
18/09/2013,120.994
17/09/2013,129.333
16/09/2013,132.668
13/09/2013,135.843
12/09/2013,135.339
11/09/2013,135.515
10/09/2013,139.01
09/09/2013,143.335
06/09/2013,147.01
05/09/2013,153.185
04/09/2013,154.74
03/09/2013,154.0
02/09/2013,146.754
30/08/2013,153.16
29/08/2013,149.983
28/08/2013,149.875
27/08/2013,149.486
26/08/2013,145.167
23/08/2013,145.961
22/08/2013,154.355
21/08/2013,158.985
20/08/2013,152.616
19/08/2013,151.995
16/08/2013,141.31
15/08/2013,135.825
14/08/2013,129.02
13/08/2013,126.853
12/08/2013,131.35
09/08/2013,135.941
08/08/2013,138.005
07/08/2013,136.828
06/08/2013,134.991
05/08/2013,133.665
02/08/2013,134.338
01/08/2013,138.625
31/07/2013,140.505
30/07/2013,139.341
29/07/2013,139.381
26/07/2013,137.665
25/07/2013,133.52
24/07/2013,131.645
23/07/2013,125.5
22/07/2013,125.01
19/07/2013,123.799
18/07/2013,123.59
17/07/2013,129.097
16/07/2013,128.75
15/07/2013,131.35
12/07/2013,138.787
11/07/2013,142.218
10/07/2013,150.178
09/07/2013,152.224
08/07/2013,160.242
05/07/2013,161.878
04/07/2013,156.949
03/07/2013,153.112
02/07/2013,144.995
01/07/2013,144.96
28/06/2013,143.853
27/06/2013,144.015
26/06/2013,154.325
25/06/2013,160.35
24/06/2013,169.7
21/06/2013,173.276
20/06/2013,163.714
19/06/2013,145.859
18/06/2013,135.653
17/06/2013,135.625
14/06/2013,124.432
13/06/2013,126.86
12/06/2013,144.333
11/06/2013,145.894
10/06/2013,137.25
07/06/2013,127.75
06/06/2013,126.148
05/06/2013,121.774
04/06/2013,114.32
03/06/2013,110.589
31/05/2013,110.15
30/05/2013,105.175
29/05/2013,104.052
28/05/2013,101.663
27/05/2013,100.368
24/05/2013,101.313
23/05/2013,99.503
22/05/2013,96.843
21/05/2013,96.838
20/05/2013,97.0
17/05/2013,94.945
16/05/2013,91.848
15/05/2013,90.346
14/05/2013,89.375
13/05/2013,87.02
10/05/2013,86.16
09/05/2013,84.675
08/05/2013,84.25
07/05/2013,83.338
06/05/2013,82.503
03/05/2013,85.056
02/05/2013,86.508
01/05/2013,87.658
30/04/2013,83.515
29/04/2013,85.625
26/04/2013,87.053
25/04/2013,87.606
24/04/2013,88.188
23/04/2013,90.188
22/04/2013,90.858
19/04/2013,92.678
18/04/2013,93.173
17/04/2013,89.375
16/04/2013,89.845
15/04/2013,87.625
12/04/2013,85.5
11/04/2013,85.345
10/04/2013,89.338
09/04/2013,92.84
08/04/2013,96.125
05/04/2013,99.66
04/04/2013,98.675
03/04/2013,100.429
02/04/2013,99.43
01/04/2013,98.781
29/03/2013,97.67
28/03/2013,98.173
27/03/2013,98.088
26/03/2013,95.563
25/03/2013,94.25
22/03/2013,95.0
21/03/2013,93.516
20/03/2013,91.83
19/03/2013,91.25
18/03/2013,91.343
15/03/2013,90.201
14/03/2013,89.625
13/03/2013,89.67
12/03/2013,89.34
11/03/2013,90.433
08/03/2013,94.49
07/03/2013,94.518
06/03/2013,95.345
05/03/2013,96.35
04/03/2013,99.345
01/03/2013,99.654
28/02/2013,99.015
27/02/2013,98.417
26/02/2013,101.33
25/02/2013,99.209
22/02/2013,98.175
21/02/2013,99.658
20/02/2013,98.588
19/02/2013,96.933
18/02/2013,96.825
15/02/2013,96.436
14/02/2013,96.168
13/02/2013,96.34
12/02/2013,95.665
11/02/2013,95.835
08/02/2013,95.67
07/02/2013,96.543
06/02/2013,95.943
05/02/2013,96.5
04/02/2013,95.353
01/02/2013,95.696
31/01/2013,94.51
30/01/2013,94.625
29/01/2013,91.335
28/01/2013,91.252
25/01/2013,89.278
24/01/2013,90.35
23/01/2013,91.165
22/01/2013,91.665
21/01/2013,91.543
18/01/2013,91.526
17/01/2013,91.0
16/01/2013,93.34
15/01/2013,94.5
14/01/2013,94.667
11/01/2013,94.573
10/01/2013,94.687
09/01/2013,94.34
08/01/2013,94.32
07/01/2013,91.831
04/01/2013,90.335
03/01/2013,91.163
02/01/2013,91.042
01/01/2013,96.99
31/12/2012,97.338
28/12/2012,97.438
27/12/2012,95.771
26/12/2012,96.108
25/12/2012,96.324
24/12/2012,96.273
21/12/2012,95.161
20/12/2012,91.268
19/12/2012,87.35
18/12/2012,89.34
17/12/2012,94.685
14/12/2012,94.33
13/12/2012,95.163
12/12/2012,95.53
11/12/2012,96.204
10/12/2012,98.75
07/12/2012,98.5
06/12/2012,96.503
05/12/2012,96.345
04/12/2012,97.665
03/12/2012,99.0
30/11/2012,100.366
29/11/2012,99.01
28/11/2012,102.005
27/11/2012,101.845
26/11/2012,102.493
23/11/2012,100.169
22/11/2012,101.34
21/11/2012,102.0
20/11/2012,101.0
19/11/2012,102.25
16/11/2012,105.008
15/11/2012,103.333
14/11/2012,102.0
13/11/2012,100.5
12/11/2012,98.058
09/11/2012,101.335
08/11/2012,98.248
07/11/2012,97.528
06/11/2012,100.35
05/11/2012,102.345
02/11/2012,100.766
01/11/2012,100.687
31/10/2012,104.046
30/10/2012,104.893
29/10/2012,103.746
26/10/2012,100.493
25/10/2012,102.843
24/10/2012,104.937
23/10/2012,105.701
22/10/2012,103.25
19/10/2012,104.199
18/10/2012,102.665
17/10/2012,102.675
16/10/2012,103.84
15/10/2012,105.175
12/10/2012,105.598
11/10/2012,106.19
10/10/2012,108.845
09/10/2012,108.99
08/10/2012,104.281
05/10/2012,105.931
04/10/2012,107.495
03/10/2012,107.5
02/10/2012,108.33
01/10/2012,106.5
28/09/2012,106.33
27/09/2012,106.229
26/09/2012,107.556
25/09/2012,104.305
24/09/2012,103.323
21/09/2012,100.19
20/09/2012,99.505
19/09/2012,97.685
18/09/2012,95.01
17/09/2012,94.332
14/09/2012,97.205
13/09/2012,103.875
12/09/2012,105.183
11/09/2012,109.173
10/09/2012,111.546
07/09/2012,112.23
06/09/2012,115.751
05/09/2012,117.724
04/09/2012,119.005
03/09/2012,121.793
31/08/2012,121.809
30/08/2012,121.146
29/08/2012,122.998
28/08/2012,122.658
27/08/2012,116.55
24/08/2012,122.86
23/08/2012,117.172
22/08/2012,117.337
21/08/2012,119.255
20/08/2012,119.782
17/08/2012,121.08
16/08/2012,123.729
15/08/2012,121.268
14/08/2012,119.963
13/08/2012,123.53
10/08/2012,121.627
09/08/2012,120.115
08/08/2012,118.138
07/08/2012,117.424
06/08/2012,118.848
03/08/2012,122.451
02/08/2012,126.673
01/08/2012,126.14
31/07/2012,127.648
30/07/2012,126.353
27/07/2012,133.89
26/07/2012,137.192
25/07/2012,141.148
24/07/2012,143.215
23/07/2012,141.088
20/07/2012,142.169
19/07/2012,134.917
18/07/2012,138.648
17/07/2012,139.678
16/07/2012,139.993
13/07/2012,144.528
12/07/2012,148.321
11/07/2012,152.922
10/07/2012,157.703
09/07/2012,160.761
06/07/2012,156.438
05/07/2012,151.369
04/07/2012,149.53
03/07/2012,149.514
02/07/2012,154.768
29/06/2012,162.878
28/06/2012,166.983
27/06/2012,164.17
26/06/2012,163.675
25/06/2012,163.644
22/06/2012,157.858
21/06/2012,158.155
20/06/2012,151.005
19/06/2012,150.685
18/06/2012,155.699
15/06/2012,156.286
14/06/2012,155.575
13/06/2012,164.053
12/06/2012,160.704
11/06/2012,165.744
08/06/2012,162.033
07/06/2012,163.559
06/06/2012,161.668
05/06/2012,173.5
04/06/2012,175.529
01/06/2012,176.323
31/05/2012,172.861
30/05/2012,167.407
29/05/2012,161.319
28/05/2012,163.177
25/05/2012,163.289
24/05/2012,160.33
23/05/2012,159.274
22/05/2012,158.398
21/05/2012,152.86
18/05/2012,157.366
17/05/2012,158.472
16/05/2012,152.845
15/05/2012,151.864
14/05/2012,139.993
11/05/2012,134.124
10/05/2012,130.937
09/05/2012,132.697
08/05/2012,127.521
07/05/2012,124.78
04/05/2012,123.16
03/05/2012,122.423
02/05/2012,122.565
01/05/2012,124.0
30/04/2012,123.755
27/04/2012,123.01
26/04/2012,124.279
25/04/2012,126.646
24/04/2012,127.896
23/04/2012,128.212
20/04/2012,127.392
19/04/2012,130.34
18/04/2012,130.951
17/04/2012,130.933
16/04/2012,133.125
13/04/2012,131.818
12/04/2012,129.783
11/04/2012,132.779
10/04/2012,135.864
09/04/2012,130.128
06/04/2012,127.683
05/04/2012,125.974
04/04/2012,123.703
03/04/2012,120.883
02/04/2012,121.665
30/03/2012,121.593
29/03/2012,122.624
28/03/2012,122.452
27/03/2012,120.848
26/03/2012,117.197
23/03/2012,119.835
22/03/2012,119.33
21/03/2012,115.906
20/03/2012,114.333
19/03/2012,115.065
16/03/2012,120.714
15/03/2012,123.413
14/03/2012,123.508
13/03/2012,125.962
12/03/2012,127.858
09/03/2012,130.928
08/03/2012,131.399
07/03/2012,138.889
06/03/2012,143.738
05/03/2012,136.305
02/03/2012,137.004
01/03/2012,141.061
29/02/2012,146.404
28/02/2012,145.38
27/02/2012,145.56
24/02/2012,144.505
23/02/2012,144.84
22/02/2012,145.353
21/02/2012,147.743
20/02/2012,147.099
17/02/2012,149.117
16/02/2012,151.415
15/02/2012,151.954
14/02/2012,151.23
13/02/2012,151.624
10/02/2012,156.583
09/02/2012,154.025
08/02/2012,154.343
07/02/2012,156.274
06/02/2012,156.935
03/02/2012,158.225
02/02/2012,161.268
01/02/2012,161.092
31/01/2012,165.333
30/01/2012,164.63
27/01/2012,165.206
26/01/2012,166.37
25/01/2012,169.5
24/01/2012,171.638
23/01/2012,170.807
20/01/2012,171.978
19/01/2012,174.836
18/01/2012,178.249
17/01/2012,183.438
16/01/2012,184.416
13/01/2012,183.754
12/01/2012,178.097
11/01/2012,175.403
10/01/2012,172.466
09/01/2012,175.888
06/01/2012,175.568
05/01/2012,174.687
04/01/2012,170.326
03/01/2012,169.607
02/01/2012,171.613
30/12/2011,172.42
29/12/2011,173.384
28/12/2011,173.348
27/12/2011,174.01
26/12/2011,172.677
23/12/2011,174.34
22/12/2011,173.865
21/12/2011,172.324
20/12/2011,170.982
19/12/2011,176.376
16/12/2011,173.432
15/12/2011,173.67
14/12/2011,167.708
13/12/2011,160.778
12/12/2011,166.157
09/12/2011,154.885
08/12/2011,157.85
07/12/2011,148.794
06/12/2011,150.701
05/12/2011,151.586
02/12/2011,158.887
01/12/2011,163.592
30/11/2011,165.979
29/11/2011,181.835
28/11/2011,182.685
25/11/2011,193.396
24/11/2011,189.816
23/11/2011,187.653
22/11/2011,181.319
21/11/2011,183.88
18/11/2011,177.399
17/11/2011,177.833
16/11/2011,171.806
15/11/2011,170.102
14/11/2011,159.29
11/11/2011,160.401
10/11/2011,161.53
09/11/2011,166.751
08/11/2011,145.68
07/11/2011,147.525
04/11/2011,145.031
03/11/2011,143.945
02/11/2011,152.772
01/11/2011,156.555
31/10/2011,141.5
28/10/2011,131.348
27/10/2011,135.023
26/10/2011,156.282
25/10/2011,162.345
24/10/2011,161.281
21/10/2011,165.159
20/10/2011,167.202
19/10/2011,157.821
18/10/2011,157.091
17/10/2011,161.506
14/10/2011,156.38
13/10/2011,161.087
12/10/2011,150.278
11/10/2011,175.974
10/10/2011,184.098
07/10/2011,187.437
06/10/2011,191.537
05/10/2011,202.345
04/10/2011,219.577
03/10/2011,219.5
30/09/2011,205.004
29/09/2011,193.549
28/09/2011,192.089
27/09/2011,185.351
26/09/2011,198.023
23/09/2011,217.159
22/09/2011,221.433
21/09/2011,203.357
20/09/2011,180.94
19/09/2011,170.71
16/09/2011,164.833
15/09/2011,169.055
14/09/2011,175.329
13/09/2011,176.5
12/09/2011,178.504
09/09/2011,173.338
08/09/2011,159.596
07/09/2011,157.622
06/09/2011,163.924
05/09/2011,156.345
02/09/2011,153.995
01/09/2011,148.002
31/08/2011,148.446
30/08/2011,160.803
29/08/2011,167.126
26/08/2011,171.243
25/08/2011,169.976
24/08/2011,169.025
23/08/2011,163.125
22/08/2011,158.823
19/08/2011,152.19
18/08/2011,152.212
17/08/2011,144.634
16/08/2011,148.961
15/08/2011,148.096
12/08/2011,164.333
11/08/2011,170.659
10/08/2011,174.442
09/08/2011,161.954
08/08/2011,171.998
05/08/2011,142.56
04/08/2011,139.641
03/08/2011,124.992
02/08/2011,123.506
01/08/2011,121.667
29/07/2011,122.871
28/07/2011,122.641
27/07/2011,124.122
26/07/2011,123.303
25/07/2011,123.016
22/07/2011,120.891
21/07/2011,121.087
20/07/2011,129.122
19/07/2011,127.444
18/07/2011,128.322
15/07/2011,128.199
14/07/2011,128.761
13/07/2011,126.434
12/07/2011,128.684
11/07/2011,127.442
08/07/2011,126.629
07/07/2011,126.017
06/07/2011,127.664
05/07/2011,128.607
04/07/2011,130.335
01/07/2011,131.787
30/06/2011,131.452
29/06/2011,141.362
28/06/2011,144.017
27/06/2011,146.732
24/06/2011,149.837
23/06/2011,150.075
22/06/2011,145.692
21/06/2011,144.914
20/06/2011,151.496
17/06/2011,150.003
16/06/2011,151.188
15/06/2011,145.588
14/06/2011,144.356
13/06/2011,147.171
10/06/2011,144.528
09/06/2011,142.648
08/06/2011,151.586
07/06/2011,169.034
06/06/2011,163.692
03/06/2011,145.797
02/06/2011,147.912
01/06/2011,146.293
31/05/2011,133.087
30/05/2011,126.35
27/05/2011,126.7
26/05/2011,127.097
25/05/2011,127.685
24/05/2011,126.383
23/05/2011,127.747
20/05/2011,131.86
19/05/2011,130.773
18/05/2011,130.954
17/05/2011,132.589
16/05/2011,131.955
13/05/2011,132.518
12/05/2011,134.873
11/05/2011,139.238
10/05/2011,136.708
09/05/2011,135.263
06/05/2011,137.258
05/05/2011,141.777
04/05/2011,147.324
03/05/2011,153.465
02/05/2011,155.363
29/04/2011,154.543
28/04/2011,164.15
27/04/2011,171.517
26/04/2011,162.408
25/04/2011,152.919
22/04/2011,148.016
21/04/2011,148.335
20/04/2011,149.67
19/04/2011,151.738
18/04/2011,151.88
15/04/2011,153.933
14/04/2011,153.293
13/04/2011,152.736
12/04/2011,138.597
11/04/2011,135.685
08/04/2011,130.284
07/04/2011,138.546
06/04/2011,150.321
05/04/2011,154.55
04/04/2011,153.618
01/04/2011,139.015
31/03/2011,138.324
30/03/2011,138.311
29/03/2011,139.687
28/03/2011,136.64
25/03/2011,125.395
24/03/2011,125.862
23/03/2011,128.408
22/03/2011,128.345
21/03/2011,125.206
18/03/2011,118.961
17/03/2011,120.855
16/03/2011,122.171
15/03/2011,119.545
14/03/2011,119.179
11/03/2011,116.312
10/03/2011,115.891
09/03/2011,111.492
08/03/2011,111.429
07/03/2011,112.794
04/03/2011,111.311
03/03/2011,108.873
02/03/2011,114.696
01/03/2011,114.305
28/02/2011,113.335
25/02/2011,113.825
24/02/2011,116.58
23/02/2011,117.262
22/02/2011,116.788
21/02/2011,111.699
18/02/2011,111.0
17/02/2011,111.82
16/02/2011,113.253
15/02/2011,115.955
14/02/2011,117.524
11/02/2011,119.48
10/02/2011,118.43
09/02/2011,115.179
08/02/2011,110.477
07/02/2011,108.332
04/02/2011,106.645
03/02/2011,107.616
02/02/2011,108.658
01/02/2011,108.27
31/01/2011,111.901
28/01/2011,115.254
27/01/2011,109.569
26/01/2011,106.194
25/01/2011,107.367
24/01/2011,108.209
21/01/2011,107.0
20/01/2011,109.512
19/01/2011,108.485
18/01/2011,105.081
17/01/2011,106.135
14/01/2011,104.964
13/01/2011,105.561
12/01/2011,104.605
11/01/2011,109.314
10/01/2011,112.257
07/01/2011,109.826
06/01/2011,107.923
05/01/2011,105.566
04/01/2011,105.739
03/01/2011,109.845
31/12/2010,113.008
30/12/2010,113.533
29/12/2010,114.254
28/12/2010,116.578
27/12/2010,117.363
24/12/2010,119.373
23/12/2010,117.347
22/12/2010,117.78
21/12/2010,118.673
20/12/2010,119.393
17/12/2010,116.634
16/12/2010,117.619
15/12/2010,119.793
14/12/2010,114.939
13/12/2010,117.417
10/12/2010,115.769
09/12/2010,116.14
08/12/2010,113.467
07/12/2010,112.325
06/12/2010,112.709
03/12/2010,111.332
02/12/2010,117.92
01/12/2010,124.118
30/11/2010,132.679
29/11/2010,125.361
26/11/2010,123.366
25/11/2010,120.241
24/11/2010,119.211
23/11/2010,122.876
22/11/2010,119.727
19/11/2010,116.592
18/11/2010,117.502
17/11/2010,119.824
16/11/2010,124.093
15/11/2010,115.869
12/11/2010,115.38
11/11/2010,115.625
10/11/2010,113.305
09/11/2010,112.781
08/11/2010,112.209
05/11/2010,102.65
04/11/2010,98.461
03/11/2010,102.673
02/11/2010,104.714
01/11/2010,105.552
29/10/2010,107.124
28/10/2010,105.26
27/10/2010,105.596
26/10/2010,102.811
25/10/2010,100.317
22/10/2010,102.921
21/10/2010,103.705
20/10/2010,104.589
19/10/2010,107.061
18/10/2010,102.778
15/10/2010,100.387
14/10/2010,96.868
13/10/2010,95.18
12/10/2010,97.355
11/10/2010,102.963
08/10/2010,101.394
07/10/2010,108.404
06/10/2010,110.025
05/10/2010,113.224
04/10/2010,116.432
01/10/2010,117.124
30/09/2010,120.521
29/09/2010,119.249
28/09/2010,117.278
27/09/2010,117.468
24/09/2010,118.716
23/09/2010,123.171
22/09/2010,118.621
21/09/2010,129.99
20/09/2010,136.115
17/09/2010,131.471
16/09/2010,116.708
15/09/2010,118.725
14/09/2010,120.419
13/09/2010,121.471
10/09/2010,124.745
09/09/2010,125.987
08/09/2010,125.135
07/09/2010,113.26
06/09/2010,107.235
03/09/2010,107.898
02/09/2010,107.837
01/09/2010,109.558
31/08/2010,116.267
30/08/2010,117.153
27/08/2010,113.257
26/08/2010,114.692
25/08/2010,105.966
24/08/2010,106.385
23/08/2010,97.038
20/08/2010,100.379
19/08/2010,101.232
18/08/2010,100.8
17/08/2010,100.784
16/08/2010,108.682
13/08/2010,110.069
12/08/2010,107.959
11/08/2010,105.645
10/08/2010,104.78
09/08/2010,103.038
06/08/2010,105.081
05/08/2010,105.847
04/08/2010,106.155
03/08/2010,106.168
02/08/2010,104.641
30/07/2010,109.297
29/07/2010,109.462
28/07/2010,112.575
27/07/2010,109.947
26/07/2010,109.63
23/07/2010,112.99
22/07/2010,113.156
21/07/2010,117.028
20/07/2010,116.409
19/07/2010,121.865
16/07/2010,121.484
15/07/2010,118.47
14/07/2010,120.045
13/07/2010,116.334
12/07/2010,122.925
09/07/2010,125.517
08/07/2010,127.496
07/07/2010,131.795
06/07/2010,136.801
05/07/2010,137.959
02/07/2010,137.697
01/07/2010,137.988
30/06/2010,137.105
29/06/2010,136.56
28/06/2010,126.118
25/06/2010,127.596
24/06/2010,133.104
23/06/2010,127.135
22/06/2010,127.663
21/06/2010,123.52
18/06/2010,124.374
17/06/2010,128.599
16/06/2010,132.147
15/06/2010,132.48
14/06/2010,134.531
11/06/2010,140.772
10/06/2010,139.687
09/06/2010,144.233
08/06/2010,147.435
07/06/2010,147.414
04/06/2010,145.751
03/06/2010,132.745
02/06/2010,133.993
01/06/2010,137.5
31/05/2010,135.208
28/05/2010,133.934
27/05/2010,132.495
26/05/2010,140.693
25/05/2010,148.867
24/05/2010,146.054
21/05/2010,148.951
20/05/2010,154.103
19/05/2010,142.167
18/05/2010,141.452
17/05/2010,131.567
14/05/2010,130.264
13/05/2010,119.6
12/05/2010,116.456
11/05/2010,126.658
10/05/2010,126.634
07/05/2010,152.29
06/05/2010,152.552
05/05/2010,132.723
04/05/2010,127.635
03/05/2010,117.265
30/04/2010,121.508
29/04/2010,119.055
28/04/2010,122.089
27/04/2010,126.5
26/04/2010,115.062
23/04/2010,113.642
22/04/2010,113.593
21/04/2010,110.278
20/04/2010,108.174
19/04/2010,111.486
16/04/2010,111.006
15/04/2010,106.798
14/04/2010,113.486
13/04/2010,115.561
12/04/2010,118.641
09/04/2010,119.912
08/04/2010,122.268
07/04/2010,122.844
06/04/2010,119.425
05/04/2010,116.715
02/04/2010,124.475
01/04/2010,123.809
31/03/2010,127.834
30/03/2010,127.522
29/03/2010,128.863
26/03/2010,130.092
25/03/2010,126.008
24/03/2010,125.038
23/03/2010,122.034
22/03/2010,122.569
19/03/2010,118.39
18/03/2010,115.009
17/03/2010,115.298
16/03/2010,117.289
15/03/2010,118.673
12/03/2010,116.399
11/03/2010,116.113
10/03/2010,116.487
09/03/2010,117.283
08/03/2010,117.555
05/03/2010,123.808
04/03/2010,126.76
03/03/2010,128.374
02/03/2010,128.557
01/03/2010,127.649
26/02/2010,131.644
25/02/2010,132.482
24/02/2010,133.84
23/02/2010,134.956
22/02/2010,130.874
19/02/2010,133.818
18/02/2010,136.631
17/02/2010,137.716
16/02/2010,136.951
15/02/2010,141.335
12/02/2010,141.475
11/02/2010,138.439
10/02/2010,142.207
09/02/2010,147.026
08/02/2010,157.34
05/02/2010,150.645
04/02/2010,152.166
03/02/2010,138.446
02/02/2010,136.856
01/02/2010,141.143
29/01/2010,145.919
28/01/2010,143.667
27/01/2010,138.174
26/01/2010,137.655
25/01/2010,130.751
22/01/2010,137.607
21/01/2010,133.6
20/01/2010,128.37
19/01/2010,125.101
18/01/2010,128.808
15/01/2010,129.272
14/01/2010,124.194
13/01/2010,119.629
12/01/2010,119.991
11/01/2010,115.524
08/01/2010,115.589
07/01/2010,116.601
06/01/2010,117.833
05/01/2010,118.159
04/01/2010,116.516
01/01/2010,123.366
31/12/2009,123.52
30/12/2009,123.358
29/12/2009,123.159
28/12/2009,123.975
25/12/2009,122.87
24/12/2009,124.21
23/12/2009,124.682
22/12/2009,122.836
21/12/2009,125.234
18/12/2009,127.11
17/12/2009,128.678
16/12/2009,124.004
15/12/2009,122.352
14/12/2009,123.974
11/12/2009,127.13
10/12/2009,128.71
09/12/2009,128.86
08/12/2009,127.43
07/12/2009,125.488
04/12/2009,125.496
03/12/2009,127.846
02/12/2009,123.247
01/12/2009,124.042
30/11/2009,131.505
27/11/2009,132.458
26/11/2009,121.214
25/11/2009,122.653
24/11/2009,121.596
23/11/2009,120.789
20/11/2009,123.908
19/11/2009,124.834
18/11/2009,122.329
17/11/2009,123.017
16/11/2009,122.557
13/11/2009,127.703
12/11/2009,128.075
11/11/2009,124.527
10/11/2009,125.031
09/11/2009,127.101
06/11/2009,137.854
05/11/2009,141.566
04/11/2009,140.213
03/11/2009,144.556
02/11/2009,142.193
30/10/2009,144.305
29/10/2009,140.54
28/10/2009,151.316
27/10/2009,149.256
26/10/2009,146.043
23/10/2009,134.27
22/10/2009,132.45
21/10/2009,133.955
20/10/2009,127.247
19/10/2009,122.255
16/10/2009,125.679
15/10/2009,122.231
14/10/2009,118.598
13/10/2009,122.768
12/10/2009,122.161
09/10/2009,122.191
08/10/2009,122.796
07/10/2009,128.284
06/10/2009,123.06
05/10/2009,132.194
02/10/2009,141.814
01/10/2009,143.184
30/09/2009,134.06
29/09/2009,137.695
28/09/2009,140.303
25/09/2009,141.152
24/09/2009,138.059
23/09/2009,131.396
22/09/2009,127.244
21/09/2009,129.243
18/09/2009,122.852
17/09/2009,122.201
16/09/2009,118.375
15/09/2009,123.899
14/09/2009,127.835
11/09/2009,131.618
10/09/2009,129.746
09/09/2009,130.161
08/09/2009,131.202
07/09/2009,141.005
04/09/2009,140.772
03/09/2009,143.714
02/09/2009,152.502
01/09/2009,154.189
31/08/2009,147.063
28/08/2009,141.168
27/08/2009,138.798
26/08/2009,137.626
25/08/2009,132.818
24/08/2009,134.424
21/08/2009,136.63
20/08/2009,144.436
19/08/2009,147.388
18/08/2009,143.126
17/08/2009,150.789
14/08/2009,144.001
13/08/2009,139.27
12/08/2009,141.719
11/08/2009,142.602
10/08/2009,128.858
07/08/2009,122.772
06/08/2009,133.316
05/08/2009,126.826
04/08/2009,128.265
03/08/2009,128.052
31/07/2009,147.341
30/07/2009,149.417
29/07/2009,154.83
28/07/2009,149.836
27/07/2009,149.755
24/07/2009,158.168
23/07/2009,157.453
22/07/2009,174.215
21/07/2009,171.154
20/07/2009,176.693
17/07/2009,183.639
16/07/2009,185.174
15/07/2009,185.088
14/07/2009,191.41
13/07/2009,197.164
10/07/2009,202.298
09/07/2009,198.282
08/07/2009,203.211
07/07/2009,193.799
06/07/2009,181.835
03/07/2009,181.835
02/07/2009,182.183
01/07/2009,175.759
30/06/2009,176.664
29/06/2009,177.217
26/06/2009,184.731
25/06/2009,189.122
24/06/2009,195.316
23/06/2009,210.294
22/06/2009,215.56
19/06/2009,196.897
18/06/2009,194.842
17/06/2009,199.065
16/06/2009,195.384
15/06/2009,187.384
12/06/2009,182.572
11/06/2009,180.607
10/06/2009,183.443
09/06/2009,185.652
08/06/2009,187.84
05/06/2009,182.66
04/06/2009,189.247
03/06/2009,192.399
02/06/2009,184.502
01/06/2009,186.838
29/05/2009,201.665
28/05/2009,208.422
27/05/2009,209.922
26/05/2009,208.669
25/05/2009,215.002
22/05/2009,215.002
21/05/2009,218.003
20/05/2009,211.24
19/05/2009,215.875
18/05/2009,222.003
15/05/2009,241.177
14/05/2009,242.001
13/05/2009,249.069
12/05/2009,241.667
11/05/2009,241.676
08/05/2009,228.56
07/05/2009,230.048
06/05/2009,233.936
05/05/2009,256.434
04/05/2009,271.158
01/05/2009,285.883
30/04/2009,286.501
29/04/2009,287.637
28/04/2009,302.891
27/04/2009,308.251
24/04/2009,298.353
23/04/2009,306.818
22/04/2009,312.821
21/04/2009,307.352
20/04/2009,311.708
17/04/2009,285.837
16/04/2009,287.515
15/04/2009,291.913
14/04/2009,285.837
13/04/2009,292.242
10/04/2009,292.713
09/04/2009,290.026
08/04/2009,306.035
07/04/2009,318.002
06/04/2009,315.153
03/04/2009,310.294
02/04/2009,335.143
01/04/2009,357.563
31/03/2009,366.342
30/03/2009,380.501
27/03/2009,359.751
26/03/2009,357.039
25/03/2009,370.955
24/03/2009,380.472
23/03/2009,367.518
20/03/2009,388.028
19/03/2009,374.332
18/03/2009,384.667
17/03/2009,392.536
16/03/2009,396.667
13/03/2009,404.827
12/03/2009,414.852
11/03/2009,428.002
10/03/2009,434.802
09/03/2009,464.251
06/03/2009,465.114
05/03/2009,465.451
04/03/2009,453.003
03/03/2009,471.805
02/03/2009,479.881
27/02/2009,449.502
26/02/2009,439.335
25/02/2009,436.835
24/02/2009,432.206
23/02/2009,455.336
20/02/2009,434.332
19/02/2009,416.198
18/02/2009,413.276
17/02/2009,423.851
16/02/2009,400.825
13/02/2009,401.446
12/02/2009,410.456
11/02/2009,396.304
10/02/2009,392.246
09/02/2009,363.667
06/02/2009,372.264
05/02/2009,395.14
04/02/2009,391.335
03/02/2009,365.341
02/02/2009,365.001
30/01/2009,361.025
29/01/2009,350.668
28/01/2009,336.318
27/01/2009,344.075
26/01/2009,342.076
23/01/2009,350.893
22/01/2009,361.876
21/01/2009,353.389
20/01/2009,365.727
19/01/2009,333.37
16/01/2009,337.788
15/01/2009,345.531
14/01/2009,346.335
13/01/2009,323.668
12/01/2009,323.875
09/01/2009,308.325
08/01/2009,310.881
07/01/2009,307.833
06/01/2009,292.951
05/01/2009,298.647
02/01/2009,299.792
01/01/2009,305.85
31/12/2008,304.175
30/12/2008,305.999
29/12/2008,307.091
26/12/2008,310.439
25/12/2008,311.109
24/12/2008,310.439
23/12/2008,309.0
22/12/2008,306.482
19/12/2008,310.902
18/12/2008,320.516
17/12/2008,329.835
16/12/2008,365.867
15/12/2008,398.051
12/12/2008,394.543
11/12/2008,375.0
10/12/2008,373.137
09/12/2008,383.701
08/12/2008,367.26
05/12/2008,413.472
04/12/2008,406.987
03/12/2008,362.548
02/12/2008,342.523
01/12/2008,362.552
28/11/2008,329.175
27/11/2008,339.175
26/11/2008,340.18
25/11/2008,345.083
24/11/2008,377.676
21/11/2008,428.556
20/11/2008,464.302
19/11/2008,425.257
18/11/2008,374.105
17/11/2008,366.543
14/11/2008,360.289
13/11/2008,349.001
12/11/2008,361.304
11/11/2008,304.33
10/11/2008,301.521
07/11/2008,301.156
06/11/2008,336.053
05/11/2008,317.077
04/11/2008,283.758
03/11/2008,311.252
31/10/2008,324.152
30/10/2008,353.919
29/10/2008,399.686
28/10/2008,466.375
27/10/2008,544.552
24/10/2008,586.276
23/10/2008,577.984
22/10/2008,564.126
21/10/2008,402.734
20/10/2008,331.426
17/10/2008,322.632
16/10/2008,325.502
15/10/2008,326.832
14/10/2008,280.003
10/10/2008,406.106
09/10/2008,351.0
08/10/2008,308.604
07/10/2008,272.051
06/10/2008,257.73
03/10/2008,211.618
02/10/2008,212.479
01/10/2008,182.916
30/09/2008,175.002
29/09/2008,200.575
26/09/2008,175.421
25/09/2008,166.677
24/09/2008,173.926
23/09/2008,175.277
22/09/2008,166.667
19/09/2008,175.459
18/09/2008,220.441
17/09/2008,267.755
16/09/2008,223.758
15/09/2008,216.0
12/09/2008,162.127
11/09/2008,162.084
10/09/2008,161.251
09/09/2008,160.33
08/09/2008,146.028
05/09/2008,152.951
04/09/2008,151.702
03/09/2008,141.665
02/09/2008,138.109
29/08/2008,134.17
28/08/2008,134.094
27/08/2008,137.104
26/08/2008,138.24
25/08/2008,138.84
22/08/2008,135.5
21/08/2008,139.069
20/08/2008,138.826
19/08/2008,138.538
18/08/2008,135.201
15/08/2008,130.174
14/08/2008,127.835
13/08/2008,127.301
12/08/2008,128.104
11/08/2008,126.501
08/08/2008,129.56
07/08/2008,127.274
06/08/2008,120.502
05/08/2008,119.351
04/08/2008,122.502
01/08/2008,118.599
31/07/2008,118.201
30/07/2008,114.236
29/07/2008,114.868
28/07/2008,118.0
25/07/2008,115.939
24/07/2008,117.326
23/07/2008,109.5
22/07/2008,110.827
21/07/2008,113.439
18/07/2008,115.335
17/07/2008,118.001
16/07/2008,122.264
15/07/2008,129.869
14/07/2008,132.502
11/07/2008,130.425
10/07/2008,129.071
09/07/2008,130.333
08/07/2008,126.252
07/07/2008,128.17
04/07/2008,129.17
03/07/2008,129.231
02/07/2008,132.009
01/07/2008,128.33
30/06/2008,124.109
27/06/2008,122.475
26/06/2008,111.33
25/06/2008,104.698
24/06/2008,106.827
23/06/2008,105.752
20/06/2008,105.569
19/06/2008,101.752
18/06/2008,102.17
17/06/2008,98.976
16/06/2008,98.334
13/06/2008,99.17
12/06/2008,99.907
11/06/2008,101.802
10/06/2008,95.376
09/06/2008,94.972
06/06/2008,92.126
05/06/2008,90.005
04/06/2008,92.036
03/06/2008,90.0
02/06/2008,89.061
30/05/2008,82.33
29/05/2008,84.501
28/05/2008,89.176
27/05/2008,92.45
26/05/2008,90.856
23/05/2008,93.175
22/05/2008,90.036
21/05/2008,90.066
20/05/2008,89.0
19/05/2008,84.333
16/05/2008,85.495
15/05/2008,91.175
14/05/2008,92.127
13/05/2008,92.9
12/05/2008,95.502
09/05/2008,99.213
08/05/2008,97.274
07/05/2008,99.871
06/05/2008,98.835
05/05/2008,100.736
02/05/2008,99.269
01/05/2008,101.45
30/04/2008,108.333
29/04/2008,111.881
28/04/2008,108.772
25/04/2008,109.5
24/04/2008,108.333
23/04/2008,111.264
22/04/2008,113.566
21/04/2008,113.675
18/04/2008,106.868
17/04/2008,112.333
16/04/2008,113.35
15/04/2008,117.5
14/04/2008,121.667
11/04/2008,125.478
10/04/2008,123.505
09/04/2008,122.0
08/04/2008,121.764
07/04/2008,118.835
04/04/2008,127.0
03/04/2008,130.167
02/04/2008,137.0
01/04/2008,147.848
31/03/2008,158.628
28/03/2008,149.741
27/03/2008,147.896
26/03/2008,150.429
25/03/2008,145.667
24/03/2008,148.424
21/03/2008,162.861
20/03/2008,161.66
19/03/2008,159.9
18/03/2008,160.633
17/03/2008,180.667
14/03/2008,179.0
13/03/2008,172.31
12/03/2008,162.848
11/03/2008,161.833
10/03/2008,170.539
07/03/2008,167.0
06/03/2008,154.576
05/03/2008,147.274
04/03/2008,151.832
03/03/2008,151.45
29/02/2008,154.333
28/02/2008,146.335
27/02/2008,144.8
26/02/2008,142.333
25/02/2008,151.376
22/02/2008,159.504
21/02/2008,161.496
20/02/2008,163.678
19/02/2008,163.5
18/02/2008,167.335
15/02/2008,165.094
14/02/2008,162.132
13/02/2008,162.374
12/02/2008,168.824
11/02/2008,175.902
08/02/2008,175.759
07/02/2008,164.069
06/02/2008,157.314
05/02/2008,156.54
04/02/2008,143.575
01/02/2008,142.566
31/01/2008,145.3
30/01/2008,140.974
29/01/2008,144.165
28/01/2008,147.724
25/01/2008,151.625
24/01/2008,156.374
23/01/2008,177.956
22/01/2008,177.374
21/01/2008,168.201
18/01/2008,163.406
17/01/2008,157.881
16/01/2008,141.0
15/01/2008,137.665
14/01/2008,132.267
11/01/2008,136.376
10/01/2008,132.998
09/01/2008,133.85
08/01/2008,130.251
07/01/2008,126.251
04/01/2008,126.111
03/01/2008,120.604
02/01/2008,118.625
01/01/2008,114.226
31/12/2007,115.566
28/12/2007,114.436
27/12/2007,114.67
26/12/2007,114.003
25/12/2007,115.604
24/12/2007,113.594
21/12/2007,112.924
20/12/2007,115.231
19/12/2007,115.333
18/12/2007,113.429
17/12/2007,116.75
14/12/2007,111.833
13/12/2007,110.801
12/12/2007,109.825
11/12/2007,116.848
10/12/2007,109.601
07/12/2007,111.203
06/12/2007,114.0
05/12/2007,119.668
04/12/2007,123.007
03/12/2007,120.251
30/11/2007,119.406
29/11/2007,128.429
28/11/2007,128.333
27/11/2007,140.668
26/11/2007,146.668
23/11/2007,142.33
22/11/2007,143.594
21/11/2007,142.627
20/11/2007,133.922
19/11/2007,135.002
16/11/2007,126.063
15/11/2007,123.843
14/11/2007,116.668
13/11/2007,116.499
12/11/2007,121.16
09/11/2007,118.67
08/11/2007,115.332
07/11/2007,113.002
06/11/2007,105.038
05/11/2007,106.499
02/11/2007,101.629
01/11/2007,97.001
31/10/2007,90.035
30/10/2007,93.249
29/10/2007,91.335
26/10/2007,92.771
25/10/2007,97.5
24/10/2007,99.665
23/10/2007,94.001
22/10/2007,96.0
19/10/2007,94.998
18/10/2007,86.124
17/10/2007,82.999
16/10/2007,80.667
15/10/2007,78.332
12/10/2007,77.231
11/10/2007,78.0
10/10/2007,77.665
09/10/2007,77.624
08/10/2007,81.335
05/10/2007,81.302
04/10/2007,85.998
03/10/2007,86.665
02/10/2007,86.363
01/10/2007,88.251
28/09/2007,89.868
27/09/2007,88.332
26/09/2007,86.998
25/09/2007,86.998
24/09/2007,86.406
21/09/2007,86.995
20/09/2007,92.749
19/09/2007,93.0
18/09/2007,99.626
17/09/2007,106.499
14/09/2007,105.998
13/09/2007,107.167
12/09/2007,114.751
11/09/2007,115.502
10/09/2007,124.832
07/09/2007,122.0
06/09/2007,114.874
05/09/2007,117.0
04/09/2007,114.124
03/09/2007,114.485
31/08/2007,113.297
30/08/2007,117.165
29/08/2007,114.165
28/08/2007,122.498
27/08/2007,106.626
24/08/2007,112.051
23/08/2007,115.875
22/08/2007,123.876
21/08/2007,139.125
20/08/2007,142.665
17/08/2007,138.806
16/08/2007,152.668
15/08/2007,136.667
14/08/2007,125.333
13/08/2007,116.498
10/08/2007,117.239
09/08/2007,113.835
08/08/2007,101.167
07/08/2007,114.593
06/08/2007,124.293
03/08/2007,119.45
02/08/2007,118.258
01/08/2007,120.916
31/07/2007,128.7
30/07/2007,129.134
27/07/2007,150.401
26/07/2007,146.367
25/07/2007,90.568
24/07/2007,89.001
23/07/2007,80.156
20/07/2007,77.393
19/07/2007,73.301
18/07/2007,74.283
17/07/2007,72.044
16/07/2007,70.833
13/07/2007,70.417
12/07/2007,70.8
11/07/2007,73.668
10/07/2007,72.744
09/07/2007,66.386
06/07/2007,67.713
05/07/2007,69.815
04/07/2007,69.525
03/07/2007,69.717
02/07/2007,70.683
29/06/2007,72.483
28/06/2007,70.266
27/06/2007,72.924
26/06/2007,71.157
25/06/2007,70.216
22/06/2007,66.668
21/06/2007,64.101
20/06/2007,62.117
19/06/2007,59.659
18/06/2007,60.971
15/06/2007,64.634
14/06/2007,66.068
13/06/2007,67.884
12/06/2007,69.143
11/06/2007,67.742
08/06/2007,68.384
07/06/2007,68.918
06/06/2007,64.799
05/06/2007,63.186
04/06/2007,61.301
01/06/2007,61.084
31/05/2007,62.165
30/05/2007,63.808
29/05/2007,63.601
28/05/2007,63.425
25/05/2007,63.551
24/05/2007,63.399
23/05/2007,61.449
22/05/2007,62.801
21/05/2007,62.657
18/05/2007,64.067
17/05/2007,65.399
16/05/2007,67.116
15/05/2007,69.216
14/05/2007,69.899
11/05/2007,69.699
10/05/2007,69.084
09/05/2007,67.284
08/05/2007,68.399
07/05/2007,67.933
04/05/2007,67.858
03/05/2007,68.583
02/05/2007,68.771
01/05/2007,69.6
30/04/2007,69.551
27/04/2007,68.417
26/04/2007,68.783
25/04/2007,66.929
24/04/2007,67.991
23/04/2007,67.018
20/04/2007,67.036
19/04/2007,68.694
18/04/2007,68.973
17/04/2007,70.143
16/04/2007,73.593
13/04/2007,74.916
12/04/2007,76.417
11/04/2007,74.946
10/04/2007,75.126
09/04/2007,76.444
06/04/2007,78.125
05/04/2007,78.834
04/04/2007,78.876
03/04/2007,79.384
02/04/2007,81.583
30/03/2007,82.533
29/03/2007,83.959
28/03/2007,85.376
27/03/2007,84.426
26/03/2007,83.619
23/03/2007,81.667
22/03/2007,81.896
21/03/2007,83.402
20/03/2007,89.028
19/03/2007,87.321
16/03/2007,90.437
15/03/2007,90.624
14/03/2007,91.936
13/03/2007,92.286
12/03/2007,86.271
09/03/2007,85.909
08/03/2007,87.952
07/03/2007,91.881
06/03/2007,93.292
05/03/2007,99.051
02/03/2007,93.972
01/03/2007,91.778
28/02/2007,90.304
27/02/2007,91.674
26/02/2007,82.464
23/02/2007,82.184
22/02/2007,81.299
21/02/2007,81.801
20/02/2007,81.459
19/02/2007,81.025
16/02/2007,80.942
15/02/2007,81.152
14/02/2007,81.078
13/02/2007,82.531
12/02/2007,84.646
09/02/2007,84.408
08/02/2007,85.133
07/02/2007,85.225
06/02/2007,86.191
05/02/2007,87.084
02/02/2007,88.25
01/02/2007,90.11
31/01/2007,92.971
30/01/2007,96.907
29/01/2007,98.297
26/01/2007,96.241
25/01/2007,94.134
24/01/2007,91.948
23/01/2007,90.769
22/01/2007,88.979
19/01/2007,88.624
18/01/2007,88.501
17/01/2007,88.833
16/01/2007,90.298
15/01/2007,90.875
12/01/2007,91.063
11/01/2007,92.771
10/01/2007,95.411
09/01/2007,94.171
08/01/2007,91.428
05/01/2007,91.453
04/01/2007,88.555
03/01/2007,86.249
02/01/2007,90.4
01/01/2007,90.667
29/12/2006,91.0
28/12/2006,90.5
27/12/2006,90.929
26/12/2006,90.833
25/12/2006,90.83
22/12/2006,91.214
21/12/2006,91.286
20/12/2006,91.368
19/12/2006,93.173
18/12/2006,93.251
15/12/2006,92.453
14/12/2006,94.429
13/12/2006,96.313
12/12/2006,95.203
11/12/2006,93.214
08/12/2006,96.055
07/12/2006,97.437
06/12/2006,97.844
05/12/2006,99.188
04/12/2006,105.156
01/12/2006,108.699
30/11/2006,104.962
29/11/2006,105.249
28/11/2006,108.536
27/11/2006,103.032
24/11/2006,99.063
23/11/2006,97.832
22/11/2006,98.499
21/11/2006,98.126
20/11/2006,99.888
17/11/2006,100.334
16/11/2006,97.144
15/11/2006,97.876
14/11/2006,99.812
13/11/2006,100.645
10/11/2006,98.929
09/11/2006,98.562
08/11/2006,101.532
07/11/2006,102.751
06/11/2006,102.161
03/11/2006,104.56
02/11/2006,107.875
01/11/2006,106.626
31/10/2006,108.531
30/10/2006,109.0
27/10/2006,103.624
26/10/2006,103.071
25/10/2006,107.2
24/10/2006,110.583
23/10/2006,109.125
20/10/2006,107.701
19/10/2006,107.701
18/10/2006,109.667
17/10/2006,112.214
16/10/2006,112.833
13/10/2006,115.083
12/10/2006,116.75
11/10/2006,120.278
10/10/2006,121.286
09/10/2006,127.333
06/10/2006,126.786
05/10/2006,127.416
04/10/2006,129.812
03/10/2006,132.062
02/10/2006,130.112
29/09/2006,133.945
28/09/2006,134.626
27/09/2006,138.858
26/09/2006,143.666
25/09/2006,151.001
22/09/2006,151.833
21/09/2006,148.626
20/09/2006,135.749
19/09/2006,122.999
18/09/2006,122.999
15/09/2006,134.143
14/09/2006,138.75
13/09/2006,139.417
12/09/2006,138.572
11/09/2006,134.714
08/09/2006,127.999
07/09/2006,126.286
06/09/2006,124.199
05/09/2006,121.214
04/09/2006,126.333
01/09/2006,123.715
31/08/2006,123.4
30/08/2006,130.501
29/08/2006,134.4
28/08/2006,133.567
25/08/2006,134.07
24/08/2006,133.675
23/08/2006,127.392
22/08/2006,123.12
21/08/2006,120.812
18/08/2006,118.646
17/08/2006,117.506
16/08/2006,120.768
15/08/2006,125.021
14/08/2006,125.467
11/08/2006,125.948
10/08/2006,124.825
09/08/2006,124.71
08/08/2006,128.425
07/08/2006,128.74
04/08/2006,127.08
03/08/2006,130.075
02/08/2006,130.082
01/08/2006,138.102
31/07/2006,137.309
28/07/2006,136.147
27/07/2006,134.948
26/07/2006,136.931
25/07/2006,141.031
24/07/2006,141.068
21/07/2006,145.076
20/07/2006,146.167
19/07/2006,156.215
18/07/2006,167.168
17/07/2006,174.084
14/07/2006,172.548
13/07/2006,172.08
12/07/2006,162.391
11/07/2006,160.905
10/07/2006,162.674
07/07/2006,164.551
06/07/2006,164.502
05/07/2006,169.874
04/07/2006,163.667
03/07/2006,163.287
30/06/2006,171.914
29/06/2006,179.586
28/06/2006,195.547
27/06/2006,203.607
26/06/2006,200.083
23/06/2006,189.168
22/06/2006,181.666
21/06/2006,176.749
20/06/2006,175.899
19/06/2006,176.667
16/06/2006,177.073
15/06/2006,175.804
14/06/2006,186.706
13/06/2006,190.404
12/06/2006,186.072
09/06/2006,182.667
08/06/2006,185.986
07/06/2006,184.281
06/06/2006,186.035
05/06/2006,183.757
02/06/2006,188.123
01/06/2006,188.9
31/05/2006,205.555
30/05/2006,196.533
29/05/2006,180.0
26/05/2006,178.219
25/05/2006,182.416
24/05/2006,196.979
23/05/2006,193.506
22/05/2006,192.743
19/05/2006,186.934
18/05/2006,186.371
17/05/2006,179.149
16/05/2006,171.318
15/05/2006,183.391
12/05/2006,170.626
11/05/2006,161.999
10/05/2006,153.917
09/05/2006,157.747
08/05/2006,155.514
05/05/2006,163.278
04/05/2006,170.969
03/05/2006,168.645
02/05/2006,168.6
01/05/2006,169.375
28/04/2006,169.418
27/04/2006,171.513
26/04/2006,178.532
25/04/2006,184.829
24/04/2006,190.21
21/04/2006,183.604
20/04/2006,180.508
19/04/2006,179.108
18/04/2006,188.001
17/04/2006,206.199
14/04/2006,210.083
13/04/2006,210.083
12/04/2006,208.715
11/04/2006,218.917
10/04/2006,226.801
07/04/2006,240.75
06/04/2006,249.418
05/04/2006,247.916
04/04/2006,235.769
03/04/2006,226.499
31/03/2006,219.05
30/03/2006,215.999
29/03/2006,214.532
28/03/2006,220.357
27/03/2006,234.505
24/03/2006,238.431
23/03/2006,235.356
22/03/2006,228.943
21/03/2006,234.624
20/03/2006,229.717
17/03/2006,200.08
16/03/2006,190.047
15/03/2006,186.656
14/03/2006,189.697
13/03/2006,188.038
10/03/2006,171.981
09/03/2006,174.895
08/03/2006,175.679
07/03/2006,169.835
06/03/2006,162.288
03/03/2006,142.963
02/03/2006,141.037
01/03/2006,130.238
28/02/2006,127.86
27/02/2006,114.98
24/02/2006,118.616
23/02/2006,116.661
22/02/2006,126.253
21/02/2006,125.492
20/02/2006,128.75
17/02/2006,126.283
16/02/2006,129.262
15/02/2006,132.381
14/02/2006,135.248
13/02/2006,134.579
10/02/2006,130.822
09/02/2006,141.05
08/02/2006,144.922
07/02/2006,145.142
06/02/2006,141.526
03/02/2006,151.395
02/02/2006,154.625
01/02/2006,161.071
31/01/2006,164.774
30/01/2006,164.719
27/01/2006,167.874
26/01/2006,166.524
25/01/2006,185.617
24/01/2006,186.866
23/01/2006,197.244
20/01/2006,203.399
19/01/2006,199.369
18/01/2006,217.877
17/01/2006,221.04
13/01/2006,227.61
12/01/2006,216.717
11/01/2006,208.027
10/01/2006,211.073
09/01/2006,213.172
06/01/2006,208.214
05/01/2006,208.051
04/01/2006,221.667
03/01/2006,223.264
30/12/2005,221.371
29/12/2005,221.466
28/12/2005,222.08
27/12/2005,214.499
23/12/2005,214.388
22/12/2005,205.711
21/12/2005,217.2
20/12/2005,228.228
19/12/2005,219.82
16/12/2005,218.21
15/12/2005,206.911
14/12/2005,186.965
13/12/2005,181.686
12/12/2005,166.295
09/12/2005,153.671
08/12/2005,154.749
07/12/2005,151.89
06/12/2005,153.652
05/12/2005,152.074
02/12/2005,150.557
01/12/2005,152.435
30/11/2005,154.546
29/11/2005,157.52
28/11/2005,154.78
25/11/2005,151.345
24/11/2005,150.106
23/11/2005,150.106
22/11/2005,152.454
21/11/2005,153.422
18/11/2005,153.699
17/11/2005,154.507
16/11/2005,155.351
15/11/2005,158.127
14/11/2005,161.537
11/11/2005,157.867
10/11/2005,157.867
09/11/2005,159.01
08/11/2005,161.566
07/11/2005,165.099
04/11/2005,165.946
03/11/2005,165.14
02/11/2005,165.929
01/11/2005,167.193
31/10/2005,170.176
28/10/2005,177.659
27/10/2005,185.195
26/10/2005,191.723
25/10/2005,191.874
24/10/2005,198.827
21/10/2005,205.452
20/10/2005,201.276
19/10/2005,199.287
18/10/2005,204.508
17/10/2005,199.6
14/10/2005,202.677
13/10/2005,184.737
12/10/2005,166.263
11/10/2005,149.108
10/10/2005,142.25
07/10/2005,149.781
06/10/2005,148.812
05/10/2005,135.302
04/10/2005,129.385
03/10/2005,127.334
30/09/2005,128.901
29/09/2005,130.301
28/09/2005,134.083
27/09/2005,134.062
26/09/2005,132.16
23/09/2005,133.918
22/09/2005,135.414
21/09/2005,134.602
20/09/2005,136.332
19/09/2005,136.41
16/09/2005,137.501
15/09/2005,137.877
14/09/2005,137.438
13/09/2005,139.767
12/09/2005,137.175
09/09/2005,136.693
08/09/2005,141.701
07/09/2005,145.577
06/09/2005,149.0
02/09/2005,152.953
01/09/2005,154.5
31/08/2005,155.789
30/08/2005,155.849
29/08/2005,154.783
26/08/2005,156.089
25/08/2005,155.209
24/08/2005,157.699
23/08/2005,155.209
22/08/2005,154.742
19/08/2005,159.648
18/08/2005,159.452
17/08/2005,156.484
16/08/2005,158.129
15/08/2005,156.168
12/08/2005,163.51
11/08/2005,161.329
10/08/2005,151.751
09/08/2005,155.867
08/08/2005,155.654
05/08/2005,162.221
04/08/2005,161.174
03/08/2005,162.253
02/08/2005,160.434
01/08/2005,166.566
29/07/2005,165.148
28/07/2005,172.977
27/07/2005,176.056
26/07/2005,179.87
25/07/2005,173.21
22/07/2005,172.932
21/07/2005,175.258
20/07/2005,175.613
19/07/2005,176.109
18/07/2005,172.036
15/07/2005,179.254
14/07/2005,180.878
13/07/2005,182.498
12/07/2005,183.249
11/07/2005,183.503
08/07/2005,190.168
07/07/2005,190.359
06/07/2005,195.694
05/07/2005,193.747
04/07/2005,195.0
01/07/2005,188.666
30/06/2005,191.799
29/06/2005,190.794
28/06/2005,195.349
27/06/2005,192.958
24/06/2005,197.169
23/06/2005,198.647
22/06/2005,202.68
21/06/2005,200.095
20/06/2005,199.161
17/06/2005,202.403
16/06/2005,200.87
15/06/2005,202.293
14/06/2005,206.053
13/06/2005,201.347
10/06/2005,199.043
09/06/2005,201.982
08/06/2005,202.461
07/06/2005,205.72
06/06/2005,206.98
03/06/2005,200.124
02/06/2005,199.237
01/06/2005,211.186
31/05/2005,207.532
27/05/2005,213.669
26/05/2005,214.58
25/05/2005,211.459
24/05/2005,216.641
23/05/2005,217.543
20/05/2005,219.333
19/05/2005,217.708
18/05/2005,222.59
17/05/2005,225.272
16/05/2005,227.875
13/05/2005,218.833
12/05/2005,220.375
11/05/2005,222.875
10/05/2005,208.75
09/05/2005,216.375
06/05/2005,215.5
05/05/2005,222.833
04/05/2005,224.875
03/05/2005,224.5
02/05/2005,231.5
29/04/2005,236.0
28/04/2005,236.5
27/04/2005,242.875
26/04/2005,239.75
25/04/2005,243.833
22/04/2005,240.5
21/04/2005,246.5
20/04/2005,256.75
19/04/2005,256.502
18/04/2005,262.501
15/04/2005,268.25
14/04/2005,265.332
13/04/2005,253.333
12/04/2005,256.835
11/04/2005,259.165
08/04/2005,257.835
07/04/2005,257.499
06/04/2005,262.833
05/04/2005,265.501
04/04/2005,258.249
01/04/2005,251.999
31/03/2005,257.002
30/03/2005,257.333
29/03/2005,267.168
28/03/2005,269.999
25/03/2005,265.749
24/03/2005,265.749
23/03/2005,257.376
22/03/2005,246.749
21/03/2005,245.832
18/03/2005,233.499
17/03/2005,240.335
16/03/2005,239.002
15/03/2005,227.751
14/03/2005,210.667
11/03/2005,197.75
10/03/2005,198.665
09/03/2005,196.835
08/03/2005,192.126
07/03/2005,197.251
04/03/2005,199.832
03/03/2005,200.96
02/03/2005,205.624
01/03/2005,209.749
28/02/2005,211.5
25/02/2005,215.0
24/02/2005,214.75
23/02/2005,218.665
22/02/2005,215.332
21/02/2005,218.5
18/02/2005,212.335
17/02/2005,216.833
16/02/2005,219.001
15/02/2005,219.5
14/02/2005,221.833
11/02/2005,220.667
10/02/2005,221.125
09/02/2005,218.625
08/02/2005,218.625
07/02/2005,223.833
04/02/2005,230.125
03/02/2005,229.125
02/02/2005,232.625
01/02/2005,229.625
31/01/2005,227.167
28/01/2005,226.333
27/01/2005,227.5
26/01/2005,218.75
25/01/2005,224.125
24/01/2005,224.75
21/01/2005,228.5
20/01/2005,231.625
19/01/2005,232.333
18/01/2005,225.5
17/01/2005,226.333
14/01/2005,224.083
13/01/2005,224.75
12/01/2005,233.0
11/01/2005,244.0
10/01/2005,240.333
07/01/2005,223.375
06/01/2005,219.75
05/01/2005,206.333
04/01/2005,201.625
03/01/2005,202.167
31/12/2004,204.0
30/12/2004,204.0
29/12/2004,205.333
28/12/2004,204.125
27/12/2004,203.0
24/12/2004,206.333
23/12/2004,203.5
22/12/2004,203.5
21/12/2004,203.5
20/12/2004,204.75
17/12/2004,206.0
16/12/2004,206.0
15/12/2004,206.0
14/12/2004,212.75
13/12/2004,219.75
10/12/2004,219.75
09/12/2004,217.25
08/12/2004,217.25
07/12/2004,222.25
06/12/2004,230.5
03/12/2004,229.75
01/12/2004,237.167
30/11/2004,236.667
29/11/2004,241.625
26/11/2004,241.333
25/11/2004,240.5
24/11/2004,242.875
23/11/2004,256.625
22/11/2004,249.5
19/11/2004,256.333
18/11/2004,244.667
17/11/2004,266.0
16/11/2004,261.333
15/11/2004,269.75
12/11/2004,271.0
11/11/2004,279.5
10/11/2004,276.0
09/11/2004,284.75
08/11/2004,281.333
05/11/2004,287.25
04/11/2004,283.667
03/11/2004,290.25
02/11/2004,292.25
01/11/2004,297.25
29/10/2004,301.625
28/10/2004,297.167
27/10/2004,303.0
26/10/2004,304.125
25/10/2004,305.625
22/10/2004,318.0
21/10/2004,309.554
20/10/2004,298.5
19/10/2004,299.667
18/10/2004,296.333
15/10/2004,293.0
14/10/2004,294.667
13/10/2004,289.667
12/10/2004,288.0
11/10/2004,289.5
08/10/2004,291.0
07/10/2004,289.5
06/10/2004,296.333
05/10/2004,284.5
04/10/2004,300.5
01/10/2004,305.5
30/09/2004,323.0
29/09/2004,316.333
28/09/2004,318.5
27/09/2004,323.5
24/09/2004,323.0
23/09/2004,322.25
22/09/2004,309.75
21/09/2004,313.5
20/09/2004,309.667
17/09/2004,313.0
16/09/2004,318.5
15/09/2004,318.0
14/09/2004,326.333
13/09/2004,341.333
09/09/2004,335.0
08/09/2004,345.0
07/09/2004,350.0
06/09/2004,352.5
03/09/2004,341.0
02/09/2004,343.333
01/09/2004,346.667
31/08/2004,352.5
30/08/2004,347.25
27/08/2004,350.375
26/08/2004,362.5
25/08/2004,360.0
24/08/2004,358.0
23/08/2004,371.0
20/08/2004,368.0
19/08/2004,370.0
18/08/2004,396.179
17/08/2004,402.137
16/08/2004,402.839
13/08/2004,403.377
12/08/2004,401.169
11/08/2004,401.504
10/08/2004,397.765
09/08/2004,406.174
06/08/2004,407.833
05/08/2004,423.341
04/08/2004,412.788
03/08/2004,411.122
02/08/2004,427.083
30/07/2004,421.11
29/07/2004,430.823
28/07/2004,424.427
27/07/2004,429.122
26/07/2004,421.104
23/07/2004,419.444
22/07/2004,421.108
21/07/2004,421.093
20/07/2004,414.453
19/07/2004,414.469
16/07/2004,414.47
15/07/2004,424.426
14/07/2004,427.762
13/07/2004,429.432
12/07/2004,436.657
09/07/2004,439.154
08/07/2004,439.435
07/07/2004,429.434
06/07/2004,427.768
02/07/2004,437.771
01/07/2004,442.745
30/06/2004,441.071
29/06/2004,451.06
28/06/2004,442.719
25/06/2004,441.07
24/06/2004,424.403
23/06/2004,432.736
22/06/2004,466.042
21/06/2004,471.037
18/06/2004,481.006
17/06/2004,479.339
16/06/2004,487.659
15/06/2004,489.334
14/06/2004,509.27
10/06/2004,524.289
09/06/2004,522.629
08/06/2004,522.641
07/06/2004,537.603
04/06/2004,548.832
03/06/2004,566.323
02/06/2004,573.798
01/06/2004,583.833
28/05/2004,570.889
27/05/2004,574.234
26/05/2004,567.546
25/05/2004,563.814
24/05/2004,591.284
21/05/2004,592.512
20/05/2004,565.936
19/05/2004,554.257
18/05/2004,552.596
17/05/2004,555.927
14/05/2004,550.908
13/05/2004,572.534
12/05/2004,562.572
11/05/2004,559.239
10/05/2004,605.833
07/05/2004,565.896
06/05/2004,550.983
05/05/2004,467.717
04/05/2004,462.722
03/05/2004,469.397
30/04/2004,466.067
29/04/2004,432.837
28/04/2004,431.147
27/04/2004,416.194
26/04/2004,389.518
23/04/2004,389.519
22/04/2004,389.532
21/04/2004,391.193
20/04/2004,396.184
19/04/2004,397.852
16/04/2004,397.847
15/04/2004,397.847
14/04/2004,377.885
13/04/2004,369.362
12/04/2004,374.359
08/04/2004,382.906
07/04/2004,382.906
06/04/2004,381.242
05/04/2004,382.899
02/04/2004,384.574
01/04/2004,386.278
31/03/2004,386.287
30/03/2004,389.608
29/03/2004,394.61
26/03/2004,392.945
25/03/2004,394.63
24/03/2004,391.3
23/03/2004,391.3
22/03/2004,391.299
19/03/2004,389.624
18/03/2004,394.435
17/03/2004,389.446
16/03/2004,389.447
15/03/2004,389.43
12/03/2004,389.435
11/03/2004,389.45
10/03/2004,369.44
09/03/2004,369.44
08/03/2004,369.43
04/03/2004,374.359
03/03/2004,374.352
02/03/2004,374.356
01/03/2004,374.368
27/02/2004,366.894
26/02/2004,366.886
25/02/2004,366.891
24/02/2004,339.386
23/02/2004,339.383
19/02/2004,336.894
18/02/2004,334.398
17/02/2004,331.908
13/02/2004,331.907
12/02/2004,326.92
11/02/2004,326.921
10/02/2004,326.901
09/02/2004,326.912
06/02/2004,326.905
05/02/2004,326.889
04/02/2004,319.425
03/02/2004,314.447
02/02/2004,294.504
30/01/2004,294.497
29/01/2004,294.497
28/01/2004,279.553
27/01/2004,279.574
23/01/2004,279.575
22/01/2004,279.587
21/01/2004,284.517
20/01/2004,282.021
16/01/2004,279.531
15/01/2004,279.541
14/01/2004,279.541
13/01/2004,279.544
12/01/2004,279.531
09/01/2004,282.022
08/01/2004,281.99
07/01/2004,289.465
06/01/2004,289.462
05/01/2004,289.443
02/01/2004,291.932
