date,country,GaR,prob_neg,ES,ER,mean,std,iqr_05_95,skew,kurt,GaR_st,mean_st,std_st,scale_st,alpha_st,nu_st,skew_st,sse_st,n_train,quarter
01/03/2003,BRAZIL,,,,,,,,,,,,,,,,,,45,2003Q1
01/03/2004,BRAZIL,,,,,,,,,,,,,,,,,,70,2004Q1
01/03/2005,BRAZIL,,,,,,,,,,,,,,,,,,98,2005Q1
01/03/2006,BRAZIL,,,,,,,,,,,,,,,,,,129,2006Q1
01/03/2007,BRAZIL,,,,,,,,,,,,,,,,,,163,2007Q1
01/03/2008,BRAZIL,0.042206886498819526,0.0,0.03538383760790433,0.07577624600962307,0.05657324692554795,0.010814860951082047,0.033526553627098984,0.13962944872353114,0.9273530553116902,0.041269800255912224,0.058199738200715924,0.010280675985733605,0.010280821227267622,-0.009023058893240276,234037524822777.84,-0.009022691606827475,2.7956823014657883e-06,205,2008Q1
01/03/2009,BRAZIL,-0.05891993330143019,0.655643519083312,-0.059400034674056496,0.039752847000413614,-0.007742043214323883,0.021093086394545414,0.08352234190690798,-0.2778034674569155,1.5899777945603308,-0.05891993338906332,-0.011110338821747799,0.0302824342817022,0.023463476071569806,-1.3290328337175608,3.4687006266673714,-0.7990682090350317,8.298278425649966e-19,251,2009Q1
01/03/2010,BRAZIL,0.06422742740891331,0.0,0.06001268935975461,0.09245290433972371,0.07815760035858603,0.009610354446545897,0.026943297651745413,-0.253573184845922,0.9032821153178743,0.06401240000518404,0.07782054421878844,0.008394142455200477,0.008394761326391775,-0.015976743266165577,133115.39349622594,-0.015974704574060132,1.62971872573033e-06,301,2010Q1
01/03/2011,BRAZIL,0.03585989886512395,0.0,0.031005713701668353,0.0801142482218093,0.055680690927073645,0.010865406009551196,0.03806907587681357,-0.03686452712061714,1.3165769804292915,0.035859898938965996,0.055459023081981855,0.011763329292147068,0.011349517084957886,-0.57535321456847,9.652174121955918,-0.49870119195830354,3.607770002804622e-20,357,2011Q1
01/03/2012,BRAZIL,0.009858719837473804,0.0,0.004826250791542436,0.05777390841986873,0.03021353646562616,0.014555904034979979,0.0432567405438187,-0.05475816125034266,1.1766210316542203,0.008625083660955992,0.03058577745343742,0.013350906195490017,0.013351254562481164,-0.009023058892931937,1895184467160.2578,-0.009022691606519175,4.785272991755844e-06,415,2012Q1
01/03/2013,BRAZIL,0.01672828837327481,0.0,0.013273414434651484,0.06597223061757387,0.03458200134015884,0.013715784899466659,0.039013919455785154,0.018853426784633167,1.0309393972287062,0.015050262129465704,0.034996451776930476,0.012125997425488212,0.012130690460151337,-0.034882421100993204,21991569.195240166,-0.03486121827470393,8.819348081776305e-06,475,2013Q1
01/03/2014,BRAZIL,0.018347863060238445,0.0,0.016352179422610164,0.060293174481941894,0.03696892861606601,0.011841005752051513,0.039064674090735226,-0.054480664177908686,1.1517490795913847,0.01832205216780323,0.036810426376829165,0.011907725749305303,0.015892865752981402,1.4884223686574192,320416.745760141,0.8300583198526644,7.197795770627663e-09,535,2014Q1
01/03/2015,BRAZIL,-0.02327762270204211,0.5719091487189746,-0.030062554579923975,0.02709551560803499,-0.0023545529276470757,0.012359004837391663,0.047761967860052754,0.13205145014892525,1.2449767692107878,-0.024773129517124716,-0.0009000892958100444,0.015892900114413133,0.011280541072155505,0.0036695490809216073,4.030561735853243,0.0036695243748485753,8.96284964065342e-06,595,2015Q1
01/03/2016,BRAZIL,-0.047583808661135846,0.9461020912082819,-0.050292823821283285,0.005303293079485357,-0.024524411404852946,0.012189438411051677,0.04852870535777222,-0.025641745479559126,1.2904372013935648,-0.04758380834569246,-0.02446735777741624,0.017048671202605458,0.011403851510967535,0.4120906842774118,3.434393459927783,0.381007488246401,9.758314377013169e-19,655,2016Q1
01/03/2017,BRAZIL,-0.0076081596258852635,0.1630772589123281,-0.010921637801556954,0.03639121182993822,0.010584735206502823,0.010725125453454557,0.03722653783798903,0.03447168859960377,1.2374797554169452,-0.007608159398982689,0.010368241187572642,0.011465138098018983,0.01165666587552337,0.7110561750355266,11.37393500400771,0.579494050812545,1.9983366336870293e-19,721,2017Q1
01/03/2018,BRAZIL,-0.0018205665404766591,0.06259979165591342,-0.008912714239091398,0.050656258391549164,0.019500218519373023,0.01188170028890604,0.045015886513618,-0.06419712548071026,1.3266717628897302,-0.0018205664648887968,0.019459499822679978,0.014709849512963283,0.011793995467992218,0.5699870042831219,4.545697005962513,0.495194522251102,1.8720469443882202e-19,789,2018Q1
01/03/2019,BRAZIL,-0.0030925627572746944,0.08840643848034943,-0.00835127339592033,0.04018775185658109,0.014035067020088443,0.009871952295934596,0.03554252077089721,0.029404274331679216,1.2843283445593343,-0.0030925628094188346,0.013879098627074527,0.011137630982645435,0.010307670470033942,0.650417516511135,6.897713682066353,0.5452343709016381,6.64812217427263e-19,857,2019Q1
01/03/2020,BRAZIL,-0.0592875248403832,0.4980502626257621,-0.06894124270206202,0.051744029869861104,-0.003992658073913395,0.0231004048844035,0.0925425534559299,-0.12599597284409964,1.5507649241813954,-0.05741261363256447,-0.004668521265327595,0.02804881927415836,0.04459795990511746,-4.3347852032143805,1030432649.5150076,-0.9744076945671106,2.4875019305920904e-05,925,2020Q1
01/03/2021,BRAZIL,-0.009992114317237982,0.09250362094724156,-0.019151111030326382,0.055021779539624976,0.01880851053574393,0.011992026518083822,0.05398305588520491,0.09911500140889909,1.507841815196892,-0.009984625510053944,0.017953346068802126,0.04763100648134571,0.010439316753299798,-0.3312704296599156,2.1,-0.31446479461310045,1.2131821541292848e-09,993,2021Q1
01/03/2022,BRAZIL,-0.03186174686627477,0.2145111371843425,-0.04340655305927055,0.0618652410335999,0.011715791810365804,0.014421120880736642,0.07593792528443512,-0.06873552163898758,1.7518010690962889,-0.03133605816077384,0.008965503047059313,0.06965609777427242,0.015415810809118021,-0.680684549295909,2.1000000000000134,-0.562696920839506,5.7108627876550805e-06,1061,2022Q1
01/03/2023,BRAZIL,0.003164061777747529,0.04369027386430569,-0.009372384772001816,0.08572102628964001,0.03712764797509471,0.011585783121314972,0.06185865069237058,-0.09091128309825494,1.7999663923832507,0.003605248057651354,0.03559969897163193,0.05469197506051475,0.012023112794812673,-0.44760043520386716,2.100000000000037,-0.40854250575629214,4.139224585604459e-06,1129,2023Q1
01/03/2024,BRAZIL,0.015459721732352542,0.0,0.007500575784292866,0.07863605285359415,0.03463063706280015,0.009081921220134678,0.04238663715001942,0.08003126034772277,1.5036351617574684,0.015525586190652911,0.03532795695711237,0.03854758599609429,0.008503570315272595,0.5693208481738892,2.1,0.49475750827825915,1.3718560611808054e-07,1197,2024Q1
01/03/2025,BRAZIL,-0.0011225979720061452,0.054819897288148504,-0.01686937544005753,0.08192757609978717,0.03503925942740099,0.01269218257734446,0.0667580957793931,-0.043996157381458664,1.7746915396112855,-0.0006859660227566519,0.03384520173277653,0.059009823556224666,0.012969015519375593,-0.4383558105019708,2.1,-0.40147661755834624,4.082453210631192e-06,1265,2025Q1
01/03/2026,BRAZIL,-0.03311114156437838,0.19676636008394865,-0.05454834321198268,0.07927793630559882,0.015698504323211234,0.01682176628876704,0.0906879358230428,-0.012894066789121243,1.7654282532473802,-0.032421134752814544,0.014073637133639263,0.07931523010942064,0.017400605793446593,-0.37103397000344895,2.1,-0.34786140300094603,9.663370743141965e-06,1332,2026Q1
01/06/2003,BRAZIL,,,,,,,,,,,,,,,,,,50,2003Q2
01/06/2004,BRAZIL,,,,,,,,,,,,,,,,,,77,2004Q2
01/06/2005,BRAZIL,,,,,,,,,,,,,,,,,,105,2005Q2
01/06/2006,BRAZIL,,,,,,,,,,,,,,,,,,137,2006Q2
01/06/2007,BRAZIL,,,,,,,,,,,,,,,,,,172,2007Q2
01/06/2008,BRAZIL,0.045302668070120136,0.0,0.03903569706538978,0.07469239784799707,0.058002382154369606,0.008540058339126553,0.028866734757123133,-0.0865552086966897,1.2117379160638437,0.04530266802357277,0.05783506359901569,0.008921152331652972,0.012707345040582602,2.595201295780921,27.16649846947072,0.9331230807485529,6.889682376651866e-21,216,2008Q2
01/06/2009,BRAZIL,-0.031661443328170356,0.37695049427008437,-0.04011847127623762,0.02571936291660113,0.0008782542203082085,0.01037193544673903,0.05726014024071691,-0.5978027485329,1.8992153383113346,-0.031166485670341408,-0.0013150864753897432,0.05122514753767401,0.01129151506731977,-0.5427652962470731,2.1,-0.47702951274351796,4.962363338576502e-06,263,2009Q2
01/06/2010,BRAZIL,0.04098621284231524,0.0,0.028663769791277327,0.08732407262890353,0.06224566916265036,0.01976797012141396,0.04254268244264077,-0.26278726504922983,1.1195355804878535,0.03930760136198626,-134050498.03184974,,0.013915689635098004,-0.009023058899198981,3.581005937280782e+24,-0.009022691612785454,3.641261113075345e-05,314,2010Q2
01/06/2011,BRAZIL,0.03071170148812311,0.0,0.02892898947992355,0.07828066913067189,0.05178295430221794,0.010027252274829205,0.03916919478178764,-0.059784575398338924,1.4656540583522468,0.030711701262016774,0.051041286223241694,0.013279768260136302,0.009384447583608964,-0.3525527367993482,3.791446017144631,-0.33249433752602237,2.6370784096538867e-19,371,2011Q2
01/06/2012,BRAZIL,-0.002269216433493577,0.06782165116308639,-0.0055880345762513925,0.051755846295966614,0.021674950816870854,0.016446884406657404,0.04827663369795326,-0.06195535685466102,1.0662809604862102,-0.002905875932358005,0.02165204653338522,0.014929305018111126,0.014929687688917129,-0.00902305889351708,5514776721283.723,-0.009022691607104246,2.633775085564351e-06,430,2012Q2
01/06/2013,BRAZIL,0.014448806503541087,0.0,0.012705996332856474,0.07347220698594625,0.03880725011685286,0.014157733386119014,0.044086650989612286,-0.032247693032760746,1.322107384588998,0.015545831786350873,0.0377686957916604,0.013509549433174091,0.013510645032206642,-0.015962875915887714,4783689317.489462,-0.015960842527077652,6.959424919490702e-06,490,2013Q2
01/06/2014,BRAZIL,-0.008269520006221994,0.15006111254369794,-0.012353644988882199,0.03789032687718319,0.01106353887795608,0.012771810635619404,0.04353729992888694,-0.08145634896504182,1.1372572372735508,-0.008269519863747974,0.010964134530039218,0.013437352275017057,0.018330223548964762,2.1938652176134417,21.117397830499005,0.9099302759204877,4.6028352098606674e-20,550,2014Q2
01/06/2015,BRAZIL,-0.02814397472650259,0.7260079423354695,-0.04167467062098168,0.023818596429661536,-0.008058004905484263,0.014564603226596012,0.04784175551597732,0.1145577578615707,1.18316710048144,-0.030136102885685318,-0.00619986782107686,0.014557845602434269,0.014478366442011694,0.0014682909715751362,183.644105805004,0.0014682893888493167,1.5630477681729544e-05,610,2015Q2
01/06/2016,BRAZIL,-0.03414904290580821,0.8277271868972765,-0.03824262226775082,0.018321747870721175,-0.011769238138339097,0.012175516181466206,0.04488577015387394,-0.03010645016939528,1.249016449262053,-0.03414904314550752,-0.012161269383749769,0.014256922269101092,0.011596212016018051,0.2573555446182173,5.537469803781071,0.24923423568935524,1.2617352882646028e-19,671,2016Q2
01/06/2017,BRAZIL,-0.004544410909169974,0.10200507192156288,-0.0066211419095067595,0.03868814328454156,0.01357413275868737,0.010205188891879376,0.035535910730297535,0.05729300268955556,1.2659540398448021,-0.004544410667567641,0.01328347807076577,0.010946995568817628,0.009874847091480453,-0.08261554532673454,10.548503020134696,-0.08233504130086539,1.2132909965340474e-19,738,2017Q2
01/06/2018,BRAZIL,-0.003130306458955765,0.07982298021184264,-0.006846192915667643,0.04423987890515251,0.01737404877602408,0.011223818861697434,0.040614113252776474,-0.0389734866174856,1.294206637589308,-0.003130305802966458,0.017226039055827883,0.012735947909912403,0.01060841914699225,-0.03670341445397372,6.520493093006545,-0.036678717073824876,5.483948989278595e-19,806,2018Q2
01/06/2019,BRAZIL,-0.0005262005332926332,0.055697085174791015,-0.005320603059232803,0.04140567033640455,0.015809209471165635,0.00997136211618446,0.035868158389760374,0.009321454065919006,1.3075659552506504,-0.0005262003842962609,0.01570720461407582,0.011302722688931227,0.011988053537518214,1.2875385320588726,7.129842005270715,0.7897738040345197,2.95217867243309e-19,874,2019Q2
01/06/2020,BRAZIL,-0.1355840971786949,1.0,-0.15590760578297172,-0.04035131429744415,-0.08608568166760726,0.020388804926497587,0.09196382982806509,0.3576221723187882,1.4696893395116348,-0.13553688731967187,-0.08622733241121737,0.08515334173863726,0.018837409541500573,-0.6656485754965671,2.1,-0.5541133267958458,4.68383221747197e-08,942,2020Q2
01/06/2021,BRAZIL,0.07086539075555358,0.0,0.04401060420702233,0.10470011230030747,0.09609706141089942,0.00327589474694262,0.03382655020981039,-0.04141983298446899,2.947425595914442,0.07287494138276793,0.09443288807594738,0.041062529226840276,0.009381519544112779,-147296.4533380911,2.1,-0.9999999999769544,3.633396621533248e-05,1010,2021Q2
01/06/2022,BRAZIL,-0.04051895601252601,0.14981632836050174,-0.05851909805612719,0.07137654972882393,0.022700394374750795,0.01769173039524829,0.1008303547545962,-0.2235536484062184,1.9628381834809976,-0.039383794662537976,0.017820935798309925,0.10333762371574047,0.02327500977582904,-1.5238720738979643,2.1,-0.8360582410835534,2.3875467407480952e-05,1078,2022Q2
01/06/2023,BRAZIL,0.008498304891755466,0.0,0.0018351696707962527,0.08101942504180429,0.03371781155886196,0.00991589795031544,0.04934450709804487,-0.006436126883943632,1.5911693557684568,0.008696305558661976,0.03311268780182197,0.0423171871864013,0.009234596514625423,0.02379454282194434,2.1000000000000596,0.023787809680621115,9.232937752544279e-07,1146,2023Q2
01/06/2024,BRAZIL,-0.004420876471249585,0.07321388813876564,-0.012740911757805534,0.07349965293145394,0.029016246751109816,0.011677591700524948,0.060739996885743136,-0.05480506237375241,1.7570954792527942,-0.004045810591844145,0.027455197737824254,0.053862323268322035,0.011843289276949113,-0.4553976964060365,2.100000000001279,-0.41444563559896286,2.9716966465258797e-06,1214,2024Q2
01/06/2025,BRAZIL,0.0038495299394216316,0.04097291306183711,-0.006811522639864405,0.07309389916752361,0.02768028044115031,0.010638422310857628,0.050244852519930966,0.08953476369004819,1.5768306083913113,0.003947110009464228,0.02814552650461266,0.04404837293863669,0.009649005275399563,0.3085572937126049,2.1,0.2948408072938102,2.5696853317523865e-07,1282,2025Q2
01/09/2003,BRAZIL,,,,,,,,,,,,,,,,,,55,2003Q3
01/09/2004,BRAZIL,,,,,,,,,,,,,,,,,,84,2004Q3
01/09/2005,BRAZIL,,,,,,,,,,,,,,,,,,113,2005Q3
01/09/2006,BRAZIL,,,,,,,,,,,,,,,,,,145,2006Q3
01/09/2007,BRAZIL,0.03728630607324122,0.0,0.03669953730558758,0.07478589497740935,0.05573123676951009,0.00840335470172324,0.03629173552903083,0.15373442636883733,1.3111430659723833,0.03728630613823815,0.05554642159543294,0.017182001071364705,0.007273460645313477,-0.05239565819581289,2.436252188791264,-0.05232388491056661,1.4774831699707396e-20,183,2007Q3
01/09/2008,BRAZIL,0.046769696390376266,0.0,0.04341988159292404,0.080013830815276,0.059175223581472064,0.010000100279895613,0.030201377997644656,-0.016179633629777257,1.3065763576956375,0.04508359906142052,-112185281202323.83,,0.00929829362239102,-0.009023058893724905,5.61749759019503e+36,-0.009022691607312047,9.427701807728591e-06,227,2008Q3
01/09/2009,BRAZIL,-0.023644783184620703,0.33003552899770466,-0.031150832077476102,0.036154147774385866,0.005881444747511039,0.013629977268827026,0.05444980651052978,-0.2354139170760606,1.4963985940725892,-0.02364478341103362,0.004949708289900294,0.01928200189304617,0.012775622489426052,-0.43399243468651183,3.375553086777495,-0.39811640826220235,6.396179016561057e-19,275,2009Q3
01/09/2010,BRAZIL,0.04223945374315961,0.0,0.03566843610691805,0.08855062865754869,0.06368171916640841,0.014283510463267687,0.04052959391883705,-0.18296710223127083,1.2017046914330534,0.04198985165425102,0.06271993857326302,0.012602072585379155,0.012603090716931553,-0.01596345498229037,3186018.546380267,-0.015961421372211935,3.187854206815982e-06,329,2010Q3
01/09/2011,BRAZIL,-0.00782336584063935,0.10604756960053537,-0.028254267650159464,0.05797521425637919,0.02677716119480171,0.02045997919305403,0.06520654274275672,-0.013060643616452301,1.2618942218961058,-0.006142772619886307,0.02657827238019467,0.01991179123383228,0.019913869668222475,-0.015962875574847886,74774788820755.23,-0.015960842186168132,1.3739725598699968e-05,385,2011Q3
01/09/2012,BRAZIL,0.01395052272897511,0.0,0.009735406352375237,0.06124959428553991,0.033569449830928605,0.014104233743388454,0.042029904966333326,-0.022057026105010896,1.0661252961642436,0.012638246783084462,0.03396722909332059,0.012966668868914615,0.0129677204532456,0.015962875957606995,4805765086.015113,0.01596084256878099,5.3562361771405345e-06,445,2012Q3
01/09/2013,BRAZIL,0.007766582789039016,0.0,0.0033875904426644682,0.054480277937741066,0.030099545050928996,0.012994923759437713,0.04423170184731481,-0.05199163882236271,1.320973789168475,0.00776658224235469,0.02999979967289917,0.0135325357429357,0.012881151218191726,-0.20491955847203547,17.175520736078038,-0.20074799381836883,4.400636579259735e-19,505,2013Q3
01/09/2014,BRAZIL,-0.014218296650917207,0.30375990764924016,-0.02456312213147613,0.03640352767061085,0.0068581864531664476,0.013224631016951203,0.04666350357538381,-0.01586360933834716,1.1748306286730723,-0.014218296970344073,0.0072497508295584516,0.014520052434845533,0.016049637090633694,1.2448807247318192,9.130143189294538,0.7796161270909947,4.954412402902699e-19,565,2014Q3
01/09/2015,BRAZIL,-0.056344447545926685,0.9296540097428624,-0.060899767503704065,0.010003762223045125,-0.02458293287675022,0.015295716320520533,0.06544562169549159,-0.047971747021831775,1.2830171137921758,-0.05634444793193795,-0.024204861943098,0.029263532393191304,0.013354014559241574,0.14615524482406134,2.5218927646414744,0.1446187801158967,3.0837480422542833e-19,625,2015Q3
01/09/2016,BRAZIL,-0.02515521159062816,0.7316984193922176,-0.029637751760738386,0.020707046105971696,-0.006290518991062457,0.01107362609368702,0.04014013205079512,-0.011368722757501495,1.2127594056213846,-0.025155211657414574,-0.0064982592147606166,0.012663966375721206,0.012288890848724478,0.9304031282184861,6.504118119686957,0.6811708866861265,6.949873723239947e-20,687,2016Q3
01/09/2017,BRAZIL,0.004202061099474384,0.0,0.0027011603239735643,0.04364134199885062,0.02012597233196127,0.009762803600149611,0.033393572621785356,-0.005762490250948319,1.1651604730174612,0.004202061080807608,0.019850186569185656,0.010248873826260352,0.012310149701380222,1.2885432832958528,17.75788304184343,0.7900055269529214,1.880841568544595e-20,755,2017Q3
01/09/2018,BRAZIL,0.0035368193545139565,0.0,0.0006401985293902693,0.045562846733007444,0.021478303414593176,0.010114162773913509,0.03563231807324843,-0.042582689778033686,1.2602754547570416,0.003536819511469389,0.021239929929920146,0.011026474020005696,0.009749183266764307,0.12936947815940658,8.854403711702304,0.12830028678699018,1.269042047175901e-19,823,2018Q3
01/09/2019,BRAZIL,-0.0023128373368641424,0.0714791620061506,-0.008006022106515758,0.04311069520180217,0.014957895438449964,0.010212630352809452,0.03768372645967827,0.021494124239106654,1.2973577126848077,-0.002312836641111769,0.014876984787296245,0.012078489896167475,0.01142846566139749,1.031922050583197,5.548346316279853,0.7181270059574483,7.088690217511528e-19,891,2019Q3
01/09/2020,BRAZIL,-0.05797140312282273,0.8128761790471858,-0.07343341616806641,0.03669230929007369,-0.018819155911658954,0.017157994025822854,0.07842678098776992,0.23225193217944556,1.5509771603480467,-0.0579201890248532,-0.018649886252373064,0.06770803439444135,0.014775558306725087,-0.02647309514211904,2.100000000001839,-0.026463823514814577,6.256122980547817e-08,959,2020Q3
01/09/2021,BRAZIL,-0.014024041077843214,0.07933276750737255,-0.027067611087175085,0.08224016424007778,0.03360185241196314,0.01372397491773649,0.07828834704918626,-0.1512913601145738,1.751993837078824,-0.013191532264368859,0.029977960266741162,0.07660907877922234,0.0171475783969863,-1.138918093088642,2.1,-0.7514486133731992,1.3489733342930177e-05,1027,2021Q3
01/09/2022,BRAZIL,-0.031176277608433126,0.12291523868937512,-0.05478127104452652,0.0810402095506549,0.03048611083570236,0.017824062779877616,0.10132653183902753,-0.15959112649994348,2.0130840154727,-0.030096228283416963,0.026512075475002506,0.10127903580092973,0.022736750470231205,-1.301146097212266,2.100000000000004,-0.7928835458353772,2.2751178144254715e-05,1095,2022Q3
01/09/2023,BRAZIL,-0.004312362861023572,0.07487717788875375,-0.01549724243320299,0.07695567282742706,0.022492600012925447,0.01189885304508781,0.056060250632881434,0.07513228930296872,1.546259771616673,-0.004206760283851063,0.02280723279270286,0.04913922604337839,0.010763408772394708,0.30539222895301,2.1,0.2920756661449145,2.901064604500054e-07,1163,2023Q3
01/09/2024,BRAZIL,-0.0007466434290682201,0.05547670445425323,-0.010870456550649003,0.0728675911811219,0.025777002453629287,0.011176243855679476,0.05434688434172828,0.067576826821502,1.6392345682849752,-0.0005872332985294162,0.025948014797053366,0.04693954762536457,0.010255089387150182,0.16579188100667575,2.1,0.1635592468385328,6.931972092884457e-07,1231,2024Q3
01/09/2025,BRAZIL,0.0004942486963429617,0.04876750692063808,-0.009531136123644042,0.063407741482218,0.021695033148875532,0.010873609415640124,0.04843331761754413,0.1497650449411249,1.5225158877311304,0.0004917255482367847,0.02298798365141073,0.04475279187424338,0.009894515691920352,0.6461160331002012,2.1,0.5426929799397572,2.0766361975701508e-10,1299,2025Q3
01/12/2002,BRAZIL,,,,,,,,,,,,,,,,,,40,2002Q4
01/12/2003,BRAZIL,,,,,,,,,,,,,,,,,,62,2003Q4
01/12/2004,BRAZIL,,,,,,,,,,,,,,,,,,91,2004Q4
01/12/2005,BRAZIL,,,,,,,,,,,,,,,,,,121,2005Q4
01/12/2006,BRAZIL,,,,,,,,,,,,,,,,,,154,2006Q4
01/12/2007,BRAZIL,0.045564118077144077,0.0,0.04415880629823475,0.08022541377238751,0.06282873049100476,0.008691367779764444,0.03402162452330731,-0.14173119505110446,1.2421254100467294,0.04556411818424432,0.06211831513793408,0.011550279607335763,0.008006757454591076,0.24827720405792653,3.7525159127319547,0.24096162769679702,2.256623268570275e-19,194,2007Q4
01/12/2008,BRAZIL,-0.016454971064131865,0.1084061687571756,-0.022321264710693504,0.04590070154067571,0.017930246643489266,0.009888408606579592,0.053063890305971195,0.5731611693552763,1.6935262556038555,-0.015852936500616744,0.016504525797113298,0.060737650170192684,0.013831095959740946,-3.683140749640795,2.100000000000011,-0.9650620380186655,5.720596731496804e-06,239,2008Q4
01/12/2009,BRAZIL,0.029862474547377,0.0,0.02439558148447655,0.07522706856025325,0.05202494193583251,0.013357546769072711,0.03927245022453571,-0.10067018950586727,1.1097044510566731,0.030932849742984974,0.050905908692288636,0.012141680157608775,0.012141996889248453,0.009023058893973862,45546879436304.97,0.009022691607560973,9.482685599194026e-06,288,2009Q4
01/12/2010,BRAZIL,0.04035521154794539,0.0,0.037058256654517736,0.08040724829817394,0.059514223867200344,0.010333370137530478,0.036842074429161355,-0.15582646180273857,1.2691489188863965,0.04035521169358663,0.059080486104505905,0.011465260865796915,0.010066781349902505,-0.2825082916660002,7.625502620260539,-0.2718675280518482,1.8733944054548887e-19,343,2010Q4
01/12/2011,BRAZIL,0.008989260956549477,0.0,0.004285762770200445,0.061171512949144864,0.03332292416902467,0.013666476226617638,0.04735369178794137,0.020507236052716968,1.3384648611390693,0.008989261004465626,0.033535958393350794,0.014576767531899107,0.015076212190528083,-0.7649276846217572,11.819207191282867,-0.6075612666164967,8.451650698302564e-20,399,2011Q4
01/12/2012,BRAZIL,0.014957907691011317,0.0,0.006319518262991738,0.060746541633963966,0.03310042043700395,0.013430525606655143,0.04048472088582916,0.10035624870026616,1.1150114110350844,0.01363908743754327,0.0340953451080665,0.012469216034292734,0.012474067672536511,0.040194673217914055,119608823868813.7,0.04016224301531861,5.416485805430082e-06,460,2012Q4
01/12/2013,BRAZIL,0.011445359723493262,0.0,0.008806969161176724,0.055038430889775364,0.0305035016758977,0.011988369485193651,0.040404999842149895,-0.06221437199914461,1.1293898091555064,0.011445359673752412,0.030341443679671412,0.012347527545629094,0.01595551956927107,1.4874195798814802,38.24632547157534,0.8298842758039808,8.510115037274667e-21,520,2013Q4
01/12/2014,BRAZIL,-0.014488444437927836,0.27335691173494925,-0.025081224429041253,0.03828962211178041,0.008066931331748243,0.01331027876091659,0.048607996009059254,0.017393714452166004,1.250292611408311,-0.01448844451410161,0.008458391015406547,0.015385189199947117,0.013981412862818076,0.7167504282018278,6.025296883135351,0.5825639191371593,2.7723290551180123e-19,580,2014Q4
01/12/2015,BRAZIL,-0.05188056127228307,0.9466410764477357,-0.0599077717829601,0.005091813190712937,-0.027491617780584295,0.013498922848347219,0.052831629649063766,0.03488876085273309,1.276048735972723,-0.051880562231358646,-0.027145262025454142,0.018071468596057214,0.01316708742447503,0.580386797877372,3.7463149315078517,0.5019683950548681,1.8228260851945523e-18,640,2015Q4
01/12/2016,BRAZIL,-0.025165433476945213,0.71949502800105,-0.02940494108936133,0.021213659493495296,-0.005990262543147698,0.011283880422596844,0.03864395171164072,0.015467857841633645,1.2958685330814728,-0.025165433507403225,-0.006402020279618645,0.011848290041569115,0.012423629142395748,0.7233257460471061,15.152881661822445,0.5860780264595653,1.8373380066455909e-19,704,2016Q4
01/12/2017,BRAZIL,0.008822305340127429,0.0,0.005872690176339304,0.049582410124657014,0.025447836729290893,0.0101342935203595,0.033226117664282406,-0.0683971276406878,1.1841681412753464,0.008627408669948737,0.025248386788332987,0.010104518908666933,0.010107802604006266,-0.034760107082416586,16848.88355792299,-0.03473912638202523,1.4038548244380966e-07,772,2017Q4
01/12/2018,BRAZIL,-0.0041165532001101665,0.09315337594622336,-0.008174217667338637,0.05151919621617226,0.01713512391736653,0.0125048066142717,0.048411089845676145,-0.042298583721320525,1.3864142223536569,-0.004116552993167858,0.017027446509347927,0.016616217885002855,0.01394654925604913,1.2206909626113713,3.958178830822673,0.7735680405099451,2.7876430420511406e-19,840,2018Q4
01/12/2019,BRAZIL,0.003460171781807811,0.03338985537004262,-0.0017477476236126346,0.043930055464220345,0.019234567724926467,0.009306879561592532,0.03381444199254624,-0.010846385263725283,1.3406797801245016,0.0034601714850618446,0.019059306723649996,0.01069519521702817,0.010470984564926724,1.0004493965687975,6.369760901366831,0.707265613327189,2.1738242324286467e-19,908,2019Q4
01/12/2020,BRAZIL,-0.026753738414143125,0.42912221608434986,-0.038396459943990796,0.048304881833978394,0.0038287260545358127,0.013731026516531571,0.062200233689267095,0.18265671002532644,1.5260846546718756,-0.026736018149799968,0.004164856409454915,0.0537649226843616,0.011734080829485698,0.056064726106925616,2.1,0.055976820461367774,7.50473576825339e-09,976,2020Q4
01/12/2021,BRAZIL,-0.016829148799677555,0.14468214660838286,-0.026342908953765933,0.06684992788985596,0.01562314863376306,0.012476659534913018,0.06158394559262225,0.052569108232447044,1.5992332293701168,-0.016598348527222827,0.014549156694858921,0.05318533951808397,0.011622256129288142,-0.18146757272869551,2.100000000001537,-0.17855149209533053,1.2475226663593908e-06,1044,2021Q4
01/12/2022,BRAZIL,-0.015728069025501095,0.10846044305750145,-0.02873430904801673,0.07564170372483067,0.023791870803282142,0.013580252578211813,0.07188239079290024,-0.02656833131394873,1.7922459805856956,-0.015228074526158283,0.022054304978231278,0.06377618827195583,0.014027936261444716,-0.4675898108279529,2.100000000000015,-0.4235720386611409,5.1225905464803525e-06,1112,2022Q4
01/12/2023,BRAZIL,0.009689186690943916,0.0,0.0025737890412175363,0.07865516238222038,0.026056360200260975,0.009444503943973686,0.04021795409066073,0.1754907861175143,1.3685291909132544,0.00964348390626747,0.026962218242629406,0.04120904666230812,0.009255103671170016,1.3263677921155006,2.1,0.7984878684696146,7.121044746489427e-08,1180,2023Q4
01/12/2024,BRAZIL,0.0016593401297031775,0.04496417128221544,-0.006578331476576063,0.07922228142245112,0.040287763649737844,0.01131306687403349,0.06384954250616814,-0.18089073095957703,1.9427488952502148,0.002304213664079925,0.037517840030408006,0.062472676736310975,0.013981884523961043,-1.1335057094536476,2.1,-0.7498877725968052,8.312744748619089e-06,1248,2024Q4
01/12/2025,BRAZIL,0.0027995245267182917,0.040325538901919034,-0.004434791933744832,0.06092728424502058,0.022801943090946505,0.010235824980007214,0.045356682319877724,0.13957834766483915,1.5052038756714614,0.0027995245033857925,0.02387602077845998,0.03376215679512944,0.009329840277233119,0.6215003410864358,2.158895557668786,0.5278598213694635,2.7351170454972514e-21,1316,2025Q4
01/03/2003,BULGARIA,,,,,,,,,,,,,,,,,,45,2003Q1
01/03/2004,BULGARIA,,,,,,,,,,,,,,,,,,70,2004Q1
01/03/2005,BULGARIA,,,,,,,,,,,,,,,,,,98,2005Q1
01/03/2006,BULGARIA,,,,,,,,,,,,,,,,,,129,2006Q1
01/03/2007,BULGARIA,,,,,,,,,,,,,,,,,,163,2007Q1
01/03/2008,BULGARIA,,,,,,,,,,,,,,,,,,205,2008Q1
01/03/2009,BULGARIA,,,,,,,,,,,,,,,,,,251,2009Q1
01/03/2010,BULGARIA,,,,,,,,,,,,,,,,,,301,2010Q1
01/03/2011,BULGARIA,,,,,,,,,,,,,,,,,,357,2011Q1
01/03/2012,BULGARIA,0.0025379259715458125,0.03363778996901581,-0.0013397989304385245,0.04768556316551027,0.02116861198662265,0.012965754001294572,0.039570321347128616,-0.05929370341808556,1.1826439568355462,0.0014530807160499947,0.021416631661857897,0.01216240114005808,0.012163103248724756,-0.009023058893903679,129414812042371.25,-0.009022691607490798,3.6626913442653526e-06,415,2012Q1
01/03/2013,BULGARIA,-0.011964271808911561,0.4741322757446027,-0.017146403269581743,0.032202918279727745,0.002307102565528727,0.013553046022286117,0.03674274456713652,0.0680328376357504,0.905124489409647,-0.015046888206599827,0.0038887331007636514,0.011511645470193723,0.011515952325782028,-0.034857006713187255,80860.03864197043,-0.03483585016846573,2.9787103986246654e-05,475,2013Q1
01/03/2014,BULGARIA,-0.012270800091618017,0.43443210310687497,-0.018335163850985624,0.02991161687033973,0.0032292285746212705,0.012033289585905074,0.036814236477288466,-0.017205744008085423,1.0912950917526323,-0.014277093707795634,0.004329108507055102,0.011311463224219642,0.011317273096386936,0.040194673234670436,229362536295.91977,0.04016224303203447,1.3610774210579374e-05,535,2014Q1
01/03/2015,BULGARIA,-0.0022355493347200883,0.08215350336157665,-0.007539980743012286,0.04105111779813335,0.014939667424675984,0.01087255878909559,0.03685708959266913,0.08845785375475447,1.2432623053995315,-0.0022355493751167266,0.015220355688215333,0.011275595874168511,0.013647740630720887,1.2254505155825535,24.268820442070577,0.7747750921384458,6.074063287065103e-20,595,2015Q1
01/03/2016,BULGARIA,-0.002279918130919611,0.0875764060564224,-0.002453902119569209,0.0440136291312674,0.018072835863190514,0.010116662472343213,0.04253778965741728,-0.027909425509665173,1.2910062303720042,-0.002279918344377165,0.018422650542017673,0.0174686881301188,0.008957986518245835,0.2162249997774394,2.6986606897460703,0.21134099425506794,1.2600880074510038e-19,655,2016Q1
01/03/2017,BULGARIA,0.008820236887110179,0.0,0.003784917745296483,0.04761548800391887,0.02378084193249183,0.010516391797691683,0.034180747377488316,0.0466532494092499,1.1617580066587578,0.007494633626946786,0.024614500569399865,0.010407824227075962,0.010408094325100202,-0.009023058892024543,1357637772929.3508,-0.009022691605611892,6.727839270096132e-06,721,2017Q1
01/03/2018,BULGARIA,5.578128751307365e-06,0.04997822193474358,-0.006397801470889843,0.05070070655655859,0.020807528150349676,0.011764580471126081,0.04354732182906272,-0.07513773618249048,1.303068757596303,5.5783122803199736e-06,0.020744422420061578,0.01390962986916203,0.011837094446233175,0.5664555600181687,5.368543953524055,0.4928735281005958,1.3010719117367395e-18,789,2018Q1
01/03/2019,BULGARIA,0.013949548439496653,0.0,0.010096898423245003,0.056982137033560386,0.03218115891581023,0.010366171984870129,0.03653218195801307,-0.09624666462865436,1.185021042995128,0.013949548622260026,0.03197654313003942,0.011308034320553615,0.010133053050042114,0.2589573609162068,8.815313266571879,0.25068829765861295,2.37163624665004e-19,857,2019Q1
01/03/2020,BULGARIA,-0.052792768358575395,0.47861479555319747,-0.06352927010788588,0.051466300526093925,-0.001996506902901172,0.02188704562416365,0.08815621341921087,-0.12334946201958623,1.5476654692387655,-0.05279276862796319,-0.0031230016494477857,0.03305539635178218,0.023142147850403808,-1.0942942255411947,3.197744260960535,-0.7381959472810411,5.178436481579294e-19,925,2020Q1
01/03/2021,BULGARIA,-0.004720005102059763,0.06889725051570648,-0.013856691503099384,0.054280429622616255,0.020272312561873323,0.01086773603781104,0.04828421027220935,0.11139851362765939,1.4705782741559008,-0.0047200051719691,0.019869235368751872,0.03154002240743994,0.009331204881930465,-0.16653075591116046,2.1909968072500114,-0.16426854473570648,8.290732486988489e-21,993,2021Q1
01/03/2022,BULGARIA,-0.0030317607868068502,0.05912929054472872,-0.016396808431031713,0.08276629270372096,0.03536259088232959,0.0121204101021519,0.06657199526645628,-0.11132071294846023,1.7712103158521875,-0.002458349938458421,0.032966145176278175,0.061415016619419255,0.013612633650352864,-0.7342498076567177,2.1,-0.5918439444169331,6.697103296490018e-06,1061,2022Q1
01/03/2023,BULGARIA,-0.012191218743009984,0.10499287773300578,-0.020758062826748094,0.07208189618296501,0.021002620133092516,0.012242749797446202,0.06221115219286145,0.00119904367755162,1.6786601031707933,-0.011872588120791663,0.019701868788191856,0.053843204647529085,0.011776734438064495,-0.23554343283962603,2.1,-0.22926927107867057,2.147881090466774e-06,1129,2023Q1
01/03/2024,BULGARIA,0.012437159653505378,0.0,0.004546591163516262,0.07336855755083065,0.026870555520923413,0.00892015358212923,0.037939350424159426,0.2032359086971395,1.3801027258179772,0.012401974619109957,0.028298996412885694,0.04011656988397338,0.009046155048454668,1.6197782106255634,2.1,0.8509039623530652,4.6123834963648714e-08,1197,2024Q1
01/03/2025,BULGARIA,-0.00252600659173079,0.06262252428027298,-0.017649606180040835,0.07724645079319158,0.029173549883801702,0.01237354296157588,0.06204565917573049,0.017041519057209995,1.6883839090646542,-0.0022668894585387415,0.028874802618981434,0.053324251324646715,0.011643457660485681,-0.11915760098859629,2.1,-0.1183205723341601,1.6877393353623482e-06,1265,2025Q1
01/03/2026,BULGARIA,-0.015420369280423219,0.10984258076801157,-0.03998616392009003,0.08737715359848992,0.026163216033313653,0.015028291186168498,0.0821686895915641,0.0038038383512949774,1.7348002376295213,-0.014816578236395086,0.025972594857081494,0.07005627679432089,0.015291027394996944,-0.07236604199087121,2.1000000000555668,-0.07217729814714495,8.749624522244461e-06,1332,2026Q1
01/06/2003,BULGARIA,,,,,,,,,,,,,,,,,,50,2003Q2
01/06/2004,BULGARIA,,,,,,,,,,,,,,,,,,77,2004Q2
01/06/2005,BULGARIA,,,,,,,,,,,,,,,,,,105,2005Q2
01/06/2006,BULGARIA,,,,,,,,,,,,,,,,,,137,2006Q2
01/06/2007,BULGARIA,,,,,,,,,,,,,,,,,,172,2007Q2
01/06/2008,BULGARIA,,,,,,,,,,,,,,,,,,216,2008Q2
01/06/2009,BULGARIA,,,,,,,,,,,,,,,,,,263,2009Q2
01/06/2010,BULGARIA,,,,,,,,,,,,,,,,,,314,2010Q2
01/06/2011,BULGARIA,,,,,,,,,,,,,,,,,,371,2011Q2
01/06/2012,BULGARIA,-0.014506432131422834,0.3065777980644284,-0.016735904424934278,0.037178601843235404,0.007757660640458877,0.014918983390528584,0.04421096601561086,-0.0796557840892814,1.1024990768387655,-0.014987101427759456,0.007468388378460659,0.013651485971845423,0.013656769854119715,-0.034882514644338045,9590742528.361036,-0.034861311647574666,1.7733440449814909e-06,430,2012Q2
01/06/2013,BULGARIA,-0.020734420106236207,0.6067079375230924,-0.027570108807398904,0.02803575133317835,-0.002545252477791319,0.014252728938175908,0.04090458388920418,0.06695926198690597,1.0105668779987493,-0.022403872737933494,-0.0015213156165087309,0.012695248684846373,0.012700158524339759,-0.03488187618036574,3230182.4532796526,-0.03486067434712588,8.714911004359908e-06,490,2013Q2
01/06/2014,BULGARIA,-0.015264057119285242,0.44125683149686973,-0.018522567583503055,0.024123451035205502,0.002708229159743844,0.011693868872117779,0.03838152017688354,-0.19766155146495218,1.1353409602196773,-0.016186989255274113,0.003009973202856132,0.011670671994894159,0.011668988627537676,-0.008695449012212217,5942.279147540085,-0.008695120295779152,3.3592553365213597e-06,550,2014Q2
01/06/2015,BULGARIA,-0.007097202737679876,0.11998750486896233,-0.0103842229609569,0.04078822664677682,0.014022268923980709,0.011215777698567393,0.04213641938602944,0.06997338709639607,1.274534998235583,-0.007097203196794136,0.01417324963029168,0.01358913623082715,0.010420075112002884,-0.10838556117062487,4.811435722493383,-0.10775448996840825,4.2821578211793233e-19,610,2015Q2
01/06/2016,BULGARIA,0.002847474766142888,0.03114513656378011,-0.0009280428553119223,0.04839508494648843,0.021396539402960678,0.01138065265916132,0.038853162835661655,0.008665037201554026,1.1904438012713403,0.002847474834894408,0.02144887346469488,0.01190645860430433,0.013419143197098561,0.9844353610932115,17.38616582719541,0.7015391104576566,6.015122838745062e-20,671,2016Q2
01/06/2017,BULGARIA,0.00889478848505637,0.0,0.0044849987413692755,0.047160870236894296,0.0236932942743242,0.009970055846056638,0.033076488962131875,0.05603881092446327,1.2154855683808539,0.0077944567814449165,0.024381413012076355,0.010169455087413886,0.009502993319548753,0.03973766878344527,15.671357600728161,0.03970633136672213,4.334432229132622e-06,738,2017Q2
01/06/2018,BULGARIA,0.005394427012172905,0.0,0.0006745038176412705,0.049238002605291986,0.02280826875064571,0.01076469961663739,0.037299781099803614,-0.05875565850052378,1.2165882656316198,0.005394427170300076,0.022689897665624396,0.011508229178541624,0.013449933836625778,1.3061656705477707,12.710897968034132,0.7940152642703192,7.470177867982455e-20,806,2018Q2
01/06/2019,BULGARIA,0.008082445973110312,0.0,0.0027731785433097143,0.05319073653524329,0.027770870741943787,0.010712349574118412,0.0400129014982961,-0.07681143635887695,1.2534762236502737,0.008082445641850728,0.027832022222725156,0.012839044542018774,0.0100124871720401,0.14985636492962004,5.011757283589507,0.14820152830337016,2.671615930540877e-19,874,2019Q2
01/06/2020,BULGARIA,-0.07838256658724131,0.9255830749883995,-0.09932879117916155,0.012962908548631016,-0.028904416865425782,0.01769769007136729,0.08457878539063415,0.11318797416978271,1.5799887461418425,-0.0780823192223278,-0.03087767398472935,0.08374407082642246,0.018742428203653145,-1.1330680667936432,2.1,-0.749761013604826,1.8033454173137125e-06,942,2020Q2
01/06/2021,BULGARIA,0.031299464775222136,0.0,0.014613219203327837,0.08150929476207588,0.05522295461268093,0.0053640587263844245,0.04042504852186021,-0.45207106199034347,2.197881457830338,0.032098593147834094,0.05416810857513218,0.03931131928477752,0.008811293195524627,-1.2109347537698216,2.1,-0.7710672319078585,1.2138387523927588e-05,1010,2021Q2
01/06/2022,BULGARIA,-0.010781644403228423,0.07592421485105082,-0.03968686865451579,0.08944280358583727,0.033817800535628356,0.014452605478499091,0.0810278445065645,-0.07160760775909356,1.8467208482321047,-0.010056518746425927,0.03218210490864167,0.07251419030276414,0.01598870039493744,-0.5523797295022891,2.1000000000000165,-0.483517225472911,1.1281807744041812e-05,1078,2022Q2
01/06/2023,BULGARIA,-0.003874053290050427,0.07737675631511896,-0.007259067615538032,0.06978696494133714,0.020117968027230655,0.010381425500787272,0.049067931402459436,0.0845857558990379,1.480097035204954,-0.0037775160410730363,0.01988598749977438,0.04295633693440326,0.009407184323760887,0.29621294666344306,2.1,0.28401486139127896,2.508586709756022e-07,1146,2023Q2
01/06/2024,BULGARIA,0.008744070950883635,0.03398389470813388,-0.004904801218001839,0.07912814124085164,0.02974293969309033,0.010287453447285802,0.04768310283760257,0.13841436685017752,1.592047005887929,0.008808644739805416,0.030953766038920093,0.043743631032138776,0.009664410750026164,0.6212184176870561,2.1,0.5276870605862283,1.3155702033158154e-07,1214,2024Q2
01/06/2025,BULGARIA,0.008216956764480584,0.030935593579132364,-0.0025583023533254853,0.07465208043634108,0.03062327852618103,0.010021201325655043,0.04765349901980684,0.08087698400460656,1.5795530887009224,0.008320277876793165,0.03114507206759133,0.04196113820174008,0.00920109129529548,0.35120039305949613,2.1,0.33135921278024966,3.023815098244569e-07,1282,2025Q2
01/09/2003,BULGARIA,,,,,,,,,,,,,,,,,,55,2003Q3
01/09/2004,BULGARIA,,,,,,,,,,,,,,,,,,84,2004Q3
01/09/2005,BULGARIA,,,,,,,,,,,,,,,,,,113,2005Q3
01/09/2006,BULGARIA,,,,,,,,,,,,,,,,,,145,2006Q3
01/09/2007,BULGARIA,,,,,,,,,,,,,,,,,,183,2007Q3
01/09/2008,BULGARIA,,,,,,,,,,,,,,,,,,227,2008Q3
01/09/2009,BULGARIA,,,,,,,,,,,,,,,,,,275,2009Q3
01/09/2010,BULGARIA,,,,,,,,,,,,,,,,,,329,2010Q3
01/09/2011,BULGARIA,,,,,,,,,,,,,,,,,,385,2011Q3
01/09/2012,BULGARIA,-0.003440512369264341,0.16231903363067673,-0.006364575848121054,0.037402140523422174,0.011934289651963075,0.01328518355701338,0.03672000248609538,0.058021399221352105,0.9329080107496694,-0.005943219568645821,0.012917973479361942,0.011467101403031633,0.011467406937592609,-0.009023058893848919,19392983238099.62,-0.009022691607436045,1.9510506284456258e-05,445,2012Q3
01/09/2013,BULGARIA,-0.01296856277838341,0.4664288068404342,-0.021481878126424266,0.03270754822563808,0.0022378758707374486,0.013676072303697889,0.03720721797768837,0.1563688898296968,0.9878773292588975,-0.01384440889957183,0.003956164646735315,0.03722017400878786,0.008269369722192176,0.820556335720628,2.1,0.6343367159940292,2.346308902272941e-05,505,2013Q3
01/09/2014,BULGARIA,-0.01657790843309236,0.36366460895462355,-0.019703257248725205,0.02954263956144296,0.004186040132032522,0.011756658051491956,0.0418683533220912,-0.0045994778035274375,1.207975588372137,-0.016577908284070398,0.004191581294921559,0.013019213941504005,0.01127089695292604,0.1395386191907956,7.7251138585636365,0.13819966088030303,6.610415778085765e-20,565,2014Q3
01/09/2015,BULGARIA,-0.004931167709531628,0.1045489696049289,-0.0126310310326983,0.04771332811358317,0.017250360831543854,0.012743384864221007,0.045070383992497756,0.05157969340720443,1.350202976699319,-0.004931167506680467,0.017721815452194572,0.013969899025103628,0.012232442804434578,-0.1012194970737311,8.408496440134664,-0.10070493122079846,1.9281731764994242e-19,625,2015Q3
01/09/2016,BULGARIA,0.006408540990878949,0.0,0.0010532315304761543,0.04552541678252782,0.021465166576350458,0.010736938627100071,0.034835678502401074,0.06518688159896756,1.135031466127323,0.005129400125775582,0.022431028836508132,0.010607829244001141,0.010610262393528561,-0.009023058893207484,1397410292887562.5,-0.009022691606794688,6.208762857566715e-06,687,2016Q3
01/09/2017,BULGARIA,0.010582558981331865,0.0,0.008555650127156523,0.0478436106178063,0.025092933851922496,0.009636972761943864,0.03167148425895894,-0.034245815312968636,1.1228199121553444,0.009543175941081804,0.02538217670624999,0.009629806000794293,0.009620150876217056,-0.007044842868022167,982.4304760103115,-0.007044668057418848,4.2915713441463435e-06,755,2017Q3
01/09/2018,BULGARIA,0.0029271568752309227,0.0,8.144147737994956e-05,0.04405754310791968,0.02060331412187412,0.010047680370289974,0.03489895781761686,-0.05256007101938511,1.2352664018388717,0.00292715665600118,0.02037123539866698,0.010741144268602752,0.009717185328811068,0.007727742197368865,11.013059329497693,0.007727511465050748,1.6623230359453662e-19,823,2018Q3
01/09/2019,BULGARIA,0.0038768141896669203,0.030991222564864498,-0.0012219016573884018,0.05209665459598394,0.02441895711626252,0.010670894957043035,0.041783892760854084,-0.06311318370982726,1.2637898541000747,0.003876813804510109,0.024425305054705825,0.014176997443593272,0.009733854930226432,0.15244074680322356,3.746940736675822,0.15069980805103794,3.612460016241984e-19,891,2019Q3
01/09/2020,BULGARIA,-0.05113926667613588,0.658438720104085,-0.0673211273437643,0.04097277397279408,-0.00713261100351337,0.016231736871210347,0.07872655897603004,0.07319665731677297,1.6661272428407259,-0.050849291485019425,-0.008904943166680404,0.07240999926438836,0.016015604433539707,-0.6596851676551045,2.1,-0.5506591356853914,1.6911591936491098e-06,959,2020Q3
01/09/2021,BULGARIA,0.0017480678777683327,0.046471937715374244,-0.010638815748024576,0.09248836995938971,0.048036387745937305,0.012026280601094109,0.07299404884723988,-0.2653164455446157,1.7949562082699873,0.002727422076606139,0.043942635470634143,0.07441969211739276,0.016759269828617803,-1.5124947919150173,2.1000000000000356,-0.8341645458614543,1.8031767391270596e-05,1027,2021Q3
01/09/2022,BULGARIA,-0.02983022148250277,0.14129663540782442,-0.053342181484768034,0.07814732142642451,0.02378369687812155,0.01712547565214555,0.09305952854400254,-0.07083707384564274,1.9230848333830153,-0.029037706325193306,0.021012390812980047,0.08727259524563155,0.019395467082454414,-0.8316885265073523,2.1000000000000005,-0.6394377774503989,1.2208647488188492e-05,1095,2022Q3
01/09/2023,BULGARIA,-0.0066202565139437605,0.09105207301756557,-0.016157836126497432,0.07338399548759679,0.01966471492051761,0.011685039436571714,0.05484679537280839,0.07681731996502274,1.521656925508179,-0.006530255363197806,0.0198813537523757,0.04813508991012387,0.010545507613587328,0.31389632808679924,2.1,0.2994884621260908,2.3871974782651833e-07,1163,2023Q3
01/09/2024,BULGARIA,0.009170062429789544,0.031384093614206375,-0.0031447588845079713,0.0777106700600336,0.03135489016535517,0.010109378938763632,0.048556267512212835,0.08622697131373412,1.6287518329476978,0.009288782681875517,0.032220899308764796,0.04336254149140231,0.009536580565073576,0.4628831906327507,2.1,0.4200639518850638,4.524385269161757e-07,1231,2024Q3
01/09/2025,BULGARIA,0.002486371866389333,0.042272967431614614,-0.005558022422053773,0.06549575419436568,0.02789665215318432,0.01047467615430081,0.05065468546224737,0.03513789446226061,1.6602665426964214,0.002631853787586435,0.027813461107249134,0.04353061290261718,0.009499158512900539,0.00010520366009428612,2.100000000000006,0.00010520365951209907,5.131105790555417e-07,1299,2025Q3
01/12/2002,BULGARIA,,,,,,,,,,,,,,,,,,40,2002Q4
01/12/2003,BULGARIA,,,,,,,,,,,,,,,,,,62,2003Q4
01/12/2004,BULGARIA,,,,,,,,,,,,,,,,,,91,2004Q4
01/12/2005,BULGARIA,,,,,,,,,,,,,,,,,,121,2005Q4
01/12/2006,BULGARIA,,,,,,,,,,,,,,,,,,154,2006Q4
01/12/2007,BULGARIA,,,,,,,,,,,,,,,,,,194,2007Q4
01/12/2008,BULGARIA,,,,,,,,,,,,,,,,,,239,2008Q4
01/12/2009,BULGARIA,,,,,,,,,,,,,,,,,,288,2009Q4
01/12/2010,BULGARIA,,,,,,,,,,,,,,,,,,343,2010Q4
01/12/2011,BULGARIA,,,,,,,,,,,,,,,,,,399,2011Q4
01/12/2012,BULGARIA,-0.009102919053500538,0.3312728881572449,-0.018963090551792877,0.03425188890737415,0.007020146752050337,0.013248362302721453,0.038786505012552305,0.11398434779466772,1.0577789409416036,-0.01118854511420297,0.008549642133902465,0.0119995453769966,0.012004189951898121,-0.03488249971401802,136130865.9224375,-0.03486129674446383,1.3771443932905572e-05,460,2012Q4
01/12/2013,BULGARIA,-0.009914695603162788,0.41129361232396927,-0.017647669075890347,0.03238418312006404,0.004065760247365137,0.012171800319701838,0.035454012989944814,0.06594793269325816,1.0245901740672887,-0.012439592000279862,0.0056406044875362766,0.01097807125431333,0.010981697520240728,-0.03488251489393737,134782745421312.02,-0.034861311896719115,2.0781233739695588e-05,520,2013Q4
01/12/2014,BULGARIA,-0.012924452508940105,0.25117201572264447,-0.01923367203633026,0.034959236294889076,0.007732783758005423,0.011700413361011196,0.042051742610157455,0.03093476573931626,1.2754045927664064,-0.012924452564818518,0.007920093870972205,0.013137067319105342,0.011158166707695141,0.1381712847623515,6.984057552476804,0.136870939390521,1.174019051263812e-19,580,2014Q4
01/12/2015,BULGARIA,-0.00039187102471366364,0.054530881416583125,-0.005839333032115507,0.0460483835516356,0.018932306721540035,0.011490299289312396,0.04010216137963325,0.03815148155406205,1.2357827406111768,-0.00039187086121552934,0.01925209770340936,0.01236834385915076,0.011660880418303373,0.43563728268559204,10.200817758898962,0.39938498843911474,2.0143365969950655e-19,640,2015Q4
01/12/2016,BULGARIA,0.0074084882393717875,0.0,0.0023551084093238854,0.04772494633014044,0.023281627213261432,0.010903848172250747,0.03515094626307784,0.06413790544443627,1.174158933881032,0.0063968245450917935,0.02402383680502787,0.01071610630767975,0.010719916087741692,-0.03482031931392781,33162.006649988696,-0.03479922946104958,3.722540810078667e-06,704,2016Q4
01/12/2017,BULGARIA,0.004796845514332803,0.0,0.0024172306889157606,0.04537414142861145,0.021861733185800866,0.010096398267644425,0.03330819193012281,-0.06706513888952052,1.1808293540582633,0.004796845430639149,0.02160505463464269,0.01012823946710624,0.011229453619085646,-0.6549358190084009,375.51711319050276,-0.5478877690024911,2.188107031891377e-18,772,2017Q4
01/12/2018,BULGARIA,-0.0035552542445342755,0.08106449845283914,-0.00806203401759422,0.05130829018584583,0.018174008113840727,0.012551663980771812,0.048201371756915544,-0.05483310401443379,1.3467490435860712,-0.0035552541510011294,0.018128201505664264,0.016186511649026566,0.013483606303521127,0.9812789978081365,4.171911944733168,0.7003941001804687,3.6329484180852635e-19,840,2018Q4
01/12/2019,BULGARIA,-9.08695243093359e-05,0.051149414339259215,-0.0019890296663903767,0.0477258468811146,0.023122597138390367,0.010487496786265513,0.04376965632238396,-0.06678009197198803,1.3054187054741282,-9.086991962126071e-05,0.022920490811989293,0.01765510921742341,0.009568836190203224,-0.41559566628459665,2.7702322861689934,-0.3837725334666043,2.420439605649505e-19,908,2019Q4
01/12/2020,BULGARIA,-0.043563252593923976,0.6865312936463586,-0.053120883910067695,0.036647788175808216,-0.00751397813929019,0.015217769174845616,0.06835567541229877,0.12478349874283165,1.5736861639682023,-0.04356147498153888,-0.008286866610882324,0.06012792814651789,0.013169473746166276,-0.3023907296245202,2.1,-0.2894466378880252,6.98038162576839e-11,976,2020Q4
01/12/2021,BULGARIA,0.013475549286508938,0.0,0.0012956142993060281,0.0921743651175277,0.055404645350456,0.010913160835324454,0.06374055581193072,-0.45330865050277414,1.8383393006618851,0.014301834227242665,0.051556355029146406,0.06856977510761968,0.015533261981194358,-2.1446037447999142,2.1,-0.9063150951444018,1.2154350263729209e-05,1044,2021Q4
01/12/2022,BULGARIA,-0.015670727958318604,0.11114576406642071,-0.027156019072209978,0.07371216095320259,0.022747586591427213,0.013187954777541486,0.06969663877767435,-0.031973738104590664,1.7795464699755963,-0.015190529643984535,0.02095556711533008,0.061828235036165156,0.013598801354210774,-0.46582924774216744,2.1000000000000765,-0.42226201810963776,4.730912982516573e-06,1112,2022Q4
01/12/2023,BULGARIA,0.008502259926991357,0.0,0.0022125722103249826,0.07619325446338404,0.023952796778932497,0.009216405209274877,0.03872482610721923,0.18586288248685653,1.3349493060800965,0.008504410258563322,0.024235011113691623,0.019696982154946373,0.010106715831386273,1.743998828220069,2.5147313680352954,0.8675073889914169,3.1831667174906127e-11,1180,2023Q4
01/12/2024,BULGARIA,0.011376679772125475,0.02919696883989798,-0.002295221794249052,0.07974442464242368,0.033427681271409576,0.010195698700136615,0.04772664351988071,0.08486638673309717,1.6248191009401478,0.011456293651016183,0.03417493776035159,0.04241698602917085,0.009316131889108147,0.4140155892362508,2.1,0.3825272982180938,1.724271220857465e-07,1248,2024Q4
01/12/2025,BULGARIA,0.016091945848427432,0.0,0.005768253875783234,0.06776916667568991,0.030604298200912906,0.009107055081316665,0.03909829890077231,0.19898408155325523,1.4829148473796387,0.016091959765350394,0.03225904789875465,0.025175069774752805,0.009650785204340269,1.6095041191394714,2.286636087885512,0.8494042207768353,1.956919280610566e-16,1316,2025Q4
01/03/2003,CHILE,,,,,,,,,,,,,,,,,,45,2003Q1
01/03/2004,CHILE,,,,,,,,,,,,,,,,,,70,2004Q1
01/03/2005,CHILE,,,,,,,,,,,,,,,,,,98,2005Q1
01/03/2006,CHILE,,,,,,,,,,,,,,,,,,129,2006Q1
01/03/2007,CHILE,,,,,,,,,,,,,,,,,,163,2007Q1
01/03/2008,CHILE,0.03445255983582179,0.0,0.02945822670361601,0.07464098358731923,0.051822988238515916,0.01098983806861438,0.037261069390242395,0.11621210268337005,1.131357876642526,0.03445255975586843,0.05281525378342066,0.011390129950998648,0.011536793204846208,0.5026027205222021,19.587823252608306,0.44907304240088425,1.986474332433258e-20,205,2008Q1
01/03/2009,CHILE,-0.06413889538633874,0.6719231241922122,-0.06460245092900395,0.03875322798978049,-0.010978729103298324,0.021261117144708068,0.08645594361177737,-0.29138876997326135,1.6517524391705791,-0.06450238398139947,-0.016372625467023928,0.08452862505828132,0.01884326375677682,-0.9530728925894492,2.100000014217462,-0.6899177800581687,2.544775058177355e-06,251,2009Q1
01/03/2010,CHILE,0.0033413259897127918,0.0,0.0015140770318943784,0.06254801386806189,0.030058339687587317,0.012525624508985745,0.05039987589597441,-0.14394449564503556,1.4174230329256765,0.0033413254903678024,0.02911743994833069,0.018007552317169162,0.01131307447945537,-0.1955486948573601,3.2694289162629238,-0.19191379406402664,1.2179356015022686e-18,301,2010Q1
01/03/2011,CHILE,0.05159638062413821,0.0,0.047696915896811486,0.09299037482366931,0.07037013534434469,0.010501692216117497,0.036384937926550745,-0.07154759393148319,1.2594793971365648,0.051596380970151026,0.0700744535215361,0.01119169076604492,0.010596394713048182,-0.3843109500204277,11.543846147425725,-0.35873151507507106,2.3929031508526605e-19,357,2011Q1
01/03/2012,CHILE,0.037530308949765875,0.0,0.03345935120903591,0.08215246360223466,0.056301479206797386,0.012176106145328273,0.039227305674817456,-0.022179103829686117,1.2347937246774623,0.036859347774493255,0.056532236986976604,0.011959868059376896,0.01196016833991526,-0.009021504795658391,1253159.6246279113,-0.009021137698985259,1.5442613366618293e-06,415,2012Q1
01/03/2013,CHILE,0.0319935529879284,0.0,0.026968276318529254,0.07867612482195803,0.04815148526301005,0.01378641301558445,0.03845453298428275,0.04825010149414802,0.9681658991671905,0.02956460296223888,0.04928592511876165,0.011990697833674404,0.011996791194793495,0.040194673218270166,4430724930480.287,0.04016224301567386,1.8361788649402585e-05,475,2013Q1
01/03/2014,CHILE,0.011771366262644904,0.0,0.007444549889425313,0.057774685801282394,0.03180769138486397,0.012946736776665713,0.045710257371021586,-0.14642415727145383,1.134483272185436,0.01177136614159205,0.03179442554743308,0.01433779524720405,0.01726023338677061,1.8712888584314835,9.099368768041145,0.8819652951654939,1.9990207386586917e-20,535,2014Q1
01/03/2015,CHILE,0.01263154097463343,0.0,0.004566805874854987,0.059394535067867196,0.03117622995266026,0.012160749139059235,0.04235252919012977,0.0882465246941261,1.2289432780150307,0.012631541017605205,0.03170487429034627,0.013135186325708223,0.016018820822912287,1.6501612647224129,11.723863710998017,0.8552202828155923,6.203767811401268e-20,595,2015Q1
01/03/2016,CHILE,0.014708886081757855,0.0,0.010577820824702894,0.0606273674789542,0.033596766642916435,0.011626533010925963,0.0399827932079845,0.018909746796596176,1.2059645229040379,0.014708886274692086,0.03362284434067933,0.012286906303970741,0.013991301944073302,1.096978584820032,14.632123322266095,0.7390183467676511,5.535499209611478e-20,655,2016Q1
01/03/2017,CHILE,-0.009042130874834764,0.162868457948039,-0.011612172368396477,0.03750698209041043,0.01056712448749193,0.010575833642664635,0.03862111529627666,0.04349708779612293,1.3179595932741344,-0.0090421312753973,0.010022150487475012,0.01218227473266554,0.010029215079671023,0.17568221575058512,5.994294625032314,0.17303225306497055,1.1613630867389437e-18,721,2017Q1
01/03/2018,CHILE,0.020013809243415073,0.0,0.012508609716716997,0.07209877271851868,0.040853608563034195,0.011808637808313883,0.04433026003038243,-0.07189940905830619,1.3223234350865363,0.02001381129425724,0.04078440768058245,0.014368778213979387,0.012089849344743431,0.6844156624977873,4.842389425726143,0.5647992149760426,2.3635773747981478e-14,789,2018Q1
01/03/2019,CHILE,0.003554756203469978,0.03023768823201363,-0.0009421319202520227,0.04741916332571752,0.021002396534206706,0.00958907016280222,0.035820521274442366,0.11733729408311179,1.3453567944082654,0.0031421574832144303,0.021050640663772564,0.011511286796374321,0.00888488058775112,0.003257096192137139,4.947247319770204,0.003257078915536142,6.668442126145035e-07,857,2019Q1
01/03/2020,CHILE,-0.05757156025564598,0.48205095142982607,-0.06882826370797314,0.05373227656670988,-0.0027991126102229194,0.02342104314079256,0.0908451000097949,-0.09481654544981036,1.5323364371689903,-0.051760247113914665,-0.006336893876061579,0.02851979760787096,0.02330489487651486,-0.06380367942148435,5.991761933195058,-0.06367420509376272,0.0001338825432996613,925,2020Q1
01/03/2021,CHILE,-0.014097793996662368,0.1464452492822757,-0.020287819229655932,0.057801834267082026,0.015483953436092025,0.014802305956615707,0.05947914963103804,0.20033518428204242,1.38953073599831,-0.014097793857124497,0.015482722546772663,0.0211462671863873,0.013258559453790054,0.04606645237092957,3.293539409027072,0.046017650804551065,1.6727371347357465e-18,993,2021Q1
01/03/2022,CHILE,0.0041889084470519335,0.042100550650170876,-0.009068054986552916,0.09479370052059603,0.047662481923464534,0.01335488457544273,0.07342328315722042,-0.14653123118108008,1.8019677544828727,0.004851898576807545,0.044628090388923,0.06969869295651235,0.015522651625316884,-0.9142451862604206,2.1,-0.6747529070144822,8.572878108445422e-06,1061,2022Q1
01/03/2023,CHILE,-0.015515535241103134,0.1622374865428897,-0.02188442533170766,0.07457535863162217,0.015169917849025164,0.013935886465761731,0.06414860457224972,0.17181222258674245,1.5169066151406232,-0.01544947135532012,0.015313562729290521,0.056711971268372324,0.012439188040623425,0.36278686494413137,2.1,0.34103765966934485,1.1226986209873175e-07,1129,2023Q1
01/03/2024,CHILE,-0.001321804373710423,0.0617531730762528,-0.002551505376180879,0.06682003040656262,0.017022753437598022,0.011139354243577652,0.04557671302380015,0.2519817358563432,1.3069462021485956,-0.0014418582669931796,0.018150634750431632,0.04669107090284375,0.010600536256967923,1.3767102787087295,2.10201707347913,0.8090836600467345,4.7420445852918793e-07,1197,2024Q1
01/03/2025,CHILE,-0.003570819418846481,0.06657906395978164,-0.016605267156206097,0.08137680838892028,0.029277392416338713,0.013828827446439854,0.06577856516353792,0.07767721263638155,1.6183435377975548,-0.0034258172713879024,0.02925225398335938,0.056603858317512516,0.012352167618164035,0.018880883309974707,2.100000000000031,0.01887751880765321,5.22735151209376e-07,1265,2025Q1
01/03/2026,CHILE,-0.04614853098230399,0.4254638898680011,-0.06178036849998811,0.07144326237184861,0.004053184195875698,0.01880698219969108,0.09373783857174643,0.05040446668437597,1.6889265938950158,-0.04574559230016622,0.002345956772703461,0.08198615042500754,0.017966149931488817,-0.32467163613490124,2.1,-0.3088035801464834,3.614155633187147e-06,1332,2026Q1
01/06/2003,CHILE,,,,,,,,,,,,,,,,,,50,2003Q2
01/06/2004,CHILE,,,,,,,,,,,,,,,,,,77,2004Q2
01/06/2005,CHILE,,,,,,,,,,,,,,,,,,105,2005Q2
01/06/2006,CHILE,,,,,,,,,,,,,,,,,,137,2006Q2
01/06/2007,CHILE,,,,,,,,,,,,,,,,,,172,2007Q2
01/06/2008,CHILE,0.029816792347864104,0.0,0.025938796766958438,0.07013150819791288,0.047599922781388374,0.009819841794991544,0.03605685352375676,0.07805602918081594,1.246632526484905,0.029816792205448688,0.04787271474520673,0.01141309830004849,0.009205395443284536,-0.02016713384519587,5.720794963919884,-0.020163033975104102,2.916274381202464e-19,216,2008Q2
01/06/2009,CHILE,-0.03677829235992907,0.39115725666680906,-0.046275391486312774,0.028090313251899795,-0.0011282384474346244,0.014565380229090331,0.06441386661293483,-0.378978635005516,1.9474577619017868,-0.03677829233886075,-0.003228484625191424,0.04100075234514521,0.012792715490253051,-0.3650581986590479,2.211140055333101,-0.34292242926791555,1.7062504781252078e-20,263,2009Q2
01/06/2010,CHILE,0.010708696614687456,0.02639544254902988,-0.0006330714283386363,0.06739053147370748,0.0382161258000259,0.02101910918551021,0.05183368202359505,-0.226284234572042,1.223604789619338,0.01013399211313035,6.5560060654702696e+16,,0.016513436456991104,0.009023058894134305,6.082490224545539e+41,0.009022691607721395,2.337631233028911e-05,314,2010Q2
01/06/2011,CHILE,0.03922282314370872,0.0,0.03490703981016155,0.08398440079217806,0.05834644985223226,0.011706006300087198,0.03845062629499741,-0.05848213674919652,1.2097700428621736,0.03891509064120251,0.058149957454053484,0.011697683647593006,0.0116517838143605,0.023457309063151216,244.53078099997387,0.02345085808764365,3.5476709653346447e-07,371,2011Q2
01/06/2012,CHILE,0.03999206344446899,0.0,0.03643086906338846,0.08613496798020977,0.05956955383655596,0.012183639610944591,0.03982579744773484,-0.004979851851245238,1.2092363504497468,0.03964939788467524,0.05958041291759429,0.012116888731298922,0.012115800508980621,-0.008800229604437783,8737.455282809671,-0.008799888861557487,4.2503465697822786e-07,430,2012Q2
01/06/2013,CHILE,0.013819153181718582,0.0,0.009255444614904209,0.07238960636390654,0.03789389409724786,0.016156417152786578,0.04802023822171793,-0.02737872533298168,1.1698874453956445,0.013536546937397592,0.03791635419140076,0.014820772636688476,0.014821156568996059,0.009023041024643918,108980244.49824771,0.009022673740413066,1.9237366180055078e-06,490,2013Q2
01/06/2014,CHILE,0.013226723239213638,0.0,0.005908626127533001,0.057758373496435124,0.030141050846724474,0.012647305689606219,0.040118207244897945,-0.005596220502847352,1.1064218581909373,0.01118635881561524,0.03135215223349703,0.012259521710028734,0.012259839398921678,-0.009023057922514377,2004833906.8391876,-0.009022690636220111,1.5109355453773346e-05,550,2014Q2
01/06/2015,CHILE,0.008156278622567487,0.03138512785288934,-0.002797702901062636,0.057737354889222624,0.027649726505088318,0.013292802178287055,0.044226004306285115,0.09886918417424978,1.2145538829688305,0.008149097137688214,0.02827567533523618,0.013510630208214658,0.019417296804724038,2.066798383144352,161500635.8358326,0.9001701345303249,7.700440495294484e-10,610,2015Q2
01/06/2016,CHILE,0.002275939459926331,0.03973093234185475,-0.0032648251345134896,0.051358113880041016,0.02225364776435012,0.012174589911860345,0.04116502305940581,-0.006748489052224614,1.2134445207133997,0.002275939402708159,0.022064829981726583,0.012580844018050626,0.014575531355595795,1.0125860037883037,24.710624110702156,0.7115148650019194,1.0089610913819919e-20,671,2016Q2
01/06/2017,CHILE,-0.000527961441979306,0.054135773425732475,-0.0027638830712590893,0.043334226579031104,0.017806995066638936,0.010059351651947433,0.03617842724502012,0.10928507643514512,1.3229711569492697,-0.0005279611732208339,0.01738446439248809,0.0113068828798986,0.009602820315076468,0.15516744718626213,6.933162298262399,0.1533325373504399,1.726759117568531e-19,738,2017Q2
01/06/2018,CHILE,0.029012607561421686,0.0,0.024578370409826435,0.07451883921294501,0.047775143090754854,0.011152671638553616,0.0389928296160757,-0.060875085871326964,1.2407452557248224,0.02901260753614558,0.04768991259179746,0.01204670760162853,0.012270204097149167,0.7811929067683983,10.105280203253018,0.6156161022798751,5.715465913474638e-20,806,2018Q2
01/06/2019,CHILE,0.0019928762496383666,0.03547868785250047,-0.001438074461626259,0.04607271364732616,0.020368385424127375,0.009877168577167786,0.03866382487111952,0.09760552965905295,1.3612997035049559,0.001992875814372731,0.020479316504860304,0.013165628942328554,0.009309488225187682,0.4015322125799954,3.748087465404799,0.3726161037318013,4.519513111377181e-19,874,2019Q2
01/06/2020,CHILE,-0.14786630401037282,1.0,-0.16565034407742416,-0.05691986504555508,-0.10364363082027578,0.02049483502906532,0.09055968090269392,0.5745438921987753,1.4048240229282636,-0.146460502289464,-0.10121665190445252,0.051044382775567575,0.01763244653372955,0.003913094545834599,2.2709828389627544,0.003913064586922385,7.727955164890984e-06,942,2020Q2
01/06/2021,CHILE,0.0848927417953727,0.0,0.05858547099017428,0.13252175481768247,0.1203115804595268,0.0058138580501148895,0.04760633113889648,-0.16100124334513907,2.2833014331708545,0.08720918256854338,0.11755600225743301,0.057803147403310225,0.013206233694954337,-158095.7514670925,2.1,-0.9999999999799956,4.838171631607323e-05,1010,2021Q2
01/06/2022,CHILE,-0.012116240093998604,0.08000549785977316,-0.03742435635056924,0.09511774998429058,0.03657967171066742,0.01639751256775529,0.08844623335885445,-0.0193256788302064,1.8169753603181518,-0.01144114346604591,0.034652959412557374,0.07903363034645876,0.01741233340624385,-0.5249358386089155,2.1000000000000196,-0.4647893634788747,9.541977974306593e-06,1078,2022Q2
01/06/2023,CHILE,-0.0049249302115108185,0.11855376795297408,-0.006889209890992595,0.07300492596629067,0.014133458070853318,0.011693132064986386,0.04840492474955609,0.2920466950902019,1.3040086192815838,-0.005013826360485178,0.015288097950012429,0.05137637791366669,0.011587260092587242,1.635266065560993,2.1,0.8531260977321822,3.096570397621783e-07,1146,2023Q2
01/06/2024,CHILE,-0.004022238375183561,0.07659064442389185,-0.011721961248238488,0.0738167628935601,0.02079939903028783,0.012571285188856057,0.055123222059775635,0.17873836751408217,1.4856639485977108,-0.0040222383329229965,0.02149915194193658,0.03381653845865566,0.011546392817194773,0.6276124971278876,2.248520257977696,0.5315892274747748,1.0326514867474676e-20,1214,2024Q2
01/06/2025,CHILE,0.016008438393949297,0.0,0.005311831739461242,0.08458866991296995,0.03729019076854193,0.010763727326302213,0.04830841147722822,0.15350009865916994,1.4953218052228892,0.01602059924060249,0.03837875966994003,0.04477847106640498,0.009906943327348212,0.6697208606399899,2.1,0.5564558013811858,4.288179849959894e-09,1282,2025Q2
01/09/2003,CHILE,,,,,,,,,,,,,,,,,,55,2003Q3
01/09/2004,CHILE,,,,,,,,,,,,,,,,,,84,2004Q3
01/09/2005,CHILE,,,,,,,,,,,,,,,,,,113,2005Q3
01/09/2006,CHILE,,,,,,,,,,,,,,,,,,145,2006Q3
01/09/2007,CHILE,0.026201592733127173,0.0,0.02588168157290893,0.07344744821482768,0.04647533909619872,0.00899749811436866,0.03920627575241998,0.22917307136482457,1.5779642247659453,0.026201592527717116,0.0463126677851797,0.02020066289021341,0.007830836186597336,-0.21839467544421481,2.349290189889624,-0.21336557694600317,7.639822785576576e-20,183,2007Q3
01/09/2008,CHILE,0.014618633114616236,0.0,0.013474464434442557,0.06145527202141666,0.03454195687646386,0.011032296402322119,0.044142646624654766,0.20140628887009523,1.321157508296419,0.014618633623101805,0.03606208476160169,0.01559886160285615,0.010046301691055488,0.24631326427130462,3.356251859249393,0.23916499279520687,3.349617639517737e-19,227,2008Q3
01/09/2009,CHILE,-0.02008144571204626,0.2781089132831228,-0.029015460593603014,0.04301197485533819,0.00982674250065525,0.015700909544270798,0.056776942194479915,-0.250977712596555,1.4893765967166164,-0.02008144536481009,0.008989069204554693,0.017809546753428374,0.015344907373586323,-0.3526191664835424,6.567895756728703,-0.3325500598353316,3.254169531798568e-19,275,2009Q3
01/09/2010,CHILE,0.031149773900719706,0.0,0.024786071967893338,0.08091584517446841,0.05470256066115912,0.014002911284651018,0.04422854791028411,-0.16851316730749125,1.2897749391190088,0.0314964648309874,3.395611048611968e+62,,0.013524525744387415,0.00902305889393483,2.432592882434243e+133,0.009022691607521944,1.1602066005904346e-06,329,2010Q3
01/09/2011,CHILE,-0.008791478266567173,0.10859603179601636,-0.02897106751627707,0.060251450325503456,0.027415369421199764,0.020731881497924213,0.06750255173280792,-0.009648330444598414,1.3372676438560311,-0.006660104310928022,0.027142239389289863,0.020548869678744936,0.020550295001322633,-0.01598495165440148,83617.9458226596,-0.01598290981882005,1.9075428436133795e-05,385,2011Q3
01/09/2012,CHILE,0.04443321517996593,0.0,0.04060583918597973,0.08831827864649237,0.06224923328418338,0.011994000840062346,0.03776862291070712,-0.005616278596755991,1.1505693560292982,0.0434649445009657,0.06247036993625853,0.011554121327223126,0.011560058134121523,0.04019468453971531,5631894031.305881,0.04016225430973771,3.073496053310729e-06,445,2012Q3
01/09/2013,CHILE,0.015452208563743642,0.0,0.008036623322165384,0.06467825942593272,0.0361278663252072,0.014413843382775491,0.04522180040833549,0.013269359767294967,1.155876774796983,0.014242516892258418,0.03701098890680906,0.013841787638134774,0.013842910117060488,0.015962885558435176,184892511.09782887,0.015960852165940707,4.770850006931866e-06,505,2013Q3
01/09/2014,CHILE,0.004071928694505604,0.04140079613465117,-0.0077661692220752565,0.0537525297849155,0.023978648523390177,0.01315903331718307,0.04509948907556098,0.006669023123848461,1.1686205916594221,0.004071928853261015,0.02446053811498494,0.013894076453167236,0.017978308303332028,1.7827011000724533,17.945227672877003,0.8721538619831047,2.9673613727563895e-19,565,2014Q3
01/09/2015,CHILE,0.003152134729271565,0.042822808752575395,-0.007827559905459837,0.060284785968716614,0.026880908206704218,0.0145084113823773,0.048908053545000676,0.04745270584291918,1.3701181883909026,0.003024608116311365,0.027477691285703303,0.014926742372121495,0.014295426519962608,-0.001926852059427608,24.154041715041746,-0.0019268484824690414,6.658172009916655e-08,625,2015Q3
01/09/2016,CHILE,0.008942509376067153,0.0,0.004646072570773764,0.05353420486723619,0.027159310630712953,0.011029980503747046,0.03876331789796184,0.004690542211579035,1.191635955955778,0.008942509190905026,0.027077244906195636,0.012020759674817439,0.012926909269674287,1.062889958009814,9.561742178454134,0.7283254963156433,5.731583366082712e-20,687,2016Q3
01/09/2017,CHILE,0.009574197713013065,0.0,0.00836193920505511,0.05013345229014398,0.02591055683573989,0.009486848871430543,0.03400612401990511,0.03328720360009266,1.2245282976990277,0.009574198332575756,0.025540307773566726,0.010646025910706377,0.010492747763588224,0.8795550754056778,7.295070096887663,0.660439593786455,4.193612233194451e-19,755,2017Q3
01/09/2018,CHILE,0.008584359259743102,0.0,0.006760003903057564,0.0520729921714316,0.028029329243821698,0.010021651441509792,0.03765005653531644,-0.011737725405431937,1.3446899225957436,0.008584359413647425,0.02779451435695226,0.012149493150423239,0.00941309540076071,-0.22963157153638863,4.809982658391965,-0.22380663755211713,2.882839184586633e-19,823,2018Q3
01/09/2019,CHILE,0.012127674486730494,0.0,0.007699041583844663,0.06047278416385379,0.03219591631606874,0.010485608277017121,0.041548822905372255,0.01563002835445575,1.3186501595927145,0.01212767415274266,0.03223604735135163,0.014414284318996533,0.009642684411868982,0.2845420515293338,3.520448161604382,0.2736785795698825,1.9285799784395536e-19,891,2019Q3
01/09/2020,CHILE,-0.09418733517515246,0.9483540370164656,-0.10705514127737828,0.019825204909201102,-0.05077252070858961,0.023010680588189836,0.09463149790983354,0.36809220086919986,1.448184197994226,-0.09611694701778226,-0.04893479017012043,0.034110077004615394,0.020838690737549903,0.010547048415778009,3.190867164516834,0.010546461836668655,1.6190798108388036e-05,959,2020Q3
01/09/2021,CHILE,0.02574065535215163,0.0,0.008084212418505115,0.12408876316942596,0.09726414807909771,0.012925981117556228,0.09107100124832086,-0.8444507574676887,2.3136474240581593,0.02966255474085069,0.08801095838080615,0.11113920374341876,0.025391875066380572,-250834.43876975047,2.1,-0.9999999999920531,0.00013713680843672817,1027,2021Q3
01/09/2022,CHILE,-0.03600598789106947,0.23236372728517019,-0.05846982370863306,0.07860865929405939,0.013352187885126572,0.019193654275850288,0.09466900500397192,0.11131014133163156,1.756805528592219,-0.0356516721298603,0.012445578630150497,0.08203505256750215,0.017939231392049695,-0.22425176814122488,2.100000000000175,-0.21881722059529327,2.931187320108362e-06,1095,2022Q3
01/09/2023,CHILE,-0.018713911539478573,0.170393354479795,-0.021295214479159427,0.0702748402516071,0.014809547739668638,0.013985816875600958,0.06557944830420588,0.09269850521057785,1.4731578859467203,-0.01860202993806851,0.013952831843483667,0.056508022578026264,0.012331793339124984,0.03680820777457465,2.1000000000000214,0.03678329839030527,2.9104416901596755e-07,1163,2023Q3
01/09/2024,CHILE,0.0022474086016307515,0.04271420858435796,-0.005464205941731469,0.07774064564287199,0.027744474201231537,0.01194809823129196,0.054829985151493815,0.14630231334697186,1.5323106983283594,0.0022978817952920816,0.028370867937238427,0.04895380537741452,0.010758206051475485,0.43589560131611793,2.1,0.39958400728225185,7.1200581263332e-08,1231,2024Q3
01/09/2025,CHILE,0.008460708753697897,0.02798163845484054,-0.0011457153396038002,0.070298076733568,0.025727115975552814,0.011237805872800608,0.04586493847954287,0.2619356300862819,1.4078431062754386,0.008342867154898287,0.027836088623534153,0.048087456685438144,0.010829103443570248,1.4996586097777713,2.1000305350302875,0.8319920131106187,4.854597349446753e-07,1299,2025Q3
01/12/2002,CHILE,,,,,,,,,,,,,,,,,,40,2002Q4
01/12/2003,CHILE,,,,,,,,,,,,,,,,,,62,2003Q4
01/12/2004,CHILE,,,,,,,,,,,,,,,,,,91,2004Q4
01/12/2005,CHILE,,,,,,,,,,,,,,,,,,121,2005Q4
01/12/2006,CHILE,,,,,,,,,,,,,,,,,,154,2006Q4
01/12/2007,CHILE,0.025595627885856696,0.0,0.02506885956011734,0.07216379630466341,0.04603683714318443,0.009584275556188538,0.041323217139427264,0.131339418311868,1.5559905927208162,0.025595627982153663,0.04617834000346574,0.019327900863363917,0.008298765163499968,0.03171811126743091,2.4518978031220016,0.03170216847387448,1.4086527158643334e-20,194,2007Q4
01/12/2008,CHILE,-0.007988634498894566,0.17075081375581921,-0.02014487746651065,0.054793850706696165,0.01720575917701366,0.011533777021596626,0.05099962942349958,0.527174955429142,2.096696478587027,-0.008018848510069607,0.018723942952056295,0.04570397537593153,0.010045341461393586,-0.4407053148148319,2.1,-0.40327927566595645,1.8205772926704682e-08,239,2008Q4
01/12/2009,CHILE,-0.00634641880370157,0.07984717261839662,-0.008611528787488729,0.050009014694606925,0.02275139062198242,0.012725713174002864,0.05511906098556704,-0.09639664097744087,1.6093340793718316,-0.006346418605456805,0.02225667350678987,0.027291044610528847,0.011224398110270947,-0.3138725358875736,2.3961235421922815,-0.29946779783088545,4.816402533112231e-20,288,2009Q4
01/12/2010,CHILE,0.04075423015004062,0.0,0.03691211196038391,0.08315500656662689,0.060642108115266366,0.010587217608662346,0.038052864989527896,-0.15983530071589416,1.3004138428912935,0.04075422979745712,0.06015075660320635,0.011892801913090743,0.010300520317552457,-0.3044703538866134,6.980418935770935,-0.2912688921723746,2.0534519120668966e-19,343,2010Q4
01/12/2011,CHILE,0.027404301143813,0.0,0.021517856953050037,0.07636234648052763,0.04970896767538574,0.013049138660614384,0.04513019623927575,0.04171147255289895,1.2976499890570272,0.027404301398974745,0.04988287752974966,0.013870731945356263,0.012694073455749742,0.10596658372776543,11.898108480173283,0.10537660276007459,4.837014579270652e-19,399,2011Q4
01/12/2012,CHILE,0.036023417505552005,0.0,0.0294390547166497,0.0827350845901933,0.05487275393171945,0.013254306773416364,0.04037783158831716,0.09321858377356954,1.1467184372171375,0.03510289949510951,0.05552355584637451,0.01241451442145377,0.012420663836540481,0.04022864135006238,51696.542146642496,0.040196128925121984,2.643953122484306e-06,460,2012Q4
01/12/2013,CHILE,0.019118079615161262,0.0,0.01231333436946154,0.06492028329465946,0.03664235475030914,0.012766602250724875,0.041619689987807004,-0.033192175338616,1.0929859077299937,0.017047007019402212,0.037883713508170005,0.012667394392484136,0.0126677225979403,-0.009023049331963122,210167681.3621666,-0.009022682046717858,1.6718781108023827e-05,520,2013Q4
01/12/2014,CHILE,0.002099790491273703,0.04511865037875273,-0.008654358741009557,0.05452508663658578,0.02437413418647177,0.01326383758794451,0.048128712961037476,0.02194882745431915,1.2481422533373554,0.00209979072470382,0.024781247893833208,0.015171117061454327,0.014163228171283054,0.767565553153522,6.405058714237493,0.6088805345459323,8.486234393279103e-19,580,2014Q4
01/12/2015,CHILE,0.004539552992477776,0.036221606624968004,-0.003697171110464366,0.0554421318228516,0.025471551911600304,0.01246184160390721,0.04460723539924702,0.05298243623314504,1.2486375376741277,0.004539553016345436,0.025768018808353905,0.013936986240856743,0.013289121352151585,0.7222971505067977,7.361684011251885,0.5855304719348305,8.398810141349479e-19,640,2015Q4
01/12/2016,CHILE,-0.0010074586536412274,0.06285483516575277,-0.004436697924798543,0.046093260023473366,0.018718808594597097,0.011183679558625426,0.0387767066808799,-0.00021764616690754561,1.2931275363084853,-0.0010074584681417486,0.018216990601452415,0.011928552533028552,0.010976835332259639,0.21631014444763486,11.360450074689663,0.21142049652548292,8.295683455067477e-20,704,2016Q4
01/12/2017,CHILE,0.015230865507828348,0.0,0.013406423849611063,0.05742942298858793,0.03319919933467334,0.009893932781016829,0.03489847520704198,-0.06536475157478872,1.2313665085267242,0.015230865432589587,0.03281384592041802,0.010805053357048754,0.009548865905073417,-0.15315338287827845,8.711482042829559,-0.15138819627868988,7.480096365817397e-20,772,2017Q4
01/12/2018,CHILE,0.011401513649240396,0.0,0.007203192949681637,0.06831166724077078,0.03394018654009742,0.012652518487744506,0.050161975721430926,-0.025699984713078616,1.4008826485383015,0.011401513726725898,0.03403140638504974,0.01779019327548162,0.012962428791687988,0.8591972642569223,3.487057350930434,0.6516891971003065,7.765228665121311e-20,840,2018Q4
01/12/2019,CHILE,-0.032109545999932175,0.7013806592725563,-0.032996792529043396,0.01872924829695196,-0.0067223251514385435,0.009800224513754893,0.04471125532912729,0.21099439813353188,1.520809133276148,-0.032052927767127225,-0.007555471451569535,0.04286098995266439,0.009539461100339135,-0.8885463402169052,2.1000000000000383,-0.6642207819917986,6.441749373139139e-08,908,2019Q4
01/12/2020,CHILE,-0.02263419513412833,0.22165775245237848,-0.03309564351923965,0.05864060025553107,0.011792237333088545,0.015426073827431545,0.06826796933529974,0.1726299617464788,1.5369473640635605,-0.02268210198435279,0.011746230124302853,0.0591440823621953,0.012909021841218197,-0.0695043612036996,2.100000040520698,-0.06933708424048177,5.2428164959900244e-08,976,2020Q4
01/12/2021,CHILE,0.006701741615512751,0.038108275720802796,-0.007387345589520346,0.09503842789782463,0.06880154139741626,0.013697721385582888,0.08418179303644759,-0.7100559899045257,2.063483081879251,0.008944066096547567,0.06218300853325312,0.10140695034343526,0.023168355784929984,-180832.5668714947,2.1,-0.9999999999847097,4.9685679078230926e-05,1044,2021Q4
01/12/2022,CHILE,-0.02648639248026886,0.5592285010067989,-0.036743203781479314,0.06882187569884787,0.0014482969678054594,0.015488260291610365,0.06629889271501457,0.28278737674676707,1.4557405172968525,-0.026569743812828495,0.0030655083609476778,0.06484066318481753,0.014465221762996574,0.9847972130990622,2.1,0.7016700308170201,2.189856759081415e-07,1112,2022Q4
01/12/2023,CHILE,-0.0027044296966640185,0.07501412685494116,-0.0032688703373292345,0.07239173304585701,0.017559712279311593,0.011347143266421127,0.04684366126644978,0.216033001165901,1.3055867811943378,-0.002704429424611526,0.01716249532462216,0.019754728616041935,0.012119711913261564,1.3022913871242472,2.8106294918320582,0.7931424893605867,1.4820565274850923e-19,1180,2023Q4
01/12/2024,CHILE,0.011037435165654171,0.0,0.0007227985266334609,0.0853549818939707,0.03772155449802444,0.011580855981704477,0.054300466592553165,0.08327869928717951,1.6159482657666335,0.011130090748960519,0.037790079678047754,0.046961701857019235,0.010256619939704927,0.14069612833839495,2.1,0.13932389981282453,2.037677618233386e-07,1248,2024Q4
01/12/2025,CHILE,0.01286026538305754,0.0,0.00475143826648064,0.06787081992740866,0.025723294904359467,0.01039967292924202,0.040094922739639945,0.2935828101907585,1.3434161224779069,0.011562210326116377,1.118405746569506e+34,,0.02084836391042065,147.99819002436948,9.041167630820993e+71,0.9999771733423374,1.5442471520894082e-05,1316,2025Q4
01/03/2003,CHINA,0.09952901413224353,0.0,0.09923403386468768,0.12804775168587723,0.10817851567439302,0.011002043345757303,0.01909787499279529,0.9024145520680742,1.0594100715188857,0.09893258067734602,0.10971219716700219,0.006553056182824437,0.00655322498845576,0.00902276145087674,6547149.8241825,0.009022394200783716,2.2643064954352017e-05,45,2003Q1
01/03/2004,CHINA,0.09668396621957531,0.0,0.0963625036725699,0.129698342535338,0.1097162966084043,0.00689682518734206,0.03281400646247076,0.02575406682187292,1.875748671125069,0.0967741241010145,0.11060111968868702,0.033818262476967585,0.00761006866933069,1.4562489837924766,2.1,0.8243513081067717,2.913741854257246e-07,70,2004Q1
01/03/2005,CHINA,0.08792607541348453,0.0,0.08703325069866,0.12619890749476095,0.10626214413681762,0.011588385949315116,0.03737208604379248,-0.2910841575468127,1.1211448374920012,0.086988182680059,0.10572793350249628,0.011392564458887384,0.011396902239252871,-0.03487006665733858,165694.70755325424,-0.03484888633786135,3.165565123895234e-06,98,2005Q1
01/03/2006,CHINA,0.10868726647531521,0.0,0.1073888553398859,0.14261880755837378,0.1231682067077938,0.006864484365411639,0.03345511676257301,0.20122064226366426,1.1414008874935333,0.10879658842094662,0.12407119598528962,0.031089305399521813,0.00688936305015085,0.7260963529691599,2.1,0.5875489236199405,3.511716444733974e-07,129,2006Q1
01/03/2007,CHINA,0.11386464300994698,0.0,0.11260248112901843,0.14961366456240377,0.13035178938738953,0.006120408339432088,0.0333824279668076,0.2604355525757693,1.3801151655539676,0.11409265124096386,0.13021629416248787,0.02863759766475417,0.006258665932722557,0.18853144405289102,2.1000000000000374,0.18526760766587558,1.424004911667502e-06,163,2007Q1
01/03/2008,CHINA,0.09426912726997802,0.0,0.09045926061605358,0.12653962246702427,0.10934645028246694,0.011807039100706615,0.031821180380081665,0.12383443806674758,0.7699199001235771,0.09379455174604509,0.11021076527598156,0.009979617181115365,0.009980408313974629,-0.015966306039023277,538044.411223925,-0.015964271339287073,3.551118804647073e-06,205,2008Q1
01/03/2009,CHINA,0.009074131773886634,0.0,0.007290864390626414,0.09592642491634726,0.05479461423641244,0.017152318048650222,0.07232994602008216,-0.30376712365174485,1.517748175056133,0.009074131890497739,0.05155612167768696,0.0368269590474436,0.01847654712581769,-1.571202140662847,2.498949915675584,-0.8436264429803463,2.4357652839747863e-19,251,2009Q1
01/03/2010,CHINA,0.10474661178141607,0.0,0.10186648328916838,0.14749701278503174,0.1238670852910819,0.011903140459522395,0.037427764229845215,-0.1783547510161356,1.068453545406742,0.1045855776511394,0.12312030696316156,0.011439874555353247,0.011456773025643654,-0.03488251489404619,601700696952861.6,-0.034861311896827736,2.206873436178461e-07,301,2010Q1
01/03/2011,CHINA,0.08553205395437032,0.0,0.08132394254004945,0.13324829835117244,0.10693891234966883,0.012656982127346169,0.04212196140661763,-0.08111298138952522,1.2370653306218529,0.08553205396089945,0.10651986456752852,0.012825988059195437,0.01290949853819036,0.30198362743918994,49.661979525722764,0.28908954845897594,1.9001795043057863e-20,357,2011Q1
01/03/2012,CHINA,0.0687537226287386,0.0,0.0632958344148263,0.11703514396910121,0.08852241659971918,0.01612772881177326,0.045431449178515076,-0.0462813987303081,1.125284760303637,0.06611467011769014,0.0893787861543295,0.01414308867825989,0.014148458581510587,-0.034867954405047835,141658.16360839826,-0.034846777931990446,2.1660781200498305e-05,415,2012Q1
01/03/2013,CHINA,0.06597812625789991,0.0,0.0598816620582346,0.1164546262577033,0.08422325391833053,0.015996396853327228,0.043966409069563464,-0.0038968240211778196,0.9408647702325422,0.06303540418902946,0.08573608036402518,0.013743289823240313,0.013743290445018338,-0.009023058893882245,821923814380168.8,-0.009022691607469366,2.6915990792981346e-05,475,2013Q1
01/03/2014,CHINA,0.06148527260148366,0.0,0.053588887214827824,0.10869204174112433,0.07961220792104626,0.013180058029469791,0.04450637965535037,-0.10869996961602553,1.1081949316706585,0.06148527244347232,0.07978902652454266,0.01398468132253886,0.019990628435612962,3.6184180611478345,16.206063388194202,0.9638685241009993,1.4241595393224357e-19,535,2014Q1
01/03/2015,CHINA,0.057320163018139816,0.0,0.047324716906034,0.10446132234315303,0.07557752710414001,0.012763371084998369,0.043611954242678844,0.081194427505357,1.209899952753917,0.05733107072888937,0.07623558628244892,0.013417138058306785,0.019750720006642217,2.749681235719196,51.147307570160926,0.9397806991424352,8.146845112269152e-08,595,2015Q1
01/03/2016,CHINA,0.054052392799198795,0.0,0.049255990620915825,0.10110988003808337,0.07332297366784327,0.012073415073665328,0.040970112810838816,0.019644239289016454,1.2073820913823878,0.05321895156327264,0.0737061826239981,0.012529897036542892,0.011822227494647602,0.0009324691601332387,18.220309490713884,0.0009324687547431256,2.7599433764847487e-06,655,2016Q1
01/03/2017,CHINA,0.05414457178322321,0.0,0.05149700083552434,0.09981776051170582,0.07334911418715062,0.010615036676478465,0.03808196331969048,0.03223941891290664,1.28440925522686,0.05414457209652086,0.0729125446959967,0.011887796343811576,0.010231466028395562,0.23133229050527093,7.117807326636367,0.22538031044935739,3.09793682789886e-19,721,2017Q1
01/03/2018,CHINA,0.050252812853769945,0.0,0.043645257287256364,0.10369741550892687,0.07193986842829608,0.011377252618835251,0.04537245690679861,-0.010951435784788764,1.3717398411023847,0.05025281246770254,0.07184521683047049,0.015999374476295923,0.010644864208150934,0.4180495696919905,3.4052113608755485,0.3857022740297845,3.4408415416149123e-19,789,2018Q1
01/03/2019,CHINA,0.04945847152856361,0.0,0.0455096627856957,0.0939398343384332,0.06737737636863939,0.009559595456892311,0.036459293701964185,0.1492984182015233,1.369319613494552,0.04945847146401762,0.06726417838565413,0.011951228138977138,0.008918875528605161,0.24022146698459093,4.359096594481899,0.23357656012047684,3.4137916999447626e-19,857,2019Q1
01/03/2020,CHINA,-0.07062555651470157,0.9323367882679918,-0.10478797621929875,0.02251715626999028,-0.03700995461864276,0.022284805287614184,0.07569867860296471,0.06245602308694992,1.4518875392577206,-0.07254928532707305,-0.03470191548948375,0.023143526279305524,0.02185702312532152,-0.0006930219426442103,18.50373174804119,-0.0006930217762221843,1.48401748317704e-05,925,2020Q1
01/03/2021,CHINA,0.13978644163297202,0.0,0.12007522930376266,0.17970113863431203,0.16808156394159052,0.003392323011385441,0.035262935884386976,-0.05206601129377756,2.8133798245273955,0.14225559827962475,0.16513151104920115,0.04357292695993224,0.009955067882171013,-82571.15802202733,2.1,-0.9999999999266647,5.409992733298741e-05,993,2021Q1
01/03/2022,CHINA,0.03489292543617685,0.0,0.024936209582672297,0.12472617831157475,0.058907237206791016,0.01370683862369761,0.060447323550516754,0.4132474985703283,1.4480890002917866,0.03489980927610853,0.060907743249508706,0.06160155393114316,0.013830400839364754,1.305894814696448,2.1,0.7939544066239017,1.5780959606326775e-09,1061,2022Q1
01/03/2023,CHINA,0.031085649800469618,0.0,0.02418801124461003,0.12039181150864564,0.056484925595655724,0.013919055004091022,0.06004585247755505,0.2683760018237196,1.4292293640091276,0.031030546829185983,0.05775157928149355,0.05896584364718795,0.013164299484333127,1.0169056902874858,2.1,0.7130086988192628,9.976648937264884e-08,1129,2023Q1
01/03/2024,CHINA,0.05264934570961723,0.0,0.04857129144106777,0.11834170328847277,0.06554495177848008,0.010724678238507191,0.04037766976451724,0.35751480284969095,1.2352607113599612,0.04756850055241325,0.0678872332074501,0.014455071912170417,0.009064805241207648,0.008191505980668649,3.29622477068674,0.008191231166318435,9.763073905378577e-05,1197,2024Q1
01/03/2025,CHINA,0.02780005950865508,0.0,0.01754013109584376,0.11444698592344686,0.05785450024357042,0.01485355009515834,0.06497779125575376,0.16935468032366321,1.5012019848731388,0.027739678198096848,0.05880896810345034,0.05814106533135826,0.012772739031851551,0.4229932587675105,2.100000098571576,0.3895746338004992,1.0311867092619442e-07,1265,2025Q1
01/03/2026,CHINA,0.0004814558474392841,0.04918048051982232,-0.01420568274671897,0.1178166705207943,0.05185682349057518,0.0187355315662723,0.09408801773777353,0.03481419182713182,1.7094078852596868,0.0009389608111440087,0.04971675742143624,0.0833283825212295,0.018308377353806995,-0.4277523736587738,2.1,-0.3932830039367386,4.288608847992237e-06,1332,2026Q1
01/06/2003,CHINA,0.07431570023314478,0.0,0.07372125428498495,0.10865595093279716,0.08734400255160418,0.009400762359789476,0.026600673703998642,0.4448212022510381,1.6683022563891292,0.07466142679040173,0.08827333364299383,0.008274892133483168,0.008279011197630602,-0.040224162521405676,59547.405446791316,-0.040191660945732476,3.0731732085985913e-06,50,2003Q2
01/06/2004,CHINA,0.10856881765086851,0.0,0.1079615384041552,0.13779220142545184,0.11823472419113648,0.00919611200178015,0.028787072381856682,0.2693531314561273,1.0433399961989893,0.10559672823377898,0.12009565721830244,0.008814464054641397,0.00881699973612765,-0.03468659244932375,10525.74478404506,-0.03466574450498455,3.302134302263689e-05,77,2004Q2
01/06/2005,CHINA,0.09701813187285198,0.0,0.09228076490829736,0.1285806548369522,0.10992689788004859,0.009427813290922743,0.031061491521120907,-0.2026278287845854,1.1059387498691007,0.09523989291243647,0.11076952414999218,0.009442381949526917,0.009423829500141022,-0.0051988771755021885,507.2442749586984,-0.005198806918458311,1.2659974127866321e-05,105,2005Q2
01/06/2006,CHINA,0.11905609114169702,0.0,0.11569285540013984,0.15162912950548882,0.1318002134164402,0.005951713727164187,0.032255020195979256,0.2792400494143046,1.3217257014242845,0.11927017912715134,0.1327310824782436,0.032939301036430606,0.007412528312487136,1.458678968572594,2.1,0.8247913512909818,1.6567384681159634e-06,137,2006Q2
01/06/2007,CHINA,0.1257883461006324,0.0,0.11871018776647257,0.151004378882914,0.13572573386910902,0.005896296136553345,0.025030361602241202,-0.5884097561701745,1.6356592801792977,0.12576273977823252,0.13629018687253125,0.026365703497749,0.00594246229682981,1.5783052755500755,2.1,0.8447206800806487,2.4454646695539026e-08,172,2007Q2
01/06/2008,CHINA,0.09300679876654536,0.0,0.08799748414754723,0.13198582955371507,0.10970809265810696,0.009449721452218028,0.035329516120258336,0.04084938616005754,1.248303742812048,0.09300679862175473,0.11002151177049077,0.011366609400552183,0.009167862618361956,0.41839820901084734,4.977979539496501,0.3859760332690103,1.3946890665735221e-19,216,2008Q2
01/06/2009,CHINA,0.053371902772382976,0.0,0.04737282844131937,0.11092396571607824,0.08373259713041403,0.013270044740097903,0.05401167758758395,-0.32062619281992105,1.5957084452263872,0.05488583855480969,0.08186730078334016,0.019514995801773655,0.01189502712356736,0.0028518844928486385,3.1823253683829646,0.0028518728953815073,8.987332060287596e-06,263,2009Q2
01/06/2010,CHINA,0.07230732105038669,0.0,0.06134537889405961,0.12944299133176373,0.09932908391927252,0.021538377346256733,0.05229077103791026,-0.22000605836122683,1.159665030692624,0.0712363817427142,30535.72167274438,,0.0167071183228151,0.009023058893915964,1.2891044899233514e+17,0.009022691607503082,2.5085290566243715e-05,314,2010Q2
01/06/2011,CHINA,0.08713215915546235,0.0,0.08204695316611176,0.1327205295870742,0.10654429821748249,0.012455194315835914,0.03980718464822061,-0.03662313575512369,1.1922634530416414,0.08658192768473583,0.10656916353568484,0.012150950971444552,0.012155651896318901,-0.03488213437276347,5420558.512792026,-0.03486093206900426,9.675580217818207e-07,371,2011Q2
01/06/2012,CHINA,0.06113754768803582,0.0,0.05693286541487638,0.11236485174645652,0.08308295028945069,0.01731926039960046,0.04948872966021528,-0.012866670963132258,0.9478805634747842,0.05892292766342857,0.08420566268491957,0.015370297553779593,0.015370695843801352,-0.009023006462632044,884541793.5874757,-0.009022639182621557,1.5267980805697714e-05,430,2012Q2
01/06/2013,CHINA,0.060511422727657166,0.0,0.05147932940722681,0.11167993796234364,0.08039605181775497,0.01617903071369607,0.046097398796101974,0.04097331486630341,0.9752934840938263,0.05836318881155211,0.08192448818880599,0.01432377981841916,0.014328818841752897,-0.034812977682137584,29660.28393144179,-0.0347919011583387,1.435272861356557e-05,490,2013Q2
01/06/2014,CHINA,0.06562908909972896,0.0,0.058029077600640334,0.11013739506386781,0.08240728365265573,0.012651571064044256,0.039956360447384445,0.0002921229276835091,1.1057218424832567,0.06355510742399464,0.08365271122359155,0.012218047838301464,0.012222770000592527,-0.03488137247322223,1805861.3471116882,-0.03486017155789783,1.5475387290215093e-05,550,2014Q2
01/06/2015,CHINA,0.05486592692286918,0.0,0.04333132380437215,0.1050886557929431,0.07455713362336247,0.01364507291374911,0.04534313302777812,0.10454702087058272,1.2022100982006647,0.054212160123038734,0.0755981992064687,0.014354108317929088,0.012735334133301275,0.6665956832531799,5.74803090683785,0.5546593052980616,3.4312301423660742e-06,610,2015Q2
01/06/2016,CHINA,0.050569285836261205,0.0,0.04580971839367445,0.1007709204968107,0.07143824773164235,0.012101158645147653,0.0425340886768822,-0.015500513259368146,1.2264730066820253,0.05056928571437082,0.07118419523490521,0.013160694889986634,0.012607320699404088,0.5733305403963129,9.208193645705324,0.49738228890075226,2.8889372395290686e-19,671,2016Q2
01/06/2017,CHINA,0.055980530395052505,0.0,0.05352838148517691,0.09957402224587432,0.07412331793542398,0.010125706621674613,0.03610025858596623,0.10547957430977047,1.31018275431077,0.05598053053115851,0.07376784956427397,0.011233435249395352,0.009819721996716137,0.25053385097559516,7.628923629672478,0.2430229792832205,1.931581408043268e-19,738,2017Q2
01/06/2018,CHINA,0.05274829227024683,0.0,0.04849159015327113,0.10019178831470135,0.0723919531999331,0.010516258057180837,0.04031949463383892,0.018611781109761995,1.333322487235878,0.05226183918245282,0.07241921211996175,0.013301981648645093,0.009622240709756731,0.0022858353524821424,4.195169924594348,0.002285829380711245,9.37782737808849e-07,806,2018Q2
01/06/2019,CHINA,0.047989098667458804,0.0,0.04487485261731169,0.09053358851908597,0.06499185194790466,0.009490148945169792,0.03677884329939954,0.14784039981204528,1.3875586243899525,0.04704221392117924,0.06543307877326181,0.012333971311016654,0.008616054533057318,0.0018102065853793667,3.9061684284499334,0.0018102036195008482,3.5475671154711205e-06,874,2019Q2
01/06/2020,CHINA,-0.017322694566094296,0.09581510397019095,-0.03705761083721551,0.07126549574764621,0.0281573123718033,0.01770071356396434,0.08290297249024182,0.23892765086268206,1.4912061226905626,-0.0171337394140744,0.027343869085112826,0.07695837554801017,0.017041344908449177,-0.7000775085274038,2.100000000000037,-0.5735049577805138,6.868830649017725e-07,942,2020Q2
01/06/2021,CHINA,0.07065933987521394,0.0,0.061199345937786934,0.14228950032383586,0.08896957588525731,0.010793557789465124,0.045954604244722114,0.298605497306163,1.3664500253902763,0.07058244990758743,0.0901314903278692,0.029171705292487086,0.010962583800218395,1.3335521926959322,2.28069869029034,0.8000472661739001,2.4881034724616742e-08,1010,2021Q2
01/06/2022,CHINA,-0.004318722535985073,0.06565226903422813,-0.0251161034651185,0.10626463753379725,0.023742941644050063,0.018156071368105646,0.07749104868393346,0.49312556131373053,1.4575448940212572,-0.004364599702997996,0.027397991493743504,0.08385500178422782,0.018960958769953597,1.896384224008012,2.1,0.8845521039113827,8.905366986559857e-08,1078,2022Q2
01/06/2023,CHINA,0.05087350383422129,0.0,0.047694040588614935,0.12737546090220409,0.07139804874536704,0.01123149308251147,0.048542090498757046,0.22671240656300745,1.3669097936049326,0.05083461688669513,0.07225257387473197,0.048162666943645384,0.010769433070374758,1.0893508081535352,2.1,0.7366727898661439,4.852564735336048e-08,1146,2023Q2
01/06/2024,CHINA,0.0457356422509574,0.0,0.03493749198257571,0.1204312387063958,0.06092961315314299,0.012388870499126695,0.046799545704307624,0.3637113470123769,1.3437996065483184,0.04559647981884004,0.06338536108293383,0.05543858718581012,0.012632135952325381,4.112017252583017,2.100000000000099,0.9716795632942339,1.4940453966748233e-06,1214,2024Q2
01/06/2025,CHINA,0.043756571511200625,0.0,0.03592186346670535,0.1145487128994397,0.0612788934747058,0.012066418342515968,0.04728020606385939,0.30108966154214395,1.3267602803336562,0.043581550015231965,0.06324420593708321,0.05116645781718767,0.011559776252566436,1.801553596055856,2.1,0.874335046667327,1.2154890899464415e-06,1282,2025Q2
01/09/2003,CHINA,0.08700369929578129,0.0,0.08664794287186445,0.11740321594283391,0.10203697365384243,0.008540505454183108,0.030399516647052496,0.3466104880731725,1.7413163415766983,0.08700369938380964,0.10301184229349884,0.009474598204898129,0.009365118691141663,-0.821425486212202,7.896136032235841,-0.6347379998398682,1.1892312526175032e-19,55,2003Q3
01/09/2004,CHINA,0.09225638874518491,0.0,0.08604288185860386,0.1270221198336275,0.10630127868173508,0.005928161137430464,0.030599335672758174,0.24439655096818605,1.364954292133414,0.09241132921399693,0.10747803019943007,0.026178446373436384,0.005713111460532321,0.04498567314145696,2.1,0.04494022311709299,6.367742769392342e-07,84,2004Q3
01/09/2005,CHINA,0.09630014463066691,0.0,0.09000212734269711,0.12731080130818478,0.10800462587267498,0.008967263116670052,0.029339572232824213,0.07015144738803268,1.2278688046013055,0.09450251511635435,0.10919013054780073,0.008932957903128105,0.008883525501254897,0.0016091451822067696,181.18527694589147,0.001609143098892211,1.2673535352899093e-05,113,2005Q3
01/09/2006,CHINA,0.10591710541691349,0.0,0.10580906793298317,0.14250969776346334,0.12232488712189973,0.008169909906528654,0.036088370459572555,0.3193229992048683,1.4714089344133954,0.10590022301030502,0.12292430018427043,0.03275418616073565,0.007216722993608124,0.5271841685144236,2.1000000000000694,0.46634786346590384,8.277183645282235e-09,145,2006Q3
01/09/2007,CHINA,0.1172252080170216,0.0,0.11526545856127551,0.15108992010161792,0.13413293428803413,0.008353767700322642,0.033388388183205636,-0.013596065157483312,1.0830590426128708,0.11722520786767059,0.1338077151249573,0.011740038039052703,0.0075042864986025175,0.05833306545521824,3.3781220449458855,0.05823407170378716,2.6156784936728887e-19,183,2007Q3
01/09/2008,CHINA,0.07534820853811305,0.0,0.07486888506275186,0.11000711361954887,0.09097991646920711,0.011035383710569656,0.03339470787852075,0.18198330671755616,1.1504175374855707,0.07488213045110975,0.09178844933786585,0.01027798332446217,0.01027824985097236,-0.009023058891696918,2150985978881.228,-0.009022691605284306,8.724658556313047e-07,227,2008Q3
01/09/2009,CHINA,0.07493625300640644,0.0,0.07057440339376904,0.12543482596144997,0.1010513457358922,0.011841040119637915,0.046140621333930654,-0.11274624922876315,1.3213811256324035,0.07663589426211209,0.09968623940662777,0.015420037784851605,0.010830829130556666,0.0031189866107120016,3.947456682459817,0.003118971439950988,1.1371257592521827e-05,275,2009Q3
01/09/2010,CHINA,0.07841956496394431,0.0,0.07148433521396651,0.13414621238894886,0.10377156430624734,0.016873596707309733,0.04984828989858253,-0.12331711874924586,1.2126557838653722,0.07778226003055302,-11171.670026675401,,0.015400077452861788,-0.009023058893898265,2.03084164319679e+16,-0.009022691607485386,2.5176904093111058e-06,329,2010Q3
01/09/2011,CHINA,0.045104672765987106,0.0,0.02538066818543014,0.11355175693679068,0.08076505146218937,0.02065769729605092,0.06717917434607702,-0.004982612405659825,1.3328578724758484,0.04696771494382538,0.08061644779471472,0.02045634946176867,0.02044288678925105,-0.01735204711907474,1327.0510193022974,-0.01734943541419562,1.4810854816387775e-05,385,2011Q3
01/09/2012,CHINA,0.05816793758156195,0.0,0.05362002041591945,0.11033175204783587,0.08012471298347788,0.017796312677723383,0.04866980070722494,-0.027542565211955132,0.9382255256652032,0.0559556965019668,0.08099867844526609,0.01522582797986709,0.015231784453871581,-0.03488251489350572,45730007708395.5,-0.03486131189628825,1.6035877867651078e-05,445,2012Q3
01/09/2013,CHINA,0.06719135489673843,0.0,0.05707648838569836,0.11712239457561477,0.0848892251001428,0.01506847388373794,0.04302493464163293,0.10238948699328718,1.0112361645626893,0.06472113116159192,0.0867044275184673,0.013364454337363807,0.013369146226226244,-0.03481155444128893,29065.36798498237,-0.034790480500801566,1.9070158687648012e-05,505,2013Q3
01/09/2014,CHINA,0.05713488689584659,0.0,0.043620566363045274,0.10637792857817625,0.07613212043100574,0.013217214988210168,0.04423753412530712,0.022850444342308568,1.1598572182150286,0.05713488686330373,0.07669818966153912,0.01358271425371003,0.01982071048470407,2.456059532560336,77.62426590387142,0.9261736153842149,2.2230501259941735e-21,565,2014Q3
01/09/2015,CHINA,0.04918768350558634,0.0,0.03662167549485748,0.10633616803946973,0.07230249207825751,0.014966853438884526,0.04804406642003766,0.059229428225751335,1.3716376951895308,0.048878440344091126,0.07298578278030159,0.014655752497502336,0.014656940722176196,0.015962875601643278,60737340571.385185,0.015960842212953286,3.0198374758587834e-07,625,2015Q3
01/09/2016,CHINA,0.052389920807769955,0.0,0.04874150659335821,0.09882480069883746,0.07171442761912707,0.011015339450419527,0.03986873064095002,-0.0229090679431806,1.2121776735372543,0.05238992089833419,0.07138317566535354,0.012534382358221505,0.011469537519676366,0.6534868968549309,6.5423674205779765,0.5470386741611067,1.1938891665098966e-19,687,2016Q3
01/09/2017,CHINA,0.05691196467340481,0.0,0.055829641037179745,0.09828065404444067,0.07365678386531997,0.009469625298360098,0.03458259551840234,0.051489054002990045,1.2487621858881623,0.05691196453285161,0.07327182859577801,0.010943485916123891,0.009892471143523677,0.6930691519164793,6.022233403537317,0.5696329733651408,1.8299849398339073e-19,755,2017Q3
01/09/2018,CHINA,0.05419909664473507,0.0,0.05194900341234699,0.09629516336148998,0.07150234278112305,0.00941384295375705,0.03443562259386902,0.03478249689112946,1.3994805894794564,0.05419909699836676,0.07109273418178964,0.01087719598925333,0.009000280444182178,0.25366943560079436,5.907514150026039,0.24588174192294834,2.7526337007859553e-19,823,2018Q3
01/09/2019,CHINA,0.04679649274592167,0.0,0.04277669354289481,0.09237513040521714,0.06410129648754727,0.009759266081685697,0.03769124973821136,0.15046064097821468,1.395527558567666,0.04679649251851343,0.06410152115739214,0.012691822959277798,0.010014010024091325,0.7801258075743056,4.034822201986387,0.6150934689777057,2.384543758575139e-19,891,2019Q3
01/09/2020,CHINA,-0.0014105650352036897,0.054027684855110655,-0.018012275563316485,0.10157809457958705,0.04746688054363406,0.018778086247739058,0.08837398114725685,0.12244465492684288,1.6409337442302094,-0.0012048164646434598,0.045727847199231536,0.08079325018323694,0.017842540483946397,-0.6070619395030328,2.1,-0.5189275935592855,8.645536692894065e-07,959,2020Q3
01/09/2021,CHINA,0.03217566854112423,0.0,0.022635025724685457,0.12730298793085215,0.06185700521816627,0.014581745551779482,0.06927164353819272,0.3586470788244916,1.4585915552930684,0.03233338354142709,0.06371704134795991,0.0653193988977844,0.014505971538738506,0.8042844090597461,2.1,0.6267286396958562,8.400285198601485e-07,1027,2021Q3
01/09/2022,CHINA,0.0032886659140576036,0.046117793498572215,-0.01788914825456083,0.11809363928274101,0.047611654273107436,0.019569412159584805,0.09136926725146852,0.20484186950050579,1.6606752242084815,0.0034243792462416724,0.048208448432944376,0.07913543243872188,0.017287588331543934,0.159494726433275,2.1000000000000045,0.1575039697218925,4.7190710084071324e-07,1095,2022Q3
01/09/2023,CHINA,0.03807914945175909,0.0,0.030429537263226402,0.12296936456775068,0.060542754627603876,0.013303859714964483,0.05531591803920218,0.24324753416386358,1.3142039213670302,0.03796736247867739,0.062001291090852687,0.05633244734204547,0.012637514903338858,1.259855272645439,2.1000000000000068,0.7832541293572621,4.491300739145205e-07,1163,2023Q3
01/09/2024,CHINA,0.041473636707229075,0.0,0.03332523087376389,0.1157145912248683,0.058915157859584635,0.01246792180495429,0.049176931602657264,0.33715988875972125,1.3401581889829368,0.04129428262937496,0.06094642573465964,0.045499843477575214,0.01262822118734895,2.337211401387683,2.1483176425040225,0.9193815801323962,8.656598412186587e-07,1231,2024Q3
01/09/2025,CHINA,0.04339665014576977,0.0,0.035912662013264755,0.10658762465708498,0.059553595310390964,0.01196994519114943,0.04615080655704006,0.33041920297645,1.3355788873848984,0.0390733568351767,0.0621676802918187,0.01547661134795862,0.010825637364480485,0.0006296353563060818,3.9160197819048577,0.000629635231499584,7.407126979273602e-05,1299,2025Q3
01/12/2002,CHINA,0.08699710880428875,0.0,0.08521813596197421,0.10393428486938548,0.09341808306564901,0.006546588112673917,0.016937176065096607,-0.2812073192029779,1.1777209013579508,0.08511575791241481,0.09392179288886296,0.005349557552605053,0.005349652900708819,-0.009023058893262038,108620962737984.78,-0.009022691606849237,1.1136090688659373e-05,40,2002Q4
01/12/2003,CHINA,0.09347202071955135,0.0,0.0910557832280374,0.12077488321902922,0.10506671173419989,0.005413681808817408,0.027302862499477748,0.2697054450579698,2.6371828695421775,0.0935907721252393,0.1060849498509013,0.025150143870124,0.005567126198354665,0.6873843300594202,2.1,0.5664640931843241,4.239421131383034e-07,62,2003Q4
01/12/2004,CHINA,0.06767574697922113,0.0,0.06706143047500468,0.10194632378758729,0.08620765473398517,0.012299025948784677,0.03045244820600286,0.06044255345530956,1.3630552121622634,0.06941205911229968,0.08536386094066624,0.009694370365078331,0.009695095257222794,-0.015962875574037822,41718497302171.41,-0.015960842185358377,3.134907970057761e-05,91,2004Q4
01/12/2005,CHINA,0.10710834397828736,0.0,0.10476147651363006,0.13914853161294927,0.11996560071587593,0.006966505076746468,0.03156303897236881,0.1463053381379348,1.302041977123446,0.10713723262856188,0.12102801102984745,0.03114173560373412,0.006961734474625991,1.077607563019518,2.1,0.7330090342043882,2.6385919315639482e-08,121,2005Q4
01/12/2006,CHINA,0.10842976131973112,0.0,0.10780748591920163,0.14286578346695833,0.12395659814369205,0.007410538402768079,0.03396842313548218,0.27718962822364246,1.3034367612827014,0.10845819699254503,0.12456078831161105,0.030444920800448604,0.006695568847326003,0.46244503565845674,2.1,0.4197364087141182,2.5943982390051464e-08,154,2006Q4
01/12/2007,CHINA,0.11492258468932096,0.0,0.11291927490563074,0.14637510819564173,0.13058721795229808,0.009591815517799649,0.03140349897583625,-0.2854405333631045,0.9925528769500321,0.11423688601771842,0.12994918568553984,0.00955208046864573,0.009552327737423191,-0.00902300355574524,36248614.856387116,-0.009022636276089712,1.8232230302703666e-06,194,2007Q4
01/12/2008,CHINA,0.025886358304661572,0.0,0.02374365723401198,0.09229153434525589,0.0645983093643493,0.008877766446965581,0.054835033645813464,0.5744193959322487,1.922594048283837,0.02725827748388018,0.06181825946489912,0.06582817417640564,0.01503970442605363,-30128.175216831856,2.1,-0.9999999994491614,1.9763444454453832e-05,239,2008Q4
01/12/2009,CHINA,0.09427706861053044,0.0,0.08861907048366226,0.13827149785549508,0.1159064725202914,0.012303073722315983,0.038572046778058075,-0.11152098011847224,1.1581449232186136,0.09548685834570296,0.11491048090573285,0.011807655728790155,0.011808609018280559,-0.015962875574770684,2057910514876.3306,-0.01596084218609096,7.51415923378712e-06,288,2009Q4
01/12/2010,CHINA,0.08349854771489512,0.0,0.08064773987372004,0.13407251416953792,0.10572697367846977,0.012773137927586217,0.04302586743296588,-0.1379149897768402,1.2288232126559717,0.08349854770324228,0.10506724684116055,0.013131137754345653,0.012663737399141015,-0.14444806159758505,24.46236942960547,-0.14296426948434843,5.569976352494217e-21,343,2010Q4
01/12/2011,CHINA,0.06008510228415469,0.0,0.05717236041785146,0.11742351560793217,0.08738763208962814,0.014966540579498509,0.051195940199078846,-0.012149365801373203,1.3688972204406893,0.061370675690857315,0.0869716818391773,0.015686303258884628,0.014596878330886675,-0.0017398262073794017,14.916509195212667,-0.0017398235741625627,6.627062642613842e-06,399,2011Q4
01/12/2012,CHINA,0.06653597358780722,0.0,0.0564977552401215,0.11463285156774648,0.08562314633454193,0.015572651893827425,0.04507799820796915,0.06303020452112557,1.0288490084384974,0.06428579459792996,0.08726719291645618,0.013971210496755013,0.013976584779450135,-0.03487778021471363,435645.478764361,-0.034856585844865215,1.5790253537969932e-05,460,2012Q4
01/12/2013,CHINA,0.06669115617974308,0.0,0.05732541950297593,0.113602811039968,0.08310408948182874,0.013176864139137911,0.041867064456774156,-0.008667547012965068,1.0717343987628172,0.06387034026246471,0.0849101579176709,0.012790849240127586,0.012795800027641711,-0.034882514650884176,8500072756.352586,-0.03486131165410886,2.9625343722876806e-05,520,2013Q4
01/12/2014,CHINA,0.05218568685801349,0.0,0.041260853368650235,0.10489086931765085,0.07458335033274333,0.013388618925500731,0.04869884352100909,0.018953804002370723,1.242105677805341,0.05218568710294557,0.07499771073713836,0.015385377236377012,0.014459372247053098,0.8234445618710176,6.268606347515551,0.6356682216000172,3.4864749035935513e-19,580,2014Q4
01/12/2015,CHINA,0.053035570543786645,0.0,0.04289512707586537,0.10358681329636926,0.07309157224859995,0.012550703005720096,0.04345404251170794,0.07768027936076399,1.232437032394598,0.053035570520016194,0.07337199652332954,0.01339312445377477,0.015317797573561748,1.187579833633288,12.735032974831944,0.7649325331084874,8.114139848839294e-20,640,2015Q4
01/12/2016,CHINA,0.05366599414893781,0.0,0.04958290135376485,0.09966350027496894,0.07267901071563676,0.011240537828349044,0.03833991383933557,0.01755825614910964,1.281000955047425,0.053665994346240684,0.07231610117054624,0.011741148738176901,0.012413338186374755,0.7235102800679067,16.857311079654654,0.5861761750132498,7.972166489305664e-20,704,2016Q4
01/12/2017,CHINA,0.055096078852608726,0.0,0.053373239925313586,0.09744009637614987,0.07254538510989361,0.009396985689510962,0.03444407863892847,-0.06875771244780989,1.2721519227914186,0.0550960793650201,0.07194792597653696,0.0108963158709415,0.009012258058413282,0.28404747532521807,5.806021926133495,0.2732384292381396,3.862876230692286e-19,772,2017Q4
01/12/2018,CHINA,0.04581415149835226,0.0,0.0425894298043338,0.10258309282082943,0.06781831103873386,0.011925846475000513,0.0491232760744572,0.04384191101741236,1.5004762079675296,0.04394706796434487,0.06851079316589707,0.018729775953335144,0.010522754110686787,0.0012802280985896536,2.922442720914528,0.0012802270494542685,1.3850427210659197e-05,840,2018Q4
01/12/2019,CHINA,0.04822595533331775,0.0,0.04290348262011908,0.0880113853772814,0.06328159002795344,0.008635556715984115,0.03153226348467539,0.15674820636854794,1.4577059168009314,0.0482259553535166,0.06318392923695776,0.00997423747387151,0.008959059189875959,0.6630249474087602,6.026066620601066,0.5525971451180284,2.865784785112572e-19,908,2019Q4
01/12/2020,CHINA,0.03377943488915739,0.0,0.023045178102620502,0.11230837705118538,0.06710168325520253,0.014687132666706515,0.06587451560960766,0.16326444131760015,1.5431584532462208,0.033779434913172944,0.06701712382857203,0.052164799946586356,0.012501013073808086,-0.08602171570927915,2.1217585224573248,-0.08570520224213356,8.95943160430683e-22,976,2020Q4
01/12/2021,CHINA,0.03836681373024278,0.0,0.03188284980101973,0.12102733772179661,0.05588655157754774,0.012376792613975576,0.05134812791083983,0.5190578638568765,1.3569328777191845,0.03832761399605391,0.05808393626676658,0.059328195102031855,0.01349950814539077,3.277902473385237,2.1,0.9564804283604247,9.400464499455792e-08,1044,2021Q4
01/12/2022,CHINA,0.019699939371064283,0.0,0.009387522100716264,0.11460047870905753,0.044806171893618775,0.015531580174684494,0.0640968556549888,0.3328806372756902,1.4031738692056817,0.015267977229474289,0.04697055884088618,0.02158459701542315,0.01474457550758683,0.03681104306076878,3.7476248939473304,0.0367861279237436,8.955112266970581e-05,1112,2022Q4
01/12/2023,CHINA,0.056151599299627736,0.0,0.05231239280964455,0.128942574299165,0.06711649983177335,0.009271403368012179,0.03790926421039212,0.5844619920978025,1.3286572766025833,0.05542634168232332,0.06917470594962245,0.04659419276598634,0.010644067351386009,20.07677909901321,2.1,0.9987618457440747,1.3026571706485745e-06,1180,2023Q4
01/12/2024,CHINA,0.04975251409163982,0.0,0.03835447376867769,0.12198934641554197,0.06580075776320093,0.012095550593283334,0.04627807298114772,0.3217579256659017,1.3558640924374494,0.04958348756002468,0.0679906093174918,0.05258506613587953,0.011939266881490749,2.5789142174608077,2.1,0.9323597424563326,1.4911056238041188e-06,1248,2024Q4
01/12/2025,CHINA,0.045296244377164036,0.0,0.03985431385770522,0.10247116991655032,0.057817923967944,0.011251540762962187,0.04106592413850507,0.334675914821395,1.2609254558531124,0.040333187901752464,0.06073999981440703,0.012638231471504287,0.011182761205975516,0.03744505894011524,9.186257642761074,0.03741883504801198,0.00010224975286915263,1316,2025Q4
01/03/2003,COLOMBIA,,,,,,,,,,,,,,,,,,45,2003Q1
01/03/2004,COLOMBIA,,,,,,,,,,,,,,,,,,70,2004Q1
01/03/2005,COLOMBIA,,,,,,,,,,,,,,,,,,98,2005Q1
01/03/2006,COLOMBIA,,,,,,,,,,,,,,,,,,129,2006Q1
01/03/2007,COLOMBIA,,,,,,,,,,,,,,,,,,163,2007Q1
01/03/2008,COLOMBIA,,,,,,,,,,,,,,,,,,205,2008Q1
01/03/2009,COLOMBIA,-0.05519288117825823,0.7037270240428992,-0.056517567910206644,0.030243113904899713,-0.010888534051117092,0.017415338475260785,0.07156742929270939,-0.29727833363490097,1.578337123026998,-0.05075712079544587,-0.015116895650294048,0.025274471336719555,0.015944170666539217,0.011133493943152824,3.3219181957356936,0.011132803982914418,7.540330251105867e-05,251,2009Q1
01/03/2010,COLOMBIA,0.021103101421227777,0.0,0.018580751256201785,0.06837860456362782,0.04318113142973358,0.011062802863161044,0.041547261885841846,-0.15345877051315543,1.2851385702759412,0.021103101519261633,0.0425759497696732,0.013417964552602581,0.010619845283540985,-0.37420876079119214,4.822188158516271,-0.3504736668040892,1.323144248578134e-19,301,2010Q1
01/03/2011,COLOMBIA,0.04661044071688092,0.0,0.040635988405016095,0.08855177822284618,0.06469285872314143,0.008861688447777832,0.0338392100279266,0.07432826823905903,1.550654674587204,0.04720099729145796,0.06440876204219186,0.011897000741334037,0.007708221090799507,-0.0890509248877634,3.438057705024992,-0.08869992121533822,2.1604197827310535e-06,357,2011Q1
01/03/2012,COLOMBIA,0.05074991711922359,0.0,0.04786881276765143,0.0907454680766646,0.06680196274271658,0.009656472630315473,0.034579535799811136,0.051707165974736916,1.301530137562185,0.05074991710749711,0.06666742206168644,0.010842321176699959,0.011282732464119587,1.1219169738362367,7.466169798872441,0.7465031836193933,1.1519439498289239e-19,415,2012Q1
01/03/2013,COLOMBIA,0.018701549967210858,0.0,0.011576837158958029,0.06281310611897165,0.03315612236967208,0.014109362204719141,0.03849254794096722,0.07693788096734402,0.8882595302920918,0.015362678788953671,0.03517852286182039,0.012046986435370121,0.012047959138655234,0.015962875578595825,851268818451.2081,0.015960842189914642,3.517790760971607e-05,475,2013Q1
01/03/2014,COLOMBIA,0.05261087069126442,0.0,0.05089204224587392,0.0908085907806893,0.06840145556804306,0.010819244951136023,0.03128731771910819,0.0823393284743964,1.1455700392009294,0.05232141414891472,0.06827523577384556,0.009698526310399547,0.009699243301121967,-0.015976364972217137,136851.1087285329,-0.015974326424904952,1.3354579178866051e-06,535,2014Q1
01/03/2015,COLOMBIA,0.008058239387787049,0.0,0.005026136750217016,0.057152631932533456,0.029196997191644505,0.011111771970188797,0.04474795902747943,0.153031892037225,1.2845989256677868,0.008058239211198219,0.02974824481322204,0.016042600740919927,0.01010316478431883,0.26055892933057095,3.2548299916915875,0.25214044026421767,3.310131460514632e-19,595,2015Q1
01/03/2016,COLOMBIA,0.00834631710262265,0.0,0.004396619511780383,0.055090732457230264,0.027737890191807075,0.011684645366128708,0.040993165935005696,0.0132680618806566,1.2183899682062782,0.00834631683182881,0.02776267685427483,0.012690743374515551,0.013245382935492583,0.9135359647670018,9.692248015644726,0.6744676356151812,1.4561222818048399e-19,655,2016Q1
01/03/2017,COLOMBIA,-0.004612394294280092,0.10269082808906299,-0.007970468800729175,0.0410155796802043,0.01430596991297316,0.010731791466239623,0.03835767827155771,0.05313416659565219,1.291999768152678,-0.0046123945064225,0.013936494974210217,0.011961287780003785,0.010927302715705028,0.5205901839243998,7.4402154371313305,0.46176475754745805,2.1911435342356047e-19,721,2017Q1
01/03/2018,COLOMBIA,-0.004556849896332971,0.08448348737088061,-0.00957696538144271,0.049171162961701306,0.018387407848809083,0.011635169812447443,0.04684673694661491,6.800917885030497e-05,1.3671130249773977,-0.004556850510503994,0.018329696177856732,0.016762065977477904,0.010505692188727156,0.19575245040613143,3.259667210743154,0.1921063860650641,1.3007129338154482e-18,789,2018Q1
01/03/2019,COLOMBIA,0.021631593603001296,0.0,0.014941006665888806,0.06388708441794605,0.03768724555813789,0.00989478754408998,0.034283479472360684,-0.012295791897389932,1.2563096118968804,0.021631593838865745,0.037493442271554794,0.010578862391051562,0.012441035613203788,1.337828903032964,12.79620673690839,0.8009679077304505,7.246672329925687e-20,857,2019Q1
01/03/2020,COLOMBIA,-0.05721810359390269,0.5344491007199265,-0.06753702977681336,0.04832509738996994,-0.005376510158686769,0.022248050073804936,0.08564540891227893,-0.08439135041533007,1.5238721979329384,-0.05176148032956969,-0.008747931259126311,0.029094300719517505,0.019882017002958666,-0.02071740827769757,3.751572609714107,-0.02071296363859077,0.00012624541707658343,925,2020Q1
01/03/2021,COLOMBIA,-0.014133417467239385,0.12294182355245667,-0.021112007509099667,0.057083544147868814,0.01881624331987654,0.013716396802896123,0.0604437304660639,0.09919321646673845,1.5337413910768678,-0.01413341740734817,0.017754500363233637,0.03776426399105268,0.012259985433434907,-0.47487964319589104,2.227315259072288,-0.42896810619486037,2.5286971584717602e-20,993,2021Q1
01/03/2022,COLOMBIA,0.014034155297512764,0.025956255739717382,-0.0005581593869096455,0.10217648119978391,0.060858389767130115,0.012540914038418616,0.07368477776254917,-0.3262483988825394,1.909467631190063,0.0149551605937633,0.05693185526402008,0.07611213532526506,0.01716370637461638,-1.6231593655139558,2.1,-0.8513930156106756,1.5641001794610062e-05,1061,2022Q1
01/03/2023,COLOMBIA,0.0005254095989230372,0.048562355012765124,-0.008611227115777866,0.08620926184848925,0.03243500772865701,0.012628142868877795,0.06228354092486106,0.05352635892043167,1.6396555502370713,0.0007479952619309897,0.03174192695375927,0.05344966119796979,0.01166396954164894,-0.024110586960260316,2.1000000000000116,-0.02410358202612476,1.232951455334984e-06,1129,2023Q1
01/03/2024,COLOMBIA,-0.005019742448114271,0.09001593310035402,-0.005851831526265018,0.064486660062571,0.01578752866750433,0.011317173819569351,0.04804573838442032,0.2057214487836131,1.360184439950552,-0.005019742564320295,0.016008162024162415,0.023240992132723872,0.011353711511093196,1.0285716674341094,2.5082441464046745,0.7169949997227331,6.282343086197789e-20,1197,2024Q1
01/03/2025,COLOMBIA,-0.006850232356261943,0.07966393143930206,-0.01830712741532732,0.07858169808821469,0.02884997299484287,0.013746613958848054,0.06764173028463522,0.03266368316330695,1.682593688903756,-0.006594051885160103,0.027907239736019624,0.058816004679214835,0.012870484278875403,-0.25993839353081233,2.1,-0.25157800175631223,1.4384245050176345e-06,1265,2025Q1
01/03/2026,COLOMBIA,-0.029162706166702565,0.15298915791937218,-0.04669706702089847,0.08315026009432132,0.02153073796574573,0.017172008606806448,0.09123501385745592,-0.019555610944192548,1.7758007921258376,-0.028504972646781545,0.01918782805032402,0.08184350887919066,0.018041018114394305,-0.5433849329693674,2.1000000000000028,-0.4774500141180642,8.757287813603206e-06,1332,2026Q1
01/06/2003,COLOMBIA,,,,,,,,,,,,,,,,,,50,2003Q2
01/06/2004,COLOMBIA,,,,,,,,,,,,,,,,,,77,2004Q2
01/06/2005,COLOMBIA,,,,,,,,,,,,,,,,,,105,2005Q2
01/06/2006,COLOMBIA,,,,,,,,,,,,,,,,,,137,2006Q2
01/06/2007,COLOMBIA,,,,,,,,,,,,,,,,,,172,2007Q2
01/06/2008,COLOMBIA,,,,,,,,,,,,,,,,,,216,2008Q2
01/06/2009,COLOMBIA,-0.01990381668362589,0.23777420514282804,-0.02695066640249738,0.038262560798343774,0.01097076798801986,0.01367357898978584,0.056028840533269134,-0.31241751569169224,1.7277285226647574,-0.019903816545375028,0.00954422199741949,0.02117090540034768,0.012610989344121533,-0.4203172400793088,2.9995860977964206,-0.3874810732546546,2.3091925702943774e-19,263,2009Q2
01/06/2010,COLOMBIA,0.007816130745522305,0.028818360830068886,-0.0014089942351471244,0.07239241065185219,0.035737314151775904,0.01678205991593147,0.05234215363494468,-0.20674194879880806,1.318723938998683,0.008291118897016992,0.03466895590531079,0.016035496736107074,0.016043599849162985,-0.04021030472794142,112353.8935863667,-0.04017783670535307,2.4474620132913065e-06,314,2010Q2
01/06/2011,COLOMBIA,0.048730515687958526,0.0,0.04775587401556175,0.09245694012377893,0.06766139068185281,0.008946592449734213,0.03517334987478693,-0.12558798641701113,1.428293379592587,0.04873051596731501,0.06678145979420391,0.012025030721876998,0.008215437734885478,-0.2406106105191424,3.6666488267065995,-0.23393424826727782,2.013924975214633e-19,371,2011Q2
01/06/2012,COLOMBIA,0.028696631540600356,0.0,0.026144481384676437,0.07849462636910716,0.05027705352372916,0.01310994023772271,0.0413349574248907,-0.06946351796244908,1.2167336786083287,0.028899230105316327,3350085.996774977,,0.012643033422865472,0.009023058894072898,2.709486376194884e+21,0.009022691607659996,6.712584419296679e-07,430,2012Q2
01/06/2013,COLOMBIA,0.033637945939465175,0.0,0.03073435506147693,0.08692446714303229,0.05460278877619686,0.012780800841447344,0.0394746076509829,0.03001972319566075,1.2739770181959795,0.0341085026425689,0.054030602325517714,0.012111253193153614,0.012112243252250543,-0.015962875574417668,45608140328425.35,-0.015960842185738077,2.194571540819984e-06,490,2013Q2
01/06/2014,COLOMBIA,0.022937011891708124,0.0,0.017790744990586183,0.06563338796128662,0.040351396622366933,0.012060497049970654,0.0381227890423734,-0.02145932277802476,1.1096196957473075,0.02175221805506125,0.04092522561681102,0.011656238254343558,0.01165971781299246,0.040590115378081326,4439.205214985281,0.040556719364981585,4.776813046459091e-06,550,2014Q2
01/06/2015,COLOMBIA,0.014881715375647404,0.0,0.009169022109124889,0.0648073350960916,0.03643958352777038,0.012214266393687388,0.044660669675808506,0.08236816552841364,1.2542221810994592,0.014881714941713885,0.03676165409669985,0.014103480997128855,0.011710800034280872,0.2722327157064871,5.930776016006924,0.2626732236017023,3.463611070353259e-19,610,2015Q2
01/06/2016,COLOMBIA,0.004514137285458429,0.026693534029846963,-0.00032801391331122726,0.05359005213886065,0.024726156484477,0.012006176798208637,0.04151618333064573,-0.00861494094177836,1.2177960381567208,0.004514137217613704,0.024557471277708125,0.012770157776665365,0.013187369929576321,0.7421275815441581,12.251691973569292,0.5959464115320912,9.402795496739949e-20,671,2016Q2
01/06/2017,COLOMBIA,-0.0003378329106227991,0.052731840406999415,-0.0037694952450685083,0.042855567580066166,0.017309372916818784,0.010295116927782757,0.03642933853471145,0.1291347725445005,1.3063834634875313,-0.0008591502108137957,0.01735810910204947,0.011302291299399126,0.009832302451722636,0.0005463697497732448,8.223464220813405,0.0005463696682221406,1.0731101852417067e-06,738,2017Q2
01/06/2018,COLOMBIA,0.00882657444880603,0.0,0.005116190052026509,0.056485730805100276,0.029416615432882275,0.011079162110922185,0.04078436811844204,-0.02382985863340129,1.3105424005382345,0.0088265742361409,0.029243929009966328,0.012932767447724192,0.0103715288201655,-0.015958500859260476,5.602944279494281,-0.01595646914169458,5.793768977141043e-19,806,2018Q2
01/06/2019,COLOMBIA,0.017338785634713312,0.0,0.012472406456475151,0.05919913114182655,0.033553815515704286,0.009984887582341522,0.03574931929147835,0.005455396966092101,1.3062863630652426,0.016144356765813696,0.03402477176642602,0.011169519513463217,0.009443560283709709,0.0011493388398696781,7.013337386131319,0.0011493380807437528,5.636481022270442e-06,874,2019Q2
01/06/2020,COLOMBIA,-0.19031261668394697,1.0,-0.20760568754883094,-0.09509531978532822,-0.14386158020317066,0.022085798418602448,0.09339199581352899,0.6334839932142279,1.380698831219704,-0.19056427570880888,-0.14172088446020517,0.08333878525220718,0.01828771517928198,-0.38043812712144287,2.1000000000000942,-0.35557555916713635,1.3190545627990878e-06,942,2020Q2
01/06/2021,COLOMBIA,0.08553694472906004,0.0,0.0573132754279308,0.1415757877018932,0.12644745698663057,0.00864275354046559,0.05594024411597831,-0.025886367888906654,1.9563372343495973,0.08766637027884978,0.12353217106035023,0.0683154343871845,0.015607966555784033,-183163.54570495704,2.1,-0.9999999999850964,4.03750114650617e-05,1010,2021Q2
01/06/2022,COLOMBIA,0.00447608815416504,0.04433948373611887,-0.015292816065429994,0.11059744618297987,0.07735587560020456,0.015755814419567932,0.10303173779356223,-0.5972587561502444,2.2286983306270742,0.0067117695016104964,0.07037511852731071,0.12077690482783003,0.02757070448321587,-7.509499986760885,2.100000000000002,-0.9912497908761326,6.919494319070527e-05,1078,2022Q2
01/06/2023,COLOMBIA,-0.014146041484130015,0.17184729948351446,-0.017626520616014933,0.06510219352860565,0.013353541134337373,0.012611136636861371,0.055979148607065335,0.11661749432649447,1.4344200592869882,-0.014146041411350913,0.013095099755698609,0.03655412864264591,0.01089763430077527,0.23873051242018195,2.1933417187318494,0.2322052460200382,7.732762181896407e-21,1146,2023Q2
01/06/2024,COLOMBIA,-0.004756230359483736,0.07656381894240108,-0.011426491168344367,0.073870385163271,0.024273312848665938,0.012466291952245441,0.058371736024468525,0.08749196030087558,1.578899523576611,-0.004659342247913518,0.024069861365280144,0.050432053947325466,0.011011918803756973,0.11896346764035019,2.1,0.11813049491433673,2.1904582267592105e-07,1214,2024Q2
01/06/2025,COLOMBIA,0.00177695505520881,0.04421212424967454,-0.005898378399854084,0.07362105693681728,0.025950481170343723,0.01155476819114815,0.05190656768368984,0.1442461069741828,1.5258355946531361,0.0017820083737893606,0.026556683761711393,0.04632021025867597,0.010174889104716488,0.4194397913997241,2.1,0.38679329934719353,7.199040963956427e-10,1282,2025Q2
01/09/2003,COLOMBIA,,,,,,,,,,,,,,,,,,55,2003Q3
01/09/2004,COLOMBIA,,,,,,,,,,,,,,,,,,84,2004Q3
01/09/2005,COLOMBIA,,,,,,,,,,,,,,,,,,113,2005Q3
01/09/2006,COLOMBIA,,,,,,,,,,,,,,,,,,145,2006Q3
01/09/2007,COLOMBIA,,,,,,,,,,,,,,,,,,183,2007Q3
01/09/2008,COLOMBIA,,,,,,,,,,,,,,,,,,227,2008Q3
01/09/2009,COLOMBIA,-0.02001575063492668,0.26341480206389806,-0.027184653362498062,0.03754937639211258,0.008375102650831,0.012764923526826333,0.052701783753321074,-0.25803818076368806,1.501481313150688,-0.019129612325654605,0.007206980735682985,0.01998266149278903,0.011311341167653954,0.002764243752800416,2.942996151191915,0.002764233192007524,3.1050269013297364e-06,275,2009Q3
01/09/2010,COLOMBIA,0.017988496376661802,0.0,0.012253445066087887,0.07024693180759038,0.04220010871683913,0.014312802044259708,0.046473609381343234,-0.12379746321821954,1.3270925738170782,0.018226849957797744,0.04151403571317275,0.014153037280908557,0.014154110870913764,-0.015962875574603828,19991349616458.7,-0.015960842185924168,3.457508671403058e-07,329,2010Q3
01/09/2011,COLOMBIA,0.03405019887731449,0.0,0.017473553926927583,0.09004080680689579,0.06276213121491525,0.01679106071474561,0.05312477334879509,-0.04510617286196518,1.1832049275426146,0.035557751529071036,0.06227180268642525,0.016240371333611336,0.01624170072604636,-0.015962875574851244,10847488238402.332,-0.01596084218617149,1.1338935451797611e-05,385,2011Q3
01/09/2012,COLOMBIA,0.015619952063940876,0.0,0.011795278185456714,0.0602556936786644,0.03325415323933581,0.015465850523775587,0.041496867032686444,0.043792712093192916,0.8846533464211439,0.012977989903534704,0.03440130989875983,0.013023997424554483,0.01302903826733991,-0.0348824608142619,38140032.338467985,-0.03486125791559898,2.1805848864574585e-05,445,2012Q3
01/09/2013,COLOMBIA,0.0495040250458767,0.0,0.04447657842901893,0.09070837820325885,0.06535778850800728,0.011084835891831912,0.03248796094072409,0.1611162654503378,1.1537691838724315,0.04910731968195962,0.06563793861116025,0.010049313707337736,0.010074405408445062,-0.08970027934874253,18732.2313487481,-0.08934157205199411,1.1877975484731408e-06,505,2013Q3
01/09/2014,COLOMBIA,0.02627654169937928,0.0,0.02166826713129348,0.07233468460087517,0.046504345560135864,0.011754598485225514,0.04096153713215603,0.017663936804477982,1.2247323077158807,0.026276541828285198,0.04660182865235238,0.012622513950674093,0.01145534307211938,0.18054366284147208,10.417549877197478,0.17767119645677645,1.2905554311558317e-19,565,2014Q3
01/09/2015,COLOMBIA,0.01098093141936835,0.0,0.004332032236128462,0.06721459686735803,0.035760254707327244,0.01334880195252826,0.050536736508477315,0.019835836571475675,1.3292416241355611,0.010980931059689789,0.03615473538457438,0.016418665103485542,0.012317581211970326,0.04051418936110517,4.569777430803155,0.040480980251698405,3.188337234562464e-19,625,2015Q3
01/09/2016,COLOMBIA,0.000396837978556705,0.04753009988397911,-0.003619903184199573,0.04628127025878342,0.019364377480057038,0.011061291246484342,0.03966803536566666,-0.012346373516028407,1.2076884892563227,0.00039683858624211437,0.01913897858831856,0.012413625273426142,0.012005729792788815,0.801237180624657,7.236648707852771,0.6252835851436332,3.9085900189468993e-19,687,2016Q3
01/09/2017,COLOMBIA,0.005291436011141213,0.0,0.0036529959928948436,0.046774337888293695,0.021847443727292686,0.00960226639815535,0.03475902870939597,0.037652100154938264,1.2466719944772888,0.0052914358477285225,0.021472363113934332,0.01095498422417239,0.010642622187624922,0.9205267555206976,6.588500070755904,0.677266400373491,4.318708829183828e-19,755,2017Q3
01/09/2018,COLOMBIA,0.01427726451373152,0.0,0.011401458938742887,0.05652943688938561,0.031885622832340234,0.009922584964693034,0.03525477062280534,-0.017601247575862768,1.3039741109364267,0.014277264476155025,0.03158094952851462,0.010954011668423457,0.009751416424909686,0.3242504163848295,7.947157809384533,0.30844108414020316,1.8665017706641041e-19,823,2018Q3
01/09/2019,COLOMBIA,0.016555170855765244,0.0,0.010741673282331589,0.06194497523260744,0.033811430704203,0.010240600035335504,0.03765819676901417,0.012795510969582676,1.2919402015510453,0.016555170897155625,0.03372536338121414,0.012038088606377954,0.011548059808665932,1.056031568312692,5.712341670919282,0.7261074748108837,3.3658117497211016e-19,891,2019Q3
01/09/2020,COLOMBIA,-0.09725412833062472,0.958161016923723,-0.10889937988900376,0.012933242201919009,-0.05685150083375059,0.022540646797032222,0.09098602959744362,0.3922030740688702,1.4210544632965352,-0.09725412728796504,-0.055447029454499794,0.033423226029278684,0.02201404754901262,0.6800922758185504,3.197201070368902,0.5623621961945546,2.726769407626553e-18,959,2020Q3
01/09/2021,COLOMBIA,0.019348852067159146,0.0,0.002817205080523008,0.1157028715014427,0.08587740092884219,0.01242673743056055,0.0872215694128455,-0.8545305004926876,2.2807554211520706,0.022449856584145163,0.07763088109157135,0.10510613389441531,0.024013504961931435,-282632.4289566679,2.1,-0.9999999999937406,9.129079978261972e-05,1027,2021Q3
01/09/2022,COLOMBIA,-0.011880444868572083,0.07800112977581879,-0.03295790538972417,0.09776033016505585,0.05138657605782577,0.017128969230500796,0.10053340039247853,-0.23055400871086437,2.064666358186388,-0.010620755621031614,0.0468115289432116,0.10430868356762939,0.023534570893837307,-1.6701410064303501,2.100000000000008,-0.8579650103374735,2.9138027643265113e-05,1095,2022Q3
01/09/2023,COLOMBIA,-0.027748189083445035,0.29502833902723763,-0.028082610333171214,0.06280972467690611,0.007913654398053662,0.01438983797154278,0.0680429131593713,0.08277421472272636,1.4727068692023062,-0.02761189436940437,0.006566822831126048,0.058657202676076936,0.012803902712000628,-0.08309395087631943,2.1,-0.08280856245882279,4.522534519312228e-07,1163,2023Q3
01/09/2024,COLOMBIA,-0.008062812575139843,0.08964140848291383,-0.012325341965150975,0.07103086119554312,0.023250492728392948,0.01249922643565811,0.06050911964266744,0.06913138375527104,1.6054187335661416,-0.007885516371400657,0.022425948833195982,0.052052680626041806,0.011361575121891839,-0.07447214277762348,2.100000000000009,-0.07426648286380137,7.560931794604558e-07,1231,2024Q3
01/09/2025,COLOMBIA,0.012927416048573045,0.0,0.003765817654680961,0.07714735951574299,0.037355250149860846,0.01080930020992437,0.050820189776503114,0.0756456354912126,1.61087995753321,0.013012918317671152,0.037785118725945366,0.044132909829724454,0.009647656119838734,0.20489997012124275,2.1,0.20072957745864137,2.0719113577889243e-07,1299,2025Q3
01/12/2002,COLOMBIA,,,,,,,,,,,,,,,,,,40,2002Q4
01/12/2003,COLOMBIA,,,,,,,,,,,,,,,,,,62,2003Q4
01/12/2004,COLOMBIA,,,,,,,,,,,,,,,,,,91,2004Q4
01/12/2005,COLOMBIA,,,,,,,,,,,,,,,,,,121,2005Q4
01/12/2006,COLOMBIA,,,,,,,,,,,,,,,,,,154,2006Q4
01/12/2007,COLOMBIA,,,,,,,,,,,,,,,,,,194,2007Q4
01/12/2008,COLOMBIA,-0.03931913729001943,0.7824638524981912,-0.04594256001475644,0.023761776309873153,-0.01150688419026289,0.010706974168211668,0.050728991856320446,0.4967564592539993,2.2020024507617975,-0.03916834490947509,-0.011366657521834337,0.048739280519591095,0.010856946899336051,-0.9223853600454368,2.1,-0.6780055853364111,4.5187493533667044e-07,239,2008Q4
01/12/2009,COLOMBIA,0.007520083987389745,0.0,0.0040587222502606836,0.05662834520756805,0.032373979875595205,0.011840850107351726,0.04645695260651254,-0.10033373699733485,1.431555682095079,0.007520084665456581,0.03212141396674445,0.015937557137903253,0.011429266965680857,-0.5355023140808401,3.6982724384263994,-0.4720762105257241,5.729130088392131e-19,288,2009Q4
01/12/2010,COLOMBIA,0.03658856528842203,0.0,0.0329158931860716,0.07841350320369486,0.05596150766320528,0.010347930401028736,0.037252876863835514,-0.16240950292446274,1.2959314176201089,0.036588565443372176,0.0554771185147542,0.011650802005917322,0.009939513630092276,-0.2196848838879271,6.862249858818021,-0.21456820491697165,5.694410490090925e-19,343,2010Q4
01/12/2011,COLOMBIA,0.04391501765068542,0.0,0.039104763538727154,0.08818662756995194,0.0635875270058257,0.010521400476214884,0.03902590407098183,0.0633178451768295,1.3480306859121718,0.04391501772372932,0.06373087316674772,0.012451365046704053,0.009906941527753775,-0.1896934420982344,5.277281900932209,-0.18636994476797092,2.1552268009595148e-19,399,2011Q4
01/12/2012,COLOMBIA,0.019268068059768186,0.0,0.007138642004451426,0.06281503767594579,0.035491616021469344,0.013844516855640834,0.040281921754816624,0.11067674176073965,1.0319301003398467,0.016878421902728948,0.03739813160468804,0.012474459081943178,0.012474779700885915,-0.009023058885921819,3150786384072.41,-0.009022691599509913,1.8167185584515523e-05,460,2012Q4
01/12/2013,COLOMBIA,0.05093452538555847,0.0,0.04857796941423414,0.08956631931429843,0.06650681013032081,0.01083352526066641,0.031709245171450115,0.08945056220405062,1.0840314957182475,0.050491305447901445,0.06662873716922386,0.009810446592616295,0.009822333483030162,-0.06175862173952879,254661466.2036949,-0.061641179961953334,1.2140876323071648e-06,520,2013Q4
01/12/2014,COLOMBIA,0.00939821855490701,0.0,0.0055801366168020654,0.06044119263163297,0.034393889025950815,0.012106801729200931,0.04901870773491373,-0.11093778220621354,1.3582820915885314,0.009398218102793593,0.03437931488362761,0.017759518203868133,0.010869461933917673,-0.16278856663830493,3.17676330700157,-0.1606735530339364,3.810509014452908e-19,580,2014Q4
01/12/2015,COLOMBIA,-0.004726182753528058,0.09774947949145074,-0.006671869050182699,0.04958894273816816,0.020272084296260817,0.012574877019930469,0.05178418523938086,-0.02853967976560481,1.3024871848845057,-0.004726183200428482,0.02059616502098673,0.01966362835189447,0.01121340059619107,0.18119254498910103,2.9459366931274538,0.17828949207702635,1.5990601038734894e-18,640,2015Q4
01/12/2016,COLOMBIA,0.0067066138312747246,0.0,0.0031801584564771063,0.05305882804012877,0.026052796156216872,0.011209409807775196,0.03849298108114497,0.010482957663011808,1.2626871018939099,0.006706613705520574,0.025722671867681898,0.011806141181744237,0.011298609563254043,0.34938371370955723,13.799606762577785,0.3298320687492178,3.6767882533204204e-20,704,2016Q4
01/12/2017,COLOMBIA,0.0005102217234033302,0.043334140202356264,-0.0014033413385728787,0.04335624520832684,0.018171837064993045,0.00954764083938568,0.0350197043560661,-0.06770875207843777,1.2732818805248998,0.0005102216170694429,0.017607175301383827,0.011084994518822895,0.009188135208643398,0.30906324062501633,5.773522502854014,0.2952821412851042,2.590162087901954e-19,772,2017Q4
01/12/2018,COLOMBIA,0.0037206488471191006,0.030509966192546305,-0.0010518529400458214,0.06242483940962404,0.02870384118008658,0.013019597215883104,0.05313365345364961,-0.013275977256335723,1.394101094035765,0.003720648053027766,0.029059720222216548,0.01980139398715967,0.01195929590412342,0.38233101339207576,3.055877287665048,0.35711959676452104,7.029239254457833e-19,840,2018Q4
01/12/2019,COLOMBIA,0.018035819964749494,0.0,0.01266625672735382,0.05841031295625125,0.03355684519354167,0.009255605535627546,0.03347824791150328,0.005491791028884262,1.353978162752903,0.018035819669308638,0.033376613245755235,0.010567273906165124,0.01068570033141104,1.104657045036704,6.6832640855609515,0.7413526534629153,1.2831128168148354e-19,908,2019Q4
01/12/2020,COLOMBIA,-0.053268371977535305,0.7926835969512689,-0.060957013827530174,0.03605076299201486,-0.015910964326544166,0.01820498552118253,0.07547588758128235,0.2082156779137209,1.503342324649414,-0.05326837168015907,-0.015692173893316487,0.029210543354392795,0.01605855610673063,0.03516997315132865,2.8656767804472034,0.0351482419642794,3.720430136815264e-19,976,2020Q4
01/12/2021,COLOMBIA,0.02811690609355014,0.0,0.014550961982108321,0.10951645517973702,0.07702066865314346,0.011388868913545508,0.07017854147910418,-0.6202043856410471,1.970047312896093,0.02935200334975843,0.07217982363831718,0.08073406659732704,0.01840336867811671,-4.484214395495025,2.1,-0.9760251013603976,2.3222536994059932e-05,1044,2021Q4
01/12/2022,COLOMBIA,-0.015080608665690411,0.10683806363836049,-0.023720188634844055,0.07871042472101533,0.025256997068525595,0.014471268192636574,0.0736709982534958,0.012405006856166448,1.7202796141234207,-0.014677621355038879,0.023340891320317213,0.06488807286988002,0.014243948724916602,-0.394017715838319,2.1,-0.3665875976535856,3.2198934267909093e-06,1112,2022Q4
01/12/2023,COLOMBIA,-0.0010911462464725536,0.05897370047070263,-0.002424961917914684,0.07380529421475046,0.018726041785470528,0.011099374185688234,0.04624376368785969,0.21875546522154138,1.3132805399640264,-0.0011870178734208882,0.019245896061019476,0.04612085384058036,0.010316505955086113,1.1043345118560495,2.1000080765171454,0.7412551385401408,3.2714403316095105e-07,1180,2023Q4
01/12/2024,COLOMBIA,-0.0006677691832246372,0.05398021211181132,-0.008183440799613056,0.0763396246935424,0.029048265684116562,0.012179980821019192,0.057810487775566494,0.06661560474542236,1.6278465192986955,-0.0005394907101440834,0.028448792985573457,0.049800216513864674,0.010869564416707021,-0.06910530753035271,2.1000000000000285,-0.06894088848718356,3.757620839040737e-07,1248,2024Q4
01/12/2025,COLOMBIA,0.0057962548568730714,0.0,0.00046460891424656217,0.06605092018425515,0.02700496314954194,0.010779639818003844,0.047094964660083484,0.14672587469298068,1.5021469385543402,0.005796254735669772,0.027757702243400965,0.02691292792198227,0.009821540208647332,0.5649789638777296,2.289804195193781,0.4918999224748631,2.3903529931828293e-20,1316,2025Q4
01/03/2003,HUNGARY,,,,,,,,,,,,,,,,,,45,2003Q1
01/03/2004,HUNGARY,0.03682213796686466,0.0,0.03233167546012994,0.06957058779194729,0.04725739677323393,0.0064570793729596095,0.03266054839938673,0.22326665712342714,1.6660232644848803,0.036957595603067224,0.049263517413452224,0.03737494209420325,0.00850808531788566,3.492826245175089,2.1,0.9613747855483531,1.2516226691606158e-06,70,2004Q1
01/03/2005,HUNGARY,0.012679619075259906,0.0,0.011834834567679987,0.052400845682585746,0.03199897153382661,0.012721179703623417,0.039031184219841746,-0.1568137012442,1.3065696662177273,0.012172721181857122,0.03189078878045194,0.01198731399172861,0.011991952215848223,-0.03488223411204994,7346489.07508178,-0.034861031626528025,9.412630126531104e-07,98,2005Q1
01/03/2006,HUNGARY,0.03270797249659753,0.0,0.03260564369733524,0.05935363567242651,0.04542887363294877,0.0074452586408884835,0.025620804266631117,-0.5180256575170402,1.2976327810481687,0.03270797231245306,0.04513187138418325,0.007867005447347615,0.008135026483340727,0.7072427503521216,13.510308441764696,0.5774242743132457,9.768156201586422e-20,129,2006Q1
01/03/2007,HUNGARY,-0.0007951945293513674,0.08596396608756142,-0.0029599787921960542,0.0503745696094216,0.020407503994520772,0.011671338827661679,0.03652173918572561,0.10571543147458888,1.5773555715867964,0.0013050077554469636,0.019701534222110854,0.01118361589618208,0.011181942788281468,-0.016396709031750657,4253.2937309224035,-0.01639450533153454,2.0242520522021773e-05,163,2007Q1
01/03/2008,HUNGARY,-0.005278237959870435,0.1338829477936811,-0.006399273689513634,0.031327950485426116,0.01276957352043045,0.012529990653141266,0.03415293474405863,0.10653425878110531,0.921461621155573,-0.004775313390577428,0.012810163526938303,0.010690425654451325,0.010691292579987003,-0.01596288517322713,188952823.24925503,-0.015960851780879852,7.686985372932623e-06,205,2008Q1
01/03/2009,HUNGARY,-0.12014983648802638,1.0,-0.12416369745711228,-0.02277170166832509,-0.0698744188929132,0.013030035755960685,0.07799113909714017,-0.43947117840955613,2.127736019833208,-0.11910623373913655,-0.07424878580480739,0.08186774657184685,0.018499206809359958,-1.8204201699392617,2.1,-0.8764660781764996,1.9962364393060962e-05,251,2009Q1
01/03/2010,HUNGARY,-0.012266887100838085,0.17818809461641277,-0.013700618903037986,0.043886027620716694,0.012665610785128702,0.011998261111136934,0.04775204352780212,-0.14068533233917996,1.367547135413514,-0.012266888647843175,0.011835346247683965,0.016653653605759607,0.010810946207114326,-0.08360823475011281,3.448683686297359,-0.0833175330773487,6.945544514602419e-18,301,2010Q1
01/03/2011,HUNGARY,0.007894951658775233,0.0,0.0038613913849434474,0.053220754506151643,0.027745053204639367,0.011587666847545546,0.03924576673795393,-0.06133406960154058,1.245728910439226,0.007894951568056136,0.027446408403547104,0.011992512672442513,0.011472657318125658,0.1659456098923695,19.999145481299447,0.1637068429258822,2.82911027303301e-20,357,2011Q1
01/03/2012,HUNGARY,-0.00903040258547959,0.2674532755371663,-0.01378130910293871,0.0377470284108248,0.009727984428675803,0.015332400179803614,0.0433377102789307,-0.05361376059223259,1.1188502411136336,-0.011638343540946578,0.010544425663661327,0.013483785872802747,0.013484112562470174,-0.009023058893319742,89555361211319.52,-0.009022691606906932,2.121555749000225e-05,415,2012Q1
01/03/2013,HUNGARY,-0.016427649142250183,0.45671675370887516,-0.02023844479454976,0.03690989364533463,0.003321819102172996,0.016297124174022744,0.04472312385788799,-0.04422990961449152,0.9704279370306381,-0.01894710247282577,-65466.54423567292,,0.013983480574563258,-0.00902305889394728,8.458356132948577e+17,-0.009022691607534394,1.9819145969212423e-05,475,2013Q1
01/03/2014,HUNGARY,0.023157647161037617,0.0,0.021581314223527454,0.06098599132529012,0.0387456249310899,0.010927597346868574,0.031977175036479434,0.04772070815568216,1.118261723975566,0.022526192087556265,0.03879553966413355,0.009893680447574646,0.009894423424985,0.015962875603082682,19791172722885.312,0.015960842214392142,1.6129090997385913e-06,535,2014Q1
01/03/2015,HUNGARY,0.023787227571722188,0.0,0.01927735314643714,0.06552850884387357,0.040303044345904884,0.010407030618032779,0.03400139676739519,0.07340154318576754,1.2535719846843179,0.023543730499606612,0.04056106855388601,0.010345531898636625,0.010345527317318885,0.016116243000532056,12034.631598846698,0.016114150445756825,2.092193499624754e-07,595,2015Q1
01/03/2016,HUNGARY,0.0007586719671492034,0.044820563562332286,-0.002903270679891129,0.04474434230060647,0.018675463652264763,0.011200981594311314,0.03817634239900258,0.02426798184257827,1.1900068773059391,0.0007586720164835513,0.018729934952142757,0.011700649297118719,0.014087830649185923,1.2593081317901178,19.860100010058638,0.7831226011707878,7.318743055750112e-21,655,2016Q1
01/03/2017,HUNGARY,0.02469887868930581,0.0,0.02211669583461921,0.06533212535134374,0.041574831607926896,0.010543480302367628,0.03455163891250006,-0.014254445046753023,1.1260980404791068,0.024441718019700957,0.041726789791187525,0.010508219016780807,0.010508491245794487,-0.00902305887714305,117271897652.42351,-0.009022691590732216,2.4643838966161067e-07,721,2017Q1
01/03/2018,HUNGARY,0.027061634514487648,0.0,0.019411933896737302,0.0763011793303292,0.046688813126601086,0.012091281186319174,0.04207578784585693,-0.1328186524769951,1.2595814886724572,0.02706163439024289,0.04665429284778175,0.012998838569515713,0.014753301288375077,1.2087841661184955,11.507105819213894,0.770511123102631,8.155022554476877e-20,789,2018Q1
01/03/2019,HUNGARY,0.031436039394434866,0.0,0.026902855169109296,0.07376560674295057,0.04922587689293233,0.010526279742475997,0.03598586903265261,-0.1537351304709205,1.1437847517611366,0.03143603928433532,0.049001025598433334,0.011026435937539708,0.011362040824860696,0.6404460202966981,15.655259939931128,0.539320123806055,1.9863395625692865e-20,857,2019Q1
01/03/2020,HUNGARY,-0.020449448568910778,0.16518900013080634,-0.04218542633613519,0.07213954176441638,0.018232630926850457,0.020551637703680906,0.08645501880474966,-0.1352886401918779,1.5567728006420585,-0.020625083520934707,0.019943467970613207,0.04997784520057122,0.018039492431684234,0.5509288350725368,2.28350050531841,0.4825432267773332,5.441639710529163e-07,925,2020Q1
01/03/2021,HUNGARY,-0.03356628193987474,0.6887605386228911,-0.03820383631706126,0.03714966681986927,-0.0067335742314847385,0.015397295014811024,0.057755370618002407,0.25721355251445854,1.3092474553251787,-0.033566282880443714,-0.006559210798429456,0.018711866212245663,0.015850701383302298,0.7065798825448202,4.87048819228401,0.5770633550221335,1.2802920187411364e-18,993,2021Q1
01/03/2022,HUNGARY,-0.035218186177655555,0.11773048969284566,-0.04697433549477572,0.06668674070253247,0.041386402287509505,0.016755613151132803,0.09980546002117041,-0.7057673185998231,2.191420617120009,-0.03204976892943095,0.031878262936970526,0.12176700844029867,0.027820000156381374,-211483.87810831092,2.1,-0.9999999999888206,8.957968552415672e-05,1061,2022Q1
01/03/2023,HUNGARY,-0.03348484904519556,0.5677614206919089,-0.03730870835588546,0.057006384422370826,-0.0009452433560851051,0.014084908234549985,0.06552803724210877,0.15672812080443763,1.5103810202826742,-0.033395939933138274,-0.001395922753196682,0.056912100819999034,0.01243938595650528,0.19572680829231612,2.100000000000014,0.19208215007547905,2.0356975892201809e-07,1129,2023Q1
01/03/2024,HUNGARY,0.0005411366501185504,0.045309983401113293,-0.002343376862301655,0.0657693591432679,0.01989811889981386,0.010089682764822564,0.04416892461493059,0.15900331490503766,1.3914801182870218,0.0005161528640003282,0.020613145521595468,0.04204767523213409,0.009342471845588224,0.8227871002114373,2.1,0.6353656215374188,1.8440578257012753e-08,1197,2024Q1
01/03/2025,HUNGARY,-0.01889668899883617,0.255172146764762,-0.031042084083210617,0.06368464059222126,0.009784912078974767,0.01374713609452646,0.061786284382687094,0.14240283313230684,1.529324434204158,-0.018890527380675096,0.010702621197852896,0.05491828610879831,0.012054132298083053,0.38991782115141105,2.1,0.36327881915866655,1.0045426632088912e-09,1265,2025Q1
01/03/2026,HUNGARY,-0.03610241705659997,0.20381051418986462,-0.05394033273303214,0.0760800965263345,0.015412415298352848,0.016978186004947306,0.09158770573622357,-0.03860121769796281,1.8002956136830857,-0.03537719053144697,0.012833431983167772,0.08304167137134076,0.01834514619480559,-0.6184118421913866,2.100000000000073,-0.5259636358338492,1.0482933124480561e-05,1332,2026Q1
01/06/2003,HUNGARY,,,,,,,,,,,,,,,,,,50,2003Q2
01/06/2004,HUNGARY,0.05459138723646908,0.0,0.05412699900714851,0.08168011790630066,0.06148093343121444,0.006909904983452829,0.027028698596205776,0.49345631161393466,1.048816824761734,0.05424398146034665,0.06406545792952956,0.033381037482538185,0.007626535954848883,205440.5826824864,2.1,0.9999999999881534,2.6550513609172894e-07,77,2004Q2
01/06/2005,HUNGARY,0.03836808178503552,0.0,0.03407070596034946,0.0704900037301123,0.050603091461655196,0.00932698190993292,0.030292774359632235,-0.15651888168941375,1.0262847891046711,0.03836905529913433,4.697311582783615e+23,,0.015673690033705633,9.673653619871427,2.8518218517749948e+51,0.9946993980966496,1.3870408504099125e-07,105,2005Q2
01/06/2006,HUNGARY,0.018413324518235942,0.0,0.016891277507572,0.046536884828561206,0.03278791765306121,0.008695079060954387,0.02688147475247571,-0.21928079110432877,1.3754226382655614,0.01934028088615885,0.03290530455751663,0.008246342730712264,0.008247011489545344,-0.015962875828437046,7282194118.831006,-0.015960842439660398,4.631797800011181e-06,137,2006Q2
01/06/2007,HUNGARY,-0.017749979878116967,0.2117774069014577,-0.017964596112697056,0.04059611778848171,0.007273227821879822,0.011187693000662979,0.043153661377808114,0.5475719217144401,1.586290269226468,-0.018031895812983575,0.007209657154124506,0.04559917636934159,0.010270547963695215,-1.5247333341760205,2.1000001784536457,-0.8362003892203362,1.4709795504548011e-06,172,2007Q2
01/06/2008,HUNGARY,0.0036643858360283933,0.0,0.0017221408175270706,0.040581560960991254,0.021485038917032157,0.009842793897862162,0.033446013435986424,0.0707332875013524,1.192536286058115,0.004305267313161419,0.021028327807611658,0.010227354398422112,0.009647187165739316,-0.001385370368670884,18.142709119550002,-0.0013853690392360246,1.6396430525849002e-06,216,2008Q2
01/06/2009,HUNGARY,-0.08355492075387316,1.0,-0.0966056703687629,-0.011302002111879681,-0.04465862522201797,0.014913772766894469,0.06928088080673377,-0.4749831388735337,2.241304431191617,-0.08344651415256636,-0.04734567013468265,0.061656972693097514,0.013543838917720673,-0.41947565724528996,2.1,-0.38682142487490856,2.5059396392602184e-07,263,2009Q2
01/06/2010,HUNGARY,-0.02672805500604134,0.36794780515776804,-0.03648048851690439,0.03365654988019595,0.0029795760363979617,0.02053532097285067,0.056663591054788645,-0.17512031266797703,1.245504773062216,-0.02691508941667466,0.0022012763702048306,0.017700144575203584,0.017700603705556327,0.009023058888817347,373894395432.8311,0.009022691602405087,9.962856239448583e-06,314,2010Q2
01/06/2011,HUNGARY,-0.0011820101978077188,0.062353633916849754,-0.0037715213166215835,0.04688919989012043,0.01963334254148108,0.01126335080545017,0.04053637220155839,0.011994618976628313,1.3594177638599518,-0.0011820102940489669,0.019330541721138055,0.012674675734405125,0.010783666717919993,-0.18944283795236666,6.883404773334879,-0.18613226686324139,9.568452730311337e-20,371,2011Q2
01/06/2012,HUNGARY,-0.02046591011125483,0.4905006689175334,-0.02398575253267314,0.030390728142495986,0.0009385243352061745,0.01728800516120488,0.0486227640633388,-0.024796603181016397,0.9304928628344324,-0.0228677092360677,273421990.53182,,0.015141691019758713,0.01596287557431526,4.021206607887088e+24,0.015960842185635708,1.797370524225762e-05,430,2012Q2
01/06/2013,HUNGARY,-0.0025478695439010123,0.08796568175018256,-0.0079345185605399,0.047929954637784995,0.016636705305269752,0.013858650918790886,0.040601150154490326,0.051763744268451185,1.0896514083222226,-0.003531203901056963,0.017128165560410198,0.01255956478112654,0.012564425486175937,-0.034882401340126976,18060556.477708686,-0.03486119854984995,3.350293284794136e-06,490,2013Q2
01/06/2014,HUNGARY,0.025840339948610867,0.0,0.022729354078414536,0.062466273339034976,0.04141170993492366,0.010641120379867768,0.030703484748839854,0.018748182189433693,1.0625247269640936,0.025623825776624073,0.041285062860837496,0.009520959521949061,0.009521202651749567,0.009023058894493653,8779610885995.545,0.009022691608080701,1.367117158156048e-06,550,2014Q2
01/06/2015,HUNGARY,0.015253640827859405,0.0,0.00678674967124146,0.059386664835653406,0.032178839122917545,0.011363293735288476,0.036887351228048496,0.07644502134333851,1.2470098600499797,0.014581506805377547,0.03306045821663766,0.011234060177429516,0.011234615172587437,0.016022494607957887,30961.40202001734,0.01602043835378179,1.6379965888480449e-06,610,2015Q2
01/06/2016,HUNGARY,0.014602003829079214,0.0,0.010641522787327527,0.059637880452863015,0.032807756238996025,0.011373829346518316,0.038330095459695804,0.012615913686837921,1.185973142211474,0.01402864391509582,0.03319721962381559,0.011708752463137058,0.01116467513666519,0.005753889611347136,22.02774078842264,0.005753794365993682,1.2873977765696217e-06,671,2016Q2
01/06/2017,HUNGARY,0.017134373502903276,0.0,0.015283916988686565,0.058021674336985025,0.034113222178901975,0.010172753203416112,0.03347292647705617,0.012472326561878445,1.1831946117540708,0.017252437330705597,0.03399127987322811,0.010176769554402396,0.010161046437532862,-0.01901521369270992,602.987560204764,-0.01901177687987681,5.745458848376513e-08,738,2017Q2
01/06/2018,HUNGARY,0.030381017831543594,0.0,0.02643078804819397,0.07413353319620768,0.0489367797257994,0.011587441432892337,0.037618096581514174,-0.11866469242348254,1.1829624617237435,0.030151690723081395,0.04899676765527791,0.011456506831843303,0.0114703877773942,-0.06175791187762583,2443262979.876568,-0.06164047414198281,1.675063645592158e-07,806,2018Q2
01/06/2019,HUNGARY,0.027959498564674654,0.0,0.02161850198361885,0.07074124730795224,0.045524806133176846,0.010656600970734934,0.037050262656957836,-0.1327257828128588,1.2170662106938912,0.02795949862092021,0.045437448606128,0.011431630368479712,0.01253759250738799,1.0399383228469326,11.457207893984473,0.7208125273593871,8.892498435658707e-20,874,2019Q2
01/06/2020,HUNGARY,-0.14397873902358505,1.0,-0.15937682881672333,-0.06202839969662627,-0.10635641360413481,0.018440535283075127,0.08149056919766764,0.6231343405225117,1.3674087754553064,-0.14397873898929006,-0.10328431521723014,0.04834014714568601,0.015780340071241412,0.011031690331210698,2.2385467617521493,0.011031019124091997,2.783347608518383e-20,942,2020Q2
01/06/2021,HUNGARY,0.10615590317617446,0.0,0.07264248047745034,0.14561951543560528,0.1325507498323321,0.009764365543809588,0.039198670799487606,-0.04894888907307282,1.1589356052944333,0.10609863307667451,0.13128213196493274,0.04796830483604195,0.010959275956618416,-22017.661315448655,2.1,-0.9999999989685988,5.823886541683403e-08,1010,2021Q2
01/06/2022,HUNGARY,-0.034156749938124335,0.11426281582034807,-0.04594345864714886,0.07769422631546023,0.03982050601198994,0.017817852000057227,0.10755938956983402,-0.4260136337980024,2.100084074478488,-0.03240473733052379,0.03278123033410408,0.12241175027179571,0.02787834063491618,-3.7473912020333033,2.1,-0.9661902693784765,4.77672316797622e-05,1078,2022Q2
01/06/2023,HUNGARY,-0.025592510845484976,0.7504612240495073,-0.02782549060614854,0.052116752399912446,-0.0058238765022602754,0.012238903569136898,0.04931764063937065,0.27688043042993965,1.288735800522396,-0.025597351984864004,-0.005879218817349961,0.01993249881507753,0.014280570238176185,1.9877441922736239,3.0496825716566436,0.8933228877358526,5.316573322590927e-11,1146,2023Q2
01/06/2024,HUNGARY,-0.002351933741882681,0.06712391215529244,-0.011465453475116202,0.07217782919113676,0.02291511087300282,0.011449562664653246,0.05321655170901138,0.10835854226850397,1.5743658342781668,-0.0022795937224543233,0.023339919432480333,0.04678862504689919,0.010252692020994457,0.32301384771980013,2.1,0.30737613368929384,1.3932879147361736e-07,1214,2024Q2
01/06/2025,HUNGARY,-0.007943780622097642,0.13993003400487194,-0.015318965082316942,0.061774531904768684,0.013236300561419905,0.011353375965765446,0.0487785220294155,0.1963877722729449,1.4572478530328627,-0.008006023434612543,0.01436095530819747,0.0461407989048407,0.010238135163619206,0.7730688583690936,2.1,0.611616697330779,1.2522035952618215e-07,1282,2025Q2
01/09/2003,HUNGARY,,,,,,,,,,,,,,,,,,55,2003Q3
01/09/2004,HUNGARY,0.04925504321929837,0.0,0.04050037384033732,0.07784550627458241,0.057031292704374334,0.00721390576978346,0.02800699744973424,-0.019228500594983215,0.6481554363042428,0.04919775887733329,0.05979094103062403,0.03316262639753758,0.007557614617731244,4.252014951662116,2.1,0.9734413620324409,2.9439357744357054e-07,84,2004Q3
01/09/2005,HUNGARY,0.03299564449471338,0.0,0.023701117502196608,0.05973610876336547,0.04283583518868616,0.008180638775511406,0.02593865698206315,-0.13847659129362772,1.2481558438067186,0.03088592971394921,0.04392507891878508,0.007926974469933472,0.007927179888165862,-0.009023058726732293,11646490466.31346,-0.009022691440339825,1.6708515230435197e-05,113,2005Q3
01/09/2006,HUNGARY,0.02336402768808661,0.0,0.022950388595133733,0.057489725127839425,0.040625415601328096,0.009329343314865785,0.032657735924434994,-0.029870334178242346,1.5347242771760614,0.023364027690355768,0.04088376817024934,0.010118164567439157,0.011339457557797212,-1.2164515388461774,10.33836034694769,-0.7724857594210843,4.511973578780811e-20,145,2006Q3
01/09/2007,HUNGARY,-0.017740729567994357,0.2875685457936066,-0.01844289220665076,0.04160072716902671,0.004892985868516482,0.010225626382467067,0.04196490307031374,0.20472972006673842,1.7836959550042675,-0.01790693562322376,0.004328834668881945,0.03805115956563057,0.008371955638650177,-0.477714433113642,2.1000000025519787,-0.4310541765081238,6.029955506674977e-07,183,2007Q3
01/09/2008,HUNGARY,-0.008368531949905523,0.18443954232869897,-0.008886212903417541,0.03167210702989861,0.009585793610764278,0.010998973412920452,0.038790828738602644,0.20485273595736234,1.243810417552805,-0.00836853171226713,0.010596303739785994,0.012014857333691736,0.011048592253218246,0.41785231161191916,8.74500446967896,0.3855473375151832,3.954693565642298e-19,227,2008Q3
01/09/2009,HUNGARY,-0.07062308170732526,1.0,-0.08149900796842692,-0.0023278125892922264,-0.038234240503145125,0.014379004795259802,0.06250241714561211,-0.4203441021456578,1.7015370791677447,-0.07062308179464283,-0.03928030203672641,0.03110363798890447,0.012401398610544788,-0.024706985491753788,2.3779730522285245,-0.0246994479364936,6.410988093332395e-20,275,2009Q3
01/09/2010,HUNGARY,-0.007366146296422205,0.13070582671195882,-0.01327715192345258,0.046796079016425976,0.01749878172720115,0.01528853656794296,0.04830346213714186,-0.10005120401111425,1.3275642490161854,-0.007354528021213096,0.01694101121495855,0.014769554689337473,0.014770744826573224,-0.0159638506780109,1893128.6488742733,-0.01596181691672305,3.813771439447225e-07,329,2010Q3
01/09/2011,HUNGARY,-0.03551978732978425,0.48327828226189296,-0.05423545132116211,0.03191356728743286,-0.0006467243784617281,0.019985255222095686,0.06545004514594821,-0.007618265719613748,1.3445282358178927,-0.033628419376835264,-0.0008628050642561064,0.01992890984797637,0.019791735072061386,-0.004167361534640198,145.6675034042108,-0.004167325348031515,1.4934381787830191e-05,385,2011Q3
01/09/2012,HUNGARY,-0.01691498768813037,0.4663430562223869,-0.02049342418339916,0.030896467525569616,0.0022384489046832225,0.016484689207637026,0.04449128381707755,0.019569440987418824,0.903627897958297,-0.019514396765886913,0.003431734725158256,0.013949790872317014,0.013950151931884164,-0.009022998249277728,32112195.13577456,-0.009022630970270172,2.1242219597259828e-05,445,2012Q3
01/09/2013,HUNGARY,0.012202512253103873,0.0,0.006748552985758705,0.05499963739480051,0.028739889071026085,0.012104558054543496,0.035504931318976335,0.11547720626196781,1.115011627159277,0.011271605143477838,0.029334999974335658,0.01098135337603201,0.01099346727318845,-0.061539695785103016,10021.714692799449,-0.061423496186769996,2.8791058686342877e-06,505,2013Q3
01/09/2014,HUNGARY,0.019102848172353838,0.0,0.013716464863636965,0.06086533906675651,0.03621497585497702,0.010964197691665152,0.03492312978605147,0.09478540479838843,1.2255838033853965,0.01896031180211132,0.03650405248857252,0.01066546393909255,0.010669581131940371,-0.034880465128488525,1006286.6549329133,-0.034859265866569525,1.0889477244032602e-07,565,2014Q3
01/09/2015,HUNGARY,0.008410238961623195,0.031133797870596024,-0.002734345019743397,0.05952508876536281,0.028364099666054396,0.013174580469106358,0.04082969931544683,0.088862747276201,1.3706314989129296,0.008329814633077684,0.028934774381512186,0.012520467835501287,0.012520860211312797,0.0090230588940876,115836406498803.7,0.009022691607674696,4.939098367983306e-07,625,2015Q3
01/09/2016,HUNGARY,0.010601863207726499,0.0,0.007589505974433641,0.05336718255248827,0.028055048879932716,0.01079719846051514,0.035923070722342014,0.019001150396874496,1.1496723152518935,0.010601863181030046,0.028053382219360424,0.010937396872387156,0.013081595410978782,1.003262753445658,84.87150527553113,0.7082575205015031,5.480266945625237e-20,687,2016Q3
01/09/2017,HUNGARY,0.02283501508629104,0.0,0.022299552105102625,0.06057917081374348,0.038948202374310396,0.009891148144316044,0.03241185937685423,-0.06177442891864562,1.0870394511432857,0.022653233616999432,0.0388684556889004,0.009857538566908314,0.009857790592933657,-0.009023058892743532,4560252888096.441,-0.009022691606330794,1.203751441707463e-07,755,2017Q3
01/09/2018,HUNGARY,0.03336553906988156,0.0,0.029629726357063613,0.07381531602970566,0.05106088247900545,0.010666396638546325,0.035152793904385526,-0.1213894799563033,1.1019814065125975,0.03338770966706609,0.05096512029504508,0.010687919184452596,0.010654067467997323,-0.02204756549074261,301.5962289336975,-0.02204220883628452,1.995307459090273e-09,823,2018Q3
01/09/2019,HUNGARY,0.027422700147634274,0.0,0.020724944778278957,0.07414112662619976,0.04667111224926982,0.010809522518355577,0.03995949537702363,-0.13271076745846483,1.210466309381846,0.027422700473260116,0.04662477907366226,0.012737557835377483,0.010671439527525523,0.47309179749435315,5.422273048720995,0.42764892207985444,2.683009270946353e-19,891,2019Q3
01/09/2020,HUNGARY,-0.0682292672588632,0.8861299069834335,-0.08243277895166042,0.030351854485350115,-0.02678164052256783,0.018630908438443807,0.0826329568973419,0.24187964949866902,1.5358817214588638,-0.0682794700415883,-0.026621261956931225,0.071572847263159,0.015621625531502446,-0.06795224656683933,2.100000001232769,-0.06779590278322625,5.749086971087394e-08,959,2020Q3
01/09/2021,HUNGARY,0.003974567416559518,0.04207996681685747,-0.008571363025434145,0.09581159668165538,0.050751884409612695,0.012404241549555859,0.07418862737830528,-0.2469313897088143,1.7887499415056662,0.004929558151367041,0.046709162635276025,0.07527085585265035,0.016938452053906945,-1.4578317395132891,2.100000000000012,-0.8246380974331851,1.7092270450386365e-05,1027,2021Q3
01/09/2022,HUNGARY,-0.038655012975591124,0.13807273533562356,-0.055387910124533424,0.07525679828492889,0.027520572703990255,0.01827899261162011,0.10517589306532325,-0.19273997433033868,2.017407761308233,-0.03742247649731628,0.022566627910029818,0.10876508128317028,0.0245266089044045,-1.6213303354690156,2.100000000000006,-0.851128738284413,2.8071730058056326e-05,1095,2022Q3
01/09/2023,HUNGARY,-0.030544936832409254,0.29946149024249463,-0.030757326028204118,0.057945526740078704,0.006601294603113185,0.013761926839772839,0.06773422209639346,0.02270411634582435,1.5373788352736137,-0.030282714899691567,0.004545484523054338,0.059381748215912106,0.013016407309447179,-0.3366445331174488,2.1000000000000187,-0.3190506984516541,1.4856533163662779e-06,1163,2023Q3
01/09/2024,HUNGARY,-0.013096608379896416,0.23982842317085526,-0.019538628544299084,0.06126980849968974,0.00997766744667215,0.011965254203840169,0.05258497967132098,0.20184825301970413,1.457492855404549,-0.013121472927693226,0.011024535464427937,0.04943632764969417,0.010961346895545813,0.74661134434525,2.1,0.5982607701223954,1.8840897984318618e-08,1231,2024Q3
01/09/2025,HUNGARY,-0.005445606051318677,0.09690399137409655,-0.012523898256366807,0.057468947407850794,0.016094177257441604,0.0111344067746156,0.048696260502370595,0.174491744069295,1.5087636473720614,-0.005445606101913901,0.017048219795036818,0.02892727472635086,0.010266184325718653,0.6411054645265439,2.2696194897964572,0.5397137420673823,2.140991277199616e-20,1299,2025Q3
01/12/2002,HUNGARY,,,,,,,,,,,,,,,,,,40,2002Q4
01/12/2003,HUNGARY,,,,,,,,,,,,,,,,,,62,2003Q4
01/12/2004,HUNGARY,0.042217151400401734,0.0,0.036671970340708265,0.07144865449770085,0.05155056855014238,0.0071854832315429475,0.024116347312753292,-0.2672691834621923,1.1729575388370028,0.04005139424868704,0.05211795408091791,0.007368731207791292,0.007037899891320711,0.002872860858869811,22.783646129222564,0.0028728490036095365,1.8598346883527504e-05,91,2004Q4
01/12/2005,HUNGARY,0.03350392391623886,0.0,0.033171992212299634,0.06143618227282474,0.04619595395420198,0.0075228806689874046,0.027140735773760374,-0.5753435218621847,1.4798815901105713,0.033503923797175754,0.04548998254792176,0.008606406845564003,0.009419656679505626,1.5542265140520706,6.908057087951649,0.8409681264255107,1.4977665248518612e-19,121,2005Q4
01/12/2006,HUNGARY,0.021834826850824676,0.0,0.019225367990419844,0.05404036401419254,0.03875012962815524,0.00857539292472312,0.031117599382331378,-0.07009631825322515,1.671565364225465,0.021834826939382566,0.039119919011148536,0.009893832606129527,0.010476961296472985,-1.428793112182868,6.498285582003753,-0.8192737209214597,1.841891592851079e-19,154,2006Q4
01/12/2007,HUNGARY,-0.023528914094071388,0.530793598785125,-0.023529608915320584,0.03564410559474955,-0.0006937816054103229,0.011453509385180104,0.04656041350735787,0.26726366402329205,1.5537639271041552,-0.02352891388008953,6.285410218003656e-05,0.017022423733766723,0.010228090527527073,-0.11248690958529259,3.1207338364498027,-0.11178192726415674,1.2189974430214698e-19,194,2007Q4
01/12/2008,HUNGARY,-0.06068623353588885,0.9584445336579785,-0.06279077032314942,0.010404381784631959,-0.026270798350047694,0.009824591533336102,0.05537921588047098,0.5943636100968493,2.569995938040068,-0.060021158060932944,-0.027349269566770047,0.06037225751717298,0.013691449076745564,-2.333651726008891,2.1,-0.9191644885355247,7.580489843003961e-06,239,2008Q4
01/12/2009,HUNGARY,-0.04388042240489407,0.7943237359880121,-0.044046807327449124,0.017252570223150604,-0.012589496257008647,0.012468873278720987,0.060013046684737725,-0.0747542780751899,1.8495737471980123,-0.04371273581477218,-0.013165299091334267,0.05210191477023581,0.011393530018805772,-0.22428335691940537,2.100000000044258,-0.2188465677024867,6.55831263932306e-07,288,2009Q4
01/12/2010,HUNGARY,0.0013366323169030532,0.039356529426114166,-0.0018029270674732518,0.050035430149658645,0.022492488387224195,0.011931606137825316,0.041040056292441854,-0.1482056038739481,1.2528555976182267,0.0013366324835605214,0.021859069541700787,0.012592087182240004,0.01160569341347421,-0.004263080054457185,13.285333426694308,-0.004263041316693165,1.8816393709296426e-19,343,2010Q4
01/12/2011,HUNGARY,-0.007148147610956569,0.11413033615022947,-0.009898340926749957,0.04557857709377661,0.017404348842866988,0.01305782704661443,0.04615030141220968,0.0008611194508633386,1.3806838950862053,-0.007148147579377855,0.017590874403250967,0.014359390748489544,0.015439476172185872,-1.1251483706402603,8.841283997295738,-0.7474528215562606,1.223597080574475e-19,399,2011Q4
01/12/2012,HUNGARY,-0.027760796719218554,0.6932301439488131,-0.037743891161030226,0.02212158570961401,-0.008113721428919122,0.01724419124738941,0.048307994441132165,0.036326853902156044,0.9695896000345955,-0.03083361907837177,-0.006068301964443099,0.015052295781019843,0.015052645676122927,-0.009023058893818926,141661240389385.72,-0.009022691607406055,2.9441984628055225e-05,460,2012Q4
01/12/2013,HUNGARY,0.019183523461400696,0.0,0.01629202781473499,0.05809355909297261,0.034319106243482486,0.011088711382747212,0.03261766599181899,0.06371108092301274,1.0573059681464638,0.01817387876442971,0.03476038601255295,0.010083474522438029,0.010083735006705877,-0.009023058890946623,676892837498.1818,-0.009022691604534103,3.214667997500884e-06,520,2013Q4
01/12/2014,HUNGARY,0.01707019382254001,0.0,0.009255256633992567,0.06187980381734104,0.035280942679575975,0.011130431970028406,0.037074295454071315,0.08827157570780525,1.2801051975740885,0.01707019384179364,0.03566169547600205,0.011290476905895007,0.011268184127490201,-0.2592361229575195,46.05620016588384,-0.25094117327518173,7.647572452997302e-21,580,2014Q4
01/12/2015,HUNGARY,0.01795613288218997,0.0,0.010623581340058062,0.06244982944689798,0.035548515374809075,0.011295757639942157,0.036704841303637215,0.06781598216880731,1.209641274692915,0.01765348173521133,0.03603885818236968,0.011177290965267588,0.011191035280678871,0.07213509066131849,2375.133798053199,0.0719481434893004,3.0537452089516525e-07,640,2015Q4
01/12/2016,HUNGARY,0.006377737501088207,0.0,0.0029489060585984606,0.04974718822891466,0.024180426662862645,0.011011600366863102,0.0364147419500728,0.03684205528521947,1.1882356845367792,0.006377737537391891,0.024154058460977457,0.01107548336755176,0.01333681405745873,0.9809152907686827,846.0715774773589,0.7002618122922364,4.144317059401765e-21,704,2016Q4
01/12/2017,HUNGARY,0.02438239563605011,0.0,0.021327521943353557,0.06397818147951306,0.04086440370265594,0.010429840841924142,0.032449305468453586,-0.0683720969919271,1.1398424388110595,0.02434463223995712,0.04070361358749131,0.009944817986707053,0.009945075694756991,0.00902305820337713,2820010384.652006,0.009022690917048569,2.865004572851433e-07,772,2017Q4
01/12/2018,HUNGARY,0.02989551583444965,0.0,0.02459256387108738,0.08249649841301929,0.049963264644274016,0.013015970414733203,0.04608658661352122,-0.14718924092820984,1.2268154368672288,0.029948952203691776,0.04978526673079445,0.014191446067517386,0.02030348324182757,2.675491753007286,27.060562948871873,0.9367095519705816,5.506635092463098e-07,840,2018Q4
01/12/2019,HUNGARY,0.02534242932697009,0.0,0.02112817170854294,0.06737594656771773,0.04318349150775578,0.009856906541334467,0.037045973744871764,-0.11717834900795404,1.2624021247701156,0.025342429256836923,0.0430463466186421,0.011987684768901347,0.009658893622766425,0.4849108852723526,4.798233676970754,0.43631896657623703,1.696699920959398e-19,908,2019Q4
01/12/2020,HUNGARY,-0.03955535060308308,0.764672934107905,-0.04838144267636454,0.0379822944850632,-0.010990648969529351,0.015478268406126334,0.06353047004396326,0.2715146298163961,1.4393146342131289,-0.03955535099805269,-0.01018551992363498,0.0244544663603157,0.014774622052245806,0.6158190010858446,2.9627142677267786,0.5243656791549326,3.3783174234674638e-19,976,2020Q4
01/12/2021,HUNGARY,0.0130489181123854,0.0,0.0009783408565159637,0.09319737186921577,0.05645655319701955,0.01139418232567361,0.06584569814033045,-0.438171799830726,1.8358367667871078,0.013884336876839922,0.05250866751203337,0.07121035356708734,0.01613913862579993,-2.2214132054898825,2.1,-0.9118655726182442,1.2313239480993344e-05,1044,2021Q4
01/12/2022,HUNGARY,-0.0372115839120155,0.3864303233819859,-0.04227952528459953,0.05891080023507127,0.004190152052114739,0.015274603979621429,0.0756353795110116,0.03809561819026756,1.6715456901966503,-0.036907960342613406,0.0020705612039031837,0.0664834174627631,0.01458230383865164,-0.36237570754552595,2.1,-0.34069603729181447,2.107467476857088e-06,1112,2022Q4
01/12/2023,HUNGARY,-0.00546364103463047,0.0921154279565648,-0.005834987733365611,0.06741708596145438,0.016074396957057133,0.01054967352116381,0.04619806707616388,0.1484323941147491,1.3682699659984991,-0.0054966684000489615,0.016036966237437687,0.04263376428477602,0.009421436321155142,0.6293685146545582,2.1000000019681124,0.5326550071581486,3.220592729916869e-08,1180,2023Q4
01/12/2024,HUNGARY,-0.009828407635062876,0.1676814735380265,-0.01834601400352743,0.06374343877889097,0.012723137424715248,0.011930687595728703,0.051125323582590865,0.19320565433737028,1.4696282358063022,-0.009828407534969599,0.013316009138403742,0.025298960474356078,0.011394335928419099,0.7698953876205983,2.44592212495109,0.6100415602815321,5.2333099086307974e-20,1248,2024Q4
01/12/2025,HUNGARY,0.0007574388034239134,0.04700584039162811,-0.0055668633589095375,0.05634903936356954,0.017231591735461717,0.010213968109777564,0.04215475553664978,0.21584530495794169,1.4064983975979548,0.0006588420700552955,0.018950931106860924,0.04305829542356492,0.009662726210648821,1.278492908022964,2.1,0.787672323004289,3.314571550690146e-07,1316,2025Q4
01/03/2006,INDIA,0.09418184542273927,0.0,0.09287306057849817,0.12612798453100074,0.10872686882569188,0.0073098807692336416,0.030598202067075142,-0.055748081426555844,1.3147347829031506,0.09418184551224679,0.10899002132845717,0.012358395733053773,0.006517633827824483,0.2604275569797697,2.7465411387633707,0.25202138886959863,1.0188263983854452e-19,129,2006Q1
01/03/2007,INDIA,0.07132233728230525,0.0,0.06958982511039404,0.11499311092200915,0.08862932388031108,0.008618549923323993,0.04358921251013431,0.6032768092429127,0.9173413923344151,0.07151931526946596,0.090814974702578,0.041884145338274975,0.009337385647125662,0.9553189313955063,2.1,0.6907683310505258,1.2450694403073786e-06,163,2007Q1
01/03/2008,INDIA,0.055493570720917595,0.0,0.053074794932692904,0.09604834450324967,0.07485901475993306,0.01311326247250716,0.040315119060925914,0.15856109958735187,0.9718659555283445,0.055682278990789154,0.07582912973424094,0.012369125467490735,0.012384214431946344,-0.04019467321780983,374536104176813.0,-0.04016224301521464,1.1880801849456841e-06,205,2008Q1
01/03/2009,INDIA,-0.02369452623845414,0.16075830398132693,-0.026048996736618313,0.06230249501452435,0.020398106276657224,0.015602472598293842,0.07052693562356818,-0.3148043492097625,1.7593505193232353,-0.023607750824023766,0.016303738971646338,0.07123009269301575,0.015976792410339166,-1.2497547612094007,2.100000000891103,-0.7808090135592402,1.4820228357669546e-07,251,2009Q1
01/03/2010,INDIA,0.0945972594844921,0.0,0.09045753537612347,0.12432301955766639,0.10968266779969982,0.009854397819667191,0.028420394929246195,-0.19899251428186482,0.9451374936446257,0.09478603175299524,0.10928424134110287,0.008813685564878765,0.0088181680402832,-0.040204318001269945,182071.98663217487,-0.04017186446686411,2.0583207382596934e-06,301,2010Q1
01/03/2011,INDIA,0.07884438379186309,0.0,0.07572400271929611,0.12132979380438236,0.09822329947762531,0.011499843198199048,0.038310552791055746,-0.11180624931957743,1.1886960442129095,0.07884438380276215,0.09776983263078076,0.011667261116181897,0.012564536385018938,0.6145633493734358,49.32075083082708,0.5235898289523213,1.0848574284445676e-20,357,2011Q1
01/03/2012,INDIA,0.03903731183840668,0.0,0.03314213451378457,0.08806794026064539,0.05886281511596899,0.017237073374338982,0.0472493787019405,-0.042829809103443396,1.1032967392708761,0.035669496832875756,0.05997490514241648,0.01477577101391263,0.014776977048761493,0.015962875573597456,5438815695554.224,0.01596084218491818,3.53192292328395e-05,415,2012Q1
01/03/2013,INDIA,0.0493448156935054,0.0,0.042960334615655196,0.09694178942212647,0.06615768697447703,0.014598560663819274,0.04075221268593846,0.040505224520400354,0.9558060310198779,0.04669013827659652,0.06758929966168487,0.012705363928289568,0.012705679805905859,-0.009021031938843927,960752.7032462228,-0.009020664899888883,2.197492804109794e-05,475,2013Q1
01/03/2014,INDIA,0.053334155841591485,0.0,0.047001692573446927,0.09791641752250883,0.07060236003779795,0.012334916745515588,0.03939854744423557,-0.02575711600797944,1.1374951560447137,0.05175209330793519,0.07153602040333823,0.01202737755107478,0.012031588199803569,-0.03480961556033671,28292.324712776892,-0.03478854513875516,9.065559787064937e-06,535,2014Q1
01/03/2015,INDIA,0.057378814034057986,0.0,0.051271468974331685,0.1030985818592862,0.07590420000070872,0.011432520246521386,0.03943658682412018,0.07763087537589099,1.2577169817361118,0.05737881412045701,0.07621692804762803,0.012125623990866157,0.013175179042053174,0.9260974169825199,13.219491215327979,0.6794757721046707,4.0254874306506683e-20,595,2015Q1
01/03/2016,INDIA,0.07266188126425949,0.0,0.06868724173785284,0.1160146338300598,0.09032929254214882,0.011087715826336823,0.03699816807603251,0.030013412304115056,1.1799049870177103,0.07266188119152725,0.09047153820517508,0.011271636006043006,0.013851778768587045,1.1378769048367898,70.63200489764148,0.7511493276579236,1.0479580661447079e-20,655,2016Q1
01/03/2017,INDIA,0.047194853163823186,0.0,0.04439842147684423,0.09301705207406576,0.06660904317072566,0.010859517934645208,0.03846215617671658,0.003994081714433284,1.2490661216379064,0.04719485313503984,0.0662948091212556,0.01192941772937024,0.010435683483168843,0.1293262978102442,8.259298772975843,0.1282581678762591,1.4595144071642704e-19,721,2017Q1
01/03/2018,INDIA,0.056507541447400965,0.0,0.04992231219375979,0.10926356613426248,0.07849793703990135,0.012206626776312948,0.04603658164779751,-0.07133922809800484,1.31707029419385,0.0565075412903306,0.07853071920804652,0.014946299081905838,0.011891095474260078,0.4658487896387754,4.684829226628903,0.42227657362666965,5.277842215426421e-19,789,2018Q1
01/03/2019,INDIA,0.03604161329070889,0.0,0.032521909431139376,0.08253612654889535,0.055519378020204416,0.010188846295664973,0.039272086379102664,0.0875833975566953,1.3410169067095454,0.03604161373183329,0.05544019816442498,0.013027070601099982,0.009347220926888436,0.11945975219271285,4.0914928754394495,0.11861638496712738,2.511036687261942e-19,857,2019Q1
01/03/2020,INDIA,-0.023322356677302182,0.15667725667160412,-0.04030818690695098,0.07526559735500818,0.02130667547077393,0.021560191261672575,0.0825690712903936,-0.06326956595797602,1.5119268138220203,-0.02332235753049025,0.021220204753063018,0.027462849306516938,0.022242750340738575,-0.7788235411657003,4.2461822176325335,-0.6144545575055425,1.1577253470989196e-18,925,2020Q1
01/03/2021,INDIA,0.016618110806519364,0.0,0.009754805697806523,0.08905794771059204,0.04834558322062866,0.014366929604376131,0.06069168225455613,0.15053320395414663,1.4613004068794837,0.0174811571305987,0.04780283286017953,0.024973909558404166,0.012604812149669273,0.004284522119626004,2.68362677868695,0.004284482794403101,2.9231097500954547e-06,993,2021Q1
01/03/2022,INDIA,0.02013805021149418,0.0,0.008589294198658684,0.11155846281553881,0.05594677343128509,0.01379931407214213,0.06917034726088467,0.10408334475581621,1.648305947096467,0.020435696997166065,0.05508608962895158,0.05939953346838738,0.012967693751308112,-0.10002138326047587,2.100000285273501,-0.09952478542876761,2.0794656738265975e-06,1061,2022Q1
01/03/2023,INDIA,0.03929368423565767,0.0,0.028697886363960614,0.12447545350681372,0.07338552576459674,0.012344508077269304,0.06353966542826228,-0.020702259221742833,1.7217209859923708,0.039654109058843964,0.07206080842985597,0.05523816984411601,0.01209544725353356,-0.2910007271477272,2.1000000000000156,-0.2794106612080179,2.7287246595745353e-06,1129,2023Q1
01/03/2024,INDIA,0.05969915386223054,0.0,0.050839405200691946,0.12432047921089369,0.0781094133247632,0.009471186850561508,0.04282225135518854,0.13331456993763205,1.4710083675975731,0.05972592570718436,0.07918034476649535,0.04059738696958846,0.009018035101259144,0.8136457337500724,2.1,0.6311277990730447,2.2656549048639647e-08,1197,2024Q1
01/03/2025,INDIA,0.03697977394779751,0.0,0.02265984035544511,0.12089700958661719,0.07134582615666488,0.013260305272810479,0.06613037688302847,0.021917165172844432,1.6898484902635778,0.03725677407728256,0.07073928934726666,0.057141522160603794,0.012490221557053937,-0.19916122124518565,2.1,-0.195325088004282,1.7619078714533652e-06,1265,2025Q1
01/03/2026,INDIA,0.004109884829436906,0.04272383581198453,-0.010011171001760086,0.12417184698801365,0.06753413231303976,0.017809292447647243,0.10139201701935098,-0.14734713613484107,1.9479993743858108,0.005221130463456507,0.06256639082554563,0.10339682376845062,0.02327392960581429,-1.4771708290276657,2.1,-0.8280915215455874,2.3742345607660858e-05,1332,2026Q1
01/06/2005,INDIA,,,,,,,,,,,,,,,,,,105,2005Q2
01/06/2006,INDIA,0.04138437050547236,0.0,0.04099610796009326,0.08883513103210068,0.06465177750382733,0.011071011826050081,0.044678038907802906,0.186272285607179,1.429661109609239,0.041384371049631635,0.06538309778371619,0.016349720160154232,0.010694228633991552,-0.6239218991919673,3.2044157833658087,-0.5293410399363488,3.9408455792233633e-19,137,2006Q2
01/06/2007,INDIA,0.0928860861335574,0.0,0.08662137546879052,0.12870783412974016,0.10528440139428542,0.0075751092203928585,0.03511468265479897,-0.30370919587312023,1.3858244069152381,0.09295945161937408,0.10663599277294362,0.0394594233526838,0.008963202204597318,2.6934205915631906,2.1,0.9374722241246065,3.05844691185851e-07,172,2007Q2
01/06/2008,INDIA,0.03548254550275658,0.0,0.034381419201540184,0.08166163056432675,0.0577600073120381,0.01161967238118187,0.040871552093346,0.15897988672569202,1.1971009864451403,0.03548254553408898,0.05813044699404569,0.012752945259223745,0.015196894065295868,-1.6771042544006978,9.741978024975223,-0.8589046573508944,1.4641872096256245e-19,216,2008Q2
01/06/2009,INDIA,0.0319000810668711,0.0,0.026441400783870278,0.09139371527339381,0.061816628131311654,0.016448367602626152,0.05480621500808952,-0.19675627647759023,1.523007330491352,0.031900081071566805,0.060740463479842355,0.016694003388946495,0.021919794525912188,-1.426417952067466,200.36570014329726,-0.8188251830339692,1.8904357073667614e-22,263,2009Q2
01/06/2010,INDIA,0.06093417356536818,0.0,0.051485625361844464,0.11136298395090201,0.0845894550625048,0.019292750882185808,0.045448429022988845,-0.2354018434289195,1.147496459445661,0.059821181304166,0.08384278668904192,0.014603026662197276,0.01460421092299582,-0.015962879431028455,478614485.2976643,-0.015960846040875262,2.3503918065572086e-05,314,2010Q2
01/06/2011,INDIA,0.07477753012139982,0.0,0.07004040649714352,0.11846846953568263,0.09326998495953978,0.011860039840671303,0.0377579528258887,-0.07002871113192695,1.1606092053907302,0.07421330119480879,0.09318149595550242,0.011532049577377518,0.011532972751664827,0.01596287557769399,3135840144127.352,0.015960842189013152,1.0113810874027083e-06,371,2011Q2
01/06/2012,INDIA,0.033866667499704184,0.0,0.02934041652839474,0.08448900270803975,0.05533824151608753,0.017798814022152956,0.050297525828298634,0.0009625587145085074,0.9019428089515973,0.031108986620687708,0.05685152821905977,0.015649805859872575,0.015655860501426658,-0.03488214555198099,5586685.311009372,-0.034860943227849064,2.3627332621832136e-05,430,2012Q2
01/06/2013,INDIA,0.04180035483720952,0.0,0.03480840262505972,0.09497303131297798,0.06286217278047532,0.015436408724449645,0.04518223355420915,0.025519977062729186,1.0738156874235019,0.0406369203393076,0.0636306459033124,0.013978703026035913,0.013984109060916647,-0.0348818513640154,3109525.4953926792,-0.03486064957599948,4.569226468179508e-06,490,2013Q2
01/06/2014,INDIA,0.05855671428296443,0.0,0.053788035305337656,0.10089907108270214,0.07634135567866228,0.011828204692892391,0.03734274524125709,-0.016696184212510436,1.1240533530179968,0.057843762842186695,0.07662772693317237,0.011419534503199765,0.011424883104571345,0.04027817951975504,21027.865152893664,0.04024554693540813,1.6171828991330183e-06,550,2014Q2
01/06/2015,INDIA,0.05371162622108078,0.0,0.04655037174407733,0.10222654602977187,0.07387498411891788,0.012039289057859316,0.04219267379868111,0.07678866970964422,1.2651319184031589,0.053711626403017014,0.07428045627040948,0.013036055164412749,0.012348032489711128,0.4967727802442823,9.585926979070608,0.44489991364636583,4.652692655208502e-19,610,2015Q2
01/06/2016,INDIA,0.06974544824508397,0.0,0.06452950826968726,0.11539266403783756,0.0879742843520329,0.011756480589465419,0.03851408456760866,0.0151976614261187,1.1974653808657336,0.06917605261799707,0.08844452622578636,0.011714168985746135,0.011713187800216062,0.01627291756638248,5952.221106164692,0.0162707633960785,1.2453784628637694e-06,671,2016Q2
01/06/2017,INDIA,0.05055452292525626,0.0,0.04740647469723407,0.09424788798237632,0.06865505343935595,0.01056329265965474,0.036604799863296615,0.061546768462420035,1.259722390520366,0.05055452274048505,0.06852025921513487,0.011260905793859913,0.010776395501047644,0.4388704828757015,11.523987030467543,0.40187190044731796,1.7737332322888483e-19,738,2017Q2
01/06/2018,INDIA,0.052083020311859136,0.0,0.04808874860262326,0.10003370026334829,0.07269604110603965,0.011410074710123433,0.04128746144175515,-0.04229068641544473,1.2922140604064873,0.052083020279423374,0.07259377197693662,0.012947326045650983,0.010809966279856049,0.09675433448527548,6.523181675588303,0.0963046114880713,2.105765190404404e-19,806,2018Q2
01/06/2019,INDIA,0.03400764975070507,0.0,0.030470637353637663,0.0797382192163474,0.05325794493998655,0.010223415179518261,0.04042619822920121,0.081721873972984,1.3669643962311595,0.034007649351945814,0.05340133452450237,0.0139957813153584,0.009518263350427825,0.3607983309302686,3.555639701435409,0.33938417504410984,5.155026393961442e-19,874,2019Q2
01/06/2020,INDIA,-0.15102149101771797,1.0,-0.1667536206803122,-0.06071200246319507,-0.10955795600279983,0.02104419471255841,0.08811592112628105,0.7019572199424277,1.3390697297967329,-0.15102149066487777,-0.10617057931925702,0.03544880424430346,0.01856445855164235,-0.1465931018687542,2.747977982252095,-0.14504293293046522,4.0006672401332687e-19,942,2020Q2
01/06/2021,INDIA,0.12555776889537254,0.0,0.09605033896639188,0.15831678018659107,0.14941785883205144,0.003184535844313852,0.03272949550694346,0.05666528169658944,2.597331508032671,0.12734970484401634,0.1480472173807674,0.03942361605936301,0.009007078509876512,-128146.22204337896,2.1,-0.999999999969552,2.962927498797606e-05,1010,2021Q2
01/06/2022,INDIA,0.04274743447339488,0.0,0.01833010695416603,0.146734507155452,0.10829385379893743,0.015082815250532624,0.09694938751930302,-0.5027055079667601,2.163862645452535,0.04450356829367652,0.10266218619989617,0.1088645936174569,0.02477340007023397,-3.3214779820927975,2.100000000000376,-0.9575436229109745,4.943319940677437e-05,1078,2022Q2
01/06/2023,INDIA,0.05031338361499001,0.0,0.043575399753939224,0.12480467522068678,0.07533986572987793,0.010406713819309837,0.05050170147479088,0.040354395447746355,1.5604339750900276,0.05046424217620234,0.07508107247089923,0.04367375547026178,0.009543871978866508,0.18232157886603748,2.1,0.1793648027736613,5.712757620301584e-07,1146,2023Q2
01/06/2024,INDIA,0.04301619180266167,0.0,0.03369661262920376,0.12099473293889919,0.07509363939448248,0.011743615135308999,0.05989021616365009,-0.01981198408015979,1.7296244068704814,0.043330376108688944,0.07396023686602174,0.052212113088081616,0.01143791408867218,-0.31086904680005933,2.100000000000253,-0.2968557916664528,2.1342623735409735e-06,1214,2024Q2
01/06/2025,INDIA,0.026588493028236408,0.0,0.0247198641255524,0.10742391383777128,0.06712902205231823,0.01250462767610031,0.06698075007494382,-0.10454328683205315,1.8738862046856632,0.02713082246984619,0.06401297642470827,0.06521948809718969,0.014578538322636527,-1.0734918260782043,2.1,-0.7317096686325932,5.880674467548982e-06,1282,2025Q2
01/09/2005,INDIA,0.054510877283655126,0.0,0.05316775616920019,0.09567140616276298,0.07281351186400915,0.012592778610310225,0.036495457301877046,0.1199871302300253,1.1801188101462816,0.05434266209393321,0.07294562994997784,0.011309029232922607,0.011314836326320899,-0.040195297253002915,2814166.13185962,-0.04016286554113481,1.8892208096748536e-06,113,2005Q3
01/09/2006,INDIA,0.08856672414396782,0.0,0.08845646057335617,0.12601205261490486,0.10467235508793227,0.007602451565162294,0.03654843393062704,0.2390081948562443,1.3828916837675798,0.08866256113082212,0.10547801643365796,0.03371420582269832,0.00745985333137039,0.673477976754326,2.1,0.558605280539645,2.9688213728232457e-07,145,2006Q3
01/09/2007,INDIA,0.05014824303793619,0.0,0.04883629517870866,0.10384184801711535,0.0714425040072014,0.01056814041183989,0.04655625923749397,0.27032298213644584,1.6450657302411522,0.05011350833063563,0.07267667223151791,0.041022576723395945,0.008985105926537285,0.3032197150062782,2.1,0.29017340832981764,3.245459729710608e-08,183,2007Q3
01/09/2008,INDIA,0.025454338937874743,0.0,0.02409036259215329,0.0806633289711101,0.049887922768340934,0.011681172783042777,0.04926589048401109,0.2945974720355571,1.4070623329136382,0.02532253801546698,0.05079242517965562,0.034119570681295924,0.009626528396673608,-0.29938618282873686,2.1708494235382134,-0.28680836341122157,3.5596025114811147e-07,227,2008Q3
01/09/2009,INDIA,0.04673439705319636,0.0,0.040697510822264873,0.09945739468485523,0.07168856643081878,0.015139959192624742,0.0469320806603334,-0.12952296886097234,1.292513041156832,0.047137295099631396,0.0708106615797493,0.014391328055552065,0.014392495179139996,-0.015962875611267427,153073748651.02585,-0.015960842222573757,2.0815636057842916e-06,275,2009Q3
01/09/2010,INDIA,0.07098080473958307,0.0,0.06498348267791998,0.12019729623971738,0.0930950071852022,0.014720424921492156,0.04311490233645898,-0.15095132118900667,1.205366852884221,0.07042852339630058,0.09236777751136055,0.01333767334345294,0.01333801882942151,-0.009023037194659267,89754703.58449982,-0.009022669910896095,2.1456726711223765e-06,329,2010Q3
01/09/2011,INDIA,0.022948484152516217,0.0,0.0035054763253811465,0.08894326638675068,0.054972842677979944,0.021364584743054374,0.06274679324317889,0.02621430377645916,1.1845086336377972,0.023052417321637132,0.05496888744425966,0.01940241244615816,0.01940395937856106,-0.015965452504594555,716348.8222661378,-0.01596341813111519,5.758898927210769e-06,385,2011Q3
01/09/2012,INDIA,0.053268365636910925,0.0,0.04906519147578659,0.1001555980668232,0.07254845600621083,0.014616853602378027,0.042259901684195106,-0.003910354828298363,1.014537544431368,0.0516038388566376,0.07315262687202562,0.013100294760471346,0.013100634210686732,-0.009023053785714505,381226611.7737078,-0.009022686499925391,8.644964411283999e-06,445,2012Q3
01/09/2013,INDIA,0.04250811857210382,0.0,0.036635198051117424,0.09090632102074905,0.06449177891559249,0.013844581720613558,0.04559102889135118,-0.030086284122569168,1.2450602016353152,0.04203787990718302,0.06483346727881074,0.013860342795253755,0.013831931380486412,-0.00503595988708668,486.43690357359645,-0.0050358960300839134,8.825498205229449e-07,505,2013Q3
01/09/2014,INDIA,0.057113360604927214,0.0,0.050085791312412344,0.10306069094196106,0.0764116929808149,0.011855064599137941,0.039997553475506493,0.04386283753315529,1.2287131249859946,0.05711336150266747,0.07666871842219977,0.01221388229613504,0.013206599124069447,0.7255579709012945,24.426714593759975,0.58726355470059,1.8055056690042767e-17,565,2014Q3
01/09/2015,INDIA,0.050598162447552504,0.0,0.04109246378753707,0.10463412169968811,0.07297715778691298,0.013434452597130603,0.04570417389126933,0.055931346336268416,1.3688767140839002,0.05059816222777123,0.07350205635277528,0.013981271861422005,0.013188220017992035,-0.09200860117339453,17.416921731132973,-0.09162160335807712,9.565961325875883e-20,625,2015Q3
01/09/2016,INDIA,0.07298158120342105,0.0,0.06981130224760937,0.11718496128676693,0.09124895220508766,0.011170930916716596,0.036933188474365386,0.01789452494142877,1.171259396189183,0.07298158114499075,0.09133762062075693,0.011233854361266537,0.011960812568254476,0.5117422200692459,128.45331455775042,0.45555645332304223,1.7088765915944372e-20,687,2016Q3
01/09/2017,INDIA,0.04595340180742421,0.0,0.044548029636040314,0.08834425224022228,0.06349421175096263,0.010017008656049287,0.035801007082925086,0.016291552918851007,1.2226650145538398,0.045953401832791674,0.06319627047447898,0.011166634786452261,0.010327554558657111,0.5754991964841435,7.4540375029710315,0.49879624708322046,4.1885734199078e-20,755,2017Q3
01/09/2018,INDIA,0.04955528118325198,0.0,0.04717137462414606,0.09450508371457447,0.06977369229390852,0.010580177417772566,0.03957176194354744,-0.04098824790980054,1.3007467634032832,0.04955528113694911,0.06964072910719483,0.012713720044707853,0.009904036414880826,-0.17534765822904191,4.963812893048092,-0.1727125802489289,1.3396935139069002e-19,823,2018Q3
01/09/2019,INDIA,0.028886270226049074,0.0,0.025207998994490218,0.07765162193518481,0.04868699079588258,0.010339143816229916,0.041662872472930504,0.09775204117696742,1.3794522445779331,0.028886270017929917,0.04878032108713039,0.015018214218122217,0.009559883547210173,0.3811509534534654,3.2398968980819847,0.35615735813370775,2.0320410337066197e-19,891,2019Q3
01/09/2020,INDIA,-0.037864669446272266,0.4086697617398689,-0.052046799094166325,0.06664477888919246,0.005674885714229374,0.020118106783109466,0.08770919990803283,0.2679703569991134,1.5213855484718302,-0.03786466932868322,0.006104773296170973,0.04479220150031,0.017326467607791024,-0.02218065224934103,2.351866446044219,-0.022175198028346135,1.1528424435592516e-19,959,2020Q3
01/09/2021,INDIA,0.03896355159639827,0.0,0.02583963977889344,0.13401864076402667,0.08751396628442137,0.013301221643386868,0.07770024078206728,-0.21339210584986995,1.7826234228600397,0.03988467932004787,0.0835056800107476,0.07836682067018645,0.01761828621045983,-1.3917135581497544,2.1,-0.8120967005575918,1.6188965762894272e-05,1027,2021Q3
01/09/2022,INDIA,-0.004994569266465361,0.06278661913856501,-0.021999502855193035,0.10945578631095604,0.05462776995262994,0.018777136931802357,0.10116969634373124,-0.059952532179523385,1.8950777643567394,-0.004155623813592188,0.050960495152202225,0.0968337756641281,0.02158953687143553,-0.9592572021767249,2.1,-0.692252819390204,1.3782100516096424e-05,1095,2022Q3
01/09/2023,INDIA,0.0431434191055233,0.0,0.03393297902242748,0.12617934994722863,0.077550419810319,0.012010710759730897,0.062463889562961145,-0.06558450199872681,1.7097182409197023,0.04352725810090432,0.07589643005551722,0.055333154484173336,0.012164185518632912,-0.44795763714583947,2.1000000000000005,-0.4088140666770523,3.132200492058726e-06,1163,2023Q3
01/09/2024,INDIA,0.04744495960398356,0.0,0.036031981677687897,0.1207673849773406,0.07244884713462629,0.01119563459161575,0.053297872600828945,0.09930699024634242,1.610575212828491,0.04756471048005445,0.07310275456269114,0.046904117042270654,0.010283960422688622,0.3472037247632715,2.1,0.32799609483753106,3.9143628078845773e-07,1231,2024Q3
01/09/2025,INDIA,0.044414312844947124,0.0,0.03721175861764438,0.11384120043890229,0.07590516862755275,0.011267410234716824,0.057388012421740034,-0.04118760760151451,1.755984365189448,0.044733724244129636,0.07456303598254217,0.051015296474014926,0.011219235592103,-0.4616396497243439,2.100000000111571,-0.4191339137458414,2.0078397647868e-06,1299,2025Q3
01/12/2005,INDIA,0.06688472008293903,0.0,0.06452484701435586,0.11008742555316955,0.08548862584491941,0.009609862471036743,0.0405259669624939,0.38036130421217834,1.1999887116387675,0.06641586564350868,0.08666253056210357,0.016510551390571664,0.008444976895953513,0.003885013165126329,2.708633618075916,0.0038849838465705947,9.001855124723122e-07,121,2005Q4
01/12/2006,INDIA,0.08623582743407199,0.0,0.08446234584079303,0.12045967770623373,0.10194808584466866,0.007514497279099846,0.03311285985355661,0.007815808750401422,1.4264068194108304,0.08620933701799521,0.10240710202725375,0.028945057620538575,0.006329248423122478,0.22080396158324378,2.100000000000334,0.2156105290958065,1.7721537636409463e-08,154,2006Q4
01/12/2007,INDIA,0.10295011860500075,0.0,0.10153984321634588,0.1431908539594967,0.12046975336651786,0.008401337827632166,0.03949580886829157,-0.2229314894990088,1.3206499072598288,0.1030316969269215,0.12088927108063613,0.03740588092185653,0.008312047201564284,0.826973373249094,2.1,0.6372873786508113,1.9916405109657554e-07,194,2007Q4
01/12/2008,INDIA,0.004763929371816231,0.0,0.0034336451033061127,0.07618213920800636,0.03526284643803415,0.010932264043312568,0.05556947070967123,0.5187095401235635,2.489474555346923,0.005087801535148158,0.03516732482634542,0.052505398536550354,0.01167421121373668,-0.8493238739071858,2.1,-0.6473491893524935,2.089172950324049e-06,239,2008Q4
01/12/2009,INDIA,0.058564338007921365,0.0,0.05446266797958151,0.10576544698832943,0.08195472154164157,0.012819956328764683,0.04276462915804198,-0.09237982744866859,1.2382479627751963,0.05972899898504924,0.08110285200845306,0.012998407795474095,0.012888432615707407,-0.105498528723213,84.39694689097844,-0.10491628834116395,5.234149743563472e-06,288,2009Q4
01/12/2010,INDIA,0.0804800317103542,0.0,0.07821355791449029,0.12108045057207514,0.09953036783506207,0.010798790578494345,0.03712160226488803,-0.1434887125887072,1.2050377390142089,0.0804800315781531,0.09908989835665,0.011387860343532095,0.010529035527955446,-0.08269085891679953,13.451495288061842,-0.08240958966613768,7.416014650906986e-20,343,2010Q4
01/12/2011,INDIA,0.02826286538224292,0.0,0.02504383167432548,0.08680881987262776,0.05555127716790518,0.016296320888000707,0.05327447708867082,-0.02080247268429349,1.3002793524187914,0.028746929250097236,0.05541012931784215,0.016209334955498558,0.01620270299905738,-0.016884461982221606,2001.267969352353,-0.016882055742798073,1.0465478722583127e-06,399,2011Q4
01/12/2012,INDIA,0.04798149310057843,0.0,0.03877205402177544,0.09517010209461399,0.06665240667815564,0.014737464364970962,0.043196375875014466,0.07513954838267344,1.0573383448466003,0.04606890844272948,0.06806527376939593,0.013361103355608046,0.0133624307676599,0.015962875574468537,55427117871980.164,0.015960842185788925,1.1400423446011927e-05,460,2012Q4
01/12/2013,INDIA,0.057657211265628394,0.0,0.05102784682101397,0.10166847931459569,0.07415665031156027,0.01222723209216696,0.0379560277466805,0.03316625569814823,1.0931224761665324,0.05603166781519444,0.07517255243388575,0.01163644218955637,0.01163674373514888,-0.009023054903977826,6045572799.566055,-0.009022687618052158,8.923242246833572e-06,520,2013Q4
01/12/2014,INDIA,0.05086929179683135,0.0,0.040331526969042415,0.09959925405315784,0.07081809011894816,0.012313016497826044,0.0423268029894409,0.06524908067828392,1.264484827654951,0.050869291805596774,0.0712856884700496,0.012994943076323087,0.013797819323262994,0.8033453361197962,14.0185961735114,0.6262840004732385,5.033855296527574e-20,580,2014Q4
01/12/2015,INDIA,0.06057010351897419,0.0,0.05305132425816002,0.10788298072661906,0.07977310734165532,0.01177944556145249,0.039984168794946394,0.052905765405572465,1.2338777337563214,0.06027140158636715,0.08026328707246518,0.012223107317347819,0.011553990863100652,-0.002241302690099198,18.781115035417127,-0.0022412970605981374,3.5902738227914006e-07,640,2015Q4
01/12/2016,INDIA,0.06512483655105972,0.0,0.06202824819645302,0.11114638694311212,0.08449531593744869,0.011285027592616802,0.03866447602202605,0.017529087193287277,1.1964976401260343,0.06512483681473699,0.08448364337161271,0.011849707103799017,0.011009929123444515,-0.04643261514379578,14.508332202457172,-0.04638264186092836,8.28025518280719e-20,704,2016Q4
01/12/2017,INDIA,0.05134744342128115,0.0,0.04839122282167027,0.09410966712624752,0.06880759058866143,0.010179494513233212,0.03520260260849182,-0.06632134780947425,1.2276154760142033,0.051347443471192356,0.0684429642527748,0.010825604145276207,0.01091133625253555,0.6449580437128057,12.124718449240016,0.5420062603216594,1.8258892901631832e-19,772,2017Q4
01/12/2018,INDIA,0.04278702943769969,0.0,0.038775840522173796,0.09915224039772978,0.06478588761023422,0.012479582144141842,0.04932417324340454,-0.021624155381434168,1.4088837036034443,0.0427870300720947,0.0648171551438624,0.017449580789514058,0.013042968689818668,0.9500371190948038,3.5381540955246935,0.6887636067633203,1.0320100796955183e-18,840,2018Q4
01/12/2019,INDIA,0.02146409059637241,0.0,0.016763889792802144,0.0644362541055798,0.03877905252643346,0.009097058753317351,0.03507585592717925,0.1647966053174798,1.4802699455929764,0.02146409035512553,0.038789965110637634,0.011640159060290698,0.008344086984985453,0.11928503412186124,4.083436900438699,0.11844533600295346,1.6492190390669945e-19,908,2019Q4
01/12/2020,INDIA,0.004285898869129966,0.03961704435205752,-0.006033655153956111,0.08739449005824615,0.041857448118713295,0.01564996217896712,0.07085814926067754,0.12252787039796016,1.5821934642739248,0.004313526894324007,0.04097208726710633,0.06249935666964352,0.013698410456235946,-0.33245244724265166,2.100000037604776,-0.3154753542818713,1.6618888749903258e-08,976,2020Q4
01/12/2021,INDIA,0.024538887232185884,0.0,0.015150444914768212,0.10985251158482244,0.057152376372652094,0.012927343944463033,0.06293400472311755,0.08813336684078464,1.5867526419758495,0.02473460812117305,0.05632796999422758,0.05416178423173444,0.011824127221782941,-0.09921851267640161,2.100000000104752,-0.09873372003253554,9.447458794289963e-07,1044,2021Q4
01/12/2022,INDIA,0.02950944377595762,0.0,0.019657858760441897,0.12245816669791246,0.07680761922502727,0.013772403411744238,0.07798985288268193,-0.1654022863997866,1.9129397829690504,0.030326463506859587,0.07335605041639234,0.07636203034930507,0.017092385096923568,-1.1392238538446005,2.1,-0.7515364151647708,1.2731874834956653e-05,1112,2022Q4
01/12/2023,INDIA,0.05012592151001179,0.0,0.043745471379781804,0.1219877443357466,0.06868369249257711,0.010106085422911103,0.0435991852742703,0.1696621680274668,1.3936331435647211,0.05008758795198234,0.06943835486294248,0.04295681664688511,0.00959508673465219,1.0395441177650036,2.100000066301323,0.7206812182796922,5.036740717050769e-08,1180,2023Q4
01/12/2024,INDIA,0.04615808048882358,0.0,0.034220919167031134,0.12009381675784137,0.07178360183138516,0.011492164540811122,0.05345779376296636,0.09463339705152753,1.6080698017123662,0.046227893821844904,0.07218291869430488,0.046633979057683045,0.010202328712366348,0.2479939396968261,2.1,0.2407026465172532,1.3886132517681863e-07,1248,2024Q4
01/12/2025,INDIA,0.04180301595282343,0.0,0.038488058310035336,0.10849193965261614,0.0738556078491758,0.011015704142995969,0.05602427887453519,-0.049674714762113485,1.7674994957830756,0.04212223257505434,0.07203563291467756,0.05180147457499761,0.011475383699374467,-0.714439104928538,2.1,-0.5813208352104383,2.0405482072710483e-06,1316,2025Q4
01/03/2003,INDONESIA,,,,,,,,,,,,,,,,,,45,2003Q1
01/03/2004,INDONESIA,0.027844048327003657,0.0,0.022841711391975633,0.05997490617225366,0.03975381800274136,0.00916252721511388,0.031962107704254304,-0.030727155357501416,1.4537102604067211,0.027590887726651966,0.040878286072917075,0.035395159162538395,0.008007468885827535,1.958377777973695,2.1000000134254244,0.8906094451707064,2.70973212352773e-06,70,2004Q1
01/03/2005,INDONESIA,0.05466608423418751,0.0,0.054239004613608165,0.08937689738304881,0.06755783877630155,0.007619890815532399,0.03465526134348889,-0.16845503162305514,1.4495154659071177,0.05472324226827949,0.06851866557667757,0.03823434532623585,0.00866815111254444,2.275193757812844,2.1,0.9154759325097098,1.3631820490896102e-07,98,2005Q1
01/03/2006,INDONESIA,0.032458397967585664,0.0,0.03229267438415324,0.06299019611500868,0.04756357333679827,0.008514736560487624,0.028565632106341762,-0.3558422091817171,1.3875672712401987,0.03245839796600723,0.04773280371752155,0.008720957620741352,0.011671636167560284,-1.6267896598678164,66.59358949304062,-0.8519156443139071,4.101404662568593e-22,129,2006Q1
01/03/2007,INDONESIA,0.04779559881873391,0.0,0.04464984172234982,0.08185520515422921,0.06309458546898826,0.0068014842479959745,0.03297026114654725,-0.1636075923442041,1.1979630927218303,0.0478917693628415,0.06347503043438266,0.029369787249815572,0.00645695739181108,0.4504117828732356,2.1,0.41067688261345114,2.625586216781135e-07,163,2007Q1
01/03/2008,INDONESIA,0.04593642995455327,0.0,0.039532911616954096,0.07695837858923198,0.059184204298365864,0.010865234206448688,0.03093677550406261,0.13802395794996095,0.8244188993934445,0.044879065648829986,0.06069110683377967,0.009614020723087934,0.009618896737634474,0.04019467321684694,3039222442804.468,0.04016224301425408,3.6871098286380148e-06,205,2008Q1
01/03/2009,INDONESIA,-0.021155117484434983,0.16346832290543026,-0.021944244405662443,0.05791493516247454,0.020205027524696162,0.018392666704252825,0.06793108546683523,-0.26691836471743396,1.4015414597208862,-0.017539639834339944,0.016416938675993344,0.02156609194130345,0.017220666036732224,0.0005078363602583528,5.518956386963065,0.0005078362947734333,5.1989081170784185e-05,251,2009Q1
01/03/2010,INDONESIA,0.04515119113309133,0.0,0.0420396199939696,0.08419389531413705,0.06361635124388021,0.010638938160686224,0.03517709169689679,-0.17153007642869936,1.1060922845186956,0.04513731678289958,0.06324809661705358,0.010709398737509706,0.013080023042878587,-1.058367572658847,224.8919028302589,-0.7268655044076968,8.491552166060882e-10,301,2010Q1
01/03/2011,INDONESIA,0.0540551098252115,0.0,0.051893030679092275,0.0927981225787658,0.07183391785278051,0.010712678242433757,0.03554049491757251,-0.1398654420930142,1.1347139485446467,0.05374164980491316,0.07151256278397064,0.010816925251992293,0.010650505217243963,-0.004384394440948085,65.47636953750815,-0.004384352301135637,3.916052092164812e-07,357,2011Q1
01/03/2012,INDONESIA,0.04980159819707434,0.0,0.04675197922547598,0.09053132135769897,0.06626859053752983,0.010070582194312812,0.0352911289574726,0.03520287547132245,1.2862434986409084,0.04982423807383305,0.066057457366668,0.010844277318613833,0.013845162252792368,1.5974773388139285,20.832720985359337,0.8476221004462943,8.68070264117598e-08,415,2012Q1
01/03/2013,INDONESIA,0.04764628545609683,0.0,0.044399074918655045,0.09112555724363432,0.06212080327298698,0.011374579546979206,0.03265387497573475,0.11400774169310224,1.034869229143422,0.046024734347321884,0.06269433437890884,0.010134060935689138,0.010134872322286114,0.015964819685460003,949530.3600098458,0.015962785553848273,8.173008346259728e-06,475,2013Q1
01/03/2014,INDONESIA,0.030449889573278585,0.0,0.025445174669725904,0.07370247963731912,0.04769732569412081,0.012150538091489057,0.038896968110748845,-0.03794756439214084,1.1272278673478615,0.02896875063931854,-9829196.960354978,,0.011870547886310708,-0.00902305889322893,2.6458925081474244e+22,-0.009022691606816131,7.965344768591517e-06,535,2014Q1
01/03/2015,INDONESIA,0.024243285878426828,0.0,0.016025478959643784,0.06961468842221051,0.04195520185100984,0.011989493494339885,0.040192837111351,0.07361031710152674,1.2256847605099244,0.024243285895505784,0.04237414094249936,0.01230414764003657,0.017502611676485754,2.1185774072119408,84.63205162973419,0.9043210427344186,4.0808655498589735e-21,595,2015Q1
01/03/2016,INDONESIA,0.02192933592479356,0.0,0.019967142544983565,0.06939925246214944,0.04235791421229564,0.011023323480698786,0.04273887813333811,-0.010315878847786982,1.2634066353927373,0.021417620812680237,0.04273171684886831,0.014033823925499594,0.010225774536890728,0.011957589811864216,4.263436252655321,0.011956735031791546,1.1885728228881492e-06,655,2016Q1
01/03/2017,INDONESIA,0.029257731374333424,0.0,0.02583031198018438,0.07258877014430198,0.04714440125519938,0.010789739660885936,0.03686382031098516,0.023654363574204383,1.2084181128144058,0.029257731324363982,0.04702734203010151,0.011297408743056405,0.012344223220810925,0.8664970014490667,16.526286434429384,0.6548573104527299,5.257055344405717e-20,721,2017Q1
01/03/2018,INDONESIA,0.025594027023105106,0.0,0.019203831790263064,0.07778153812519732,0.04716952502025803,0.011851949761373578,0.045063137753393365,-0.05694015994030347,1.3249983198874804,0.025594028092100547,0.04713366506419164,0.014758291632798884,0.01146798416761559,0.4553042237139157,4.442115543179652,0.41437517636119636,1.159143027559884e-18,789,2018Q1
01/03/2019,INDONESIA,0.030481570963912706,0.0,0.026548720628626434,0.07519659569964196,0.04922864595221603,0.010312983600119088,0.03784260186476986,-0.013306283865301608,1.2579263298294283,0.03048157133153036,0.04908747983295236,0.011977396400684352,0.00980081149565154,0.21988523825863562,5.752794751782509,0.2147548716985166,8.260483868813089e-19,857,2019Q1
01/03/2020,INDONESIA,-0.07289100309844941,0.7789428272042339,-0.08360593631836902,0.03470553620354639,-0.01994287057507663,0.022851020806943647,0.08515893478132003,-0.04252074413992064,1.5268883837808593,-0.07322076883888183,-0.02292592408878559,0.0743755899320176,0.0207044503511202,-1.5989895510381915,2.151754703878353,-0.8478477697672652,9.147125126778926e-06,925,2020Q1
01/03/2021,INDONESIA,-0.046705630649976494,0.8140772803694468,-0.047211875811143965,0.036088680803504136,-0.01866301397102385,0.02006118013352741,0.06708709058354367,0.3490721237061814,1.2023750206683592,-0.050145898617613406,-0.016597091835712955,0.02045561576407546,0.019803530740242947,0.0024066708888307404,31.875924943433954,0.0024066639190641866,4.714034867083794e-05,993,2021Q1
01/03/2022,INDONESIA,0.009508343609233586,0.030694630212335837,-0.002804737820718189,0.09814619154146352,0.045161725336186856,0.012981758067423872,0.06695907408055865,0.04919529424842899,1.678631088927215,0.009875833918789607,0.043898940910671896,0.058002506365304934,0.012691753629314826,-0.25712339825962227,2.1,-0.24902336273836428,3.0934476708641572e-06,1061,2022Q1
01/03/2023,INDONESIA,0.01726797098291799,0.0,0.006732964015098773,0.1012478662719764,0.04850233130042848,0.012152491921362866,0.060794783800874,0.026394170230805536,1.6737004663998356,0.017519048486956058,0.0478324684093126,0.05214020806666095,0.011379362250100977,-0.053714393347898653,2.100000000000035,-0.05363707127493238,1.5463849569597288e-06,1129,2023Q1
01/03/2024,INDONESIA,0.034279577633901256,0.0,0.027591129999443773,0.09906267632364868,0.05478956454776076,0.009512587853595506,0.04436758543690944,0.08085549719493344,1.503280206908076,0.03434943987308472,0.05530097412266535,0.03982439801913736,0.008763288378432828,0.4825072761038989,2.1,0.434565471404498,1.338277923942523e-07,1197,2024Q1
01/03/2025,INDONESIA,-0.0022436117539781594,0.0576909264358553,-0.009498942384970356,0.0883301003164319,0.04291026708106991,0.014366386339445432,0.0760906701826285,-0.07118715650037008,1.8364648587519703,-0.0016710173806987097,0.0398934019858834,0.0730949505606692,0.016303261496027364,-0.975876328154647,2.1,-0.6984215915609284,6.625247988574504e-06,1265,2025Q1
01/03/2026,INDONESIA,-0.017224409815160352,0.0868878666866909,-0.031045737215651445,0.10201708301729204,0.04642141990934641,0.017631077171737838,0.10102375884532543,-0.15852225459035316,1.962175444442057,-0.016068575403690947,0.041345266987696784,0.10385166338651207,0.02340081443461801,-1.5577358724319281,2.1,-0.8415227315182676,2.494343161928246e-05,1332,2026Q1
01/06/2003,INDONESIA,,,,,,,,,,,,,,,,,,50,2003Q2
01/06/2004,INDONESIA,0.029955861203378283,0.0,0.028994508420739726,0.0600637546169708,0.04170326448480928,0.008316063743789489,0.029315316931864708,0.014234818234171864,1.4896361617285219,0.02793623592049532,0.042602656868708066,0.009099425360279662,0.007915556448311687,0.0006184243716880532,8.220959725677373,0.0006184242534302875,1.6163572670093947e-05,77,2004Q2
01/06/2005,INDONESIA,0.054719400671551,0.0,0.05045969647493123,0.0856141606566196,0.06540809857593677,0.007645614665189589,0.030384116145578247,-0.11653366701809867,1.003733436079457,0.05464198931143982,0.06670893064513975,0.03429574397127998,0.007798443820527903,2.539482688768319,2.1003266745735547,0.9304586469701067,2.848581974360499e-07,105,2005Q2
01/06/2006,INDONESIA,0.035137800671421374,0.0,0.03496664536908697,0.06714190998394005,0.05075386944407381,0.00798923137404532,0.031916537462560096,-0.10313257577784803,1.5104189351953579,0.035137800592414475,0.050968202882503665,0.011213018077644826,0.007181309493708378,0.06999462438436302,3.3855920395142487,0.06982379135142691,1.7535607311192452e-19,137,2006Q2
01/06/2007,INDONESIA,0.05615561384116523,0.0,0.04961497492500626,0.08534087878524695,0.0684260950637586,0.007511173468315996,0.02887863446691484,-0.28969400708891424,1.256055888886435,0.05615561415157408,0.06831760624783213,0.009946947561109464,0.008916107701717153,1.6231988415819014,4.079287660676272,0.8513987123869892,6.163082261829831e-19,172,2007Q2
01/06/2008,INDONESIA,0.04611858095000273,0.0,0.039083739690333644,0.07870620347751506,0.059668084147631736,0.008727382240065942,0.03149804964205675,-0.05115130130149448,1.2537760271002727,0.046118581261927034,0.059878983792188985,0.010014559484703488,0.01111387863406835,1.6833168860645398,6.858175968371452,0.8597357554828566,3.760168842011719e-19,216,2008Q2
01/06/2009,INDONESIA,0.0008021449356019374,0.04642037086277129,-0.004800006187118446,0.05740478561773708,0.029983913918053738,0.014028585714961312,0.05260869046662926,-0.24866762378531493,1.5628336305340143,0.0020280045869713694,0.02831295095316416,0.01686228269079755,0.013082651064546345,0.0026561072386758547,5.0244368183507095,0.0026560978694324285,5.879618078198788e-06,263,2009Q2
01/06/2010,INDONESIA,0.037610510035853355,0.0,0.027270239523485826,0.08531541086540313,0.05957346957392804,0.01954897606928022,0.04198468228599853,-0.2561296078370903,1.0829415026575027,0.03617435066452745,0.05877402555998339,0.013738617774752174,0.01373973194719857,-0.01596287767238105,880036250.8656455,-0.015960844282899834,3.599077082807671e-05,314,2010Q2
01/06/2011,INDONESIA,0.05143478772697862,0.0,0.04709869771905588,0.09181723776596189,0.06803581393729113,0.0110208155360135,0.03453474539434468,-0.12646743246335124,1.0886748916521196,0.05053866268356672,0.06792922476869896,0.010572536097228066,0.010572812222404528,-0.009023058893707999,11529696219063.156,-0.00902269160729514,2.5987195749430664e-06,371,2011Q2
01/06/2012,INDONESIA,0.04713517743846514,0.0,0.04391020627017938,0.09048551131273594,0.06500929490941183,0.01062995856595835,0.036340024989622285,0.011029948667441034,1.2830843326611312,0.047135177214947054,0.0647766701816378,0.011135961171476307,0.01177294463251467,0.7412191843467182,15.907351629608806,0.5954757107844756,1.3292265224684613e-19,430,2012Q2
01/06/2013,INDONESIA,0.03720091264786421,0.0,0.03167840377650091,0.08607238866307196,0.05569105115879819,0.012698264736673744,0.03817431675631175,0.08292909073490491,1.1359011342241512,0.03662879748135343,0.05597461559153328,0.011761031151168838,0.011761983313800956,0.015963138382923646,7024194.307418732,0.0159611048938237,1.324356427707389e-06,490,2013Q2
01/06/2014,INDONESIA,0.027658332955922852,0.0,0.024375820203403696,0.07050683271973644,0.04611116446609332,0.011974388908503827,0.03901023075911708,-0.059231619612114504,1.1210252728641559,0.026844765634961593,0.04637707260386343,0.011874445558883872,0.011874128848743476,-0.008921796344655595,19229.2294345357,-0.008921441285271893,2.481608821672149e-06,550,2014Q2
01/06/2015,INDONESIA,0.0211073100079287,0.0,0.010892733544057178,0.06903148989837787,0.039812971710416624,0.012723025077642473,0.04204879767140576,0.09344442567758386,1.221572004253166,0.020895106040709807,0.04039479530910467,0.01296914757645094,0.0167879828801548,1.6130773738942468,25.41557591111049,0.8499281688473228,1.136215457981315e-07,610,2015Q2
01/06/2016,INDONESIA,0.02577144716538804,0.0,0.022231135251552167,0.0742477128795511,0.04610679436060986,0.011634989207981804,0.04170190979500628,-0.008151511373174538,1.2238296755849667,0.025771447756545805,0.04604137144048474,0.013019188615939774,0.011617778256427642,0.43746785252567366,7.201777779213936,0.4007941130935561,5.635605353997272e-19,671,2016Q2
01/06/2017,INDONESIA,0.02949138524905693,0.0,0.025915605901842918,0.0712205918825485,0.0463932394506331,0.010447209896126327,0.03531316539577486,0.07830804498743299,1.2339601247170835,0.029491385197932492,0.04640871971460789,0.010792282729081535,0.012695305705141754,1.0727607032046371,25.71916483627101,0.731478010209085,1.442978961965642e-20,738,2017Q2
01/06/2018,INDONESIA,0.028444790769764004,0.0,0.024693491250475902,0.07552427596376549,0.04878513353391575,0.011272580584363106,0.0403875835333507,-0.04690324582904499,1.2835348600910708,0.02844479056974671,0.04865116512078323,0.012595705983006899,0.010709436234842475,-0.010347173944468787,7.216876435245007,-0.010346620083982004,2.1413148996581294e-19,806,2018Q2
01/06/2019,INDONESIA,0.029225037333482095,0.0,0.024451847770248076,0.07381950579182152,0.04789077099466591,0.010443621475627936,0.03914647557517335,-0.017024730503671023,1.2982427855016347,0.029225036728715115,0.047929486447643,0.012636006131525452,0.010268621229828648,0.4939520216829489,4.887971259827553,0.44287031093211426,1.3733746333427911e-18,874,2019Q2
01/06/2020,INDONESIA,-0.18833396763082094,1.0,-0.20440486302359745,-0.09460690305831243,-0.14470115345896362,0.021892393336097164,0.09079901570203865,0.7138983840731131,1.3434886595097664,-0.18833396807305658,-0.14131677513771493,0.03545995999077844,0.019681708035220454,-0.2901753330107427,2.8529893919949,-0.2786797708656372,6.276800515892636e-19,942,2020Q2
01/06/2021,INDONESIA,0.04778001040433954,0.0,0.032420687733578375,0.10504607334401037,0.07519485173316923,0.006859571204174919,0.04614224546247434,-0.3336634386935297,2.035882985710389,0.04853405420691787,0.07379204561092158,0.0448957176654696,0.01005519735360124,-1.1698381089655092,2.1000000000000267,-0.7601286934899607,1.0858725772789622e-05,1010,2021Q2
01/06/2022,INDONESIA,0.00012329442701581282,0.04987048862005437,-0.023676627067831465,0.10467357384053495,0.05015217290397789,0.01578553325089661,0.08740590935620901,-0.09365080110378309,1.862384188827723,0.0008998842560017301,0.04752113441273497,0.08096355677945977,0.017959964984171795,-0.7630530200417204,2.1000000000001644,-0.606620629720837,1.2431804074260449e-05,1078,2022Q2
01/06/2023,INDONESIA,0.02974153148759639,0.0,0.02294599844386404,0.10264204079752082,0.052695576700858476,0.01009603003485886,0.04805273887136272,0.0667269328857111,1.5292462377938953,0.029846608388446213,0.0527980489461507,0.04243239776519691,0.009309889410128181,0.37457324704303097,2.1,0.35077305006948467,3.210153090686762e-07,1146,2023Q2
01/06/2024,INDONESIA,0.01872202665937638,0.0,0.010112351841071099,0.09576003973871212,0.04929623821995191,0.011684806272759193,0.05830506891609273,0.007690046188979784,1.6878628325716813,0.01896891249869875,0.048445822773418815,0.0503265448191213,0.010998172287563699,-0.18526437897945325,2.100000000000069,-0.18216454652262795,1.3791286756875318e-06,1214,2024Q2
01/06/2025,INDONESIA,0.024260566042197118,0.0,0.015442593470949336,0.09533193490771255,0.051410361904036556,0.01088412266213971,0.05326876478748259,0.037677106347117226,1.6532507940285281,0.024438019079087565,0.051005991593113344,0.045749828463884624,0.00998414183123352,-0.040319193875168635,2.1,-0.04028646158325031,7.629181710331853e-07,1282,2025Q2
01/09/2003,INDONESIA,,,,,,,,,,,,,,,,,,55,2003Q3
01/09/2004,INDONESIA,0.040689945590425505,0.0,0.033104712759515806,0.07343247120133962,0.05228042490258693,0.006159965814221923,0.029379204640245293,0.11937736463385604,1.1235501845296563,0.04076319352942622,0.054154418841421824,0.027466245915164868,0.00609107464247448,0.7529734116148618,2.1,0.6015191309848008,1.630607463455773e-07,84,2004Q3
01/09/2005,INDONESIA,0.05145973108866458,0.0,0.03994926036783832,0.07454514655540506,0.05851496740414086,0.006117172129110951,0.021396633309082015,-0.37707354185200265,1.1759759534561123,0.05134913820612715,0.05943640217383515,0.021517106077774965,0.005870066591835814,4.32638437951681,2.141520078111293,0.9743120101557777,9.399746155130878e-07,113,2005Q3
01/09/2006,INDONESIA,0.04481381133965854,0.0,0.0447676491523632,0.08047824276934186,0.061182153991182826,0.008236611872178874,0.03564317363901546,0.2319842328384006,1.4554195336023639,0.044767650049099945,0.06171703003808545,0.032160591191996823,0.007075548669688015,0.4758448154197339,2.1000000000002,0.42967913213700565,6.250195506095493e-08,145,2006Q3
01/09/2007,INDONESIA,0.05063412611724824,0.0,0.046446378298096135,0.08252682579495459,0.06673965397134217,0.00911844355429517,0.03184584926004659,-0.18075564599820745,1.035341002356963,0.05058073223229985,0.06650405039298483,0.009823153184095795,0.008784217198065799,0.0005247061398843089,9.98292369590913,0.0005247060676541862,1.1089838308721645e-08,183,2007Q3
01/09/2008,INDONESIA,0.03620349046438477,0.0,0.03507963507503053,0.06749791285905188,0.049225554439883745,0.010262558104747863,0.02864299726855897,0.053320729650034225,1.2502560079126692,0.03511085804740738,0.04980048120489138,0.008930350822377245,0.008933685040840886,-0.03485548490381295,76305.91857341994,-0.03483433112828684,3.983410310521004e-06,227,2008Q3
01/09/2009,INDONESIA,0.0065126882873926435,0.0,0.0005499969445525166,0.06013528322464814,0.03293446662242313,0.013155086154121651,0.04867217080843364,-0.17683828748227076,1.3776033385864725,0.007502369956298319,0.03182832482996923,0.014980598053449503,0.013216327695648565,-0.1032268089999962,8.82894943799283,-0.10268118490504544,3.5641173710494946e-06,275,2009Q3
01/09/2010,INDONESIA,0.05032922795600685,0.0,0.04401127703807799,0.09704587059635288,0.07062231519548823,0.01502623361010263,0.040318461370257866,-0.18984937605741206,1.0402497037690883,0.0489844653785255,11448.672855162506,,0.012655091169919018,0.01596287560988964,1.0092824352220482e+16,0.015960842221196495,7.875421003775853e-06,329,2010Q3
01/09/2011,INDONESIA,0.01986392425069103,0.0,0.0027559682916217442,0.07952386589185477,0.05041887052472373,0.01796090578577767,0.057368026540720055,-0.024160434978756473,1.2226007818913087,0.021323998045648617,0.05013226425326445,0.01751289597729947,0.017514316045100446,-0.015962897891908828,82883617.55132045,-0.01596086449470175,1.0245417642966649e-05,385,2011Q3
01/09/2012,INDONESIA,0.04556658991167356,0.0,0.04206515219316816,0.08923479471132388,0.06322855609371025,0.011312160041273793,0.03681169556053157,-0.027693835214699244,1.2121257954485258,0.04483462224223043,0.06326905743391469,0.011206974046120243,0.011207148044999353,-0.00900305341393846,97341.51559003716,-0.009002688565002253,1.988496223752296e-06,445,2012Q3
01/09/2013,INDONESIA,0.017890006999472866,0.0,0.017476984708052055,0.06663154055205517,0.04518698338976403,0.012683060302528939,0.046349723813302796,-0.17131303468673792,1.5633528024398529,0.018042564665620913,0.04370990202477548,0.018793122452742235,0.011122694641332923,-0.8000206888312569,2.8506889185108646,-0.6247048981754445,2.0766372127445174e-06,505,2013Q3
01/09/2014,INDONESIA,0.02479699701365535,0.0,0.014726826891551173,0.07103736945418988,0.04311971588518122,0.012265053232693399,0.040366756091751686,0.05042364054899341,1.1910856646383983,0.023873427542472184,0.04405829264084064,0.012272856848707438,0.012248967563488453,-0.005230818351388947,511.95775816805985,-0.0052307467914422525,3.397968648427352e-06,565,2014Q3
01/09/2015,INDONESIA,0.009939955931650993,0.0,0.005105567840071334,0.06793157049743569,0.03647544183394284,0.013352898291062147,0.05405207222948298,-0.005724623367449604,1.3064067740970071,0.009939956337466197,0.03680427972400495,0.01954378887925239,0.011918533287565126,0.05077035322901486,3.1821277983127727,0.05070504589398239,7.702893202259049e-19,625,2015Q3
01/09/2016,INDONESIA,0.02782083982619737,0.0,0.024595730592790258,0.07282194892586981,0.046470038100951086,0.011025574831268906,0.03799053481992852,-0.0014376477404062086,1.185133356860812,0.027554631321733677,0.04648320373789787,0.011594338160762139,0.010955932785300231,0.06693715060459325,18.256390571144046,0.06678769395662318,3.8317647881490944e-07,687,2016Q3
01/09/2017,INDONESIA,0.03163370165527706,0.0,0.029954045884015186,0.07179628768535821,0.04787982187175947,0.009916820224148758,0.034027643611103546,-0.0029556130561836486,1.1728988203533304,0.0316337017441055,0.04762360988428732,0.01045260980723913,0.012277885626074812,1.21586809267794,15.907941387102776,0.7723362824562112,3.985340933046399e-20,755,2017Q3
01/09/2018,INDONESIA,0.028869714851923356,0.0,0.026559266323643173,0.07285409833911985,0.04884797953902323,0.01051872555031175,0.03883340721484137,-0.05240771120423349,1.2736429118051913,0.029179629001922426,0.048590585886460605,0.01232537977147167,0.009850664572962579,0.001601757458518423,5.536307672017125,0.0016017554037663206,3.761622608211457e-07,823,2018Q3
01/09/2019,INDONESIA,0.025797247513108572,0.0,0.0206968241506459,0.07318470430716743,0.0449258465755565,0.010469758350775887,0.04028933753727274,0.0008042704315427702,1.3027892702138582,0.025797247840953167,0.044930131676613624,0.013401304944512226,0.010129527908986923,0.49032437522801964,4.125475194458232,0.44025009158171075,6.754634976316439e-19,891,2019Q3
01/09/2020,INDONESIA,-0.11268791058763204,0.9664441263082759,-0.12269091216870144,0.0072511834380002095,-0.07122413120987942,0.025623568183883533,0.0987513588530859,0.45289260468145537,1.3753671428039653,-0.1126879108239824,-0.06964324128665918,0.03367252079248741,0.02887108061933658,1.259565283143063,4.065465345787396,0.7831844313473519,1.4013296793575975e-18,959,2020Q3
01/09/2021,INDONESIA,3.0240369488860903e-05,0.04993116978388537,-0.010953442087100213,0.09457352096684117,0.03774169131803365,0.0140256475148095,0.0725176702178622,0.11641345571178288,1.5922910802465469,0.0004228923082112319,0.036830571526713374,0.06226277855485378,0.013598891185917608,-0.14349148886460963,2.1,-0.1420366852463089,3.68194846164052e-06,1027,2021Q3
01/09/2022,INDONESIA,0.003441171484312392,0.04645052221690319,-0.02079599588647529,0.11075260368874021,0.06057281568542668,0.016724927589299506,0.0949947817815155,-0.15881592475483464,2.008041042459265,0.004441906433309001,0.05706286390733322,0.09363409720359277,0.020979373088812422,-1.1907206374750507,2.1,-0.7657698969772639,1.946889022966714e-05,1095,2022Q3
01/09/2023,INDONESIA,0.01974426738942214,0.0,0.010680812361802926,0.10173609067543388,0.051505712794793684,0.01190322428718313,0.059941195205192435,-0.01943559498246431,1.645944908842778,0.020020409630154126,0.050412665015668344,0.05184226941793776,0.011335853519817163,-0.21982518808215765,2.1000000000000334,-0.21469892643257515,1.7208987877866952e-06,1163,2023Q3
01/09/2024,INDONESIA,0.023340209603226778,0.0,0.013726464658497129,0.09700074234049769,0.05042858418822785,0.011153074744860615,0.05469531615080159,0.054717413410507725,1.65085244948678,0.0235268320817937,0.05040414589707858,0.04704675171892815,0.010270906236718782,0.10002136536814253,2.1,0.09952476780161508,8.45646977520231e-07,1231,2024Q3
01/09/2025,INDONESIA,0.027553567013905086,0.0,0.018129377319960498,0.09167263961500867,0.05242513473850818,0.010689457429253972,0.05097607098370151,0.055328696759887115,1.6321851287581992,0.027668473411726874,0.052689415398799566,0.04400520419263892,0.009609834544155427,0.13097722982153784,2.1,0.12986802150952614,3.4821323395719344e-07,1299,2025Q3
01/12/2002,INDONESIA,,,,,,,,,,,,,,,,,,40,2002Q4
01/12/2003,INDONESIA,0.04015164673762996,0.0,0.03865531702451908,0.06386888982656033,0.04862635355497336,0.006334838233219464,0.023717243088930313,0.39693906943519125,1.7322185420913019,0.0400085178215416,0.0501351342407489,0.025167040125744486,0.005669412605006899,1.5372732546851706,2.1,0.8382511141313945,6.96755248443893e-07,62,2003Q4
01/12/2004,INDONESIA,0.07318767407318118,0.0,0.06915669896264855,0.10046104903229959,0.07998786748620018,0.003242625676974996,0.02548883037307137,-0.3760162025612789,2.996373883502175,0.07246118913819873,0.08149355841461674,0.030699035766668766,0.0070137814072968796,65159.23291936179,2.1,0.9999999998822345,1.0669871420185237e-05,91,2004Q4
01/12/2005,INDONESIA,0.027705939532097424,0.0,0.027039264137062712,0.06387585466965907,0.04513835005683331,0.008893782320373755,0.03272788242378044,-0.11145851325581155,1.572899365212313,0.02770593945397095,0.04512323642322992,0.010427994545032529,0.009431879852680037,-0.7803093004413835,5.6488582118846775,-0.6151833960857632,1.1530786572702035e-19,121,2005Q4
01/12/2006,INDONESIA,0.045936000249683855,0.0,0.04344830439363294,0.07851459046591149,0.06050027659861261,0.00686482642469749,0.03150435759395196,-0.08305240019762032,1.4140830865832401,0.04596299661974463,0.06111590366617189,0.02778124935428859,0.006090057971025062,0.3396537419558464,2.1,0.3216088290049343,2.0561826124069267e-08,154,2006Q4
01/12/2007,INDONESIA,0.039368071467034034,0.0,0.037318419869981204,0.07132100499242325,0.05541236661895242,0.01118958392568954,0.031176388175942753,-0.2308172905689672,0.9388940198469801,0.038684514553849046,0.05467784623005387,0.00972296132711899,0.009723749241816619,0.015962875576407954,3597025605468.804,0.015960842187727604,2.5937968566823614e-06,194,2007Q4
01/12/2008,INDONESIA,0.01308689090808625,0.025599989466399974,-0.00032180300422267175,0.06484286102408997,0.03745320969675707,0.010734622188525927,0.0451775479145699,0.4255697855131931,1.4894240571480735,0.01297284781605769,0.03781887339149668,0.043391066363811806,0.009649776631772376,-0.8575832714218297,2.1,-0.6509840750743827,2.607162892290093e-07,239,2008Q4
01/12/2009,INDONESIA,0.03544328640411187,0.0,0.02995519350225164,0.07783363832711779,0.056302963035442355,0.011445690372705769,0.03754854884075845,-0.11446841477655795,1.1853836376321465,0.03665469236723278,0.05544525547160274,0.01142805558566584,0.011364046110771894,-0.0017370715051335376,179.0079884987009,-0.0017370688844045642,6.029263475266016e-06,288,2009Q4
01/12/2010,INDONESIA,0.05828034746016648,0.0,0.05802485442673713,0.09410451174738338,0.07545422252198065,0.01046398910785627,0.034385254234665645,-0.1166215522994463,1.0879433246832082,0.05803271988180676,0.07522816882631973,0.010453872377579021,0.010455332584738202,-0.03439497449080034,4228.508236121611,-0.034374647651405923,2.393552247582209e-07,343,2010Q4
01/12/2011,INDONESIA,0.04256588014093136,0.0,0.036805559022392104,0.08659881970116146,0.06180322946679634,0.011158408646114,0.0398767549764101,0.06556834112660066,1.2831312331888092,0.04256588049757869,0.06192149558211057,0.012431281444258865,0.011236773965813004,0.4693131093517804,7.444990832130287,0.42485176241405886,2.098577202854609e-19,399,2011Q4
01/12/2012,INDONESIA,0.048368736341632856,0.0,0.040184222678836416,0.08953724887920397,0.06381506864710888,0.010824069603076884,0.03388601083091325,0.17642394731263916,1.2020708925148769,0.04751094215066137,0.06457715844160275,0.010375420821428727,0.010376257272345027,0.015962875586738492,3414603999079.829,0.015960842198054197,2.3675235386333573e-06,460,2012Q4
01/12/2013,INDONESIA,0.02797117151166172,0.0,0.02672178982182526,0.06961498709451541,0.04808629701282427,0.011636319841105741,0.04076267117221645,-0.1426169244294708,1.1709039153557177,0.02797117159324856,0.047763905270138844,0.012594478125578311,0.012122502711262938,0.5637280903772626,9.669998890760377,0.4910737024390614,1.132076856532589e-19,520,2013Q4
01/12/2014,INDONESIA,0.01918069811966064,0.0,0.008051593522782344,0.06851813732812861,0.03932559753612924,0.012637261445279793,0.04365308187304989,0.05820119192728633,1.2456405419253698,0.019180698238252983,0.039812429797656174,0.013435940991786452,0.015051449295502653,1.069062648315686,13.119045630564713,0.7303023797563002,5.860695094295371e-20,580,2014Q4
01/12/2015,INDONESIA,0.021433156012508163,0.0,0.016021168765837708,0.0711894572231574,0.04268273667484131,0.012050669447579288,0.04429846960545334,0.023750124429947398,1.2603846451103418,0.021433155788254603,0.042987197990523286,0.014047492498195762,0.011650396319891393,0.3450003425423802,5.667811230950261,0.3261366349174657,6.631009283708103e-19,640,2015Q4
01/12/2016,INDONESIA,0.02209183394049209,0.0,0.02073335971938448,0.07096358602995594,0.04324243588151084,0.01101116933075416,0.0393668825530743,-0.035872755974396216,1.2588857851028628,0.022091833939277914,0.042649748775638055,0.012287975563955628,0.011630329456270497,-0.6788413850825445,7.451715861003272,-0.561654343150669,2.494490156203868e-19,704,2016Q4
01/12/2017,INDONESIA,0.03272472401793822,0.0,0.029621629567046316,0.07389138407116122,0.049249394094476276,0.010055006816338004,0.033430064881467686,-0.0691183367054749,1.1993278330441388,0.03272472403798794,0.04888056208123398,0.01017710274518806,0.012517622800534573,1.1094826116540735,122.2985112045923,0.7428060281343117,5.113024344071587e-22,772,2017Q4
01/12/2018,INDONESIA,0.02620763745539471,0.0,0.021726352230242,0.08200017878047287,0.048398358870289954,0.012670548047990789,0.04920957335831873,-0.04791227012071625,1.3612250195504108,0.025927345624095592,0.049249905884949326,0.04555373108532208,0.010053131637572625,0.5815301773326079,2.100008936384831,0.5027075636302548,2.2824972644581957e-06,840,2018Q4
01/12/2019,INDONESIA,0.022891207280731154,0.0,0.018188892919458317,0.0649182608438196,0.03993932420150083,0.009379542483624737,0.03531742566624761,0.030590214635938362,1.3756922271976542,0.02289120755826211,0.039866877056376704,0.011441343629137339,0.009068715622527127,0.42207489278617105,4.73596839496296,0.3888568361598033,3.6921313497517e-19,908,2019Q4
01/12/2020,INDONESIA,-0.07583898575580564,0.9369123965786789,-0.07957902472191543,0.022237263766712426,-0.0432376510718974,0.022354864176943566,0.08017924130851341,0.3649199958679222,1.3617649441178707,-0.07521120831046842,-0.04215844042497428,0.03204577615503564,0.022209193038925747,1.6009871030640976,3.025396850378325,0.8481451623246167,8.214583699283047e-06,976,2020Q4
01/12/2021,INDONESIA,0.01623683684382946,0.0,0.006924644984920836,0.0975407312050552,0.044936014547783246,0.011740543242893116,0.057314639209614715,0.11085915387325176,1.5619328812227375,0.016416822753265163,0.044566585636022026,0.049333876909861886,0.01077100176980205,0.10818836798459289,2.1,0.10756071508126765,8.386640437405058e-07,1044,2021Q4
01/12/2022,INDONESIA,0.013195696715390361,0.026802534067958572,-0.001025357379535418,0.1018787347769669,0.04753206848202841,0.0130560488846094,0.06666553146358055,0.0431564424147208,1.7245876592733336,0.01353262546810307,0.046934664587693437,0.057207597220774065,0.012490884339189403,-0.1150810173710489,2.1,-0.1143264581722843,2.605222966087503e-06,1112,2022Q4
01/12/2023,INDONESIA,0.03211631412128191,0.0,0.026701540520520727,0.10276569541368401,0.053790959636295564,0.009686276012093698,0.04507104629605109,0.0642755459039615,1.4954617191530368,0.03217825626005516,0.05372919238210683,0.03990035681396884,0.008755666242713182,0.3804502477530396,2.1,0.3555854553161706,1.1184192959205112e-07,1180,2023Q4
01/12/2024,INDONESIA,0.02232542070705098,0.0,0.012042274572842557,0.09649370624442713,0.0499200107410293,0.011439827658219718,0.05478177283369252,0.05554082074566973,1.650694172633958,0.02246308165600553,0.04968009542347548,0.047114718708983816,0.010281352625192978,0.013161817446471016,2.1000000000047554,0.013160677561122026,4.5257754209720304e-07,1248,2024Q4
01/12/2025,INDONESIA,0.03563119735360272,0.0,0.026633467031378113,0.09256036995776168,0.05583670520431349,0.009732328794432853,0.04483452762071083,0.10292160071839974,1.5471512539062273,0.035680935895820644,0.056877169627111895,0.04027610149929702,0.008862373187415427,0.48126475459249834,2.1,0.4336570766149488,6.772215978283233e-08,1316,2025Q4
01/03/2016,MALAYSIA,,,,,,,,,,,,,,,,,,655,2016Q1
01/03/2017,MALAYSIA,0.07730971426863555,0.0,0.07372560196006404,0.1133431441774067,0.09149792362030881,0.010145796568171292,0.031607867896111225,-0.026347825590112946,1.0627022561391566,0.07715933970318248,6.336448030549805e+27,,0.013935593870476895,2.016582497907722,8.092369840156642e+59,0.8958957392475067,3.4879278212136926e-07,721,2017Q1
01/03/2018,MALAYSIA,0.028214541113333186,0.0,0.015554746849431915,0.10009380223117773,0.05826599326457964,0.01578464279452772,0.06607429421023717,-0.06933767053627822,1.4241952672521594,0.02666935742092919,0.059571558924254274,0.024222200056283182,0.014384032701066855,0.013375433223646864,3.089355088220829,0.01337423693685031,1.0663861783198154e-05,789,2018Q1
01/03/2019,MALAYSIA,0.0019862676558464977,0.0,7.258347912505578e-05,0.05517615588105051,0.025945732926499487,0.011469278974281908,0.04740676044026269,0.07837101905363975,1.3752874931515326,0.001986267079713149,0.025949028819975482,0.018177159474308695,0.01014836020749054,-0.08990483491962603,2.9016216538656225,-0.08954367787599025,6.30422985649865e-19,857,2019Q1
01/03/2020,MALAYSIA,-0.07340786865586288,0.9253379922542747,-0.0936693707305615,0.02169698028278789,-0.03227001104497794,0.021358538000266238,0.07779168540820233,-0.011925369693963047,1.4808305888229945,-0.07340786912313987,-0.0319019616406299,0.024610484252669172,0.023260172093126436,-0.8636667505456855,6.198913449963598,-0.6536330425885699,4.960420003405449e-19,925,2020Q1
01/03/2021,MALAYSIA,-0.006082429793812388,0.07199533133731763,-0.01477551025962674,0.06319665567464107,0.022438710106007176,0.013502797870218637,0.05673100478406708,0.1789155302961341,1.4049404066452562,-0.00608242977747189,0.022350639652290987,0.023082535070874176,0.011833430336474824,-0.019402157701050273,2.7129049633193523,-0.019398506821536918,4.9668269167651416e-20,993,2021Q1
01/03/2022,MALAYSIA,-0.005081861385527055,0.06521540382376873,-0.018655389092664575,0.08907386228972708,0.042984733767143554,0.014203502199976735,0.07899725238345201,-0.19445916098621796,1.8388798489317453,-0.004307221001806508,0.03933035363238967,0.07744125197948022,0.017333973311421967,-1.1392881532259187,2.1,-0.7515548741959857,1.1444138762735298e-05,1061,2022Q1
01/03/2023,MALAYSIA,0.01587048957598297,0.0,0.004771799111686608,0.1013633373353193,0.05224285700713674,0.012310322946667318,0.06533546946314649,-0.07467850626992721,1.7780131140650857,0.0163314810671469,0.05038525892218128,0.0583648120353465,0.012855140903950622,-0.5153994922325724,2.100000000000054,-0.4581307758830183,4.40651749197668e-06,1129,2023Q1
01/03/2024,MALAYSIA,0.026971337342418186,0.0,0.018825077619677458,0.0942322498130731,0.0481962792746993,0.009995678192566417,0.04637920718719207,0.10019851056258451,1.5173365335211206,0.027035174750817997,0.04887545916416415,0.04180917109593191,0.009206915536390362,0.508732944059105,2.1,0.4534296407428295,1.1561531177014697e-07,1197,2024Q1
01/03/2025,MALAYSIA,0.014484223176237265,0.028788468243715778,-0.002586942808682827,0.0978631741353619,0.046661155485192785,0.013154415177561076,0.06471281855876662,0.04520808673375779,1.6524949050706188,0.014708182964035045,0.04680750798828669,0.055539197754882356,0.012119686356468021,0.008652635470609368,2.1,0.008652311585604366,1.2609451700919721e-06,1265,2025Q1
01/03/2026,MALAYSIA,-0.0037473549275799014,0.059466377859181546,-0.026629189069504178,0.10890285806630147,0.04726192848265495,0.016346595010082073,0.09202068309101306,-0.06416912265244006,1.8314263224105802,-0.002910808623098875,0.045044042134096254,0.08232687867584577,0.01815219722197177,-0.5521727234570355,2.1,-0.4833783700794445,1.5019088560636907e-05,1332,2026Q1
01/06/2016,MALAYSIA,-0.019152016377249774,0.27397700633259425,-0.025135721190086738,0.04150268204480799,0.007847901207700472,0.01358351323628555,0.05288770934484035,-0.047409567659032974,1.365330867141105,-0.01915201656492164,0.007692628206756133,0.017789652103244822,0.01241825319222937,-0.14344182628106464,3.864409625842499,-0.14198851742348872,7.603470137760857e-19,671,2016Q2
01/06/2017,MALAYSIA,0.07191165338656622,0.0,0.06982410736279153,0.10848888310288539,0.0865258755261252,0.010047480156745364,0.030147409126109026,-0.046228809806844615,1.0728954650280569,0.07146600431489435,0.08678140438063262,0.009290339593886561,0.009291569676045811,0.01596287557422824,257814871811259.9,0.015960842185548725,8.314349559016146e-07,738,2017Q2
01/06/2018,MALAYSIA,0.029692838632993174,0.0,0.024222556953068936,0.08825831044447262,0.05542224237805426,0.013648158730123107,0.05239598695852199,-0.03317323168955412,1.3713209384850498,0.02969283942041263,0.05565724413567417,0.017291632929523452,0.012525625425278677,0.08980623453353848,4.189166588650192,0.08944625970232485,2.3380898694233474e-18,806,2018Q2
01/06/2019,MALAYSIA,0.03793421662355949,0.0,0.0319644597908071,0.09180477819149165,0.06176484824473284,0.012594708231125675,0.049130661394368544,-0.11629563753115604,1.3036551649624646,0.03793421643892034,0.061938957261013956,0.016584186566635507,0.011577269865190396,0.2140233417628033,3.823283252303124,0.20928378357741922,7.0926173835748515e-19,874,2019Q2
01/06/2020,MALAYSIA,-0.0988933311155396,1.0,-0.1137718904041899,-0.021660521141200907,-0.06486714478921604,0.016797154037830202,0.0753188093377708,0.5843968810311779,1.334244037900741,-0.09889333112982104,-0.061873613585852666,0.060148701823996,0.014352209444158551,0.15961894727789333,2.120418577938325,0.15762359347301375,5.731804799205824e-21,942,2020Q2
01/06/2021,MALAYSIA,0.0694870556571105,0.0,0.04452712923826475,0.11235356412230155,0.0961567907845195,0.0033451584135945497,0.03954914277197938,-0.5679930331265775,3.3025359653230706,0.07100547352912788,0.09484567764495123,0.04518226269992048,0.01031185562568302,-6.66931367529453,2.1,-0.9889449882442816,3.2232110689408844e-05,1010,2021Q2
01/06/2022,MALAYSIA,0.004620429391838481,0.04546126110365726,-0.020829533127274282,0.10932836198634639,0.0616194779931202,0.015466608278119265,0.09200416390073077,-0.2718976974556836,1.9977858220296294,0.00578661877212013,0.05761454286788446,0.09337199999424352,0.021011657889611807,-1.4572977686380142,2.100000011277198,-0.8245414149429453,2.5506347396827447e-05,1078,2022Q2
01/06/2023,MALAYSIA,0.010044733944743145,0.0,0.00635680645041713,0.08896677976492236,0.03869692816485092,0.011477739584240206,0.05569691531782592,0.055369672834896216,1.5370053100636465,0.010208834434244541,0.03787164059661923,0.047850991296203155,0.010441960943007542,0.0063687516485743875,2.1,0.0063686224910433995,6.786422472010564e-07,1146,2023Q2
01/06/2024,MALAYSIA,0.031466646743778956,0.0,0.01529360702743508,0.1053431229728823,0.055747001170655154,0.010746047989347642,0.05208327642603652,0.09297256515876358,1.6829137580165845,0.03161733502107123,0.05664976041894829,0.04556981669288559,0.009982358862715573,0.30888364652078065,2.1,0.2951255042120071,6.128366244871231e-07,1214,2024Q2
01/06/2025,MALAYSIA,0.027016367003352658,0.0,0.013654716378161716,0.09657317740795768,0.04948113824150481,0.010682189556094368,0.04976419506824995,0.11514584819841722,1.5348557919067183,0.027092087176203837,0.05046894482668371,0.044963674471163985,0.009906526663201892,0.5260988986032569,2.1,0.46559611554996266,1.662393794251704e-07,1282,2025Q2
01/09/2016,MALAYSIA,0.06085391866138272,0.0,0.059665644626386675,0.10606491269054187,0.08001424182725378,0.010977774917687625,0.03602691819749361,-0.007008444091661291,1.1643334605809448,0.06148659766828981,0.07950683083679123,0.010954777052875739,0.010954613877549526,-0.01614342249068479,10222.662434754135,-0.016141319332362288,1.634192007484613e-06,687,2016Q3
01/09/2017,MALAYSIA,0.07423945054124113,0.0,0.07382079203207978,0.10817629694656046,0.08858690618099699,0.009957148367383718,0.029448481140825558,-0.11609831375474255,0.9646598071638215,0.07365964930593351,0.08862165770730455,0.00909595155629164,0.009096187276686396,-0.009023059001401948,6963439629.765323,-0.009022691714975939,1.2545129969914063e-06,755,2017Q3
01/09/2018,MALAYSIA,0.010843655690603624,0.0,0.008474343548530432,0.058912538765394526,0.03214078830874454,0.01076750832144584,0.042230604017853536,-0.00526825634996601,1.3898040152193523,0.010843655975048938,0.03199500726440327,0.014353666570037735,0.009755471029872046,-0.015774554716470757,3.716566482429369,-0.01577259243958211,3.407428926679547e-19,823,2018Q3
01/09/2019,MALAYSIA,0.030596945561336658,0.0,0.024480878563544715,0.08597399923259642,0.05375519213646031,0.012393237894586724,0.04908173256594106,-0.08498449816939471,1.360539082276799,0.03059694532051017,0.05388341782230883,0.01708592416963913,0.01170862152376109,0.451238431784879,3.524490963699054,0.4113031948944505,1.5153200931522908e-18,891,2019Q3
01/09/2020,MALAYSIA,-0.01077379768110615,0.0705078091608461,-0.02546085723008213,0.06860821904448185,0.01789030921294699,0.013693582557173864,0.06320913978968157,0.2815072309467268,1.460807462797143,-0.010698951022675478,0.019167170472151673,0.05680137305729762,0.01249978450128676,0.48460441539457205,2.1,0.4360956645601179,1.540382572962528e-07,959,2020Q3
01/09/2021,MALAYSIA,-0.02831220934810893,0.3511529569663986,-0.03940581698052744,0.07103284923549191,0.008153366718703365,0.01567336892476885,0.07604497378355896,0.23153675570835158,1.542175625686481,-0.028088427350854105,0.008765484314678712,0.06604062600050957,0.01444441584672798,0.23490266339400118,2.1,0.22867822760572387,1.307987088076101e-06,1027,2021Q3
01/09/2022,MALAYSIA,0.025402650309398908,0.02839010474626539,-0.003985102397325607,0.12765425282898155,0.0837659916949346,0.015103871558140709,0.09262454640038582,-0.29160901240638937,2.173942758829536,0.02672447703661567,0.07986013665961356,0.09690729592543174,0.021892887391979105,-1.7972744186701641,2.100000000000016,-0.873844549715098,3.179124410377953e-05,1095,2022Q3
01/09/2023,MALAYSIA,0.01640944173330939,0.0,0.003332950765987198,0.09812637266999515,0.041588239032291446,0.01201456345603259,0.055255080614630796,0.1098922859218338,1.5237824826893078,0.016467434359020802,0.04245285389121298,0.04997062430900687,0.011009426084638849,0.5253238475158708,2.100000000000101,0.46505863320799484,9.739923652573464e-08,1163,2023Q3
01/09/2024,MALAYSIA,0.0159747143966799,0.0,0.006619770091586143,0.09390841920693112,0.04883586283456446,0.011732961364696459,0.06092209217795724,-0.02934225844158969,1.7523844266687072,0.016341265859454147,0.0476005332490618,0.053309179637965186,0.01169024036921845,-0.35393671261803017,2.1,-0.33365451924934014,2.8534548236477142e-06,1231,2024Q3
01/09/2025,MALAYSIA,0.030160496501874447,0.0,0.016860694349539195,0.09411918611445236,0.05270553946879185,0.010588994923718984,0.049599342788501095,0.08024808324950113,1.5851605887389693,0.030243965783750014,0.053755365731206484,0.04428907151060489,0.009736442689712403,0.4484677984920129,2.1,0.4092017259600569,1.973392094363871e-07,1299,2025Q3
01/12/2016,MALAYSIA,0.051854695775844804,0.0,0.049765970476704106,0.10358013349753223,0.07464407928093592,0.011795983990875123,0.043287274054474266,-0.025590684583207065,1.2123800838683745,0.05259815928377703,0.0742319849165482,0.013669956706540844,0.011098182253672506,0.0026338756331105457,5.8672522089492976,0.002633866497164245,2.1754122973635156e-06,704,2016Q4
01/12/2017,MALAYSIA,0.0521283334325896,0.0,0.049166011349545805,0.09697489504384114,0.07217304260708832,0.01148748443447922,0.03890660254282076,-0.056270599318278644,1.190231675151081,0.05205244943883779,0.07233400656543326,0.011966080037689147,0.013214056101627196,-0.914676079573431,16.379808269083675,-0.674926078434023,1.4873926791129397e-08,772,2017Q4
01/12/2018,MALAYSIA,-0.014761133758877163,0.17985695331745233,-0.019229930549162118,0.06033240350537452,0.016662421332857967,0.01566555066845262,0.07040504135851501,0.02325406116405809,1.5520005916792026,-0.014748082043116945,0.018383328806297214,0.06388790103856058,0.01407969770333226,0.535269109825942,2.1000000000000196,0.4719164196488147,5.554575933264661e-09,840,2018Q4
01/12/2019,MALAYSIA,-0.020089618213877152,0.5908709375817196,-0.025050172299660965,0.026537393280276787,-0.0013380398697529243,0.009617962531909946,0.03823605515057654,0.21682560274309276,1.548114441972513,-0.020089617453336237,-0.0012148155350466512,0.013309999390340692,0.008683585777962908,0.11247480422344255,3.467322548242556,0.11177004805647286,8.485777094379194e-19,908,2019Q4
01/12/2020,MALAYSIA,-0.014839144188058899,0.17261941290555688,-0.026204018720022884,0.06033191466521375,0.012921154368980696,0.014146806582972495,0.06115284345981695,0.2575558400754256,1.4594578056038292,-0.014839144304671977,0.013965688488481376,0.030624387477236042,0.01278399273440048,0.475871083906845,2.398350234380107,0.4296984725250126,1.0217250113045783e-19,976,2020Q4
01/12/2021,MALAYSIA,0.006587807297470317,0.03507035569330875,-0.0044436130802371345,0.09177218380487942,0.041706091578620985,0.012472885785803144,0.06417588925506089,-0.017337915557794813,1.6452787469711714,0.006946446576263003,0.040034036234313126,0.056470936931641354,0.012395954833736436,-0.3930917258038498,2.1000000000000023,-0.36584149598876875,2.8334219046520655e-06,1044,2021Q4
01/12/2022,MALAYSIA,0.01959994725389677,0.0,0.003977305563958277,0.10809538615222557,0.059827823220262255,0.012586271520330683,0.07069712282222615,-0.11181993937948483,1.8993906480469906,0.020257752977297625,0.05776954195141916,0.06498605030632904,0.01439901521993475,-0.7215712538587026,2.1000000000000774,-0.5851435707646081,9.027270687394686e-06,1112,2022Q4
01/12/2023,MALAYSIA,0.025475395624287252,0.0,0.01759142887105948,0.09761338676591017,0.04471710348521338,0.01005377448333871,0.04432044766813815,0.14445825471192403,1.4406782801889204,0.025475395632230308,0.04536850517262224,0.034860535943930536,0.009602718158660154,0.9004571425229326,2.1541820225523773,0.669152397660796,1.0860992152870806e-21,1180,2023Q4
01/12/2024,MALAYSIA,0.028067255795175675,0.0,0.013081070180514437,0.10107299272841959,0.05322199296787885,0.011097546739660319,0.0527024817304345,0.06972076854116557,1.6520993920743672,0.028177618303273196,0.053752494952218025,0.045858571907388936,0.010030785080403582,0.2380557708504438,2.1,0.23158419260330554,3.344205532278666e-07,1248,2024Q4
01/12/2025,MALAYSIA,0.032743090210666286,0.0,0.02307716065612548,0.09392150824665775,0.057406168032513485,0.01006417183925661,0.04945442328149414,0.023372809299649182,1.6521144244121138,0.03291825828480251,0.05749736462322061,0.0424476493348135,0.009262872123486926,-0.009366313680637308,2.100000000000011,-0.00936590286447077,7.187218983851633e-07,1316,2025Q4
01/03/2003,MEXICO,,,,,,,,,,,,,,,,,,45,2003Q1
01/03/2004,MEXICO,,,,,,,,,,,,,,,,,,70,2004Q1
01/03/2005,MEXICO,,,,,,,,,,,,,,,,,,98,2005Q1
01/03/2006,MEXICO,,,,,,,,,,,,,,,,,,129,2006Q1
01/03/2007,MEXICO,0.0018921265117781139,0.0,9.979359843771338e-05,0.04505988300343942,0.021052203084322825,0.00943919678326649,0.03600966335768413,0.14026102990390427,1.4779848000578801,0.001891975777011974,0.021187536102513095,0.011899640801531549,0.009638577604136823,-0.7201476764906718,4.349320617534726,-0.58438364573174,4.606230869527618e-14,163,2007Q1
01/03/2008,MEXICO,-0.008713394523535107,0.16663571269325111,-0.013317517537060541,0.039669588238140735,0.0116673076562189,0.010443062505212182,0.042148193873076126,0.1058846163107978,1.494350895585606,-0.008713394836284418,0.012494973467947167,0.015134832223648078,0.00933544957228997,-0.05438605690707561,3.2256822230753075,-0.05430580218500377,1.3704376596554432e-18,205,2008Q1
01/03/2009,MEXICO,-0.09503341909336871,0.9716488046721213,-0.09589240941287706,0.0022232943693976017,-0.04421901766256678,0.019002379804943518,0.08067088249894597,-0.30098289892515084,1.6252745233398795,-0.09517210538213267,-0.04927602308278066,0.08191491667589153,0.018373713918026568,-1.2507828535543128,2.1,-0.7810595468961705,3.7793286613022503e-07,251,2009Q1
01/03/2010,MEXICO,0.0023105522988972026,0.034532596339583665,-0.0014239986794455479,0.0397982709466941,0.021901194037311562,0.00927545315441107,0.035126035006786904,-0.16822699452062728,1.2857461217106327,0.0023105520291727033,0.021477912131936193,0.011559311533969885,0.009994164484103315,-0.9453987510925479,4.565294451576323,-0.6869899742959239,3.2035654610567274e-19,301,2010Q1
01/03/2011,MEXICO,0.001361894230212296,0.04532745348679151,-0.005924786738946877,0.04993206389127079,0.022333335792169482,0.010537937597046746,0.039158413715573104,0.07746438111551876,1.4966096892224083,0.0013618938860837937,0.022379812368019173,0.012595620508433868,0.011245168683075792,-0.8377108143229804,5.227907538545898,-0.6421626494219014,1.2808961986242132e-19,357,2011Q1
01/03/2012,MEXICO,0.019692418410770574,0.0,0.016382406086551646,0.06134835847168317,0.036931019248434796,0.010245895059201657,0.035979790052378155,0.0269282446828651,1.299365432008294,0.019692418531980768,0.03684686466481033,0.011138360376424378,0.011335560955558275,0.8167018864107818,9.475078611609797,0.6325509350054567,2.3740078047821667e-20,415,2012Q1
01/03/2013,MEXICO,-0.006985457732607232,0.22172079161724662,-0.011642812175464487,0.04363525167612054,0.011491012069467529,0.01512574851049397,0.042198352816212474,-0.0034111313418071594,0.9838892058329437,-0.009287815577750828,0.012355214853072729,0.013157567882520154,0.01316264870622632,-0.034880705310723806,1139847.7287543311,-0.034859505611142025,1.647873604218063e-05,475,2013Q1
01/03/2014,MEXICO,0.006808641723362423,0.0,0.0030865659410968735,0.04887918054146744,0.024131975893995097,0.01185183541192746,0.037650410513876985,-0.023654698597755007,1.1354331777270372,0.005714193898093073,0.024635605398787196,0.011502878382458732,0.011503174816465067,-0.009023058893513292,30924824052646.82,-0.009022691607100458,4.113665493006836e-06,535,2014Q1
01/03/2015,MEXICO,0.0065643704708270925,0.0,0.0024862518450510375,0.05203883283472948,0.025403141050549635,0.010840578800232942,0.03903475580914678,0.10172948560607488,1.2733015214313357,0.006564370346728125,0.025670993804345267,0.012212715331433591,0.010567202449560092,0.32258278416874836,6.852283848265026,0.307004623765582,1.239894509679184e-19,595,2015Q1
01/03/2016,MEXICO,0.00023189218489473237,0.04789827903976687,-0.002526468573769095,0.04607184213558148,0.019529248445441818,0.011075637525355843,0.04053030333394493,0.0058451920998868956,1.229551534584019,0.0002318912870523888,0.019658232659359565,0.012826987540293827,0.011148627855856318,0.5358666543055912,5.898485499479226,0.4723257622811756,1.3507872781071266e-18,655,2016Q1
01/03/2017,MEXICO,0.011029015704751344,0.0,0.009302730970443346,0.0548180786049081,0.029819404745994794,0.010576003155235764,0.03650667468570583,-0.034042821635538706,1.187238410150083,0.011029015986603087,0.02955738473637716,0.011215481112933712,0.010710271049966677,-0.3909976484674472,12.388810522392799,-0.36415162382299887,2.4235563880051333e-19,721,2017Q1
01/03/2018,MEXICO,-0.008375175055913054,0.12723631072015482,-0.01392485138230649,0.04473434304434096,0.014233233457765518,0.011994691808443222,0.04656380215320703,-0.03935788199962197,1.3361704453366754,-0.00837517476397112,0.014239039470589307,0.015618798821285083,0.011133155357978937,0.2733437831701185,3.9260489814917783,0.26367088518047666,4.914656040792981e-19,789,2018Q1
01/03/2019,MEXICO,-0.007371720316757736,0.099776428006017,-0.0076326658252036965,0.0403122487284639,0.014783319143064669,0.010713600102941596,0.04219485250458347,0.012662372603031621,1.2750551631355656,-0.007371720563927291,0.014611342081468848,0.014510460070582012,0.010023603910953085,-0.37790176470233433,3.6287665905913427,-0.35350206302796267,3.530194365486876e-19,857,2019Q1
01/03/2020,MEXICO,-0.07515423386523473,0.7273487379924765,-0.08192971605883492,0.040023912602882766,-0.016022307659912926,0.02370150540054866,0.09297098035708133,-0.11368029471028124,1.5719935025751604,-0.07515423765715636,-0.017755654687765007,0.03597526022717424,0.029500591919868018,-2.825325877371717,3.352346288670221,-0.942694012436415,7.933387440368639e-17,925,2020Q1
01/03/2021,MEXICO,-0.03943049321260223,0.7610193888300343,-0.04511087843060762,0.03306746326475382,-0.010729157094996961,0.01530058311778267,0.059566379685539364,0.2305698903322535,1.3480379177051847,-0.03943049361933258,-0.01060529938702595,0.020073312105827364,0.014237456901768504,0.3026386382754116,3.8633178937699935,0.2896640316298206,8.956914894985628e-19,993,2021Q1
01/03/2022,MEXICO,-0.020841898137268156,0.12127079653342018,-0.033797674314925426,0.0701084119895885,0.022124069144922064,0.013488728086045483,0.07337268907697438,-0.12134177191722773,1.7860807453898837,-0.020221560202056964,0.019235876831058863,0.06880212283937903,0.015290588128576758,-0.8316885265047678,2.100000000012001,-0.6394377774492243,7.654368647472749e-06,1061,2022Q1
01/03/2023,MEXICO,-0.008260327131045544,0.08418502126505038,-0.01884155817619559,0.07632063710566607,0.02746963731314114,0.012126477000671005,0.06427042672560951,-0.07331169071745966,1.769104598211105,-0.007817600990796618,0.025636115025307406,0.05730385720594329,0.012616661087240157,-0.5021390854586865,2.1,-0.4487422360063561,4.1856708811768395e-06,1129,2023Q1
01/03/2024,MEXICO,-0.002690375983512138,0.07348780879679404,-0.0059900651396350355,0.06408664901117159,0.02089346216978798,0.010076722683677831,0.04781331268845579,0.04899765196997289,1.5186855087415165,-0.00258904866735233,0.020702558522523652,0.04148848182100262,0.009069446961154512,0.20406838847200431,2.1,0.1999475541057086,2.6310950672589e-07,1197,2024Q1
01/03/2025,MEXICO,-0.022143474215012473,0.22906278961628423,-0.03498883154578028,0.06303820607924328,0.011151689395306991,0.013854874545585434,0.06617312079668206,0.07231667615788273,1.6262291038609729,-0.021983139772521986,0.01100553925565563,0.05692461961497754,0.012422139453592013,-0.017617307810833663,2.1000000000000147,-0.017614574509255153,6.072793199578841e-07,1265,2025Q1
01/06/2003,MEXICO,,,,,,,,,,,,,,,,,,50,2003Q2
01/06/2004,MEXICO,,,,,,,,,,,,,,,,,,77,2004Q2
01/06/2005,MEXICO,,,,,,,,,,,,,,,,,,105,2005Q2
01/06/2006,MEXICO,,,,,,,,,,,,,,,,,,137,2006Q2
01/06/2007,MEXICO,0.001963170707873045,0.03600753241801716,-0.0015443784366411216,0.045095287423970704,0.02009698705047326,0.009253980722512479,0.036550549025838125,0.3756892532164491,1.450281305872646,0.0019631709320249336,0.020792211156502316,0.012602476554405865,0.008510157495186356,-0.2715861356476076,3.5793470535814746,-0.26209225125903435,1.5279009104470296e-19,172,2007Q2
01/06/2008,MEXICO,-0.0024263299888473908,0.08345200111397383,-0.005132007573885749,0.030779066661626792,0.014030715337805588,0.009563530413203451,0.03196302662517111,0.02730939867733911,1.127107991194445,-0.002426329951980975,0.013847625608512236,0.009740527915344304,0.010765528624165596,-0.7377038791714619,40.80269677844881,-0.5936484071942534,4.9794662476114716e-21,216,2008Q2
01/06/2009,MEXICO,-0.07824454496092895,1.0,-0.08893347477208569,-0.007552264734480056,-0.040026248350780544,0.01711127063212258,0.06930393028969804,-0.375053852494214,1.9965994994261418,-0.07824454456243685,-0.041870996619484284,0.02533579050206234,0.015869321825215523,-0.4159787768102322,3.1622576343755435,-0.38407414244039967,3.3042686927421588e-19,263,2009Q2
01/06/2010,MEXICO,0.0008216547919737104,0.04830229617165872,-0.011277846579483107,0.0515561233805064,0.023951811438104174,0.021398755870765836,0.0445530380534328,-0.25444362349772587,1.0934368171996276,-0.000840214552624008,0.02329688024135034,0.014673183908413687,0.014674372815394196,-0.01596287592979572,256744801299.58,-0.015960842540980343,4.822370608260097e-05,314,2010Q2
01/06/2011,MEXICO,-0.0025450770566090054,0.06901755146519935,-0.004096845085429662,0.04775848614132124,0.020007077417276975,0.010329449997106412,0.04155530953308598,-0.011119655074481144,1.5489556569818488,-0.002545076823753015,0.01926705020702156,0.014944845561632196,0.00962543209305076,-0.4225226869644558,3.2633690756252114,-0.38920692202253565,2.3428923085788947e-19,371,2011Q2
01/06/2012,MEXICO,0.016928401088251298,0.0,0.012804921565738947,0.059225648339008875,0.034232096150059704,0.011100724016284398,0.03757484436926301,0.05754029948676143,1.2017345342693821,0.016928401094752993,0.034234130087844025,0.011507251271898247,0.015148244004884442,1.6671375249627522,31.000701039808206,0.8575570319522728,3.536712656722721e-21,430,2012Q2
01/06/2013,MEXICO,-0.009548148832583741,0.14142057797064225,-0.011303826779784157,0.05227620549307284,0.016406138647635123,0.015593074838549577,0.047788748844597564,-0.0556029488110589,1.2763703819607548,-0.008661102644972855,0.015500455528110928,0.014679641076701198,0.014680657462493168,-0.015962875574469224,38629725838925.04,-0.015960842185789612,6.079718374993818e-06,490,2013Q2
01/06/2014,MEXICO,0.005055151941208029,0.0,0.0006743030052094865,0.046255657529123015,0.0221502083768901,0.011729220918355517,0.036393693525889684,-0.02058155170328826,1.0971962623128113,0.004141902466646635,0.022496119707399773,0.011158237425981462,0.01116255916412552,-0.0348825148923148,1216000517064.7266,-0.03486131189509951,2.628791180842321e-06,550,2014Q2
01/06/2015,MEXICO,0.005735181724247321,0.03536609954025511,-0.004062585009276198,0.05200192293388712,0.023547479369381077,0.012071854055275392,0.03924288654087029,0.08106403941506782,1.247168313159353,0.004906800818510152,0.024561477640651763,0.011948915452756077,0.011949226540616696,-0.00902305889243077,1383447959184.4941,-0.009022691606018068,2.5411146222430976e-06,610,2015Q2
01/06/2016,MEXICO,-0.0013998363078315465,0.0762603042108647,-0.0020841836249693192,0.049504670560864876,0.02129432814843546,0.01120199463335135,0.04534621876743054,-0.0311016005590749,1.266697187149359,-0.0013998360609475495,0.021134764739057194,0.01639695450145234,0.009998810680954782,0.05179902230699267,3.1817926380869377,0.051729669856515864,3.420289797128972e-19,671,2016Q2
01/06/2017,MEXICO,0.0014563208413707548,0.02941048675508226,-0.00031195899124042756,0.04435653315971509,0.019508940768281146,0.010192322647191313,0.03505347482115879,0.033902373828734,1.243708961098332,0.0014563208431000387,0.019240242016758544,0.010756864354489373,0.010375194047798809,-0.40491010316809567,13.374046043911116,-0.3753107828398745,1.5092227922637445e-19,738,2017Q2
01/06/2018,MEXICO,0.0020939047303518282,0.032054361822332296,-0.0008231059516053754,0.04990847499311554,0.02387168547538627,0.011682857389052434,0.04118671145424109,-0.06661317316161333,1.290100696970063,0.0020939050666367535,0.023728655076037296,0.012775473331878432,0.012988698003382232,-0.8487009557274169,8.973952967609568,-0.6470732414709959,1.3827600423571654e-19,806,2018Q2
01/06/2019,MEXICO,-0.02089949983328962,0.365783838585468,-0.023962808451106356,0.029789414725872026,0.003403225237806034,0.010936076031378373,0.04688526090751764,0.04765650189628001,1.3437213491698807,-0.020899499598940892,0.0034157654094303844,0.021506792602722615,0.00968432406933234,-0.30418240958764264,2.4931631235716027,-0.29101677175663276,2.1723432940916156e-19,874,2019Q2
01/06/2020,MEXICO,-0.18886519812505564,1.0,-0.20813961558012392,-0.09165923818547565,-0.1393697775956716,0.022209099532848577,0.09714357467134889,0.5277853739602111,1.4208738470558393,-0.18886519804325017,-0.13752919705222286,0.05488014276403164,0.019948665693723038,-0.47934579729226207,2.291067028955584,-0.432251544990618,2.63430054366605e-19,942,2020Q2
01/06/2021,MEXICO,0.10426923129389958,0.0,0.0683508328099418,0.14372649450089953,0.13026644864454556,0.01052197442206932,0.03917074823195725,-0.028949987692995942,1.008932354815902,0.10913242907833762,0.12867696769196044,0.012351404815563141,0.01002174460194314,0.0018774654805820824,5.853846767255009,0.0018774621716737313,9.318405956602242e-05,1010,2021Q2
01/06/2022,MEXICO,-0.04425182511720504,0.17433243271211488,-0.06248375358121325,0.06740843694370852,0.01785764840387917,0.017649623370884063,0.09996171740152997,-0.20498781804151936,1.949102332318575,-0.04316681425490246,0.013178002123016008,0.10134928430709544,0.022794660799158213,-1.419907195394762,2.1,-0.8175879234372123,2.2082459109082538e-05,1078,2022Q2
01/06/2023,MEXICO,-0.0021789107294732657,0.06269503580086494,-0.005615577374403526,0.0727127958181747,0.027779904943298166,0.010440701169967563,0.05394663252567149,-0.058690677339134585,1.615413387003837,-0.0018627857825490046,0.02600932092145058,0.0475974287608416,0.010454345409647275,-0.4155198718821505,2.1,-0.3837128487319309,2.131426411670863e-06,1146,2023Q2
01/06/2024,MEXICO,-0.019037717226713026,0.1285306353646007,-0.02306296592149413,0.06237421710711772,0.019992788449553812,0.01249734989756751,0.0666964678723107,-0.11458054377016991,1.7836951550519742,-0.018524799945790146,0.01726379115813036,0.06227541645572181,0.013827104340163711,-0.7966084328543648,2.1000000000000583,-0.623076175534669,5.236698515823551e-06,1214,2024Q2
01/06/2025,MEXICO,-0.01288149166111222,0.23847758910317787,-0.021245529158928585,0.058049216435329856,0.009261213621360847,0.011495793657809616,0.05016008800844066,0.18112014924384484,1.4752600253170693,-0.012922455146668465,0.010322545230392024,0.04666771334374163,0.0103274287605809,0.6781532825764787,2.1,0.5612644336059207,4.918425884828005e-08,1282,2025Q2
01/09/2003,MEXICO,,,,,,,,,,,,,,,,,,55,2003Q3
01/09/2004,MEXICO,,,,,,,,,,,,,,,,,,84,2004Q3
01/09/2005,MEXICO,,,,,,,,,,,,,,,,,,113,2005Q3
01/09/2006,MEXICO,,,,,,,,,,,,,,,,,,145,2006Q3
01/09/2007,MEXICO,4.4546598534620646e-05,0.04970884972961256,-0.0037805055365141,0.041804634386859406,0.01815538092920358,0.009850128103999382,0.03514657256621832,-0.07322779614153657,1.3221397772598573,4.4546929416535165e-05,0.018088144724640515,0.01094684939359555,0.009866622885188346,-0.43931215650095656,7.571716164984505,-0.40221093922238255,1.2551761412784824e-19,183,2007Q3
01/09/2008,MEXICO,-0.012436059488276606,0.35281591587641664,-0.012888095322071283,0.025019736454502915,0.00401363754603388,0.010959408573986565,0.03711992742047972,0.16860670204625786,1.2246274951771394,-0.012436059485023923,0.005033572004026304,0.011356386409044149,0.014082437502071665,1.332470959495357,26.382407279527122,0.7998136115376638,4.052368012693181e-21,227,2008Q3
01/09/2009,MEXICO,-0.0561487035039436,0.924041948519459,-0.0649808699339928,0.007179034251891798,-0.025586469971407472,0.014642421394874103,0.05746662247717625,-0.2708778063123401,1.5391697247657794,-0.05614870336328325,-0.026521351723593566,0.019605491697231473,0.01353304379694305,-0.2846642931639891,3.698962477639539,-0.27378734258303217,5.026017381904156e-19,275,2009Q3
01/09/2010,MEXICO,0.003105694012340312,0.038497919608877454,-0.0036445935589787992,0.05347398891165576,0.026348416038068808,0.015351797701047058,0.04459872670461355,-0.15286647230646486,1.229628452299927,0.002786464615535075,0.025511252371477916,0.013814677607505812,0.013815755869095319,-0.015968606989880382,322082.00468573876,-0.01596657141045004,2.5536035759043067e-06,329,2010Q3
01/09/2011,MEXICO,-0.025535613021654788,0.2641756355715966,-0.04533058325751416,0.04031953708653576,0.009075267622109664,0.019828123194412534,0.06395883120048537,-0.021367924537238372,1.2936620135426578,-0.02340652610954379,0.00866568298534272,0.019497339717916302,0.019494366499108493,-0.01640214104894806,4200.664285364802,-0.016399935158129007,1.9851695797588762e-05,385,2011Q3
01/09/2012,MEXICO,0.010126763253913398,0.0,0.00632868260631182,0.05273765008525331,0.02709121430560654,0.012499712135695814,0.03746430051702086,0.03382916236176886,1.060062340113567,0.008636641533929073,0.027631633208919964,0.011547730460276929,0.011552198272191151,-0.03488217862388661,6133967.283773165,-0.03486097623948524,6.9838226575711e-06,445,2012Q3
01/09/2013,MEXICO,-0.01085887231273497,0.1480617649592352,-0.01487585811560338,0.036637609022729584,0.012674766545188563,0.013322718900699762,0.04637096852349338,-0.08994615364016521,1.3483485552446703,-0.010858871915482897,0.012490486333659716,0.014283026417482149,0.012981368020917415,-0.17140326436543185,10.631117777460902,-0.16893958385086744,2.668032372989483e-19,505,2013Q3
01/09/2014,MEXICO,0.007883340460920863,0.029885416311457247,-0.001914700332500088,0.05204898185820775,0.024976863293188607,0.011750545221120193,0.037168256413782255,0.08950105941850703,1.211047561771205,0.007117604257590381,0.0258084263618732,0.011362832991952987,0.011363126865640229,-0.009022959577339848,19608191.90310673,-0.009022592303054475,1.8945924151362213e-06,565,2014Q3
01/09/2015,MEXICO,0.0049118127021171715,0.03693033915636783,-0.004483635199865527,0.058660714221455156,0.027196217276369703,0.013222146276270679,0.045223233938071525,0.055903060260856216,1.3849937717902487,0.004911812715665611,0.027740769109821668,0.013854290670438979,0.01327204970463933,-0.3115764016717564,15.145007574189053,-0.2974715506881962,2.437921552785365e-20,625,2015Q3
01/09/2016,MEXICO,-0.0069194729143409114,0.10430443295974769,-0.007717630913426046,0.04179773252644582,0.01416906821964337,0.010906609383832993,0.03912195935086897,-0.06254247093824923,1.2141855390416079,-0.006919473023518644,0.01342081251396774,0.012228469764590645,0.01128323491419285,-0.6004503752812032,7.166459701105078,-0.5147796366957436,2.3467427602783843e-19,687,2016Q3
01/09/2017,MEXICO,0.003029970430188024,0.0,0.0015301122425689095,0.04225677527649043,0.01879955151329169,0.009684896996817299,0.03318433133761927,-0.005743143578974355,1.1673571622982442,0.0030299704037016826,0.01850529792586609,0.010192939581070763,0.012322376336824991,1.341350509097929,17.084090418127293,0.8017217578351783,3.783096239299467e-20,755,2017Q3
01/09/2018,MEXICO,0.007831647409282994,0.0,0.004801824705633867,0.04961056202030429,0.025819188181001807,0.010241478385188223,0.03567316860979445,-0.05972901079384356,1.227396539974426,0.007831647281020808,0.02561787795491053,0.010990463276706755,0.009901735736212494,0.06863402857895388,10.493527677917887,0.06847294271511542,2.2321564727884986e-19,823,2018Q3
01/09/2019,MEXICO,-0.017844136044556473,0.2999163857346619,-0.020742292861762705,0.03397891782556114,0.005445154223995291,0.010799817508736716,0.04608339932646435,0.017362663269782894,1.3490344570865123,-0.017844136146328987,0.005418347099294117,0.020232048953268758,0.00940798492859165,-0.07847127057933834,2.550443308785398,-0.07823077782721907,1.954328953294231e-19,891,2019Q3
01/09/2020,MEXICO,-0.08537923056055291,0.9509147062722214,-0.09942702161081625,0.017202618075171913,-0.04543577664582499,0.019693183674722812,0.08472591311174635,0.31868967009860977,1.4841763257443843,-0.08552948182815491,-0.044102767265844306,0.07435596232698413,0.016265622841467146,0.24297802410697578,2.100000000000003,0.23610824800702215,5.810573768560036e-07,959,2020Q3
01/09/2021,MEXICO,-0.01523901688258819,0.08302097356339934,-0.02842831043369868,0.08065432516504735,0.03329179190943847,0.01354115436606394,0.07837848736129788,-0.19018943397920915,1.7728002427522407,-0.014349900557420013,0.029399042950552123,0.07828530306715077,0.017575788619672638,-1.3047121107483122,2.1,-0.7936883891688816,1.533358452161715e-05,1027,2021Q3
01/09/2022,MEXICO,-0.04659113641478442,0.15397456187781478,-0.06474744822367083,0.06977743400096706,0.02389365596643872,0.018654544160385974,0.10979338493459234,-0.2374357266556611,2.069147401954567,-0.045157507062165085,0.01843889103194233,0.11647234148491623,0.02634634935837222,-1.9428484181906442,2.100000000000007,-0.8891349741443688,3.670794496442567e-05,1095,2022Q3
01/09/2023,MEXICO,-0.01259944177152702,0.09764456706469316,-0.01879856464641492,0.07195706120969897,0.02597317992063631,0.012320213228589245,0.06629325905196343,-0.11664407274881372,1.749648454784176,-0.012067112610019647,0.02339624862657596,0.06161765493567496,0.013671759937498053,-0.7716871947262707,2.1,-0.6109318065339003,5.5734247160768786e-06,1163,2023Q3
01/09/2024,MEXICO,-0.022299138166004796,0.17063688737428057,-0.02542904169333378,0.05841281200235414,0.01388133733822431,0.012474289189544284,0.06444108294248621,-0.02771859683419628,1.7138296093119165,-0.021912557213494645,0.011774073296022017,0.057759537399357255,0.012725312606063254,-0.5249127455951536,2.1,-0.46477333336248655,3.1289422294393615e-06,1231,2024Q3
01/09/2025,MEXICO,-0.012488527131421661,0.250170012240808,-0.020532024028318708,0.05167335796278481,0.008597262567294237,0.011414963884787742,0.04915171778043596,0.19490732962434823,1.4826869492345887,-0.012549003236760642,0.010023193179263602,0.04638441309334952,0.010288336827485358,0.7594898887293837,2.1,0.6048257364468917,1.1322452734005124e-07,1299,2025Q3
01/12/2002,MEXICO,,,,,,,,,,,,,,,,,,40,2002Q4
01/12/2003,MEXICO,,,,,,,,,,,,,,,,,,62,2003Q4
01/12/2004,MEXICO,,,,,,,,,,,,,,,,,,91,2004Q4
01/12/2005,MEXICO,,,,,,,,,,,,,,,,,,121,2005Q4
01/12/2006,MEXICO,0.014388404211194888,0.0,0.010479737038482938,0.04506384951824636,0.02978169302050917,0.00766258219365516,0.03064425572032256,-0.18803379882137003,1.6396767239585146,0.014388404127568612,0.030299772611241102,0.010841623204639992,0.007059772227337316,-0.3320663875632438,3.361495878856615,-0.3151454124198114,6.147020703844367e-19,154,2006Q4
01/12/2007,MEXICO,-0.0009511892186761101,0.08118506191930226,-0.0024088717378336136,0.038729893911562875,0.017080913268844165,0.011295798696959696,0.03578561281973626,-0.08019657907902572,1.1244365919855004,-0.0012229344400848789,0.01676842890973598,0.010937596383280561,0.01093787970268011,-0.009023058893955486,874929532748.8231,-0.009022691607542599,2.5539750920772365e-07,194,2007Q4
01/12/2008,MEXICO,-0.02934691138510189,0.6394935229421179,-0.04361302682057097,0.02907811156313161,-0.0047874402895727195,0.011403374741798136,0.04898131954705955,0.5163067495415478,1.8519361032922523,-0.029346911461640597,-0.0031221399796136054,0.023735022378182497,0.010514430970306651,-0.5752858749853937,2.447782880957331,-0.49865733818448527,5.431568235735205e-20,239,2008Q4
01/12/2009,MEXICO,-0.03483463988091039,0.7810596239881464,-0.03934068161617435,0.01539134735580178,-0.008577592445012449,0.009841470810866403,0.04942275520033619,-0.1556645154326002,1.7904715830381075,-0.034609460593872,-0.009160929188993798,0.04340746608364571,0.0095213741551275,-0.364426981913325,2.1,-0.342399055109851,1.1581312161318188e-06,288,2009Q4
01/12/2010,MEXICO,0.003922648333097328,0.02504784036053675,-7.520828386231636e-06,0.04889877066693293,0.02461527157243375,0.011118631980284156,0.03957611201366133,-0.1567343346403889,1.2992897337132296,0.003922648144259097,0.02406928874095982,0.012307183153647094,0.01089633823756649,-0.31399303427400116,7.77550407692674,-0.29957245024204143,1.7296314504364497e-19,343,2010Q4
01/12/2011,MEXICO,0.004164991969257497,0.02982994184195111,-0.000997353048071383,0.052226107274461475,0.02626285486361723,0.012034481226788794,0.04326503573499327,0.0468242363216558,1.351806747334763,0.004164992348089892,0.026469003812240228,0.013532155317551867,0.012076315329410593,-0.4702646875916447,6.976218382968229,-0.4255573163563506,2.040979867079407e-19,399,2011Q4
01/12/2012,MEXICO,0.008481316620281988,0.0,0.001417599157309612,0.05400708188383792,0.02663924133629502,0.012708900815826344,0.039001125958279974,0.10959514785051715,1.1602711255122249,0.007608962428853697,0.027311374457876493,0.011977706527634687,0.011978015618088254,-0.009023058893759612,14627724832665.197,-0.009022691607346749,2.364355810510892e-06,460,2012Q4
01/12/2013,MEXICO,-0.0009666201099327518,0.062244336832999056,-0.006197040841260746,0.042934987426042764,0.016339587819358153,0.012230086535188802,0.039261006165051425,-0.013416529904257632,1.0960599014547683,-0.002499642260121804,0.017200748844726,0.01197665171307729,0.011979815600343103,-0.03464027690578712,8512.754791214838,-0.034619512312179065,8.627871084106155e-06,520,2013Q4
01/12/2014,MEXICO,0.00202602234979991,0.03843036361851294,-0.0023518644804245287,0.05135030895742088,0.024245252517727744,0.011570626325920026,0.04344501931211216,0.004192231457838217,1.3160734396175875,0.0020260226975615785,0.024226621368421367,0.014013388061128215,0.010895560345948121,-0.24750414284346273,4.829125961831307,-0.24025471679021268,2.287125080988388e-19,580,2014Q4
01/12/2015,MEXICO,0.0012736375802864797,0.044646005812064404,-0.004673499900533101,0.05001642406868461,0.021807970318591868,0.011909093961764889,0.04257805846644097,0.030201733076284064,1.2530576908968714,0.0012736381416325285,0.02212591248448533,0.013270652339784052,0.011685745214337217,0.33710973083367535,7.392829667987563,0.31944662106657995,4.781708051948745e-19,640,2015Q4
01/12/2016,MEXICO,0.0025758782280339773,0.0,0.0005407687357632182,0.049485051535377717,0.022570876060095085,0.011041448253830383,0.038426984213661204,-0.008415227852813139,1.2205286533553688,0.002575877905372957,0.02225681718878716,0.01184129869498584,0.011448823758689984,-0.5249056800408812,10.71856919320619,-0.46476842868581425,1.4914882857535292e-19,704,2016Q4
01/12/2017,MEXICO,0.0005503515708626429,0.04341592329234424,-0.0015393551385940937,0.04240302068606223,0.01836614860754976,0.010073147810302005,0.034657683129498254,-0.0651991925616302,1.2114018248416931,0.0005503515086406429,0.018059686821911062,0.010635529529485809,0.010053688355194358,-0.2995780417088588,13.224631986807704,-0.2869770294842569,1.073520717235159e-20,772,2017Q4
01/12/2018,MEXICO,-0.01594773281498403,0.19889973181501983,-0.021675473129904664,0.046666230920724035,0.012654467289256281,0.013997035708492743,0.05876810537373011,-0.01850386465617929,1.3764132072554616,-0.01594773333966685,0.013226640502779814,0.02385626760847982,0.012278867158153567,0.058190995187015926,2.7196213701278245,0.058092721757343695,7.391038422330504e-19,840,2018Q4
01/12/2019,MEXICO,-0.02173365988337839,0.42491208571691885,-0.023847114055535086,0.02625684762434381,0.0011277358854074545,0.01002503537288423,0.042651105660564056,0.05461684544464124,1.4025730486630457,-0.021733660037054663,0.0009062325194215274,0.019103815583342638,0.009172141700782281,-0.4969264191052897,2.5525672668142585,-0.44501026426904117,3.701065657940601e-20,908,2019Q4
01/12/2020,MEXICO,-0.04985571079680936,0.8090110652658051,-0.05975133505445309,0.032772508880845146,-0.01597934469665364,0.01603454630667368,0.06906433261527391,0.20344528351363964,1.5091064903186289,-0.049855710964247124,-0.01564640863444886,0.032117929366102776,0.013906122463166899,0.07745153294214319,2.4604896039953643,0.07722026709868793,2.374176105251822e-19,976,2020Q4
01/12/2021,MEXICO,-0.01183736623704546,0.11139948065240546,-0.021498039253044568,0.06985045698849077,0.01870606539321112,0.011824568671976036,0.05877603224237463,0.057172183645587626,1.5909073908826055,-0.011597485483429098,0.017830634717157335,0.05048436365887272,0.011020384229712172,-0.08892285782481929,2.1000000000000236,-0.08857336041397024,1.2879449209084287e-06,1044,2021Q4
01/12/2022,MEXICO,-0.014743128493492774,0.09530893459470711,-0.027054957833768066,0.07651164028608895,0.02981398467573792,0.013307788964867876,0.07520237598320154,-0.14603165064596454,1.9103374243762885,-0.01399547272471698,0.02690590110743876,0.0719330353911546,0.016044481389508876,-0.9768757042196679,2.1,-0.6987876683403208,1.1275471904308519e-05,1112,2022Q4
01/12/2023,MEXICO,0.0007185183871363174,0.04473827510471869,-0.002695373451738998,0.07212125492965527,0.024460060731553466,0.00988187189073426,0.046976614392958006,0.03554365761578224,1.5151343713419407,0.0008164474161344759,0.023847892816379133,0.040591479386421755,0.008865688142103869,0.14397948422105838,2.1,0.14250993904191012,2.660789606450007e-07,1180,2023Q4
01/12/2024,MEXICO,-0.023908549706648248,0.25019813485603204,-0.02908883522528673,0.05583252418650115,0.00876412309735065,0.012772318208940517,0.06132109289581763,0.05114610475709982,1.6408395192567047,-0.023734050872899985,0.007555350152194832,0.053348773558409474,0.011670812708874604,-0.2455905654498308,2.1,-0.2385032396398366,6.430472696493966e-07,1248,2024Q4
01/12/2025,MEXICO,-0.0030663052328431598,0.07679514295400433,-0.009153019430645119,0.056217254747450825,0.019109009817897323,0.010327857258507022,0.04704833380908286,0.10204124353579633,1.5580995436483327,-0.003039387429103297,0.019697935772000085,0.04134355107984557,0.009055501937797103,0.3036790765895714,2.1,0.2905759140617535,1.949027842151646e-08,1316,2025Q4
01/03/2017,PAKISTAN,0.0651495916276077,0.0,0.06347242478716594,0.10701171902565029,0.0830548374624018,0.010540376386813469,0.03514231749167468,-0.052096874391349426,1.1268990968622563,0.0651495916894638,0.08297118113498589,0.010704111771689704,0.011665238659221668,-0.6661598788727956,47.387550095735804,-0.5544081663724321,1.1490841963978359e-20,721,2017Q1
01/03/2018,PAKISTAN,0.023753210795901578,0.0,0.014445036600086204,0.09631554628505118,0.05619995182651923,0.01592528821040276,0.06863845986439487,-0.03204226110076003,1.4337668633110092,0.023639772257997047,0.057336192558613185,0.06001130459108384,0.01312452571623019,0.20527101032935954,2.1000909506714707,0.2010783817699753,3.5636800315697454e-07,789,2018Q1
01/03/2019,PAKISTAN,0.0019708317587811015,0.04030965442660208,-0.0031136921724176426,0.0526732762241625,0.023005354331932078,0.011036161812574611,0.043676334609926204,0.08703925856921152,1.383791093398727,0.001970831843947386,0.023124470371026298,0.015115897343625962,0.010148609450907651,0.2792854547009688,3.542903153129777,0.26899169035999076,2.5665786398131915e-19,857,2019Q1
01/03/2020,PAKISTAN,-0.04853233443657143,0.7015618118231948,-0.06839039961766064,0.040889631184582144,-0.010652295384387138,0.02005294710164511,0.07713332030552311,-0.05188974728771831,1.5034495866655686,-0.04853233409397802,-0.010174908983066543,0.025513318671240293,0.01835993065812941,0.05412079386322537,4.141535162473617,0.054041706025542605,1.1788245167832167e-18,925,2020Q1
01/03/2021,PAKISTAN,0.0060030203296409235,0.0366000804764,-0.005196711726712805,0.0773493144778507,0.04852728470181654,0.01072793257620991,0.06410423834904536,-0.2742737390743145,2.0603988410685647,0.006937554996953334,0.044991148264755226,0.07069701955057929,0.016056598824939133,-2.657261183851099,2.1,-0.9359201257646573,1.4745512636006936e-05,993,2021Q1
01/03/2022,PAKISTAN,0.005127703547351197,0.040805039187359324,-0.008813909831527864,0.09552478418629316,0.045943358347875225,0.013165375191265262,0.07147039252600872,-0.0750967641092262,1.7662140967995927,0.00570399484355833,0.043551186483177885,0.06541173407399785,0.014476213701066427,-0.6800498096192233,2.1,-0.5623381857010801,6.870064018269547e-06,1061,2022Q1
01/03/2023,PAKISTAN,-0.031008769108628657,0.5048557529653851,-0.0350536573264181,0.06248558566235925,0.00278952791462328,0.014794082920598396,0.06835949320260548,0.17062187887913224,1.5082635162737263,-0.03093357920856253,0.0024106685610670794,0.059475233538200695,0.013002942691380442,0.2112262746802503,2.1,0.20666621746130362,1.4477787677048425e-07,1129,2023Q1
01/03/2024,PAKISTAN,0.003632704252539684,0.0,0.0012867434201826941,0.07578053132985188,0.033988963177458933,0.01099927787945156,0.05567343700986156,-0.040000409648031934,1.6401846883248519,0.003909325296170521,0.03246351989826939,0.04868221168130548,0.010670019785443284,-0.33248859503134787,2.100000000000028,-0.3155062417558688,1.6548648043634305e-06,1197,2024Q1
01/03/2025,PAKISTAN,-0.002042535744689015,0.059255680242189114,-0.017071267613643665,0.08256766329620531,0.03152830739561733,0.013489879827079793,0.06614519665321167,0.04469461460690925,1.6588155386190668,-0.0018116935930547555,0.03130608637274788,0.05685368935568214,0.012409864715630778,-0.07895325776276443,2.1,-0.07870832012390759,1.2302356490841277e-06,1265,2025Q1
01/03/2026,PAKISTAN,-0.01612580416339828,0.08782688573464174,-0.035472663842210025,0.10052048384322938,0.04324083362129248,0.016713215018843253,0.09798081313410259,-0.15394218961106876,1.9522877405331045,-0.014973293560873631,0.03910377390214669,0.09612264193045578,0.02152850011556141,-1.1701242259206586,2.1000000000000094,-0.7602071692670569,2.5355911027434427e-05,1332,2026Q1
01/06/2017,PAKISTAN,0.0556303969652142,0.0,0.05494690066761952,0.09725244575754241,0.07336249996587135,0.010219226718829888,0.03327990205140334,-0.0474270361587481,1.1593881563133108,0.05612828843056358,0.07279289229742816,0.01013063468315185,0.01013089691568067,0.009023058892433542,2017026525058.259,0.00902269160602084,1.0992015796882756e-06,738,2017Q2
01/06/2018,PAKISTAN,0.04245058657176589,0.0,0.0368644293745077,0.10063412074513343,0.06790802104446839,0.013741920547215238,0.052125931420541484,-0.04331810080288757,1.3568420732062663,0.042450586520426443,0.06817302503155603,0.016973931029056477,0.012729554983422446,0.13953045991016694,4.51255204558246,0.13819173421963835,4.831786148909648e-19,806,2018Q2
01/06/2019,PAKISTAN,0.0011468441279864194,0.042440964583687374,-0.0026461137853721253,0.053309337717722304,0.023499618350717122,0.01152366362575744,0.04716075150349151,0.04695264748130338,1.401989433854654,0.0011468437264611493,0.023786899192271043,0.017672634278777605,0.010486143576297418,0.32912818000095156,3.0211993604942,0.3126305633215586,2.142475193513147e-19,874,2019Q2
01/06/2020,PAKISTAN,-0.10644034873831906,1.0,-0.1249831630844922,-0.01840443492776794,-0.0613659978775848,0.018708809317766226,0.08438615489420062,0.33204326811792617,1.4646815791720456,-0.10335690932555432,-0.06120751825342344,0.061970745284606506,0.016041316571245735,0.0030439768602299588,2.143633816193907,0.0030439627578949836,3.7311874465970646e-05,942,2020Q2
01/06/2021,PAKISTAN,0.06479282185155341,0.0,0.041009821484462,0.10942979163769147,0.09358295809010272,0.0037814231571911805,0.04181011973879814,-0.5990675857671163,3.161958800697664,0.06642422606815057,0.09195163132671269,0.04855529357878257,0.011090244764863588,-12.992035131516595,2.1,-0.9970508888187114,3.495440149839813e-05,1010,2021Q2
01/06/2022,PAKISTAN,-0.023314580288328814,0.10275959553554112,-0.0380796612890669,0.08708950379936695,0.04111757487987157,0.01752549425842119,0.10050806334758289,-0.262501124647592,1.9820651574744528,-0.02212413305773169,0.03577234413062987,0.10558773594133682,0.023853783863946605,-1.796600309177445,2.1,-0.8737670363818004,2.580344329731193e-05,1078,2022Q2
01/06/2023,PAKISTAN,-0.04117192456071707,0.7824951784580949,-0.04889768066810626,0.04234967531764174,-0.011679919836381437,0.014697852740405528,0.061352430518768125,0.13987842691392618,1.4056573838354929,-0.04135633920994265,-0.011410536224839,0.054188163947013014,0.011863155585807533,0.28171665223410913,2.1000001117725406,0.2711617946715601,8.942544948231197e-07,1146,2023Q2
01/06/2024,PAKISTAN,0.012489828598620405,0.02640041698847646,-0.0007411558138178292,0.08833370911757464,0.03869985695595027,0.01137583906074483,0.05465455822159849,0.08708989855632081,1.6525391546388792,0.012625491023205754,0.03919782037522865,0.04741232493162432,0.010365966107741894,0.21298177641744398,2.10000000000003,0.20830958275037828,5.154217502003445e-07,1214,2024Q2
01/06/2025,PAKISTAN,0.03867824757510316,0.0,0.022587135754921397,0.1055957313055575,0.06571748545332026,0.009170502543288302,0.05100782185007152,-0.1200936673632439,1.805744322331177,0.03910435458416755,0.06500316421962828,0.04414580005839219,0.009668553500438583,-0.3003260717140436,2.1000000000000068,-0.28763437914994466,4.010463594268638e-06,1282,2025Q2
01/09/2016,PAKISTAN,,,,,,,,,,,,,,,,,,687,2016Q3
01/09/2017,PAKISTAN,0.08564472152269798,0.0,0.08330737500086942,0.12024457460321024,0.09917134621417159,0.00992818125326489,0.030015797730916352,-0.11127542031246981,1.0223458952503754,0.08442486981025515,0.09962302780483638,0.009239556892542519,0.009242140194944189,-0.034670665627721656,9734.251685212757,-0.03464984637082217,4.742566927614965e-06,755,2017Q3
01/09/2018,PAKISTAN,0.010643834062414995,0.0,0.0073210862317071605,0.057537748021939776,0.02923273370090777,0.010193401141190519,0.03861957672503535,0.041613375547508394,1.4420863113187592,0.010643833532588052,0.02889896547425608,0.012619919303560354,0.010119542715567257,0.570645399511095,4.5455861019804065,0.49562607587044816,1.150076342942345e-18,823,2018Q3
01/09/2019,PAKISTAN,0.0018672579606167448,0.04080594914919104,-0.003210095838368522,0.054940296106430274,0.022733120333852407,0.01158682593134812,0.04581786254830673,0.04650563329432179,1.4257322539045276,0.001867257401599701,0.022863599418756635,0.016070586423482514,0.011599414469562816,0.736916756061627,3.5408643963209236,0.5932379864159382,4.1944032203272573e-19,891,2019Q3
01/09/2020,PAKISTAN,-0.02067083188886341,0.12098046153962166,-0.03791159659806864,0.06488558807721723,0.02120653766568715,0.01417843361959643,0.07285120988552585,-0.007496827623611946,1.7295633913700525,-0.02022261717214078,0.019093308208470945,0.06853738380099027,0.015229985337984921,-0.8273074550784238,2.1,-0.6374402328404793,4.1097179576672295e-06,959,2020Q3
01/09/2021,PAKISTAN,-0.002650723093992735,0.055498796271358154,-0.016485352668954015,0.09539016915110353,0.04885141003727819,0.014345137105795523,0.08177606532335645,-0.22150839147626816,1.7947750891324479,-0.0017331083458876765,0.04464314965899184,0.08375855226756053,0.01886384217894118,-1.5184625288594322,2.1,-0.8351615496601593,1.570855415856129e-05,1027,2021Q3
01/09/2022,PAKISTAN,-0.06916211571889266,0.368249748862834,-0.0738902404910514,0.05319174203412927,0.00199616385284286,0.020716661277630388,0.11367972900228142,-0.10654827936379054,1.9046621422859091,-0.06806496659539336,-0.0037167855183776674,0.11590112041375097,0.026079381146029413,-1.451698881351382,2.1000000000000547,-0.8235232978484834,2.2746197866463965e-05,1095,2022Q3
01/09/2023,PAKISTAN,-0.008749040061474462,0.08761991472248773,-0.014310597658855131,0.07840130115315751,0.028688944412998824,0.013106171602531306,0.06717215919070564,-0.037062939496086605,1.6548322954402106,-0.00836588581890152,0.0266210203114282,0.05988955094703185,0.013179675778519598,-0.4854145854549658,2.100000000004212,-0.4366858007102057,3.0237571989749698e-06,1163,2023Q3
01/09/2024,PAKISTAN,0.004778043872418782,0.03984578382044532,-0.006985650606627463,0.07905992807679864,0.027794155813218566,0.011670167558408719,0.052730284396736216,0.1716429250141038,1.5282008044506772,0.00480537178735357,0.02911242532106033,0.049067357993291906,0.010864414204714961,0.6973031948097235,2.1,0.5719767665061392,2.24929417322427e-08,1231,2024Q3
01/09/2025,PAKISTAN,0.022998392191025806,0.0,0.009615311865205953,0.08656131982321044,0.046277300711118186,0.010370192855073514,0.0497373785714682,0.04638784506891843,1.6216706128669232,0.023123272145821577,0.047047010840550414,0.04355356220959589,0.00954073110332556,0.3090938121242411,2.1,0.29530880254086334,4.209106146723336e-07,1299,2025Q3
01/12/2016,PAKISTAN,0.0388344292924433,0.0,0.03349230241375718,0.0970611622948574,0.06465303065926527,0.013273915451894006,0.05089931137799152,-0.017889383300552876,1.2966381214311735,0.03883442925939798,0.06481758813686427,0.016786914619845054,0.012307675991056938,-0.21140040661514858,4.217457988136455,-0.20682930475888364,4.7577685776222425e-19,704,2016Q4
01/12/2017,PAKISTAN,0.045597276407937,0.0,0.042518106406415845,0.09350722369008004,0.06692180517181409,0.011636096415300683,0.04197699611605083,-0.05341553232732589,1.244051152847205,0.04559727658126533,0.06696764072906203,0.013145230449256964,0.011248323086170532,-0.2759573027121504,6.7231644411029965,-0.2660143073691384,1.018321452798197e-19,772,2017Q4
01/12/2018,PAKISTAN,-0.022950021380435944,0.25210670857785406,-0.02776666253990247,0.05297318701826989,0.010438009863998926,0.015696171595885666,0.07214469964397126,0.04500556991591591,1.5459884994234319,-0.022884007095232195,0.011927789390525835,0.06340064348374955,0.013888943971857613,0.31086904679273614,2.1,0.296855791660076,1.1815940829013154e-07,840,2018Q4
01/12/2019,PAKISTAN,0.0017812391133192641,0.0422370658180081,-0.003955119947444453,0.04691378820419392,0.019153620763362723,0.009965054467870639,0.037651321920787836,0.07462874050595805,1.4430606893873956,0.0017812388512253646,0.019145347166437517,0.012319898092360747,0.010453521335051416,0.8130125313797549,4.634907497362414,0.630832140586664,3.345481790238163e-19,908,2019Q4
01/12/2020,PAKISTAN,0.0031095372314295933,0.044561332968123826,-0.01118411787378511,0.07809734321783572,0.04549405511961385,0.011666485080027579,0.06661247766772083,-0.19910870885434953,1.8746132324993172,0.0038943973820593568,0.04236297597914894,0.07024907487366688,0.015876664351625016,-1.840253680312503,2.1,-0.8786521264075666,1.1098717328127322e-05,976,2020Q4
01/12/2021,PAKISTAN,-0.004516626523207,0.06878539747987042,-0.014622239032869305,0.0815603510500577,0.028909121196227076,0.01291072944339161,0.06389308093089006,0.06987716532131841,1.601395725598083,-0.004257481737329806,0.027928599808573092,0.055040504480950755,0.012021628699121658,-0.14461025826914436,2.100000000000044,-0.1431215135830118,1.4066519314427473e-06,1044,2021Q4
01/12/2022,PAKISTAN,-0.00704780091243359,0.07810165488991139,-0.018969663766751244,0.08461856109495092,0.02903218297436389,0.013922541896417012,0.06962919273228647,0.060919471780406964,1.6922491901852796,-0.006751911224582713,0.02821356248659998,0.05986193906746619,0.013071351471301477,-0.12195756076177636,2.100000000000017,-0.12106057767689545,2.0287144085382733e-06,1112,2022Q4
01/12/2023,PAKISTAN,0.006427132342551364,0.0,0.002540660520433464,0.08155747147138678,0.0315255923089839,0.010730533371472726,0.05031454224426518,0.06834485935942804,1.5139660943628561,0.0065108262234015064,0.031051839108114817,0.043689410567806314,0.00955010893364052,0.20111276201426842,2.1,0.19716498336464736,1.7964222318214022e-07,1180,2023Q4
01/12/2024,PAKISTAN,0.009760103545516118,0.03181273540375414,-0.0036560199922845583,0.0836156630492331,0.033812661169833974,0.011554693270690117,0.05247424865661581,0.12626253233983487,1.5741741023992806,0.009789122486333682,0.034706301081756104,0.04701385617400372,0.010337231772144082,0.4546629723611255,2.1,0.41389160346713627,2.2302938770509855e-08,1248,2024Q4
01/12/2025,PAKISTAN,0.027365289422500473,0.0,0.01634597059631592,0.08640197975147039,0.04972388808612577,0.009729601782507081,0.04714813552227345,0.04865351664145905,1.6135617402404672,0.027501368108993257,0.05039124507511498,0.04089674209435159,0.008942513573936729,0.21991334161854942,2.1000000000000827,0.21478105324257282,4.853442884352051e-07,1316,2025Q4
01/03/2003,PERU,,,,,,,,,,,,,,,,,,45,2003Q1
01/03/2004,PERU,,,,,,,,,,,,,,,,,,70,2004Q1
01/03/2005,PERU,,,,,,,,,,,,,,,,,,98,2005Q1
01/03/2006,PERU,,,,,,,,,,,,,,,,,,129,2006Q1
01/03/2007,PERU,,,,,,,,,,,,,,,,,,163,2007Q1
01/03/2008,PERU,,,,,,,,,,,,,,,,,,205,2008Q1
01/03/2009,PERU,,,,,,,,,,,,,,,,,,251,2009Q1
01/03/2010,PERU,0.03851720223590959,0.0,0.03575136084185583,0.08474261527581271,0.05960243006808085,0.011801777433995098,0.04039687503462363,-0.16827535504203098,1.178531868507094,0.03851720244034583,0.05906306677498227,0.012379829799105284,0.012286115580905876,-0.49408590427996957,14.984359112552497,-0.4429667970637578,1.150414065874712e-19,301,2010Q1
01/03/2011,PERU,0.05990465080683789,0.0,0.052455711352934795,0.10658578038274763,0.07998825072546432,0.009689088584589528,0.037083966549231934,0.10897172766678,1.5783356019435848,0.061061724057923324,0.07958777232934401,0.012112864768815703,0.00895066632080049,0.0020746772228148703,4.405571612152232,0.0020746727578276588,5.24156610778209e-06,357,2011Q1
01/03/2012,PERU,0.05572980285747134,0.0,0.052085689950168206,0.09839155829898544,0.07335143332627136,0.011144567703625118,0.03743473650018608,0.011472092627884152,1.2611386156407285,0.05572977341949261,0.07322197532519498,0.011429372259421797,0.01504380062378905,1.5445916222826022,53.739086651325906,0.8394317269545115,2.3347410121408162e-15,415,2012Q1
01/03/2013,PERU,0.04146599771446105,0.0,0.040700409008979414,0.09499303542751056,0.06201421844030506,0.013796905863352173,0.04014456742627044,-0.03567108479139307,1.1193318508349475,0.040855163946987606,0.06130441345796756,0.012431841149835601,0.012432163263960414,-0.009023058856217417,72649781070.51262,-0.009022691569809138,2.196565283290915e-06,475,2013Q1
01/03/2014,PERU,0.04824225538458031,0.0,0.04219280188228963,0.08967863315056133,0.06316566437275731,0.011598097863632442,0.03369271178500778,0.05833356176726334,1.1170052002944735,0.04677278645441175,0.06394325449712844,0.01043655875827343,0.010436805834560216,-0.009023058893322323,68150417732986.32,-0.009022691606909513,6.70729223024287e-06,535,2014Q1
01/03/2015,PERU,0.030222813378213382,0.0,0.02344513908325411,0.07533925658798554,0.048168589604407036,0.011543193885865175,0.039259574462708544,0.07840969189346533,1.241794945199566,0.03029563436819899,0.04854893572189673,0.011952466807284026,0.016048270395371354,1.6229835475624936,83.3387851377972,0.851367639729617,2.872549487974433e-08,595,2015Q1
01/03/2016,PERU,0.03528507337730574,0.0,0.03133652704289895,0.07884027512162194,0.052982197521025176,0.011171130382417424,0.03738375106748733,0.0289173306225807,1.1815242304734357,0.03528507335545751,0.05307695888076138,0.01139766360654673,0.01442263752266053,1.2958097188181403,61.85596720594744,0.7916713355872255,4.953185722767067e-21,655,2016Q1
01/03/2017,PERU,0.022973063234765903,0.0,0.021416412745662982,0.06786266169434355,0.04231969183455349,0.010538017778122532,0.0371754362921137,-0.02600848102962091,1.223691325619498,0.02297306350293495,0.04192275944983579,0.011514724941887523,0.01048572028756931,-0.3699342663024816,8.705417823581982,-0.3469546544150599,1.712785440669679e-19,721,2017Q1
01/03/2018,PERU,0.01679791248982726,0.0,0.011978716507761349,0.06983198721657852,0.03999478379482645,0.012257516045397371,0.047276319273296494,-0.04572493446890487,1.3239850263963266,0.01679791222966471,0.04005406178779193,0.015699052761285068,0.01127427414175391,0.15903753081877442,4.076014779831541,0.15706363405133533,9.457204085071964e-19,789,2018Q1
01/03/2019,PERU,0.022927325832378245,0.0,0.017382478734945354,0.06563942108840295,0.039799596215076324,0.009968869602270005,0.035129464191900564,-0.01561528699134525,1.2499083332117513,0.02292732628309139,0.039617860138409455,0.010894034073052889,0.011062817802460163,0.8399532528663106,9.019746043781648,0.6431710992376277,9.414015146595306e-19,857,2019Q1
01/03/2020,PERU,-0.04370955543255002,0.3543212937139498,-0.05866194508784391,0.06255981165351403,0.006307231811366769,0.022707785755663488,0.09052569090693313,-0.10980431189370636,1.541840856871286,-0.04421111161150696,0.004327703309779989,0.08337893307961562,0.018390929724001397,-0.5647307240260904,2.1000005913222135,-0.4917360620086396,5.009881267679299e-06,925,2020Q1
01/03/2021,PERU,0.013849363574042345,0.0,0.0036250370372914935,0.07582278908455677,0.04221648786008275,0.010836110593952864,0.051567982558871794,0.04342677676782133,1.57282649774999,0.01398589643531948,0.04104463210056404,0.04635033949621014,0.01020510920509885,-0.5024736367142253,2.100000000000022,-0.448980958870934,3.979522248593025e-07,993,2021Q1
01/03/2022,PERU,-0.0144097933130736,0.10082949563216968,-0.02635180224395236,0.07954446998258469,0.03321492528911015,0.014436152933835425,0.07871252511691205,-0.1775738083652662,1.8170486141930746,-0.013720686529718617,0.02956229686790139,0.07653179955066611,0.01710662899865151,-1.0719723876017788,2.1,-0.7312279459945025,9.519860547189966e-06,1061,2022Q1
01/03/2023,PERU,-0.007676531390565063,0.08631633046411442,-0.015955767125187866,0.07995107357530996,0.024629699398344335,0.013150782480625251,0.06376981661295773,0.08469979872541802,1.6081299962633362,-0.007489538911934003,0.024059408928351227,0.05481112426747879,0.01196179212334519,0.04422495852933224,2.1,0.044181773241597846,8.743283173488476e-07,1129,2023Q1
01/03/2024,PERU,0.0056889955713324645,0.0,0.0037246321667997622,0.07357787302999051,0.029952389840508006,0.01043956660722392,0.049056824805983223,0.06202426378980934,1.5021861673833243,0.005774799694606374,0.029682303212091553,0.04261031866732719,0.009315154164029369,0.20710908679531698,2.1,0.20280517517234672,1.888846505905957e-07,1197,2024Q1
01/03/2025,PERU,-0.005938808456651089,0.07239960352419632,-0.017034614913350326,0.08183233649792775,0.03493243049728282,0.01380040145406262,0.07211518596558025,-0.0455791030569426,1.7920264474837067,-0.0054485361082832915,0.03281512625791813,0.06610431089884183,0.0146263618725463,-0.6726112441152193,2.1000000000000574,-0.5581104099366003,4.717522673342558e-06,1265,2025Q1
01/03/2026,PERU,-0.02457041130692477,0.115771061130816,-0.04386376536478,0.09125711190703334,0.03023594665688448,0.01715785879298016,0.09531119021002252,-0.07362786430985255,1.8474884655422965,-0.02369696993408952,0.027138083442506955,0.08828644492663072,0.019584921105598486,-0.7640441968132258,2.100000000000014,-0.6071182832704692,1.5189180482725654e-05,1332,2026Q1
01/06/2003,PERU,,,,,,,,,,,,,,,,,,50,2003Q2
01/06/2004,PERU,,,,,,,,,,,,,,,,,,77,2004Q2
01/06/2005,PERU,,,,,,,,,,,,,,,,,,105,2005Q2
01/06/2006,PERU,,,,,,,,,,,,,,,,,,137,2006Q2
01/06/2007,PERU,,,,,,,,,,,,,,,,,,172,2007Q2
01/06/2008,PERU,,,,,,,,,,,,,,,,,,216,2008Q2
01/06/2009,PERU,,,,,,,,,,,,,,,,,,263,2009Q2
01/06/2010,PERU,0.032777655507756354,0.0,0.021521371376579394,0.09773002280973242,0.059917779384397796,0.017798378111530046,0.05096876495740957,-0.25731182494811244,1.245572142824793,0.03286767223501251,0.058898333465989085,0.0158243564420057,0.015825639780397957,-0.015962876343950872,2473232418.811571,-0.015960842954977246,5.754939605901943e-06,314,2010Q2
01/06/2011,PERU,0.0489015816390307,0.0,0.04778460909331908,0.09850391573370068,0.07114087343762934,0.009854139077001957,0.04059053344936224,-0.029881701727091925,1.5727556473359678,0.04890158159871266,0.07024750697536616,0.015601166190706037,0.009065202328923194,-0.42233105263588633,2.930404716315244,-0.38905712277556775,9.401428682401856e-19,371,2011Q2
01/06/2012,PERU,0.05331126054197982,0.0,0.049236895072247,0.09628300239563084,0.07099432475429283,0.011412511156215941,0.03819358582234604,0.04754552502683461,1.189938945853299,0.05288409381251286,0.07106597892802917,0.011892611332627617,0.01315174281194177,1.0612778396214881,11.83214174449947,0.7278061789956605,3.1415163219285255e-07,430,2012Q2
01/06/2013,PERU,0.032669739537790274,0.0,0.03155751933049416,0.09800677923453044,0.060473989686241354,0.014949083751971204,0.04726656873341051,-0.07752947908694353,1.4073316566623542,0.03482219740022605,0.05859355440801656,0.01445090895782906,0.014452081154385945,-0.015962875599045613,75959307924.59543,-0.015960842210356613,2.124064229239015e-05,490,2013Q2
01/06/2014,PERU,0.039956419543715024,0.0,0.03201090369464446,0.08048533354843765,0.0549101296775236,0.011810516653128749,0.03415025531317707,0.05737476842279698,1.0722717365001098,0.03839148842431526,0.05580477360822717,0.01058617100325945,0.010587029580584183,0.015962875587671545,139451183994.356,0.015960842198986892,7.608262107399921e-06,550,2014Q2
01/06/2015,PERU,0.030847140561870524,0.0,0.022383710954488358,0.07803905537681033,0.04971410831411554,0.012015598559740881,0.04050728309377003,0.07901700530496948,1.2549615828134126,0.030290063057948263,0.05051624299993597,0.012332239314762704,0.011969469456237483,0.021729684082557654,34.337040633346476,0.021724555746505513,1.3478327055403638e-06,610,2015Q2
01/06/2016,PERU,0.03119458610409645,0.0,0.02593550220946912,0.0771257688166059,0.049519591019009344,0.011787562467593743,0.03860889167591376,0.01202157739288667,1.193192490143896,0.030593423046624123,0.049911822709878206,0.01174590668491298,0.011728493941394632,0.01889804257297998,627.1301666639438,0.018894668890810783,1.3788276107341127e-06,671,2016Q2
01/06/2017,PERU,0.0280962408453218,0.0,0.024679418311027528,0.06886966536702031,0.04453550180140908,0.010330572854280956,0.03443451923630266,0.0652508653176244,1.2143666536388824,0.028096240846039434,0.04458625572668807,0.010488051911574234,0.013231020801260715,1.2407865683534252,101.6849202840334,0.7786075089180475,1.2124558935257906e-21,738,2017Q2
01/06/2018,PERU,0.02922041787869698,0.0,0.025420670958220554,0.07545608647744785,0.04916713538640748,0.011469086765351015,0.03975637137061516,-0.07344524078290843,1.2508230761386114,0.029220417759564542,0.049075316572647444,0.012227839813404794,0.011107947058140487,0.031228079513317287,11.411065597217041,0.03121286393951046,5.98478071334235e-20,806,2018Q2
01/06/2019,PERU,0.0184996360433342,0.0,0.013667281801659381,0.060807744234077275,0.03525659810908742,0.010050557158731132,0.03637167761137246,-0.00021630432497517102,1.3010345134169519,0.018499636851302206,0.035183524957770745,0.011482692257070149,0.011562565846898104,1.08964494551262,6.646017009476909,0.736763734136465,2.5642796577067413e-18,874,2019Q2
01/06/2020,PERU,-0.1450742434651962,1.0,-0.16506920606084588,-0.04831146372444939,-0.09502968542619156,0.021519536231065048,0.09498769298597418,0.42530082744628356,1.4467418568722066,-0.14512505016403116,-0.09456032607096279,0.08692689564678119,0.01918221316704899,-0.5804231063558738,2.1,-0.5019918845849427,5.396075788260516e-08,942,2020Q2
01/06/2021,PERU,0.10994433983354278,0.0,0.07642001217468423,0.1746952971378312,0.15526365843145767,0.014499133748944357,0.0644655752284684,0.023445132974655062,1.6605250062769932,0.11076146165771203,0.152443169327721,0.07939329119745168,0.018138914651998995,-179561.90533413063,2.1,-0.9999999999844924,6.497724456380469e-06,1010,2021Q2
01/06/2022,PERU,-0.042558768162664504,0.1428153581429925,-0.05426895568238559,0.07354828147631953,0.02603460151516838,0.019090798792181535,0.10707088295396912,-0.22636213744110423,1.961782494273253,-0.04138129693300061,0.020250726783290002,0.11225012003744915,0.025348502011201222,-1.7541841981852584,2.100000000000039,-0.868752765118777,2.5109898094654576e-05,1078,2022Q2
01/06/2023,PERU,0.00285764227013861,0.02814912031923714,-0.0004118396819477732,0.07885197465874402,0.025968544258583588,0.01099757365968971,0.04998164128231419,0.1512804227884408,1.4324646836798363,0.0028902336254300674,0.02625024707365452,0.04564952730708035,0.010074301926822371,0.5831208934819012,2.1,0.5037340938258569,3.0964193664106154e-08,1146,2023Q2
01/06/2024,PERU,0.009730029525611403,0.026607667315881295,-0.0006687084465717001,0.08540018574009688,0.03797808712747899,0.01136788855524323,0.05588335291208467,0.03859362307836192,1.671930805768207,0.009919403169079969,0.03771047326186617,0.04796570846247159,0.010467086546259526,-0.015539727601029979,2.1000000000000236,-0.01553785164972046,9.256248014400775e-07,1214,2024Q2
01/06/2025,PERU,0.015059922134480548,0.0,0.0038859604548035394,0.08320762356537978,0.03660059779363552,0.010573955810444673,0.048220048776880846,0.13526724265645887,1.5149634580847828,0.015097108279047144,0.037590106932620805,0.04412117150184708,0.009740804969812224,0.5964862650219097,2.1,0.5122751574030677,4.2202815986825877e-08,1282,2025Q2
01/09/2003,PERU,,,,,,,,,,,,,,,,,,55,2003Q3
01/09/2004,PERU,,,,,,,,,,,,,,,,,,84,2004Q3
01/09/2005,PERU,,,,,,,,,,,,,,,,,,113,2005Q3
01/09/2006,PERU,,,,,,,,,,,,,,,,,,145,2006Q3
01/09/2007,PERU,,,,,,,,,,,,,,,,,,183,2007Q3
01/09/2008,PERU,,,,,,,,,,,,,,,,,,227,2008Q3
01/09/2009,PERU,,,,,,,,,,,,,,,,,,275,2009Q3
01/09/2010,PERU,0.06615781141945784,0.0,0.05921227902114634,0.11524538907028983,0.08839594568350745,0.015530592115642231,0.043136073720697554,-0.180325068995274,1.140888607147913,0.06533845494566547,0.0878342237745178,0.013465026498839325,0.013465039891572836,-0.034882514894112426,1210411549427197.2,-0.03486131189689386,4.797941830220967e-06,329,2010Q3
01/09/2011,PERU,0.012225482775322545,0.03288655740368363,-0.005633990423182314,0.08204534294177816,0.04865903346587288,0.018656096123486825,0.06389199833274736,-0.027827834994904016,1.4813237660641647,0.012225482989636164,0.04942208234823704,0.02004600890893357,0.02759126911790496,-3.03350720996751,13.567736638655273,-0.9497271180405098,3.7572662979095893e-19,385,2011Q3
01/09/2012,PERU,0.054658143367412745,0.0,0.05085135314943572,0.09875030395921242,0.07266936288717617,0.011529673548087252,0.037442994912184516,-0.022707022024021493,1.2070420352091578,0.05396883797054787,0.07272379328499314,0.01140252032467314,0.011402824243338579,-0.009023058893372075,46537399950277.52,-0.009022691606959258,1.729461396654732e-06,445,2012Q3
01/09/2013,PERU,0.04208191792741879,0.0,0.03710532256685192,0.0866224667313253,0.06143747906058007,0.012242259904815261,0.03908718915169533,0.04132534847586797,1.241415254883372,0.041927435536112063,0.06155599622345969,0.011932922513359671,0.011933231795058894,-0.009023060147420332,140284303963.81815,-0.009022692860854383,1.20363525678282e-07,505,2013Q3
01/09/2014,PERU,0.030637907115069432,0.0,0.02258860668824459,0.07676314693842387,0.04964722109070601,0.012038288826017941,0.04037932085457992,0.04204882333169856,1.209319152161639,0.03063790713875262,0.04996821853836689,0.012316967327362576,0.01507891739278756,1.1708543510867262,43.20794909751135,0.760407276324201,3.950318601515091e-21,565,2014Q3
01/09/2015,PERU,0.022508148363274267,0.0,0.01395510698082173,0.07786835240848215,0.04608924860631698,0.013432567160096507,0.04794714448477612,0.039038148160397336,1.3686436328394784,0.022508147628666243,0.04657741115800057,0.01492492912519901,0.012806445596037521,-0.06925901600858589,7.52494934034446,-0.0690935000176046,9.66502116801593e-19,625,2015Q3
01/09/2016,PERU,0.03477721925941602,0.0,0.0309959332419073,0.07757564388192739,0.05213756789318583,0.011001508322848156,0.03649229310024522,0.02932467818731775,1.1583056911277587,0.03476911643493664,0.052280720054607245,0.011113180604651683,0.014142623113604468,1.2500552658756718,252.38434355502156,0.780882281803133,4.301282557341615e-10,687,2016Q3
01/09/2017,PERU,0.02686814988559234,0.0,0.0262264439203877,0.06648831320983815,0.043603564278667184,0.009802861555261022,0.03368998024278136,-0.0221607809542821,1.1526163242712002,0.026868150048569437,0.043341383540157354,0.010338008243443289,0.010350670612475465,0.5660154508584966,13.705342992506006,0.4925835319068025,2.9682987549437503e-20,755,2017Q3
01/09/2018,PERU,0.021818542701238067,0.0,0.01906205595432455,0.0639190846503652,0.04001683582097917,0.010141994808846472,0.03593319420852914,-0.04501052935748714,1.2594492875043852,0.021818542372327762,0.039797251169995156,0.011146113455821342,0.009696656205273544,-0.01283813885280528,8.222146258911387,-0.012837081006607414,5.109098693582886e-19,823,2018Q3
01/09/2019,PERU,0.021492826469412835,0.0,0.01605589911778154,0.0691537245945683,0.041022154104386345,0.010631204299702837,0.04076999346303016,-0.03959486840111749,1.2801127665809326,0.02149282641228584,0.041021553192543594,0.013482891935127923,0.010165489067306532,0.4182463511569074,4.212217250428184,0.3858568036805209,8.90612734838517e-19,891,2019Q3
01/09/2020,PERU,-0.04933162025734366,0.6591805070194989,-0.0652251121085935,0.049297953958377466,-0.006289830335042952,0.017974496961800212,0.08285112519988908,0.19464668008406485,1.5830050338264663,-0.04924246399515251,-0.006844245996580776,0.07229234199441024,0.01581409907438111,-0.242647701624413,2.1,-0.23580512425129235,1.8207690919069807e-07,959,2020Q3
01/09/2021,PERU,0.0016966318652700853,0.047132950474427934,-0.013097600412000665,0.10006848765712263,0.05815103803978483,0.014147774002772095,0.08430507496960228,-0.3666674022937185,1.8780621748856072,0.0029080430008946254,0.052926053448455426,0.09289364857253599,0.02109596535414331,-2.6343587417139025,2.1,-0.9349080021581255,2.506388700830503e-05,1027,2021Q3
01/09/2022,PERU,-0.04517510927040726,0.16092635841279726,-0.06068335076148295,0.07403573508415501,0.02246054972525573,0.019675603735525352,0.10969295370309923,-0.12734042326737546,1.959639272220314,-0.04405699375584958,0.01760161721351017,0.11064432709340019,0.02486494102499211,-1.365571879778122,2.1000000000000014,-0.8068047193215379,2.3520245650423585e-05,1095,2022Q3
01/09/2023,PERU,-0.00968109826639461,0.10237201306865187,-0.015728001715430887,0.07599195742600526,0.021649802785392355,0.013059934135586846,0.06196951493395385,0.07188923269505916,1.5170047037516692,-0.00955492281157077,0.021090896590031313,0.053377421711120095,0.011650009365181058,0.06425090992520363,2.1000000000003314,0.06411869948375779,4.267853164841879e-07,1163,2023Q3
01/09/2024,PERU,0.00707879476409997,0.027969655846235127,-0.0009542104339716175,0.0826777543519464,0.03770752303420974,0.011389847026615423,0.05801212147682545,-0.0025151803379239897,1.7093747983014396,0.007371090039497127,0.03676140656707806,0.050132930168559256,0.010962146398238953,-0.22012404908958388,2.1,-0.21497733697283017,1.9284811844223973e-06,1231,2024Q3
01/09/2025,PERU,0.020810756079206506,0.0,0.00859593034409125,0.08105891625290705,0.04028453712623326,0.01022997384249128,0.045977910759003274,0.13682008651628802,1.5292829347431214,0.020828839331249,0.041794426212847346,0.04342995914707719,0.009640476847680397,0.7876619358563289,2.100000000000014,0.6187671134889647,1.0060967442062099e-08,1299,2025Q3
01/12/2002,PERU,,,,,,,,,,,,,,,,,,40,2002Q4
01/12/2003,PERU,,,,,,,,,,,,,,,,,,62,2003Q4
01/12/2004,PERU,,,,,,,,,,,,,,,,,,91,2004Q4
01/12/2005,PERU,,,,,,,,,,,,,,,,,,121,2005Q4
01/12/2006,PERU,,,,,,,,,,,,,,,,,,154,2006Q4
01/12/2007,PERU,,,,,,,,,,,,,,,,,,194,2007Q4
01/12/2008,PERU,,,,,,,,,,,,,,,,,,239,2008Q4
01/12/2009,PERU,0.012906399343366265,0.0,0.009100373211836956,0.06354451664346994,0.038227571308308575,0.01357445345615105,0.046395640723432045,-0.0913221565610728,1.2887101715520914,0.014117115115595949,0.03731647492431611,0.014213186476645889,0.013243182740433963,0.000431777937722492,15.170366166822362,0.00043177789747384497,5.882094703444299e-06,288,2009Q4
01/12/2010,PERU,0.0633785328199226,0.0,0.05790383665946431,0.10381860979555925,0.08282514260567392,0.009448688846311443,0.036532462821397854,-0.18827811770759031,1.4521510927239965,0.06337853252865713,0.08232006215422587,0.012200291479425893,0.00889831893352064,-0.3565626234757573,4.015279240661398,-0.335851646458681,2.4188848046458005e-19,343,2010Q4
01/12/2011,PERU,0.04600993402422651,0.0,0.04133143959840465,0.09491421485845955,0.06868958526517424,0.01206401090783328,0.04364553199981484,0.0401163505041381,1.3739999712508544,0.04600993420401869,0.06890628101434497,0.013721135921507787,0.012642870522421181,-0.6798634221259718,6.572949634251561,-0.5622327849310802,6.756857557954878e-19,399,2011Q4
01/12/2012,PERU,0.052446748139700614,0.0,0.04326472785010524,0.0944526495405418,0.06846609750011179,0.011363204264050249,0.03543021689334051,0.16288518661071857,1.183874328063803,0.05151371553545599,0.06936892225535349,0.01085483380731314,0.010855713856788308,0.01596292146580073,40230363.5456172,0.015960888059586068,2.7867340916170415e-06,460,2012Q4
01/12/2013,PERU,0.05404471974445857,0.0,0.049483895123481586,0.0943504114478496,0.06920713690163763,0.011344483284836978,0.0331758507940689,0.08721221692948396,1.0715370700119886,0.052936143011703275,0.0698220136942139,0.0102655374653019,0.010266370017629988,0.015962875691033898,15817485861.588083,0.015960842302309753,3.8623229775145955e-06,520,2013Q4
01/12/2014,PERU,0.02531891029228396,0.0,0.014979016166055351,0.07448411117471183,0.04560985269159104,0.01239347328934438,0.043020160095268545,0.057970048365809664,1.2641621000334335,0.02531891021285245,0.046053849374195543,0.01325096395334377,0.013569199844471089,0.7404517131990421,11.392475281493443,0.5950775546302186,1.7108652722660598e-19,580,2014Q4
01/12/2015,PERU,0.033356240113038005,0.0,0.026244982192998225,0.08060697175233132,0.05265327812410582,0.0117398208690246,0.04011662633823991,0.04901055169839774,1.2355506539114403,0.03335624013641496,0.052988782382577836,0.01228923639862207,0.01252748424434579,0.5929860034356903,15.770143914856895,0.5100528113703716,8.676552393713751e-20,640,2015Q4
01/12/2016,PERU,0.02782110026701256,0.0,0.024162918554739912,0.0722187314346819,0.046157493582565795,0.011184770969223245,0.037458087920185505,0.03337498003935471,1.199833053846227,0.027821100239379202,0.04615047401319344,0.011419655273819935,0.012722670136835378,0.7832555006435614,36.43394541695006,0.6166240010900378,3.4582148351989185e-20,704,2016Q4
01/12/2017,PERU,0.024012776940161136,0.0,0.021434693224974613,0.06506976247350502,0.040986858010721564,0.010036184546110358,0.03358298136262873,-0.06771101145877392,1.1965827897043537,0.02392008870420765,0.04071057324115087,0.010233976957821737,0.009935399814344702,-0.0026353976843683192,34.78074092605784,-0.00263538853257461,3.533001521783418e-08,772,2017Q4
01/12/2018,PERU,0.02078216692151938,0.0,0.015683391874665442,0.07836495187209594,0.044481330270213115,0.013307244860794237,0.05186697718876919,-0.06811655006442636,1.3327336215237984,0.02048261338687401,0.045379114622114886,0.04722428855733294,0.01039326337049554,0.4758436586985305,2.1000716777610755,0.4296782804779865,2.467792718099006e-06,840,2018Q4
01/12/2019,PERU,0.02219275007110772,0.0,0.01694147967402355,0.06234060367901914,0.03776679587835292,0.0092711601289806,0.03350337373570084,-0.016407910506832837,1.33475150660269,0.02219275011670968,0.0375743513368404,0.010566125119201799,0.010677097162369826,1.0890753231567571,6.744431415758614,0.7365875764520708,1.6683918575788879e-19,908,2019Q4
01/12/2020,PERU,-0.017598795574884203,0.12494198884930158,-0.029145510034055213,0.06258724186495523,0.019893148127491274,0.014470139067227134,0.06861212438134587,0.07644753335553552,1.6247561472959633,-0.01742751471242021,0.018584940265619382,0.061687690533101074,0.013581993019129804,-0.5024941261372985,2.1,-0.44899557620938557,6.26275792357023e-07,976,2020Q4
01/12/2021,PERU,0.010226047898023094,0.0,0.0005326261385293161,0.09124493611976282,0.03984912653633385,0.011594212121153687,0.05764665846652504,0.06780466916920226,1.5835021840104788,0.010456245556346663,0.03912533187105695,0.04944041838933028,0.010789058738540748,-0.024110586968418737,2.100000000000179,-0.02410358203427607,1.23972816011429e-06,1044,2021Q4
01/12/2022,PERU,-0.003992326655334856,0.06584719160497778,-0.0174763609788093,0.0870512343364344,0.031837196831372094,0.013668554268779977,0.06917797065454978,0.05125689849963303,1.7145544592756758,-0.003668523256391797,0.031095358380423068,0.05946855331888962,0.01298767125997076,-0.13746154825096735,2.1,-0.1361809536920668,2.4544101129290664e-06,1112,2022Q4
01/12/2023,PERU,0.007828634734288395,0.0,0.004515590026515411,0.07985377127895728,0.0267680083282679,0.010302684060542588,0.0438741621463377,0.18364440291416823,1.3481890119305278,0.007768015333163429,0.027301897416696898,0.04316561994996531,0.009637983943597056,1.0221203851133622,2.1,0.7147991983562918,1.2294570669614264e-07,1180,2023Q4
01/12/2024,PERU,0.005290966004846314,0.03389841889255618,-0.0029240129614122885,0.08209356205454044,0.037932954191056245,0.011757495892588355,0.059567363114254784,-0.021508872775099948,1.7413501916658285,0.0055942101249623665,0.03646661307759917,0.05274575948468039,0.011590102525228305,-0.43137371780227646,2.1000000000000596,-0.39609201625271306,1.9780403035268796e-06,1248,2024Q4
01/12/2025,PERU,0.019890934024711742,0.0,0.01112176750495188,0.0758163652344022,0.03801042544516749,0.009807859610192564,0.04323017955767429,0.15386043950075334,1.480661809032135,0.019890934025606453,0.039396609041990154,0.032835245738060896,0.009304269865381548,0.8538614488656091,2.163993170204229,0.6493516387632928,1.4481196310104888e-21,1316,2025Q4
01/03/2003,PHILIPPINES,0.025835692160478495,0.0,0.02490462685659784,0.058144549690125474,0.03499839338408196,0.012033756305166454,0.020437323857486357,0.9158106317465042,0.8673586261729707,0.024989300447157792,0.03658653075169731,0.007050099154577259,0.0070506709429945975,-0.015962875666137324,221324012498.66217,-0.01596084227742269,2.7526847245844812e-05,45,2003Q1
01/03/2004,PHILIPPINES,0.047006338590299526,0.0,0.04632694293645906,0.0786749408209433,0.05591888117032384,0.005191444239942111,0.031494580381910595,0.2582256161705667,1.9408775421643858,0.046935355581932355,0.0580239727938196,0.0376877700605099,0.008610491317771016,64717.337774567,2.1,0.9999999998806208,5.54534065108736e-06,70,2004Q1
01/03/2005,PHILIPPINES,0.033962371769618555,0.0,0.033774907638338694,0.07132340914570309,0.04963315625311311,0.009424230591042509,0.035117703339305834,-0.09672039727075954,1.40555992303599,0.03396237143771965,0.049255126518169816,0.011475974898851311,0.011289319759621245,1.4630785333156078,5.11721488340654,0.8255842676463954,3.8437899792024916e-19,98,2005Q1
01/03/2006,PHILIPPINES,0.03147744141442871,0.0,0.030729485868917956,0.06244437166504022,0.04636045570759856,0.008206357625244994,0.02909506161240246,-0.27444177789839835,1.3916534033062171,0.031832430785594605,0.04637811382679941,0.00902302355578806,0.007854279050685434,0.00035483948749745817,8.254893186599174,0.0003548394651583519,4.986775074597182e-07,129,2006Q1
01/03/2007,PHILIPPINES,0.037143734269169205,0.0,0.03274757361405535,0.0739145704956834,0.05210260222211102,0.007415928172794766,0.030991834458416585,-0.41827246744236773,1.134099876896638,0.03714373436463031,0.051950753888573314,0.01251474561865281,0.006704014774293105,0.3595276065723716,2.7590559812473456,0.3383259047252943,6.41210807888644e-20,163,2007Q1
01/03/2008,PHILIPPINES,0.024724931960932804,0.0,0.021418433050425095,0.05764526359951097,0.04034441802920543,0.011978798308962412,0.03253139509644702,0.12389444349659531,0.7879451520656208,0.024378490617577016,3.0116884805969676e+16,,0.010189402915695938,0.009023058894135336,3.371322272368817e+41,0.009022691607722426,3.4902320634278728e-06,205,2008Q1
01/03/2009,PHILIPPINES,-0.03279609449069337,0.28342554793936237,-0.033435361621932065,0.05528280385723031,0.013408868264962542,0.021475216656244266,0.07630667351722818,-0.2702665059068814,1.4005727816633515,-0.03279609498671202,0.010988998472510964,0.024183229582125935,0.029191077428603197,-2.175152492030685,8.055806413449277,-0.908580850221394,3.73341886777699e-18,251,2009Q1
01/03/2010,PHILIPPINES,0.04607771855997855,0.0,0.042135603499419874,0.0788553884950962,0.06271867413943266,0.009863151248969724,0.03091949335539318,-0.1822766963885837,1.0434504477987046,0.046617591170639495,0.06218744608923497,0.009465208578991443,0.009468870539273352,0.034882514679746304,201213735937.2676,0.03486131168291839,1.8567962257326142e-06,301,2010Q1
01/03/2011,PHILIPPINES,0.03153545903268081,0.0,0.027749409441741625,0.07588672423599976,0.05165785314679307,0.011740402598511829,0.03945311301710753,-0.09038435031690246,1.2272593144073327,0.03153545894812608,0.051253277632907004,0.012034719864134671,0.011585477172519993,0.02866384774538652,27.122644155980133,0.028652079656163294,1.0381165922660612e-20,357,2011Q1
01/03/2012,PHILIPPINES,0.0405598572813215,0.0,0.03737768738528313,0.0817869792802563,0.0576089354100072,0.00990960819510433,0.03542737143464483,0.03492966956408709,1.3146070191880288,0.04055985679606942,0.05753445592574605,0.011055930507855628,0.01037589405600545,0.642286039408109,7.443417720397374,0.5404175368669406,3.2822022686014903e-19,415,2012Q1
01/03/2013,PHILIPPINES,0.052895718796043795,0.0,0.052395507454521,0.09695316235156837,0.06798339544412951,0.00984714740234147,0.02961205501039761,0.1286129683041954,1.1751577037541276,0.0524886201808613,0.06749463303067553,0.009122704708724136,0.009123444545414614,0.015962875414693253,29848839995.579357,0.015960842026074694,7.280047374249615e-07,475,2013Q1
01/03/2014,PHILIPPINES,0.043211950967464594,0.0,0.038627536294058004,0.08306934692686391,0.05803526839510428,0.01119740729341615,0.03179650374702023,0.08699205655611401,1.1254884446184161,0.04219893856126346,0.058459731679479314,0.009885467977414956,0.009889292143791787,-0.03488251488424783,708433172685.2988,-0.03486131188704723,3.5193493723735634e-06,535,2014Q1
01/03/2015,PHILIPPINES,0.03672086020128655,0.0,0.03169039726283193,0.08050149474971707,0.05436074240556467,0.010844704452875019,0.03653858772504966,0.07439554796500669,1.261657638966258,0.03672086029620596,0.05455724559848531,0.011154259789786227,0.012237645942970233,0.7706579491637029,26.305510654948197,0.6104207162461277,1.359442175187946e-20,595,2015Q1
01/03/2016,PHILIPPINES,0.04387749048117907,0.0,0.04271000413742587,0.08821701507852504,0.06290349330984253,0.0102082654465874,0.03956432786178627,-0.004003087288663197,1.2431545319124258,0.04387748981128919,0.06317568137052026,0.013234337591893417,0.009437543217238121,0.2350778415057384,3.962505612767323,0.22883983642604064,1.2882883585311737e-18,655,2016Q1
01/03/2017,PHILIPPINES,0.04504288026649121,0.0,0.04202821547619706,0.08641803859220756,0.06219726957608436,0.010727974802992516,0.035355492867642765,-0.010455715427076654,1.1369023808632257,0.044732625751602216,0.06240832867125833,0.010747244132774463,0.010726127874947864,-0.005198876054816927,507.2441014809749,-0.005198805797818484,3.89257423921325e-07,721,2017Q1
01/03/2018,PHILIPPINES,0.03956134756059758,0.0,0.03294729244775559,0.09099057275020184,0.06103021106658223,0.012367125298823688,0.04504961325242374,-0.10017326465417248,1.287278892610298,0.03956134771581142,0.06109045470595335,0.014216681264765033,0.012630958773968333,0.5880020806582288,6.149767938031422,0.5068707637914983,2.7317510732998707e-19,789,2018Q1
01/03/2019,PHILIPPINES,0.04140215190397761,0.0,0.03649022718745924,0.08453319476687746,0.05919124854075604,0.010425033538691583,0.0363885439779464,-0.09779797665313149,1.1921066613386275,0.04140215179532795,0.059002403484086634,0.011229252476157504,0.011107896994965512,0.6471112638312799,10.277119561758338,0.5432823109300051,1.3312822094532636e-19,857,2019Q1
01/03/2020,PHILIPPINES,-0.046676688003318,0.2974334756333145,-0.05847984105511008,0.0635525974954538,0.007184405033804908,0.02322907044574786,0.09104670858578245,-0.10246200034367713,1.5369968445630402,-0.046676687780715695,0.006201512015780057,0.03260012482668978,0.026894594524561284,-1.5670951309248138,3.6389638613782456,-0.8429889241496848,8.357419363304226e-19,925,2020Q1
01/03/2021,PHILIPPINES,-0.029779191012821893,0.5415621183702061,-0.03345043455173436,0.04879904714009517,0.0013198169685771294,0.01728059177740827,0.06508801190418512,0.2512383558185281,1.3340797164594849,-0.029779191635662377,0.001469034176828493,0.021094561548828425,0.016740702303370568,0.43327814526455466,4.72656381168105,0.39756480368944913,1.491130428483061e-18,993,2021Q1
01/03/2022,PHILIPPINES,0.019191078323024285,0.0,0.00447292826982203,0.10850415757563607,0.06645726250776365,0.01280934960301625,0.07481968907124044,-0.3067148559384301,1.9019368806337555,0.02009624811051276,0.06255689731610879,0.07679613956694206,0.017303839068248148,-1.5550611376126735,2.1,-0.8411002678374564,1.5401727303695893e-05,1061,2022Q1
01/03/2023,PHILIPPINES,0.020397636980277134,0.0,0.00984485016456899,0.10484991433101072,0.05920782319012803,0.011973007643298866,0.06629625800181418,-0.15373493210974026,1.8436585183326832,0.021003260959821368,0.056658121800227515,0.06222077777825977,0.01383272918989646,-0.8448199033891566,2.1000000000000454,-0.6453482245827292,7.291678624611534e-06,1129,2023Q1
01/03/2024,PHILIPPINES,0.037832843722185684,0.0,0.031233831884234238,0.10192053502499389,0.060752016171271704,0.009099582442630703,0.04541211957930428,-0.024249297975591375,1.6025085355660198,0.03801276131361667,0.06044656687789619,0.03894308094503412,0.008498599451570036,0.03746412557359738,2.1,0.03743786163039387,8.25117866175397e-07,1197,2024Q1
01/03/2025,PHILIPPINES,0.013844423571805584,0.0,0.0005832195005751623,0.09936222339666764,0.053062661954553746,0.013204528433519568,0.06990475314561372,-0.05839377246864375,1.8024992310514443,0.014338685470570801,0.051220243090772354,0.06356063909479781,0.014045471518214314,-0.6281507252923543,2.100000000000021,-0.5319161631435912,5.056470708982104e-06,1265,2025Q1
01/03/2026,PHILIPPINES,-0.017163944977466948,0.1018318342119109,-0.03644482840058913,0.09783349475629415,0.03475998140373597,0.017360850452122833,0.09345382386174675,-0.028277478015889895,1.7880831292045833,-0.01646480693834101,0.03237928689743311,0.08384857169165627,0.018487026686151993,-0.5508919829217975,2.100000000000032,-0.48251846423979844,1.0506935126914777e-05,1332,2026Q1
01/06/2003,PHILIPPINES,0.030712793462916332,0.0,0.030550044231571698,0.049885973881328094,0.03768163271930111,0.008759051613555963,0.016452067032489047,0.6341167257989722,1.0469308634145031,0.029892611664609842,2.7614780125001618e+113,,0.005541875611241028,0.00902306291612435,9.581795335141725e+235,0.009022695629220312,1.101949753945587e-05,50,2003Q2
01/06/2004,PHILIPPINES,0.05494468599994054,0.0,0.05418621195424406,0.08274345266986334,0.062252408614978355,0.007624789236994947,0.02745485109273621,0.5496717256642085,0.9236829557801127,0.05489930713523073,0.06486502048133727,0.033871267275515586,0.007738538312384457,7083.28492816463,2.1,0.9999999900344659,8.22184312336519e-07,77,2004Q2
01/06/2005,PHILIPPINES,0.03885719813900949,0.0,0.03352377039916336,0.06907987825021482,0.05107668253402111,0.008875504875899587,0.02991320855611338,-0.2781252960564413,1.0988252515660868,0.038522151448891775,0.051937173852541485,0.03066474470400383,0.006865902647456678,1.1547384945046462,2.100000004835166,0.7559395949113392,3.654228550536746e-06,105,2005Q2
01/06/2006,PHILIPPINES,0.036151434900019916,0.0,0.035760374890741915,0.06526415713442567,0.049407475295678044,0.007486839272493602,0.02771863715113776,-0.19527179066484895,1.3758690626898022,0.036151435179745894,0.049397950251061765,0.00885162855328225,0.007470813971375825,0.5287030981669334,5.359100090855161,0.4673983057615971,1.93289006435477e-19,137,2006Q2
01/06/2007,PHILIPPINES,0.040635412377018044,0.0,0.036565073056594316,0.07089602168460582,0.05430619250232993,0.0085585607825718,0.029046665875651877,-0.5088083580673849,1.1333144765560954,0.04063541237907126,0.05357072765943289,0.008940220543983269,0.012298270234917278,2.1352886493795817,26.429602712909446,0.905608269633029,5.868881910564369e-21,172,2007Q2
01/06/2008,PHILIPPINES,0.02885566778173873,0.0,0.02453530596580022,0.06049753932559922,0.04386938143766633,0.009155374311341882,0.03115819507534774,-0.010186569062539334,1.173286424798859,0.028855667704883844,0.04378757353516735,0.009539475280367327,0.010860856840099473,0.9982981059157887,19.246945997179232,0.7065043020732968,3.4021759372235567e-20,216,2008Q2
01/06/2009,PHILIPPINES,0.0021010471073539937,0.03745990659063726,-0.002087612097100776,0.06049389331179753,0.03142703080441177,0.015417378778151414,0.052072030446305914,-0.18666672466770767,1.4129045331719745,0.0021010472253067273,0.03042729378309203,0.0159512340446341,0.021626490070315463,-1.8457279818869572,37.21335194171546,-0.8792459426764851,1.2479386658780735e-19,263,2009Q2
01/06/2010,PHILIPPINES,0.02463234783406695,0.0,0.012893547165398565,0.07980270105806093,0.04907926865290973,0.01892719826252998,0.04881988703283777,-0.28457237787559087,1.1488472689623617,0.023484735600305045,0.04886188062116615,0.015427728782699721,0.015435656113530581,0.04019467332197318,8704417779.885986,0.04016224311912606,1.313922969204507e-05,314,2010Q2
01/06/2011,PHILIPPINES,0.028998171080874935,0.0,0.02364711425552328,0.07281517963227493,0.047450464864052334,0.012239421136249696,0.03833276770582686,-0.07129855673187559,1.1472589327781568,0.028184007644182652,0.04748901865516336,0.011736220690394216,0.011737172528604197,0.015962875621433975,20455842352.405697,0.015960842232736423,2.0917515787877613e-06,371,2011Q2
01/06/2012,PHILIPPINES,0.032053122520342925,0.0,0.02965261781601482,0.0812795988636711,0.053732475530059345,0.011304783537786047,0.038419699588137735,-0.08864410264117861,1.4073755681369544,0.03205064701036765,0.0531441135736498,0.011812209096342178,0.01582747787843933,-1.9121129438883842,24.320629031363328,-0.8861328805276821,1.142996412565928e-10,430,2012Q2
01/06/2013,PHILIPPINES,0.03718042227689021,0.0,0.036577336513046066,0.09618455368188221,0.061450141785422914,0.012351479648449014,0.040296429772070694,-0.03462429700198554,1.4846185873246023,0.03937802542478489,0.05956431414011384,0.012278732276969058,0.012181240550774814,-0.006164314828469893,126.259114970188,-0.006164197713594347,1.99960907385962e-05,490,2013Q2
01/06/2014,PHILIPPINES,0.051447962370475865,0.0,0.04480203434393794,0.08781567815842227,0.06538601451035372,0.010791621965160115,0.02864686304803824,0.09561749976020914,1.0445349540490496,0.05080369942595094,0.06562023326633284,0.009007493742925692,0.009010980100682844,-0.0348825148286543,31467569633.394505,-0.034861311831555025,3.4724367218784618e-06,550,2014Q2
01/06/2015,PHILIPPINES,0.041783968264323526,0.0,0.035271716859751064,0.08698022002879234,0.06008200482205154,0.01097970572625087,0.03741091015666857,0.05959053993364607,1.2942787057948764,0.04178396841958039,0.06045605599937855,0.01144827204021386,0.010756764816795777,0.06963184207276965,16.69751264771149,0.06946364521884346,3.7290997199836863e-20,610,2015Q2
01/06/2016,PHILIPPINES,0.047243470826012254,0.0,0.04466162782806442,0.09330742424839812,0.06658137871227411,0.011162882678118926,0.04016467585069171,0.005285127149818801,1.2149643007679753,0.047243471120964706,0.06676434725323259,0.012565887960407572,0.011090813103770105,0.4242794656357792,6.911497407752822,0.39057874472178633,2.0181867531234975e-19,671,2016Q2
01/06/2017,PHILIPPINES,0.05123651853850185,0.0,0.048237810389318965,0.0910827508105471,0.06739162366059212,0.010519097097270676,0.033372959869923974,0.0032375824179181616,1.136162005740575,0.05095918617576454,0.06773151890118448,0.010198118490126445,0.010203279679258983,0.0401946732176499,94345297255208.23,0.04016224301505509,2.5156815419861837e-07,738,2017Q2
01/06/2018,PHILIPPINES,0.04131410871596345,0.0,0.03746678055360725,0.08701147971776672,0.06101464498394077,0.011639495198733453,0.039383561997026244,-0.09278735692824552,1.2278172226603636,0.04131410869047323,0.06095719805707306,0.01203178433090037,0.011483325538309812,0.11792378111393717,20.653968470932323,0.11711230950781792,5.456650014231016e-20,806,2018Q2
01/06/2019,PHILIPPINES,0.03816563538710722,0.0,0.032479064521427924,0.0829884702953386,0.05715528721262646,0.010802363457403433,0.03943261326873542,-0.09243792879958176,1.2520339354742676,0.03816563518558273,0.0571659996999855,0.012452722363313367,0.010767157843591514,0.48273433442395314,6.025368345627485,0.4347313283153762,8.873842840357386e-20,874,2019Q2
01/06/2020,PHILIPPINES,-0.1493935322780897,1.0,-0.16791245025840304,-0.05592560921159949,-0.10289665646738153,0.021098536000221747,0.09293666958798111,0.5400256844160385,1.4189792900226594,-0.14946873552722292,-0.10115392426358244,0.08239956623166818,0.01807079245089873,-0.35679696301295105,2.1,-0.33604745528472185,1.2001882166350523e-07,942,2020Q2
01/06/2021,PHILIPPINES,0.060565421433263045,0.0,0.041266750270429024,0.10776994829676363,0.09122191759904973,0.004373818324207768,0.04401798201868609,-0.7517570184137272,2.8934551725625646,0.062175665630232226,0.08911237792784221,0.051228722216035236,0.011700528062395105,-12.369149961321448,2.1,-0.9967478715252276,3.420464846546325e-05,1010,2021Q2
01/06/2022,PHILIPPINES,-0.00994492693755596,0.06950521072473936,-0.02861495326043431,0.10106815221487032,0.05730580242127577,0.017280385388971132,0.10280827444836768,-0.335035495997606,2.0444914667454865,-0.008531127057121696,0.051659762986609625,0.11096595293897085,0.025148981414764966,-2.2188868172832827,2.1,-0.9116905795545454,3.532892395883801e-05,1078,2022Q2
01/06/2023,PHILIPPINES,0.026091424604772803,0.0,0.020516211085581163,0.09941883068100725,0.05079072261266243,0.010180560568134402,0.049454790193722176,0.03697144640060229,1.544594639006737,0.026239037926621727,0.050408827328063226,0.04269519041267869,0.009326776945951652,0.15762051418983342,2.1,0.15569827841093326,5.592275625567121e-07,1146,2023Q2
01/06/2024,PHILIPPINES,0.025881987097883506,0.0,0.016512472941105714,0.10263410026859726,0.06058008364147786,0.01112308480852854,0.06077513740079907,-0.1254522317353584,1.8475664467763349,0.02639013441858795,0.05861163809475469,0.055737200166307906,0.012340595483085751,-0.695472772888128,2.1,-0.570965231750603,5.285175842981511e-06,1214,2024Q2
01/06/2025,PHILIPPINES,0.014641686612191111,0.0,0.010338113095312573,0.09123097911619839,0.052343906898810015,0.011478976794166793,0.06277350887452612,-0.13050728909311146,1.8920687982725888,0.015203467451034519,0.04955284151135602,0.060552967310470336,0.013519014343731258,-1.0181677461201,2.1000000000319323,-0.7134433191803993,6.1375184631716765e-06,1282,2025Q2
01/09/2003,PHILIPPINES,0.03470291016223734,0.0,0.033417517913267636,0.05985015876531113,0.044143196544603316,0.007943120841358989,0.02514724860307372,0.6369875189781519,0.9930396626727912,0.03334083700881015,0.04598480717419049,0.007686844956389431,0.0076870455240850705,-0.009023058893742459,18991145230784.723,-0.009022691607329597,6.739200169297856e-06,55,2003Q3
01/09/2004,PHILIPPINES,0.047315119323302395,0.0,0.03893301863302315,0.07607452945846839,0.055602293090760944,0.008502665506258453,0.028471699664976084,0.09292534055992409,0.6289125594270658,0.04707523090954175,0.05727319149475369,0.010044578421405402,0.011497971437623785,16.569329815438714,5.041474918572829,0.9981837497691901,1.6782205875904542e-07,84,2004Q3
01/09/2005,PHILIPPINES,0.035222581557348635,0.0,0.027830448993631424,0.06479406537798865,0.0463164524327554,0.008670715182192942,0.028267162837737662,0.016561119131748406,1.2889121450151113,0.03332359476611541,0.04748447955390582,0.008614694018340462,0.008543421476928945,0.006793414345522636,121.16025744204697,0.006793257591287082,1.4013572737499167e-05,113,2005Q3
01/09/2006,PHILIPPINES,0.03282830049777098,0.0,0.03260637972955082,0.06658741978574301,0.04920862632764455,0.008506124569160113,0.03298008754288591,0.031880409380143644,1.5139373019320115,0.03282830051676071,0.04941184419502875,0.011022521243859211,0.00775701703673083,-0.05483343200831742,3.956595945354595,-0.05475118345041347,1.0186834633211802e-19,145,2006Q3
01/09/2007,PHILIPPINES,0.037879564880632356,0.0,0.03474100755854434,0.0734922283239037,0.05512540362253427,0.009077073972925093,0.033873458341336475,-0.05687428776543879,1.1898224265741715,0.0378795645507728,0.054964696345448885,0.01085885036458444,0.008460496916641105,-0.10323961858129042,5.0451765620698605,-0.10269379241122034,1.0164496320232046e-18,183,2007Q3
01/09/2008,PHILIPPINES,0.027227165465586973,0.0,0.025275346668440536,0.06440303223073503,0.04242014454546614,0.010417763147938137,0.0361542353976395,0.060454387957304345,1.3034813398271001,0.027227165630678556,0.04326950769825211,0.011222527822854477,0.014209286221412668,1.895085076523584,12.617426770975209,0.884420157072267,1.094901723376123e-19,227,2008Q3
01/09/2009,PHILIPPINES,-0.0026859310405881014,0.06813335069138746,-0.0088170569532987,0.05282975345713843,0.024936878399600102,0.01356040612100774,0.05028869475248182,-0.16384945680254293,1.3892885335192093,-0.002685931251715556,0.02424525781106164,0.016140271879125773,0.014434113716844365,-0.8202385014061351,5.309634388297501,-0.6341898447894054,7.058735355009363e-19,275,2009Q3
01/09/2010,PHILIPPINES,0.03529523355386492,0.0,0.02873555882931325,0.08278185751031258,0.0573078681639501,0.014490637053153406,0.04172588363885392,-0.17117523964672698,1.2171047284631127,0.03509902062994123,0.05638887718626548,0.012943174916786525,0.012943500802719055,0.00902305889405907,18325831137673.258,0.00902269160764617,2.7574224110781648e-06,329,2010Q3
01/09/2011,PHILIPPINES,-0.01198349820066975,0.11948901210934833,-0.032381168549863996,0.055110857876233106,0.023278258053365523,0.020618059400155635,0.06617641141493937,-0.010831251444043954,1.2887761233956323,-0.010127985066865913,0.023079762309268902,0.020187402705899794,0.020188883399205524,-0.01597745622887859,126604.04295061591,-0.015975417263865685,1.5788945631487874e-05,385,2011Q3
01/09/2012,PHILIPPINES,0.0508628660006072,0.0,0.047500320802545105,0.089436147920651,0.06589673449070296,0.008935641286795016,0.03142859856939002,0.04751433026577414,1.3297375214881226,0.05086286596542752,0.06558143185451677,0.009748688122667827,0.010420410592466432,1.0437250667235851,9.430531159716795,0.7220699414641482,2.1584792766976625e-20,445,2012Q3
01/09/2013,PHILIPPINES,0.0437896573652621,0.0,0.03949975567590622,0.0854761207475134,0.06127126457928644,0.011012072287112653,0.034258696058080775,0.10707582625349986,1.2456521907707936,0.04392137940881783,0.06119275109181619,0.01049955541845444,0.010504370301662088,-0.04029617049724798,17300.639317658526,-0.040263494201037225,5.778914333704844e-07,505,2013Q3
01/09/2014,PHILIPPINES,0.04133242271737172,0.0,0.03390646563368819,0.08354348400042859,0.058039696271109636,0.011109541483742973,0.0346192484159386,0.11323561901163913,1.2395137986994558,0.04104487909252795,0.0585465436847561,0.010607540512054538,0.010607564849898903,-0.009023058893940328,763439991139533.6,-0.009022691607527443,3.5602994202483235e-07,565,2014Q3
01/09/2015,PHILIPPINES,0.03292295622691284,0.0,0.028016895421113942,0.08743800644071209,0.05738309861203707,0.012292609073064443,0.04900028359112822,0.012112018231349745,1.3521573617460019,0.03292295634109766,0.05773352997602618,0.01714502619547516,0.011082974741786161,-0.1112823652345119,3.4218953712397773,-0.1105996523286579,3.666888881532832e-19,625,2015Q3
01/09/2016,PHILIPPINES,0.04634139937869606,0.0,0.04571124576510136,0.09221938273653837,0.0659493013029071,0.010887647470375468,0.03619918564686158,-0.02185474080276448,1.1684925734649465,0.04711180413416986,0.06521505318564581,0.011023848379816684,0.010796852043589045,-0.005418125906902039,49.04784987402704,-0.0054180463811615695,2.3891152489032437e-06,687,2016Q3
01/09/2017,PHILIPPINES,0.055814047910800565,0.0,0.05362080242179115,0.09223839632908044,0.0703001722928926,0.01005848758302583,0.0314258022622511,-0.08236855625511039,1.0600538306047225,0.05482047863227345,0.0706475273891424,0.009625121024477759,0.009625835748730193,0.015962875574997804,53196266019395.45,0.01596084218631799,3.253414352801663e-06,755,2017Q3
01/09/2018,PHILIPPINES,0.03920493232911751,0.0,0.036581081352053006,0.08253790829205528,0.059456516452946945,0.01090268989343165,0.039126956049990586,-0.09951466123439821,1.1841705653887897,0.03967116949902451,0.059237771885564686,0.012220126355154454,0.010336235421916232,-0.0005566416674350763,7.028398640145564,-0.000556641581197401,8.797449175026597e-07,823,2018Q3
01/09/2019,PHILIPPINES,0.03856923712215274,0.0,0.032975756916541775,0.08838804243867508,0.0602452921045663,0.011150567934005592,0.04376063125080305,-0.11781936231983843,1.2517530936252332,0.03856923752559084,0.06025559619121116,0.014891850580388026,0.010116473839760592,0.08167771630213735,3.7038268363216478,0.08140662572967897,2.552506056282584e-19,891,2019Q3
01/09/2020,PHILIPPINES,-0.0913114269636897,0.9393484999085774,-0.10386369827800454,0.02266089663486864,-0.04886465275317673,0.023126115098824663,0.09425195526732258,0.3853311822968299,1.434163115795608,-0.09131142749352823,-0.04745250196710186,0.035357694841339715,0.021984740201265517,0.5719383772695805,3.0631834513965366,0.4964725074590791,8.708857946258642e-19,959,2020Q3
01/09/2021,PHILIPPINES,-0.0023773857273009743,0.0552781389010254,-0.017578397480869958,0.09832450548128545,0.05572594919561543,0.015100315158812591,0.08726376848943049,-0.34238481479036076,1.8685194977906117,-0.001230162736074575,0.05051363944899468,0.0959693178649435,0.02178651693269035,-2.5464900523195233,2.1000000000000463,-0.9308020908908121,2.2494256392799432e-05,1027,2021Q3
01/09/2022,PHILIPPINES,-0.005157932911326485,0.061976522648312146,-0.028327814323009827,0.10700283154893016,0.06018638243129647,0.01762105585355112,0.10373179965050733,-0.2330640220562148,2.080186063916459,-0.003837127735885369,0.05552675398137173,0.10794216126744152,0.02436326586194387,-1.704271808437653,2.1,-0.8624894443353479,3.17321809765115e-05,1095,2022Q3
01/09/2023,PHILIPPINES,0.02194839816278118,0.0,0.012976070121172552,0.1040086547543283,0.05757990683202263,0.01169235504641314,0.06267973883937256,-0.11473857722753787,1.7648422109177182,0.02242532847916443,0.05551377627217474,0.057065909206519876,0.012615243835449803,-0.6417051460060482,2.1,-0.5400713812714205,4.640840868120124e-06,1163,2023Q3
01/09/2024,PHILIPPINES,0.02744345120473603,0.0,0.016806952340403344,0.1003670077454383,0.05561713016022393,0.010770328589470832,0.054921595320150896,-0.001992911513871505,1.7242818809047396,0.02770865853279343,0.055176194007908956,0.04709688354187943,0.01028154527873428,-0.09651204568974575,2.1,-0.0960656772375753,1.7301396958495756e-06,1231,2024Q3
01/09/2025,PHILIPPINES,0.015882780981921182,0.0,0.010062267086934537,0.08435585755294121,0.0461666910087192,0.01135442942843974,0.05628320339046154,-0.00010893380407563208,1.715290104864541,0.016117866796726853,0.0450816420220725,0.049390996310993605,0.010829781031333313,-0.3493115588913823,2.1000000000000485,-0.3297713600904884,1.1859575487044698e-06,1299,2025Q3
01/12/2002,PHILIPPINES,0.005542687888684688,0.0,0.005542687888684549,0.047056871924881415,0.029595794913267276,0.003798216255117675,0.04062066567967234,0.2710130133931551,6.220603255210884,0.006648867254196716,0.027846800668344513,0.03705568690425155,0.008244306437524631,-0.8738662615729806,2.100000000000017,-0.6580209578516203,2.3944321771132305e-05,40,2002Q4
01/12/2003,PHILIPPINES,0.03857064247838045,0.0,0.038173516503077584,0.06137195839424039,0.04713410783036345,0.00584498344899762,0.022801315915859856,0.40532265573712145,1.3093370077822946,0.03688754639699988,0.04829528069663698,0.00780463649749746,0.005242648067646395,0.0031464463044643363,3.64448673462738,0.0031464307294751495,1.1183678433073383e-05,62,2003Q4
01/12/2004,PHILIPPINES,0.04281747906107472,0.0,0.037872249168292176,0.07354514579768033,0.053199343472444025,0.007123727422130528,0.025974146414582414,-0.25196652915325163,1.2730537198410434,0.04263710295202349,0.05368969160219409,0.02781386203542948,0.006270783383892141,1.6040333214078486,2.1,0.8485971400273394,1.1603782367177177e-06,91,2004Q4
01/12/2005,PHILIPPINES,0.03347736382664366,0.0,0.032843719853501506,0.0644678217834028,0.04757752708151296,0.007942519006069423,0.029580662867845324,-0.3626524450454164,1.5055478330415757,0.033477363981855454,0.04719477896715409,0.009532360693589642,0.00842343369147456,0.8173035011625018,5.137416331387984,0.6328303323681677,1.8375914202789328e-19,121,2005Q4
01/12/2006,PHILIPPINES,0.0388030928849562,0.0,0.03721746197847475,0.07158801359170973,0.054370245992041655,0.00748767319965412,0.032500736825567506,0.023913066862396755,1.4608541003393265,0.03880309293486539,0.054702715196568004,0.01611717895703342,0.00650823705104185,0.18072560775852803,2.38600057872984,0.1778445862508287,1.9828573157000605e-20,154,2006Q4
01/12/2007,PHILIPPINES,0.03512552948081449,0.0,0.03414826820244155,0.06331730259048068,0.05077080795006171,0.013081451256089414,0.02776857998269927,-0.498283617096232,0.6622445974522203,0.03411890512873935,0.04910238500187468,0.009108639899574297,0.009109378585155564,-0.01596287780842004,668209511.937428,-0.01596084441888684,1.68065248883061e-05,194,2007Q4
01/12/2008,PHILIPPINES,0.013907692090322738,0.0334265826722753,-0.007071222238735662,0.06569728200822356,0.03254923752181535,0.01209904588702459,0.04475639771335432,0.4741906418419246,1.6304084506342404,0.013907691642855297,0.03538035700701568,0.014277055494523244,0.011977594413992109,0.4887718138801965,5.39249131294938,0.43912523725361574,4.198471349081169e-19,239,2008Q4
01/12/2009,PHILIPPINES,0.006502033606479699,0.0,0.001355490470686052,0.05410012333827246,0.03088418978440192,0.010668136409883485,0.04499248914303517,-0.1410166933729442,1.5193652153716741,0.00650203326897106,0.030433794135039185,0.019227606635089267,0.00983550124135803,-0.5128694354957568,2.643771939050896,-0.45635111432219416,1.9814360474280221e-19,288,2009Q4
01/12/2010,PHILIPPINES,0.040860838286738116,0.0,0.03927576942398351,0.08100538945467611,0.05982383843877494,0.011040777610790151,0.03718100187764049,-0.13673539610940286,1.165801908558732,0.04086083824774785,0.05938805687597811,0.011346934037859446,0.010994553207194032,0.18689762601031534,24.7279098670362,0.1837164924694704,1.6214605737211536e-20,343,2010Q4
01/12/2011,PHILIPPINES,0.023674638153040807,0.0,0.016910328390892786,0.070043923903282,0.04439519484505845,0.012476143591809492,0.04324556398077465,0.060629964592408776,1.2682592973517748,0.023674638119555846,0.044544437815667456,0.013312719230866544,0.013641703187261505,0.730979702707547,11.690806602861036,0.5901273487931954,1.221835297869847e-19,399,2011Q4
01/12/2012,PHILIPPINES,0.05254740539998486,0.0,0.046128605078172104,0.09266927998025007,0.0679061821087713,0.00911264543853501,0.030631787354085123,0.23541452181679248,1.3683662594926356,0.05254740529314378,0.06805566201441847,0.009345197889885287,0.009693561854674305,-0.5332180650479078,27.491977561603377,-0.4705090457168034,1.4477173774144542e-20,460,2012Q4
01/12/2013,PHILIPPINES,0.04297733172954277,0.0,0.037068604315888924,0.08311150186759829,0.05700294124223379,0.011379617332507641,0.03191598306339968,0.12655133377834532,1.051938183007214,0.041533842378959,0.05789335754405876,0.009942800680679034,0.009943026498292528,-0.009023058893936876,65379935197653.98,-0.00902269160752399,6.570854287827937e-06,520,2013Q4
01/12/2014,PHILIPPINES,0.036071674073215,0.0,0.03588945409222292,0.0840960151140949,0.05873399663025568,0.01064057000050672,0.04152630215622956,-0.020527177307544688,1.3672620018922044,0.03607167397712215,0.058344844013233935,0.014174262864867258,0.010590044129048395,-0.6687326859798166,3.8027305140169103,-0.5558885940115061,4.543476728780679e-19,580,2014Q4
01/12/2015,PHILIPPINES,0.044775133602014336,0.0,0.03917721217274619,0.09031349376531196,0.06365103803950456,0.01132495626808303,0.038391294032799936,0.03387328208343769,1.2364004659229735,0.04477513363079025,0.06401046588741151,0.011733416475689361,0.011142880035632055,-0.09372760128784263,19.420421610740366,-0.09331860199612915,1.385266206658175e-20,640,2015Q4
01/12/2016,PHILIPPINES,0.04201710066045959,0.0,0.041596008245840047,0.08985974777490753,0.06289173472335449,0.010886190014112675,0.0386034259270064,-0.032161927669056296,1.1798475541637174,0.04208791954942015,0.06234688635493646,0.01340517092024838,0.009229594800442923,-0.3327580345631459,3.646476319289928,-0.3157364401885496,1.3179767565223255e-06,704,2016Q4
01/12/2017,PHILIPPINES,0.04910045055852576,0.0,0.04512138850331781,0.0880993152910434,0.06445220856351688,0.010414410868077503,0.0313918881869924,-0.07421441756541865,1.130957868111232,0.04855587544604319,0.064457951461591,0.00966745417011179,0.009667704715770898,-0.009023058795038827,19692129283.826725,-0.009022691508638018,1.0494612598944397e-06,772,2017Q4
01/12/2018,PHILIPPINES,0.03210875765756705,0.0,0.025922684693133,0.09185059138066293,0.05841760222089855,0.014166467590140086,0.05561183493067246,-0.09157339024188489,1.2845346197126695,0.031315032413861923,0.059116017493522834,0.0190387114499181,0.012768729260369692,0.004429651362019506,3.635019558695511,0.004429607903767723,2.4781963965599026e-06,840,2018Q4
01/12/2019,PHILIPPINES,0.042769966206447234,0.0,0.03922396390409083,0.08743743948803767,0.06268726766413854,0.010298590135878714,0.04027610880175018,-0.12183618132476522,1.2692623989915206,0.04276996599217251,0.0626244198530224,0.013636480555727084,0.009385483775314825,0.13125338565379385,3.7722253987223997,0.13013720617078198,7.987721804211021e-19,908,2019Q4
01/12/2020,PHILIPPINES,-0.051111768485627776,0.8500321950406959,-0.057932827483561454,0.03728991500173713,-0.022332995325272074,0.019119410612086996,0.07142859476841709,0.3632601868403122,1.36399508026244,-0.05111176813286081,-0.021547063213694925,0.023832896316206113,0.024315709886324477,2.0451104608872224,4.878137232603665,0.8983552020487559,5.245322678349644e-19,976,2020Q4
01/12/2021,PHILIPPINES,0.01915618894601821,0.0,0.007094979484417639,0.10269380837894189,0.06398693447783688,0.012307539290667987,0.0693297170617356,-0.3608845668447602,1.8099077421694207,0.019943844084155924,0.06011344615557698,0.07345890318516904,0.016609212861687258,-1.88913942616432,2.1,-0.8838135747609378,1.108683464404983e-05,1044,2021Q4
01/12/2022,PHILIPPINES,0.025878204893170068,0.0,0.008802626905119446,0.1128699688522828,0.06447577773485841,0.012173709435659394,0.06871257651655623,-0.10910118354087733,1.9078535364181028,0.026547532710879854,0.06271644915718518,0.06239607847554289,0.013795647630212817,-0.6469422097164593,2.100000000000022,-0.5431822612295422,8.72490946445462e-06,1112,2022Q4
01/12/2023,PHILIPPINES,0.027371765853583176,0.0,0.025271001693648674,0.09951029428494046,0.056313642404823235,0.009866151675183807,0.05117125149683734,-0.09037939187842607,1.654536131735374,0.02769133499073526,0.054333021856454444,0.04561191549839984,0.010038793067803144,-0.48943017293345875,2.1000000000000227,-0.43960248106470023,2.0558620882980254e-06,1180,2023Q4
01/12/2024,PHILIPPINES,0.018497014009944537,0.0,0.01046621194186166,0.09562523535020463,0.05307552866695667,0.01164783309450194,0.06099478029357687,-0.06858950663189439,1.8001434448187392,0.018893449256707905,0.05114145401463704,0.05561477279093148,0.012294247161204737,-0.641138328419735,2.100000000000575,-0.5397333490731006,3.417831236391478e-06,1248,2024Q4
01/12/2025,PHILIPPINES,0.02627324619504845,0.0,0.018481601859278395,0.08296436651492417,0.044225586191537485,0.010119343154948926,0.04354972230009839,0.17577958097201898,1.4554414777470783,0.026225879658811107,0.04577482581572296,0.042320822673238355,0.009432529682788184,0.9455813223168283,2.1,0.687060019608889,7.057657978925498e-08,1316,2025Q4
01/03/2003,POLAND,-0.0013375281519380118,0.05349814091580601,-0.0013375281519383139,0.04137522697195387,0.024918107901646454,0.008234503125755079,0.04001996210515399,0.3414835449389852,1.737879005135454,-0.0010870323625209067,0.023137502222883223,0.04514469430718236,0.010261587464255845,-2.891251802560631,2.1,-0.9450686878743282,1.0342907956892516e-06,45,2003Q1
01/03/2004,POLAND,0.0462734536570278,0.0,0.04564618339593884,0.07727429122127934,0.055389236042834175,0.004395756243086832,0.030929234986968812,0.18222994240521093,2.5334587086612945,0.04636215395122669,0.05717204041933175,0.03658587780755243,0.008357420796490461,17.403730569383846,2.1,0.998353311136765,8.404952219630402e-06,70,2004Q1
01/03/2005,POLAND,0.008079737069845952,0.0,0.00761801162275894,0.04976816792984338,0.02785244215173338,0.01300565648597637,0.03924377461749978,-0.017834072464432242,1.4645976565954537,0.008189797424789126,0.02806691917075387,0.012083758013273143,0.012098753585677163,-0.06386443093775879,18368.032122013403,-0.06373458716819662,1.435223189166225e-06,98,2005Q1
01/03/2006,POLAND,0.03393597110051906,0.0,0.03266323612588348,0.06533702579209322,0.04849602810805338,0.007537672802104594,0.029819094373179145,-0.13244305822219762,1.3540838211565827,0.03393597118718154,0.04868115972453477,0.01028643106494403,0.006816892034271651,0.0990270232712622,3.553536519402159,0.09854501852821246,8.830991505159116e-20,129,2006Q1
01/03/2007,POLAND,0.03957737953858496,0.0,0.03787308907798688,0.07464297785072331,0.05671086711164394,0.007072276973148227,0.034511333425907224,0.16780036855407926,1.4202950003432913,0.039683561334713055,0.056748718793092366,0.029648849795130376,0.006470469751106099,0.044474951871084085,2.1,0.04443103081590712,2.99225674785323e-07,163,2007Q1
01/03/2008,POLAND,0.031934783009567466,0.0,0.02589253776223395,0.07184685885178776,0.04886248703244064,0.010085050097021021,0.03694591276115254,0.11256031496711122,1.1503559159748795,0.03193478340623657,0.04978342405999665,0.011693550783056193,0.009943240355464806,0.4399911302203566,5.837930066181489,0.4027318124207923,1.3307270166157696e-18,205,2008Q1
01/03/2009,POLAND,-0.04074068257958796,0.3411285193436947,-0.04180119125715207,0.04314251596304578,0.0033255734860972727,0.018217583101539314,0.07092249901138305,-0.28591604840783075,1.4464264605145105,-0.03625887351815399,-0.0008608529194926502,0.02346716681256132,0.016812403740776836,0.005102004355600931,4.10892161165892,0.005101937953166621,7.863441420936636e-05,251,2009Q1
01/03/2010,POLAND,0.005149999889713401,0.0,0.0035385951189333565,0.060185067154065915,0.03025752650256758,0.011371435879637733,0.04731094062019713,-0.13405546400690266,1.4291132541115628,0.005150000188295699,0.0293565329663918,0.01860281292205191,0.010096996272186515,-0.19002551048456595,2.819928584915177,-0.18668483455789106,1.5688530019874938e-19,301,2010Q1
01/03/2011,POLAND,0.03589866049611388,0.0,0.032710557930512,0.07823715100664717,0.05466819665903165,0.01111479679792371,0.0373710378050598,-0.09048954194171523,1.1989425941188674,0.03589866042599255,0.05430708453121696,0.011401912345252813,0.011991130205595071,0.5910460635128382,27.499504078861232,0.5088167083971951,8.869538684948313e-21,357,2011Q1
01/03/2012,POLAND,0.02062527888016492,0.0,0.01644831217876932,0.06567693863451726,0.038727709831789206,0.013788241762223173,0.04083810370893953,-0.04121900818676048,1.151753006417271,0.01861675591800037,0.03936089119746203,0.012611097645727628,0.012615965811661321,-0.034880449385840846,998627.315947808,-0.03485925015260806,1.2802476674805937e-05,415,2012Q1
01/03/2013,POLAND,-0.01591486505753488,0.469621696248805,-0.024212399924739003,0.035945665761241294,0.0025317669838235872,0.018384823428782622,0.04910497486374589,-0.019834987161873083,0.8702257674095625,-0.020290314287845525,0.005080486328758451,0.01542383784475082,0.015425088711942814,0.015962875468811408,254481205717.25555,0.01596084208017217,5.991205004413356e-05,475,2013Q1
01/03/2014,POLAND,0.021793015774107503,0.0,0.01574360751992616,0.06397830519848155,0.03730874796863114,0.012019534193590886,0.036737520931105785,-0.014630720209473794,1.0931887837879803,0.019819503909039957,0.03838974472208265,0.011289485988676427,0.011289778054133346,-0.009023058891678384,863645105704.7909,-0.009022691605265776,1.3121534327342495e-05,535,2014Q1
01/03/2015,POLAND,0.029778988041804594,0.0,0.02386922296814465,0.07261635975635408,0.04655445107851523,0.010970685408765607,0.03622391540323694,0.07714915063485524,1.2372438661552079,0.02908401673670259,0.047192771951577686,0.011021093812758538,0.010881969587801613,0.014955555753375059,79.28503357380575,0.014953883489427677,1.9454978846838887e-06,595,2015Q1
01/03/2016,POLAND,0.00808242748977864,0.0,0.00506071486203916,0.053855743923943884,0.027155666034913387,0.011240346771771135,0.04050331349736448,0.009206462817468028,1.2221316701661415,0.008082427240392381,0.027221928658909215,0.012709604461013402,0.012075554689806874,0.7725345641398612,6.867191936576615,0.6113520104786944,1.5427502940907863e-19,655,2016Q1
01/03/2017,POLAND,0.038843893803878655,0.0,0.035948857757997756,0.07934978756288784,0.055522373088882956,0.010569845896924276,0.03457526792943804,-0.0019474912365464512,1.1312053334288923,0.03845876946061001,-749034952.6652972,,0.010518436641407464,-0.009023058893223374,1.9569486180849465e+26,-0.009022691606810577,5.53301612694737e-07,721,2017Q1
01/03/2018,POLAND,0.03989171084063848,0.0,0.0334948225920391,0.08971092454383275,0.060639866100234946,0.012242847762050785,0.04348631684958417,-0.11458374887503778,1.266208003958192,0.03989171068481555,0.060679593540409714,0.013529001630748447,0.013082248971942965,0.7084112411539549,8.058832468118627,0.5780596725749982,1.2418985514487317e-19,789,2018Q1
01/03/2019,POLAND,0.03816343558141837,0.0,0.03268713044949577,0.07975078917982549,0.054829507467820615,0.010138431918024937,0.03446808207396376,-0.10141196882341942,1.1797702408292114,0.038163435623894744,0.05459533240955539,0.01055136464470101,0.01231334925805385,1.0923344055038715,20.558877594002194,0.7375934365292589,2.5014660730754768e-20,857,2019Q1
01/03/2020,POLAND,-0.022092012262496845,0.15484069688059224,-0.0405832785208114,0.07499873604891724,0.020816879950860945,0.021199248228842435,0.08667392468950835,-0.11847258244963474,1.5461974314362772,-0.022092012026753156,0.021070437446353948,0.03214658644256991,0.018824856833572424,0.0335462489022439,3.043037200920444,0.03352738916933576,6.29378300285726e-19,925,2020Q1
01/03/2021,POLAND,-0.040056636031730916,0.6613481030310011,-0.0425228015342528,0.03964298668124127,-0.006828513994882308,0.017547351100930416,0.06707925663253297,0.22396354234359073,1.3796806764262937,-0.04005663716840319,-0.0067812492736138395,0.02202624115848072,0.01613239338704358,0.08107038101466457,4.297659803743439,0.08080527334107811,2.0659090450260767e-18,993,2021Q1
01/03/2022,POLAND,0.00021837074027848853,0.04961703035371999,-0.014036723782201131,0.10080845971282636,0.07908417651094274,0.01588296014761557,0.098427432239228,-0.8478165614503729,2.274145080300595,0.004566343428797676,0.0686578316415361,0.12207835214585502,0.027891132575995084,-337252.9085187218,2.1,-0.9999999999956041,0.00017036701625794547,1061,2022Q1
01/03/2023,POLAND,-0.051606563527191646,0.7762614367100393,-0.056144732151308885,0.04421764211941718,-0.013763112100159385,0.016611372247458577,0.07378028780669979,0.14828809949827532,1.4844566589146448,-0.05160656345235377,-0.01471627772632295,0.04719832248638272,0.014181962304524544,-3.425443443751842e-05,2.1984927077059004,-3.425443441742192e-05,7.827127338204195e-21,1129,2023Q1
01/03/2024,POLAND,0.0082354861939808,0.0,0.005927236112485594,0.07382246045904554,0.025762098912238615,0.010415060661027955,0.04330023099707736,0.22763659201535352,1.3205428581129246,0.00814828916000225,0.02684848033989544,0.04441485153569625,0.009973750683319522,1.318096244084317,2.1,0.7966723773598662,2.643857332351998e-07,1197,2024Q1
01/03/2025,POLAND,0.0039115015813987455,0.04229415302879273,-0.008778542731750692,0.086578363300845,0.03747183071323654,0.01314258723846156,0.06475639320300518,0.033541408639970634,1.6753866581727639,0.004160611798464788,0.036877232075085475,0.05588826363686403,0.012210809717674822,-0.1696365824066674,2.1,-0.1672472486146872,1.3278797374898649e-06,1265,2025Q1
01/03/2026,POLAND,-0.02335775506866821,0.1150315351165353,-0.04040165836166177,0.09005239725023359,0.030056009534117085,0.017136314300605648,0.09311837025311051,-0.055373645386294516,1.8232236724504107,-0.022574387142610307,0.02704257356315241,0.08604690609895733,0.01907510219919506,-0.7395123484687944,2.1,-0.5945896247813184,1.195194034300019e-05,1332,2026Q1
01/06/2003,POLAND,0.018297849789447783,0.0,0.018297849789447776,0.05136638137542981,0.03192757297243534,0.007834647130778801,0.026172944876660782,0.3726015532624395,1.6471136860694358,0.01828982216410002,0.032863007938478,0.008035376064736886,0.011719054059217141,-2.415858313812282,89.27323474396589,-0.9239716284660258,1.5982566928448027e-10,50,2003Q2
01/06/2004,POLAND,0.041452653704531967,0.0,0.040952303961712413,0.0704257868124801,0.05109241010441097,0.007689279273587813,0.02788062716283518,0.29173355269123374,1.2390715907582635,0.03908013080473819,0.05303655460965883,0.008833174730439517,0.007135943846356868,0.0036244441148777073,5.757524365598046,0.0036244203086847806,2.210212675919894e-05,77,2004Q2
01/06/2005,POLAND,0.0047781748122116335,0.0,0.0034629818112374205,0.04643889537673706,0.024535989122130872,0.013854252862844033,0.03787276727717778,-0.01145808127856135,1.1875934282501088,0.004738033108018312,0.02423727641555315,0.01184890048774855,0.011849267790326643,0.009023058894069794,114580193732468.8,0.009022691607656893,5.3294083567617075e-06,105,2005Q2
01/06/2006,POLAND,0.048096632888768816,0.0,0.04710477646096165,0.07621140928401621,0.05945694061066608,0.006224451678029376,0.026579584177714215,-0.13280158008923929,1.3867455172602998,0.04809663289110578,0.059449588371124004,0.014261387492215094,0.006401863084931355,1.247696289947588,2.4091698539828688,0.7803062552378875,2.4538103539868587e-20,137,2006Q2
01/06/2007,POLAND,0.03589012564456032,0.0,0.030565896348124205,0.07312931849094731,0.05152692358231423,0.00858469408340334,0.033361814376137805,0.29221082016099337,1.3588185892048525,0.035890125292409564,0.052025415431109036,0.011213903742250078,0.008004440474532306,0.30988186337434165,3.90201288298731,0.2959958199980615,1.583699757470394e-19,172,2007Q2
01/06/2008,POLAND,0.028448248086108015,0.0,0.023315121218636457,0.06898923898170126,0.04546125104613683,0.009312632972422567,0.03604374969936534,0.0333423179634585,1.2836634898360608,0.02844824892572577,0.04578279385132987,0.012057003685212718,0.008778756962158173,0.3660107276257225,3.990854017265953,0.3437116155778741,1.2307242118162218e-18,216,2008Q2
01/06/2009,POLAND,-0.013317523283669294,0.14437933435194658,-0.019890288317702842,0.04498027125586878,0.017265055890125388,0.014156391352509491,0.05544727821484885,-0.27833159807881064,1.6707375400525184,-0.0133175233425075,0.015973089797807906,0.01895505103690154,0.01362333397578737,-0.5153061467509948,3.732794690909232,-0.45806521353389434,3.586219337694128e-19,263,2009Q2
01/06/2010,POLAND,-0.002609545005436084,0.07038139411890543,-0.012460926738159543,0.05635646638309764,0.026410807131067623,0.020282034784956066,0.05505756281529158,-0.1851942438319257,1.2931643743050767,-0.0028071531873695987,0.025516681073792902,0.0172460535295032,0.017246234895061063,0.009023058893988602,473563543483220.5,0.009022691607575711,1.1440665472934801e-05,314,2010Q2
01/06/2011,POLAND,0.03337503116795411,0.0,0.031046375169024136,0.07774407310555398,0.05222492951967955,0.010438367031236939,0.03692611807998579,-0.05118343920177926,1.279965193609854,0.033375030578815454,0.05175811852874326,0.01144644897699582,0.010009330938726755,0.08382070546548634,8.386403517768542,0.08352778967086562,4.004956131349455e-19,371,2011Q2
01/06/2012,POLAND,0.00457494927890067,0.0,0.0009571088690900896,0.054063703608572454,0.025210648554024016,0.01665174385431891,0.04736068357492335,-0.014088726605437633,0.9368172468575415,0.0021533936073397527,0.026367310911559833,0.01472050067525706,0.01472619837015367,-0.0348824919655735,89981268.56369686,-0.034861289010140156,1.821287858136235e-05,430,2012Q2
01/06/2013,POLAND,-0.016462672897686093,0.3454781792417632,-0.02297035304710298,0.04193705116786508,0.00717846157090154,0.01838950490679141,0.05195890385633535,-0.022318545787900324,1.0260065880845644,-0.018322240100805878,0.008271146229570646,0.01616709020393751,0.016167508819727637,-0.00902301805950606,47691939.54770616,-0.009022650778079485,1.1446533849556668e-05,490,2013Q2
01/06/2014,POLAND,0.024428278413496533,0.0,0.01971015886345782,0.06450869383211116,0.040566054856460254,0.01163890053665056,0.0350825343639255,-0.007860660483616977,1.0709472626593652,0.023268337336590814,0.04111444064298699,0.010804326377558937,0.010804326896255918,-0.009023058893856207,872173567773946.0,-0.009022691607443331,4.19322273656248e-06,550,2014Q2
01/06/2015,POLAND,0.02183257831042307,0.0,0.013806806310875398,0.06790614977748279,0.0401370710174688,0.011810242606092985,0.03971954826793268,0.08317370914420591,1.2377866270851074,0.02183257828273002,0.04064030103363278,0.012125627099472777,0.015245289961123709,1.3190041322133605,40.048958297047065,0.796872707137852,5.243972076926691e-21,610,2015Q2
01/06/2016,POLAND,0.013346112632165032,0.0,0.011865660398647275,0.06269382341424282,0.0348185642031984,0.011220411294054662,0.04337097417588036,-0.02147229980010688,1.2380383042556682,0.013346112866561103,0.03466521783362546,0.01444445659086408,0.010313387598844663,0.16466727281759197,4.024571276936222,0.16247916979402097,4.220890345797928e-19,671,2016Q2
01/06/2017,POLAND,0.03443038038655717,0.0,0.03227861965360594,0.07493682211972742,0.051118068407249403,0.010208311313518379,0.03336632551776608,0.019728332198708214,1.177053507107621,0.03441976814846766,0.051084339648889046,0.010151734129297074,0.010151807564812466,0.009023058894086321,325747600795614.06,0.009022691607673418,3.4521490395014605e-09,738,2017Q2
01/06/2018,POLAND,0.04757664263497578,0.0,0.04353294482689573,0.09111061675968382,0.06592180918329615,0.011585424672958025,0.0374331329343222,-0.12156224078948986,1.1763793194665333,0.047261673853569365,0.06602577615892358,0.011407975446099205,0.011408278222963152,-0.009023058893438272,36089939901959.43,-0.009022691607025447,3.1638266602528045e-07,806,2018Q2
01/06/2019,POLAND,0.030065090044418277,0.0,0.024644331227663237,0.07340566477028669,0.04815177576318671,0.010434074000397408,0.037805603807003624,-0.06818025350935034,1.2554203701388102,0.030065089980074833,0.04813662423022295,0.011890342894735896,0.010741379420681771,0.6075988125131828,6.466602954494304,0.5192628195606149,1.188586775970665e-19,874,2019Q2
01/06/2020,POLAND,-0.13655106103263115,1.0,-0.15331107241775513,-0.04977535282912905,-0.0946261879842652,0.019592441851875888,0.08613027016675233,0.5575463280331213,1.4003580642507953,-0.136632889500518,-0.0924881788331747,0.07530035363619246,0.016465314180159327,-0.22018895460257623,2.100000000123058,-0.21503779420582628,1.511470783646433e-07,942,2020Q2
01/06/2021,POLAND,0.09336907841648041,0.0,0.06618644205180485,0.1264390746905417,0.11737482279698558,0.003882881047239544,0.033011541850219275,-0.10137492627745627,2.1289983831475303,0.09491679779230608,0.11582480821530618,0.0398245622039745,0.009098682319070642,-176482.5659600803,2.1,-0.9999999999839466,2.214149726012149e-05,1010,2021Q2
01/06/2022,POLAND,-0.024627141232512584,0.09931578046183331,-0.03572902400287194,0.08777479764931784,0.04868632707293022,0.01803487055051618,0.10750441286324462,-0.3953190024712315,2.0774219832834464,-0.022981746571302204,0.04177828537078827,0.12121575463039304,0.0275837225036715,-3.3160664900783074,2.1,-0.957413674029772,4.3463469795385354e-05,1078,2022Q2
01/06/2023,POLAND,-0.038274661430128525,0.7390366372436955,-0.04615799486426689,0.043833830800097846,-0.008112946031907986,0.014525375885993558,0.06077790928094663,0.13303137993228137,1.373240392910632,-0.03827466219380014,-0.008501535674380256,0.024398308252282192,0.012835402702110229,0.16491689709092713,2.7552777529826513,0.16271896026804045,1.3586710919609437e-18,1146,2023Q2
01/06/2024,POLAND,0.017413743928295065,0.0,0.007276290995545592,0.09112394727349069,0.04407931594823017,0.010984078091056339,0.05357081652955806,0.04757498762368343,1.6544023707487756,0.017579914711538625,0.044001399660230096,0.046051150442899993,0.010051293593442187,0.0693214700094982,2.1,0.06915550692734662,7.133671336366684e-07,1214,2024Q2
01/06/2025,POLAND,0.009467174699197464,0.0,0.0018518644554178212,0.0791492131959447,0.032404403766485984,0.01110851935309912,0.04982054937939107,0.14558161853678678,1.519833769187834,0.009471066542227546,0.03308445280250158,0.04483416606158206,0.009864512107694625,0.4783255727618506,2.100000000000045,0.4315030004971648,4.130309215113627e-10,1282,2025Q2
01/09/2003,POLAND,0.021621195925019668,0.0,0.021104835886491438,0.05100475032392354,0.03538604315280161,0.009090974747888853,0.029383554398903784,0.3337899686503454,1.689204701864089,0.02169241089503366,0.036426307330115974,0.008954339623310686,0.008954602710784762,0.009023058893911563,39951842118103.75,0.009022691607498681,6.708632022016535e-08,55,2003Q3
01/09/2004,POLAND,0.025462769560420685,0.0,0.019209872815788342,0.059111320624047045,0.03916401616886209,0.006158384474655399,0.02978040974739482,0.017966872086642046,1.4596870993053677,0.025547724550940707,0.040369812838499296,0.02559279311741612,0.00558483626446818,-0.011240117894555531,2.1000000000000263,-0.011239407922174382,1.7726822384797068e-07,84,2004Q3
01/09/2005,POLAND,0.023383452445733338,0.0,0.016985843581402482,0.05599509682180008,0.03645323345133872,0.010519092427645012,0.029697281943252614,0.06253192946788019,1.2803286546525452,0.02195978279001403,0.03716139544253427,0.009241600546566699,0.009245176145627615,-0.03488218455807217,6244095.852964064,-0.03486098216285648,6.316699087135447e-06,113,2005Q3
01/09/2006,POLAND,0.046573270777738957,0.0,0.04633173208361013,0.07759464744998172,0.060175902510435725,0.0066997291292994286,0.030835431475561684,0.09906147460651855,1.5610876058264025,0.04660822386273613,0.06084719716147381,0.02853270181306683,0.006313009514193087,0.6715716387771931,2.1,0.5575160492042633,3.9301380500857256e-08,145,2006Q3
01/09/2007,POLAND,0.033662743838195446,0.0,0.032974034783739795,0.07387985237565137,0.05255522299738563,0.008340542175447711,0.03649510871088046,0.19643277368360337,1.4255830448696727,0.0336627438631427,0.0522951664573379,0.01948803901950298,0.007221260316101678,-0.17984718827602125,2.315802614062134,-0.17700731761065688,2.6318980810427188e-20,183,2007Q3
01/09/2008,POLAND,0.008598321693529582,0.0,0.008413350580750845,0.057273560919557556,0.029577730461997093,0.010649065592389912,0.0452465119733972,0.18362589742158952,1.3686505472117925,0.008335050126937946,0.03094805899225677,0.01944321181751517,0.00927612172758174,0.003994292505830029,2.5893713063606363,0.0039942606429957915,2.7448492215656686e-07,227,2008Q3
01/09/2009,POLAND,-0.0027861401581425905,0.06792380847396343,-0.009851186511432014,0.053425080635582295,0.02391950285691774,0.014896048729706594,0.0504466399381643,-0.18468794333371366,1.3793988298468856,-0.0027861401640203193,0.0232589066918144,0.015420935093648122,0.017272083515039904,-0.8908322552353366,22.16815056667556,-0.6651740564271655,3.240529556952149e-20,275,2009Q3
01/09/2010,POLAND,0.01612814115803277,0.0,0.010170306038077134,0.06954439816803422,0.04051734368866654,0.015352161049146976,0.04749593211412345,-0.10461466930774176,1.2914825440762894,0.015990261612221654,0.03981687769869568,0.014566164358728984,0.014569764559718366,-0.01596287557424062,481185170840545.4,-0.0159608421855611,6.75938573424621e-07,329,2010Q3
01/09/2011,POLAND,-0.006427372798477212,0.10293478170452022,-0.02203243157087686,0.06279679119069986,0.029118629589484607,0.017325628898530822,0.061274611558853706,-0.028976688189250567,1.5645731741722853,-0.006428087855284121,0.029695538790272813,0.019622104357264976,0.024426637332259745,-2.828717497195326,7.8274470021788325,-0.9428197946452782,2.721826316526054e-11,385,2011Q3
01/09/2012,POLAND,-0.0039392284355839295,0.1410316130065688,-0.00766721653369851,0.04509003563002459,0.015755754756944417,0.017690163299578395,0.046580882520938616,0.030984206808548787,0.8582309007712613,-0.00688883618539588,0.017237185313432032,0.01466706573065653,0.01467274212667187,-0.0348824090941352,19496338.015991453,-0.034861206289727255,2.7578528326041162e-05,445,2012Q3
01/09/2013,POLAND,-0.0041140921026602125,0.09061337197882605,-0.012827781172095537,0.04617016735317126,0.015386505196044505,0.015500717390695685,0.04617889194694248,0.03294723377044599,1.051869334117813,-0.006446481896717102,-8034.399642656699,,0.01424765309034913,-0.009023058893533505,1.2271557587290722e+16,-0.009022691607120669,1.7442677699313036e-05,505,2013Q3
01/09/2014,POLAND,0.02313863916753886,0.0,0.014570048300486218,0.06697994264501139,0.0404173503247573,0.011702646547456863,0.0375294210829522,0.07467793711724775,1.1918808596331965,0.02236971513319663,0.04120484519265888,0.011449923686843142,0.011450212791432199,-0.0090230588936865,93329677756189.78,-0.009022691607273646,2.0229869948221234e-06,565,2014Q3
01/09/2015,POLAND,0.022894255578535885,0.0,0.012623174684709842,0.07474659298565736,0.043627672313153024,0.013148024572787163,0.042372595274783154,0.0771351387358658,1.3762873668628,0.022909928609301383,0.04415294873826292,0.012918233830672065,0.012918519586599883,0.00902305889374976,81763884939521.45,0.009022691607336899,8.07769124691921e-08,625,2015Q3
01/09/2016,POLAND,0.009727945219105045,0.0,0.007814509893805183,0.055782332061432544,0.029145333910060033,0.010766998538505067,0.037964961316915874,-0.03157508156304038,1.1877956718732794,0.009727945258151148,0.028670703185539475,0.011752027828376421,0.01032737174145835,0.04230813091558089,8.749943943957744,0.04227031636288267,1.780518117170151e-19,687,2016Q3
01/09/2017,POLAND,0.045650614725694205,0.0,0.04436991947197745,0.08234964140801125,0.06078261359611081,0.010017441037267743,0.03159049851513333,-0.06294293792059992,1.055588100875412,0.04506098283108436,0.06095408175533108,0.009661994994312043,0.009662244261147906,-0.009022836286495261,8748158.758129928,-0.009022469027264514,1.1000059404247148e-06,755,2017Q3
01/09/2018,POLAND,0.04728315672830844,0.0,0.04342203915590856,0.08729464425828337,0.06435469580844569,0.010493409689074707,0.03420469341876197,-0.11204834200073614,1.1102808231846975,0.04714516251984918,0.06426772357402864,0.010410716853800215,0.01041100228751725,-0.009023058893547422,22612515458679.63,-0.009022691607134585,6.032730822527308e-08,823,2018Q3
01/09/2019,POLAND,0.023259354997127946,0.0,0.017932685748974525,0.07020232230995395,0.04254524993393964,0.010456673821367906,0.04004851131943432,-0.037225299523747535,1.268221991236883,0.023259354637851268,0.042535806498342606,0.013214452128209937,0.00992924167293107,0.3749400893114592,4.245507571736761,0.3510742599703709,2.502521532213003e-19,891,2019Q3
01/09/2020,POLAND,-0.06306523738290412,0.8231716543116036,-0.07639402313515364,0.03743171511618234,-0.023059819410551134,0.01945609027324678,0.08356326697389599,0.2993766750107322,1.4904938247058308,-0.06306523851522701,-0.02219307359933564,0.03834553804248789,0.016994881461058386,0.17908619460713876,2.483508546416675,0.17628166292855393,2.1520967498570378e-18,959,2020Q3
01/09/2021,POLAND,0.022115840490303768,0.0,0.0094996416189307,0.11314519771771434,0.06943352693188314,0.0120007720551483,0.07366396373143269,-0.2952439519893026,1.8136178625294246,0.02315883903709334,0.06513594333761072,0.07624920372014468,0.01720440234806553,-1.674046151108133,2.100000000000025,-0.8584930494531198,1.9888618296455135e-05,1027,2021Q3
01/09/2022,POLAND,-0.024282726746566848,0.1045678702312681,-0.04225653478033926,0.088767156864083,0.0390086283416211,0.01816085206053218,0.10271901496167343,-0.15619651444351126,1.986991465190458,-0.023192936525652987,0.03455902910005164,0.10371684721640234,0.02331458688241977,-1.3836260843257353,2.100000000000079,-0.8104805302752021,2.2925069013182794e-05,1095,2022Q3
01/09/2023,POLAND,-0.058121137406479825,0.5150333462439922,-0.0652013922489944,0.03820896619990313,-0.004213255493788897,0.017150895267603723,0.0869596217179943,-0.12683887805693606,1.6590484208371417,-0.05757739095771345,-0.008521963931106076,0.08786490498897166,0.019733099514515195,-1.3251087571991969,2.1,-0.7982129238688174,5.801284258998001e-06,1163,2023Q3
01/09/2024,POLAND,0.004943935527533649,0.034295002797947935,-0.0029260683061627653,0.07784517398754229,0.026699652551721388,0.011622973531544612,0.05090822816207559,0.2073433094077578,1.4585809610697136,0.004919036273727637,0.027956265940258688,0.04879899886548888,0.010855015298233158,0.866720339924167,2.1,0.6549537000997794,1.9832027857356675e-08,1231,2024Q3
01/09/2025,POLAND,0.021930610904127703,0.0,0.012205345985191744,0.08272714896641159,0.04381699065562511,0.010268802208229155,0.047575703990758375,0.09557211752756548,1.581748589678791,0.02199151607915571,0.04467239121650701,0.042285173564652064,0.00928575421056622,0.40826507904811893,2.1,0.37797779564218226,1.0047408785612288e-07,1299,2025Q3
01/12/2002,POLAND,0.02305824681957222,0.0,0.02057664463437665,0.04028678912242026,0.02990293030962747,0.006990061512460535,0.017228542302847982,-0.3640444162939587,1.0896066252395564,0.02118599934609578,0.03021517256099373,0.005489165703062907,0.005489601369486088,0.01596613171737995,567127.8224991765,0.01596409708427966,1.0886682468422931e-05,40,2002Q4
01/12/2003,POLAND,0.029152666420630257,0.0,0.027393348533292047,0.054747889681979224,0.03909568799767519,0.006516790325019967,0.025595223261348905,0.31841583873916307,2.0116412715060923,0.029039360863265914,0.04048410238551,0.025454062489172546,0.0056864518642305755,1.0465974237904763,2.1000001010533613,0.7230189792985879,4.4149923472088275e-07,62,2003Q4
01/12/2004,POLAND,0.024741416097727616,0.0,0.02152647573851984,0.05874918350643627,0.039397884755327475,0.008934016621295634,0.026916364228361144,-0.17318847124949877,1.4633813814456353,0.025041982629277145,0.03868020783560945,0.008289827059304583,0.008290477787386664,-0.015962875574527476,30099972162229.523,-0.015960842185847843,1.356806025374179e-06,91,2004Q4
01/12/2005,POLAND,0.02705304782989027,0.0,0.026333777345648793,0.05951535056513182,0.04228574163543623,0.008060546720559884,0.030132518269605196,-0.2106967271877263,1.6085894168310297,0.026986525486555082,0.042050885253318265,0.009678731821043816,0.007477735766352766,0.002152557974041718,4.961559041118926,0.0021525529871140856,1.7163467039358183e-08,121,2005Q4
01/12/2006,POLAND,0.024424546888443057,0.0,0.021999303817541224,0.056896448752820156,0.04153491367605986,0.008684027951601832,0.03132848555841136,-0.05458801877565164,1.669687072666346,0.024190949896957185,0.04128133212141188,0.021504581927825867,0.006600814309064938,-0.6050985047725121,2.198530146038855,-0.517699574899681,2.1075002693322696e-06,154,2006Q4
01/12/2007,POLAND,0.05422353311477617,0.0,0.05278161529109622,0.0882361493673282,0.07093301632207812,0.007431068318818485,0.03382578512711055,-0.18673980977553473,1.308909155561208,0.054241933382461166,0.07056356541262052,0.029772426730607867,0.0065231654660841834,0.3177312333377664,2.1,0.30281368064122166,9.32658048661045e-09,194,2007Q4
01/12/2008,POLAND,-0.011366188719471634,0.16454237305643282,-0.0214664042993177,0.047941530438203386,0.015474414310938957,0.010822682526028552,0.04929652843305318,0.4833639362837252,1.902181025344546,-0.011305960626905063,0.015793670311731338,0.04750687045218111,0.010582267702027606,-0.9217982401757259,2.1,-0.6777723039893004,7.351402140969109e-08,239,2008Q4
01/12/2009,POLAND,0.014830515518387637,0.0,0.012245733730117184,0.06513510502586621,0.03991318632389983,0.01335676013274301,0.04678943134767413,-0.07478093763007802,1.3060490539125045,0.014830515692536279,0.03967013230526581,0.014486339465036198,0.01566291449719061,-1.053259839556884,10.056507902873209,-0.7252046061644014,1.9962438279349635e-19,288,2009Q4
01/12/2010,POLAND,0.013511092039043108,0.0,0.010018506426724742,0.066093813793176,0.03590280991733585,0.012637937251194288,0.04329055206212419,-0.14722755642088534,1.266221773163513,0.013511092162590431,0.0351828077380736,0.013266832141066678,0.01232953413487713,-0.042193253818410895,14.572253413419519,-0.04215574618521653,9.458972788608341e-20,343,2010Q4
01/12/2011,POLAND,0.028116357136762922,0.0,0.024190370447359142,0.07583558512959027,0.049778408728487926,0.011534931328643461,0.041889105429210295,0.03415671838316677,1.3644499765489386,0.028116357613975917,0.04992802401097123,0.013189893547151164,0.011744724118673652,-0.5658053054813127,6.32367667293151,-0.49244500525774665,2.6070046386826463e-18,399,2011Q4
01/12/2012,POLAND,-0.016084176329397012,0.4466089831001587,-0.02751984178897605,0.034905474676705434,0.0039685337108324404,0.018494712935860885,0.050981804396233205,0.02469226119541107,0.9344062767208858,-0.019755171330844222,0.006441411735494278,0.01592798181524515,0.015928420414987137,-0.009023058893803733,37443722868645.29,-0.009022691607390864,4.2073551767057095e-05,460,2012Q4
01/12/2013,POLAND,0.008085488933079544,0.025524694474850985,-0.00017333435798365919,0.05327138842861558,0.02381455919360214,0.012869780515810487,0.0402875225314446,-0.007967480911404241,1.0505977057501383,0.005254838489999808,0.02554580423590767,0.01233561672641544,0.01233593637168366,-0.009023058883762494,193583067543.49576,-0.009022691597350852,2.9097260325522785e-05,520,2013Q4
01/12/2014,POLAND,0.024151086790679288,0.0,0.013463551320235995,0.07011557645166624,0.042229910814511856,0.011833045896015975,0.03880398491305051,0.09523211325216281,1.249268820178079,0.0236308197561112,0.043041453554737805,0.011800517459107351,0.011799601391473378,-0.008823681355178914,9765.419726933453,-0.008823337880999772,1.0465467831128596e-06,580,2014Q4
01/12/2015,POLAND,0.024486925542308642,0.0,0.01906333355974338,0.0713706275245988,0.044076744155024654,0.011563477342572962,0.04066469058345638,0.03577629689842762,1.2394567043216198,0.024486925393706484,0.04439401103320802,0.012579249923016752,0.011615954801600882,0.40899914968851925,9.098674611086384,0.3785600900421629,4.992214609060851e-19,640,2015Q4
01/12/2016,POLAND,0.02109406889187236,0.0,0.01928269193726377,0.0669683666667296,0.04055060502007915,0.010868789982755166,0.037381290033411514,-0.005443829150585884,1.2091140235752622,0.021094068616876138,0.04022265853064541,0.011473761771378481,0.011529775893590975,-0.5872409593678015,13.508524629480998,-0.5063829819562505,1.1227098836031504e-19,704,2016Q4
01/12/2017,POLAND,0.03812761024755141,0.0,0.03494252175260809,0.07744931353664299,0.0541665507924793,0.010270884787901531,0.03191663528160731,-0.07077640282646419,1.1437479352215898,0.037924998700122815,0.05395175330699025,0.009782636203575825,0.009783586617841024,-0.009023058894218984,592004242363698.6,-0.009022691607806065,2.7052610097116e-07,772,2017Q4
01/12/2018,POLAND,0.037431120775291364,0.0,0.03231378654985103,0.0908946255496083,0.05815790368156135,0.012932030828735444,0.04698845913810953,-0.12099894134461885,1.2604716442436998,0.03743112110295582,0.057912786589975146,0.015018043399490028,0.01628722802940361,1.650124299558216,6.390096699735862,0.8552151369537199,2.3999357783327193e-19,840,2018Q4
01/12/2019,POLAND,0.023579283554980224,0.0,0.019370209827443984,0.06547426771140324,0.04120710237407932,0.00949469920561035,0.036001239229517965,-0.029637358254761968,1.3244518193292185,0.023579283630666956,0.04111548939567266,0.011729236548436472,0.00892490045297803,0.2739998520986463,4.522616124060085,0.264259592758034,1.186357910893861e-19,908,2019Q4
01/12/2020,POLAND,-0.05694563455559858,0.8727397187372014,-0.06303424558772036,0.03191967848333472,-0.024666203806585293,0.01909166511629902,0.07331888027233287,0.3042481321271491,1.4134985169497456,-0.05694563460252915,-0.023997651270805526,0.024629838449254468,0.02054664568109949,0.9906400331738084,4.1705694048293065,0.7037741934104973,3.5544751620896063e-19,976,2020Q4
01/12/2021,POLAND,0.039293310367119375,0.0,0.026045732938015348,0.11783647873596811,0.08566989431279604,0.010523213079356317,0.06641189842681207,-0.6587660606968331,2.007368867929962,0.04052257208767764,0.08093590156468633,0.07612189814124656,0.01734877486378509,-4.3009548103669495,2.1000000000000196,-0.97401912037484,2.2842293719311486e-05,1044,2021Q4
01/12/2022,POLAND,-0.020132719131369763,0.21550990666456274,-0.02833227726804923,0.07364491862485623,0.01338446172109532,0.01487862121773128,0.0689503029396524,0.15781316836313597,1.5658680109399918,-0.0200477945460386,0.01340377354645416,0.06021973416039529,0.013176986179378939,0.2573983656956379,2.1,0.24927312886130945,1.8559875492319937e-07,1112,2022Q4
01/12/2023,POLAND,0.002061148860145289,0.0,0.0006200905776218786,0.07516854958062905,0.02328702576930665,0.010979464925414677,0.04659976057842641,0.16130190145401815,1.3600992021994769,0.001974880926220251,0.023484434682341584,0.04381330777451913,0.009709715232698663,0.728746907708834,2.1,0.5889506561017047,2.202807799522445e-07,1180,2023Q4
01/12/2024,POLAND,0.016145936807162024,0.0,0.005900805165724368,0.08827615323786273,0.04171588654855667,0.011084261625702169,0.05219988167249757,0.07633537363588805,1.622788055862437,0.016240722660020288,0.041811407487210364,0.045176785818770805,0.009868998492055676,0.1585114410425545,2.1,0.15655682890102587,2.3039723787035214e-07,1248,2024Q4
01/12/2025,POLAND,0.024369771613163248,0.0,0.01628927484024493,0.07863973894265575,0.04133812225869163,0.009639986045893587,0.04170699973304504,0.17310208915919748,1.4563294914631897,0.021997439001984552,0.042860708411219015,0.021668335023316655,0.008223541754979297,0.0030642020181275865,2.336542102469615,0.00306418763282078,2.221233708357772e-05,1316,2025Q4
01/03/2003,SOUTHAFRICA,0.02836285846736695,0.0,0.027262899121779753,0.056124395746317744,0.03586664723588441,0.011418257537451041,0.01818658616471458,0.8937693316812494,0.8059207146581193,0.027160645293949803,0.037513402379180626,0.0063726800032258115,0.006376357909555044,-0.015962875573827612,1123037842701212.8,-0.01596084218514825,2.716951663083441e-05,45,2003Q1
01/03/2004,SOUTHAFRICA,0.01883059888968939,0.0,0.018596014840837727,0.05173450044079713,0.03212469790228077,0.007561331379573605,0.03264904080345552,-0.03161291601652395,1.8228349581035213,0.018830598960715622,0.03264875896031892,0.021195378762510445,0.007801106690791555,1.3734806144861866,2.2682424030250523,0.8084265909631884,1.0745417669063396e-20,70,2004Q1
01/03/2005,SOUTHAFRICA,0.041489912592351984,0.0,0.04129052455586887,0.0760781060066395,0.05495228047804537,0.007334179886354108,0.03452073468366335,-0.29243570759587834,1.4145031158484105,0.041579590314794745,0.05549001806096654,0.03741933058062522,0.008470038221337552,2.030525551348124,2.1,0.8971082264315396,3.284198197644469e-07,98,2005Q1
01/03/2006,SOUTHAFRICA,0.046106674754591716,0.0,0.04463610102316839,0.07801915760439142,0.05862934957019787,0.006360345715050113,0.031472989763481944,0.10579384787318999,1.0737743465478864,0.04623042103233979,0.05961048591734879,0.03189786110915153,0.007164920384411684,1.3350997039865744,2.1,0.8003810512996163,5.385667128208272e-07,129,2006Q1
01/03/2007,SOUTHAFRICA,0.042689026601587715,0.0,0.04060416377942849,0.07699929749445941,0.05859093454351,0.0062579175381018235,0.031759421107104155,0.07719239126180272,1.3610809041296204,0.04283256594362033,0.05832611975624327,0.027306417783237336,0.005964064084503458,0.14397948464246949,2.1,0.1425099394505489,5.403736833286653e-07,163,2007Q1
01/03/2008,SOUTHAFRICA,0.018743701401419673,0.0,0.013279327662227561,0.06275831612032827,0.03731085639451724,0.010217118603624535,0.03951456535230828,0.1090404898200534,1.3290941604586888,0.018743701184231014,0.03822267720970924,0.013167214460619473,0.009368213431319201,0.13719416914848473,4.012211498031531,0.135920963858262,2.0716518592695143e-19,205,2008Q1
01/03/2009,SOUTHAFRICA,-0.07864820137089956,0.9122452233741668,-0.07910230526933473,0.02079069067362065,-0.02717448446329216,0.0195844155346153,0.08274945555041839,-0.30253662983556284,1.6809912232826325,-0.07864820245560171,-0.031210415263683212,0.040172246624025604,0.020325221593519873,-1.2421491780743752,2.529476305409811,-0.7789438674154583,1.0740972264883524e-17,251,2009Q1
01/03/2010,SOUTHAFRICA,-0.0026986614854294204,0.06783545184213305,-0.00484149031792434,0.050596345120774454,0.022326957422858253,0.0111197644936548,0.04639976338364732,-0.13712816439836714,1.447215763329932,-0.002698661470973963,0.021396412646333428,0.018561846125928393,0.009995319866394578,-0.3127988786918726,2.779828739029707,-0.298534853460973,1.3287986735916225e-19,301,2010Q1
01/03/2011,SOUTHAFRICA,0.018611926730273017,0.0,0.014497539948508569,0.064045424044775,0.03883630745127076,0.011746346373532508,0.039721951026993225,-0.0696952296263618,1.2478258948681575,0.018611926870124244,0.03849849526430541,0.01213333576120755,0.011558525823428758,-0.0646882891440757,21.085971695126048,-0.06455336595309182,8.358190468791328e-20,357,2011Q1
01/03/2012,SOUTHAFRICA,0.008968921892763746,0.0,0.004469655223114235,0.053711996750199026,0.02670439478490645,0.014106171248335351,0.04170374938802546,-0.01358660948390912,1.147615914594856,0.006396537680855921,0.027586414958056065,0.012882101250599862,0.012882414181742883,-0.00901993459516752,623306.8083944306,-0.009019567690133687,2.1552985092208736e-05,415,2012Q1
01/03/2013,SOUTHAFRICA,0.011657642144688795,0.0,0.007067312902947587,0.058122148548703095,0.027582490307966053,0.013664760942089297,0.03792579104731196,0.047009182603163,0.9643983039080445,0.009202323323686565,0.028701522428153076,0.011835682429813246,0.011835807101017967,-0.009023058893893644,174498434329199.94,-0.009022691607480765,1.8756371637199e-05,475,2013Q1
01/03/2014,SOUTHAFRICA,0.0007471039027304883,0.0478792545865996,-0.008059986967415254,0.046236741787095394,0.016732201171325543,0.01274303101867672,0.040218115949444376,-0.04565178190154637,1.095224095546594,-0.0018717707419351744,0.01835947381411621,0.012299313846203306,0.012300311310670324,0.015962875866902176,6100145271.026301,0.015960842478110828,2.5134383833690157e-05,535,2014Q1
01/03/2015,SOUTHAFRICA,0.0061844057519304906,0.02874160014280048,-0.001088490836563252,0.051218090142003764,0.023911402558228975,0.011680257623448443,0.03968214071906091,0.08223952207989353,1.2309672181119673,0.006184405631110927,0.024317948356731303,0.012174652319894985,0.016034664669164984,1.7378199672022148,25.743980279806266,0.8667438547089608,3.31711263219917e-20,595,2015Q1
01/03/2016,SOUTHAFRICA,-0.02028952309418146,0.5342541125792866,-0.024410194165085948,0.027587435600395113,-0.0004030510394944515,0.011969749007833614,0.042280603576195216,0.009815077247453162,1.226907116541768,-0.020289523366419725,-0.0004383765501998968,0.013137249103867698,0.013705292155204067,0.9787409547783816,8.819967569470721,0.6994694537424943,1.833810843819784e-19,655,2016Q1
01/03/2017,SOUTHAFRICA,-0.016379633847284636,0.3675171709744805,-0.01804728754094959,0.030073789291857427,0.0035422065514652194,0.01044867433750259,0.03818690611839852,0.011298731748768902,1.2990714251709063,-0.016379634284778136,0.0029297643387827923,0.012051249508394092,0.009885526019873464,-0.15499536667461522,5.952559435227488,-0.15316648317899323,3.643854039975952e-19,721,2017Q1
01/03/2018,SOUTHAFRICA,-0.008945236429994396,0.12792060014175327,-0.01337861187229556,0.04430864103476631,0.014295845434527278,0.011871200118217868,0.047077099610288414,-0.013857953321156519,1.3479268061024658,-0.008945237153904028,0.014273111283363369,0.016313975654059575,0.01073651442025949,0.12111431428021369,3.5100366710779562,0.12023567551569082,1.9040675286874243e-18,789,2018Q1
01/03/2019,SOUTHAFRICA,-0.016333201299973323,0.46726232929014416,-0.01981926829278758,0.028092045347305125,0.001789407601465022,0.009549375344769778,0.03653529410665842,0.14626746775937652,1.3632252202574446,-0.01633320104954429,0.0016591863072237289,0.012012774273563285,0.00881604038690013,0.15390896857726238,4.2752023843419344,0.15211783222223987,1.0310048266841197e-19,857,2019Q1
01/03/2020,SOUTHAFRICA,-0.06071196458588875,0.6616027073064542,-0.07396306936615676,0.0450112647337241,-0.010190006221776982,0.022484345346877602,0.0885427694127498,-0.10057537533582211,1.5352381987326449,-0.0605948571832081,-0.011842453429946227,0.03701844857598425,0.02079145125525309,-0.7789825373143444,2.749961841970549,-0.614532628280765,2.4612210913899153e-06,925,2020Q1
01/03/2021,SOUTHAFRICA,-0.047105021204960296,0.8205353828618294,-0.050768194404180435,0.029405821013009082,-0.017044475506938748,0.016841433785453986,0.06325595174916238,0.2518704178516749,1.3301088145476931,-0.04710502160268314,-0.01689058358752997,0.020457780473011295,0.01653141893134444,0.49160940210208903,4.819262523909861,0.44117954811536664,6.330204870340614e-19,993,2021Q1
01/03/2022,SOUTHAFRICA,-0.013804632006023092,0.10222395817661013,-0.02619504500896659,0.07570131568330002,0.025779226620563242,0.013209139315716038,0.07015665057682055,-0.05161015491413908,1.7387391011596685,-0.01331284373475376,0.023528726974195585,0.0633538603867775,0.013982781427408582,-0.5864246960395892,2.100000000561128,-0.5058593203502519,5.209624744695757e-06,1061,2022Q1
01/03/2023,SOUTHAFRICA,-0.01956327797661965,0.29132101474519756,-0.02789684579639671,0.06694755042916378,0.0084691786805111,0.013031170585522583,0.060116436734917,0.16291594004049378,1.5324198274000975,-0.019495881034287843,0.00894649637913605,0.053943261830913025,0.011867324853049303,0.4741729497593806,2.1,0.4284469909756955,1.3295032177000929e-07,1129,2023Q1
01/03/2024,SOUTHAFRICA,-0.003531140354878122,0.08306563443757725,-0.006642082470602459,0.06254065313795053,0.01572980807276516,0.010310914393923629,0.04465793393125322,0.1768507238317659,1.3827193532064481,-0.003572059192002727,0.016562614376585304,0.04310411068543627,0.009597494030083078,0.9047968096488771,2.1,0.6709275561434729,4.861521481601521e-08,1197,2024Q1
01/03/2025,SOUTHAFRICA,-0.02094611394601466,0.26948008369422477,-0.033400296335235787,0.06284103350524321,0.009119742921247849,0.0138888389644896,0.06337419135990563,0.1256746822314795,1.552994946040173,-0.020906182268316014,0.009797002973642593,0.055547621540514576,0.012160534107688581,0.28081236395242815,2.1000000000000525,0.2703551013376076,4.1932667009418985e-08,1265,2025Q1
01/03/2026,SOUTHAFRICA,-0.051407682138006325,0.23638624221892732,-0.06410639636605002,0.07035839883778619,0.012214411308918594,0.018418022391894953,0.10230565684780638,-0.1205940404029508,1.9146977175177062,-0.05038084232870988,0.0072592967613021135,0.10356980925972178,0.023285693028453767,-1.3954855386347726,2.100000000000013,-0.8128441460615173,2.0011301334571545e-05,1332,2026Q1
01/06/2003,SOUTHAFRICA,0.019581052595074627,0.0,0.019148737886565913,0.04537909259574813,0.028884716050095415,0.009001101169264227,0.02023902708707154,0.5069288065841586,1.2698172967035237,0.019118842853002624,0.02991262112682968,0.006561687093678452,0.0065621705755701965,-0.015255904718652936,2546673.9994592625,-0.015254129678808154,6.500836507550124e-06,50,2003Q2
01/06/2004,SOUTHAFRICA,0.03850802530135757,0.0,0.03825782973420786,0.06673907710498828,0.047153136329284695,0.008497532201773739,0.02817373614658939,0.3467148809382822,1.0082115184740645,0.03547233356170275,0.04957539777221755,0.008594317744254083,0.008356729429779167,-0.005505924325901019,36.66806315881721,-0.005505840871192527,3.6486471666439185e-05,77,2004Q2
01/06/2005,SOUTHAFRICA,0.049782888771331385,0.0,0.04319479224439534,0.07652651464740728,0.057872127520132204,0.0067748660952535854,0.02607902967811776,-0.3496090846146997,0.8645342302488345,0.04967974047654474,0.0591139355407375,0.03206475323710271,0.007325805662903096,22492.42246888385,2.1,0.99999999901168,1.7067851543924847e-07,105,2005Q2
01/06/2006,SOUTHAFRICA,0.040618638595032605,0.0,0.03904844825553451,0.07116201598660979,0.05366760241005912,0.006588290515430111,0.03014529638469425,-0.03835723387052252,1.3868053554827755,0.04065216442736778,0.054164472354665795,0.02901242876680202,0.0064615760101911345,0.9154621577969657,2.1,0.6752417078117798,3.699900215606337e-08,137,2006Q2
01/06/2007,SOUTHAFRICA,0.0400874744833891,0.0,0.03365917998994242,0.07274327363789809,0.053773793713152274,0.008158263219746172,0.03130037684253021,0.08942314479024842,1.2503162246730637,0.040087474872568696,0.05396576092081167,0.010541425406058824,0.009004233660385533,1.1186216121747377,4.190828383931208,0.7455300269095902,4.204847585308516e-19,172,2007Q2
01/06/2008,SOUTHAFRICA,0.024746798004786325,0.0,0.019146150085483114,0.060396125328864896,0.04004499520895485,0.009178521304019392,0.03312965020141947,0.006398330442707795,1.2162831391875786,0.02474679794439446,0.04025974656100388,0.010415823922431353,0.010077756464294173,0.8702144194577073,6.772586865199006,0.6564575391025078,5.56660272920127e-20,216,2008Q2
01/06/2009,SOUTHAFRICA,-0.06207390829646041,0.8864457201981989,-0.07356080866969236,0.0054573424593169885,-0.02511610854384089,0.01345239771531673,0.06430927884227,-0.48350616723331497,2.1529321613611176,-0.06188401034265913,-0.02799955221134547,0.05815050782046323,0.012818679971831694,-0.5444166028930585,2.1,-0.4781494045931957,7.29189398222522e-07,263,2009Q2
01/06/2010,SOUTHAFRICA,-0.011608996098296407,0.16486258279214966,-0.021722110240607405,0.04987613738178319,0.01826309005382974,0.018728991466393174,0.05747995326396421,-0.1907442878715676,1.3423046425383731,-0.011381914541692541,0.017656719067791805,0.017652573101628842,0.01765399688253863,-0.0159628755651708,9142171359134.125,-0.015960842176494745,2.3298262601908993e-06,314,2010Q2
01/06/2011,SOUTHAFRICA,0.018141477785598666,0.0,0.014346994899254636,0.06342623350114267,0.037469744312035355,0.011551980221211774,0.03867813117909854,-0.039327196925136115,1.236122075992603,0.017920226572279766,0.037259411558998846,0.011791742616012608,0.011414974038217549,0.002543955685818643,31.80324109618001,0.0025439474539861967,1.937965137727996e-07,371,2011Q2
01/06/2012,SOUTHAFRICA,0.009094977857837725,0.0,0.005024784347928426,0.05461048807558122,0.02782191565804825,0.014010490497539886,0.042736403520419436,0.024314679199316583,1.0232746093197689,0.007222287878527889,0.028831880473532776,0.013137165275611729,0.013152597056817867,-0.06168400108855766,29401.967400369937,-0.06156698369285348,1.1454213932373043e-05,430,2012Q2
01/06/2013,SOUTHAFRICA,-0.0003396103242840603,0.05919565418857825,-0.004872094530921366,0.05556555166977959,0.022083878611493444,0.015270614156510964,0.04523954255787541,-0.004632254903097444,1.153573728544311,-0.0007873567454958306,0.022184199941106535,0.013969658324640352,0.0139700751505236,-0.009023058894077937,66893826288255.555,-0.009022691607665034,1.8276624756616348e-06,490,2013Q2
01/06/2014,SOUTHAFRICA,-0.002812696516295586,0.0646772443728448,-0.010147562167016061,0.04099693627843043,0.013682003643802806,0.012538182398246792,0.03922623328560616,0.000588087903546242,1.0959288211327962,-0.004871191569514505,0.014889867799710944,0.01201168842164017,0.012012699480346075,0.01596287557518251,9540787734428.643,0.01596084218650263,1.4932540835974579e-05,550,2014Q2
01/06/2015,SOUTHAFRICA,-0.011222005290028609,0.2668448737089006,-0.021870540800755518,0.03837086432852884,0.008381249178832963,0.013323483787170878,0.044633801365856623,0.10218708993725127,1.205173177409602,-0.011221886574678416,0.009002759150530207,0.013651772345627205,0.01936707634460108,2.061315183381372,102.81943609654331,0.8997156537943719,2.049740964050934e-12,610,2015Q2
01/06/2016,SOUTHAFRICA,-0.01014571127667726,0.1825969709691935,-0.014482871626527635,0.03899119492707709,0.010251589626854955,0.01188755287373787,0.04177080954688535,-0.011039690622480523,1.2188564016030476,-0.010145710905137035,0.010061641251930143,0.012924089009956305,0.012475015709299325,0.602944863803329,9.261893051524895,0.5163489034946238,1.8564026698500218e-19,671,2016Q2
01/06/2017,SOUTHAFRICA,-0.008014445020432132,0.1620939212248109,-0.00999864885830089,0.03534146967736597,0.010143698130835044,0.010043603905692,0.035593912049452746,0.08743830849928062,1.2976375665299533,-0.008014444854083794,0.009757943099164475,0.011042288459347566,0.009602559989178328,0.02608542527750065,8.19441620958447,0.026076554897982718,2.1805615019700017e-19,738,2017Q2
01/06/2018,SOUTHAFRICA,-0.01740050360434158,0.3087493500004248,-0.020041468746841068,0.03190341890138501,0.0051226513925817715,0.0110402264835234,0.04209379626864649,0.0017203620445639344,1.372068667489296,-0.01740050401883077,0.0047820505341187175,0.013851623101887986,0.010865660391402427,-0.5475677809079255,4.364909901205529,-0.48028002961952654,4.50990858777144e-19,806,2018Q2
01/06/2019,SOUTHAFRICA,-0.008798227683479634,0.18328071709571062,-0.012482582572631061,0.035079648719250234,0.009558456755623106,0.009926366214822634,0.038473713268256694,0.0740396665016287,1.3437984087734216,-0.008798227927639955,0.009649863207459137,0.012901108573566949,0.009389400892259094,0.39082800599909867,3.9585495087709175,0.3640145683521884,4.204743013554795e-19,874,2019Q2
01/06/2020,SOUTHAFRICA,-0.22770841821674442,1.0,-0.2450507468080433,-0.12846531503112846,-0.18021451834796987,0.02315094606012396,0.09604103675751569,0.6946782123160198,1.3560703805347774,-0.22770810771479344,-0.17696795790819467,0.037953899416821354,0.02134299491862994,-0.4583994427518645,2.838953931810828,-0.4167043733368116,3.0633523802991966e-13,942,2020Q2
01/06/2021,SOUTHAFRICA,0.12405094075440223,0.0,0.08774402755902702,0.1701871681422222,0.15432357343186942,0.014368548183666613,0.045707913628262875,-0.20920434324564197,0.8489820108726628,0.12911224201269558,0.15208842851444143,0.013973487075676982,0.01389877287460035,-0.001254230995065088,187.5098191699528,-0.0012542300085537541,0.00010767206768791259,1010,2021Q2
01/06/2022,SOUTHAFRICA,-0.05364137584473164,0.38881502050798583,-0.06846522560149472,0.058793889296427974,0.002065097618077699,0.018327681044759486,0.09634010782570823,-0.03863307296636587,1.8216023460141562,-0.05295522073781427,-0.001335512017575334,0.08968789437279297,0.019899850867842225,-0.7714138094436502,2.1000000000000623,-0.610796126608333,9.263913376455979e-06,1078,2022Q2
01/06/2023,SOUTHAFRICA,-0.0015663576859701253,0.06082803861682538,-0.005344333519920502,0.07290203370897468,0.022827142065104163,0.010548189644978057,0.049890330919606034,0.08517851514627602,1.488407232460423,-0.0014704344396480934,0.022611664124225026,0.04363636446450307,0.009554376668248737,0.2879485756933425,2.1,0.2767055524237906,2.647481186124175e-07,1146,2023Q2
01/06/2024,SOUTHAFRICA,-0.014820895864364459,0.23974090407779805,-0.02261981732539283,0.061964134372391594,0.009968658840717726,0.01226198902539979,0.05440675512657825,0.16352580659289945,1.50156337790637,-0.014835829192857893,0.010762975867987919,0.04949753873536052,0.010911468432266452,0.54519491067865,2.1,0.47867643441245145,6.826451033714007e-09,1214,2024Q2
01/06/2025,SOUTHAFRICA,-0.004009915068096361,0.09142701782792041,-0.01346577000929467,0.06472246494829588,0.016052544948101887,0.011053059826982653,0.04760733661470873,0.19914746324579433,1.4436849666090368,-0.0040608955151940854,0.017398850407477663,0.04601137217425273,0.010246250799293092,0.9103981151490008,2.1,0.6732018600402333,8.409075033769762e-08,1282,2025Q2
01/09/2003,SOUTHAFRICA,0.006763010383101946,0.0,0.006187703413020732,0.03834416105244558,0.02278254815156626,0.010262018675972685,0.03158115066934357,0.322284976085698,1.656224907512235,0.007645637404715208,0.02359329794657324,0.009694773168480268,0.009695024377406887,0.00902305888004374,140111926922.3403,0.009022691593632552,4.662692230017932e-06,55,2003Q3
01/09/2004,SOUTHAFRICA,0.05233113694501035,0.0,0.04598147240045943,0.08302398165878552,0.06012999277344516,0.00782648494579077,0.028380400977393666,0.1071566027646385,0.8378428692381678,0.04891786577186533,0.06308867668879553,0.00884890454152109,0.007489736907082264,-0.00037319724642850675,7.05212434431105,-0.00037319722043976515,4.7117763708468864e-05,84,2004Q3
01/09/2005,SOUTHAFRICA,0.04629934057092492,0.0,0.04075725584772132,0.07486940324244279,0.055052225755329545,0.0060495215968891175,0.028239477451612656,0.43350549559488655,1.0727534223704611,0.0463646730882492,0.057316025330209866,0.031828764612577096,0.007232289793917233,2.78517092958898,2.1,0.9411737090954692,2.4079002201353125e-07,113,2005Q3
01/09/2006,SOUTHAFRICA,0.0397742351390992,0.0,0.03961534402473661,0.07092936324258746,0.05367330345019737,0.006743657718234705,0.030697531929052606,0.06009721910104292,1.5558297530050496,0.03979471043092183,0.05424826697956995,0.027772847010873507,0.006118350673419688,0.5224542631943571,2.1,0.4630641525201192,1.2130069081828535e-08,145,2006Q3
01/09/2007,SOUTHAFRICA,0.03285410998426505,0.0,0.03192686882513419,0.07038936911232675,0.05118898945941776,0.008368123854073326,0.03581822368852898,0.14294610027060603,1.320737234467532,0.03285411002080892,0.050982856248078245,0.016019687475834894,0.007285803190666108,-0.10077539418054418,2.5196138909339334,-0.1002675378122357,5.039341064976267e-20,183,2007Q3
01/09/2008,SOUTHAFRICA,0.008084407889489015,0.0,0.007744478916481923,0.04485083346683608,0.024228457384087104,0.01077570197558785,0.036478662660547084,0.1598126547145564,1.219338394638719,0.00808440785528035,0.02519760130350552,0.011159830229605126,0.014004108349385305,1.386773019627952,27.72099959739852,0.8111116135700382,9.509506872046294e-21,227,2008Q3
01/09/2009,SOUTHAFRICA,-0.0580731815083186,0.9162944365537252,-0.06729912588119946,0.0074421924101638745,-0.02506238367811285,0.011273893403358921,0.06110327050556899,-0.448047167249764,1.8607233141202975,-0.0576088936362778,-0.026642962362667794,0.0527870756578302,0.011552414744013188,-0.2651407829445596,2.1,-0.2562853879988597,4.5368554560202245e-06,275,2009Q3
01/09/2010,SOUTHAFRICA,0.009937917409071814,0.0,0.003884429209790553,0.061573165863127825,0.03409482089640111,0.014313961080673192,0.045973430815986614,-0.13939018373816403,1.3168823963994698,0.010230355527257314,0.033297780262742875,0.014022968586688375,0.014024104375497618,-0.015963071082747228,9442024.02886888,-0.015961037619363305,6.449984151599299e-07,329,2010Q3
01/09/2011,SOUTHAFRICA,-0.022360289662829182,0.2378921983869004,-0.04141739978615109,0.0450728093825375,0.012694530143365104,0.01998312205867619,0.06533210949298984,-0.011717184859739303,1.3382516679779022,-0.02030408143065521,0.012394708331706784,0.01987926843239496,0.019859537387149514,-0.01747513129493239,918.2893207954088,-0.01747246362624147,1.7451918490092698e-05,385,2011Q3
01/09/2012,SOUTHAFRICA,0.010087102300331621,0.0,0.006425295163991672,0.05449923093524429,0.027770465465797006,0.014041992654208479,0.03992654846213173,0.020513925330153077,0.983030191793097,0.008108536379170918,0.02850916327770781,0.01241030153784914,0.012410726479377883,-0.009023058893907508,126563465441120.6,-0.009022691607494625,1.2159460972397208e-05,445,2012Q3
01/09/2013,SOUTHAFRICA,0.0075400835147590856,0.0,0.00010208573565286677,0.05427625575142392,0.02553963275010704,0.013638249044185188,0.040422522895634624,0.08260898571702588,1.0889094105898682,0.006059551778447336,0.026591157197805394,0.012481347330206935,0.012481664040274369,-0.009023058893696834,9000984235977.424,-0.00902269160728398,6.809907546407473e-06,505,2013Q3
01/09/2014,SOUTHAFRICA,-0.009068096871102216,0.19922926717815978,-0.01959269108202131,0.03954114666671183,0.010605534835915411,0.012863393197271067,0.043988540588520086,0.010665961331228544,1.169775722712647,-0.009068096804570689,0.011031361574436589,0.01352593731115201,0.0173121255583067,1.655865343723709,19.20745280665533,0.8560113170368592,2.820256881874336e-20,565,2014Q3
01/09/2015,SOUTHAFRICA,-0.021094522865821298,0.3650354215600779,-0.02902699877398271,0.03769263798277325,0.004761778780698512,0.014281093583799517,0.05317883607305403,0.01584428630212572,1.3295495089633302,-0.021094522741557147,0.005169131882949814,0.017018816795359357,0.013365576863784,0.14612752243934007,5.124897624984362,0.14459192271154936,2.3758430528373987e-19,625,2015Q3
01/09/2016,SOUTHAFRICA,-0.014388718137715036,0.34846971567538226,-0.017533615409686485,0.03204968977830126,0.0050191951617309175,0.010924036381316936,0.03945633462290629,-0.028164273728208438,1.2071701628008977,-0.01438871750906405,0.00461678422162066,0.012378382938233581,0.01106453707584854,0.5268892598083155,6.6584778021951685,0.4661436850939642,4.371288705961472e-19,687,2016Q3
01/09/2017,SOUTHAFRICA,-0.003235419332633412,0.0916476161949219,-0.004226386121451223,0.037161107491731536,0.013204508540456968,0.009527216322171418,0.03391591108657484,0.031386220090125906,1.2107231635580062,-0.0032354196512227712,0.012857907945698927,0.010568999912593026,0.01037044817707672,0.7913112716406838,7.872314801243229,0.6205316084711427,1.4235116721904427e-19,755,2017Q3
01/09/2018,SOUTHAFRICA,-0.00303918702387845,0.08253382492549974,-0.00452742665634643,0.041265064590032575,0.017806941018467626,0.010393715843368597,0.039684626260022754,-0.03864653586197206,1.3133470729987433,-0.003039187478261648,0.01766991514565945,0.013058424387856237,0.010009001358938485,-0.4430647518434397,4.326276104298587,-0.405084842077856,5.089141704592911e-19,823,2018Q3
01/09/2019,SOUTHAFRICA,-0.02356990707446824,0.6467707276662079,-0.02641820986941248,0.024704512840408033,-0.0035812092422480464,0.01001308008337197,0.04131787877033502,0.1351608005503824,1.3856640271484613,-0.02356990697932567,-0.0034872406076013234,0.015817218208696752,0.008960385350346656,0.22870472200311928,2.9182925186057873,0.22294828662579552,2.6505286385485024e-19,891,2019Q3
01/09/2020,SOUTHAFRICA,-0.0935489202174683,0.9553837808637465,-0.10692670035339286,0.013958691745264946,-0.05069650280160942,0.02118512315428038,0.08971787933343747,0.3166139275754513,1.483546748292658,-0.09354892054461303,-0.04974111463132656,0.03803614992439023,0.01864997312465787,0.19062705446975808,2.6234747090004955,0.18725511285473323,4.670936285165747e-19,959,2020Q3
01/09/2021,SOUTHAFRICA,-0.019430781714371865,0.10819404619301123,-0.03201822090964268,0.07689485787272168,0.02624442236599883,0.014235420784682418,0.07774097530624506,-0.08529586271852117,1.7112279841489932,-0.01875394311066233,0.0232097293138221,0.0733489755982034,0.016318329398790455,-0.8722840510355674,2.1,-0.6573446268387976,8.988000292272868e-06,1027,2021Q3
01/09/2022,SOUTHAFRICA,-0.04241583306480487,0.14176203300478057,-0.05899383972699294,0.07307920306138482,0.02721009733824626,0.01852213834009143,0.10855196616381385,-0.23077978065231894,2.054995991502314,-0.041035145638549334,0.021774768282792303,0.11495108005925443,0.02599676768672387,-1.917036161014881,2.1,-0.8866214081899515,3.48630290428059e-05,1095,2022Q3
01/09/2023,SOUTHAFRICA,-0.021761006711677112,0.44123665484257363,-0.028316655054775187,0.0628825732526601,0.004664500903693478,0.013057860275142991,0.057894762908225615,0.1614626510461828,1.405476876027632,-0.02177632210855807,0.00529272857396474,0.05309411115779455,0.011721724598141133,0.5962764760096531,2.1000000003265926,0.5121422493166167,7.1555232886375e-09,1163,2023Q3
01/09/2024,SOUTHAFRICA,-0.009289750087716288,0.1818499658595818,-0.018266738333326562,0.06368728196170612,0.011909446549840618,0.011648634312416648,0.05066970005006244,0.21763579022834878,1.4540081086210812,-0.0092897502040956,0.013055433965217873,0.03205842901998664,0.011422204561692307,1.0084394974995643,2.2593870087525643,0.7100717872856721,3.4037827130722525e-20,1231,2024Q3
01/09/2025,SOUTHAFRICA,-0.00022268199837936764,0.05197287122505033,-0.00962799049813102,0.061692487340480585,0.020278039113140765,0.010792725313789022,0.047532422677471216,0.1647657304023489,1.5075831610604642,-0.00024292347287854354,0.021651036310698382,0.04448983319201694,0.009857323729126316,0.7203961774648736,2.1,0.5845164098747662,1.1852150895107472e-08,1299,2025Q3
01/12/2002,SOUTHAFRICA,0.03223478406299555,0.0,0.03223478406299548,0.054271455662898024,0.04262837200913556,0.004378935601429104,0.02010639846914712,0.7075216851464268,2.746411200524885,0.03225626667769327,0.042746074458907116,0.017917163878816828,0.003936051618120946,-0.4221991651790099,2.1,-0.3889540093172908,9.823760031512242e-09,40,2002Q4
01/12/2003,SOUTHAFRICA,0.004457048652893043,0.0,0.004028574934083418,0.0350558885846287,0.01857381516276027,0.009815973482356181,0.030598839931735608,0.13479623685878844,1.760307698125241,0.004105143145899919,0.019526091654594964,0.009374959175215155,0.009375718657355028,0.01596303930049955,11274317.744359175,0.01596100584925985,4.1794958181527236e-07,62,2003Q4
01/12/2004,SOUTHAFRICA,0.05809083561499914,0.0,0.05468251041714781,0.08446847946315064,0.06500738331442915,0.0034470365640274525,0.025799556797835563,-0.18987347924922376,2.7026898335741345,0.0572820139891252,0.06645732165418591,0.03118485189534094,0.007124775386343747,148312.0144428766,2.1,0.9999999999772691,1.0377833286295589e-05,91,2004Q4
01/12/2005,SOUTHAFRICA,0.037869951587874255,0.0,0.03557557950832554,0.06983537223515322,0.05082970203253859,0.00695441996707247,0.03133993429719369,0.1509884931827009,1.3408199474027567,0.03789034185993924,0.051825096607977496,0.030557598333198713,0.006818387652217537,0.993223960935661,2.1,0.704698873318804,1.3251823424453929e-08,121,2005Q4
01/12/2006,SOUTHAFRICA,0.04702916678168763,0.0,0.04622640687763837,0.07980987730646726,0.06083316737104406,0.006201165803704791,0.03175151259281281,0.1655835453413373,1.2527705290110505,0.047184461519293626,0.06150206167776201,0.029733833395353716,0.006601847730439588,0.7966084328458074,2.1,0.6230761755305743,7.383376873436092e-07,154,2006Q4
01/12/2007,SOUTHAFRICA,0.03231825845458657,0.0,0.03117294840297951,0.06812554929287308,0.05031552380701651,0.008512073068220827,0.03562845521346187,-0.05810703582953116,1.350339293692866,0.03231825836479856,0.04987661815750362,0.014299506300667144,0.0074966266685261955,0.11705239965004478,2.752967061443287,0.11625866385828464,8.415267407632764e-20,194,2007Q4
01/12/2008,SOUTHAFRICA,-0.024057592240664224,0.26483862392726504,-0.03337091055763858,0.03845208289610447,0.0033873520977184255,0.010968632005228013,0.051016635249697295,0.5220812967699534,2.0806785145848377,-0.02395100979890913,0.0038742160802891085,0.048594189556960925,0.010806928372009174,-0.8576713387880607,2.1,-0.6510225935285766,2.2768655436298815e-07,239,2008Q4
01/12/2009,SOUTHAFRICA,-0.03620002196179855,0.656717282285423,-0.03700052574471624,0.025050899392479807,-0.004642386487612722,0.011552704422986011,0.059746782269198585,-0.09899356401481095,1.984590468954565,-0.035850180121593134,-0.005390798193720571,0.05191898912533039,0.011368467170500678,-0.2902658016082592,2.1,-0.27875990488800106,2.570602158624138e-06,288,2009Q4
01/12/2010,SOUTHAFRICA,0.020779120407689505,0.0,0.017756709128355596,0.06510334170524786,0.04090751729005533,0.01120952272484123,0.03896201147108878,-0.14931532435796965,1.2484913050348767,0.020779120391090544,0.04037796662512866,0.01199503617653175,0.010909749681235625,-0.15082681990239616,10.878831351595053,-0.1491399866687788,2.174300232734922e-19,343,2010Q4
01/12/2011,SOUTHAFRICA,0.003459586440510835,0.03508430201114011,-0.0023389796793829506,0.05327769919692671,0.025877049912810136,0.01373315829444054,0.04623531162609705,0.030591817255473743,1.2633892473475998,0.003066725561203271,0.026185148773260468,0.014107974880008515,0.013538211742393353,-0.005468006145292906,25.265950354933885,-0.005467924402918695,6.19673560835602e-07,399,2011Q4
01/12/2012,SOUTHAFRICA,0.005887075077404234,0.03347950222196774,-0.0030216684067546247,0.052025717789148294,0.023926924684044747,0.014130910246099162,0.041621812397731946,0.0867389973599836,1.0698347852541297,0.004077289960570414,0.02524080399350576,0.012864342204465546,0.012864655162993944,-0.0090230588938122,10739681642405.234,-0.00902269160739933,1.0225266835278448e-05,460,2012Q4
01/12/2013,SOUTHAFRICA,0.012456340179413206,0.0,0.005214487038981461,0.05575426641265637,0.027709015718520892,0.012267734457601879,0.037074383497420066,0.04134692336475516,1.0573377196311255,0.01027564931762677,0.02904877448269174,0.01141286799626692,0.01141316365589531,-0.009023042573443397,119321930.50462577,-0.009022675289023419,1.5898016445998012e-05,520,2013Q4
01/12/2014,SOUTHAFRICA,-0.0072242179784557815,0.14436673853970008,-0.020395227998516174,0.04273098618681538,0.012695312259652862,0.0130867274696879,0.044565865867246694,0.06627296996055457,1.2278080887696616,-0.007224218090700154,0.013287473343946863,0.013675090465212257,0.01755306713141523,1.6016436114322619,22.491122632614697,0.8482427275825598,1.8147448069089253e-19,580,2014Q4
01/12/2015,SOUTHAFRICA,-0.026637866510085106,0.5001020247926844,-0.027291405328248884,0.029228282900946055,-0.0003329082649886428,0.012746067647923923,0.05440864501812089,-0.0461282609259735,1.3087307463722162,-0.026637866281432408,2.5804134320521217e-05,0.02402258039711183,0.011152813779646716,0.1626219664118008,2.544034804803847,0.16051335606729542,1.2432903536544224e-19,640,2015Q4
01/12/2016,SOUTHAFRICA,-0.018988726851869482,0.49358992258290707,-0.022119623195305912,0.028219494875437724,0.0008331254593008683,0.011097738707194823,0.03858270790406387,-0.006768948715585952,1.2996042642264378,-0.018988726880504722,0.00024624255580575345,0.01187895622052663,0.010743630853540364,0.07330569107853174,10.831594487001846,0.07310951906779,1.0334017155789963e-19,704,2016Q4
01/12/2017,SOUTHAFRICA,-0.0075288757388889925,0.09919629601279534,-0.007707829028662778,0.0375553118323058,0.013830555798877629,0.01019377765925774,0.03913022614852228,-0.05432793890106803,1.2760159717925141,-0.006458921678097592,0.013091055847423915,0.012867932149176222,0.009365134582058468,0.003696043835800435,4.252356645253334,0.0036960185907120835,4.518163038551478e-06,772,2017Q4
01/12/2018,SOUTHAFRICA,-0.009042276702336226,0.13196562361221664,-0.013578884175945135,0.049270915828709023,0.015339072305662314,0.012863421781134516,0.05237964630411187,-0.008993416725470726,1.4058631393001415,-0.00904228661775316,0.0156526676695513,0.019486692455108545,0.012011218663531225,0.47246177542794404,3.0815918374614357,0.4271834000117706,3.245041449784203e-16,840,2018Q4
01/12/2019,SOUTHAFRICA,-0.024116172632448935,0.767073794558371,-0.02836430313224406,0.01794853930200084,-0.006754725250009228,0.008845772641451017,0.03431392084550536,0.17113948924044434,1.4712329015259367,-0.024116172818663618,-0.006770408555907612,0.011479150870054551,0.00808207908952515,-0.10586564397988125,3.944613590139948,-0.10527733804873522,7.140940897626553e-20,908,2019Q4
01/12/2020,SOUTHAFRICA,-0.05740018761975685,0.8753744543805957,-0.06553724522212925,0.028612433414858748,-0.023268867930057648,0.017482837468521518,0.07178784041531666,0.2390843160262442,1.4746809327288988,-0.05740018765343884,-0.02274391279514754,0.027120743460026832,0.01578438508999196,0.28381927529497697,2.9787607361682147,0.2730352836932011,3.054983426128331e-19,976,2020Q4
01/12/2021,SOUTHAFRICA,-0.009923629627494737,0.10432379160665292,-0.019107859987448544,0.07194742104844332,0.02046904451459503,0.012027054318648317,0.05891543564043773,0.07568085185145376,1.5802896309001373,-0.009726793144114123,0.019706149365173405,0.050612382313368655,0.011046089916345328,-0.05688039827631765,2.1000000000000933,-0.05678860611006031,9.533541886834794e-07,1044,2021Q4
01/12/2022,SOUTHAFRICA,-0.022237632483027778,0.2053511697790805,-0.03360163543915272,0.06952084501725474,0.013123447809472534,0.014022805180958204,0.0691506519373063,0.08016424210357334,1.667648085675562,-0.021984882430744493,0.01249867120689556,0.05935976019317104,0.01295447085764548,-0.04422495818991337,2.1000000000226033,-0.04418177290317234,1.5155267167656027e-06,1112,2022Q4
01/12/2023,SOUTHAFRICA,0.0013850546908142775,0.03986322930848028,-0.00203086230327585,0.07256054826537606,0.02118810970572785,0.01003449551445579,0.04397274804285709,0.14415529925743223,1.387206658635042,0.0013610332390772072,0.021494647503623728,0.04151533569252215,0.00921141292868314,0.771556471339053,2.1,0.610866935800482,1.8567331461566924e-08,1180,2023Q4
01/12/2024,SOUTHAFRICA,-0.010984649199474016,0.19997120759069364,-0.0203749739017717,0.06290900507300465,0.011431589582149845,0.011985416719022795,0.051282627761441046,0.19581989612001935,1.470049639820783,-0.011058952214220711,0.012563590879751285,0.048264636380155365,0.01069941752727597,0.7394697905967987,2.1,0.594567503572912,1.8089075187664133e-07,1248,2024Q4
01/12/2025,SOUTHAFRICA,0.0034490561686930446,0.038572646277536746,-0.0040965581801327075,0.059364434884268485,0.02065178566866061,0.010062538945825384,0.04273431840685796,0.1899164527575599,1.4371531421193238,0.003385811817758805,0.022294730847350765,0.04239407600918947,0.009477235010908561,1.077806429660805,2.1,0.7330716153394462,1.2655167586590174e-07,1316,2025Q4
01/03/2003,SOUTHKOREA,0.029593771803890154,0.0,0.029593771803889952,0.08095377784419791,0.05190997901779036,0.011633294593065061,0.0387364545678653,0.7424973861186451,1.8371035397464905,0.028998363789693574,0.05181046105207772,0.041007634755813205,0.009221467678752766,-1.4061603414756334,2.100004761964492,-0.8149378730603543,6.56423828158814e-06,45,2003Q1
01/03/2004,SOUTHKOREA,0.03874497313182834,0.0,0.038442475799574286,0.07304585143350445,0.05599534583228064,0.010634091695422785,0.03381635616903536,-0.027952215853126173,1.793186604699709,0.03861478276847137,0.05560666834884411,0.010329981060103043,0.010333802415629648,-0.03484872439717494,61039.47522730705,-0.034827582920641746,1.0651624241965282e-07,70,2004Q1
01/03/2005,SOUTHKOREA,0.016393165303930455,0.0,0.014889905950130266,0.06021853536371184,0.04011651021595135,0.014432371407443363,0.04298553638019949,-0.11562961053980345,1.3044910483659287,0.017316456545775752,0.03913307123639885,0.013262610591651892,0.013263233474583143,-0.016027079426298167,28750.324517132318,-0.016025021406659387,7.670495480446808e-06,98,2005Q1
01/03/2006,SOUTHKOREA,0.035106810621632206,0.0,0.03428072236783899,0.06861337709617303,0.05346616264790034,0.009401119813030712,0.029537436647964183,-0.2179748922164489,1.5671394951147264,0.037661151998574977,0.052530223093664966,0.009039089633730598,0.009039819415510741,-0.0159635576830002,2706310.840567486,-0.01596152403367689,2.832218925435717e-05,129,2006Q1
01/03/2007,SOUTHKOREA,0.030646381759578938,0.0,0.030604714083159585,0.07821354963394307,0.052704767284239104,0.010861424824656208,0.039496115122651845,0.4152413937765006,1.6380127373181086,0.03064638173662942,0.0534018087932552,0.012731605452702284,0.014171962365317061,-1.9944561316611,6.221567569199191,-0.8939296783732884,4.049199878221777e-19,163,2007Q1
01/03/2008,SOUTHKOREA,0.026700394717488415,0.0,0.024771982911223518,0.05686992600729931,0.042938216381508215,0.013287846556370218,0.029076179738737228,0.098041020856569,0.6137424390804258,0.026968532238634574,0.042560458253495366,0.009478510105868598,0.009478755802284907,0.009023058874762287,104262806630.27124,0.009022691588351743,2.2406599244447824e-05,205,2008Q1
01/03/2009,SOUTHKOREA,-0.05011889316470827,0.34730068135650405,-0.05016562418161157,0.050629429708527095,0.0022875661603558037,0.020521012331942094,0.08444450300163675,-0.29194611418985317,1.6329432528678718,-0.05011889205367503,-0.0014916093149683722,0.03506328992018838,0.021989268958191827,-1.3052134386728507,2.853566196360076,-0.7938012050471636,1.3674587792101133e-18,251,2009Q1
01/03/2010,SOUTHKOREA,0.0359410946954464,0.0,0.03299245600580864,0.08257839725370332,0.05865367535658886,0.01058570764979926,0.041636757934916405,-0.1498737959350616,1.3615275211831954,0.0359791482485323,0.0579493674473929,0.016489066337640704,0.009216570526822872,-0.41089847413055325,2.8385196996598494,-0.38006462568899185,2.90563823651849e-07,301,2010Q1
01/03/2011,SOUTHKOREA,0.028975960630831486,0.0,0.023801095778613578,0.08141584323742085,0.0522884273467434,0.013750845506967315,0.045677784911453696,-0.0605387026273584,1.2719984927432724,0.028975960544658213,0.05188738160811457,0.01390388833153788,0.014059244617421059,-0.3091065096661222,59.16569176443966,-0.2953198758026005,1.5359866557499837e-20,357,2011Q1
01/03/2012,SOUTHKOREA,0.021358565094998613,0.0,0.015578021163535126,0.0707405366342008,0.04171147323717058,0.016841396507377076,0.04671019933646832,-0.05391720829466668,1.1169797844795415,0.018610808893991432,0.04258324934858825,0.014578456182710548,0.014578892872852424,-0.009023058893899094,110720021167353.23,-0.009022691607486215,2.3451114683379963e-05,415,2012Q1
01/03/2013,SOUTHKOREA,0.023277314359302803,0.0,0.016078220229913565,0.07188820036773395,0.04033599814785802,0.015948964925089563,0.043419643239894334,0.01609606061859286,0.9072900738848916,0.0198712510895123,0.04223195007734287,0.013593863555121098,0.01359912279588288,-0.03488214680461827,5604261.284068973,-0.03486094447820357,3.624792246444103e-05,475,2013Q1
01/03/2014,SOUTHKOREA,0.030336681511280675,0.0,0.02018880612762214,0.07648560981625407,0.04578061451816377,0.012802702375468216,0.03965245123437498,-0.022662150917603024,1.0967446969149717,0.02755727416982353,-204451.59923857579,,0.012161026137884647,-0.009023058893190702,1.090732938018211e+19,-0.009022691606777907,2.7518120299487307e-05,535,2014Q1
01/03/2015,SOUTHKOREA,0.020571645788303516,0.0,0.010214316065609783,0.06700213350553684,0.038341913524859994,0.012753018994845867,0.04249669742138466,0.07066032726352971,1.2067876197586769,0.020571645820332742,0.03888709689019436,0.013115174044077652,0.019606500338499745,2.957928098374027,63.3129971851789,0.947327261196344,3.949032354746821e-21,595,2015Q1
01/03/2016,SOUTHKOREA,0.020266000773257353,0.0,0.015558270843639338,0.06657010250157867,0.039168486741998625,0.011915235819316156,0.04015322765200426,0.0223631403963008,1.2006251110488688,0.02026600071218671,0.03914040550255276,0.012267105623124991,0.015635295346748377,1.4108994464510203,36.97402590103607,0.8158572816465232,1.0458377473586543e-20,655,2016Q1
01/03/2017,SOUTHKOREA,0.023123778921012195,0.0,0.01933537069988938,0.06670372458148717,0.04088702361127752,0.01073531191324835,0.03707891199080623,0.05499687156773282,1.2428760673474517,0.02312377891047803,0.040707144275340376,0.011409388747075967,0.012651433996977619,1.0228786247590018,13.070825629917739,0.7150583808226934,4.730016112328714e-20,721,2017Q1
01/03/2018,SOUTHKOREA,0.015328548510759304,0.0,0.009116048040438411,0.06887290588731958,0.03746073084860135,0.011601612634584995,0.04601469156704645,-0.017980256411829633,1.362357863150009,0.015328548432949354,0.0374018301679774,0.016020912913379436,0.010779309528967149,0.35820564418986406,3.5012973086370422,0.33722359898363785,8.438659588565042e-19,789,2018Q1
01/03/2019,SOUTHKOREA,0.011073408556607335,0.0,0.009275821549845974,0.05737232599350519,0.031099756195231622,0.009931352099361806,0.03922190011232312,0.1278857932407048,1.355352908089836,0.011073408869464051,0.030944456206010187,0.013491836530367961,0.008999914470625094,-0.11963330871164093,3.584312462881714,-0.11878628631797704,2.3395371983473606e-19,857,2019Q1
01/03/2020,SOUTHKOREA,-0.026900218208650573,0.22456009314780284,-0.047554993554348515,0.0738909345309799,0.01722256128758035,0.022207268030529786,0.08830692102572557,-0.09403791467538744,1.5332060599471518,-0.02690021780531875,0.017515583691487778,0.030742651909536334,0.019995677725394647,-0.05259723710859888,3.463262434299696,-0.052524633393665934,1.293581450164579e-18,925,2020Q1
01/03/2021,SOUTHKOREA,0.007002833936967008,0.0,0.0004672609783673635,0.0764310247229838,0.03392399904809087,0.014455768477279423,0.056545909406623664,0.23265321286908502,1.3356194498725815,0.007002834055136032,0.03407885445554942,0.01922740435946874,0.01360316123348256,0.38994009920964023,3.762883800257106,0.3632968357820098,1.1476384201553372e-18,993,2021Q1
01/03/2022,SOUTHKOREA,-0.016470931957984096,0.1114785953593059,-0.026046163120824264,0.08108057311235738,0.030215841618184133,0.015726017086981334,0.08095513809696955,-0.06409756293821331,1.7438696504148068,-0.015968238737057792,0.027099719518768307,0.07446627200188988,0.01648363554203192,-0.6876095394226867,2.1,-0.5665901122429058,4.970844549751793e-06,1061,2022Q1
01/03/2023,SOUTHKOREA,-0.019150700764333638,0.13364315334490434,-0.02033939519579026,0.07692946515096291,0.020098917459363895,0.01537535801780811,0.07360905120876476,0.11800065029939912,1.5420276700606996,-0.0189585202318974,0.018332039412381602,0.06369067669379161,0.01391653460703414,-0.17469795029129537,2.100000000000015,-0.17209162243130868,8.319158772293163e-07,1129,2023Q1
01/03/2024,SOUTHKOREA,0.023799636015152024,0.0,0.02027164194833934,0.08997778335153427,0.040097120752860926,0.010584588595234158,0.04285577970424207,0.26751753702777864,1.2963022568458777,0.02379963497272329,0.04042613682941079,0.01839250377545893,0.012539750472832126,2.407459650239568,2.9014586556390896,0.9234996652181097,1.413605724704458e-17,1197,2024Q1
01/03/2025,SOUTHKOREA,-0.02478779044828469,0.23267068704082017,-0.028628580020121558,0.06955991861849486,0.01372329868232908,0.016475121107598908,0.07426081964343187,0.12482011133068285,1.578850289929689,-0.024780906796872785,0.012787666488738022,0.06434503215081275,0.014049238788081063,-0.11468091126857535,2.1,-0.11393414407371763,1.0870483905806108e-09,1265,2025Q1
01/03/2026,SOUTHKOREA,-0.05967923919639949,0.20156758222147422,-0.06135596387956245,0.07859622711774354,0.02082797120045437,0.021796873101447598,0.11934479700361153,-0.15572259501671895,1.9714513141044825,-0.05831600056735904,0.013176109282910263,0.1330672690144343,0.030236958077444944,-2.7924044747614953,2.100000000011143,-0.941451877730637,3.0590519000955145e-05,1332,2026Q1
01/06/2003,SOUTHKOREA,0.019065168800498637,0.0,0.01906516880049862,0.0763356748061797,0.044936216858497594,0.009544426255305138,0.04614477751453626,0.18213043017636113,2.571427413172341,0.019240195513081277,0.04448459215397308,0.04425065512296956,0.009856571316974589,-0.9202884843353631,2.1,-0.67717148900941,6.225467855993248e-07,50,2003Q2
01/06/2004,SOUTHKOREA,0.04319386882395869,0.0,0.04149120546267903,0.07690953489638458,0.05950189053512945,0.009025413498692115,0.03206392630177629,-0.01031048729033298,1.767585652588376,0.04319386881816644,0.059174831873827945,0.009958371366530765,0.008624092927223602,0.058508467263304484,7.951740674056921,0.0584085793610935,1.197409899939316e-19,77,2004Q2
01/06/2005,SOUTHKOREA,0.026335775622947408,0.0,0.02376368155584412,0.06525150389034771,0.04604052353637308,0.013344142101871535,0.037688669804211414,-0.10625031659695258,1.2180263540604186,0.02661295763108653,0.045922689344011454,0.011728237239599416,0.01173369656226942,-0.040194673217855456,67584853340140.22,-0.040162243015260154,4.872260763842973e-06,105,2005Q2
01/06/2006,SOUTHKOREA,0.030198900300105087,0.0,0.029205252290404552,0.06271366135294293,0.048346155167377086,0.009881447049761011,0.032222519664338214,-0.1687046210235525,1.5578805157517401,0.03224967252426534,0.04839310090198302,0.00981988707239496,0.009737849176633936,-0.0069459325135356985,119.98462994454515,-0.006945764962943112,1.7355379768491884e-05,137,2006Q2
01/06/2007,SOUTHKOREA,0.035979041398195036,0.0,0.03322370604226499,0.08343054544366285,0.055848972045869846,0.009726669313632166,0.03894654722640398,0.5344589203489962,1.4875332414337623,0.03597904080238623,0.056730115452367155,0.01393386970093318,0.00932353175679489,-0.5608151427655168,3.3318473619268993,-0.48914451256511093,6.356989543050211e-19,172,2007Q2
01/06/2008,SOUTHKOREA,0.024068089001373773,0.0,0.02355783401750318,0.06346420556110399,0.04365689979753478,0.010420727968888602,0.03545566225869261,0.10453582384347303,1.1717570033121234,0.024068088951165727,0.04354528703304748,0.010900659164592715,0.014615085768779295,-1.9235124641991153,24.0648727808854,-0.887259558738402,1.5075242129266773e-20,216,2008Q2
01/06/2009,SOUTHKOREA,-0.014676014112117126,0.13460960003281344,-0.023252906650076476,0.04827596453980007,0.019731645751433373,0.014255220930664747,0.06230163488645972,-0.36778285750902134,1.873964771847082,-0.014676014216730536,0.017807212135171373,0.033865276094179726,0.012591575955901166,-0.3609395537314254,2.311616403242529,-0.33950170718680006,2.1160562993589763e-20,263,2009Q2
01/06/2010,SOUTHKOREA,0.01859747141533141,0.0,0.0075203544638117814,0.07761361638382477,0.04768006217137532,0.020972861441610608,0.05463899991216126,-0.20599831779776576,1.272266440137916,0.018370060261469416,0.04672351880313056,0.01723642096091851,0.017237670173746687,-0.01597909677030998,113799.13788223923,-0.01597705717723908,1.742927514788684e-05,314,2010Q2
01/06/2011,SOUTHKOREA,0.024837698868921405,0.0,0.020399095316593677,0.07649222826633165,0.04767668550250575,0.012941618604906417,0.04490791391198939,0.039559477738241935,1.3653114628481233,0.02483769881777431,0.04759021412931588,0.01381988043222372,0.012901616220729767,-0.3241315397227357,11.208127074465171,-0.30833875617056633,6.050165071192485e-20,371,2011Q2
01/06/2012,SOUTHKOREA,0.01579167633784019,0.0,0.011857996750527611,0.069137808557785,0.03906848248326171,0.017721211175334133,0.05049125274135863,-0.034210836589387186,0.9717374012107871,0.014027354801679628,0.03959000398043698,0.015685339177549815,0.01568940754904427,-0.009023058893886281,1580115411584135.2,-0.009022691607473403,1.0169386004203865e-05,430,2012Q2
01/06/2013,SOUTHKOREA,0.02020987933436761,0.0,0.011788930979398206,0.07231273259177745,0.04065948363645252,0.016051163058739205,0.04614767359610485,0.03351169565894445,1.0080425263452357,0.018389901108402638,0.04194213077890513,0.014318382848330268,0.014318755372135299,-0.009023058892377115,1263716565629.1162,-0.009022691605964422,1.0380490231736442e-05,490,2013Q2
01/06/2014,SOUTHKOREA,0.02843380250027827,0.0,0.0208888911570225,0.07212330795026327,0.04488596000650956,0.012477327629037754,0.03882855408242451,0.00868993104501656,1.099121316644406,0.02647341253397102,0.04604697020796088,0.011899481404233723,0.011899789785322964,-0.009023057913133138,16011974669.573896,-0.009022690626840019,1.3324342581601809e-05,550,2014Q2
01/06/2015,SOUTHKOREA,0.015864469158599286,0.0,0.003027338551922102,0.06539307274383521,0.03465958597953117,0.013729102725214836,0.04429238794915697,0.10560804697140615,1.1981491884977031,0.014122554953201725,0.03633110742767285,0.013501389637518487,0.013501739507042313,-0.009023057563442198,1463444459.8436296,-0.009022690277191782,1.133232066449692e-05,610,2015Q2
01/06/2016,SOUTHKOREA,0.022469888707600534,0.0,0.01732913797924345,0.0709836211379597,0.04227193671390394,0.012021533370185996,0.04089193687308577,-0.004266496197469492,1.212515416615729,0.022469888874847722,0.04214654228804002,0.012516600855127393,0.014050551085221312,0.9366310222339118,19.222991029473313,0.6836035047508411,6.107515073312962e-20,671,2016Q2
01/06/2017,SOUTHKOREA,0.0208035220071061,0.0,0.018053671466867798,0.06363826728846766,0.03846323487352916,0.010165775715248428,0.035682685207133524,0.10537278486416887,1.2897732833031337,0.020803521887208753,0.03821430444859439,0.01103148986019657,0.010361752149064214,0.47330635519844166,9.354703834698869,0.42780738073573893,9.983271886791806e-20,738,2017Q2
01/06/2018,SOUTHKOREA,0.0185885948831536,0.0,0.014430479260660075,0.06590720504080845,0.03835297152688409,0.010690237443906335,0.04030057131480662,0.0021032332381745408,1.3198803201236229,0.01858859491315854,0.038189255935599145,0.01305479219589516,0.010115423626300503,0.2985396276424659,4.698133436455116,0.2860638254197209,3.530631544934447e-19,806,2018Q2
01/06/2019,SOUTHKOREA,0.012893093557272804,0.0,0.00967262189127067,0.05899928354447149,0.03308811731238484,0.010167520883832099,0.04119114597685508,0.08946979666340638,1.3603530712580612,0.012893093708913526,0.03324934020232118,0.014929691141155431,0.009087795005655548,0.09824289742025913,3.169586689930045,0.09777219810736858,3.6048613873075823e-19,874,2019Q2
01/06/2020,SOUTHKOREA,-0.04691177754296258,0.6173627222738696,-0.06570793840547118,0.03852701881063802,-0.004733913909307733,0.01718319759659078,0.08001390137624834,0.2925720402809269,1.440124833650304,-0.046773490231433366,-0.004859408520408514,0.0717075154280981,0.015773841625395035,-0.4706699047927966,2.1000000000000227,-0.4258575319729617,3.9858904832973215e-07,942,2020Q2
01/06/2021,SOUTHKOREA,0.03388186796454794,0.0,0.024859092309179587,0.1063855136953375,0.057963504375317526,0.01075569868772737,0.050458178233379045,0.14569883364343889,1.5268326683395015,0.03396711197691067,0.0583073242558941,0.044213480923493205,0.009683130981345047,0.2991887852366916,2.1,0.28663480032997113,1.9552845140415772e-07,1010,2021Q2
01/06/2022,SOUTHKOREA,-0.04504444658889554,0.15589954002828368,-0.05116234501119903,0.07526239106948866,0.022919513095715584,0.02062892832141087,0.10947771527310798,-0.1193539233676911,1.8813441314100048,-0.044148219081482656,0.017377688747450357,0.11016022495062948,0.024737076379123302,-1.317147436575652,2.100000000000104,-0.7964627375778782,1.5291282391103187e-05,1078,2022Q2
01/06/2023,SOUTHKOREA,-0.0043149742449689835,0.11355684345388772,-0.010377838567639897,0.07460344625335877,0.02013501664689166,0.013291272793625247,0.05446622702414209,0.17633633036076213,1.3699637531082474,-0.004314973734337784,0.02018718398390943,0.021198489760087154,0.013219407933645915,0.8247677149186078,2.9669390804067315,0.6362763223497243,3.655668374874181e-19,1146,2023Q2
01/06/2024,SOUTHKOREA,0.009929660237371726,0.0,0.002527211246999986,0.08797938943990767,0.03351724672196142,0.012781547125547361,0.05446722855223228,0.21318661618084025,1.4439536311423382,0.009929660212282346,0.03416071104185421,0.026462033673972284,0.01252820523851844,0.9004302414643195,2.485800378529364,0.6691413577882775,6.844184305108444e-20,1214,2024Q2
01/06/2025,SOUTHKOREA,0.007343465360448286,0.0,0.0005636642449507417,0.07929540075273196,0.024909689597201162,0.012466944171591363,0.04797094291115127,0.31787636128673824,1.3115568879847288,0.007139384542174333,0.026928925353190972,0.05253593943257456,0.011883000776949653,1.9348530266627524,2.1,0.8883648710390263,1.689570782914356e-06,1282,2025Q2
01/09/2003,SOUTHKOREA,0.018013878059022537,0.0,0.017351633997628558,0.06413635588934496,0.044621616675636556,0.011556655345449092,0.04561095667189648,0.05254725012719825,2.223593644798503,0.021673420228640355,0.04444303443766341,0.015367209693271102,0.010600717499865398,0.003277607947600532,3.8157664906078868,0.003277590342540216,5.2750886417444825e-05,55,2003Q3
01/09/2004,SOUTHKOREA,0.03890029128730657,0.0,0.03494856702092107,0.07650733645461617,0.0570140910859018,0.005509938346007607,0.03200618886432759,0.26228909318525484,2.2028331751370476,0.03926646367153952,0.05702195528872891,0.031652905684716015,0.007096820633966719,-1.2271012848579284,2.1,-0.7751917689955989,2.580695480773099e-06,84,2004Q3
01/09/2005,SOUTHKOREA,0.03396484349739537,0.0,0.02654736863762723,0.06703178572174281,0.049194663339672345,0.011444724162236665,0.0314027917879163,-0.0775779201350674,1.3553645573561819,0.033200790436171954,0.04935143172964937,0.009818564492548991,0.009818816492099768,-0.009022580018144977,4066613.345280403,-0.009022212790204973,3.2043293532821285e-06,113,2005Q3
01/09/2006,SOUTHKOREA,0.033749930507671805,0.0,0.03296153474140723,0.07135991283836146,0.05373075192358221,0.010898320701133965,0.036035127629873404,0.008618150216099362,1.45965454513084,0.03542524100541359,0.05346004295129928,0.010981743182534505,0.010761402621242047,-0.004431664244429626,50.329874705268175,-0.004431620726907774,1.1447780513394219e-05,145,2006Q3
01/09/2007,SOUTHKOREA,0.03327366057324028,0.0,0.03281531323684072,0.08342532646992372,0.05393505050000824,0.008988291454863774,0.040263938131914,0.30940536831482823,1.6465441639778333,0.03327255994875314,0.05383772675595555,0.03209014397706878,0.007701897355822042,-0.20122297669784384,2.1217251533603334,-0.19726883086454997,5.3416657250611896e-11,183,2007Q3
01/09/2008,SOUTHKOREA,0.015522032822584068,0.0,0.015266218524599499,0.05099045486919533,0.032580082575872873,0.011066501358331439,0.03417487895554073,0.1575333292878734,1.1788453093785423,0.015571952184125396,0.03282660389925173,0.01048554911436107,0.010486320878489653,-0.015962875574584194,19397608196500.086,-0.01596084218590454,5.352678754490702e-07,227,2008Q3
01/09/2009,SOUTHKOREA,-0.0018865572120470575,0.061304736680761036,-0.009667014968066684,0.058707355213984055,0.027976533041970227,0.013628523131415084,0.05523093887537537,-0.2505750418897432,1.5177794266079858,-0.0018865566647269752,0.02699593333315144,0.020195628549020125,0.012568877562512064,-0.38407296007435354,3.1548255590908827,-0.35853793046094,5.796420086379279e-19,275,2009Q3
01/09/2010,SOUTHKOREA,0.01741687769291395,0.0,0.011887886407113982,0.07255135027147436,0.045207269523483515,0.011454518392073003,0.05037039314019308,-0.19213740963870188,1.5822240381711044,0.0173769937266119,0.04384132184142564,0.045248975063896066,0.009949142709658907,-0.4545416295413025,2.1,-0.41380005839890327,3.5469642893718185e-08,329,2010Q3
01/09/2011,SOUTHKOREA,-0.011677904643390344,0.11685326703983524,-0.03284093601971292,0.060086647133377656,0.02593556483729329,0.022114305415786743,0.07174227467878452,0.0059551640446508245,1.348140520808394,-0.009945540467239253,0.025999620481995788,0.021851776738672276,0.021848588584726034,-0.01638974431518623,4322.712616085293,-0.016387543421552093,1.3114535751122794e-05,385,2011Q3
01/09/2012,SOUTHKOREA,0.021903518927623777,0.0,0.01756181391289655,0.06967847797775435,0.04136724840082845,0.016783100608507146,0.04498529464325711,0.025773561903363596,0.8936240045425468,0.019314309336576903,0.042545045397248994,0.014121306640360282,0.014121654764066389,-0.00902305889376635,70966413303406.69,-0.009022691607353485,2.1263215801323737e-05,445,2012Q3
01/09/2013,SOUTHKOREA,0.027012549992742402,0.0,0.017233878299234222,0.076650680892239,0.04492730300367824,0.014853825663524686,0.042825514481203364,0.09819399428801161,1.0235900258134778,0.02475248436815323,0.046498551171055634,0.01328048552584128,0.013281940094483257,-0.009023058893705336,245519223743784.1,-0.00902269160729248,1.5952791260693603e-05,505,2013Q3
01/09/2014,SOUTHKOREA,0.02229455691259783,0.0,0.0069529408320851685,0.07009924311849666,0.03968969368907078,0.01304090704510691,0.04173496356337219,0.05828406605094935,1.1596932014153596,0.02043701518352024,0.04138807901162739,0.012736898215636578,0.01274179130369562,-0.034876790655787665,360333.41136842704,-0.034855598088784065,1.268079561278074e-05,565,2014Q3
01/09/2015,SOUTHKOREA,0.014411997612985315,0.0,0.002860493207954625,0.07144147018503312,0.0378602619561641,0.014625338629654433,0.048419290939553675,0.05224099078861733,1.3737898897902647,0.014310659403111253,0.03842476302021344,0.014739019495183815,0.014903861079913901,0.32349402339111955,51.8696762493068,0.3077898052183253,3.304587186233284e-08,625,2015Q3
01/09/2016,SOUTHKOREA,0.01801119987879999,0.0,0.014378109807381056,0.06389315791639591,0.03704323714188498,0.01100876713313579,0.03932302195842302,-0.015224230303508167,1.20361589653994,0.018011200084570054,0.03677759257258487,0.012269718093652782,0.011689500072704367,0.6983831051642966,7.533183325509636,0.5725723296639416,1.4188225194723903e-19,687,2016Q3
01/09/2017,SOUTHKOREA,0.02596587890640427,0.0,0.025311760392552122,0.0667568729585939,0.042925534010842696,0.00958602957117034,0.034321902637727164,0.022931344762812507,1.2107414183876664,0.025965878868210224,0.042575997936841324,0.01071220311953339,0.009709490922480036,0.5019602766548379,7.292101391721294,0.44861460553616095,7.449280481772306e-20,755,2017Q3
01/09/2018,SOUTHKOREA,0.017756931448167965,0.0,0.01550996539427515,0.0598695438745878,0.03528323480064048,0.009515021811474638,0.034743645854021225,0.022802597052394256,1.3799754722587563,0.01775693143504445,0.034904667751674404,0.010958612417159022,0.009025621653506725,0.1778287774393778,5.999468706518318,0.17508200809122754,1.591527879760599e-19,823,2018Q3
01/09/2019,SOUTHKOREA,0.008405193168821896,0.0,0.0058593513285245405,0.05945921283745619,0.030889702394167648,0.010527762409767324,0.04497011170379922,0.07114119358163142,1.3749478618951887,0.008405193164264585,0.03091331404332719,0.019839746174404416,0.009153416127711088,-0.008451597348022439,2.5408293589605786,-0.008451295517515238,3.3247228009539257e-20,891,2019Q3
01/09/2020,SOUTHKOREA,-0.024715487489479965,0.2250071562802035,-0.039609667881820035,0.0696967395949113,0.012756051326157026,0.017320927822392314,0.07764958062525595,0.2715583170704901,1.5185323676875497,-0.024724663634286288,0.013524078764523082,0.06741350913971789,0.014723996255175176,0.14420546330468292,2.1000000001616583,0.1427290585732857,2.4190937135582414e-09,959,2020Q3
01/09/2021,SOUTHKOREA,-0.004760216352698174,0.06242015407122268,-0.01719960165630796,0.09494102865053265,0.0390197171244248,0.015588585612443855,0.07985956899188855,0.040275293603855226,1.6493033797602281,-0.004312307215765296,0.037171329045646254,0.07094317388580937,0.015601112411655653,-0.4601641354789089,2.1000000000000405,-0.4180286699495873,4.215164750879835e-06,1027,2021Q3
01/09/2022,SOUTHKOREA,-0.06689091019137788,0.2192839769497446,-0.0678802335405202,0.06426167613174688,0.017819426470390184,0.022481629349207277,0.12854543984259947,-0.1896096690908765,1.9841454421190292,-0.06529164135507254,0.010252196234154326,0.13936130662891574,0.03159024611363965,-2.2502288893393585,2.1,-0.9138268804010613,4.422508094676261e-05,1095,2022Q3
01/09/2023,SOUTHKOREA,-0.0005595772932536561,0.053060769764355954,-0.005422935868237114,0.08687209280134472,0.02678691792335495,0.013827039607041174,0.06031116462676125,0.18683689649412266,1.369407671279699,-0.0006085009463841017,0.02744980168900652,0.05583487440441809,0.012345064152669607,0.6471816047168018,2.1,0.5433239332944017,7.826649363220666e-08,1163,2023Q3
01/09/2024,SOUTHKOREA,-0.000950959998083898,0.05496713282293146,-0.0036821020426584077,0.07945991151192243,0.026744562694419303,0.013354679170884055,0.05910413773867208,0.19104481988486782,1.4558290108640344,-0.0009777930429383757,0.027159087917557473,0.053041231645661595,0.011661396638124466,0.4512295297010058,2.1,0.41129645331183123,2.0459672010493247e-08,1231,2024Q3
01/09/2025,SOUTHKOREA,0.011788873323670252,0.0,0.00523166406145846,0.0766468182020278,0.030831937688768164,0.012054375389227552,0.048575273899891275,0.27836615622028876,1.3962931926817423,0.011635707859907514,0.032777330426895304,0.04966445024698516,0.011143469157977613,1.2693696316159897,2.1,0.7855245834206273,8.573022658119925e-07,1299,2025Q3
01/12/2002,SOUTHKOREA,0.06835244441775125,0.0,0.0663075963010689,0.08473156340715472,0.0742103399147294,0.006069940040366681,0.016379118989403377,-0.2626113038938974,1.238595605802663,0.0664208586274654,0.07486708530242474,0.005135684843494881,0.005135829130081668,-0.009023058893085478,29752606091133.746,-0.009022691606672698,1.212586917888126e-05,40,2002Q4
01/12/2003,SOUTHKOREA,0.02905132592201705,0.0,0.028523533468844085,0.06624887345719932,0.04765197190138125,0.009537464155660631,0.03707366599549948,0.029686944727653146,2.5316284443247183,0.029561055516053467,0.04808622280297059,0.01238919859574212,0.008708631059940856,0.0038137429742139415,3.953309211559584,0.003813715239765807,1.0205094194002093e-06,62,2003Q4
01/12/2004,SOUTHKOREA,0.02320552586736962,0.0,0.022626920066451058,0.06240044878798046,0.04478606861519156,0.011592821297409496,0.0350872166586816,-0.08382108036532779,1.615914093368115,0.0258146409322567,0.04357812862575259,0.010798633878582662,0.010798913687890078,0.00902305322111766,370713830.9546738,0.00902268593539749,3.267404285536252e-05,91,2004Q4
01/12/2005,SOUTHKOREA,0.03343340255723384,0.0,0.03298263908546885,0.06874339297280525,0.05157308426786539,0.00966804721691056,0.03099475744699337,-0.3931449484644768,1.6300796885539464,0.034974175646463046,0.05053014080576838,0.009456700843364646,0.00945694536910123,0.009023058892946086,5065378058231.71,0.009022691606533321,1.0275958550506468e-05,121,2005Q4
01/12/2006,SOUTHKOREA,0.03322799365244371,0.0,0.032464930090325105,0.06928602069343379,0.0533173618880856,0.009929386628868282,0.035301490232993116,0.12309694009251868,1.6975417843036682,0.03522174237038212,0.05288716733199365,0.010995185122372879,0.009427785838427167,-0.0012578762453366065,7.5532770186468206,-0.001257875250198777,1.6121087700220957e-05,154,2006Q4
01/12/2007,SOUTHKOREA,0.03569008303616287,0.0,0.03451111771039222,0.07874904411103344,0.054614437639725906,0.01123306086917583,0.03783218531819888,-0.01609368768028401,1.215190061675052,0.035690083134242656,0.054427825608691464,0.011546435566876758,0.011632520667968157,0.4216248128114468,24.85987231981992,0.38850479344030725,4.394004550181208e-20,194,2007Q4
01/12/2008,SOUTHKOREA,-0.023064223264398803,0.20350553464090565,-0.02499540892690418,0.04754704456231537,0.012373161098442925,0.010124107978019633,0.056742905828705295,0.6172827320457137,2.3250222006028105,-0.022388433798444247,0.011187707507262355,0.06213204260868934,0.01409613510613062,-2.411197395745404,2.1,-0.9237102276672952,7.7456058040691e-06,239,2008Q4
01/12/2009,SOUTHKOREA,0.021235125130543937,0.0,0.017343904227566924,0.07249162689039906,0.04748142769067348,0.011860078317916672,0.04890262841024696,-0.11491167288665849,1.5145819842550459,0.021235125129055878,0.04709715246646486,0.018918009348630256,0.010992186594732173,-0.4695752880995884,2.914415777394032,-0.42504623393318475,1.9691515536850047e-19,288,2009Q4
01/12/2010,SOUTHKOREA,0.03557165718604744,0.0,0.031706273265571086,0.0877768485135326,0.05849176228659015,0.01274503523702884,0.043918112720174894,-0.14604415832431247,1.2795457435829782,0.03574706857251384,0.05770626409096644,0.01348193675685632,0.012386134036722375,-0.0006746459449287817,12.82441316969919,-0.0006746457913972443,1.2237506164672103e-07,343,2010Q4
01/12/2011,SOUTHKOREA,0.011720365508117218,0.0,0.0060571253085835945,0.067752800485952,0.037630221518371476,0.016341901559361733,0.05284536777660718,0.0048637353800283206,1.2581277697900408,0.011397111508899228,-69525938.04848951,,0.01610342045230372,-0.009023058893572272,7.193414659918258e+23,-0.009022691607159431,3.252883159033237e-07,399,2011Q4
01/12/2012,SOUTHKOREA,0.019101618814165923,0.0,0.009493701692485068,0.0690752079194806,0.03931334822936336,0.0164595004304543,0.047381332724949564,0.04545302022878957,1.0188469553617119,0.016778526664664322,0.04095568122225567,0.014698175041347196,0.014698550941324677,-0.009022404740838014,2976961.2354207793,-0.009022037534298602,1.677957767097232e-05,460,2012Q4
01/12/2013,SOUTHKOREA,0.03019138856663789,0.0,0.020858212720011336,0.07622104790897598,0.04598730507258126,0.012962030056787695,0.04025763936830999,0.016682667855564083,1.0651139044877493,0.0274535899026752,0.04775362490742347,0.012341112618324575,0.012345889409060585,-0.03488249030058582,151470848.46172884,-0.03486128734818677,2.675134472069879e-05,520,2013Q4
01/12/2014,SOUTHKOREA,0.01711559409486514,0.0,0.0011633072663681239,0.06781111650616817,0.036678823060919505,0.013585727035024165,0.04525915478060684,0.08138864993658894,1.2160879189937923,0.015607683591666238,0.038238302760123105,0.013788569441649797,0.013455749188589472,0.012018540302217941,41.85969368213741,0.012017672385345865,9.050560531232754e-06,580,2014Q4
01/12/2015,SOUTHKOREA,0.020409808477049568,0.0,0.011497425808025215,0.070469694719017,0.04063662715671103,0.012367645841992975,0.04321003632191164,0.06346283908169825,1.2390876762776464,0.020409808362299404,0.040934814432057945,0.013352019679793279,0.014036369530634763,0.9051614484258744,10.34550603663157,0.6710761902179171,3.4624302598150166e-19,640,2015Q4
01/12/2016,SOUTHKOREA,0.018362801247594006,0.0,0.014100582982954253,0.06372919708310998,0.03701867465841911,0.011253608019522432,0.03805534291685118,0.026267386179339002,1.2650898523909766,0.01836280122207599,0.03675521338774192,0.011629271509168086,0.013161760419651674,0.9200344033533988,23.699023644091525,0.6770702428246034,1.0404316474291397e-20,704,2016Q4
01/12/2017,SOUTHKOREA,0.019208249191617482,0.0,0.01781507087769848,0.0619761579661397,0.0374493297578474,0.009618762193636736,0.03531781744674471,-0.0655168405109633,1.2643381754017853,0.01920824955580918,0.036943607216299294,0.011179157481938895,0.009024809611800683,-0.057325971822802316,5.722876097184528,-0.05723200912335193,2.0987496423653375e-19,772,2017Q4
01/12/2018,SOUTHKOREA,0.01429803736862507,0.0,0.010609444141470746,0.0714357784525637,0.036725592563639387,0.01231289635240057,0.049958382703271444,0.011725747156759864,1.455550315373631,0.014298038189116383,0.036884800883510975,0.01876893379021372,0.012268403331818644,0.7987191422061481,3.1110060934383803,0.6240846086764886,9.240360370179516e-19,840,2018Q4
01/12/2019,SOUTHKOREA,0.01478694090079873,0.0,0.010991605979721172,0.0584670382118539,0.0335835866842079,0.009364914822469542,0.03700126052312103,0.0840519179874643,1.4146432374791658,0.014786940853067615,0.033561804466275665,0.01273987914073322,0.008492051007377295,-0.13338020605049927,3.5756525921756825,-0.13220936966016414,1.8071611080454154e-19,908,2019Q4
01/12/2020,SOUTHKOREA,-0.01678954116778926,0.15724992447945513,-0.02610036359806319,0.06718331387182785,0.016446032012523322,0.01665583660675719,0.06982012085018208,0.23391513858949664,1.4815493039646168,-0.017719835803435186,0.01718986253987574,0.02831522540110541,0.014581491737873925,0.0009707662568506892,2.721806907049708,0.0009707657994322013,3.437220237230635e-06,976,2020Q4
01/12/2021,SOUTHKOREA,0.010470454526920425,0.0,0.0014826555905589694,0.09517394219015156,0.04268717103958006,0.012895529127527613,0.062300705855589195,0.09262906221086792,1.5807343808316299,0.010655063573689281,0.04190392734123962,0.05362103593070931,0.01170477226583713,-0.0852278887722736,2.1000000000001195,-0.08492002607690768,7.600062806166473e-07,1044,2021Q4
01/12/2022,SOUTHKOREA,-0.021944825689318104,0.1359976367769533,-0.025450998018281948,0.07864888383302485,0.02098392180928285,0.016518283905100104,0.07948866871241543,0.07628031748433604,1.6323904723473315,-0.021708034219224147,0.01894572376731246,0.06930055059256804,0.015167725314201809,-0.2694667772115268,2.1,-0.2601859451605424,1.1652883208806842e-06,1112,2022Q4
01/12/2023,SOUTHKOREA,0.01762108952047499,0.0,0.01642946805124816,0.09185734957270993,0.03556405313463415,0.011039763515443711,0.04446347729633715,0.2572764332550913,1.2618303717583412,0.014285063113661853,0.03636389042899373,0.014627534727689552,0.010538035110691025,0.022802723410114117,4.156918736259051,0.022796797421130634,4.744162392848241e-05,1180,2023Q4
01/12/2024,SOUTHKOREA,-0.013054705254166498,0.1215383957298676,-0.013281464124835739,0.07180861828209564,0.020926859219430972,0.01444862484198117,0.06523604359651525,0.12492878019851246,1.5348351302750969,-0.013044276022195388,0.019866590649470287,0.05645856696632548,0.012324524129023892,-0.0890601780177007,2.1,-0.088709065348191,2.4348370437991242e-09,1248,2024Q4
01/12/2025,SOUTHKOREA,0.008960668677998433,0.0,0.0064815270903217995,0.07038686747770022,0.028065499069988127,0.011659333173328743,0.04662904459693514,0.2314875432513085,1.3985470603621657,0.00896066848474993,0.028449320023484465,0.01761217472557166,0.013161337056547621,1.51372484673149,3.263528914461756,0.8343707177405694,1.0463247172579341e-18,1316,2025Q4
01/03/2003,TURKEY,,,,,,,,,,,,,,,,,,45,2003Q1
01/03/2004,TURKEY,,,,,,,,,,,,,,,,,,70,2004Q1
01/03/2005,TURKEY,,,,,,,,,,,,,,,,,,98,2005Q1
01/03/2006,TURKEY,,,,,,,,,,,,,,,,,,129,2006Q1
01/03/2007,TURKEY,,,,,,,,,,,,,,,,,,163,2007Q1
01/03/2008,TURKEY,,,,,,,,,,,,,,,,,,205,2008Q1
01/03/2009,TURKEY,,,,,,,,,,,,,,,,,,251,2009Q1
01/03/2010,TURKEY,,,,,,,,,,,,,,,,,,301,2010Q1
01/03/2011,TURKEY,0.08910167480835088,0.0,0.08331637254513855,0.12936703498479885,0.106186816191634,0.008204987773587413,0.03200857563200152,0.09821242028371681,1.6051235794541996,0.08910167490534496,0.10625664174768175,0.010915536828362854,0.008157011265699848,-0.6622155455279389,3.8116256596560483,-0.5521282849502344,1.9644493784815718e-19,357,2011Q1
01/03/2012,TURKEY,0.07434566314359704,0.0,0.07104675283241915,0.11621307582070285,0.09091276862312327,0.011519796190814793,0.037067392390878265,-0.001047378730094893,1.2070820332603331,0.072838125297354,0.09143116902221035,0.011303390188932623,0.01130368310858669,-0.009023058318106916,3808606948.128785,-0.009022691031764347,8.43400565162779e-06,415,2012Q1
01/03/2013,TURKEY,0.07540134696336889,0.0,0.07321727383515828,0.11724894279872398,0.08865524385036053,0.010645909742044442,0.030207552803742863,0.1335016082404939,1.024993862177723,0.07370280651237722,0.08915069222087668,0.009392645740457593,0.00939338081204189,0.015962875574571003,10370888737085.373,0.015960842185891354,8.979854449956495e-06,475,2013Q1
01/03/2014,TURKEY,0.06701746652968171,0.0,0.06280701118446835,0.10660437358296089,0.08190563152922423,0.01134195084926006,0.03299019378889988,0.04214579392133594,1.101111239631103,0.06568561605722624,0.08249145613181917,0.010216940707064635,0.010221851267091618,0.04025566641610765,28790.17894579885,0.04022308847596185,5.512367495538916e-06,535,2014Q1
01/03/2015,TURKEY,0.0417437894719134,0.0,0.03522756467104859,0.0859050521886285,0.05911047465104721,0.011346893082923911,0.0385817497970192,0.08854120280670659,1.2310789308851189,0.04174346892937042,0.05948668714995789,0.011833285046938717,0.015323891870639053,1.633109715840332,24.30681341239205,0.8528194645845357,4.141927611451026e-13,595,2015Q1
01/03/2016,TURKEY,0.043721291119394504,0.0,0.04048588031855155,0.0873222754900526,0.061574641913019736,0.010971286996071836,0.037937334264308356,0.022110963102939474,1.1927760815452824,0.04372129096416391,0.061670927123346146,0.011680530579104103,0.012981419190302533,1.044620064725728,12.772968823541214,0.7223660904889874,5.689603486075135e-20,655,2016Q1
01/03/2017,TURKEY,0.04424789235907588,0.0,0.04098193089191338,0.08536376363157644,0.06102361210135222,0.010583628722395707,0.03510610965653127,0.02347958223982798,1.1659015784600995,0.04424052405590411,0.060997408682026216,0.01069046878416129,0.013887712320034626,1.343377582436501,633.9893630647099,0.802153954195154,3.5059781766258484e-10,721,2017Q1
01/03/2018,TURKEY,0.05216751997254876,0.0,0.04512382444671633,0.10210169288076658,0.07240220662698368,0.011989808481279386,0.04286821932082234,-0.10846516643870134,1.277606901506648,0.052167520313416094,0.07236706194499892,0.013397122087603776,0.013199865185194849,0.8518190372166171,7.500917713227842,0.6484519796034609,3.5129399037404465e-19,789,2018Q1
01/03/2019,TURKEY,0.008699646241292415,0.0,0.007277691654231401,0.055427201142679655,0.029780489839614448,0.010170235597272684,0.04070366122776636,0.1332852121455674,1.3528260424901741,0.008699646044107901,0.02979232498957738,0.014415643485289217,0.009342387368419582,-0.3141330721024069,3.350215738892879,-0.2996940590032656,1.7448628046862434e-19,857,2019Q1
01/03/2020,TURKEY,-0.0002706619271636802,0.05074077658248732,-0.01866398468063819,0.09592726333529868,0.04211716106288738,0.020949240620011803,0.08745588746298838,-0.13720925594141178,1.557417879825796,-0.0010090990003953138,0.04270747094025534,0.03474525833593615,0.018402561520039575,0.0022819573641146987,2.779787422756252,0.0022819514226860536,2.169841794195075e-06,925,2020Q1
01/03/2021,TURKEY,0.012068780831297542,0.0,0.003464538986032663,0.08610365650657553,0.058331318018450026,0.011552615903935446,0.06817333711267261,-0.2964949859170755,2.1161165443254295,0.013105287982475209,0.054350042338136464,0.07733887615790529,0.017606982578708297,-3.53658867841448,2.1000000000868155,-0.9622717044865315,1.6903495534301933e-05,993,2021Q1
01/03/2022,TURKEY,0.01745100445872435,0.0,0.0050553648767545836,0.10617616024107839,0.059268913564203066,0.013032462418450214,0.07104414950058677,-0.1386226526737662,1.7864175567904292,0.018058452364899183,0.0563651395743772,0.0669090314858175,0.014880964223573838,-0.8601944896784176,2.1,-0.6521240227540616,7.364597781234438e-06,1061,2022Q1
01/03/2023,TURKEY,-0.009370274894020224,0.07882844851159346,-0.010686262828353159,0.08353738360572559,0.036385413766609045,0.014299251964209446,0.0760104523699468,-0.06360215818107856,1.7016841670400327,-0.008778495922464031,0.0326769386045809,0.07284076011378296,0.016240860339985553,-0.9610077565083858,2.1000000017311975,-0.6929098642157613,6.837264830652482e-06,1129,2023Q1
01/03/2024,TURKEY,0.04680341805685336,0.0,0.04024226448450075,0.10914699277004394,0.06738851864502904,0.008844309960811718,0.04279599573051395,0.01798395751117113,1.543665296828824,0.04692321971900666,0.06754908292685687,0.03735673207538276,0.008179049502300494,0.2858351282630691,2.1000000065548616,0.2748285464745573,3.9343735047976987e-07,1197,2024Q1
01/03/2025,TURKEY,-0.022697743697540147,0.11536585396898356,-0.023833284713312846,0.07451170370663768,0.0307172057814984,0.016047231329312912,0.08471269378006671,-0.09867835444700716,1.8935316011207122,-0.021995111655545196,0.026314486913383266,0.08727007501741005,0.01965615242946413,-1.5241862997962943,2.100000000000002,-0.8361101225392144,9.14368218018075e-06,1265,2025Q1
01/03/2026,TURKEY,-0.032768247642833426,0.12907646927809102,-0.043050113879398236,0.08933682269230692,0.03078275594289962,0.018898461805232802,0.10225540319305707,-0.09728772568280761,1.8854336452538958,-0.03183836117164601,0.025783449781814034,0.10342930177167696,0.023245771078555508,-1.3718536599462856,2.1,-0.8080944411071268,1.612646495545357e-05,1332,2026Q1
01/06/2003,TURKEY,,,,,,,,,,,,,,,,,,50,2003Q2
01/06/2004,TURKEY,,,,,,,,,,,,,,,,,,77,2004Q2
01/06/2005,TURKEY,,,,,,,,,,,,,,,,,,105,2005Q2
01/06/2006,TURKEY,,,,,,,,,,,,,,,,,,137,2006Q2
01/06/2007,TURKEY,,,,,,,,,,,,,,,,,,172,2007Q2
01/06/2008,TURKEY,,,,,,,,,,,,,,,,,,216,2008Q2
01/06/2009,TURKEY,,,,,,,,,,,,,,,,,,263,2009Q2
01/06/2010,TURKEY,,,,,,,,,,,,,,,,,,314,2010Q2
01/06/2011,TURKEY,0.08539112165555823,0.0,0.08482547580333108,0.12978934049649524,0.10442262336537868,0.008140111547641342,0.03479995579430445,-0.10185334442556372,1.6048825089407708,0.08531614205067442,0.10326331103329862,0.030596431937938352,0.006694869562748708,-0.256714929415769,2.100000000780679,-0.2486522391434498,1.2876881187676368e-07,371,2011Q2
01/06/2012,TURKEY,0.06801221424641452,0.0,0.06435586513733275,0.11053327776347477,0.08491299746279488,0.012276881709276127,0.03884804640540343,0.04129640785375917,1.0718989774472452,0.06628128480090287,0.08581594543867153,0.01187570119862326,0.01187600736908211,-0.00902305889273714,1931973495623.5574,-0.009022691606324401,1.0669592262331113e-05,430,2012Q2
01/06/2013,TURKEY,0.0718691463690544,0.0,0.07055967940639002,0.1243166084555291,0.09214963539450746,0.011705026986510662,0.03667083736324295,0.039722894654299935,1.3423803814788604,0.07272419979540322,0.09119208663409407,0.011226853404106299,0.011227763844227785,-0.01596288312190064,245792593.0921063,-0.01596084973033717,4.140252495579475e-06,490,2013Q2
01/06/2014,TURKEY,0.05229881926240343,0.0,0.04498517251614759,0.09250891079103961,0.06712966039444405,0.011833646386216822,0.03433663976040689,0.040921276488280374,1.0581014535308075,0.05057035117430552,0.06807693847642407,0.0106380531623829,0.010638273917079876,-0.009023058893917135,76704015426434.83,-0.009022691607504253,9.33446123878396e-06,550,2014Q2
01/06/2015,TURKEY,0.05322224625489538,0.0,0.04675435495871642,0.09862034741639589,0.07165121600040081,0.011244571834930862,0.0386029526009693,0.072556468784886,1.2604048964871404,0.05322224615652598,0.07205798188380694,0.011842344534438921,0.012022994574917257,0.6143554247853598,14.104922980001891,0.5234612292673341,8.261750725196982e-20,610,2015Q2
01/06/2016,TURKEY,0.03759794581393482,0.0,0.0337678411776387,0.08430188268450096,0.05677663796652224,0.011512091715336091,0.039833756196621765,0.0015085465369511126,1.1994981682521695,0.037597946063878854,0.05674208188590707,0.012257270116726554,0.012852172078709236,0.8084177216721513,12.195917092344134,0.6286784534011318,1.9581437392118486e-19,671,2016Q2
01/06/2017,TURKEY,0.05058107519194037,0.0,0.04677871902171841,0.08933419366079179,0.06583120530305483,0.010083326420961141,0.033059096734222124,0.04631757644048011,1.1945635720554946,0.04982929676987595,0.06636651183449542,0.01005357803422649,0.010053818228391426,-0.00901914817111734,499915.72066899406,-0.009018781362039653,2.213659699373583e-06,738,2017Q2
01/06/2018,TURKEY,0.039266480449632976,0.0,0.036692299046150165,0.08631158596129615,0.06094712609994263,0.011586944774473267,0.04039022246608785,-0.0729676528999608,1.2831712721748214,0.03926648046890314,0.060784014203937406,0.012483532534796789,0.013932932027721919,-1.1473878570156022,11.059096864546564,-0.7538660764266896,5.3933270823161494e-20,806,2018Q2
01/06/2019,TURKEY,0.019108796774204958,0.0,0.015379302758783206,0.06272694460661751,0.037482502312549626,0.009890389410051858,0.03826432407939617,0.06729482724274068,1.3342590798643954,0.019108796661186343,0.037570152247752335,0.012786180228395153,0.009283186997422482,0.33768828393291883,4.001134915627269,0.3199387853779144,3.352995351286562e-19,874,2019Q2
01/06/2020,TURKEY,-0.06263329440863498,0.8591215417248425,-0.08008546575140348,0.019671741865762624,-0.022512736319147256,0.017067445450265745,0.07783472536855884,0.3361704682481193,1.4195822906021507,-0.06257412863101665,-0.02216285950857947,0.06893788470456655,0.01512410355529029,-0.37138801124639514,2.1,-0.3481531163710656,6.971475296018742e-08,942,2020Q2
01/06/2021,TURKEY,0.10588122438360782,0.0,0.0789789842885048,0.14199412499242026,0.13220873309623382,0.004493313439763505,0.03605435538863204,-0.1640944033792345,2.070396951952774,0.10751062153255936,0.13039849796812839,0.043595714770831955,0.009960274193124835,-198116.87081414417,2.1,-0.9999999999872612,2.4335678281817644e-05,1010,2021Q2
01/06/2022,TURKEY,-0.014812403763043963,0.0820568124263703,-0.027245822910480482,0.09700706550998883,0.051969234360947796,0.017995039034028236,0.10294864911962688,-0.27306353049387394,1.9885722265717984,-0.013581975877399514,0.04621871855336768,0.10959208076055768,0.024794815373201957,-1.9672680083317502,2.1,-0.8914411017047488,2.733449465130702e-05,1078,2022Q2
01/06/2023,TURKEY,0.021968832557265394,0.0,0.020870168889535797,0.09793850140465861,0.055261173183750165,0.01098214239596093,0.05706941199680966,-0.09058181488562661,1.6092510393444888,0.02233480566342125,0.05277397422095775,0.052727814992728536,0.011682344035778334,-0.7197418395892434,2.100000000000012,-0.5841667223464451,2.8026436948789203e-06,1146,2023Q2
01/06/2024,TURKEY,0.016790323474223108,0.0,0.009190042923525621,0.09259122515112579,0.04181438736109018,0.011972023655524293,0.0539113817827322,0.14270723829582443,1.520401994689315,0.016801815248724924,0.04241426673478372,0.04834613683682304,0.010630651686933194,0.4562958559488754,2.1,0.41512228382914573,3.789533100124793e-09,1214,2024Q2
01/06/2025,TURKEY,0.002880762450533152,0.0,0.0016634608781433595,0.08183629198311317,0.04208615134824541,0.012570118080922399,0.06514534019454107,-0.09134563643203322,1.8662701454739228,0.003321658267923206,0.03914382867281899,0.06319752020565242,0.014113659810771988,-1.0315361309095517,2.1,-0.7179969034506221,3.894511722409735e-06,1282,2025Q2
01/09/2003,TURKEY,,,,,,,,,,,,,,,,,,55,2003Q3
01/09/2004,TURKEY,,,,,,,,,,,,,,,,,,84,2004Q3
01/09/2005,TURKEY,,,,,,,,,,,,,,,,,,113,2005Q3
01/09/2006,TURKEY,,,,,,,,,,,,,,,,,,145,2006Q3
01/09/2007,TURKEY,,,,,,,,,,,,,,,,,,183,2007Q3
01/09/2008,TURKEY,,,,,,,,,,,,,,,,,,227,2008Q3
01/09/2009,TURKEY,,,,,,,,,,,,,,,,,,275,2009Q3
01/09/2010,TURKEY,0.06104510851927407,0.0,0.05503279276503127,0.1095934605932204,0.0827406160784949,0.014663013880055554,0.04239300568474201,-0.16038444554695322,1.1823153355121894,0.06036985352034544,0.08199842591656825,0.01314164852011712,0.013141908834379759,-0.009023058893962651,73218197613807.42,-0.009022691607549763,2.7173405005286415e-06,329,2010Q3
01/09/2011,TURKEY,0.051949467734898266,0.0,0.03587667904481891,0.11629285028472494,0.08512292816860124,0.016965945998609594,0.05780735684242162,-0.03413558204749996,1.4321534124047304,0.055097169785593675,0.08400180884592938,0.0176879590110276,0.01660529990184374,-0.001845221148308822,16.853037588477914,-0.0018452180069744545,3.959629321042403e-05,385,2011Q3
01/09/2012,TURKEY,0.061991688258707905,0.0,0.05898764223550135,0.10345765636955502,0.07786434854061683,0.012821052276473234,0.036634797530293944,0.04258000010882335,0.9847627913896917,0.05991745685664725,0.07863343264307811,0.011378125318532545,0.011378412587934124,-0.009021774838391713,1516602.4554254743,-0.009021407708753773,1.3437233614076636e-05,445,2012Q3
01/09/2013,TURKEY,0.07231004023644037,0.0,0.06926449499663156,0.11334932041420764,0.09035184088900461,0.011116785641714174,0.035243983548337604,0.055391268170042265,1.2638182442895531,0.07244063453707425,0.09015856222989312,0.010770893074740327,0.010771172713847636,0.009023058894743582,3663280615538.399,0.009022691608330597,3.311961605692022e-07,505,2013Q3
01/09/2014,TURKEY,0.04741051596323399,0.0,0.037910890093466945,0.0916923604138864,0.06462946506372802,0.011881210759495827,0.0380409771708313,0.0723796001818619,1.1837746745316833,0.04646291889967238,0.06555829636726135,0.011608761489692265,0.011613201272176743,-0.03487340910467804,226518.90925067925,-0.03485222269764015,3.1228834486404885e-06,565,2014Q3
01/09/2015,TURKEY,0.04028547600287871,0.0,0.033697301822316714,0.09431973322556166,0.06374419024724098,0.012792830502531364,0.0476042049163308,0.032818424691127196,1.338256116807004,0.04028547574906665,0.06416083283005147,0.015222281223173916,0.01191081349764204,-0.036976008212992115,5.151813011821426,-0.036950756838475735,2.1445122029663232e-19,625,2015Q3
01/09/2016,TURKEY,0.023326460018680648,0.0,0.01969311508347201,0.06740460996507538,0.04135970878359121,0.010827876673955409,0.03783901647868849,0.0011650946708756191,1.177456949247289,0.023326460153156103,0.041198091151606414,0.011697419415494787,0.01251377677748895,0.9816209652094309,10.392270289658736,0.7005184151055339,4.3762646270998435e-20,687,2016Q3
01/09/2017,TURKEY,0.07580888178008177,0.0,0.07369663244873417,0.1109206711395113,0.08976078913112753,0.010016046700910905,0.030445230189495354,-0.10255293246896177,1.0249547863146455,0.07474980232477546,-4820.381386594833,,0.009364034782878021,-0.009023058893894043,1.022658582180227e+16,-0.009022691607481164,3.540618670166365e-06,755,2017Q3
01/09/2018,TURKEY,0.02388984978178973,0.0,0.023133870310142156,0.0692787306241921,0.04647987726466862,0.010658719717031718,0.04207096008778108,-0.05061823236147286,1.3152243201738594,0.023889314681065088,0.046376534484510866,0.014631206365050184,0.010411577216538018,-0.6125572604779916,3.579553714451716,-0.5223475857894266,7.376452182260072e-13,823,2018Q3
01/09/2019,TURKEY,0.021260596146840734,0.0,0.01655457749053932,0.0670663645251686,0.039343077252677223,0.010025144829244867,0.03838629119099549,0.05214316270303321,1.3099243462843435,0.02126059600386325,0.039328882730646914,0.012707446826192143,0.009913148042094082,0.5821655802572505,4.251210755736978,0.5031178610620844,2.7631779790574695e-19,891,2019Q3
01/09/2020,TURKEY,-0.0017672583360885136,0.05501727782566939,-0.020514657197499772,0.08782060616332181,0.047759226956003105,0.014583301013462703,0.07873791904288087,-0.15746787109970045,1.8518590901350025,-0.0010193620510456263,0.0443185398741768,0.08246176286495926,0.018613808768294132,-1.7127044063563144,2.1,-0.863576401798608,1.0082992755929026e-05,959,2020Q3
01/09/2021,TURKEY,0.021787055258943453,0.0,0.008844364751738013,0.1156586197797012,0.07022296295596336,0.013221559998356818,0.07687065291012665,-0.23757276497403437,1.7889885663327676,0.02270400269938565,0.066143596212815,0.07834157341332813,0.017635465630750663,-1.4826196381754189,2.1,-0.8290478309833309,1.5639757401707897e-05,1027,2021Q3
01/09/2022,TURKEY,-0.013042815998004352,0.0834061716279884,-0.032705253012193514,0.09910305189873377,0.04390967047260744,0.01820624579202802,0.09794312624076129,-0.054600751470837344,1.8974702895920366,-0.012245056729439993,0.04068510223066287,0.0925247978523359,0.020585178699322876,-0.8736181162156791,2.1,-0.6579149908822755,1.2458730174188724e-05,1095,2022Q3
01/09/2023,TURKEY,0.027271245975430118,0.0,0.018393157050753832,0.1076486472781115,0.05759120368407806,0.01157478303653314,0.05788678068048383,-0.012914608293804055,1.6287836270518532,0.027525600341965894,0.056674742652658844,0.04983800260402027,0.010885853238460934,-0.1485164046501536,2.100000000000006,-0.1469050896549463,1.4083531281000583e-06,1163,2023Q3
01/09/2024,TURKEY,0.005979286802577714,0.0,0.0035761166303765603,0.08487705592139058,0.0376107403406689,0.012505373300300306,0.06049312301577947,0.06804000002473655,1.5948859849696033,0.0061599063144836,0.03657174948480201,0.052106734072956976,0.01137641659398853,-0.10838227481233209,2.1000000000000316,-0.10775126067894968,7.441862689196066e-07,1231,2024Q3
01/09/2025,TURKEY,0.010905391357244228,0.0,0.009586593319363441,0.08225184501972574,0.04601736141705009,0.011828947591474251,0.06048045474951217,-0.04607640402976055,1.788523775812852,0.011264788751563367,0.043776301015026255,0.05653124912213927,0.012547533325704461,-0.784340522058961,2.1,-0.6171529894398452,2.6185629797420554e-06,1299,2025Q3
01/12/2002,TURKEY,,,,,,,,,,,,,,,,,,40,2002Q4
01/12/2003,TURKEY,,,,,,,,,,,,,,,,,,62,2003Q4
01/12/2004,TURKEY,,,,,,,,,,,,,,,,,,91,2004Q4
01/12/2005,TURKEY,,,,,,,,,,,,,,,,,,121,2005Q4
01/12/2006,TURKEY,,,,,,,,,,,,,,,,,,154,2006Q4
01/12/2007,TURKEY,,,,,,,,,,,,,,,,,,194,2007Q4
01/12/2008,TURKEY,,,,,,,,,,,,,,,,,,239,2008Q4
01/12/2009,TURKEY,,,,,,,,,,,,,,,,,,288,2009Q4
01/12/2010,TURKEY,0.07597595042204305,0.0,0.07185034677288357,0.11302350298376586,0.09363064162778793,0.00892958338548669,0.033854856568656444,-0.1838843907394111,1.3967325498571919,0.07597595049848373,0.09322648879688815,0.011022685458448953,0.008322187002201577,-0.20375123742101672,4.526040955888018,-0.19964920296995176,1.3606874858336416e-19,343,2010Q4
01/12/2011,TURKEY,0.0779688003278651,0.0,0.07374779436417248,0.1235492998484336,0.09846524122718678,0.01072006375990688,0.03982489897594636,0.05098218530500055,1.3716658224079983,0.07848937921541631,0.09838459423275457,0.012635201166330979,0.01009061466228406,0.0006686583068303566,5.521504440262122,0.000668658157350528,1.0229679296400103e-06,399,2011Q4
01/12/2012,TURKEY,0.05677296521166293,0.0,0.04723701094893279,0.09908891243396599,0.07244409192735583,0.012387780599121354,0.03692710898882008,0.13514885517094427,1.095155330894785,0.05503268780952836,0.07377184347956071,0.011391814352865,0.011392746531800531,0.015962875574469987,31377347772473.36,0.015960842185790376,9.637303797528716e-06,460,2012Q4
01/12/2013,TURKEY,0.06628669717921717,0.0,0.06619398724554842,0.10561390879654597,0.0838276516657035,0.011030151911010143,0.035344916256776854,-0.022869452438242503,1.0998321963570115,0.06596819273761179,0.08370801988272437,0.010784689529440075,0.010785564170305352,0.01596287576278995,10848462719.388262,0.015960842374038386,3.1528055241137044e-07,520,2013Q4
01/12/2014,TURKEY,0.04564982970244661,0.0,0.03487858853070999,0.09222702658429498,0.06409962614476004,0.011997469664162106,0.03976392235253549,0.08728579563947125,1.2460945355862711,0.04504969788127939,0.06493986995851168,0.012111104793741022,0.011884621634907125,0.0018731360617963676,53.9762531903425,0.0018731327757261708,1.3999663022590075e-06,580,2014Q4
01/12/2015,TURKEY,0.051099392987702434,0.0,0.045009933525451726,0.09701910615718581,0.06992005375327352,0.011447435756723691,0.03910768838807497,0.047151187706067126,1.228387332978262,0.051099392816957405,0.07024898156948008,0.01197949433521487,0.012187099101917202,0.5829875199592327,15.841988950151551,0.5036481062592014,5.31955174438371e-20,640,2015Q4
01/12/2016,TURKEY,0.036055238231753606,0.0,0.034178518874899685,0.08203648228756989,0.05554739207844803,0.010876254013585883,0.03744698021253741,-0.006238865936523702,1.2164968684645407,0.03632810934405016,0.05505397505710288,0.011496889444618694,0.01056167568684333,-0.00079158309076001,12.814500001185946,-0.0007915828427556444,3.0170301374191127e-07,704,2016Q4
01/12/2017,TURKEY,0.05508474456380363,0.0,0.0516427780092759,0.09395260787975414,0.07055624918292747,0.01015122939985691,0.031210977696405164,-0.07472175830451605,1.142175698981217,0.05468052734959169,0.07044291357201472,0.009582529903214726,0.009582778203713224,-0.009023074379841236,385390873.6544608,-0.009022707091537348,5.872331976166954e-07,772,2017Q4
01/12/2018,TURKEY,0.004718717130935777,0.0,0.0012502695530960566,0.06202924689447624,0.02787707346229579,0.011991948314519165,0.050224188280393406,0.05608805696493305,1.4991601729113606,0.004585214089644588,0.02861773871222683,0.04526463299155798,0.009950768072645893,0.4479572265488456,2.1000000000422134,0.4088137545851344,5.045292347961012e-07,840,2018Q4
01/12/2019,TURKEY,0.04311932898319025,0.0,0.038387696747130454,0.08374425276094555,0.059587112071320864,0.009455574990491504,0.03472982883728176,-0.06402280071613697,1.2969880976761703,0.0431193291418557,0.05941603724135654,0.011045694591524489,0.009985031678464642,0.7563070321481065,5.736269105579474,0.6032145694142949,1.2662015053261513e-19,908,2019Q4
01/12/2020,TURKEY,0.02198085660620392,0.0,0.009344139650088356,0.0898600204786603,0.05352485642512155,0.011304263778729054,0.05749213334891919,0.027825070939155358,1.6559996355136313,0.02229135793407881,0.052388827306447144,0.051611970178186,0.011371854885106935,-0.5277941614255997,2.1000000000000325,-0.466769952167982,2.0129024357923153e-06,976,2020Q4
01/12/2021,TURKEY,-0.01202601343209328,0.09897379241203838,-0.025006676741233223,0.0816497619267919,0.05740468394106451,0.01595527140828278,0.09337418824612514,-0.642869977869898,2.0562417998936975,0.003340334757705279,0.048901260681009265,0.05465317418818348,0.017666225515141038,0.01824750325505189,2.2333382283344094,0.018244466065378797,0.0008433216607278514,1044,2021Q4
01/12/2022,TURKEY,-0.008655530077486538,0.07790815329799997,-0.012534255475089443,0.087939226496023,0.03936347082040367,0.015105717908208104,0.08038321412231764,-0.08821392445749095,1.794177206239119,-0.008025664308339299,0.03569591039155427,0.07669429582012519,0.0170883514425572,-0.9325800691487067,2.1,-0.6820237792174063,7.67142471176829e-06,1112,2022Q4
01/12/2023,TURKEY,0.03624397691479594,0.0,0.03266331557489484,0.1059109202040306,0.05808315390492816,0.009532477360454664,0.044512378308772464,0.05359049689597476,1.4790163674841945,0.036311448951509166,0.0577706888215939,0.03905404036905339,0.008554787882742759,0.3076046987054362,2.1,0.29400935311286297,1.2283647081430866e-07,1180,2023Q4
01/12/2024,TURKEY,0.008991079990794612,0.0,0.00441170153370703,0.08703904673548268,0.04028790717761897,0.01247706703842345,0.05934526147778181,0.06223999332725761,1.6230735773887366,0.009127739218761647,0.039233232735165394,0.05140369798458808,0.011233157405602734,-0.18284419751598327,2.1,-0.17986233616097685,4.37755142820826e-07,1248,2024Q4
01/12/2025,TURKEY,0.019220587886375637,0.0,0.01658005240784869,0.08019384191070802,0.04403001196250026,0.010723009469538412,0.049199921511250064,0.07901779612596993,1.5981409148997399,0.01926093840774586,0.04381406237551446,0.042456515479620656,0.009264774790413948,0.0029580040341312466,2.1,0.002957991093262266,3.759677515987257e-08,1316,2025Q4
