country,quarter,GaR,ES,prob_neg,std,skew
brazil,2007Q2,0.01871090530771581,0.008462564154374103,0.0,0.008665683017955072,-0.20084245606995557
brazil,2007Q3,0.00988452730603373,-0.0011798071997800863,0.027665788889426994,0.009935048693819854,-0.21085371141428033
brazil,2007Q4,0.0008161105234986768,-0.013399020488785593,0.048564715086351615,0.01177979759098923,-0.28393421566563604
brazil,2008Q1,-0.012243731333432033,-0.027920587480540174,0.07696263799034427,0.013753809385153823,-0.26027851999163437
brazil,2008Q2,-0.011071602182519215,-0.024799804107076072,0.07551674337912838,0.013286470070345065,-0.2830889980941865
brazil,2008Q3,-0.054661674316451,-0.07798023791336674,0.1267300272411141,0.020901735152403997,-0.3230475652077502
brazil,2008Q4,-0.10245982134936717,-0.12066574054134821,0.4523209755440155,0.025932742663052323,-0.13760867187324272
brazil,2009Q1,-0.10569434853977107,-0.13082629561094827,0.7724342773013512,0.027169803286005906,0.0033006657200348828
brazil,2009Q2,-0.07431806647335171,-0.0837369701700354,0.7745092590421178,0.020284968337318,0.06057922471028012
brazil,2009Q3,-0.047026056523182216,-0.06054664248759854,0.6408886926231213,0.017361978634708595,0.11079577127444783
brazil,2009Q4,-0.0031237220896047357,-0.016416605047391297,0.058439170615116165,0.012023737853111107,-0.1858190100747952
brazil,2010Q1,0.02473029495003802,0.013408589026109752,0.0,0.008719242313132558,-0.45330717911297147
brazil,2010Q2,-0.01605182153308817,-0.040385492613645074,0.07374375245878194,0.01597152992925719,-0.3754895784474695
brazil,2010Q3,0.00036362015121801927,-0.015062415848608396,0.049410703839887785,0.012072493565744117,-0.2992243371663545
brazil,2010Q4,0.00890760827957543,-0.0017669944805087726,0.029138314371557082,0.009983853896070583,-0.19803266529456115
brazil,2011Q1,0.003897745902774072,-0.0060569001451242985,0.04021123934487614,0.010493999167746954,-0.17015660041146327
brazil,2011Q2,0.0008044955385189262,-0.0073268824967072516,0.04752657072689971,0.010558029682836189,-0.14341281487022353
brazil,2011Q3,-0.07278214799272775,-0.09916582706510824,0.22626398986193516,0.0235220572094659,-0.1757429750639385
brazil,2011Q4,-0.0259759079317912,-0.038542040820572596,0.14600157027462973,0.014726144857321473,-0.050820287257309374
brazil,2012Q1,-0.011088900815355442,-0.017558612882099492,0.11191573246687413,0.011585329168674208,0.07345230621489658
brazil,2012Q2,-0.023783375294445862,-0.030053487761266946,0.22209147994815187,0.013206137137647763,0.06305740449298161
brazil,2012Q3,-0.005337969708431287,-0.012756871226347898,0.07777044384302066,0.011042538906657377,0.03745798692399739
brazil,2012Q4,-0.0037422210028221457,-0.01435482556792783,0.0662670211411272,0.011359731713763135,0.054512821455738686
brazil,2013Q1,0.0030410563192427714,-0.0022021401854092904,0.035499988811478964,0.009560950529005612,0.06278504650696728
brazil,2013Q2,-0.019379817229215675,-0.024154595678306447,0.1058784638543464,0.012675277454332575,-0.1684024355479651
brazil,2013Q3,-0.019672787057503464,-0.024956630455916635,0.12305852852405744,0.01266739249415472,-0.063971619123236
brazil,2013Q4,-0.009081504701607422,-0.013173588416735663,0.09270594260933741,0.011000052706517568,0.0028328625256907945
brazil,2014Q1,-0.0054578743408674815,-0.009847936161912312,0.07770138007556429,0.010655192046272825,-0.06817926770909727
brazil,2014Q2,-0.014646931319016676,-0.016983888606046958,0.4161581960214048,0.011152307039378227,0.24615547028716392
brazil,2014Q3,-0.025642575129287873,-0.03171160126196242,0.519868683819285,0.013254652100223831,0.18242878722622388
brazil,2014Q4,-0.03261353063920765,-0.04052340994797486,0.45507903861794624,0.014556278547804424,0.11184141626432949
brazil,2015Q1,-0.03933366963435985,-0.0419358270751927,0.724017006384527,0.014436568236604172,0.17344291121120495
brazil,2015Q2,-0.03090183557658529,-0.03974330090039594,0.7949726515336283,0.014214436573893685,0.3093135755309923
brazil,2015Q3,-0.08742468450924583,-0.09322955765835954,0.9076186432139951,0.02124894491614261,0.11654331109737104
brazil,2015Q4,-0.055187022973271604,-0.060845964305525205,0.9300259992443206,0.016698416696045385,0.3436160981871497
brazil,2016Q1,-0.053070049996747644,-0.05398132161609515,0.9334226819687904,0.015522927192350945,0.34398826072596533
brazil,2016Q2,-0.03830861374191601,-0.042683748317460225,0.8560936139782601,0.014425423164005679,0.29820033732824963
brazil,2016Q3,-0.022363777925622046,-0.026646341220650464,0.7823433555240361,0.012317266145054963,0.3621700535871924
brazil,2016Q4,-0.023428751092012624,-0.02828467083175641,0.7620218933891411,0.012578800220654636,0.3349367396920962
brazil,2017Q1,-0.008619753012635616,-0.01271801115467252,0.19449626194436295,0.010701479495465764,0.2257184996786962
brazil,2017Q2,-0.005772141661000686,-0.008629916146237905,0.0995693432986785,0.010158827366465771,0.19847581161993835
brazil,2017Q3,0.006920587710223594,0.004069800886347202,0.0,0.008517632050131963,0.22169871939910846
brazil,2017Q4,0.007588979289017715,0.003352458756656553,0.0,0.008757206969254009,0.11347628309622117
brazil,2018Q1,-0.013920765126523564,-0.025225083571107018,0.11636555849070943,0.012801970890633865,0.049455691886317564
brazil,2018Q2,-0.015185817985917387,-0.021590014108845187,0.1406913137972578,0.012123240650501434,0.05738010056711199
brazil,2018Q3,-0.0007021571751367334,-0.004902720591543654,0.05604305171956132,0.009826488926163926,0.10543362080131544
brazil,2018Q4,-0.022292559294326386,-0.03887228246808561,0.16195521538928334,0.014789720391594438,0.04532199907308879
brazil,2019Q1,-0.005636493205697073,-0.011596532185889658,0.09628607493005242,0.010671956364283305,0.18821428252395517
brazil,2019Q2,-0.003596390228831521,-0.011502753446925154,0.07505754093422021,0.010748524256120091,0.17788851686939605
brazil,2019Q3,-0.006747558670103966,-0.015479567189986346,0.098019406144841,0.011309653670119706,0.16050512464514227
brazil,2019Q4,0.0019054852342988635,-0.005172205943479418,0.04326939680456289,0.009914791767268968,0.1684443475607659
brazil,2020Q1,-0.18469204817761253,-0.20285417787488227,0.6877760793838823,0.03706817692129777,-0.2129951101910954
brazil,2020Q2,-0.10436235057077535,-0.1181467751294773,0.9520358691039466,0.024275130545610427,0.3246066810902112
brazil,2020Q3,-0.051587577390946715,-0.06641957996061976,0.8007457855428121,0.01800604871934418,0.2030319239907209
brazil,2020Q4,-0.026165364058171006,-0.03993693525467435,0.44754320614263365,0.014648209050412444,0.1586192176572825
brazil,2021Q1,-0.014154619158902967,-0.024808964520248937,0.1206711237936807,0.012708611747319565,0.0598176681409591
brazil,2021Q2,0.042128535950087795,0.031586403020340686,0.0,0.007102167093852908,-0.7980910782882243
brazil,2021Q3,-0.011708126302606852,-0.02579652683098445,0.08400741644674298,0.0132098697356398,-0.11815196873583446
brazil,2021Q4,-0.016424624996532373,-0.02408824647454502,0.15353614783374056,0.01248635990084357,0.06637314870270788
brazil,2022Q1,-0.031175734358301732,-0.03987902875573398,0.21693289083844197,0.014672483466016982,-0.0029549612569139887
brazil,2022Q2,-0.0413076609633026,-0.056565492576417416,0.15974873047037158,0.017369443401258594,-0.15021996629760323
brazil,2022Q3,-0.03412942464501795,-0.05397942721796296,0.12372187019830022,0.017242264046404613,-0.16460755117197065
brazil,2022Q4,-0.017932144947835568,-0.02995020046205941,0.11556076880790879,0.013551332974088854,-0.030459987439515192
brazil,2023Q1,-0.001120761230495912,-0.011902801000944409,0.05387502746510124,0.01121397514223928,-0.09273985558132387
brazil,2023Q2,0.00543503497958215,-0.0008942165177492148,0.028532078469808982,0.00949523172503027,-0.00018564207938250588
brazil,2023Q3,-0.005890087961316071,-0.015796577077605567,0.07974320499624746,0.011479076244465666,0.08838716266381934
brazil,2023Q4,0.007993620652931119,0.0015433148281308803,0.0,0.00901778553055335,0.18190751714075987
brazil,2024Q1,0.012558278546137211,0.0056532709544951515,0.0,0.008608670938040892,0.06610417129694994
brazil,2024Q2,-0.007084156752464588,-0.015432845279996207,0.07959898275075628,0.011513853489106692,-0.03763329957100139
brazil,2024Q3,-0.003058650765520997,-0.012505445139465575,0.06447857334137941,0.011069595364148867,0.057688603541506504
brazil,2024Q4,-0.0034988052765457314,-0.011614580569561501,0.06224103511350889,0.011172287937549256,-0.18591660376999578
brazil,2025Q1,-0.005817688948104305,-0.01944860137788934,0.06746246176873044,0.012307139811106956,-0.08029434309767221
brazil,2025Q2,0.0006944546338254337,-0.008634639514905597,0.04813900840008166,0.01055503463337088,0.06589691508438453
brazil,2025Q3,-0.0017122778733785968,-0.010862089768525852,0.05953735904020524,0.010767058584142642,0.13001851668226594
brazil,2025Q4,0.0005031358001662406,-0.006764909076331254,0.048269356447587376,0.010167436790142228,0.12753156680486513
brazil,2026Q1,-0.03544826186571408,-0.05554329928976601,0.20053183303297684,0.017197998789200954,-0.015755199948919853
bulgaria,2011Q3,-0.06814546308564545,-0.09408023225348526,0.2571087120268232,0.02267908247882501,-0.11303424901908869
bulgaria,2011Q4,-0.028401906916091256,-0.03989520366874688,0.1973154150637052,0.014761998040215768,0.011356549286877139
bulgaria,2012Q1,-0.010682058915250921,-0.016149919882647988,0.10372138835905186,0.011385799130235385,0.04905775094987028
bulgaria,2012Q2,-0.0253954683038004,-0.03024374999560507,0.21962305396091192,0.013198405135609062,0.04045284409272506
bulgaria,2012Q3,-0.009769384835750232,-0.0164509784835611,0.137547363571721,0.011353769907580129,0.15489876187019597
bulgaria,2012Q4,-0.013794995870701862,-0.022458182817300415,0.17697927191357762,0.012220325489395766,0.14083274689048442
bulgaria,2013Q1,-0.006260362827999959,-0.010603680535856058,0.1899857024100625,0.01040318265879599,0.25914816182833056
bulgaria,2013Q2,-0.018224981875508868,-0.024980033858524233,0.27282056129401877,0.012442984410516488,0.1608833565860796
bulgaria,2013Q3,-0.008165205329357317,-0.016426047886295293,0.13612998525723383,0.011369817588213541,0.19396984141405454
bulgaria,2013Q4,-0.002546475047302779,-0.008324088288978619,0.07469279960094413,0.010221847851600272,0.20799709196594382
bulgaria,2014Q1,-0.005721517533421511,-0.010928560536744694,0.09417140341241007,0.01057261605436434,0.16833173516109473
bulgaria,2014Q2,-0.01723024108985454,-0.0177103879392453,0.16179435165345624,0.011312736993590651,0.024798897901740027
bulgaria,2014Q3,-0.01875011492701515,-0.023737320455317623,0.16049789518904356,0.01236706386404695,0.03489354034314269
bulgaria,2014Q4,-0.01885338309546181,-0.026925066676418235,0.13662608013719638,0.012949539764219382,0.0010004885762877826
bulgaria,2015Q1,-0.003575841826673372,-0.009684037137708365,0.06997480114925894,0.010615068994144229,0.010187631026987932
bulgaria,2015Q2,-0.015348235198543024,-0.022460566302918157,0.10760251054760522,0.012391404461152026,-0.04893751698279561
bulgaria,2015Q3,-0.020150605321868242,-0.03339934158746315,0.11254566508539951,0.014124938763760652,-0.08505243794253707
bulgaria,2015Q4,-0.009304553360169079,-0.017463236425303535,0.08708317789873891,0.011773542510007071,-0.04337012444785844
bulgaria,2016Q1,-0.015746871094844545,-0.017558952089108446,0.1085554801783404,0.011572859634705104,-0.08258907845953038
bulgaria,2016Q2,-0.003644541235074024,-0.009992742952078153,0.06913972353431358,0.010687215888868309,-0.010557405335065701
bulgaria,2016Q3,0.008049083352894601,0.0017303936708140052,0.0,0.009044112640057052,0.11445956106648121
bulgaria,2016Q4,0.007766269055221715,0.0007718501920424698,0.0,0.009219783627452127,0.08701733083046392
bulgaria,2017Q1,0.01228778786798592,0.006258436948008068,0.0,0.008430518231927574,0.1371914920227509
bulgaria,2017Q2,0.016400913911665198,0.010844853542584356,0.0,0.007701447373840541,0.20595411872779484
bulgaria,2017Q3,0.01656385512491606,0.013101826451974614,0.0,0.007425368850598662,0.16875511920141814
bulgaria,2017Q4,0.005231041738864732,0.002141874028924122,0.0,0.008879099275079384,0.09440258884583687
bulgaria,2018Q1,-0.009635606368155598,-0.02027207031140717,0.09138838943632135,0.01216767614436891,0.01719573584551061
bulgaria,2018Q2,0.002390312497375112,-0.0061030305608518395,0.04296415886833933,0.010176259223821925,0.0785207301646356
bulgaria,2018Q3,0.0019824504618124253,-0.0019052579856421031,0.03725180598926836,0.009426844543053621,0.10129313356890517
bulgaria,2018Q4,-0.01934812469482822,-0.03474203645266317,0.12496874922626168,0.014244620484335687,0.015132384609309511
bulgaria,2019Q1,0.007676311144171007,0.002081645058065608,0.0,0.009144236237841271,-0.07762766122290968
bulgaria,2019Q2,-0.0009557973448879875,-0.006867337438165971,0.054896274007860735,0.01029919963027189,-0.04644707900899084
bulgaria,2019Q3,-0.006532022318231346,-0.01304953560615634,0.08079984704779733,0.011101712907740318,-0.018737417144876124
bulgaria,2019Q4,-0.011367571785468204,-0.014014843931973069,0.09639077177824411,0.011098964089691504,-0.04457203454771594
bulgaria,2020Q1,-0.1715853476911033,-0.1896072790536174,0.5985640535721882,0.035261527855056464,-0.20381090287354497
bulgaria,2020Q2,-0.07398325786370255,-0.08740134603354496,0.8079280198959363,0.020829157553004025,0.10235699655157927
bulgaria,2020Q3,-0.051980768594126495,-0.06366792308460459,0.590324985359916,0.017766943143256626,0.06469905958128767
bulgaria,2020Q4,-0.041368199538274156,-0.05124474360883852,0.6432543893675471,0.01597625284191878,0.1338760513879447
bulgaria,2021Q1,-0.010542191579371418,-0.020525539658434958,0.09844370332312298,0.012149190555430714,0.03767233267065633
bulgaria,2021Q2,0.016644818371208923,0.008571798100707184,0.0,0.008626815570519097,-0.28952828907262773
bulgaria,2021Q3,0.0014999702945299384,-0.012581852061335289,0.047337045134103,0.011627724484577183,-0.2572616582833475
bulgaria,2021Q4,0.011349562040369972,0.003097994158685641,0.0,0.009432687713962246,-0.37008486350310843
bulgaria,2022Q1,-0.005315845361841601,-0.01624403470598919,0.06721139356246478,0.011824866915617608,-0.12532345680620827
bulgaria,2022Q2,-0.015604865934006423,-0.034270034115667994,0.09340820536554402,0.014498189251068203,-0.1101919058789531
bulgaria,2022Q3,-0.03385666766305607,-0.05280892283314994,0.1459382057189057,0.01693540537613749,-0.10104195046346838
bulgaria,2022Q4,-0.01823550852815114,-0.028961430035375057,0.11669194970763797,0.013373629235483011,-0.037050202626823785
bulgaria,2023Q1,-0.013995094806549018,-0.022354758922842367,0.11119106836415847,0.012356454063407548,0.008814859637119588
bulgaria,2023Q2,-0.0041843305074688135,-0.008815766140110287,0.08017894680009988,0.01034899310287987,0.09992288622655082
bulgaria,2023Q3,-0.0077621517891135056,-0.01637211542617274,0.09243975523571368,0.011497606456428545,0.08736444318393669
bulgaria,2023Q4,0.007505488771190547,0.0018494692063124455,0.0,0.008939384748670027,0.18518013014992893
bulgaria,2024Q1,0.010966154549430555,0.004447672996571825,0.0,0.008651228276474066,0.17392455284024963
bulgaria,2024Q2,0.0057425177437729555,-0.004550305600488309,0.03605213178225127,0.010053954306309907,0.07276364742876203
bulgaria,2024Q3,0.006049783080342416,-0.003835179961772399,0.03469953035087901,0.009973172137120909,0.044490756591817913
bulgaria,2024Q4,0.007692142753604407,-0.0029142339379871554,0.031869060996809306,0.009892655036077887,0.03469081583157709
bulgaria,2025Q1,-0.006318103557587371,-0.019199457236756777,0.07145296975821247,0.01216046900075893,-0.01657232759930603
bulgaria,2025Q2,0.005033169928008938,-0.003953661324753388,0.03599848548824741,0.009949178318519632,0.04753134413384987
bulgaria,2025Q3,-0.0002442105070474612,-0.007981287929552223,0.05124087604080138,0.010443728401260677,0.025406323187417278
bulgaria,2025Q4,0.013046421767381418,0.004550110005371172,0.0,0.00874568152208163,0.14081746770569614
bulgaria,2026Q1,-0.01843945578159397,-0.03968619997879693,0.11140543276721435,0.01518178283516165,-0.022216747608923657
chile,2007Q2,0.015471277794834277,0.00650686689948882,0.0,0.010348687371153086,0.010289394728673379
chile,2007Q3,7.85750180104447e-05,-0.008188936501259118,0.04976239822034931,0.012279933489377911,-0.028515316850532754
chile,2007Q4,-0.01530046357310964,-0.02597714031279035,0.09586385561357565,0.014776602318599267,-0.07921243860705746
chile,2008Q1,-0.029742780973722304,-0.04056560733434318,0.11433975649118466,0.016873564553158013,-0.1822430383958278
chile,2008Q2,-0.026626076455795147,-0.03663076595578804,0.11649685558175707,0.016222076400063564,-0.12460047801844412
chile,2008Q3,-0.08977071520369559,-0.10658471473935181,0.2480039632276385,0.025849630720200117,-0.17118999673788413
chile,2008Q4,-0.0770541256022037,-0.09886154707596205,0.3728214294002289,0.02472318846521697,-0.04867666219006422
chile,2009Q1,-0.09097102844479327,-0.11668318855065053,0.6527281683874027,0.027027572427772775,0.01993725891920143
chile,2009Q2,-0.04978221911761425,-0.06221860273936311,0.6892118354274936,0.0191439162867679,0.15912680240808924
chile,2009Q3,-0.02750829001986613,-0.04255941552650858,0.3573881278120652,0.01671871910219556,0.16518346064551234
chile,2009Q4,-0.017541976986175756,-0.028674600451159743,0.1504628565017371,0.014867610288650752,0.10794970620264795
chile,2010Q1,-0.00011222040304531208,-0.009441741220107413,0.050681642977517954,0.012243575320795896,0.16870489165489674
chile,2010Q2,-0.01962982845559424,-0.04360086398986845,0.094647068043416,0.01772313790080281,-0.12862989090539276
chile,2010Q3,-0.002403958559311893,-0.015835297634508003,0.05621675135855095,0.013699040262014447,-0.1807844804425772
chile,2010Q4,0.010912645114440952,0.002095162063420673,0.0,0.011107206217818815,-0.16070969751158865
chile,2011Q1,0.019214905590419478,0.009382397132617678,0.0,0.010253517151872078,-0.22653761948519696
chile,2011Q2,0.01692473242001326,0.007721121636444043,0.0,0.01025472487592434,-0.042468022500884405
chile,2011Q3,-0.06921312682035383,-0.09431495095022385,0.20335873962536974,0.02451388408147789,-0.15017744531080945
chile,2011Q4,-0.005291373612726935,-0.018822910831856048,0.06558348105013712,0.013947951892134887,-0.07462723968033108
chile,2012Q1,0.010720443469431625,0.0039742125221999235,0.0,0.010669374434126433,-0.06560927831811296
chile,2012Q2,0.010452561416690698,0.0020460230045938263,0.0,0.011022962259212357,-0.09515181542130115
chile,2012Q3,0.016860797057066505,0.008864995818445933,0.0,0.010091582848800205,-0.07757159016975389
chile,2012Q4,0.008241192202922364,-0.0014094148811462613,0.02865110419704307,0.011453405685072953,-0.030667642986388906
chile,2013Q1,0.019188151235913695,0.013123108426198038,0.0,0.009246826556214857,0.14339487997719316
chile,2013Q2,-0.014733706582510163,-0.019234698054005666,0.10422073097424213,0.013550599972859024,-0.015053917340384571
chile,2013Q3,-0.0040778078117363545,-0.010781330875672596,0.07453851030455737,0.012425794629203476,0.07451531019927565
chile,2013Q4,0.005334218239763065,0.00017003107564326017,0.0,0.01087314070386931,0.14377399951991815
chile,2014Q1,-0.007533972659538535,-0.010367721071874014,0.09170873942559465,0.012208990376640553,0.08049858419013475
chile,2014Q2,0.011300968686949294,0.0069736549628545445,0.0,0.009831070281630307,0.282658572142482
chile,2014Q3,-0.005355756672733707,-0.012320060886662319,0.08882141706386386,0.012510753572323818,0.17428421553839124
chile,2014Q4,-0.015722633858277164,-0.023887800496943425,0.12891033598966317,0.01415906721347903,0.08848657126849932
chile,2015Q1,0.002069839344183203,-0.004531348493246777,0.042161110260918414,0.011535003527534386,0.14306594912820947
chile,2015Q2,-0.0028942701607912145,-0.01237441153317225,0.06633001719957973,0.012657440942511507,0.14285454400081898
chile,2015Q3,-0.016721503939226813,-0.031014467033951908,0.11806656313794693,0.015366179133108403,0.06203232171518859
chile,2015Q4,-0.004808102487122965,-0.013980119290058981,0.07843662783314898,0.01284868390299864,0.14486106916085523
chile,2016Q1,0.00962042659072294,0.003357548034542728,0.0,0.010487014071749894,0.16395969663952845
chile,2016Q2,0.0012402370068498418,-0.006289002407711788,0.04588193129955727,0.01170281128446529,0.2250482123383503
chile,2016Q3,0.009151335610183876,0.003286081344438665,0.0,0.010405827947560998,0.2363598586640234
chile,2016Q4,-0.001198422110017562,-0.00643283077794532,0.06503105070396502,0.011619344254088273,0.2343396643193148
chile,2017Q1,-0.0026589577676114882,-0.006181914454672081,0.09769701835221453,0.011429347941990254,0.3147015920718719
chile,2017Q2,0.007257189686569045,0.003708398514269791,0.0,0.010167992522593277,0.3287586368782763
chile,2017Q3,0.01829120358500459,0.015309968708797908,0.0,0.00813251478042926,0.4410394039513914
chile,2017Q4,0.01567891464555896,0.011917654429291156,0.0,0.009262460707471951,0.19446314360422134
chile,2018Q1,0.00525481139635901,-0.006765995153864492,0.03907142508615342,0.012174432743452555,0.030688972428669824
chile,2018Q2,0.015124057634838737,0.0064279421476342545,0.0,0.010353990890781687,0.004585392198504828
chile,2018Q3,0.0054317221464730454,0.002055240846798541,0.0,0.01053130420567117,0.17085402188759025
chile,2018Q4,-0.013529448928909426,-0.0289637270343702,0.09906767508353588,0.015224133768804297,0.011191284256867171
chile,2019Q1,0.0050422913126483004,-0.0009195514581089129,0.028855986703554583,0.010916910408082,0.26222920041166
chile,2019Q2,0.00039353509013822716,-0.00630487924950099,0.0485312378789059,0.011673572027774706,0.2235227127418242
chile,2019Q3,0.0016877429560176425,-0.0056428982859319105,0.04424421786473623,0.011765731905574582,0.0925844315339591
chile,2019Q4,-0.0338508235262814,-0.03415116732897879,0.7021048591830766,0.0148973755287855,0.23613689349693923
chile,2020Q1,-0.17803403713266586,-0.19602450990761114,0.5982108895406056,0.03776596468083554,-0.17560457793679796
chile,2020Q2,-0.09999210281515476,-0.11157722217052347,0.9501266572643078,0.024931807137159194,0.4058143808408032
chile,2020Q3,-0.06839385822171004,-0.0805903190017976,0.9272260074060014,0.02109552751769531,0.34781350983245796
chile,2020Q4,-0.020978532755759838,-0.03338962797368551,0.236593138925417,0.015451435913902955,0.1567766313140456
chile,2021Q1,-0.012105160762811627,-0.021940630061542805,0.149929427789595,0.013848260511364145,0.18041510241068523
chile,2021Q2,0.048816982103567066,0.040380815232130746,0.0,0.007811201404021558,-0.8456975857687267
chile,2021Q3,0.02058071648675899,0.007817621143512522,0.0,0.011641687786875871,-0.6292040382635732
chile,2021Q4,-0.0008609890000126803,-0.004235306564951001,0.0524060311724447,0.012141166863668118,-0.5002427063419618
chile,2022Q1,-0.0005283638896165475,-0.011082221632558436,0.05171976080428267,0.012863375925406305,-0.11528488403503394
chile,2022Q2,-0.016307154288502844,-0.034788432849300444,0.10013536139920938,0.016185555870782138,-0.038144051205307464
chile,2022Q3,-0.03708765909120014,-0.0569544532274027,0.2645422278172538,0.01893348035790509,0.06984111404686576
chile,2022Q4,-0.025096855896031955,-0.03661677276512294,0.5860965782522883,0.015665558070124264,0.26261289916163294
chile,2023Q1,-0.016040347773457943,-0.024303105079845122,0.19469535348268885,0.014101116173481063,0.17074629543409023
chile,2023Q2,-0.0043412146435940005,-0.00904960090683063,0.15798511425697484,0.011855328057101634,0.2997116045848035
chile,2023Q3,-0.01821815622104731,-0.0243885066600939,0.19188920204215928,0.014070449272048665,0.1405331912009568
chile,2023Q4,-0.0028712338377559106,-0.006018808819609761,0.08774045573492514,0.011459451753253344,0.2560188957491139
chile,2024Q1,-0.0010879740897728994,-0.005092445877854265,0.07399992845604186,0.01134996354214182,0.27925306910927594
chile,2024Q2,-0.004449111500505188,-0.012779308846209677,0.082539260978496,0.01260522885334135,0.18942513309288972
chile,2024Q3,0.0006744749224847323,-0.007781895896469045,0.04800601541451745,0.012027294247799771,0.14248525990882266
chile,2024Q4,0.007375863345235673,-0.0021037282925733987,0.030548045667343784,0.011425498805991313,0.06630189854175542
chile,2025Q1,-0.006210540999301588,-0.01878917968960252,0.07439957261248431,0.013700538848286281,0.07248480972417333
chile,2025Q2,0.01251754397262594,0.0031049907460040695,0.0,0.010683733293917643,0.12752480309331785
chile,2025Q3,0.006802353883704527,-0.0022718077970740953,0.03125900186979906,0.011239655541656074,0.23680677363499886
chile,2025Q4,0.011442870644479627,0.0035465942607224056,0.0,0.010397337188131498,0.29121481430328994
chile,2026Q1,-0.04606540158686352,-0.06332925620116538,0.4233516981709989,0.019638194687975452,0.07730020992934683
china,2002Q3,-0.0021916836879497838,-0.02604947164350894,0.05362993753278953,0.02163291974188046,-0.1618198224956091
china,2002Q4,0.023232262087701103,0.007183165316307007,0.0,0.016807546626880925,-0.1013382716770565
china,2003Q1,0.028824248760830923,0.012354847910688194,0.0,0.01632514462135306,-0.2104313792040741
china,2003Q2,0.038630070888461626,0.03045079850901207,0.0,0.013390736148032373,-0.07727951316998201
china,2003Q3,0.03983519207627761,0.028124597435281243,0.0,0.013912200852063232,-0.12810205165564856
china,2003Q4,0.05749797713959807,0.04744781316671291,0.0,0.011226796653457827,-0.06858992855888485
china,2004Q1,0.060285620616041646,0.05198789615092352,0.0,0.010616124406041524,-0.12105699810235937
china,2004Q2,0.06696455963629941,0.060893654639619134,0.0,0.009437509968781354,-0.21167707363347343
china,2004Q3,0.06803480017658176,0.06169291871486366,0.0,0.009148637676291831,-0.005287753865657804
china,2004Q4,0.04209560539948127,0.04058672867212917,0.0,0.011769694547213896,-0.06244666170585664
china,2005Q1,0.048454804418634825,0.04633043706301438,0.0,0.011246822911521159,-0.2424497136196852
china,2005Q2,0.06302025068334166,0.06024067256279516,0.0,0.009371437844186498,-0.19470922835070326
china,2005Q3,0.06281969291994294,0.06001791796778771,0.0,0.009371090389630164,-0.16257263918543768
china,2005Q4,0.07344344886642759,0.06934194774739028,0.0,0.0083083456200339,-0.2937694703608241
china,2006Q1,0.08024508073152561,0.07560910132140347,0.0,0.007481340100727235,-0.24144247392774915
china,2006Q2,0.08634991890673546,0.07920469508405943,0.0,0.007279841328851693,-0.350801226199666
china,2006Q3,0.08725780463815502,0.08020925627183845,0.0,0.006898287134650248,-0.11834846769815739
china,2006Q4,0.0895156936509246,0.08271492275701196,0.0,0.006580453553857469,-0.166609972078669
china,2007Q1,0.08552516788472747,0.07671809944149316,0.0,0.007684500214260258,-0.32819690273448604
china,2007Q2,0.06802929138304903,0.061817348194916806,0.0,0.009671884621045589,-0.5239689524815381
china,2007Q3,0.07294779063347964,0.06304182714968815,0.0,0.009547037794185496,-0.386925660919641
china,2007Q4,0.053511803115592775,0.041928185731185987,0.0,0.012435131823785785,-0.4039939959189248
china,2008Q1,0.02176604213693288,0.011394149177611466,0.0,0.016307619030109643,-0.2748283768742595
china,2008Q2,0.03659589735739327,0.024699577570890845,0.0,0.014478995707037519,-0.2009512453147961
china,2008Q3,-0.031499285156443145,-0.04887395503425075,0.09638954247679599,0.024530856957990257,-0.2194616770819469
china,2008Q4,-0.0732583108731446,-0.08425239360117971,0.1533429338075276,0.02890225172922393,-0.19441338075232767
china,2009Q1,-0.06675771232861219,-0.08467597660412823,0.15064729241520253,0.029102846046991555,-0.14658598199907114
china,2009Q2,0.01090715744334297,-0.0003996358003018828,0.025883618793786877,0.01759878813954274,-0.09479440043562383
china,2009Q3,0.017770354135907013,0.007608429916582574,0.0,0.016722824607781125,-0.2267832995594396
china,2009Q4,0.04357550333203576,0.03368366950180908,0.0,0.013296645012361073,-0.27048506632521957
china,2010Q1,0.07002580005558778,0.05975946386104665,0.0,0.009785844324080636,-0.2346339282976234
china,2010Q2,0.025247242372675775,0.0027351169075667536,0.0,0.017793441670127648,-0.17633525182463416
china,2010Q3,0.051804198366854584,0.03629895016441781,0.0,0.012906090933164438,-0.06417410732011065
china,2010Q4,0.05949582728446736,0.0496378485645744,0.0,0.010911849657163885,-0.05054194582152024
china,2011Q1,0.05649994777080843,0.04749780353671113,0.0,0.011208203909291099,-0.09579348190436295
china,2011Q2,0.06249294980236978,0.05357574235949084,0.0,0.01035625263652505,-0.04885109288580992
china,2011Q3,-0.029373293545487074,-0.051629752317531356,0.09396738962449694,0.02504835916286342,-0.19914620337269223
china,2011Q4,0.01226091387190838,0.004695638279907002,0.0,0.016850361840490723,-0.13864926571246286
china,2012Q1,0.04907470205539942,0.042899121189548146,0.0,0.011526936277882717,0.049593262033533245
china,2012Q2,0.043252582454723236,0.03609371179990786,0.0,0.01244327666567273,0.05379280405074629
china,2012Q3,0.038727091944464165,0.034032499369226456,0.0,0.012626348344665797,0.04135633263699558
china,2012Q4,0.04916346652920948,0.03988966872143182,0.0,0.012033803899898303,0.056526137922831426
china,2013Q1,0.05384245625786481,0.0499412491409521,0.0,0.010475234343582971,0.094741492129576
china,2013Q2,0.04427477809909107,0.03709857052919244,0.0,0.012296398283815468,0.0679803614891702
china,2013Q3,0.056954151219060035,0.04763019809027406,0.0,0.01095947362062028,0.12419624064666664
china,2013Q4,0.05755357910092375,0.051481704745948466,0.0,0.010312106048664216,0.14521063221086847
china,2014Q1,0.047507059201074314,0.04321972253013791,0.0,0.011361502659797917,0.09146928446740532
china,2014Q2,0.06421471487397384,0.0592935991806596,0.0,0.009201030880144838,0.2136565723755353
china,2014Q3,0.047708722261129086,0.04019813996172895,0.0,0.01184252642335891,0.12424596417834591
china,2014Q4,0.029629210178067335,0.022474024844913596,0.0,0.014257532954113993,0.01842650775362589
china,2015Q1,0.052337360517778306,0.045025724753268194,0.0,0.011167894751858932,0.165536201148368
china,2015Q2,0.043995066290436105,0.03485178411036254,0.0,0.012611681519623866,0.11144738430305696
china,2015Q3,0.03411370336483746,0.01932397267097268,0.0,0.014893759241958663,0.07389982185484806
china,2015Q4,0.050210420702982775,0.039638717831649205,0.0,0.01198291991756916,0.17000408094678962
china,2016Q1,0.05586694948461061,0.04930692482255774,0.0,0.010540012962243925,0.21303265219992226
china,2016Q2,0.046038348588847554,0.03942978742945502,0.0,0.011877224035991903,0.14794671792993339
china,2016Q3,0.05126146398819435,0.046409806286344404,0.0,0.010871072328096467,0.18529278772900104
china,2016Q4,0.05306311016954185,0.04698500141408102,0.0,0.010841427271567106,0.18999943750385181
china,2017Q1,0.05314596472582048,0.04916152301614046,0.0,0.010489902792780247,0.18026201722384402
china,2017Q2,0.06114780615742487,0.05692835450650439,0.0,0.009438690917795886,0.25240239237880874
china,2017Q3,0.06701301140107196,0.06352577393586756,0.0,0.008154226574002542,0.3885833401327078
china,2017Q4,0.06462831674280191,0.059704418404468405,0.0,0.009010296841576289,0.3191523018540192
china,2018Q1,0.04164950667874422,0.030734286610845398,0.0,0.013207234146515276,0.11593733367524058
china,2018Q2,0.048918938731281905,0.04121054326577727,0.0,0.011679319999455857,0.15957420109270537
china,2018Q3,0.05911799471740036,0.053967169911055046,0.0,0.009839945010915988,0.2645649909735408
china,2018Q4,0.026076402243234893,0.011507149751044764,0.0,0.015899905250930855,0.07098007243970335
china,2019Q1,0.05150767434987961,0.045738833122758275,0.0,0.010938815705818403,0.2359276136465891
china,2019Q2,0.05108433359759095,0.043519522777271925,0.0,0.011265946504239104,0.2598638099298014
china,2019Q3,0.048945136680052195,0.040343985477355786,0.0,0.011720624445626398,0.25058833943047115
china,2019Q4,0.0565543098312531,0.04928260904095518,0.0,0.010416857165991469,0.3350702492196431
china,2020Q1,-0.11241109269050112,-0.14154093716828753,0.8134028691614145,0.03581091765850863,0.2012545097007316
china,2020Q2,-0.005903635085286678,-0.022237458901202857,0.07177321270502102,0.02019819955429948,0.1385021101328923
china,2020Q3,0.0026164226376096354,-0.009357954849634836,0.04453745582933906,0.018484698915284772,0.07550924644439315
china,2020Q4,0.030911926659463743,0.018514271770367345,0.0,0.014866648898469904,0.09771369966405266
china,2021Q1,0.09408175733165527,0.081100801945236,0.0,0.008521592997779482,-0.7180169852009434
china,2021Q2,0.060943618345116045,0.052000000000000914,0.0,0.010393904544534802,0.11283090640372341
china,2021Q3,0.031580978973343464,0.01772079196112061,0.0,0.01489484523021182,0.18746360847105176
china,2021Q4,0.037606453082775305,0.02907507372433022,0.0,0.013086830184830388,0.2992854602692942
china,2022Q1,0.03410112325552685,0.02258015793690838,0.0,0.014117676320312524,0.23257589458988542
china,2022Q2,-0.0003842610564636466,-0.017681963892992376,0.05335255312211007,0.01932481668079321,0.3092705199119928
china,2022Q3,0.003851213604519118,-0.01543294224959019,0.04500728261888315,0.019446630273891742,0.13635730623064882
china,2022Q4,0.02137308644089131,0.009845149915971983,0.0,0.01565469318854298,0.2870878584341494
china,2023Q1,0.031030221473847444,0.022219302526258033,0.0,0.014050867116017366,0.2362967538519995
china,2023Q2,0.04899999999999999,0.04390717674881774,0.0,0.011167352487227744,0.21551213303413164
china,2023Q3,0.037865591172947764,0.029335256341351243,0.0,0.0131141364847886,0.25217951066885175
china,2023Q4,0.05501602529351685,0.051072163509507676,0.0,0.009116097800968248,0.5580345637614493
china,2024Q1,0.05225294880547068,0.04675932956540928,0.0,0.010686475093144085,0.34236304702322357
china,2024Q2,0.045999999999999985,0.03601495217522564,0.0,0.012228229564407235,0.33165685679434814
china,2024Q3,0.042252521041054605,0.03326924633706274,0.0,0.01256070823635695,0.3104865196183259
china,2024Q4,0.049502035770131084,0.039013822578583386,0.0,0.011908482863052265,0.2984907723722065
china,2025Q1,0.028194830357087856,0.016729485727329248,0.0,0.014934265922923679,0.18187910039434105
china,2025Q2,0.044115046600709154,0.03580224721782589,0.0,0.012236421800969746,0.2920259872164319
china,2025Q3,0.04405896249808626,0.03586162106613135,0.0,0.01220379268482692,0.3092907639991275
china,2025Q4,0.04621020737967273,0.039534963415286895,0.0,0.011624239939251334,0.3584262685978742
china,2026Q1,0.0006850237763427781,-0.01592219098144631,0.048968785876599974,0.019544885149077162,0.06267417083479986
colombia,2008Q3,-0.0601240092919688,-0.08117656012557714,0.20259978212699117,0.022289584990625028,-0.1267380616534926
colombia,2008Q4,-0.0729739861311255,-0.09378931353760021,0.37510116454864545,0.02373830135835224,-0.04180082464689377
colombia,2009Q1,-0.0683281635822459,-0.09500308208458427,0.3717199951106626,0.02407510611285173,-0.01668252067446317
colombia,2009Q2,-0.027439535760948697,-0.04179667950691052,0.2039393420588539,0.016486290661618656,0.0721294127795332
colombia,2009Q3,-0.02638870338390567,-0.04019950701283564,0.20954915004131225,0.01623816924866464,0.0842301069991201
colombia,2009Q4,-0.006805218960249368,-0.018739031359126128,0.07561431979392644,0.013470805589126755,0.025049708537296145
colombia,2010Q1,0.006327226521927323,-0.0031420586943067125,0.03329539564644225,0.011341524235154207,0.0280883822002853
colombia,2010Q2,-0.03473681049615466,-0.05475976597572819,0.12289835343491112,0.01877069661731642,-0.13084591682375019
colombia,2010Q3,-0.006279389803394812,-0.020078912532880785,0.06949126594904066,0.013799082360921056,-0.031815948825886675
colombia,2010Q4,0.010890566876961084,0.0011245883177106242,0.0,0.010895993217960523,-0.06032240265143169
colombia,2011Q1,0.008508722616719082,0.00010777021200323108,0.0,0.01111844575581318,-0.18940132249946434
colombia,2011Q2,0.014909241655910052,0.006560930565792926,0.0,0.010235647681639145,-0.16651352876524275
colombia,2011Q3,-0.03938905184293624,-0.06628296202127235,0.11151886231591372,0.020839969928462612,-0.2561777735070901
colombia,2011Q4,0.0008508967349714416,-0.012772546707706915,0.048438543202106624,0.012996054352906405,-0.15295148881601225
colombia,2012Q1,0.02084955568562253,0.012055986096389318,0.0,0.009444982750873193,-0.08222690723374386
colombia,2012Q2,0.0031242882575197375,-0.004513808666812804,0.03977399642715075,0.011555119155374204,-0.06665843324754858
colombia,2012Q3,0.007792230098753121,-0.0007786519227486464,0.027271212929997297,0.010850195925909172,0.16429795036778938
colombia,2012Q4,0.0074406345967218054,-0.0034547004257542493,0.03292701743137666,0.011325707267832897,0.1287498800793514
colombia,2013Q1,0.018508473797997402,0.01126822670463129,0.0,0.009139911502893236,0.25250716149956015
colombia,2013Q2,0.007270278541655108,-0.0006803218516791414,0.0271392153360189,0.011088138510481715,-0.08699240353818348
colombia,2013Q3,0.02022762099065517,0.010347359736821764,0.0,0.009720358023185096,-0.08883364379891603
colombia,2013Q4,0.025445088508416203,0.0178681272504174,0.0,0.008633063404575505,-0.08346835021728646
colombia,2014Q1,0.025406621274614037,0.017795432348673305,0.0,0.008665333454822668,-0.10775900694712347
colombia,2014Q2,0.018448573033666676,0.013138530778331152,0.0,0.008953609090583486,0.14550402988719227
colombia,2014Q3,0.008214116212377963,0.00012208656927267103,0.0,0.010896945786358187,-0.004055706552603013
colombia,2014Q4,-0.037803621919239375,-0.03988671073041018,0.1569852568305652,0.01610960196540527,-0.15528860772761302
colombia,2015Q1,-0.019165166380081464,-0.021199038602918635,0.11952323887330704,0.013479213146488778,-0.04166021187442542
colombia,2015Q2,-0.004733897422499623,-0.012877404429084357,0.07154260212954773,0.012587277692248405,9.40247987127781e-05
colombia,2015Q3,-0.020566439819546797,-0.03254621039370151,0.11134334277347481,0.015401538772311242,-0.06269849072750773
colombia,2015Q4,-0.03062955817864148,-0.034078244899085224,0.16740798353208058,0.01521200392914,-0.035718317716402145
colombia,2016Q1,0.005205258682086638,-0.0006808462880051394,0.027891752234561848,0.01076411238798017,0.13256062765036106
colombia,2016Q2,0.0024476436927298104,-0.004953177463327809,0.04173185096248949,0.011371595036867554,0.13458833474907483
colombia,2016Q3,0.004272357561449572,-0.0011291285407735996,0.0302260087289166,0.01073904555926758,0.19197155036719968
colombia,2016Q4,0.003934085471566911,-0.0018326351179629996,0.03294487564253738,0.010910734704103515,0.12942281357321322
colombia,2017Q1,0.003967559480074503,-0.0005913697947562481,0.02824292042662914,0.010596519642612266,0.23050494658350315
colombia,2017Q2,0.013297504565794399,0.008264846301382689,0.0,0.009421495665237404,0.30258993753399477
colombia,2017Q3,0.01753763698045617,0.013804550102364194,0.0,0.008642800645096598,0.31280640623912226
colombia,2017Q4,0.012979097572818218,0.008251401316966903,0.0,0.00942501733550306,0.2875181322078164
colombia,2018Q1,-0.010864178078617594,-0.02076131475038323,0.10395023473655575,0.013563402000081496,0.08946829070358893
colombia,2018Q2,-8.490031437207585e-05,-0.007111978899686382,0.05049314145387561,0.01170955558321079,0.06946648094636021
colombia,2018Q3,0.01404032857032371,0.00870437799645711,0.0,0.009511374050497248,0.15864315362861167
colombia,2018Q4,-0.020456964700179735,-0.03392594708100732,0.11628032825496976,0.01557672160465259,-0.020453599080530748
colombia,2019Q1,0.018193999673041486,0.01049118553989145,0.0,0.00939436173004876,0.1399533828117262
colombia,2019Q2,0.014907002061740088,0.0060699503649857415,0.0,0.009996761797538051,0.15085884168635177
colombia,2019Q3,0.012060718563348075,0.002513889393329971,0.0,0.010508730739886899,0.12450587514453952
colombia,2019Q4,0.018244086090001214,0.010205461343638375,0.0,0.009407496943504868,0.17967140442921578
colombia,2020Q1,-0.16773508238088203,-0.1840889868712406,0.5269830816814067,0.03592986657364548,-0.19774096098917135
colombia,2020Q2,-0.11452887955127515,-0.12200314484797126,0.9595300559884615,0.02582443330830815,0.4324023729178073
colombia,2020Q3,-0.06292717777884096,-0.07548465483455852,0.926237201838252,0.02017860766463514,0.3655258987485843
colombia,2020Q4,-0.036675534230661305,-0.04733602388096149,0.715966222048448,0.01676482064717221,0.24469495051156095
colombia,2021Q1,-0.011754421453650573,-0.02097248487076735,0.11178940443139805,0.013545721325664383,0.10251204896982109
colombia,2021Q2,0.04735312055127061,0.039851125778314,0.0,0.008096224236119746,-0.7894592598355891
colombia,2021Q3,0.016882569244662415,0.004227556778621175,0.0,0.011403654265964444,-0.5365904007380553
colombia,2021Q4,0.023597935459046662,0.015121709620037303,0.0,0.009447347038830208,-0.45002018074745875
colombia,2022Q1,0.010849639986886123,-0.000500842263656022,0.026103129921268543,0.011414662183447069,-0.2691951253043156
colombia,2022Q2,-0.002581861554951652,-0.018182433763424537,0.05441196465587503,0.014309026524864146,-0.5063916404633914
colombia,2022Q3,-0.017934720442785452,-0.03649614077658516,0.08581898575443406,0.01647709077216044,-0.2361096040352231
colombia,2022Q4,-0.01682950510654655,-0.027125979075880494,0.11640855334577235,0.01448984298320646,0.027815088956103875
colombia,2023Q1,-0.0019832066546626934,-0.011562579517339053,0.05914431674538222,0.012406788639842199,0.05434904183628485
colombia,2023Q2,-0.0161896691812597,-0.018485151722111758,0.19942101781764152,0.012878847763800183,0.15552144665586992
colombia,2023Q3,-0.025926876125529987,-0.031124766459918168,0.31536925647289243,0.014632609500222623,0.14375239956811248
colombia,2023Q4,-0.00024285695221179168,-0.0044729036250960065,0.054194982732992135,0.011045808645390698,0.25970786918252375
colombia,2024Q1,-0.003992771059798589,-0.007977372870825524,0.09425202910946971,0.011491470426784965,0.2502588331490655
colombia,2024Q2,-0.0052066291971332584,-0.013045569453876246,0.08077277972492942,0.012451797857995385,0.11603046129559459
colombia,2024Q3,-0.008341739638889996,-0.015243770590117396,0.09428890592843739,0.01272338757893051,0.09523942841953549
colombia,2024Q4,-0.002440616345896856,-0.010595600858445716,0.06293434661532189,0.012203796554032469,0.07091511992474187
colombia,2025Q1,-0.008929225474527907,-0.020536151856408683,0.08593743347575289,0.013682294647366765,0.031393979923901104
colombia,2025Q2,0.0005302929886217833,-0.007437079447750845,0.04833604807338712,0.011702374254907269,0.1441358459363266
colombia,2025Q3,0.010076508610849737,0.0014120025759740207,0.0,0.010679584233725595,0.0635850052442272
colombia,2025Q4,0.004368682755997083,-0.0019982703729949573,0.032846258377086976,0.010926446400993033,0.15679430252353502
colombia,2026Q1,-0.030921008360848875,-0.04862127957999998,0.15632626595698562,0.017649010712919702,-0.010572293656760828
hungary,2003Q3,-0.0022387745499861528,-0.016369815985230116,0.05654964914825627,0.012137430173891411,-0.08611360159643545
hungary,2003Q4,0.005653627041306959,-0.004869533211010593,0.03656860936793717,0.01044771014839793,-0.05662598747254642
hungary,2004Q1,0.0044298864729381895,-0.0036725330992795346,0.03633159381140985,0.010247897975917252,-0.11059450171187885
hungary,2004Q2,0.016577490054672524,0.0092741597230857,0.0,0.008526495282437839,-0.12940468267543212
hungary,2004Q3,0.018841061042432404,0.012139856581853516,0.0,0.00809768847071405,-0.09793510841592372
hungary,2004Q4,0.017655980104430903,0.011069330193360441,0.0,0.008210849400220904,-0.07040871480585702
hungary,2005Q1,0.006161915922671367,0.00013706925840533546,0.0,0.009537448362698566,0.01681507975726041
hungary,2005Q2,0.019311685749379588,0.013888939696174198,0.0,0.00779023282877458,-0.06634242209471664
hungary,2005Q3,0.012913855557240422,0.008660069330810996,0.0,0.00841778151392299,-0.054463816873308736
hungary,2005Q4,0.013485750400989732,0.009191165845773014,0.0,0.008385559770360637,-0.09655899102771609
hungary,2006Q1,0.007999957503496295,0.00581751228278353,0.0,0.008798873936211628,-0.15969859950616333
hungary,2006Q2,-0.0077270385427213595,-0.009485639852901028,0.08449658565856476,0.010744935413600925,-0.10344213822917563
hungary,2006Q3,0.011675502225288716,0.007283564203839091,0.0,0.008561088269513644,-0.0052276919569475425
hungary,2006Q4,0.010719275703865848,0.006906940336317072,0.0,0.008574882871278942,0.00836494378559037
hungary,2007Q1,-0.00486717620211485,-0.010425965413913704,0.08230544832387837,0.010797269612920912,0.10407538502201856
hungary,2007Q2,-0.007705305707934547,-0.01557081849564753,0.14999999999998997,0.011424635861290264,0.2171524646636878
hungary,2007Q3,-0.011639585747443625,-0.020882960916660878,0.196081070484345,0.012181918024147642,0.19584821262481084
hungary,2007Q4,-0.022741839387569587,-0.03522061095715013,0.3004018117029903,0.01421755210226613,0.14181031098951064
hungary,2008Q1,-0.04118839217590279,-0.052230752199543595,0.21778243035092762,0.016685483168922863,-0.06486196774773119
hungary,2008Q2,-0.03414523131576065,-0.04414150550216552,0.16395992505696902,0.015628117923035627,-0.09379011467163878
hungary,2008Q3,-0.08032853521216723,-0.09972695369374042,0.3099463261631807,0.02342932309072816,-0.13940332267610878
hungary,2008Q4,-0.09911403348238279,-0.11790075364426737,0.7285428754061268,0.025498267433772107,-0.021578625256317353
hungary,2009Q1,-0.18487175345158788,-0.19390193426568905,0.951640943482817,0.035056161936219715,-0.031996845049639185
hungary,2009Q2,-0.08002929062219188,-0.09024133990465182,0.9365608398836237,0.020877571825868413,0.2933727418495912
hungary,2009Q3,-0.06657267883502888,-0.07840257585985237,0.930549518836293,0.019363167145744667,0.3361072028837051
hungary,2009Q4,-0.041571027689667334,-0.0516975169939762,0.8411767047623385,0.016000895282063624,0.2919514234490949
hungary,2010Q1,-0.01179255990563196,-0.02063800836270646,0.22827421976214857,0.012116668290014551,0.21102219723674112
hungary,2010Q2,-0.05073628776975046,-0.0712288421143559,0.30638360510474083,0.019472502780306326,-0.01933991617200624
hungary,2010Q3,-0.021209385024181255,-0.034287615637970614,0.1492562611946108,0.014284102353943316,0.027062676199002395
hungary,2010Q4,-0.006461853349678123,-0.015253253555361548,0.0833811467043782,0.011585252652164571,0.07290872218401938
hungary,2011Q1,-0.00492876166905476,-0.013377840477620272,0.07226167031205188,0.011416186868556728,-0.003677212007966424
hungary,2011Q2,-0.011103060491679324,-0.01768701944837677,0.11063118115762666,0.011809161567085554,0.07433246201979679
hungary,2011Q3,-0.09560352411690318,-0.11649201586091423,0.3760176043378739,0.025702424573345335,-0.13846528980959144
hungary,2011Q4,-0.03975664708461808,-0.048229356433303734,0.2006892217143166,0.01608908763433977,-0.08525590572705098
hungary,2012Q1,-0.013414180739675305,-0.01938685059572879,0.24251864089697195,0.011856476782511918,0.19931650425760836
hungary,2012Q2,-0.022880476659027246,-0.029486999317450833,0.5344003113053989,0.013145875806353907,0.21884405278497335
hungary,2012Q3,-0.014555949810775556,-0.02121991342776417,0.490529905622026,0.012030663362376001,0.2730614973210362
hungary,2012Q4,-0.02546185821101559,-0.033446166340330416,0.7155067827222954,0.013611814583808382,0.28859191634166953
hungary,2013Q1,-0.01953404597668506,-0.02108626153616003,0.3661875268758763,0.011911223413365405,0.1874913903559218
hungary,2013Q2,-0.013479953801981227,-0.019973797048814895,0.12174374479129493,0.012118015389204404,0.060336236819222476
hungary,2013Q3,0.002172094145383739,-0.00626497615455434,0.04356383771805339,0.010465838471995458,0.018458092741130503
hungary,2013Q4,0.011168046277576026,0.004776542584610445,0.0,0.008965186155679873,-0.000983485948182153
hungary,2014Q1,0.01053405213056368,0.004540364788011141,0.0,0.009053012251701683,-0.08150989734362249
hungary,2014Q2,0.017651048063299028,0.013147915334159746,0.0,0.00786252300705946,-0.08239281394359524
hungary,2014Q3,0.00493731746877276,-0.0030785296901917063,0.034601385945679033,0.010115628121419959,-0.0614525350324948
hungary,2014Q4,-0.00019886161168258115,-0.010694878242257627,0.050722723496775535,0.011221359467374155,-0.06707124177764523
hungary,2015Q1,0.013265512484053464,0.004988061196249338,0.0,0.009063280251440204,-0.054810496990485895
hungary,2015Q2,0.0028727121483321863,-0.007489613554227567,0.04306933542046803,0.010722005979002552,0.0008657761949729469
hungary,2015Q3,-0.008864473695873246,-0.024601943849835682,0.07738719471413064,0.013183148795828329,-0.010152844517849001
hungary,2015Q4,0.006664823267440494,-0.004212270115979182,0.034681515933291725,0.010330290506850926,-0.012734692199705721
hungary,2016Q1,0.0034108167501735384,-0.003190835641635082,0.03708347339521502,0.009824295750534357,0.18854530539338363
hungary,2016Q2,0.007147995315416759,-0.0009689241766479495,0.027984273090287493,0.009763208624732247,0.019754145719727
hungary,2016Q3,0.009496506288873295,0.0032592490600620652,0.0,0.009060221710233728,0.104821971479664
hungary,2016Q4,0.006701837836965811,-0.00018044117864299259,0.025655455766301242,0.009500542871603469,0.1353868396910717
hungary,2017Q1,0.01953937807692912,0.013472864798093629,0.0,0.007837868145474148,-0.02440077102349072
hungary,2017Q2,0.017746308880861518,0.012845246333059543,0.0,0.007789807789008888,0.08080560266108566
hungary,2017Q3,0.02248396861248677,0.018997025532920188,0.0,0.006965569587724284,0.04133730967020304
hungary,2017Q4,0.022209519096329892,0.01712423392051589,0.0,0.007299870332230922,0.004688294512587568
hungary,2018Q1,0.008603669460429023,-0.0038328447214038765,0.0327048211929892,0.010473085001723673,-0.1350392491637619
hungary,2018Q2,0.01285702763489549,0.004416453681789709,0.0,0.009253219681579905,-0.17082706477179263
hungary,2018Q3,0.024474129784799896,0.01851857327130462,0.0,0.007273108386944141,-0.10844759938923057
hungary,2018Q4,0.0013211762307892283,-0.015914987808007066,0.048083714816395,0.012308473064564446,-0.16912532252951218
hungary,2019Q1,0.02011857475549183,0.01296125089919259,0.0,0.008038865553990245,-0.11954444656875483
hungary,2019Q2,0.016055467442360256,0.0077702323615910715,0.0,0.008732949393352512,-0.09296297626363327
hungary,2019Q3,0.010239199698901497,0.0019081029540957144,0.0,0.00955277919164985,-0.1418850695984595
hungary,2019Q4,0.016757635769980107,0.00963659434115239,0.0,0.00840335427437378,-0.05010225037908529
hungary,2020Q1,-0.09763166210911353,-0.13024780463168215,0.31972535960186843,0.02804049663733535,-0.15187713781349352
hungary,2020Q2,-0.09779370156696368,-0.10953060212504438,0.95305599893001,0.02321264521427713,0.42528617037747796
hungary,2020Q3,-0.05417747839259596,-0.06719032406150707,0.82441826182549,0.01822196007961242,0.20920815020652406
hungary,2020Q4,-0.030867122265345645,-0.04350256041577929,0.7156347291129082,0.01511786547305937,0.25488471125325474
hungary,2021Q1,-0.024689286701341965,-0.034180583655214494,0.6499158434124744,0.013807558110964506,0.2564682406823975
hungary,2021Q2,0.06504172246928736,0.05394202192555649,0.0,0.006408951022223496,-0.616491272537495
hungary,2021Q3,0.004288722436012839,-0.010421094333160904,0.04271112192743218,0.011539181788612277,-0.22247862464029197
hungary,2021Q4,0.010885712304922683,0.0026700855230502034,0.0,0.009659209609487126,-0.34524626843415124
hungary,2022Q1,-0.03950973654886096,-0.041065254297478704,0.11488452973057735,0.015421767583448,-0.4418308111291422
hungary,2022Q2,-0.037952641930201064,-0.05048903639316527,0.1174721728854582,0.016932231639693134,-0.3066614387117302
hungary,2022Q3,-0.04250585497188711,-0.05910817666459107,0.15244019595699737,0.01801024585936491,-0.17245962323867348
hungary,2022Q4,-0.037012591688232704,-0.04553924240087265,0.3934662816910202,0.015490803613923956,0.07222937447647211
hungary,2023Q1,-0.032139238621628416,-0.03881800132667224,0.5753365133210768,0.014410138027683128,0.1676973510581714
hungary,2023Q2,-0.024840875800842092,-0.027592688340551355,0.7315710374467541,0.012650713653792493,0.29970594364938563
hungary,2023Q3,-0.02965481199768027,-0.03451397309201295,0.3173430750939187,0.013902851272036422,0.08279048010871547
hungary,2023Q4,-0.005816353504790553,-0.009177097742234408,0.09782113552218279,0.010461230360377324,0.18745832950455688
hungary,2024Q1,-0.0006287944644392876,-0.005157263144320169,0.056671260773644455,0.009998423526406038,0.18297912921052414
hungary,2024Q2,-0.0043489928077573015,-0.013039178224318666,0.0737897200670589,0.011260891162508928,0.1032390402318493
hungary,2024Q3,-0.013040012555922617,-0.02085935335345543,0.23925919025666634,0.01211480687826418,0.20201039102433638
hungary,2024Q4,-0.010434121081565103,-0.019074756974571557,0.17369357190238155,0.011936106924672292,0.18808498907641127
hungary,2025Q1,-0.019286193892384836,-0.03133455935168152,0.2493623999879868,0.01369392871897304,0.14730035736886637
hungary,2025Q2,-0.008515984369751362,-0.01618855702255285,0.14167024966614858,0.011522249698706247,0.1937025271107891
hungary,2025Q3,-0.006377845992608683,-0.01393270979508424,0.09641248062138863,0.011259734835117162,0.16636611201921506
hungary,2025Q4,-0.00017890934675833525,-0.006875155770614622,0.051575758939675836,0.01027105469643753,0.21607018404464698
hungary,2026Q1,-0.038140768174673205,-0.05594558370468366,0.2056711601869047,0.017393140062831613,-0.033117887890948314
india,2005Q2,0.04384316604841709,0.04113852527142064,0.0,0.010255837436234158,-0.1490245966947721
india,2005Q3,0.04892240640268217,0.044830199121780635,0.0,0.009728640326195998,-0.05185785495600845
india,2005Q4,0.0565591467595198,0.05087511373886931,0.0,0.008983082870474637,-0.030602602203270518
india,2006Q1,0.06540945050274284,0.058907099498211914,0.0,0.007954001533516296,-0.01403297222998652
india,2006Q2,0.04396790859214878,0.039278048935255175,0.0,0.010457611914037651,-0.030808032438509155
india,2006Q3,0.05945914331210588,0.05359491040049914,0.0,0.008666896341979615,-0.06694365366541728
india,2006Q4,0.060245069366395114,0.05465505556419968,0.0,0.008507605767475378,-0.05638203114398488
india,2007Q1,0.05500227096972003,0.046865742613653914,0.0,0.009631195451682945,-0.055797299148832434
india,2007Q2,0.04295982055546112,0.03592338737098946,0.0,0.011145157031291566,-0.16768456592611675
india,2007Q3,0.040841103381037726,0.031439694639889014,0.0,0.011714017091496283,-0.065121091758947
india,2007Q4,0.04650010807236887,0.032064735537588734,0.0,0.011983152672694779,-0.18495446732381404
india,2008Q1,-0.007241871014712272,-0.015068492088610453,0.06948467507592923,0.018027270159889353,-0.21954674164096097
india,2008Q2,-0.0162564889116067,-0.021058864621269636,0.08689453207280412,0.01863269116967799,-0.18475067497437386
india,2008Q3,-0.05457896454925365,-0.06955788272991176,0.1280376979242865,0.025479579781282836,-0.18115410599604753
india,2008Q4,-0.03695044151721455,-0.058382232626745856,0.12706655371494277,0.023855838685819593,-0.013774157432057402
india,2009Q1,-0.09151663344587614,-0.10709049821395425,0.24803341642279755,0.030176345603053586,-0.08205397879212038
india,2009Q2,0.02091840968550183,0.004374171704335756,0.0,0.015363525755292757,0.0573898205744286
india,2009Q3,0.02235498478480865,0.0073603066307142105,0.0,0.01505736689988096,-0.03774771576069308
india,2009Q4,0.02932710578895447,0.01806530803366818,0.0,0.013584967362769264,-0.09553916731569995
india,2010Q1,0.044865281178619175,0.03737293227889382,0.0,0.011185973469183999,-0.3549119019047232
india,2010Q2,0.016939520223801817,-0.005637183546503096,0.031242257067125176,0.01729229432603529,-0.16777999286416115
india,2010Q3,0.03942760532202919,0.02446909987180326,0.0,0.012939732609220168,-0.12990298005207276
india,2010Q4,0.051109160693280954,0.040766483737954766,0.0,0.010611916218410901,-0.14148906975568984
india,2011Q1,0.05359830518649636,0.04256057357397161,0.0,0.010362170603011873,-0.1022808443404662
india,2011Q2,0.053072001096776164,0.04313493097527651,0.0,0.01018844172027317,-0.051047796452657786
india,2011Q3,-0.008399186912258947,-0.03773202053093429,0.06439996269362751,0.02151462609501876,-0.027695712859030452
india,2011Q4,-0.004573132577216062,-0.012608196312168812,0.06792646001416075,0.017374032477851735,-0.03221540364972905
india,2012Q1,0.03566399411163825,0.027977149913310066,0.0,0.011798146111050118,0.18604691282161298
india,2012Q2,0.032526222197756686,0.023542736032482574,0.0,0.012421376760183072,0.18224482722897603
india,2012Q3,0.03880470370919788,0.031439560236856436,0.0,0.011501882435795049,0.045698161564450016
india,2012Q4,0.03933979488988246,0.028878137646555405,0.0,0.01189487025042402,0.09974046489094422
india,2013Q1,0.0494523893281162,0.04286164885594843,0.0,0.00985318561742753,0.18453897014333037
india,2013Q2,0.02556791646230642,0.019252536452277164,0.0,0.013063566632172134,0.027022454369383945
india,2013Q3,0.018140921860617894,0.01392877130375903,0.0,0.01375872418444967,-0.03754756835078432
india,2013Q4,0.04867561511392058,0.041743125228706456,0.0,0.01011519487953085,0.07890593326060369
india,2014Q1,0.04311343268781463,0.037000467505915645,0.0,0.010710568830607023,0.06422012282872017
india,2014Q2,0.048356443813644685,0.04417843406419296,0.0,0.009729887358704696,0.037282098275464345
india,2014Q3,0.03934228307870894,0.031720044072243006,0.0,0.011549321097677727,-0.01786243357740006
india,2014Q4,0.03631292144666271,0.025683634404771172,0.0,0.012416952435691379,0.015944713878556636
india,2015Q1,0.04391582108522778,0.03643338538224748,0.0,0.010892822884336942,0.014918745682381425
india,2015Q2,0.03567926573276034,0.026489503796474554,0.0,0.01229077914021674,-0.014068656368644279
india,2015Q3,0.027838867323048945,0.013120075328341843,0.0,0.01428744991211377,-0.033741517910733966
india,2015Q4,0.045682304707482774,0.03470769372064741,0.0,0.011271608076238832,0.0036613381576022196
india,2016Q1,0.05884414334503084,0.05053436379031743,0.0,0.009113665266227066,-0.007798275567361958
india,2016Q2,0.05632499336071389,0.04648754823865361,0.0,0.00969341598660195,0.0022157534172356033
india,2016Q3,0.05483755255887582,0.04819209459444207,0.0,0.009390001302339452,-0.04886112496982805
india,2016Q4,0.04769348846264393,0.04133499009657097,0.0,0.010262039814500279,-0.035747898677394425
india,2017Q1,0.04378266037049449,0.03915766092643967,0.0,0.010354641531309947,0.08042722648191566
india,2017Q2,0.05487908305216124,0.049340571831806825,0.0,0.009004681715223388,0.15998576728997893
india,2017Q3,0.05441755200905689,0.05061040512760485,0.0,0.008735484939135433,0.20308745447125678
india,2017Q4,0.0581693459778905,0.052111482530222,0.0,0.008645402708390227,0.18914867619217857
india,2018Q1,0.03831230718347033,0.026846932275483605,0.0,0.012354367727208644,-0.028239327102714425
india,2018Q2,0.03945404049213021,0.031868090209695395,0.0,0.011499365071667867,0.007342601627057917
india,2018Q3,0.041259130099403976,0.037680669733846324,0.0,0.010557004091177189,0.02932984138021942
india,2018Q4,0.029526540235434814,0.012905212251020107,0.0,0.014303232301469153,0.02858943154654984
india,2019Q1,0.039548625231805586,0.033710357775009844,0.0,0.011050340574680533,0.13207383470528805
india,2019Q2,0.038194043779196156,0.03094690229517181,0.0,0.011452779577925178,0.14017801293041837
india,2019Q3,0.03418509863882161,0.02621155649223804,0.0,0.012084983122993038,0.14433572463519742
india,2019Q4,0.03863267784366732,0.03197063409233353,0.0,0.01117387277286479,0.2522185713578862
india,2020Q1,-0.1011858341110355,-0.1243460984869468,0.23074566765735013,0.032937801060280894,-0.1374965618004158
india,2020Q2,-0.09913602938177904,-0.09970300298557722,0.9447975085599553,0.025089169193350098,0.4318545809668671
india,2020Q3,-0.021653837962628833,-0.03409067059240577,0.34792119225923507,0.019755576649439235,0.27138940231938574
india,2020Q4,0.008821005690476917,-0.0026437864413270933,0.030765011722264625,0.015922548480455368,0.14821280183937985
india,2021Q1,0.020494144468265543,0.010926010762066582,0.0,0.014090545997936008,0.15891763970940445
india,2021Q2,0.09759261722032274,0.08567816437120716,0.0,0.0069980858922358,-0.7111821574368427
india,2021Q3,0.041927247533714115,0.02750689595820134,0.0,0.012571808250256193,-0.1729226243939619
india,2021Q4,0.02603383703560811,0.018528766174521576,0.0,0.013098520031527325,0.10875794020337876
india,2022Q1,0.022426857192446026,0.01175341168831305,0.0,0.014106586285078158,0.10307078829261092
india,2022Q2,0.04035769687970025,0.02258016168796533,0.0,0.013750313192045657,-0.4419802538902661
india,2022Q3,-0.005135902025837845,-0.022160243602081443,0.06283206230724012,0.01900519695295063,-0.04100569516083768
india,2022Q4,0.02770083472073233,0.017119858380254788,0.0,0.01374104990693684,-0.13837966529594714
india,2023Q1,0.037839962237207314,0.027728922871411685,0.0,0.01216167140774439,-0.010009014694127053
india,2023Q2,0.04942655302991378,0.0426656408089322,0.0,0.010011003141281397,0.056944100050440816
india,2023Q3,0.04169902555928435,0.032541104058067594,0.0,0.01153751139175301,-0.04610956297490363
india,2023Q4,0.050180901318355814,0.043711926960815564,0.0,0.009731802010501197,0.1926848179350966
india,2024Q1,0.05858334444126896,0.05087256411099871,0.0,0.008930057342235106,0.12050500468338193
india,2024Q2,0.041644784121673994,0.0325817978707098,0.0,0.01148509071696654,-0.008817193616350232
india,2024Q3,0.0464375756654312,0.0361456984580744,0.0,0.01096618232398213,0.0858589267829334
india,2024Q4,0.04516910482348,0.034613731378798605,0.0,0.011179304729470426,0.08161884670711224
india,2025Q1,0.03561332818672292,0.022383703802422775,0.0,0.012957434334299273,0.011351924247359011
india,2025Q2,0.025184528514668084,0.02026819453737571,0.0,0.012985293830794078,-0.05778624486255008
india,2025Q3,0.04211963789652166,0.03432691661891566,0.0,0.01122874908839359,-0.02898450581725269
india,2025Q4,0.03924408280399999,0.03399882692916392,0.0,0.011176951660733686,-0.0371195221327531
india,2026Q1,0.0009802298615630995,-0.01481126003379554,0.04844816754457855,0.018168017915708108,-0.13599578078233485
indonesia,2003Q2,0.0151686152472039,0.004265882549649372,0.0,0.01220841884982469,0.03221985995127734
indonesia,2003Q3,0.008443778502550695,-0.0050548768435926305,0.034361815517863506,0.013514527055882518,0.03876866409031664
indonesia,2003Q4,0.016702233904878343,0.00645157957927385,0.0,0.011826614791647429,0.09276497585744606
indonesia,2004Q1,0.014696185323591397,0.006522550348944146,0.0,0.01172723930340643,0.09842758509767545
indonesia,2004Q2,0.014000857704538853,0.008837195533834122,0.0,0.011329685426087137,0.07889814115938124
indonesia,2004Q3,0.02703181096996992,0.020494990957074435,0.0,0.009816104943029182,0.14308232687562727
indonesia,2004Q4,0.04314250446575887,0.035622871526841515,0.0,0.008135928632850384,-0.11778462127082408
indonesia,2005Q1,0.03990748439253713,0.03174672775517409,0.0,0.008613234994426481,-0.06389285052255107
indonesia,2005Q2,0.04294980287280368,0.0363768618230639,0.0,0.00792277829189139,-0.040552069359312694
indonesia,2005Q3,0.02095410481321213,0.019013605152344112,0.0,0.010122319552575495,-0.15636158527479074
indonesia,2005Q4,0.024711356544315825,0.02001515753025383,0.0,0.009805891895708081,0.1411121347724704
indonesia,2006Q1,0.015826255198438725,0.014453447369727916,0.0,0.010558166238825812,-0.02269276426667223
indonesia,2006Q2,0.020472285363656195,0.016328985765687143,0.0,0.010414343067814885,-0.011386514011854785
indonesia,2006Q3,0.04109110885875195,0.03453196456026386,0.0,0.008107153157350338,0.028288433775865828
indonesia,2006Q4,0.032124570945510966,0.02817034929068275,0.0,0.0089263236562087,-0.08204302902925124
indonesia,2007Q1,0.030400517392214235,0.023635589801504868,0.0,0.009691187173149545,-0.13735556638174748
indonesia,2007Q2,0.03298117327885324,0.024336980595564592,0.0,0.00973001312663285,-0.19186187309552216
indonesia,2007Q3,0.027521441931454442,0.01793085978486695,0.0,0.010625780034168473,-0.19733801625977046
indonesia,2007Q4,0.005594811824793664,-0.0055380246884159726,0.03743623914229955,0.013730938497880997,-0.14282890474106708
indonesia,2008Q1,0.0003698405158192135,-0.01249152944592532,0.049281102019226405,0.014847867473108635,-0.22676769783090842
indonesia,2008Q2,0.00736845459358778,-0.005287072865927767,0.035444196978041555,0.013823570845055463,-0.18756399449195146
indonesia,2008Q3,-0.04879439314363098,-0.06782877048129515,0.12149655741606363,0.022497701973828697,-0.23506173007319622
indonesia,2008Q4,-0.04709371644734759,-0.06810563499758637,0.12841587303780763,0.022461695428053742,-0.16788741383897185
indonesia,2009Q1,-0.05723874837712462,-0.08201284307166605,0.16567861931991593,0.024310628679698795,-0.10805470132906243
indonesia,2009Q2,-0.012007314764287829,-0.02597781151784922,0.09029550647123744,0.016294733539876677,0.009888040895957495
indonesia,2009Q3,-0.010013299847950609,-0.023245492899066366,0.08235302135343471,0.01594405837094763,-0.011827291705246176
indonesia,2009Q4,0.0072351746664415,-0.0033898370501764543,0.032976078381341006,0.013407903386461601,-0.1294412996016687
indonesia,2010Q1,0.022145962296458876,0.013441842473495155,0.0,0.011102298882393169,-0.12428144004984809
indonesia,2010Q2,-0.0042582103839171655,-0.026492828045631432,0.05763441340979349,0.017049630477003384,-0.19612481071657634
indonesia,2010Q3,0.023052947146746237,0.0075408005012825435,0.0,0.012188872043859732,-0.14712089529040684
indonesia,2010Q4,0.03634493846679686,0.025098112644040778,0.0,0.009688228794999436,-0.14293859405971623
indonesia,2011Q1,0.033634638482951056,0.022763157083659485,0.0,0.009963758370670085,-0.12571778568605602
indonesia,2011Q2,0.03336275162068767,0.02365075263347184,0.0,0.009760084245006925,-0.08653887994907036
indonesia,2011Q3,-0.03450130861764131,-0.06052193326055726,0.10688239163647582,0.021745394799837277,-0.20443452061519668
indonesia,2011Q4,0.014917056276104575,0.0009533755528815077,0.0,0.012961476676971192,-0.12122436581166639
indonesia,2012Q1,0.032121840272930316,0.02376911146586886,0.0,0.009688792196100695,-0.08650554767902355
indonesia,2012Q2,0.02648794019862901,0.017536026238890595,0.0,0.010563532953821137,-0.11583516591698512
indonesia,2012Q3,0.02681915713559322,0.01924090107534051,0.0,0.010270144653266861,-0.10405383896495299
indonesia,2012Q4,0.03074497001521933,0.019609224006515748,0.0,0.01032014685601127,-0.058619224246303066
indonesia,2013Q1,0.03911840265934963,0.03219552043571815,0.0,0.008445096521411044,0.004861630581632043
indonesia,2013Q2,0.02257644199926674,0.01409568370769275,0.0,0.01092705521093907,-0.05245275891588715
indonesia,2013Q3,-0.01622865220194427,-0.0163841005905314,0.09178291822852432,0.014796313204427402,-0.19916076155553772
indonesia,2013Q4,0.006446681967595258,0.004686313870346143,0.0,0.011951185938159792,-0.10784304846831505
indonesia,2014Q1,0.02196390783578281,0.016514494416781537,0.0,0.010420397545570828,0.010456642265238979
indonesia,2014Q2,0.023146975750137862,0.02001943296451596,0.0,0.009854262710141917,0.026598435627850203
indonesia,2014Q3,0.020151579482615423,0.012006051863617632,0.0,0.011080277778232533,0.04285735262480193
indonesia,2014Q4,0.01225043202436358,0.0022497787803200456,0.0,0.012442387986263008,0.025146569374422317
indonesia,2015Q1,0.02495216418456221,0.016849853724622235,0.0,0.010399981997934866,0.09139764176970512
indonesia,2015Q2,0.018036970167593414,0.007900066077752229,0.0,0.011670662458967052,0.062192906225498217
indonesia,2015Q3,-0.01722777546157508,-0.02711259414138338,0.09597698447423682,0.016446479109980587,-0.09309500417627091
indonesia,2015Q4,0.009096567215646507,0.001130402365859864,0.0,0.012564237572805682,-0.021645810777853876
indonesia,2016Q1,0.01282541420972174,0.008963589436804462,0.0,0.011361244843291,-0.009748329978970455
indonesia,2016Q2,0.018008919810262265,0.011272581367282791,0.0,0.011161272146220912,0.004425833647098111
indonesia,2016Q3,0.024675283241508236,0.01922260071316905,0.0,0.010034289088804497,0.04418638543262563
indonesia,2016Q4,0.011376056252877235,0.0077657498018863175,0.0,0.011524072958973319,-0.02435233099625282
indonesia,2017Q1,0.029095277430960804,0.023780748570365433,0.0,0.00940937600991664,0.07435129930269532
indonesia,2017Q2,0.036014309783341074,0.030527918472827906,0.0,0.00848158218630657,0.14840209434767174
indonesia,2017Q3,0.03727227154476808,0.03352449402554894,0.0,0.008028928059055307,0.1465997657019561
indonesia,2017Q4,0.03688526959821057,0.031531376835042826,0.0,0.008363581709605366,0.1290056180682856
indonesia,2018Q1,0.015186158398460877,0.004049501659413174,0.0,0.01228857889771457,-0.002404416553924417
indonesia,2018Q2,0.018005643824144837,0.010856900985397003,0.0,0.011248698779814034,-0.010247765392398713
indonesia,2018Q3,0.02168152419017834,0.018358406467530564,0.0,0.010106514742231034,-0.001653674024510539
indonesia,2018Q4,0.007125236713022398,-0.008549141279988882,0.038635535145000136,0.014159375989571774,-0.034310036449628996
indonesia,2019Q1,0.025026006104625437,0.019133708857196872,0.0,0.010078194772849939,0.02970124439925901
indonesia,2019Q2,0.023085149446985316,0.015954040090544554,0.0,0.010541349387392344,0.029563556723704098
indonesia,2019Q3,0.020258242631721393,0.012230727300605601,0.0,0.01105479717734054,0.03523683815196159
indonesia,2019Q4,0.025601773749759756,0.019012556613697423,0.0,0.010042979339551313,0.10842341304450194
indonesia,2020Q1,-0.16903971311932603,-0.1830639479692029,0.4983603430547243,0.037457482197613724,-0.18301080850852028
indonesia,2020Q2,-0.10761259789160382,-0.11278034275621693,0.9539206163683954,0.026037202210810226,0.48102272837146404
indonesia,2020Q3,-0.07727405675937651,-0.08304270479354844,0.9389939497849686,0.021990596179428307,0.4981248573670732
indonesia,2020Q4,-0.057677770451343875,-0.0603902080954965,0.928389481643969,0.01866158435193085,0.5675158784758042
indonesia,2021Q1,-0.03426410607208443,-0.0383417221261863,0.8487457731707047,0.01601969817464057,0.5416628986895271
indonesia,2021Q2,0.03609688764468937,0.027884477334378918,0.0,0.009326066957318172,-0.275426883667034
indonesia,2021Q3,0.002558538930680032,-0.01093693248942101,0.04526037503427043,0.014204267104706856,0.09021965565519119
indonesia,2021Q4,0.01674891244974369,0.007736501852468013,0.0,0.01161045802096606,0.0932262698467631
indonesia,2022Q1,0.010066358515968099,-0.0012135111973519475,0.027689550562625183,0.012930092375432923,0.035948473307966716
indonesia,2022Q2,-0.0005138618527752107,-0.018169943353405597,0.05124827135428741,0.015565355192539486,-0.07767043792773146
indonesia,2022Q3,0.0005884697986285534,-0.01947892768177601,0.04926688326276093,0.01599689496439255,-0.1770872622207176
indonesia,2022Q4,0.011709083120364012,-0.0010078698004864321,0.02698135081327924,0.012976217235168263,0.024684599776692517
indonesia,2023Q1,0.01575828602465932,0.005678830605634156,0.0,0.011989668201620094,0.03389236797775642
indonesia,2023Q2,0.028292583742880892,0.021680339031835815,0.0,0.009728376866606893,0.07932388320491875
indonesia,2023Q3,0.018502724521842644,0.009543997281751974,0.0,0.011477201943916038,0.0038379838245410237
indonesia,2023Q4,0.030693105021754714,0.024986359180381498,0.0,0.009262935589690173,0.0813103045615974
indonesia,2024Q1,0.03273187547910541,0.02629456297269535,0.0,0.009119716065536115,0.08536844586160978
indonesia,2024Q2,0.0175926010071764,0.009014910586428535,0.0,0.011508600552616842,0.02287416352590798
indonesia,2024Q3,0.022011604737811212,0.012755941218152341,0.0,0.011018132273559501,0.05177286948574195
indonesia,2024Q4,0.02063399054322862,0.011134855283290276,0.0,0.011243102541260302,0.04721301997083979
indonesia,2025Q1,-0.004039108639659946,-0.013348005615156266,0.06480193093729616,0.01456066329464764,-0.05730002143546889
indonesia,2025Q2,0.021914041104948767,0.01355266921396512,0.0,0.010901177408428917,0.031204176444497734
indonesia,2025Q3,0.025132512996436117,0.016374927986699983,0.0,0.010536519311282402,0.04479483337009626
indonesia,2025Q4,0.03285704346897431,0.02474482500060452,0.0,0.009405385164544143,0.06604041483627168
indonesia,2026Q1,-0.020582050248924767,-0.03608701800683074,0.09544089623188619,0.01795771706444189,-0.148593547979054
malaysia,2016Q1,0.013041250754447998,0.007345825621392833,0.0,0.011187844749041125,0.017063123607658694
malaysia,2016Q2,0.005458318974656252,-0.0006718044452352945,0.02773976720866405,0.012290033525669503,-0.01724874847380513
malaysia,2016Q3,0.009130328094157383,0.005250204821894602,0.0,0.011446668049609292,-0.03523451212912195
malaysia,2016Q4,0.0021702622504653456,-0.0010418028160351714,0.03310851270496052,0.012297502585988065,-0.0802617284494521
malaysia,2017Q1,0.02694503755100252,0.020849908036284042,0.0,0.00945605487953743,0.009157936335687492
malaysia,2017Q2,0.03351299667175233,0.02752744362575877,0.0,0.008553531541631864,0.043319406861035165
malaysia,2017Q3,0.03838592943047817,0.033545002028018016,0.0,0.007724046902195899,0.0471592458466065
malaysia,2017Q4,0.022113456247534698,0.018709572416381475,0.0,0.009675913790870731,-0.042998723918000345
malaysia,2018Q1,0.007560072834579008,-0.003581137000552648,0.033035790218357224,0.012935079455022477,-0.06456249603310277
malaysia,2018Q2,0.006887257356746911,0.0004757531665957221,0.0,0.012227173306306776,-0.07852020606725198
malaysia,2018Q3,0.014483127635570563,0.010827930282634431,0.0,0.010673001297028101,-0.002161215651156577
malaysia,2018Q4,-0.012088027245511664,-0.02626010829098809,0.08487775160043515,0.016021725247951417,-0.05848573412027666
malaysia,2019Q1,0.006450694755718821,0.0024236522436647395,0.0,0.011805167667258148,-0.021055463377470555
malaysia,2019Q2,0.009676779847357358,0.0039189378425265875,0.0,0.011742765691790237,-0.07372497875799135
malaysia,2019Q3,0.010600317258056664,0.0031383425728924736,0.0,0.011884086166149237,-0.0480784380285116
malaysia,2019Q4,0.010885597084556282,0.00523692490245338,0.0,0.011382887960592553,0.0847099094513649
malaysia,2020Q1,-0.14668615883649633,-0.1678583664567381,0.4256501443899094,0.035270125110581835,-0.1747606104769353
malaysia,2020Q2,-0.08757618567339773,-0.1014364153411973,0.9351847307690088,0.024825027912867642,0.35266395161414094
malaysia,2020Q3,-0.022679080853431375,-0.03856085221886777,0.21854770330129733,0.017333737588059957,0.15228195295940883
malaysia,2020Q4,-0.01716937658175838,-0.03032347872944328,0.24893218652171645,0.016061144346444713,0.21957368275634367
malaysia,2021Q1,-0.006659408079226816,-0.01683325648412861,0.09014150439823684,0.01430724044212624,0.16028570615800714
malaysia,2021Q2,0.05105236963342832,0.04073707718504351,0.0,0.008229345232069592,-0.5733767526187392
malaysia,2021Q3,-0.030941419230219664,-0.04231271280511796,0.4955765412601293,0.017541621604304683,0.20576952131717052
malaysia,2021Q4,0.007078917987415539,-0.0015176929711879265,0.029413637474396303,0.012448987836790784,0.024085628900121368
malaysia,2022Q1,-0.006270520258683736,-0.01542025444445038,0.07162916286855014,0.014453313553701622,-0.09735540296820827
malaysia,2022Q2,-0.004778865083033721,-0.02207283101252116,0.05956668154906456,0.015898366713267012,-0.24371248756487113
malaysia,2022Q3,0.012798290794100005,-0.009264071380314294,0.035497596888172105,0.014661325717789544,-0.4109316526294557
malaysia,2022Q4,0.011637921604976651,-0.0012882953674061702,0.027491632645031884,0.01284298814171945,-0.16886742019906043
malaysia,2023Q1,0.009653572347306526,-0.00021004904050811105,0.025532383169044798,0.012465743450671269,-0.08420933582413807
malaysia,2023Q2,0.007992223912918591,0.003012622358686762,0.0,0.011640056234955462,0.08736873218862745
malaysia,2023Q3,0.012153139697256374,0.0017019543346560723,0.0,0.012004897205694998,0.10805430628269296
malaysia,2023Q4,0.023709736979167582,0.017126298568703444,0.0,0.00981884898552973,0.1527324856438374
malaysia,2024Q1,0.02533983009993194,0.018478054082262156,0.0,0.009711728331284397,0.09537405514764377
malaysia,2024Q2,0.026938247683131696,0.015196460005904633,0.0,0.010419548412021962,0.010340885142467284
malaysia,2024Q3,0.013400899710382004,0.004478807360987061,0.0,0.011745719258935815,-0.029035063856118974
malaysia,2024Q4,0.02388343809681319,0.012313817462589685,0.0,0.010774083073550475,0.02279751853143685
malaysia,2025Q1,0.01089829975021487,-0.0034476341248648895,0.03100803362626283,0.012943734608390614,0.015601203012847238
malaysia,2025Q2,0.02441276288975016,0.013630607394732423,0.0,0.01051181814792613,0.07905264115714349
malaysia,2025Q3,0.02713700389746606,0.016351224091328193,0.0,0.010190566675287309,0.04942180608418095
malaysia,2025Q4,0.02916003731560192,0.020598748508049887,0.0,0.00961839984579255,-0.021467568510246345
malaysia,2026Q1,-0.007156108725883738,-0.027969658554557936,0.0653905953602126,0.016551606256702298,-0.07912098734261937
mexico,2006Q3,0.013343969836370595,0.007495679114363552,0.0,0.007940075465656803,-0.0732876047053315
mexico,2006Q4,0.009566839364282265,0.004261415443597712,0.0,0.008247561148894031,0.04004478514023658
mexico,2007Q1,-0.003430583870030389,-0.010747967527184321,0.07050200429379375,0.010224754803536474,0.08982578847440569
mexico,2007Q2,-0.0058783971016980255,-0.014690972646795683,0.08127641617954648,0.010806957162614213,0.07762315215281526
mexico,2007Q3,-0.009797339573519095,-0.019890898201332354,0.09691397981226921,0.011573109025242827,0.04068201160830537
mexico,2007Q4,-0.024252159088695747,-0.036935450056425366,0.15505995813836732,0.013979560910104613,-0.024492274266352986
mexico,2008Q1,-0.03397279191293258,-0.04927885307296317,0.2506420287438125,0.01563011413347816,0.018459308918098355
mexico,2008Q2,-0.03361029916202619,-0.04604337909498022,0.17644923479486346,0.015227654423731064,-0.06970243305028051
mexico,2008Q3,-0.08437383127502963,-0.10618718699140539,0.3861346267750817,0.023616231651411718,-0.11893077869246378
mexico,2008Q4,-0.08199195279403683,-0.10598384173538467,0.52949319663775,0.02352141180046463,-0.05302045987298867
mexico,2009Q1,-0.12022313399771392,-0.14478093497540057,0.8653230373517001,0.028316665209343665,0.05436997776537929
mexico,2009Q2,-0.07352246178776306,-0.08745606613432134,0.9367630305226564,0.019891496687894424,0.3419823628552607
mexico,2009Q3,-0.058435175099864,-0.07219835328149687,0.8651974578604841,0.018167240509257908,0.22673604833108324
mexico,2009Q4,-0.0414101713520911,-0.05172210242261586,0.6524692923465001,0.015581536198067255,0.12319220162488197
mexico,2010Q1,-0.008873134183176052,-0.01738028831183673,0.08165921888494777,0.01136964958345502,-0.1231464463745385
mexico,2010Q2,-0.029301008185964074,-0.05335295093598676,0.10687109581946959,0.016974270284368573,-0.2517898311327945
mexico,2010Q3,-0.014069727915194521,-0.02905111708170446,0.09116687857102604,0.013179010725987615,-0.1262831845049504
mexico,2010Q4,-0.006750824027316242,-0.016414366700382287,0.07669796666150747,0.011198688543420552,-0.04309400584770673
mexico,2011Q1,-0.015258165600897163,-0.023034642392982342,0.10192682611421502,0.012053751140586065,-0.09755475825517046
mexico,2011Q2,-0.013249168467268046,-0.020580827628301726,0.10840659110322892,0.011606525221606765,-0.007289095981255879
mexico,2011Q3,-0.0727997837423793,-0.10014530368355354,0.23330743583156688,0.023173676936936283,-0.17251870517825726
mexico,2011Q4,-0.02084894847572908,-0.03448087372442915,0.11374923704298247,0.013808682479172957,-0.1042564920718886
mexico,2012Q1,0.0038792422374455543,-0.004455578767967046,0.038364350491371116,0.009637879630605145,-0.10219110593358934
mexico,2012Q2,0.00024655633612168104,-0.009786655682063744,0.04938564954155561,0.010346331219863832,-0.04249304609588775
mexico,2012Q3,-0.0018568264338091195,-0.010580460953586335,0.0593590182668901,0.010289925277292965,0.0603793073136636
mexico,2012Q4,-0.00805220460319437,-0.01821172410292916,0.08485656917796466,0.011395021191292865,0.008209755467358911
mexico,2013Q1,-0.009480462988191492,-0.014304395292841025,0.21800884750383268,0.01044975494698469,0.2182327255331943
mexico,2013Q2,-0.02546188487706163,-0.031057199593758616,0.17597904800182934,0.012918566401258403,-0.020691626951004807
mexico,2013Q3,-0.024977766859404622,-0.030719740197494478,0.21283351504906436,0.012821927577487874,0.024694126552827794
mexico,2013Q4,-0.008468335086945764,-0.014155415814726874,0.11609099936029565,0.010550534650285414,0.1358370441121137
mexico,2014Q1,-0.004244117865505964,-0.010160764297875479,0.07568441490644075,0.010141640443863419,0.04122038750001522
mexico,2014Q2,0.00048278372697239946,-0.003816589105392759,0.04719270841471307,0.009183438477682786,0.11745181704477055
mexico,2014Q3,-0.00447296016977726,-0.01335503852710497,0.07146747584446835,0.010675789468391877,0.04129918096615429
mexico,2014Q4,-0.018615856767791455,-0.027898058052253552,0.11845881415559115,0.012707293193456613,-0.060453829615890575
mexico,2015Q1,-0.008044628656805254,-0.0147111842845665,0.08723355835823549,0.010818065500553703,-0.010498855473974167
mexico,2015Q2,-0.009019522366830603,-0.01947318658772135,0.09185685075447594,0.011541293923839438,0.033937826153788236
mexico,2015Q3,-0.022236162262948847,-0.0372188185330309,0.12006146399257404,0.014185290291557425,-0.07705893367031647
mexico,2015Q4,-0.014571002739176234,-0.023897872568660054,0.11633650116192842,0.012098715469049054,0.010141167542374378
mexico,2016Q1,-0.007430809149425167,-0.013214660993490947,0.09371332418626921,0.010486520783895597,0.08486862630248321
mexico,2016Q2,-0.015895145362445545,-0.021674634743712194,0.12336193875702274,0.011688482147769649,-0.009440313881310426
mexico,2016Q3,-0.014099667662811115,-0.01806249186731744,0.16709641606419406,0.01102843196479574,0.09458834738766907
mexico,2016Q4,-0.007691852466003964,-0.013185946464002764,0.09022510892154145,0.010525280522896405,0.033221569097445676
mexico,2017Q1,0.0009340134275874629,-0.0036575046400662142,0.044914462853977426,0.00929117961656766,-0.008835128136595418
mexico,2017Q2,-0.0010681262198698055,-0.004781618495162149,0.06094569969462454,0.009262188752433682,0.14129540698583393
mexico,2017Q3,0.0055604800986538555,0.0023688007691794882,0.0,0.008244768892848251,0.2373263404558625
mexico,2017Q4,-0.00048820725213414434,-0.004214346483490887,0.05525842935797612,0.009175415598707558,0.1571891502716867
mexico,2018Q1,-0.02283462883051081,-0.03327151898303522,0.195277047735571,0.013315547473266008,0.04578129310789062
mexico,2018Q2,-0.012967126122130319,-0.019640224763229578,0.10311468891761168,0.011484148400558064,-0.030657093075241223
mexico,2018Q3,0.001989795080722598,-0.0028804303625794628,0.03978591903040583,0.00913892635191805,0.0589791197773542
mexico,2018Q4,-0.04364385836857276,-0.05640052576872792,0.25171717414979095,0.016561136623114862,-0.04703167108565836
mexico,2019Q1,-0.014174506648586608,-0.018522793041945068,0.15855167999795167,0.011122064494736175,0.07765240657130988
mexico,2019Q2,-0.026800377008215026,-0.031189360938133046,0.41878597919912175,0.012703465578433625,0.12260732857110465
mexico,2019Q3,-0.026032744991803154,-0.03185535819613828,0.34319038905315885,0.012866803659384689,0.10684237410283216
mexico,2019Q4,-0.024590395613112485,-0.02798828519551921,0.47250158411220483,0.012209919600467219,0.1572694226964034
mexico,2020Q1,-0.21289635314591931,-0.22682772851429278,0.7626998287805776,0.039595899600293825,-0.21929280066888832
mexico,2020Q2,-0.13614019124397228,-0.1439566979622134,0.9719086103969707,0.026709544333554908,0.43322665193454224
mexico,2020Q3,-0.0667622029538151,-0.08110276609592192,0.9259796272948798,0.01919372764435255,0.2957895099968287
mexico,2020Q4,-0.041114295352568206,-0.05378809910389555,0.78117832930148,0.0157950001680054,0.2170394726079296
mexico,2021Q1,-0.03143127178599297,-0.04153912969987254,0.7302816710151345,0.014104587637909647,0.23676425864560577
mexico,2021Q2,0.06352498781882986,0.05136889178275281,0.0,0.006469091561339733,-0.5501945597016383
mexico,2021Q3,-0.011565751749718717,-0.02613951806723837,0.08212998889756486,0.012803963165273612,-0.14604908312158468
mexico,2021Q4,-0.010101491039329162,-0.019312635494077156,0.10191873135845343,0.011442572357232634,0.058009962736573224
mexico,2022Q1,-0.01975087230284265,-0.030420846521555966,0.11889213369994253,0.013106755086294,-0.06966947880525888
mexico,2022Q2,-0.04365889917993848,-0.059445630506068776,0.17496212511703269,0.017234871189741825,-0.13420146006662584
mexico,2022Q3,-0.04845960502020262,-0.06610167799799656,0.16180277510210636,0.018317479181105125,-0.20261725446792506
mexico,2022Q4,-0.017377755723619003,-0.02922446096989844,0.10142220067792962,0.013087492029474485,-0.1372612410840685
mexico,2023Q1,-0.010660579627282347,-0.020697225077376993,0.08980629565744773,0.011793475754718348,-0.05941851121903743
mexico,2023Q2,-0.003891088363395162,-0.009011202928160059,0.07188812943734504,0.010035397290961931,-0.03355685177319507
mexico,2023Q3,-0.014558023198232871,-0.02231640027663858,0.1015018884736719,0.011938829852515563,-0.08126891808239022
mexico,2023Q4,-0.0008072143496853368,-0.005661582700578539,0.05579143823294322,0.009493741720890026,0.06380399703804128
mexico,2024Q1,-0.003954491547508196,-0.008846737047452721,0.07809074865897463,0.009886311964749164,0.08517756105369553
mexico,2024Q2,-0.02093255678582597,-0.027416772919999832,0.1400219571074337,0.012521856713546994,-0.05412902346636702
mexico,2024Q3,-0.023305831386052252,-0.0296535816785138,0.18152616051147272,0.012725246603668664,0.011157831583380353
mexico,2024Q4,-0.025103424460566685,-0.032184868868398074,0.24771041728871174,0.013009891360374079,0.06814597337394325
mexico,2025Q1,-0.023629186645695834,-0.03623857217962112,0.22686325611664107,0.013753891244639995,0.07059439883083243
mexico,2025Q2,-0.013689809270371386,-0.022106108032096297,0.2353921755663821,0.011635762578946779,0.17536192518022822
mexico,2025Q3,-0.013085201942979088,-0.021411853999290888,0.2384756413705179,0.011533256416034322,0.1842213875544527
mexico,2025Q4,-0.005353192661011072,-0.012014318337015446,0.08323252038043756,0.010356130824765221,0.09528565678349121
pakistan,2016Q3,0.02379345499522302,0.014317360093328095,0.0,0.008759625732299279,0.289339021244805
pakistan,2016Q4,0.021618559682294453,0.012541245023627148,0.0,0.00939268381409724,0.09530226276204197
pakistan,2017Q1,0.03206774354531196,0.02386229643387889,0.0,0.007988850343633306,-0.015802981238833443
pakistan,2017Q2,0.004903317914377276,0.003615602714247865,0.0,0.010500732601927548,-0.16338106227361993
pakistan,2017Q3,0.042621010816772456,0.036985460461585136,0.0,0.006334950812642844,-0.2174802083517426
pakistan,2017Q4,0.010696586283422044,0.008523342432517789,0.0,0.009885248691347713,-0.16109021160455456
pakistan,2018Q1,-0.0028621753888633493,-0.012770172656339986,0.05907846471111524,0.013010725867327221,-0.15174877834315034
pakistan,2018Q2,0.010463029065411633,0.002711118994746853,0.0,0.010895552755339242,-0.17061620107558842
pakistan,2018Q3,0.023705995461172337,0.015824993647512185,0.0,0.008729910152024444,0.226658647209914
pakistan,2018Q4,-0.05282787153953039,-0.060879847816308175,0.2297924601529314,0.01916792015307653,-0.08625055948772938
pakistan,2019Q1,0.004838763080149539,-0.0013532003835109994,0.03046353507838296,0.01104107149027898,0.12049608489116642
pakistan,2019Q2,-0.0007639758245324667,-0.007343827501473832,0.05473082743387569,0.011875069173675644,0.08006155738859806
pakistan,2019Q3,0.006147378269416158,-0.0033515699338578582,0.0338208974881626,0.011407308633018443,0.1413733236412308
pakistan,2019Q4,0.015807964454094194,0.006888258943927493,0.0,0.009908062609389322,0.2642834051575709
pakistan,2020Q1,-0.12180583045021279,-0.1497853283516279,0.5274738015560533,0.03168358769655362,-0.09262249394485025
pakistan,2020Q2,-0.08519801980287821,-0.09965144867289645,0.9329255234478983,0.023557925699118815,0.31816722729184704
pakistan,2020Q3,-0.024837500491327127,-0.03980714879548913,0.13709963373419876,0.016527531706518547,0.006805493007794854
pakistan,2020Q4,-0.006713214220333623,-0.018892219589750618,0.06832215743812829,0.013942335241357027,-0.17168743258355457
pakistan,2021Q1,-0.003601838086576107,-0.012227356804481454,0.06116096976027268,0.0129647662931318,-0.21128688898459794
pakistan,2021Q2,0.046603246233884565,0.03599837534948553,0.0,0.007709324974469032,-0.6568998504926442
pakistan,2021Q3,-0.0027038268288864034,-0.01584311405691582,0.05698110199924031,0.0136078351897278,-0.19312935174340778
pakistan,2021Q4,-0.0032909403820553657,-0.011871354889644543,0.06687524215540684,0.0125510607852885,0.07167839117537528
pakistan,2022Q1,0.0035905708986600435,-0.008586283532395784,0.04262828729909372,0.012479418370019067,-0.09545440072169974
pakistan,2022Q2,-0.028425364222824795,-0.04312042131776189,0.10839582978332585,0.01730689050098299,-0.20004691276177478
pakistan,2022Q3,-0.07398328135984887,-0.08596533566362946,0.3941789795031035,0.022542539361463325,-0.05050562070368887
pakistan,2022Q4,-0.0125123483046634,-0.024389994280103543,0.10029577845603249,0.014356629348192443,0.033940799257590464
pakistan,2023Q1,-0.03023263927510586,-0.037431334490429985,0.5218546116524087,0.015609451699331811,0.19405842984864927
pakistan,2023Q2,-0.04415492244826505,-0.04466370859425816,0.7658968689250897,0.01603208641491674,0.22602114408289586
pakistan,2023Q3,-0.010104688712766565,-0.017379976348242884,0.09144589739026449,0.013293608037808905,0.009080470739319722
pakistan,2023Q4,0.006213884642944471,0.00135260027966376,0.0,0.010652007449795688,0.1086797504998763
pakistan,2024Q1,0.0028981078504747015,-0.001175311515972638,0.032213298031953524,0.011042575215943174,0.020635561989485084
pakistan,2024Q2,0.009380465105634443,-0.0010712770488089556,0.027562436560763987,0.011251780390380587,0.05245773570482071
pakistan,2024Q3,0.003957917010823014,-0.00615326931197307,0.04021401424999031,0.011774092211227744,0.1563578350554669
pakistan,2024Q4,0.008343541891524132,-0.002611464571641107,0.030959523119456413,0.011406653928242366,0.10947007801579403
pakistan,2025Q1,-0.0034540613550802027,-0.016844432272153265,0.062272285810546266,0.01343136978994114,0.03934444570334574
pakistan,2025Q2,0.03322311865081701,0.02136167495558751,0.0,0.00862541075204575,-0.13210717476041464
pakistan,2025Q3,0.02052021218048057,0.009710228067803861,0.0,0.009903304489253436,0.01844405324245936
pakistan,2025Q4,0.024518340940210707,0.01526157894148962,0.0,0.009142449715397226,-0.007409719751224239
pakistan,2026Q1,-0.02027219599766951,-0.03895333187210099,0.0956150714937442,0.016858010086351655,-0.1651004998226858
peru,2009Q3,-0.02400609498644502,-0.0384476907275405,0.1458196258178053,0.016120243690578087,0.026588276883257163
peru,2009Q4,-0.009405612851759152,-0.021130282242497283,0.08446980514900124,0.01380560881510305,-0.005611220152523024
peru,2010Q1,0.00931470650517268,-0.0003859266146702956,0.025994591306316053,0.011042034074945998,-0.025047299468630952
peru,2010Q2,-0.02917151834581006,-0.0507571602022747,0.1052277290678095,0.018459580268670055,-0.21738841518902635
peru,2010Q3,0.0023196593295373713,-0.012290557850471872,0.04603075830263616,0.013006084710899132,-0.1853401830348038
peru,2010Q4,0.012541737204464942,0.002948061783765707,0.0,0.010731296336097882,-0.14429905545041385
peru,2011Q1,0.005387634961505034,-0.002763819200512746,0.03347646059702739,0.011452778605346728,-0.16674309493371217
peru,2011Q2,0.003378850010680473,-0.0037906048073024366,0.03821789767680308,0.011417824327519355,-0.05497935540810806
peru,2011Q3,-0.06671758571303915,-0.09204132439759513,0.17007434674015845,0.024036652841789918,-0.1873083468018533
peru,2011Q4,-0.009084215569148648,-0.02201423756275046,0.07615022483103086,0.01411489229939295,-0.10790262807591665
peru,2012Q1,0.013304910313257562,0.005575057527041481,0.0,0.010197146575530733,-0.038278827201679695
peru,2012Q2,0.011096969979200969,0.0017874898866740497,0.0,0.010752732638802174,-0.034622698746825525
peru,2012Q3,0.013855749365781204,0.00600284295705579,0.0,0.010184511107409585,-0.07554196668886436
peru,2012Q4,0.010206701664134538,-0.00019610862865793827,0.02547128762117726,0.01104175353243312,-0.02135858123699092
peru,2013Q1,0.010728005998962918,0.006697531298335627,0.0,0.009876413519420379,-0.015069042134447133
peru,2013Q2,-0.04835882074903705,-0.052962117765525646,0.16285487633568133,0.017169921739343338,-0.2839945544853875
peru,2013Q3,-0.00464342633953602,-0.010236571996793696,0.07105668931401563,0.012244617897561256,-0.09309320900925032
peru,2013Q4,0.01911709975825903,0.012615450917305107,0.0,0.009232832798673011,-0.04485474110941232
peru,2014Q1,0.018774739986310143,0.011561106411966575,0.0,0.00931194056119538,0.04866564486481024
peru,2014Q2,0.019938901780129567,0.014443890741263891,0.0,0.008727284301061138,0.21098188903530002
peru,2014Q3,-0.0009300163401377223,-0.007998581080014482,0.05524564349078438,0.011828826579365785,0.058753779826254515
peru,2014Q4,-0.005354462936329352,-0.015341618884745414,0.07457603989204581,0.012886086387096792,0.06748106944340874
peru,2015Q1,0.0060265163908678095,-0.0012005266988739036,0.02915289726367471,0.01091209632957185,0.09828971512875975
peru,2015Q2,0.0045200455916145875,-0.00568577137593037,0.038927771274978346,0.01167369819758573,0.04368911320459251
peru,2015Q3,-0.014370822933038778,-0.028446787018092667,0.09718538005055724,0.014895885663066433,-0.03326162282597945
peru,2015Q4,0.007860566286548215,-0.002576697462244839,0.031171870147822037,0.011323900549523308,0.0048927977427965725
peru,2016Q1,0.017704338219829127,0.01048376362589456,0.0,0.009437394857647113,0.06396867201692201
peru,2016Q2,0.015693031416601583,0.006563696135581234,0.0,0.009997169666662973,0.08852026232943862
peru,2016Q3,0.019257868076227577,0.012573739372768464,0.0,0.009141419477134661,0.06824209495389325
peru,2016Q4,0.012468780193894004,0.00579606740203556,0.0,0.009993068744695117,0.09278985928022339
peru,2017Q1,0.0019991360025969733,-0.00060621308433614,0.030817004402371125,0.010703819644877434,0.04728455791933095
peru,2017Q2,0.024654229243597697,0.018864411764031995,0.0,0.00808556448379521,0.2352402767670794
peru,2017Q3,0.016243090480493758,0.01437241369736552,0.0,0.008663150837252487,0.1277154847950416
peru,2017Q4,0.017885352733317067,0.01360256054461588,0.0,0.008821194437314753,0.17080985981692084
peru,2018Q1,-0.010034833139814412,-0.01935342011588985,0.08704689650294252,0.013507886649326367,-0.028892653577240607
peru,2018Q2,0.007209252261558965,-0.0001322122332628913,0.02545022431612979,0.01093916349399471,-0.048964559157052716
peru,2018Q3,0.01086039545766708,0.006743990458014104,0.0,0.009756127695052434,0.10487982875712189
peru,2018Q4,-0.008745542303390702,-0.024707394491615825,0.07378672672821562,0.014512599207837327,-0.05268601756224074
peru,2019Q1,0.014763748858665868,0.00781410243983447,0.0,0.009696075605108696,0.14230455110205978
peru,2019Q2,0.01178274851692454,0.003359199168903433,0.0,0.01029165929409298,0.17703911347360324
peru,2019Q3,0.0059029776320443615,-0.0020344235975614145,0.031407713112615504,0.0111153421715171,0.037563378853281496
peru,2019Q4,0.018669931102230482,0.010711499342539031,0.0,0.009318325741645796,0.19234407888939337
peru,2020Q1,-0.15418473221279363,-0.17719032140518115,0.5345551316184576,0.03513886418449459,-0.15880158456593405
peru,2020Q2,-0.10270871802536198,-0.11538076619792041,0.9510641852205128,0.025190576116271197,0.37257268621729284
peru,2020Q3,-0.0423655426964247,-0.056522005708996605,0.6440327235525848,0.018182360723678178,0.17685314584751707
peru,2020Q4,-0.019124685385183332,-0.03138383668844048,0.1466417312174227,0.01503448539976844,0.07964768249000506
peru,2021Q1,0.004317117597661201,-0.0069502346711661075,0.0404211799394852,0.011932850799441883,-0.00011253516936900503
peru,2021Q2,0.06268712297037307,0.05531275785006243,0.0,0.01153209683260457,-0.5913648141307049
peru,2021Q3,-0.00022113810644970242,-0.012951306544012773,0.050536323604290216,0.0131329557462215,-0.2724059073344575
peru,2021Q4,0.0077031203989713255,-0.0018464527127669066,0.02983386192021837,0.011139344714914852,0.052695966647372604
peru,2022Q1,-0.01745052452810901,-0.025755060156735708,0.10297287428848163,0.014376605749832507,-0.07998097525139344
peru,2022Q2,-0.04513822300628134,-0.05793275821481711,0.16330108757457654,0.0188833789861039,-0.13162009641450356
peru,2022Q3,-0.047874722478678564,-0.06416224799026732,0.17657727365791867,0.01977810175608889,-0.0962672887435961
peru,2022Q4,-0.007123562637799043,-0.019602879687855932,0.07693971094436824,0.01357855358355408,0.03741935525874747
peru,2023Q1,-0.009264017789587556,-0.018245558153467914,0.09742005419919834,0.013184169817235879,0.09556394751468092
peru,2023Q2,0.0022653107992081367,-0.0027965496902408425,0.03881186668454225,0.010949321103475693,0.17309432424981214
peru,2023Q3,-0.00934534682079874,-0.01700289450565047,0.1012891681605645,0.01294803580504028,0.11308443920204568
peru,2023Q4,0.00803605394047634,0.003221769037256017,0.0,0.010126994757856306,0.21522625365433004
peru,2024Q1,0.005453505904511123,0.001358458938630548,0.0,0.010445833426039103,0.10818365430675028
peru,2024Q2,0.0076966466113961435,-0.0016516796549461842,0.02941704645272407,0.011130650307356847,0.030514313660051362
peru,2024Q3,0.004905072180804524,-0.0035038926781905885,0.03541713438260613,0.011362984505332662,0.004215278970308724
peru,2024Q4,0.002193849119233572,-0.0061008983076145384,0.043387836282595516,0.011727190753091614,-0.021947305077993667
peru,2025Q1,-0.009224442707790605,-0.020524832245718005,0.08115906374923441,0.013773033685657075,-0.05152834062253148
peru,2025Q2,0.012365488608047495,0.002780341394874597,0.0,0.010483312611112204,0.10820111618528822
peru,2025Q3,0.017616540759626154,0.007483280203255997,0.0,0.009905532542358667,0.1020813533240398
peru,2025Q4,0.01729470717557402,0.009285413203870371,0.0,0.009565974414505561,0.12504889769426286
peru,2026Q1,-0.027453707750987835,-0.046314145154691656,0.11970742043344826,0.017496209503073346,-0.07340521176981632
philippines,2000Q3,-0.0018370199931033414,-0.01095961433492219,0.05677727854827185,0.013980933007720244,-0.06597273781972021
philippines,2000Q4,-0.033727505686327694,-0.044627962159237956,0.1288911951726509,0.01852930318114346,-0.09911852831587842
philippines,2001Q1,-0.019306533177620707,-0.03585413765785776,0.10749289562210061,0.017456121724637345,-0.013906552583138566
philippines,2001Q2,0.009639596580088665,-0.0005478178531770247,0.026344349581450707,0.012515835715550086,0.04763583800750652
philippines,2001Q3,-0.02711803310526419,-0.0457525834592662,0.1152663695857243,0.018927535790376034,-0.06418396516823696
philippines,2001Q4,0.0005405542900336416,-0.013618438796028256,0.04904556368036199,0.014427812753033679,0.007821654334737142
philippines,2002Q1,0.018177317671528206,0.00860284805578182,0.0,0.011299532085679354,0.052584272402164775
philippines,2002Q2,-0.009243762642698107,-0.023169077711240986,0.07723692390197866,0.0157477834168224,-0.04706174995499737
philippines,2002Q3,-0.05695064147287961,-0.07924632792327653,0.16980737242289684,0.02357108863815252,-0.10781281588142834
philippines,2002Q4,-0.031408050224657966,-0.04418745604068679,0.11457344737668876,0.018650971731052367,-0.15328626150351302
philippines,2003Q1,-0.03578064155332093,-0.04827132116731924,0.11954342983836862,0.019202936509981984,-0.16541511721377905
philippines,2003Q2,0.008724973423125532,-0.0012262355046394006,0.028080619434132453,0.012693004163148688,-0.030225135134001883
philippines,2003Q3,0.005476065365767432,-0.007171289456298822,0.039175472968835424,0.01368049404196094,-0.10356545461532779
philippines,2003Q4,0.022671145078512193,0.012036004083489288,0.0,0.011017548335397356,-0.05630015209800489
philippines,2004Q1,0.030073563020049876,0.02063762067598237,0.0,0.009926070700556813,-0.14007278435489695
philippines,2004Q2,0.04656419102381827,0.036827980780824554,0.0,0.007754860745906323,-0.021234927615135235
philippines,2004Q3,0.043272040797632486,0.03479835263359696,0.0,0.0078902271648099,0.02108524147885392
philippines,2004Q4,0.04337624528786345,0.03453047506597596,0.0,0.0077824856455368675,0.10977052209698235
philippines,2005Q1,0.03946559111683205,0.030262666911283195,0.0,0.008421726248946897,0.11171029182310954
philippines,2005Q2,0.037601179902902335,0.03162382391071242,0.0,0.008196041039503959,0.023349919720749634
philippines,2005Q3,0.03327238270174493,0.027652892250599942,0.0,0.008621059868403367,0.111739066831087
philippines,2005Q4,0.03242536165413346,0.02698736218899138,0.0,0.008734434191559191,0.07144068739089887
philippines,2006Q1,0.03099601956775517,0.02658853354483484,0.0,0.008738347714587563,0.0784180349972631
philippines,2006Q2,0.022427204181968856,0.018494915437079457,0.0,0.009943026263795285,-0.10133044557652003
philippines,2006Q3,0.037583187685949204,0.031157236781184424,0.0,0.008195195051287654,0.12033276162983501
philippines,2006Q4,0.045691862184046764,0.03880367784499012,0.0,0.007275057305257691,0.0652210590536433
philippines,2007Q1,0.022798559734141438,0.016969398993044373,0.0,0.010230283121664572,-0.10970914149157415
philippines,2007Q2,0.017419099034040285,0.011108742617278657,0.0,0.011099763285119219,-0.17892545918602662
philippines,2007Q3,0.02035302491798935,0.011043149589772573,0.0,0.011178056614755086,-0.13125316383192248
philippines,2007Q4,-0.02438790146159093,-0.029913674277233862,0.09774332334783693,0.016638321176778787,-0.25607800727235885
philippines,2008Q1,-0.03384736427532825,-0.04256031721845828,0.12073278413482266,0.018269789703536373,-0.15426368252070477
philippines,2008Q2,-0.024771258229288128,-0.03298767063428917,0.10492857267418945,0.016999198538950197,-0.16353150085740445
philippines,2008Q3,-0.05558409592632871,-0.07626847473978855,0.1411346533708186,0.02334154789258153,-0.20428715796791738
philippines,2008Q4,-0.040661080626732,-0.06652595545629011,0.13303174193487155,0.02198716673800687,-0.08275808105133914
philippines,2009Q1,-0.05989671763510106,-0.08800587064317096,0.2233844952864379,0.02481825497250762,-0.05036464349401862
philippines,2009Q2,-0.010412046107577427,-0.026257511750790934,0.08670254917947352,0.01608338803326123,0.043420457424083736
philippines,2009Q3,-0.019977870504888088,-0.033409905377581546,0.12060658060509166,0.01690364181985687,0.04901461774013779
philippines,2009Q4,-0.01646178987210602,-0.025240828302170892,0.10728501197921264,0.015715356356821055,0.011831019701769706
philippines,2010Q1,0.01972379745642705,0.011929734476970183,0.0,0.011139187978154462,-0.2552006030541579
philippines,2010Q2,-0.014070773387688671,-0.036040854165030806,0.07382632055968551,0.01810767602233371,-0.23713405624384692
philippines,2010Q3,0.011934962199881417,-0.002448415916591559,0.029255634345361888,0.013218113617561563,-0.16902382757213036
philippines,2010Q4,0.03011468968770685,0.018920293340693006,0.0,0.01014293713883483,-0.06031159179136172
philippines,2011Q1,0.02031649097001216,0.01038975838278891,0.0,0.011145075179096346,-0.0037876555242005714
philippines,2011Q2,0.02353216627189615,0.01375475000209763,0.0,0.010577731142549025,0.11185706374469497
philippines,2011Q3,-0.058232887403017825,-0.0841552885181543,0.1662922145906912,0.024382816790599768,-0.11448352493562387
philippines,2011Q4,0.006844132526087187,-0.007765333008860208,0.03828818804200042,0.013700536831729896,-0.0038365497593501516
philippines,2012Q1,0.028152303798861328,0.02004722534561342,0.0,0.00987164609015957,-0.06295488120991535
philippines,2012Q2,0.005023416068911518,-7.89619783828145e-05,0.025386888121827267,0.0125356657364925,-0.18075941894842273
philippines,2012Q3,0.03843685167608152,0.02862377315278596,0.0,0.008867745210612309,-0.11289008956510084
philippines,2012Q4,0.03678244645236606,0.02469592448148919,0.0,0.009510543629588744,-0.13714660869453546
philippines,2013Q1,0.04084079158212181,0.034422271916803006,0.0,0.00798741281612989,-0.13759506627170903
philippines,2013Q2,-0.0015634299409309823,-0.004285284256537938,0.05571465649386219,0.013140878234784324,-0.2892457288831099
philippines,2013Q3,0.025424899114054322,0.01688745044268114,0.0,0.01037074741453289,-0.12718758611156572
philippines,2013Q4,0.03908322023776695,0.030519469014375546,0.0,0.008402106256937238,0.07352589092394343
philippines,2014Q1,0.0361615442278677,0.028206215295709918,0.0,0.008726945742707843,0.01565805043356168
philippines,2014Q2,0.047500967337476635,0.04072896973692398,0.0,0.007084954510026272,0.011416046441869549
philippines,2014Q3,0.03090254473914196,0.02114438725985611,0.0,0.009765091502649878,-0.03219354313037564
philippines,2014Q4,0.0035072281010396483,-0.0036495303337038365,0.037748545193263344,0.013128183611659561,-0.20603459857003883
philippines,2015Q1,0.027413779045506056,0.01929083689277635,0.0,0.009910346261549888,-0.0019096713408834497
philippines,2015Q2,0.025288554695153675,0.01456693575463195,0.0,0.010729704997869953,-0.09327496229977902
philippines,2015Q3,-0.00850700914512899,-0.019843223449459754,0.072002284893247,0.015454172218662344,-0.20557827083129324
philippines,2015Q4,0.024924575170426552,0.014661996117211551,0.0,0.010755525533602065,-0.14567319752224375
philippines,2016Q1,0.02238065055786142,0.017920796925984257,0.0,0.010119858278798091,-0.17888638335505636
philippines,2016Q2,0.027515401412236733,0.020155217507774298,0.0,0.009948653166705075,-0.18388762922808377
philippines,2016Q3,0.025385762273422624,0.021345367338279537,0.0,0.00967381001810375,-0.20457138159726912
philippines,2016Q4,0.016721131357333132,0.013340219548731921,0.0,0.010710014081199452,-0.20389594862585694
philippines,2017Q1,0.03759279262605815,0.03159971998684832,0.0,0.008258673241656345,-0.04777522064259937
philippines,2017Q2,0.04739336800047991,0.04126550476671143,0.0,0.007011491641767993,-0.01846486471204519
philippines,2017Q3,0.05575636913861952,0.05015059352003172,0.0,0.005757576606400232,0.037863272931604304
philippines,2017Q4,0.0483433177065041,0.041894167762258044,0.0,0.006891812526598023,0.049115434991436765
philippines,2018Q1,0.019748405049903675,0.0080478059268476,0.0,0.011653342663882339,-0.11573030958341939
philippines,2018Q2,0.024674902662091963,0.016752179514409424,0.0,0.01034287885216508,-0.10779082076347457
philippines,2018Q3,0.024537456939503932,0.021487454089110757,0.0,0.009526272639437613,-0.11494243667229555
philippines,2018Q4,-0.005449256878943258,-0.018695760607385467,0.06362758717322274,0.015340684116152609,-0.18004995769028995
philippines,2019Q1,0.033165065878620587,0.02615183703488494,0.0,0.008991897206547993,-0.024337473399658763
philippines,2019Q2,0.02612219516826416,0.018742632466777532,0.0,0.0099927403722242,-0.04295114290780194
philippines,2019Q3,0.018248482663007125,0.011466968047784014,0.0,0.011023486550208076,-0.13611642574433638
philippines,2019Q4,0.028939873874014137,0.02313891662983689,0.0,0.009425355703168612,-0.1186719994503677
philippines,2020Q1,-0.1633876327166913,-0.18240409794938697,0.4949969060050143,0.037254173809892814,-0.1705861583266596
philippines,2020Q2,-0.09843356208492963,-0.10806997480846098,0.9471686446347302,0.025619032426384403,0.42622677041082513
philippines,2020Q3,-0.06327872804000503,-0.07442412399898282,0.9211126738233565,0.0214362244000261,0.39463810474843736
philippines,2020Q4,-0.033495234755890974,-0.04356562139242946,0.8322184098243878,0.01644333155114903,0.5283545730079404
philippines,2021Q1,-0.01726632715156733,-0.02608669800412552,0.5023986892650281,0.015375922200016566,0.3042768021043219
philippines,2021Q2,0.04258174265794969,0.03433338677386991,0.0,0.008598627206784287,-0.47970546984875395
philippines,2021Q3,-0.00034674286239528423,-0.011452243858212228,0.0509241821163813,0.014340525948688239,-0.21349263988525366
philippines,2021Q4,0.018623068368820925,0.011380313553377461,0.0,0.01117537776386849,-0.24283196163731643
philippines,2022Q1,0.01858392679133697,0.0072839547421426525,0.0,0.01187783797064115,-0.2319793967849465
philippines,2022Q2,-0.011108191429886432,-0.02665247319666553,0.073174330835169,0.016590256365092274,-0.23855184130713367
philippines,2022Q3,-0.008455430994433326,-0.028104690328715508,0.06578943657339248,0.016931149044415235,-0.22492819905632
philippines,2022Q4,0.02179775196360271,0.007908122013689158,0.0,0.01179614425131546,-0.14443512266122946
philippines,2023Q1,0.017449815745607458,0.007803066864943149,0.0,0.011619310491796792,-0.13110282766694623
philippines,2023Q2,0.025183552790638164,0.019112905270398425,0.0,0.009789092060764528,0.06014487514657306
philippines,2023Q3,0.01972663082759428,0.010822511492035475,0.0,0.011146740727367696,-0.09271519087945948
philippines,2023Q4,0.025743696311355896,0.021688151365997187,0.0,0.00948011193413054,-0.051567310687156025
philippines,2024Q1,0.03514172331092272,0.02889353983915187,0.0,0.008596950921450455,-0.0175380779668672
philippines,2024Q2,0.02256964966829289,0.013764505608055087,0.0,0.010785183046103446,-0.11942772919110331
philippines,2024Q3,0.024832105918413935,0.015164357650187909,0.0,0.01052124342157309,-0.011999295133028257
philippines,2024Q4,0.01560005858163371,0.007347071561555499,0.0,0.011545027772309714,-0.0655175683557005
philippines,2025Q1,0.010528571148128978,-0.0019284143607242905,0.02887014651207901,0.012947624955794095,-0.07682144410092247
philippines,2025Q2,0.011325888455049938,0.005416588394109415,0.0,0.011748168977531273,-0.10419395921219819
philippines,2025Q3,0.013732399842846021,0.0067600010873236985,0.0,0.011478477025959747,0.013002699486167208
philippines,2025Q4,0.024597675460284497,0.017037197637652796,0.0,0.010016395573605263,0.16167967955110113
philippines,2026Q1,-0.018719994839480752,-0.03766874103315714,0.1041949448587592,0.017806648742016474,-0.022953084558768214
poland,2000Q1,0.001092239060513752,-0.011552197802397957,0.047840475079365785,0.01348901797930925,-0.22781620782108827
poland,2000Q2,0.0111679821042775,0.0011669850030111215,0.0,0.011559603321232249,-0.1231200559668871
poland,2000Q3,-0.005232614334417712,-0.014484585927998323,0.07105957680000564,0.01345139258642065,-0.020001801385485792
poland,2000Q4,-0.026050690829793343,-0.03818681764048176,0.11405013352550333,0.016820071407342704,-0.11364727290238208
poland,2001Q1,-0.0741682215838042,-0.07927001651551935,0.23754030134238727,0.022057592385722115,-0.16495131725419548
poland,2001Q2,-0.04176195999928736,-0.04344354719868522,0.2475382103665918,0.016869122558806002,0.011039981630105174
poland,2001Q3,-0.06938384605112288,-0.08068777909748714,0.3300205141403603,0.022264676508037647,-0.06078275525245288
poland,2001Q4,-0.0371118516683807,-0.04712527449926781,0.5449162294791137,0.017391397776549824,0.17997109665198943
poland,2002Q1,-0.009977656779947632,-0.01702046166640324,0.19003525658195708,0.01333691486726986,0.2447806433141006
poland,2002Q2,-0.03506644075274262,-0.04566163280063996,0.2257830410607055,0.017475814575534838,0.03589803942495678
poland,2002Q3,-0.06031294391641354,-0.0825086437191486,0.24710355489393704,0.022915040008529116,-0.04633545905770016
poland,2002Q4,-0.027095104908118017,-0.04231887010312586,0.13698566108860888,0.017306370675954363,-0.008501460343998086
poland,2003Q1,-0.035666775920926375,-0.04995410158907445,0.1686349826731306,0.018283350554990425,-0.019354020663512033
poland,2003Q2,0.0010129545175557864,-0.008517527115933513,0.047342855910879805,0.01261243403662299,0.03648120906052399
poland,2003Q3,-0.005028083408947746,-0.01681476354880649,0.06737169376485658,0.01386468036110205,-0.02433570783386674
poland,2003Q4,0.014716179057509944,0.004294074428976363,0.0,0.010973883571617798,0.04777598463648452
poland,2004Q1,0.027360338492217542,0.017846272127763053,0.0,0.00934776116347802,-0.13087159725021213
poland,2004Q2,0.02715975670932297,0.01996592099191692,0.0,0.008893088598082114,-0.04310080150584644
poland,2004Q3,0.023779644646054247,0.017245795691144337,0.0,0.009055227559094749,0.13936513813858153
poland,2004Q4,0.022176311308821618,0.016224989707621033,0.0,0.00920345893320719,0.09496588121974711
poland,2005Q1,0.014052017467158569,0.007506492069338663,0.0,0.010198312579186544,0.24639947268974305
poland,2005Q2,0.01517603663678787,0.010303264343021526,0.0,0.009692479242396157,0.334931490661292
poland,2005Q3,0.022569701640821664,0.01800644662270764,0.0,0.008889441327734419,0.127034045160641
poland,2005Q4,0.026383141718150906,0.02161413358569535,0.0,0.008520278240997457,0.024722311025378592
poland,2006Q1,0.03379858594481853,0.029033156140798225,0.0,0.00761989853998755,-0.05842220794262124
poland,2006Q2,0.028963180244480212,0.025039351858179015,0.0,0.008415548533057008,-0.39645838381837056
poland,2006Q3,0.045094927221326,0.03888346561974138,0.0,0.006592138969967296,-0.27009315944893536
poland,2006Q4,0.03038466761429206,0.024840789606343755,0.0,0.008023276856013986,0.16064707859751762
poland,2007Q1,0.04041445178703782,0.03135629851723578,0.0,0.007591727902288853,-0.09890887736338771
poland,2007Q2,0.030650300164710577,0.020744839127271077,0.0,0.008918189124567964,-0.06124054846504087
poland,2007Q3,0.024174819307645375,0.013592154398052711,0.0,0.009928865481729922,-0.10688258547272056
poland,2007Q4,0.027363368353563518,0.013183913451913033,0.0,0.010472163507901873,-0.3547533273355854
poland,2008Q1,-0.00749628511769471,-0.020396150346365646,0.0683840458789702,0.01466481470498139,-0.21888896747722386
poland,2008Q2,-0.005273565281557714,-0.017350851182636975,0.06492418779843614,0.014117329438332198,-0.1445132188823966
poland,2008Q3,-0.05357989814060913,-0.07570027491635056,0.17228273496227153,0.022153304608141133,-0.10541253167317582
poland,2008Q4,-0.06929770078594691,-0.0898556135263596,0.2593049269675901,0.02388255199768735,-0.07669407635380368
poland,2009Q1,-0.08667013230510948,-0.10889588924015546,0.34143634144628643,0.026481638277016013,-0.08867461888286197
poland,2009Q2,-0.027313638934251438,-0.040807409141193525,0.1991757802566812,0.016888090031814212,0.08040238144777441
poland,2009Q3,-0.015117722618477228,-0.02965130665628016,0.11396750093030923,0.01549505902924659,0.07640418600476648
poland,2009Q4,0.0042782970644533284,-0.00824027414189701,0.04145609951421002,0.012714966928002608,0.02269561881560682
poland,2010Q1,-0.0005517179936450067,-0.008450287617138213,0.05363166619019437,0.012398419870396913,0.14868730525514365
poland,2010Q2,-0.027932830693443867,-0.04946147356053755,0.11933675771619451,0.018578621703843105,-0.0539882881855338
poland,2010Q3,0.0001885430803059765,-0.013772644797773776,0.04966237994583182,0.013534783043431541,-0.008671684322284942
poland,2010Q4,0.00647185930342295,-0.0024042228488540818,0.031771633045997984,0.01170882776433355,0.1081183106690004
poland,2011Q1,0.020408254654098797,0.010558767261236779,0.0,0.010263384848546457,-0.07361908997543308
poland,2011Q2,0.017232275619350777,0.009314811680300135,0.0,0.010340570549827897,-0.06699977136352621
poland,2011Q3,-0.08380993132772002,-0.10237929254861951,0.17481459520634168,0.025900371839327235,-0.2505239261838816
poland,2011Q4,-0.004460523975020451,-0.015957490902803666,0.0628356183616709,0.01392210744320019,-0.15354776523270097
poland,2012Q1,0.011069815948155141,0.004278230580936626,0.0,0.010782217285000246,0.09130323721813662
poland,2012Q2,0.0012405595071525548,-0.006583274255964684,0.04603596029544767,0.012117187646628363,0.18095428240017264
poland,2012Q3,0.0007610792492011263,-0.0063088665976532565,0.047308751489448284,0.011910268889639941,0.3015858786340385
poland,2012Q4,-0.01047436246935975,-0.018927479548419973,0.4483876025028565,0.013527170977059187,0.32625255949870613
poland,2013Q1,-0.006202295587005791,-0.007372308822302363,0.5125137003512961,0.010938462311044027,0.5396781648378802
poland,2013Q2,-0.02362737063540263,-0.02741816406135523,0.34208480882129405,0.01461039798581641,0.18827074645413572
poland,2013Q3,-0.004394141146703686,-0.011376547687443938,0.09648906978440046,0.012606036418575757,0.25381709939959113
poland,2013Q4,0.010867147995091586,0.004816329056846876,0.0,0.010469096856385222,0.29654133564591634
poland,2014Q1,0.01806298179507805,0.011675352662204458,0.0,0.009749379557474406,0.15526966185553873
poland,2014Q2,0.024445350833239378,0.01980492154729845,0.0,0.008631125348171101,0.16227172986448238
poland,2014Q3,0.01535197887282621,0.007005732567639235,0.0,0.01050808039562175,0.07675134892505282
poland,2014Q4,0.01323820323794362,0.002044860321969391,0.0,0.011303659046840693,0.04149704873601168
poland,2015Q1,0.023532174329109423,0.015194108599698816,0.0,0.009466181870350057,0.059193342170801605
poland,2015Q2,0.010886174102747857,0.0011675701715504333,0.0,0.011348020679753787,0.05007339020619281
poland,2015Q3,0.002629818845030194,-0.012528468959582801,0.045662737640741524,0.01344523124444602,-0.026372364673987576
poland,2015Q4,0.008593147937191691,-0.00020909273248716215,0.025593862234440563,0.01156772175279133,-0.017717769629285677
poland,2016Q1,0.009229940542850076,0.003844922319855927,0.0,0.010669721612583819,0.19655770233366032
poland,2016Q2,0.0015645970411537029,-0.0034395885636817683,0.042183558101632684,0.01176910748999634,0.03754901030826296
poland,2016Q3,0.008659698461989367,0.004410593414889214,0.0,0.0105893525951624,0.16096503651579602
poland,2016Q4,0.012662051526627915,0.007671511739543203,0.0,0.010318465681098172,0.04591139866369798
poland,2017Q1,0.03384928853871653,0.0275644356058973,0.0,0.007819591989557681,0.010926992030684717
poland,2017Q2,0.033986966864223096,0.028742043108247982,0.0,0.007571353825557925,0.08049849830523557
poland,2017Q3,0.04443290398599364,0.03978197863095917,0.0,0.006135949635384655,0.08231265273445951
poland,2017Q4,0.037642172118576796,0.03207594701224208,0.0,0.007168757022405873,0.059340008057647095
poland,2018Q1,0.01672744726648085,0.005499349815007069,0.0,0.01107690233133699,-0.15689015593539504
poland,2018Q2,0.029489593519864833,0.020673605948742846,0.0,0.008994247412420964,-0.1807127755096294
poland,2018Q3,0.04023207864463562,0.033757240165801436,0.0,0.007108592269743249,-0.05263542840682531
poland,2018Q4,0.009861736798545802,-0.00675442770848913,0.035162435057785824,0.012879640335741223,-0.12575485289592267
poland,2019Q1,0.032599079756242454,0.024964176989890046,0.0,0.008217375662138638,0.005158765341468601
poland,2019Q2,0.022381092190622072,0.014725811665918393,0.0,0.009536280872565925,0.02027860501596381
poland,2019Q3,0.014552376413605433,0.00668532732890656,0.0,0.010570342400907769,0.03861741823741731
poland,2019Q4,0.021813317638717127,0.01523361628543024,0.0,0.009341572807746454,0.11116158423886517
poland,2020Q1,-0.10745311730698343,-0.1357851624237007,0.30811788024929543,0.030468937004084037,-0.1547279484388899
poland,2020Q2,-0.0857876779692231,-0.09853039473261549,0.939744998314278,0.023642736565966615,0.38530441406287996
poland,2020Q3,-0.04397211371930097,-0.05690846090504666,0.7563716373735042,0.018628712058971573,0.2510745919100833
poland,2020Q4,-0.036199378463252246,-0.04692133440284014,0.8022748466927055,0.017119983481493094,0.34195455504198613
poland,2021Q1,-0.02343647337310368,-0.031155109201772894,0.5496786672949263,0.01512153782214378,0.27083659879554384
poland,2021Q2,0.061064700792436734,0.05066712233187318,0.0,0.006788376599867667,-0.7715055659481004
poland,2021Q3,0.020777604698368715,0.00591987822039767,0.0,0.011291001646271651,-0.25794779794356115
poland,2021Q4,0.03647702260805669,0.02719950093584464,0.0,0.008718872963564703,-0.4745580554066059
poland,2022Q1,0.0015973412611373188,-0.0035030333322420976,0.0421704708551664,0.0126550011054869,-0.6466531993179206
poland,2022Q2,-0.024447161827205965,-0.03730022818750414,0.09633893233058731,0.01700019212069257,-0.2684774383929805
poland,2022Q3,-0.027206561490372778,-0.04432914949173937,0.10946217542127655,0.017893862195636767,-0.14651566150899892
poland,2022Q4,-0.017953055923810465,-0.028157726496792178,0.19595431081325945,0.01500174615106132,0.16049983402581616
poland,2023Q1,-0.045045968053013155,-0.047990500676478275,0.732065553987712,0.01717257628950399,0.207936656838185
poland,2023Q2,-0.03518759812148059,-0.035886707568272995,0.6815496938682089,0.015132185764826988,0.21819015628796043
poland,2023Q3,-0.0570953935022147,-0.05892559286067255,0.45235492774206043,0.018303335376062036,0.005944094910708438
poland,2023Q4,0.0018679063432598501,-0.0006835627689383214,0.03169773705735174,0.011118664103556353,0.21157145427492338
poland,2024Q1,0.008732771589796039,0.004416177575626032,0.0,0.010491144623421418,0.25757890925452437
poland,2024Q2,0.015022857782257835,0.005976074603514313,0.0,0.010714208025293829,0.034778057980472524
poland,2024Q3,0.004960208871587952,-0.003467799082336043,0.03528653242051543,0.011716753385549644,0.20352370443068177
poland,2024Q4,0.0136668833825331,0.004405926857947821,0.0,0.010898287476354306,0.06076230224142049
poland,2025Q1,0.0016582744271634135,-0.010409159104671488,0.04656456689239525,0.012975923829903518,0.02465319344281375
poland,2025Q2,0.008190650564273413,0.0004959488736625965,0.0,0.011248860211623577,0.1429018375871719
poland,2025Q3,0.019100298127323063,0.010391635333222965,0.0,0.010087488130928714,0.07442837163737968
poland,2025Q4,0.022023481130776096,0.014523966827778796,0.0,0.009435846164808612,0.14751652815424468
poland,2026Q1,-0.02563049976180276,-0.04299433986252728,0.11861938792911968,0.017551244892458146,-0.048068121611797264
southafrica,2000Q1,-0.017059003946137883,-0.03035292491282804,0.09612853393879571,0.013849310255183076,-0.15883414909617505
southafrica,2000Q2,-0.0016356773448927137,-0.01250310211964853,0.05533449764025088,0.011355322804940548,-0.1314809389826339
southafrica,2000Q3,-0.001079535301983632,-0.013402812410739193,0.05335676196304276,0.011511530987708575,-0.11231027189280696
southafrica,2000Q4,-0.019606284716611334,-0.035888388358595646,0.10306478036297859,0.014670621175672787,-0.13573940176315388
southafrica,2001Q1,-0.025510363723226494,-0.04316717938947079,0.11832464781903694,0.01564108948830993,-0.10616428434299131
southafrica,2001Q2,-0.0016651066914523463,-0.012976283547965713,0.05641751345847406,0.011279541021409118,0.004821856702293629
southafrica,2001Q3,-0.046311181960204305,-0.06448757851096354,0.2121936083005061,0.018430725458519214,-0.0858688391776032
southafrica,2001Q4,-0.09068607911826831,-0.09203415880794405,0.3304676207936618,0.021382540068591437,-0.2292987591587941
southafrica,2002Q1,-0.0028624716579867954,-0.01215329708270878,0.0629760198512093,0.011065503045238435,0.027210998928000298
southafrica,2002Q2,-0.023406861321254982,-0.037539238346009154,0.11581187145657862,0.014765389472265624,-0.11271046489733436
southafrica,2002Q3,-0.049174056891387555,-0.07465004940003458,0.1497753779975351,0.020278423147366696,-0.1898600733129269
southafrica,2002Q4,-0.03338679618357179,-0.04861808201230816,0.12170196038989198,0.01641807255474277,-0.20162606762638524
southafrica,2003Q1,-0.06134759656619611,-0.07167860595843831,0.18010813951318613,0.019355323093728505,-0.23964381690364556
southafrica,2003Q2,-0.022257301595603768,-0.029681597440551793,0.1199306996561659,0.013450157210679083,-0.10932942552156816
southafrica,2003Q3,-0.02733362044786177,-0.03805402820233308,0.15097656457927028,0.01462614777217682,-0.06773629376480449
southafrica,2003Q4,-0.02699989955888262,-0.032598890272448784,0.16093019129834862,0.0136934589055387,-0.06200020451877279
southafrica,2004Q1,-0.006227633122710775,-0.013613312223710025,0.07733745074877843,0.01126274418649128,-0.04797962122914935
southafrica,2004Q2,0.006348718816693903,-4.874373190440228e-05,0.02519048072393594,0.009488772194805992,-0.09111405061361792
southafrica,2004Q3,0.017934256830941138,0.01117380913545011,0.0,0.00809854917476238,-0.1589709616720029
southafrica,2004Q4,0.02190542158401345,0.014758663805235495,0.0,0.0076801488349391165,-0.16512521082713105
southafrica,2005Q1,0.01840494695362118,0.010710951362836174,0.0,0.008190297300586992,-0.14225459942513494
southafrica,2005Q2,0.0166265128657316,0.012041187155747493,0.0,0.0079585919035309,-0.24419853504812714
southafrica,2005Q3,0.02751371748145901,0.020561984408361995,0.0,0.006839221268407466,-0.05881285426539512
southafrica,2005Q4,0.02133192515144735,0.015185714796772096,0.0,0.007499803995409457,-0.09352897679669753
southafrica,2006Q1,0.030967728587871925,0.024203798599532172,0.0,0.006377050855506643,-0.11316725212520652
southafrica,2006Q2,0.014246741811991835,0.008651606537033438,0.0,0.008416208209912094,-0.21273332135137937
southafrica,2006Q3,0.016119238984416757,0.011486927236769797,0.0,0.008001787787065088,-0.21290080284991839
southafrica,2006Q4,0.03329430884242084,0.02611765935995304,0.0,0.0062069928499038415,-0.16901453637538116
southafrica,2007Q1,0.024245486204138987,0.015109253992268782,0.0,0.007717405658802616,-0.13529170911414332
southafrica,2007Q2,0.017748887228052297,0.007563550991400152,0.0,0.008707563123024923,-0.1311248325839107
southafrica,2007Q3,0.011633716585588053,0.00041090157757444506,0.0,0.009690196098717954,-0.15623168081108563
southafrica,2007Q4,-0.0030430236646453723,-0.0166397302048224,0.05802390375042864,0.012092155910031606,-0.19531899072721684
southafrica,2008Q1,-0.020671503770873238,-0.035294959444495705,0.10624210296507672,0.014525842522015773,-0.1370160838018209
southafrica,2008Q2,-0.027515248546391896,-0.038350679438149654,0.11554942030795583,0.014870862287094671,-0.2014607905732005
southafrica,2008Q3,-0.08436442589598367,-0.1027992218779065,0.2395300885329497,0.02378297338322416,-0.2142247957832571
southafrica,2008Q4,-0.07196176039230118,-0.09530045521461826,0.34441042278635736,0.022685016383847068,-0.0838451239884658
southafrica,2009Q1,-0.0943679658240181,-0.11955270222741586,0.6365287810993634,0.025822468127644094,-0.036765650960484814
southafrica,2009Q2,-0.06123682683893254,-0.07284334175604071,0.7784316585674206,0.01885892840989479,0.12352089376384949
southafrica,2009Q3,-0.062120012293170934,-0.07264098806874936,0.7816316590696362,0.018796689843153122,0.11957751494835862
southafrica,2009Q4,-0.03589758497569001,-0.0462264080433818,0.6239066787388471,0.015328184985202081,0.16026329680671147
southafrica,2010Q1,-0.01693010902991112,-0.024181612424325562,0.1401242923896171,0.012537381508821884,0.03322409824928803
southafrica,2010Q2,-0.047002447197796365,-0.06770058230346546,0.1747181361929654,0.019024938356992333,-0.12157364874848531
southafrica,2010Q3,-0.01659151915814621,-0.029947963235375432,0.09987093588907961,0.013726947459238224,-0.10790868693139326
southafrica,2010Q4,0.0005680756842162057,-0.008932975444540671,0.048505229377997956,0.010773183511731703,-0.08154913758473668
southafrica,2011Q1,-0.0011608708636133697,-0.010426888589471543,0.05451510237969183,0.010948314397612626,-0.07128084052372795
southafrica,2011Q2,0.0016992696418131684,-0.006898562251611458,0.04505901702057957,0.010414027221201088,-0.02935772349549656
southafrica,2011Q3,-0.07739785056080908,-0.10198065680739256,0.24144351448626572,0.023816529176831188,-0.16809022631466547
southafrica,2011Q4,-0.018540108413040247,-0.031836138516244394,0.1148450295748305,0.01387571043913916,-0.03883362572038654
southafrica,2012Q1,0.0035522586675603846,-0.0050767405677073635,0.03970837008235591,0.010034892049672773,0.11156554068756652
southafrica,2012Q2,0.0014707971491463023,-0.00843678788619559,0.04628870924675453,0.01056439288605045,0.06827370693799159
southafrica,2012Q3,0.003479275915114828,-0.005208153610585672,0.039987613986329634,0.010085439635366737,0.0803452533353541
southafrica,2012Q4,-0.0018945591108143964,-0.012406556034327481,0.0585363444159643,0.011099600947581466,0.07062682492448258
southafrica,2013Q1,0.008882880056611371,0.00275897083161087,0.0,0.008919790047984336,0.11764520050964235
southafrica,2013Q2,-0.021728723564699536,-0.02655722527805218,0.141266603209291,0.012862531909510836,-0.056040788597090045
southafrica,2013Q3,-0.0009484344001709707,-0.009793271541957888,0.05467730347443603,0.010710960970572557,0.055157902320324054
southafrica,2013Q4,0.009030027858493613,0.001645871425342213,0.0,0.009113405151152824,0.11791725259768845
southafrica,2014Q1,0.002226924000597201,-0.0046243325295416485,0.0418740307314399,0.009846111366117068,0.17198394169907016
southafrica,2014Q2,0.007392014558389483,0.002017898937716804,0.0,0.008856750689718527,0.26357547892822975
southafrica,2014Q3,-0.01041584460302087,-0.017818479740906733,0.11795602282064938,0.011624282445840114,0.11345415156921825
southafrica,2014Q4,-0.01059199624962702,-0.021327841691823148,0.11012588373236001,0.012230604441493513,0.09651264213078897
southafrica,2015Q1,0.0024104357374058402,-0.005626652156327981,0.04250214826166965,0.010105376586931017,0.08820285384531862
southafrica,2015Q2,-0.010056712626583128,-0.020016165370145503,0.11881200307535035,0.011983590018187058,0.13560647394514758
southafrica,2015Q3,-0.038773539509098426,-0.05035612346804147,0.2581002472570319,0.016165876923170005,-0.001372855651789498
southafrica,2015Q4,-0.05352191135535375,-0.05454514013713437,0.3601080836293633,0.016371409193881626,-0.05551630241938977
southafrica,2016Q1,-0.008240944581981761,-0.013985256786419237,0.19200249745909692,0.010936104893931506,0.23132441010556976
southafrica,2016Q2,-0.007669869744097668,-0.014863976141377022,0.1004770640519427,0.011208740843661504,0.13749605817060515
southafrica,2016Q3,-0.007353835885385872,-0.012109836953488889,0.12734231673677207,0.010704524464087277,0.18722971698715157
southafrica,2016Q4,-0.011372841042914618,-0.016463073688674557,0.2003574062187494,0.011268694180700081,0.1922480240839034
southafrica,2017Q1,-0.011286930021945321,-0.014176658183211914,0.17948484977115267,0.01091483108759753,0.16812424513127305
southafrica,2017Q2,0.001890324104306125,-0.001983280082452181,0.03779996604474917,0.009334792043194465,0.23091011304947115
southafrica,2017Q3,0.010297875196648813,0.0068411055324441245,0.0,0.008063880397084002,0.31052529552825653
southafrica,2017Q4,-0.016472673979346958,-0.017185561335484212,0.15964000834132352,0.011224157629652093,0.02448932483483621
southafrica,2018Q1,-0.022989304257962827,-0.031920313847907944,0.1655732541006654,0.013637062628892752,0.013238379813513201
southafrica,2018Q2,-0.02660201844106313,-0.030639779574648602,0.23854041496620446,0.013218960000861688,0.053225334749550324
southafrica,2018Q3,-0.01348931357242001,-0.014642328085159011,0.12131878173687125,0.011067762513832189,0.019310945610084965
southafrica,2018Q4,-0.03120884301406246,-0.044963947899242795,0.18368026178683178,0.015580369626542754,-0.0195679258261858
southafrica,2019Q1,-0.007745375227167263,-0.013224265561476316,0.1792493548922788,0.01083551537367762,0.22493521215035625
southafrica,2019Q2,-0.006824091228881928,-0.013634953852446646,0.09875473250493685,0.011012868213656114,0.15825449235968111
southafrica,2019Q3,-0.019130910862277604,-0.02561601901950726,0.33842297044703046,0.012508528531391202,0.18014827096932934
southafrica,2019Q4,-0.012046940519371132,-0.017259235138187886,0.3903187659539906,0.011294462020282527,0.26485433388292995
southafrica,2020Q1,-0.16248300223329687,-0.18388903521246266,0.5870420634837675,0.03460481020364476,-0.18796017260334322
southafrica,2020Q2,-0.15030665826602863,-0.15160677038903905,1.0,0.02717537481181875,0.5409063303421009
southafrica,2020Q3,-0.06847623391466823,-0.08105732635380108,0.9253176928515325,0.019640328969083295,0.2847799896395136
southafrica,2020Q4,-0.04308534313974097,-0.0545936655755932,0.8156477621003935,0.01629881339123028,0.25265404295229393
southafrica,2021Q1,-0.03450635528260734,-0.04328762610053383,0.7752950220376064,0.014738836731850873,0.2637918697515898
southafrica,2021Q2,0.0798514879807394,0.06760004749070692,0.0,0.00788213007253257,-0.20313684651195174
southafrica,2021Q3,-0.018141758414966475,-0.030993556147425452,0.11061214764001026,0.013778320934451926,-0.06106017371691434
southafrica,2021Q4,-0.010710207418360117,-0.018777233975469338,0.10518932528329354,0.01183301410430243,0.06359040597170691
southafrica,2022Q1,-0.01456982543012448,-0.02516357084518441,0.1036952778499471,0.01289233234302652,-0.038181727900201766
southafrica,2022Q2,-0.05233545702815319,-0.06669058832021024,0.39829548704803075,0.0184056958927243,-0.0012546714503064583
southafrica,2022Q3,-0.045024301044244125,-0.06168442709828589,0.15248201775794767,0.01821087100397512,-0.19994875513560198
southafrica,2022Q4,-0.023247013377938965,-0.03471373793482851,0.20911176806784745,0.014020706003484621,0.07191352970051566
southafrica,2023Q1,-0.01975355511607864,-0.02895604139041181,0.2976988749970135,0.013071968245336166,0.15860320103806938
southafrica,2023Q2,-0.0030676746344850438,-0.008222281391854283,0.07293808140320916,0.010316908406314851,0.09542343296164515
southafrica,2023Q3,-0.02080284590439416,-0.028719415921907965,0.444647698416768,0.012943434103940043,0.19515510346851764
southafrica,2023Q4,0.00018176731593500667,-0.0045630090118303004,0.04904227668820052,0.009761180150550575,0.16466753766123002
southafrica,2024Q1,-0.004013926854170801,-0.008741182794550967,0.08740275995344601,0.010260950453508458,0.19895101296699602
southafrica,2024Q2,-0.014628278404066039,-0.02292652115500138,0.23243022730130583,0.012242927443740193,0.17514520021020238
southafrica,2024Q3,-0.009354754586957562,-0.018414786801588135,0.17916209207191872,0.011662264771092187,0.2044342237795383
southafrica,2024Q4,-0.011259914647865146,-0.020448247165477162,0.1893363686741431,0.011944484367491378,0.18942799070277447
southafrica,2025Q1,-0.02110271566577188,-0.0334340169546157,0.2589386061928935,0.013808397894974553,0.13126761268596437
southafrica,2025Q2,-0.004918870422127335,-0.013738972396661445,0.08649388429358569,0.011076125424512612,0.18604475814655164
southafrica,2025Q3,-0.0017860891086055874,-0.010568861574148124,0.06063974621848017,0.010710446579744157,0.14717456105855886
southafrica,2025Q4,0.0018635374460091794,-0.005522456097497984,0.043692326445210046,0.009976059964013885,0.1784575465505082
southafrica,2026Q1,-0.05374883976230356,-0.06890770578367006,0.23835902290198768,0.018914324878613307,-0.099785669320379
southkorea,2000Q4,-0.016446233287821816,-0.029664136079434796,0.09453950372580236,0.01742265064964964,-0.06271939336851053
southkorea,2001Q1,-0.01498122828841168,-0.031253103109668966,0.09515592863632658,0.017659786135680918,-0.00896213380848308
southkorea,2001Q2,0.011688928353452942,0.0017692088701031226,0.0,0.01295840576319871,0.09773794784761951
southkorea,2001Q3,-0.025977783111469154,-0.0448012328939387,0.12232846574809483,0.01947406150426934,0.019293683413919516
southkorea,2001Q4,0.006554082290689697,-0.008013744815995344,0.03875247103996366,0.014467259328206987,0.05584754564434652
southkorea,2002Q1,0.028921640018571185,0.01855608942437279,0.0,0.010849900347267565,0.06225135245203032
southkorea,2002Q2,0.0026319152711976306,-0.01199930263305762,0.04550291149988242,0.015177867386810645,-0.07075889250586428
southkorea,2002Q3,-0.03831271664627195,-0.06189508967456306,0.11431789366355884,0.022302726127869897,-0.16587766683083308
southkorea,2002Q4,-0.002904236985232681,-0.020396571611984292,0.05697904526961595,0.016412122735076983,-0.080307009286425
southkorea,2003Q1,-0.025145775603856012,-0.04030911551392269,0.11820123383700286,0.018800189783940106,-0.0116838191987833
southkorea,2003Q2,0.001714523415027371,-0.007976402075061537,0.04557698741781462,0.01408610419585235,0.18326531097998777
southkorea,2003Q3,-0.004820932734145834,-0.017267042686475095,0.07316578238958946,0.01541947085466435,0.1599328555300116
southkorea,2003Q4,0.013062192523291303,0.00315824037693627,0.0,0.012674376549517414,0.18044783855332938
southkorea,2004Q1,0.02089312469122209,0.012301847252914602,0.0,0.011535811748059411,0.10724971858931624
southkorea,2004Q2,0.02329917492788064,0.017602688355473003,0.0,0.010781987663560071,0.06482326740832627
southkorea,2004Q3,0.03023200845415358,0.023635638145627323,0.0,0.00988541804790747,0.21926927990468986
southkorea,2004Q4,0.016976643322574363,0.012373691328564938,0.0,0.011229115553505075,0.23013019813085694
southkorea,2005Q1,0.0037212942637117746,0.0007595979238278171,0.0,0.012724698634947953,0.16405989624271483
southkorea,2005Q2,0.01757400207501257,0.014687258213626417,0.0,0.010901369761489874,0.19754442577951134
southkorea,2005Q3,0.018213015756313816,0.015923630565827025,0.0,0.010800748401230489,0.12135813651225646
southkorea,2005Q4,0.02448266967687115,0.02084899737384973,0.0,0.01019627649532369,0.14584203646386587
southkorea,2006Q1,0.023325504832162496,0.02112173517405546,0.0,0.010164123346059754,0.08610424663610293
southkorea,2006Q2,0.011447948011248966,0.009047263582099108,0.0,0.011728542071031434,0.08813607445539037
southkorea,2006Q3,0.03182994648146874,0.02658702002902333,0.0,0.009439049377865981,0.23707236367180193
southkorea,2006Q4,0.034532434390847896,0.029084001110361458,0.0,0.009048457392488728,0.2960788697947157
southkorea,2007Q1,0.026917936859354757,0.01931157920187901,0.0,0.010494176577663513,0.20214568340826852
southkorea,2007Q2,0.02824944175316467,0.018865441691783932,0.0,0.010684055317489515,0.1430567208806873
southkorea,2007Q3,0.020179529488308236,0.010086694196577203,0.0,0.011873574569298726,0.11401189329588572
southkorea,2007Q4,-0.0004859010691617826,-0.01126941715694349,0.05166256343459914,0.01489246315604532,-0.04936846600749053
southkorea,2008Q1,-0.048494506685127434,-0.05356121051404669,0.15696697672928947,0.020400286603133526,-0.14967127200812194
southkorea,2008Q2,-0.02914072931819964,-0.03688937725415438,0.12803299152020564,0.01811135036712331,-0.04386688876817409
southkorea,2008Q3,-0.09825227294925612,-0.11101220998308334,0.248442273900019,0.028331015191863495,-0.15586762413139296
southkorea,2008Q4,-0.09168928577723776,-0.10925806229888507,0.5270299260803858,0.027846626019886318,0.0027850137675877675
southkorea,2009Q1,-0.08373804224751435,-0.10840469080201989,0.5337590866827466,0.027917074850218347,0.040868514353454864
southkorea,2009Q2,-0.03176154061520088,-0.04464759518526596,0.3416775488583259,0.01892989921986118,0.16864136394062798
southkorea,2009Q3,-0.021854783299133113,-0.03475930133558279,0.15693242438059074,0.017753194669675728,0.11801980641163819
southkorea,2009Q4,-0.0014932153335695097,-0.011671171679002751,0.05588809745527459,0.014834028244718437,0.00825372341632464
southkorea,2010Q1,0.011153468572636206,0.004498115908970861,0.0,0.012679394633774347,-0.06419819484475248
southkorea,2010Q2,-0.010449970661435246,-0.03363750678296295,0.06999997510971619,0.018413339200311296,-0.0962234678004622
southkorea,2010Q3,-0.025284219108463377,-0.03280500901813722,0.11166728049657951,0.017655948858573006,-0.09333556535293855
southkorea,2010Q4,0.01903239871298765,0.009957432463143515,0.0,0.011928201298829733,0.04742859871833593
southkorea,2011Q1,0.011926387830216906,0.0036574435174856496,0.0,0.012656609071334113,0.0912893626677649
southkorea,2011Q2,0.008845775807552796,0.00215764141943963,0.0,0.01272282484817729,0.141567819092457
southkorea,2011Q3,-0.06453204794594981,-0.0891245614839245,0.22278287454747153,0.025681175927382702,-0.06325770563691568
southkorea,2011Q4,-0.013392855236226298,-0.02465122060603636,0.10736802605281101,0.016422973860566282,0.09548660180802043
southkorea,2012Q1,0.0070996895266325945,0.0014106437787622438,0.0,0.012697237823588881,0.20635793751230513
southkorea,2012Q2,-0.0016074914303977634,-0.007443304605697446,0.06360357624791846,0.0139076482293623,0.15154476770657468
southkorea,2012Q3,0.014852444074284505,0.007224434356525733,0.0,0.011963273187353157,0.2653466479906994
southkorea,2012Q4,0.006325579577602925,-0.0023338166374754893,0.03173781571921743,0.013303637432454322,0.19836678716321832
southkorea,2013Q1,0.020148028190257985,0.015153000776756869,0.0,0.010793930537033081,0.3216738239919433
southkorea,2013Q2,0.006063221548515418,-0.0008158299107080598,0.027964906991697926,0.013081631915905908,0.16520129205325418
southkorea,2013Q3,0.02016788400741626,0.0109167283880142,0.0,0.0115982344546445,0.23092982469079879
southkorea,2013Q4,0.025345621017460303,0.018674900265412974,0.0,0.010470177760795939,0.2681158075175699
southkorea,2014Q1,0.026976702766498037,0.019748104411953342,0.0,0.010339367678216936,0.2847222039543365
southkorea,2014Q2,0.02971982568909455,0.02471471659142617,0.0,0.009570902543378135,0.33209917314626214
southkorea,2014Q3,0.019723278339650582,0.010517615905082075,0.0,0.011590011214077841,0.281213162704784
southkorea,2014Q4,0.011050293460598631,-0.00011557704971924625,0.02525877303881602,0.013074919366681287,0.23358552392387308
southkorea,2015Q1,0.02256147266797802,0.013911286954478795,0.0,0.011091526175199835,0.324083887082096
southkorea,2015Q2,0.012898217546395047,0.0023474943668663137,0.0,0.012688848597910281,0.2723395200098355
southkorea,2015Q3,0.0003278911443501363,-0.014811856860394296,0.04945855911167184,0.015261523665701339,0.12745433303976209
southkorea,2015Q4,0.016059517234192945,0.005597796123764758,0.0,0.012351822221629487,0.2073547233807332
southkorea,2016Q1,0.02417699161955006,0.017096474723905478,0.0,0.01064331341550397,0.3096421781284366
southkorea,2016Q2,0.020804199559874115,0.012744829675778467,0.0,0.011328414295502395,0.2217906172524491
southkorea,2016Q3,0.019231950504645212,0.013885964251257652,0.0,0.011006509534254503,0.2853173156823329
southkorea,2016Q4,0.021691180053412147,0.014885469482774132,0.0,0.01091567067066787,0.30592498318513983
southkorea,2017Q1,0.02948567470240812,0.02350083646651258,0.0,0.00971503017948345,0.33813972346174287
southkorea,2017Q2,0.0288983045849181,0.025479740549988254,0.0,0.008502875772130002,0.5375302392694954
southkorea,2017Q3,0.03339313147111761,0.030395997112805304,0.0,0.00842441035679597,0.40031523702072064
southkorea,2017Q4,0.026556612375849498,0.022587457787550065,0.0,0.009793208498607688,0.34531673336720026
southkorea,2018Q1,0.008118778472658501,-0.0029884852315581498,0.03172642090604104,0.01352473769268858,0.16833544853699
southkorea,2018Q2,0.016754185854736262,0.00871562702185124,0.0,0.011838544682362227,0.22376151566235405
southkorea,2018Q3,0.024445389437805942,0.019344243477391283,0.0,0.010237110093294654,0.3540953385989894
southkorea,2018Q4,-0.0025199602722060614,-0.01820703327146872,0.05899362434748252,0.015741901233663345,0.11343430782348526
southkorea,2019Q1,0.010778855532711337,0.0062487001402506195,0.0,0.011956124624242762,0.27245246706801163
southkorea,2019Q2,0.009638135717689187,0.003911658091106546,0.0,0.01235343612863649,0.22792849053275688
southkorea,2019Q3,-0.0009592633011005387,-0.006039398539671275,0.05982865869581999,0.013668994181701302,0.17249645007241254
southkorea,2019Q4,0.014544751844114284,0.009480020300187037,0.0,0.011584168586475398,0.2579037330809784
southkorea,2020Q1,-0.10915660385029757,-0.1386092018040243,0.3742028908791612,0.03242416951161148,-0.08130440460543349
southkorea,2020Q2,-0.03421912194497656,-0.052496532739586266,0.5181882802949197,0.020048973261334986,0.21984326865171294
southkorea,2020Q3,-0.017773373532037746,-0.033494385499648206,0.24006640843621707,0.017519576205255242,0.22377499523953623
southkorea,2020Q4,-0.009216911960618267,-0.021941963012005773,0.12945287963564026,0.01589145387669537,0.24797668054579952
southkorea,2021Q1,0.008777684174807805,-0.0020867699992964815,0.02980182889507315,0.013344896113177787,0.20981103084023864
southkorea,2021Q2,0.027509561217269246,0.019223800873687448,0.0,0.010666513573981854,0.07446141119314863
southkorea,2021Q3,-0.002620075222917068,-0.014864428432517222,0.06003448155564503,0.015263017579946234,0.05419960775661051
southkorea,2021Q4,0.010197988108024574,0.0027830688155763513,0.0,0.012725012254500978,0.09921624527154169
southkorea,2022Q1,-0.014428291547729483,-0.021396201997107577,0.1030311938641169,0.01592196682667552,0.03772438340212776
southkorea,2022Q2,-0.040900098007712396,-0.0526662336169254,0.16655919427308832,0.020306989792785387,-0.02830925950195426
southkorea,2022Q3,-0.0627365737543864,-0.07339941641364524,0.2196332971914846,0.023118859790753107,-0.0923947172504034
southkorea,2022Q4,-0.018949180563491548,-0.027464072534559212,0.15024374325078277,0.01663204276223415,0.12167399315355733
southkorea,2023Q1,-0.015665910671039514,-0.02127502382876318,0.1461991197793077,0.015679837328726336,0.14697026210778186
southkorea,2023Q2,-0.006348467553242924,-0.00767735023633697,0.09973912716073455,0.013670236213922396,0.21591422619647585
southkorea,2023Q3,0.0012703605149384477,-0.006246185236491817,0.045774786195185733,0.01371932135565538,0.22671820023394226
southkorea,2023Q4,0.01824091774119321,0.01405509420522093,0.0,0.010932206897216202,0.291938311450054
southkorea,2024Q1,0.02329253006522147,0.018022973692524025,0.0,0.010484129520013721,0.2810656421352052
southkorea,2024Q2,0.010333757124165822,0.0018559776735279714,0.0,0.012725181040848733,0.22731911579259986
southkorea,2024Q3,0.0008208689102624615,-0.005808062800587669,0.04690421871099201,0.013645483051915716,0.21387999227354565
southkorea,2024Q4,-0.011549019516481473,-0.016361713554347006,0.11965451247377405,0.014990879692702633,0.1648726231843917
southkorea,2025Q1,-0.022317155685076393,-0.030760089077074802,0.22082004611549297,0.016980271994176913,0.16494314465280208
southkorea,2025Q2,0.008405309862618376,0.0005445993367695707,0.0,0.012753846792700696,0.3181623061987589
southkorea,2025Q3,0.011949058218724641,0.004234181043948161,0.0,0.012342109618639777,0.2685633404551463
southkorea,2025Q4,0.009318109523666632,0.004228895961709214,0.0,0.012235342950890807,0.27153673482758345
southkorea,2026Q1,-0.06111190471317812,-0.07072550817425292,0.21060711827279083,0.02274059202175929,-0.09943033485267253
turkey,2010Q1,0.03485779592001911,0.0249813373862646,0.0,0.009880616341432178,-0.13177018427706344
turkey,2010Q2,-0.018452616227787513,-0.03820752307714943,0.08655042493403843,0.018710268690982596,-0.17590605531993508
turkey,2010Q3,0.021993248938035562,0.007154601050793866,0.0,0.01242344796124733,-0.12067731657282933
turkey,2010Q4,0.03465584392117074,0.025074501089790428,0.0,0.00992505265086153,-0.1999501314552663
turkey,2011Q1,0.02670479814878569,0.019920259129537685,0.0,0.010704710977675981,-0.3919502194638927
turkey,2011Q2,0.02440401130583016,0.018937106423238582,0.0,0.010701647166079041,-0.3199139945928605
turkey,2011Q3,-0.05324076331088591,-0.07438132850188109,0.11593730529127906,0.023901494475586624,-0.31445838018212957
turkey,2011Q4,0.012180243901103612,0.0002333096976521806,0.0,0.013344437050047295,-0.21469663234423558
turkey,2012Q1,0.029736446819563635,0.02214944801661023,0.0,0.009998529252285266,0.02694255896250815
turkey,2012Q2,0.0293434456958386,0.019534278256740475,0.0,0.010366005108934576,0.08683841034793456
turkey,2012Q3,0.032012271175816925,0.02282623290150507,0.0,0.009831282617283645,0.1733077913100222
turkey,2012Q4,0.02990239734397365,0.018439221920424655,0.0,0.010507713457271533,0.15018233120691646
turkey,2013Q1,0.054116577021402074,0.04570198167482427,0.0,0.006804128197277117,0.14115606115380394
turkey,2013Q2,0.025797763145142327,0.019197300514807284,0.0,0.010637976220136739,-0.25084877239892983
turkey,2013Q3,0.031150434754113037,0.023386186714676568,0.0,0.010051560401871516,-0.1781032835343163
turkey,2013Q4,0.031112840074801616,0.026162568503467338,0.0,0.009484088521256527,-0.09260719908820804
turkey,2014Q1,0.04008874054946672,0.03274755998102015,0.0,0.008616287248517937,0.022211165948058005
turkey,2014Q2,0.03910583262521307,0.033086567475311246,0.0,0.007681342521696815,0.4297966609041806
turkey,2014Q3,0.02542148806115951,0.016783351319274508,0.0,0.010616774838037284,0.14093643934035516
turkey,2014Q4,0.021491737216733028,0.010485309048726745,0.0,0.01159384423717868,0.07692538930325661
turkey,2015Q1,0.026507339318576285,0.018775929271635232,0.0,0.010302181661531644,0.16290391450343208
turkey,2015Q2,0.027241354523512933,0.017279752112168447,0.0,0.01079641480757197,-0.03708149549257457
turkey,2015Q3,-0.0010929062630201485,-0.01308381919434634,0.05327355645786942,0.014935672929461958,-0.09536249214860504
turkey,2015Q4,0.02700791672798634,0.01704849966081515,0.0,0.010817261332961124,-0.028562665625277872
turkey,2016Q1,0.0334807959590976,0.026420511436455466,0.0,0.00931679129825177,0.14021412798835853
turkey,2016Q2,0.02604927140085402,0.018177155527031034,0.0,0.010414089601805487,0.13417711312875358
turkey,2016Q3,0.02327121930753376,0.017140892385540767,0.0,0.01009210347129617,0.37796292493654504
turkey,2016Q4,0.025719774336106376,0.019960874643735648,0.0,0.010122655105218394,0.11177862502452594
turkey,2017Q1,0.04222795130500365,0.03548401070342702,0.0,0.00804705948658102,0.18842101640152703
turkey,2017Q2,0.05501299763309103,0.047428368969499625,0.0,0.005588001802154908,0.4967370419005934
turkey,2017Q3,0.0744724282595347,0.06742956787139405,0.0,0.004164932833461892,-0.09904562348038048
turkey,2017Q4,0.055974760365878534,0.04900390631738649,0.0,0.006282430344374252,0.20117613470646187
turkey,2018Q1,0.03078242320138287,0.01864434444898942,0.0,0.010779142437688885,-0.10363565522817102
turkey,2018Q2,0.020642865568072783,0.01426588591184574,0.0,0.011035912549697333,-0.02966815449628538
turkey,2018Q3,0.013731738810467096,0.012086143237214669,0.0,0.010957185746824215,0.12488623911710878
turkey,2018Q4,-0.01914209181038048,-0.03207656466477499,0.18267658128432643,0.01701244687064798,0.17072539421320923
turkey,2019Q1,0.0032234505451503442,-4.635895976899646e-06,0.02503590281782604,0.012375541314951864,0.2878815334247622
turkey,2019Q2,0.01703315787755311,0.010121587397553915,0.0,0.011242812883732183,0.28478444305733885
turkey,2019Q3,0.018461885477428774,0.010175478204871545,0.0,0.011327632429853548,0.25103204138964713
turkey,2019Q4,0.04108950887323072,0.03317736499112349,0.0,0.008504045041450973,0.11554063099849485
turkey,2020Q1,-0.08894408643954045,-0.11833461762501063,0.21094165366372403,0.02970673138526177,-0.16802755128249194
turkey,2020Q2,-0.046259540381983835,-0.0624714441190999,0.754937665778678,0.020820712414541583,0.2747836523001614
turkey,2020Q3,-0.005705330853284294,-0.019101298561380063,0.0658621295536575,0.015782607955411546,-0.09418712375396109
turkey,2020Q4,0.014184299656605188,0.0008342520043368932,0.0,0.013043591893326992,-0.006242407478862329
turkey,2021Q1,0.011068094369950092,0.0035364275332199595,0.0,0.012657932265125842,-0.1657955949168091
turkey,2021Q2,0.07718652635899055,0.06653435424317562,0.0,0.006512952272927868,-0.7494379997554491
turkey,2021Q3,0.021930770629959014,0.008283467626652299,0.0,0.012306772869630684,-0.18551103184197112
turkey,2021Q4,-0.010855498148206962,-0.01176542450112526,0.08113962279399763,0.014501932304116172,-0.3594936100189162
turkey,2022Q1,0.01627527379375381,0.005781736460345115,0.0,0.012376244900588355,-0.08137050219104253
turkey,2022Q2,-0.016122040764583453,-0.029607042032261516,0.08644481777748712,0.017298274714604923,-0.1688033035064945
turkey,2022Q3,-0.015531375776760604,-0.033881306918352797,0.0911132170363076,0.017851718711278965,-0.05157880833212089
turkey,2022Q4,-0.0077673858736604685,-0.016108412706772577,0.08011557262239175,0.015057697678657497,-0.01290667380127518
turkey,2023Q1,-0.007292848489187639,-0.01236519617398285,0.08253276570932869,0.014411744434097817,0.004270962337619426
turkey,2023Q2,0.01992872900228521,0.016698642224078842,0.0,0.01060155653471337,-0.040553056458386826
turkey,2023Q3,0.024464902281490977,0.015460650387614846,0.0,0.010941840502973097,0.011235123478169004
turkey,2023Q4,0.03390960182042248,0.028907210351355305,0.0,0.008963052296743124,0.08610986946177257
turkey,2024Q1,0.04217735061710495,0.035812901335312425,0.0,0.00818078342703978,0.019315985297181575
turkey,2024Q2,0.015804757681050795,0.007415017129378591,0.0,0.011779337972960078,0.16699717509504608
turkey,2024Q3,0.006854435773539742,0.0005646510849188803,0.0,0.012637328733910479,0.11528082259339062
turkey,2024Q4,0.008665314474378558,0.001755860755426627,0.0,0.01253823363541369,0.09169835463713404
turkey,2025Q1,-0.02367843036006908,-0.028957720047238827,0.11749976445980914,0.016665591851285105,-0.04693720675735625
turkey,2025Q2,-0.00021424042418488783,-0.00333611663120465,0.0513169408054923,0.013204026920960418,-0.031002008613214265
turkey,2025Q3,0.008743507651607547,0.004144899670036298,0.0,0.012256120529810243,-0.00600466696690787
turkey,2025Q4,0.017428933541275587,0.012730416084077902,0.0,0.011024637472651167,0.0994612748094843
turkey,2026Q1,-0.03413392652092249,-0.04793963339488926,0.1321123077671943,0.01953584012840655,-0.06653467948621737
russia,2013Q2,0.031745867153605334,0.021556930763666562,0.0,0.011207471890261847,-0.06219041361579301
russia,2013Q3,0.03277917719448736,0.02231670353746751,0.0,0.01105256100736946,-0.0026333830879255583
russia,2013Q4,0.04573163030747842,0.03702478820435356,0.0,0.009088540989355121,-0.027962385532159528
russia,2014Q1,0.0515808571095934,0.04376366575146539,0.0,0.008489996851792263,-0.32619794158916754
russia,2014Q2,0.05003866217814697,0.043373988795948094,0.0,0.008171101552827598,-0.021755807914586107
russia,2014Q3,0.029367248130294614,0.01994300043003199,0.0,0.011333322889397859,-0.01472621908804911
russia,2014Q4,-0.01666385170384065,-0.019774050025496877,0.08818569691659565,0.016617515991060088,-0.23097188132459812
russia,2015Q1,-0.008070737165470326,-0.013137585781742327,0.22200528789493654,0.014975990530471765,0.3133027850102415
russia,2015Q2,0.024449033306334095,0.01391597725717418,0.0,0.012251614841235598,-0.08545598655058509
russia,2015Q3,0.010851360076537264,-0.0052853223732504265,0.03318836583928682,0.01502930393443351,-0.10252682436162391
russia,2015Q4,0.02187269403935516,0.011974347191156422,0.0,0.012505962064874762,-0.10544728706586416
russia,2016Q1,-0.0023860476192119617,-0.006612738875180751,0.09823201186512916,0.014097592695164682,0.32900668898434493
russia,2016Q2,0.030915057989320954,0.022612883142446798,0.0,0.011014728140320494,-0.08264080531310836
russia,2016Q3,0.036386943890974924,0.029779974725174695,0.0,0.009943868893147193,-0.022777445903543497
russia,2016Q4,0.032357446961740095,0.025928629028442642,0.0,0.01051224238628813,-0.09171118808720091
russia,2017Q1,0.002461526186556203,-0.0002526048991015129,0.027326756622371273,0.013215343316259794,0.3565161941579092
russia,2017Q2,0.04295248687837597,0.038290981240693966,0.0,0.008799274225109479,-0.07411498483989117
russia,2017Q3,0.045344186385746055,0.04196374237729967,0.0,0.008192452328776738,0.01336449994483265
russia,2017Q4,0.04389887738874068,0.038682258398206194,0.0,0.008682622994084599,0.026081833288783482
russia,2018Q1,-0.003950122251834005,-0.015482107735948075,0.08725462546584298,0.01559527496804146,0.26811215845080616
russia,2018Q2,0.037543965775512826,0.02750058970660956,0.0,0.010443503565399609,-0.08192678390427388
russia,2018Q3,0.04590749319174332,0.03889908905925716,0.0,0.008720220751540143,0.033923116819897486
russia,2018Q4,0.011661313565846853,-0.0058318312660286375,0.033334452327008185,0.015152661642434001,-0.09977235279807256
russia,2019Q1,0.008854156300560488,0.004932152597535773,0.0,0.011646861854194581,0.551853725614927
russia,2019Q2,0.04303271103090293,0.033173179991472915,0.0,0.009663579487134331,-0.0537506859586159
russia,2019Q3,0.03838808782911221,0.027779483092008495,0.0,0.010395392920860107,-0.04901804427565881
russia,2019Q4,0.04412829917356967,0.035403486138124954,0.0,0.009268993804567126,0.006312254846870453
russia,2020Q1,-0.1336101601931411,-0.16323076568512623,0.52905085752596,0.03620748955775919,-0.059775872098951355
russia,2020Q2,-0.01529513996027498,-0.035386605764646396,0.0890398009746946,0.019024811183347083,-0.03652702247708937
russia,2020Q3,0.01489471825357605,-0.0032939800133806397,0.02952750928768333,0.015015319715298042,-0.21000403215438038
russia,2020Q4,0.02199393815553539,0.006436989599032397,0.0,0.013501796178365765,-0.13073910905822933
russia,2021Q1,-0.0034071659665337282,-0.014477065276680034,0.09012313691495341,0.015416366125423861,0.29011749428329536
russia,2021Q2,0.04036498825595492,0.03023293457450475,0.0,0.0100975795930445,-0.09092515344101815
russia,2021Q3,0.016719570019745864,0.0011133973466795344,0.0,0.014133506644543483,-0.08014537904183962
russia,2021Q4,0.03368114590464019,0.02321306148470736,0.0,0.011081240161588242,-0.13305522491060962
russia,2022Q1,-0.060123602906474075,-0.06121362729368763,0.4512122262605485,0.021408754243045326,0.06390874161050529
russia,2022Q2,-0.030042258844875862,-0.04413337389163974,0.10997235266357355,0.02011715759304276,-0.13210156167087722
russia,2022Q3,-0.039444056336305294,-0.0543444622389512,0.11219468619134636,0.021696861282184902,-0.22211414280193378
russia,2022Q4,0.015048152756110246,0.0028245051321782837,0.0,0.013953113751304652,-0.209512922883577
russia,2023Q1,-0.029580571732908418,-0.03444201389481191,0.3016212727942886,0.017906109678331582,0.170743957179369
russia,2023Q2,0.031261322303889214,0.0257989742901328,0.0,0.010519630051093612,-0.11982227784241829
russia,2023Q3,0.0208846219153312,0.012266154975544653,0.0,0.012448430590563301,-0.13190201326730375
russia,2023Q4,0.04284121511694107,0.03685650419610523,0.0,0.00908818858079606,-0.1247285320593695
russia,2024Q1,0.007184457484392635,0.002879538402032086,0.0,0.012831188173320619,0.39897864221210183
russia,2024Q2,0.029148282331818848,0.019102581227970872,0.0,0.011542839023146971,-0.07899657987614983
russia,2024Q3,0.02986226496098634,0.019853114932238403,0.0,0.011421552717122961,-0.06060114922678896
russia,2024Q4,0.03572406400619623,0.024950002231713293,0.0,0.010908456210637492,-0.17255342992966877
russia,2025Q1,-0.01714657900672591,-0.029123182890356782,0.3479423560523357,0.017321787960908483,0.2804125381671219
russia,2025Q2,0.03430962253564809,0.024275284684505183,0.0,0.01082832331936291,-0.04700756728113892
russia,2025Q3,0.03585315216765775,0.025636306044305366,0.0,0.010630098363963043,-0.021278992545379932
russia,2025Q4,0.04961214190288722,0.040056758051030414,0.0,0.008818637784021111,-0.12275826995982896
