countryname,bankname,date,mktcap
egypt,cib,2004-01-04,
egypt,cib,2004-01-05,2860.0
egypt,cib,2004-01-06,2925.0
egypt,cib,2004-01-08,2875.6
egypt,cib,2004-01-11,
egypt,cib,2004-01-12,3146.0
egypt,cib,2004-01-13,3121.3
egypt,cib,2004-01-14,3120.0
egypt,cib,2004-01-15,3100.5
egypt,cib,2004-01-18,
egypt,cib,2004-01-19,3120.0
egypt,cib,2004-01-20,3113.5
egypt,cib,2004-01-21,3217.5
egypt,cib,2004-01-22,3192.8
egypt,cib,2004-01-25,
egypt,cib,2004-01-26,3224.0
egypt,cib,2004-01-27,3120.0
egypt,cib,2004-01-28,3227.9
egypt,cib,2004-01-29,3183.7
egypt,cib,2004-02-03,3185.0
egypt,cib,2004-02-04,3178.5
egypt,cib,2004-02-05,3178.5
egypt,cib,2004-02-08,
egypt,cib,2004-02-09,3172.0
egypt,cib,2004-02-10,3107.0
egypt,cib,2004-02-11,3055.0
egypt,cib,2004-02-12,3009.5
egypt,cib,2004-02-15,
egypt,cib,2004-02-16,2821.0
egypt,cib,2004-02-17,2810.6
egypt,cib,2004-02-18,2925.0
egypt,cib,2004-02-19,2964.0
egypt,cib,2004-02-22,
egypt,cib,2004-02-23,2923.7
egypt,cib,2004-02-24,2987.4
egypt,cib,2004-02-25,2928.9
egypt,cib,2004-02-26,2958.8
egypt,cib,2004-02-29,
egypt,cib,2004-03-01,2977.0
egypt,cib,2004-03-02,3003.0
egypt,cib,2004-03-03,3120.0
egypt,cib,2004-03-04,3146.0
egypt,cib,2004-03-07,
egypt,cib,2004-03-08,3162.9
egypt,cib,2004-03-09,3195.4
egypt,cib,2004-03-10,3166.8
egypt,cib,2004-03-11,3190.2
egypt,cib,2004-03-14,
egypt,cib,2004-03-15,3230.5
egypt,cib,2004-03-16,3227.9
egypt,cib,2004-03-17,3230.5
egypt,cib,2004-03-18,3105.7
egypt,cib,2004-03-21,
egypt,cib,2004-03-22,3010.8
egypt,cib,2004-03-23,3029.0
egypt,cib,2004-03-24,3016.0
egypt,cib,2004-03-25,2991.3
egypt,cib,2004-03-28,
egypt,cib,2004-03-29,3055.0
egypt,cib,2004-03-30,3107.0
egypt,cib,2004-03-31,3131.7
egypt,cib,2004-04-01,3138.2
egypt,cib,2004-04-04,
egypt,cib,2004-04-05,3068.0
egypt,cib,2004-04-06,3042.0
egypt,cib,2004-04-07,3040.7
egypt,cib,2004-04-08,3036.8
egypt,cib,2004-04-13,3058.9
egypt,cib,2004-04-14,3061.5
egypt,cib,2004-04-15,3053.7
egypt,cib,2004-04-18,
egypt,cib,2004-04-19,3062.8
egypt,cib,2004-04-20,3107.0
egypt,cib,2004-04-21,3084.9
egypt,cib,2004-04-22,3074.5
egypt,cib,2004-04-26,3068.0
egypt,cib,2004-04-27,3121.3
egypt,cib,2004-04-28,3094.0
egypt,cib,2004-04-29,3120.0
egypt,cib,2004-05-03,3120.0
egypt,cib,2004-05-04,3165.5
egypt,cib,2004-05-05,3328.0
egypt,cib,2004-05-06,3298.1
egypt,cib,2004-05-09,
egypt,cib,2004-05-10,3318.9
egypt,cib,2004-05-11,3120.0
egypt,cib,2004-05-12,3152.5
egypt,cib,2004-05-13,3172.0
egypt,cib,2004-05-16,
egypt,cib,2004-05-17,3074.5
egypt,cib,2004-05-18,3055.0
egypt,cib,2004-05-19,3034.2
egypt,cib,2004-05-20,3023.8
egypt,cib,2004-05-23,
egypt,cib,2004-05-24,2983.5
egypt,cib,2004-05-25,3022.5
egypt,cib,2004-05-26,3016.0
egypt,cib,2004-05-27,3005.6
egypt,cib,2004-05-30,
egypt,cib,2004-05-31,3023.8
egypt,cib,2004-06-01,3003.0
egypt,cib,2004-06-02,3003.0
egypt,cib,2004-06-03,2990.0
egypt,cib,2004-06-06,
egypt,cib,2004-06-07,3003.0
egypt,cib,2004-06-08,3035.5
egypt,cib,2004-06-09,3068.0
egypt,cib,2004-06-10,3107.0
egypt,cib,2004-06-13,
egypt,cib,2004-06-14,3061.5
egypt,cib,2004-06-15,3042.0
egypt,cib,2004-06-16,3039.4
egypt,cib,2004-06-17,2999.1
egypt,cib,2004-06-20,
egypt,cib,2004-06-21,2990.0
egypt,cib,2004-06-22,2958.8
egypt,cib,2004-06-23,2964.0
egypt,cib,2004-06-24,3022.5
egypt,cib,2004-06-27,
egypt,cib,2004-06-28,2991.3
egypt,cib,2004-06-29,3009.5
egypt,cib,2004-06-30,3025.1
egypt,cib,2004-07-04,
egypt,cib,2004-07-05,3016.0
egypt,cib,2004-07-06,3008.2
egypt,cib,2004-07-07,3003.0
egypt,cib,2004-07-08,2990.0
egypt,cib,2004-07-11,
egypt,cib,2004-07-12,3121.3
egypt,cib,2004-07-13,3099.2
egypt,cib,2004-07-14,3120.0
egypt,cib,2004-07-15,3164.2
egypt,cib,2004-07-18,
egypt,cib,2004-07-19,3263.0
egypt,cib,2004-07-20,3289.0
egypt,cib,2004-07-21,3253.9
egypt,cib,2004-07-22,3282.5
egypt,cib,2004-07-25,
egypt,cib,2004-07-26,3248.7
egypt,cib,2004-07-27,3250.0
egypt,cib,2004-07-28,3250.0
egypt,cib,2004-07-29,3250.0
egypt,cib,2004-08-01,
egypt,cib,2004-08-02,3253.9
egypt,cib,2004-08-03,3256.5
egypt,cib,2004-08-04,3308.5
egypt,cib,2004-08-05,3315.0
egypt,cib,2004-08-08,
egypt,cib,2004-08-09,3282.5
egypt,cib,2004-08-10,3276.0
egypt,cib,2004-08-11,3261.7
egypt,cib,2004-08-12,3302.0
egypt,cib,2004-08-15,
egypt,cib,2004-08-16,3315.0
egypt,cib,2004-08-17,3317.6
egypt,cib,2004-08-18,3302.0
egypt,cib,2004-08-19,3224.0
egypt,cib,2004-08-22,
egypt,cib,2004-08-23,3299.4
egypt,cib,2004-08-24,3331.9
egypt,cib,2004-08-25,3315.0
egypt,cib,2004-08-26,3265.6
egypt,cib,2004-08-29,
egypt,cib,2004-08-30,3289.0
egypt,cib,2004-08-31,3260.4
egypt,cib,2004-09-01,3248.7
egypt,cib,2004-09-02,3248.7
egypt,cib,2004-09-05,
egypt,cib,2004-09-06,3242.2
egypt,cib,2004-09-07,3282.5
egypt,cib,2004-09-08,3402.1
egypt,cib,2004-09-09,3445.0
egypt,cib,2004-09-12,
egypt,cib,2004-09-13,4062.5
egypt,cib,2004-09-14,4251.0
egypt,cib,2004-09-15,4628.0
egypt,cib,2004-09-16,4576.0
egypt,cib,2004-09-19,
egypt,cib,2004-09-20,4117.1
egypt,cib,2004-09-21,4191.2
egypt,cib,2004-09-22,4121.0
egypt,cib,2004-09-23,3897.4
egypt,cib,2004-09-26,
egypt,cib,2004-09-27,3887.0
egypt,cib,2004-09-28,3913.0
egypt,cib,2004-09-29,3901.3
egypt,cib,2004-09-30,3993.6
egypt,cib,2004-10-03,
egypt,cib,2004-10-04,4127.5
egypt,cib,2004-10-05,4290.0
egypt,cib,2004-10-07,4452.5
egypt,cib,2004-10-10,
egypt,cib,2004-10-11,4257.5
egypt,cib,2004-10-12,4485.0
egypt,cib,2004-10-13,4407.0
egypt,cib,2004-10-14,4290.0
egypt,cib,2004-10-17,
egypt,cib,2004-10-18,4353.7
egypt,cib,2004-10-19,4368.0
egypt,cib,2004-10-20,4446.0
egypt,cib,2004-10-21,4485.0
egypt,cib,2004-10-24,
egypt,cib,2004-10-25,4540.9
egypt,cib,2004-10-26,4641.0
egypt,cib,2004-10-27,4491.5
egypt,cib,2004-10-28,4514.9
egypt,cib,2004-10-31,
egypt,cib,2004-11-01,4608.5
egypt,cib,2004-11-02,4663.1
egypt,cib,2004-11-03,4669.6
egypt,cib,2004-11-04,4654.0
egypt,cib,2004-11-07,
egypt,cib,2004-11-08,4615.0
egypt,cib,2004-11-09,4604.6
egypt,cib,2004-11-10,4563.0
egypt,cib,2004-11-11,4556.5
egypt,cib,2004-11-16,
egypt,cib,2004-11-17,4491.5
egypt,cib,2004-11-18,4595.5
egypt,cib,2004-11-21,
egypt,cib,2004-11-22,4927.0
egypt,cib,2004-11-23,4940.0
egypt,cib,2004-11-24,5002.4
egypt,cib,2004-11-25,5296.2
egypt,cib,2004-11-28,
egypt,cib,2004-11-29,5070.0
egypt,cib,2004-11-30,4917.9
egypt,cib,2004-12-01,4847.7
egypt,cib,2004-12-02,4845.1
egypt,cib,2004-12-05,
egypt,cib,2004-12-06,4875.0
egypt,cib,2004-12-07,4940.0
egypt,cib,2004-12-08,4811.3
egypt,cib,2004-12-09,4863.3
egypt,cib,2004-12-12,
egypt,cib,2004-12-13,4761.9
egypt,cib,2004-12-14,4850.3
egypt,cib,2004-12-15,4838.6
egypt,cib,2004-12-16,4876.3
egypt,cib,2004-12-19,
egypt,cib,2004-12-20,4876.3
egypt,cib,2004-12-21,4958.2
egypt,cib,2004-12-22,4941.3
egypt,cib,2004-12-23,4979.0
egypt,cib,2004-12-26,
egypt,cib,2004-12-27,5044.0
egypt,cib,2004-12-28,5020.6
egypt,cib,2004-12-29,5070.0
egypt,cib,2004-12-30,5050.5
egypt,cib,2005-01-02,
egypt,cib,2005-01-03,5284.5
egypt,cib,2005-01-04,5305.3
egypt,cib,2005-01-05,5164.9
egypt,cib,2005-01-06,5331.3
egypt,cib,2005-01-10,5200.0
egypt,cib,2005-01-11,5200.0
egypt,cib,2005-01-12,5193.5
egypt,cib,2005-01-13,5187.0
egypt,cib,2005-01-16,
egypt,cib,2005-01-17,5266.3
egypt,cib,2005-01-18,5330.0
egypt,cib,2005-01-23,
egypt,cib,2005-01-24,5590.0
egypt,cib,2005-01-25,5655.0
egypt,cib,2005-01-26,5674.5
egypt,cib,2005-01-27,5817.5
egypt,cib,2005-01-30,
egypt,cib,2005-01-31,6077.5
egypt,cib,2005-02-01,5917.6
egypt,cib,2005-02-02,5980.0
egypt,cib,2005-02-03,5980.0
egypt,cib,2005-02-06,
egypt,cib,2005-02-07,6214.0
egypt,cib,2005-02-08,5986.5
egypt,cib,2005-02-09,6042.4
egypt,cib,2005-02-13,
egypt,cib,2005-02-14,5960.5
egypt,cib,2005-02-15,5917.6
egypt,cib,2005-02-16,6097.0
egypt,cib,2005-02-17,5959.2
egypt,cib,2005-02-20,
egypt,cib,2005-02-21,5853.9
egypt,cib,2005-02-22,5939.7
egypt,cib,2005-02-23,6006.0
egypt,cib,2005-02-24,6016.4
egypt,cib,2005-02-27,
egypt,cib,2005-02-28,6175.0
egypt,cib,2005-03-01,6371.3
egypt,cib,2005-03-02,6500.0
egypt,cib,2005-03-03,6321.9
egypt,cib,2005-03-06,
egypt,cib,2005-03-07,6240.0
egypt,cib,2005-03-08,6240.0
egypt,cib,2005-03-09,6435.0
egypt,cib,2005-03-10,6633.9
egypt,cib,2005-03-13,
egypt,cib,2005-03-14,6565.0
egypt,cib,2005-03-15,6649.5
egypt,cib,2005-03-16,6368.7
egypt,cib,2005-03-17,6312.8
egypt,cib,2005-03-20,
egypt,cib,2005-03-21,6272.5
egypt,cib,2005-03-22,6175.0
egypt,cib,2005-03-23,6175.0
egypt,cib,2005-03-24,6220.5
egypt,cib,2005-03-27,
egypt,cib,2005-03-28,5928.0
egypt,cib,2005-03-29,5978.7
egypt,cib,2005-03-30,5850.0
egypt,cib,2005-03-31,6045.0
egypt,cib,2005-04-03,
egypt,cib,2005-04-04,6006.0
egypt,cib,2005-04-05,5980.0
egypt,cib,2005-04-06,5954.0
egypt,cib,2005-04-07,6110.0
egypt,cib,2005-04-10,
egypt,cib,2005-04-11,6097.0
egypt,cib,2005-04-12,5915.0
egypt,cib,2005-04-13,5921.5
egypt,cib,2005-04-14,5928.0
egypt,cib,2005-04-17,
egypt,cib,2005-04-18,5882.5
egypt,cib,2005-04-19,5843.5
egypt,cib,2005-04-20,5734.3
egypt,cib,2005-04-26,5850.0
egypt,cib,2005-04-27,6045.0
egypt,cib,2005-04-28,6077.5
egypt,cib,2005-05-03,5915.0
egypt,cib,2005-05-04,6003.4
egypt,cib,2005-05-05,6158.1
egypt,cib,2005-05-08,
egypt,cib,2005-05-09,5981.3
egypt,cib,2005-05-10,6007.3
egypt,cib,2005-05-11,6045.0
egypt,cib,2005-05-12,6058.0
egypt,cib,2005-05-15,
egypt,cib,2005-05-16,5734.3
egypt,cib,2005-05-17,5811.0
egypt,cib,2005-05-18,5792.8
egypt,cib,2005-05-19,5687.5
egypt,cib,2005-05-22,
egypt,cib,2005-05-23,5590.0
egypt,cib,2005-05-24,5577.0
egypt,cib,2005-05-25,5586.1
egypt,cib,2005-05-26,5591.3
egypt,cib,2005-05-29,
egypt,cib,2005-05-30,5499.0
egypt,cib,2005-05-31,5720.0
egypt,cib,2005-06-01,5655.0
egypt,cib,2005-06-02,5655.0
egypt,cib,2005-06-05,
egypt,cib,2005-06-06,5785.0
egypt,cib,2005-06-07,5772.0
egypt,cib,2005-06-08,5852.6
egypt,cib,2005-06-09,5928.0
egypt,cib,2005-06-12,
egypt,cib,2005-06-13,5980.0
egypt,cib,2005-06-14,5980.0
egypt,cib,2005-06-15,5980.0
egypt,cib,2005-06-16,5986.5
egypt,cib,2005-06-19,
egypt,cib,2005-06-20,6305.0
egypt,cib,2005-06-21,6240.0
egypt,cib,2005-06-22,6142.5
egypt,cib,2005-06-23,6272.5
egypt,cib,2005-06-26,
egypt,cib,2005-06-27,6370.0
egypt,cib,2005-06-28,6175.0
egypt,cib,2005-06-29,6110.0
egypt,cib,2005-06-30,6240.0
egypt,cib,2005-07-04,6189.3
egypt,cib,2005-07-05,6046.3
egypt,cib,2005-07-06,6214.0
egypt,cib,2005-07-07,6110.0
egypt,cib,2005-07-10,
egypt,cib,2005-07-11,6045.0
egypt,cib,2005-07-12,6110.0
egypt,cib,2005-07-13,6071.0
egypt,cib,2005-07-14,6110.0
egypt,cib,2005-07-17,
egypt,cib,2005-07-18,6090.5
egypt,cib,2005-07-19,6110.0
egypt,cib,2005-07-20,6110.0
egypt,cib,2005-07-21,6207.5
egypt,cib,2005-07-24,
egypt,cib,2005-07-25,6143.8
egypt,cib,2005-07-26,6048.9
egypt,cib,2005-07-27,6110.0
egypt,cib,2005-07-28,6240.0
egypt,cib,2005-07-31,
egypt,cib,2005-08-01,6292.0
egypt,cib,2005-08-02,6363.5
egypt,cib,2005-08-03,6371.3
egypt,cib,2005-08-04,6370.0
egypt,cib,2005-08-07,
egypt,cib,2005-08-08,6370.0
egypt,cib,2005-08-09,6370.0
egypt,cib,2005-08-10,6338.8
egypt,cib,2005-08-11,6305.0
egypt,cib,2005-08-14,
egypt,cib,2005-08-15,6227.0
egypt,cib,2005-08-16,6175.0
egypt,cib,2005-08-17,6212.7
egypt,cib,2005-08-18,6207.5
egypt,cib,2005-08-21,
egypt,cib,2005-08-22,6110.0
egypt,cib,2005-08-23,6111.3
egypt,cib,2005-08-24,6155.5
egypt,cib,2005-08-25,6175.0
egypt,cib,2005-08-28,
egypt,cib,2005-08-29,6501.3
egypt,cib,2005-08-30,6389.5
egypt,cib,2005-08-31,6370.0
egypt,cib,2005-09-01,6368.7
egypt,cib,2005-09-04,
egypt,cib,2005-09-05,6628.7
egypt,cib,2005-09-06,6542.9
egypt,cib,2005-09-07,6630.0
egypt,cib,2005-09-08,6669.0
egypt,cib,2005-09-11,
egypt,cib,2005-09-12,6583.2
egypt,cib,2005-09-13,6571.5
egypt,cib,2005-09-14,6695.0
egypt,cib,2005-09-15,6692.4
egypt,cib,2005-09-18,
egypt,cib,2005-09-19,6710.6
egypt,cib,2005-09-20,6649.5
egypt,cib,2005-09-21,6987.5
egypt,cib,2005-09-22,6990.1
egypt,cib,2005-09-25,
egypt,cib,2005-09-26,7800.0
egypt,cib,2005-09-27,7689.5
egypt,cib,2005-09-28,7668.7
egypt,cib,2005-09-29,7798.7
egypt,cib,2005-10-02,
egypt,cib,2005-10-03,8056.1
egypt,cib,2005-10-04,7995.0
egypt,cib,2005-10-05,8060.0
egypt,cib,2005-10-09,
egypt,cib,2005-10-10,8060.0
egypt,cib,2005-10-11,7800.0
egypt,cib,2005-10-12,7930.0
egypt,cib,2005-10-13,7865.0
egypt,cib,2005-10-16,
egypt,cib,2005-10-17,7477.6
egypt,cib,2005-10-18,7475.0
egypt,cib,2005-10-19,7254.0
egypt,cib,2005-10-20,7410.0
egypt,cib,2005-10-23,
egypt,cib,2005-10-24,7540.0
egypt,cib,2005-10-25,7410.0
egypt,cib,2005-10-26,7280.0
egypt,cib,2005-10-27,7215.0
egypt,cib,2005-10-30,
egypt,cib,2005-10-31,7200.7
egypt,cib,2005-11-01,7410.0
egypt,cib,2005-11-06,
egypt,cib,2005-11-07,7055.1
egypt,cib,2005-11-08,6799.0
egypt,cib,2005-11-09,7345.0
egypt,cib,2005-11-10,7018.7
egypt,cib,2005-11-13,
egypt,cib,2005-11-14,6891.3
egypt,cib,2005-11-15,6969.3
egypt,cib,2005-11-16,7017.4
egypt,cib,2005-11-17,7020.0
egypt,cib,2005-11-20,
egypt,cib,2005-11-21,7124.0
egypt,cib,2005-11-22,6830.2
egypt,cib,2005-11-23,6758.7
egypt,cib,2005-11-24,6753.5
egypt,cib,2005-11-27,
egypt,cib,2005-11-28,6748.3
egypt,cib,2005-11-29,6792.5
egypt,cib,2005-11-30,6773.0
egypt,cib,2005-12-01,6904.3
egypt,cib,2005-12-04,
egypt,cib,2005-12-05,6897.8
egypt,cib,2005-12-06,7150.0
egypt,cib,2005-12-07,7540.0
egypt,cib,2005-12-08,7606.3
egypt,cib,2005-12-11,
egypt,cib,2005-12-12,7281.3
egypt,cib,2005-12-13,7411.3
egypt,cib,2005-12-14,7619.3
egypt,cib,2005-12-15,7542.6
egypt,cib,2005-12-18,
egypt,cib,2005-12-19,7484.1
egypt,cib,2005-12-20,7540.0
egypt,cib,2005-12-21,7475.0
egypt,cib,2005-12-22,7475.0
egypt,cib,2005-12-25,
egypt,cib,2005-12-26,7385.3
egypt,cib,2005-12-27,7605.0
egypt,cib,2005-12-28,7605.0
egypt,cib,2005-12-29,7637.5
egypt,cib,2006-01-02,7930.0
egypt,cib,2006-01-03,7667.4
egypt,cib,2006-01-04,7436.0
egypt,cib,2006-01-05,7410.0
egypt,cib,2006-01-08,
egypt,cib,2006-01-12,7997.6
egypt,cib,2006-01-15,
egypt,cib,2006-01-16,7670.0
egypt,cib,2006-01-17,7670.0
egypt,cib,2006-01-18,7273.5
egypt,cib,2006-01-19,7147.4
egypt,cib,2006-01-22,
egypt,cib,2006-01-23,6890.0
egypt,cib,2006-01-24,6981.0
egypt,cib,2006-01-25,6825.0
egypt,cib,2006-01-26,6890.0
egypt,cib,2006-01-29,
egypt,cib,2006-01-30,7801.3
egypt,cib,2006-02-01,8060.0
egypt,cib,2006-02-02,7969.0
egypt,cib,2006-02-05,
egypt,cib,2006-02-06,9360.0
egypt,cib,2006-02-07,9100.0
egypt,cib,2006-02-08,9100.0
egypt,cib,2006-02-09,9139.0
egypt,cib,2006-02-12,
egypt,cib,2006-02-13,8789.3
egypt,cib,2006-02-14,9097.4
egypt,cib,2006-02-15,8411.0
egypt,cib,2006-02-16,8450.0
egypt,cib,2006-02-19,
egypt,cib,2006-02-20,8515.0
egypt,cib,2006-02-21,8645.0
egypt,cib,2006-02-22,8710.0
egypt,cib,2006-02-23,9035.0
egypt,cib,2006-02-26,
egypt,cib,2006-02-27,9098.7
egypt,cib,2006-02-28,9232.6
egypt,cib,2006-03-01,9230.0
egypt,cib,2006-03-02,9360.0
egypt,cib,2006-03-05,
egypt,cib,2006-03-06,9620.0
egypt,cib,2006-03-07,9369.1
egypt,cib,2006-03-08,9880.0
egypt,cib,2006-03-09,9490.0
egypt,cib,2006-03-12,
egypt,cib,2006-03-13,9100.0
egypt,cib,2006-03-14,9232.6
egypt,cib,2006-03-15,8580.0
egypt,cib,2006-03-16,8970.0
egypt,cib,2006-03-19,
egypt,cib,2006-03-20,8976.5
egypt,cib,2006-03-21,9097.4
egypt,cib,2006-03-22,9002.5
egypt,cib,2006-03-23,9087.0
egypt,cib,2006-03-26,
egypt,cib,2006-03-27,9016.8
egypt,cib,2006-03-28,9100.0
egypt,cib,2006-03-29,9152.0
egypt,cib,2006-03-30,9100.0
egypt,cib,2006-04-02,
egypt,cib,2006-04-03,9490.0
egypt,cib,2006-04-04,9492.6
egypt,cib,2006-04-05,9873.5
egypt,cib,2006-04-06,9620.0
egypt,cib,2006-04-09,
egypt,cib,2006-04-11,
egypt,cib,2006-04-12,9769.5
egypt,cib,2006-04-13,9556.3
egypt,cib,2006-04-16,
egypt,cib,2006-04-17,9228.7
egypt,cib,2006-04-18,8979.1
egypt,cib,2006-04-19,9100.0
egypt,cib,2006-04-20,9362.6
egypt,cib,2006-04-26,9293.7
egypt,cib,2006-04-27,9230.0
egypt,cib,2006-04-30,
egypt,cib,2006-05-02,9491.3
egypt,cib,2006-05-03,9620.0
egypt,cib,2006-05-04,9750.0
egypt,cib,2006-05-07,
egypt,cib,2006-05-08,9620.0
egypt,cib,2006-05-09,9360.0
egypt,cib,2006-05-10,9360.0
egypt,cib,2006-05-11,9423.7
egypt,cib,2006-05-14,
egypt,cib,2006-05-15,9179.3
egypt,cib,2006-05-16,9555.0
egypt,cib,2006-05-17,9402.9
egypt,cib,2006-05-18,9102.6
egypt,cib,2006-05-21,
egypt,cib,2006-05-22,8125.0
egypt,cib,2006-05-23,7540.0
egypt,cib,2006-05-24,7410.0
egypt,cib,2006-05-25,7538.7
egypt,cib,2006-05-28,
egypt,cib,2006-05-29,7629.7
egypt,cib,2006-05-30,7722.0
egypt,cib,2006-05-31,8125.0
egypt,cib,2006-06-01,8541.0
egypt,cib,2006-06-04,
egypt,cib,2006-06-05,8365.5
egypt,cib,2006-06-06,8320.0
egypt,cib,2006-06-07,8417.5
egypt,cib,2006-06-08,8320.0
egypt,cib,2006-06-11,
egypt,cib,2006-06-12,7932.6
egypt,cib,2006-06-13,7540.0
egypt,cib,2006-06-14,7415.2
egypt,cib,2006-06-15,7572.5
egypt,cib,2006-06-18,
egypt,cib,2006-06-19,7802.6
egypt,cib,2006-06-20,7761.0
egypt,cib,2006-06-21,7780.5
egypt,cib,2006-06-22,7697.3
egypt,cib,2006-06-25,
egypt,cib,2006-06-26,7554.3
egypt,cib,2006-06-27,7581.6
egypt,cib,2006-06-28,7670.0
egypt,cib,2006-06-29,7640.1
egypt,cib,2006-07-02,
egypt,cib,2006-07-03,8001.5
egypt,cib,2006-07-04,8450.0
egypt,cib,2006-07-05,8160.1
egypt,cib,2006-07-06,8070.4
egypt,cib,2006-07-09,
egypt,cib,2006-07-10,8008.0
egypt,cib,2006-07-11,7832.5
egypt,cib,2006-07-12,7982.0
egypt,cib,2006-07-13,7668.7
egypt,cib,2006-07-16,
egypt,cib,2006-07-17,7572.5
egypt,cib,2006-07-18,7579.0
egypt,cib,2006-07-19,7428.2
egypt,cib,2006-07-20,7477.6
egypt,cib,2006-07-24,7592.0
egypt,cib,2006-07-25,7554.3
egypt,cib,2006-07-26,7592.0
egypt,cib,2006-07-27,7928.7
egypt,cib,2006-07-30,
egypt,cib,2006-07-31,8125.0
egypt,cib,2006-08-01,8222.5
egypt,cib,2006-08-02,8229.0
egypt,cib,2006-08-03,8242.0
egypt,cib,2006-08-06,
egypt,cib,2006-08-07,8417.5
egypt,cib,2006-08-08,8320.0
egypt,cib,2006-08-09,8190.0
egypt,cib,2006-08-10,8255.0
egypt,cib,2006-08-13,
egypt,cib,2006-08-14,8161.4
egypt,cib,2006-08-15,8435.7
egypt,cib,2006-08-16,8529.3
egypt,cib,2006-08-17,8968.7
egypt,cib,2006-08-20,
egypt,cib,2006-08-21,8841.3
egypt,cib,2006-08-22,8742.5
egypt,cib,2006-08-23,8780.2
egypt,cib,2006-08-24,9067.5
egypt,cib,2006-08-27,
egypt,cib,2006-08-28,9119.5
egypt,cib,2006-08-29,9002.5
egypt,cib,2006-08-30,8970.0
egypt,cib,2006-08-31,8775.0
egypt,cib,2006-09-03,
egypt,cib,2006-09-04,8628.75
egypt,cib,2006-09-05,8463.0
egypt,cib,2006-09-06,8486.4
egypt,cib,2006-09-07,8480.55
egypt,cib,2006-09-10,
egypt,cib,2006-09-11,8541.0
egypt,cib,2006-09-12,8490.3
egypt,cib,2006-09-13,8583.9
egypt,cib,2006-09-14,8919.3
egypt,cib,2006-09-17,
egypt,cib,2006-09-18,8718.45
egypt,cib,2006-09-19,8911.5
egypt,cib,2006-09-20,8948.55
egypt,cib,2006-09-21,8970.0
egypt,cib,2006-09-24,
egypt,cib,2006-09-25,9009.0
egypt,cib,2006-09-26,9028.5
egypt,cib,2006-09-27,8921.25
egypt,cib,2006-09-28,8977.8
egypt,cib,2006-10-01,
egypt,cib,2006-10-02,9067.5
egypt,cib,2006-10-03,8893.95
egypt,cib,2006-10-04,8734.05
egypt,cib,2006-10-08,
egypt,cib,2006-10-09,9067.5
egypt,cib,2006-10-10,8981.7
egypt,cib,2006-10-11,9194.25
egypt,cib,2006-10-12,9711.0
egypt,cib,2006-10-15,
egypt,cib,2006-10-16,9750.0
egypt,cib,2006-10-17,10237.5
egypt,cib,2006-10-18,10046.4
egypt,cib,2006-10-19,9808.5
egypt,cib,2006-10-22,
egypt,cib,2006-10-29,
egypt,cib,2006-10-30,10335.0
egypt,cib,2006-10-31,10159.5
egypt,cib,2006-11-01,10530.0
egypt,cib,2006-11-02,10627.5
egypt,cib,2006-11-05,
egypt,cib,2006-11-06,10190.7
egypt,cib,2006-11-07,10457.85
egypt,cib,2006-11-08,10206.3
egypt,cib,2006-11-09,10530.0
egypt,cib,2006-11-12,
egypt,cib,2006-11-13,10483.2
egypt,cib,2006-11-14,10336.95
egypt,cib,2006-11-15,10364.25
egypt,cib,2006-11-16,10299.9
egypt,cib,2006-11-19,
egypt,cib,2006-11-20,10335.0
egypt,cib,2006-11-21,11115.0
egypt,cib,2006-11-22,10900.5
egypt,cib,2006-11-23,11319.75
egypt,cib,2006-11-26,
egypt,cib,2006-11-27,11573.25
egypt,cib,2006-11-28,11308.05
egypt,cib,2006-11-29,11212.5
egypt,cib,2006-11-30,11155.95
egypt,cib,2006-12-03,
egypt,cib,2006-12-04,10920.0
egypt,cib,2006-12-05,10746.45
egypt,cib,2006-12-06,10988.25
egypt,cib,2006-12-07,10970.7
egypt,cib,2006-12-10,
egypt,cib,2006-12-11,11115.0
egypt,cib,2006-12-12,11358.75
egypt,cib,2006-12-13,11456.25
egypt,cib,2006-12-14,11251.5
egypt,cib,2006-12-17,
egypt,cib,2006-12-18,11271.0
egypt,cib,2006-12-19,11081.85
egypt,cib,2006-12-20,11115.0
egypt,cib,2006-12-21,11136.45
egypt,cib,2006-12-24,
egypt,cib,2006-12-25,10939.5
egypt,cib,2006-12-26,11037.0
egypt,cib,2006-12-27,11095.5
egypt,cib,2006-12-28,11310.0
egypt,cib,2007-01-03,11271.0
egypt,cib,2007-01-04,11251.5
egypt,cib,2007-01-08,11111.1
egypt,cib,2007-01-09,11115.0
egypt,cib,2007-01-10,10822.5
egypt,cib,2007-01-11,10851.75
egypt,cib,2007-01-14,
egypt,cib,2007-01-15,10606.05
egypt,cib,2007-01-16,10455.9
egypt,cib,2007-01-17,10576.8
egypt,cib,2007-01-18,10623.6
egypt,cib,2007-01-22,10530.0
egypt,cib,2007-01-23,10647.0
egypt,cib,2007-01-24,10627.5
egypt,cib,2007-01-25,10335.0
egypt,cib,2007-01-28,
egypt,cib,2007-01-29,10253.1
egypt,cib,2007-01-30,10335.0
egypt,cib,2007-01-31,10335.0
egypt,cib,2007-02-01,10413.0
egypt,cib,2007-02-04,
egypt,cib,2007-02-05,10335.0
egypt,cib,2007-02-06,10530.0
egypt,cib,2007-02-07,10656.75
egypt,cib,2007-02-08,10530.0
egypt,cib,2007-02-11,
egypt,cib,2007-02-12,10549.5
egypt,cib,2007-02-13,10530.0
egypt,cib,2007-02-14,10615.8
egypt,cib,2007-02-15,10713.3
egypt,cib,2007-02-18,
egypt,cib,2007-02-19,10705.5
egypt,cib,2007-02-20,10842.0
egypt,cib,2007-02-21,10822.5
egypt,cib,2007-02-22,10822.5
egypt,cib,2007-02-25,
egypt,cib,2007-02-26,11124.75
egypt,cib,2007-02-27,11093.55
egypt,cib,2007-02-28,10725.0
egypt,cib,2007-03-01,10734.75
egypt,cib,2007-03-04,
egypt,cib,2007-03-05,10530.0
egypt,cib,2007-03-06,10648.95
egypt,cib,2007-03-07,10725.0
egypt,cib,2007-03-08,10771.8
egypt,cib,2007-03-11,
egypt,cib,2007-03-12,10960.95
egypt,cib,2007-03-13,11271.0
egypt,cib,2007-03-14,11056.5
egypt,cib,2007-03-15,11165.7
egypt,cib,2007-03-18,
egypt,cib,2007-03-19,11115.0
egypt,cib,2007-03-20,11107.2
egypt,cib,2007-03-21,11017.5
egypt,cib,2007-03-22,11017.5
egypt,cib,2007-03-25,
egypt,cib,2007-03-26,11021.4
egypt,cib,2007-03-27,10947.3
egypt,cib,2007-03-28,10453.95
egypt,cib,2007-03-29,10832.25
egypt,cib,2007-04-02,10939.5
egypt,cib,2007-04-03,11027.25
egypt,cib,2007-04-04,11134.5
egypt,cib,2007-04-05,11136.45
egypt,cib,2007-04-10,11136.45
egypt,cib,2007-04-11,10978.5
egypt,cib,2007-04-12,11019.45
egypt,cib,2007-04-15,11005.8
egypt,cib,2007-04-16,11017.5
egypt,cib,2007-04-17,11029.2
egypt,cib,2007-04-18,11115.0
egypt,cib,2007-04-19,11083.8
egypt,cib,2007-04-22,11115.0
egypt,cib,2007-04-23,11193.0
egypt,cib,2007-04-24,11251.5
egypt,cib,2007-04-26,11528.4
egypt,cib,2007-04-29,11466.0
egypt,cib,2007-04-30,11524.5
egypt,cib,2007-05-02,11680.5
egypt,cib,2007-05-03,11680.5
egypt,cib,2007-05-06,11719.5
egypt,cib,2007-05-07,11643.45
egypt,cib,2007-05-08,11623.95
egypt,cib,2007-05-09,11407.5
egypt,cib,2007-05-10,11417.25
egypt,cib,2007-05-13,11407.5
egypt,cib,2007-05-14,11532.3
egypt,cib,2007-05-15,11526.45
egypt,cib,2007-05-16,11602.5
egypt,cib,2007-05-17,11698.05
egypt,cib,2007-05-20,11700.0
egypt,cib,2007-05-21,11700.0
egypt,cib,2007-05-22,11700.0
egypt,cib,2007-05-23,11700.0
egypt,cib,2007-05-24,11783.85
egypt,cib,2007-05-27,11700.0
egypt,cib,2007-05-28,11795.55
egypt,cib,2007-05-29,11700.0
egypt,cib,2007-05-30,11700.0
egypt,cib,2007-05-31,11602.5
egypt,cib,2007-06-03,11700.0
egypt,cib,2007-06-04,11731.2
egypt,cib,2007-06-05,11727.3
egypt,cib,2007-06-06,12090.0
egypt,cib,2007-06-07,11992.5
egypt,cib,2007-06-10,11895.0
egypt,cib,2007-06-11,12097.8
egypt,cib,2007-06-12,12090.0
egypt,cib,2007-06-13,12216.75
egypt,cib,2007-06-14,12333.75
egypt,cib,2007-06-17,12710.1
egypt,cib,2007-06-18,12480.0
egypt,cib,2007-06-19,12285.0
egypt,cib,2007-06-20,12480.0
egypt,cib,2007-06-21,12285.0
egypt,cib,2007-06-24,11994.45
egypt,cib,2007-06-25,12090.0
egypt,cib,2007-06-26,11918.4
egypt,cib,2007-06-27,11700.0
egypt,cib,2007-06-28,11895.0
egypt,cib,2007-07-02,12041.25
egypt,cib,2007-07-03,12129.0
egypt,cib,2007-07-04,12187.5
egypt,cib,2007-07-05,12292.8
egypt,cib,2007-07-08,12314.25
egypt,cib,2007-07-09,12669.15
egypt,cib,2007-07-10,13026.0
egypt,cib,2007-07-11,13308.75
egypt,cib,2007-07-12,13458.9
egypt,cib,2007-07-15,13357.5
egypt,cib,2007-07-16,13197.6
egypt,cib,2007-07-17,13455.0
egypt,cib,2007-07-18,13519.35
egypt,cib,2007-07-19,13948.35
egypt,cib,2007-07-22,13948.35
egypt,cib,2007-07-24,14233.05
egypt,cib,2007-07-25,13942.5
egypt,cib,2007-07-26,14040.0
egypt,cib,2007-07-29,13923.0
egypt,cib,2007-07-30,13213.2
egypt,cib,2007-07-31,13455.0
egypt,cib,2007-08-01,13260.0
egypt,cib,2007-08-02,13164.45
egypt,cib,2007-08-05,13121.55
egypt,cib,2007-08-06,12948.0
egypt,cib,2007-08-07,12979.2
egypt,cib,2007-08-08,13308.75
egypt,cib,2007-08-09,13261.95
egypt,cib,2007-08-12,12762.75
egypt,cib,2007-08-13,12864.15
egypt,cib,2007-08-14,13845.0
egypt,cib,2007-08-15,13377.0
egypt,cib,2007-08-16,12870.0
egypt,cib,2007-08-19,13016.25
egypt,cib,2007-08-20,12850.5
egypt,cib,2007-08-21,12675.0
egypt,cib,2007-08-22,12675.0
egypt,cib,2007-08-23,13123.5
egypt,cib,2007-08-26,13449.15
egypt,cib,2007-08-27,13256.1
egypt,cib,2007-08-28,13260.0
egypt,cib,2007-08-29,12918.75
egypt,cib,2007-08-30,12967.5
egypt,cib,2007-09-02,13113.75
egypt,cib,2007-09-03,13408.2
egypt,cib,2007-09-04,13357.5
egypt,cib,2007-09-05,13295.1
egypt,cib,2007-09-06,13359.45
egypt,cib,2007-09-09,13260.0
egypt,cib,2007-09-10,13416.0
egypt,cib,2007-09-11,13357.5
egypt,cib,2007-09-12,13591.5
egypt,cib,2007-09-13,13942.5
egypt,cib,2007-09-16,14430.0
egypt,cib,2007-09-17,14236.95
egypt,cib,2007-09-18,14496.3
egypt,cib,2007-09-19,14373.45
egypt,cib,2007-09-20,14235.0
egypt,cib,2007-09-23,14235.0
egypt,cib,2007-09-24,14430.0
egypt,cib,2007-09-25,14391.0
egypt,cib,2007-09-26,14625.0
egypt,cib,2007-09-27,15013.05
egypt,cib,2007-09-30,14636.7
egypt,cib,2007-10-01,15600.0
egypt,cib,2007-10-02,15600.0
egypt,cib,2007-10-03,15403.05
egypt,cib,2007-10-04,15580.5
egypt,cib,2007-10-07,15580.5
egypt,cib,2007-10-08,15793.05
egypt,cib,2007-10-09,15600.0
egypt,cib,2007-10-10,15639.0
egypt,cib,2007-10-11,15580.5
egypt,cib,2007-10-15,15580.5
egypt,cib,2007-10-16,15590.25
egypt,cib,2007-10-17,15453.75
egypt,cib,2007-10-18,15426.45
egypt,cib,2007-10-21,15204.15
egypt,cib,2007-10-22,14995.5
egypt,cib,2007-10-23,15211.95
egypt,cib,2007-10-24,15210.0
egypt,cib,2007-10-25,15233.4
egypt,cib,2007-10-28,15405.0
egypt,cib,2007-10-29,15210.0
egypt,cib,2007-10-30,15015.0
egypt,cib,2007-10-31,15054.0
egypt,cib,2007-11-01,15463.5
egypt,cib,2007-11-04,15289.95
egypt,cib,2007-11-05,15258.75
egypt,cib,2007-11-06,15171.0
egypt,cib,2007-11-07,15015.0
egypt,cib,2007-11-08,15087.15
egypt,cib,2007-11-11,15395.25
egypt,cib,2007-11-12,15210.0
egypt,cib,2007-11-13,15015.0
egypt,cib,2007-11-14,15015.0
egypt,cib,2007-11-15,14899.95
egypt,cib,2007-11-18,15112.5
egypt,cib,2007-11-19,15112.5
egypt,cib,2007-11-20,15186.6
egypt,cib,2007-11-21,15184.65
egypt,cib,2007-11-22,14820.0
egypt,cib,2007-11-25,14868.75
egypt,cib,2007-11-26,15229.5
egypt,cib,2007-11-27,15405.0
egypt,cib,2007-11-28,15210.0
egypt,cib,2007-11-29,15405.0
egypt,cib,2007-12-02,15434.25
egypt,cib,2007-12-03,15888.6
egypt,cib,2007-12-04,16259.1
egypt,cib,2007-12-05,16185.0
egypt,cib,2007-12-06,16399.5
egypt,cib,2007-12-09,17405.7
egypt,cib,2007-12-10,16575.0
egypt,cib,2007-12-11,16575.0
egypt,cib,2007-12-12,16292.25
egypt,cib,2007-12-13,16770.0
egypt,cib,2007-12-16,16770.0
egypt,cib,2007-12-17,16926.0
egypt,cib,2007-12-18,16926.0
egypt,cib,2007-12-23,16965.0
egypt,cib,2007-12-24,17345.25
egypt,cib,2007-12-25,17282.85
egypt,cib,2007-12-26,17472.0
egypt,cib,2007-12-27,17941.95
egypt,cib,2007-12-30,17940.0
egypt,cib,2007-12-31,17842.5
egypt,cib,2008-01-02,17961.45
egypt,cib,2008-01-03,17998.5
egypt,cib,2008-01-06,18027.75
egypt,cib,2008-01-08,18291.0
egypt,cib,2008-01-10,18096.0
egypt,cib,2008-01-13,17992.65
egypt,cib,2008-01-14,17951.7
egypt,cib,2008-01-15,18211.05
egypt,cib,2008-01-16,17458.35
egypt,cib,2008-01-17,18037.5
egypt,cib,2008-01-20,17255.55
egypt,cib,2008-01-21,16674.45
egypt,cib,2008-01-22,16257.15
egypt,cib,2008-01-23,16576.95
egypt,cib,2008-01-24,17130.75
egypt,cib,2008-01-27,17140.5
egypt,cib,2008-01-28,17068.35
egypt,cib,2008-01-29,17550.0
egypt,cib,2008-01-30,17739.15
egypt,cib,2008-01-31,18291.0
egypt,cib,2008-02-03,17975.1
egypt,cib,2008-02-04,18330.0
egypt,cib,2008-02-05,17745.0
egypt,cib,2008-02-06,17803.5
egypt,cib,2008-02-07,17528.55
egypt,cib,2008-02-10,17530.5
egypt,cib,2008-02-11,17247.75
egypt,cib,2008-02-12,17355.0
egypt,cib,2008-02-13,17551.95
egypt,cib,2008-02-14,17745.0
egypt,cib,2008-02-17,17805.45
egypt,cib,2008-02-18,17842.5
egypt,cib,2008-02-19,17803.5
egypt,cib,2008-02-20,17550.0
egypt,cib,2008-02-21,17940.0
egypt,cib,2008-02-24,18330.0
egypt,cib,2008-02-25,18232.5
egypt,cib,2008-02-26,18339.75
egypt,cib,2008-02-27,18135.0
egypt,cib,2008-02-28,18129.15
egypt,cib,2008-03-02,18320.25
egypt,cib,2008-03-03,18376.8
egypt,cib,2008-03-04,18398.25
egypt,cib,2008-03-05,18720.0
egypt,cib,2008-03-06,19090.5
egypt,cib,2008-03-09,18546.45
egypt,cib,2008-03-10,18856.5
egypt,cib,2008-03-11,18700.5
egypt,cib,2008-03-12,18431.4
egypt,cib,2008-03-13,18523.05
egypt,cib,2008-03-16,18037.5
egypt,cib,2008-03-17,17647.5
egypt,cib,2008-03-18,17550.0
egypt,cib,2008-03-19,17667.0
egypt,cib,2008-03-23,17795.7
egypt,cib,2008-03-24,17257.5
egypt,cib,2008-03-25,17267.25
egypt,cib,2008-03-26,17335.5
egypt,cib,2008-03-27,17070.3
egypt,cib,2008-03-30,17351.1
egypt,cib,2008-03-31,17916.6
egypt,cib,2008-04-01,17452.5
egypt,cib,2008-04-02,17395.95
egypt,cib,2008-04-03,17489.55
egypt,cib,2008-04-06,17355.0
egypt,cib,2008-04-07,17403.75
egypt,cib,2008-04-08,17370.6
egypt,cib,2008-04-09,17160.0
egypt,cib,2008-04-10,17060.55
egypt,cib,2008-04-13,16978.65
egypt,cib,2008-04-14,17199.0
egypt,cib,2008-04-15,16875.3
egypt,cib,2008-04-16,16555.5
egypt,cib,2008-04-17,16672.5
egypt,cib,2008-04-20,16848.0
egypt,cib,2008-04-21,16787.55
egypt,cib,2008-04-22,17064.45
egypt,cib,2008-04-23,17072.25
egypt,cib,2008-04-24,17403.75
egypt,cib,2008-04-29,17553.9
egypt,cib,2008-04-30,17745.0
egypt,cib,2008-05-04,17780.1
egypt,cib,2008-05-05,17715.75
egypt,cib,2008-05-06,17793.75
egypt,cib,2008-05-07,17355.0
egypt,cib,2008-05-08,16966.95
egypt,cib,2008-05-11,16380.0
egypt,cib,2008-05-12,15697.5
egypt,cib,2008-05-13,16185.0
egypt,cib,2008-05-14,15502.5
egypt,cib,2008-05-15,15210.0
egypt,cib,2008-05-18,15401.1
egypt,cib,2008-05-19,15307.5
egypt,cib,2008-05-20,15424.5
egypt,cib,2008-05-21,15328.95
egypt,cib,2008-05-22,15328.95
egypt,cib,2008-05-25,15951.0
egypt,cib,2008-05-26,16138.2
egypt,cib,2008-05-27,16768.05
egypt,cib,2008-05-28,16446.3
egypt,cib,2008-05-29,16623.75
egypt,cib,2008-06-01,16389.75
egypt,cib,2008-06-02,16233.75
egypt,cib,2008-06-03,16380.0
egypt,cib,2008-06-04,16771.95
egypt,cib,2008-06-05,16672.5
egypt,cib,2008-06-08,16278.6
egypt,cib,2008-06-09,16380.0
egypt,cib,2008-06-10,16405.35
egypt,cib,2008-06-11,16575.0
egypt,cib,2008-06-12,16770.0
egypt,cib,2008-06-15,16965.0
egypt,cib,2008-06-16,16809.0
egypt,cib,2008-06-17,16961.1
egypt,cib,2008-06-18,16783.65
egypt,cib,2008-06-19,16867.5
egypt,cib,2008-06-22,16715.4
egypt,cib,2008-06-23,16965.0
egypt,cib,2008-06-24,16867.5
egypt,cib,2008-06-25,15990.0
egypt,cib,2008-06-26,16477.5
egypt,cib,2008-06-29,16138.2
egypt,cib,2008-06-30,16672.5
egypt,cib,2008-07-02,15598.05
egypt,cib,2008-07-03,15221.7
egypt,cib,2008-07-06,15405.0
egypt,cib,2008-07-07,14820.0
egypt,cib,2008-07-08,15018.9
egypt,cib,2008-07-09,14966.25
egypt,cib,2008-07-10,14646.45
egypt,cib,2008-07-13,14632.8
egypt,cib,2008-07-14,14634.75
egypt,cib,2008-07-15,14800.5
egypt,cib,2008-07-16,14673.75
egypt,cib,2008-07-17,14587.95
egypt,cib,2008-07-20,14625.0
egypt,cib,2008-07-21,14605.5
egypt,cib,2008-07-22,14625.0
egypt,cib,2008-07-24,14866.8
egypt,cib,2008-07-27,14800.5
egypt,cib,2008-07-28,14818.05
egypt,cib,2008-07-29,14254.5
egypt,cib,2008-07-30,14137.5
egypt,cib,2008-07-31,14768.325
egypt,cib,2008-08-03,14478.75
egypt,cib,2008-08-04,14040.0
egypt,cib,2008-08-05,14040.0
egypt,cib,2008-08-06,14622.075
egypt,cib,2008-08-07,14712.75
egypt,cib,2008-08-10,14478.75
egypt,cib,2008-08-11,14332.5
egypt,cib,2008-08-12,14180.4
egypt,cib,2008-08-13,13686.075
egypt,cib,2008-08-14,14625.0
egypt,cib,2008-08-17,14183.325
egypt,cib,2008-08-18,14025.375
egypt,cib,2008-08-19,13396.5
egypt,cib,2008-08-20,12987.0
egypt,cib,2008-08-21,13016.25
egypt,cib,2008-08-24,13367.25
egypt,cib,2008-08-25,13162.5
egypt,cib,2008-08-26,13016.25
egypt,cib,2008-08-27,13452.075
egypt,cib,2008-08-28,13674.375
egypt,cib,2008-08-31,13923.0
egypt,cib,2008-09-01,13849.875
egypt,cib,2008-09-02,14069.25
egypt,cib,2008-09-03,13797.225
egypt,cib,2008-09-04,13747.5
egypt,cib,2008-09-07,13715.325
egypt,cib,2008-09-08,13952.25
egypt,cib,2008-09-09,13601.25
egypt,cib,2008-09-10,13718.25
egypt,cib,2008-09-11,12987.0
egypt,cib,2008-09-14,12975.3
egypt,cib,2008-09-15,11995.425
egypt,cib,2008-09-16,11158.875
egypt,cib,2008-09-17,11992.5
egypt,cib,2008-09-18,11562.525
egypt,cib,2008-09-21,11963.25
egypt,cib,2008-09-22,11553.75
egypt,cib,2008-09-23,11705.85
egypt,cib,2008-09-24,11334.375
egypt,cib,2008-09-25,11261.25
egypt,cib,2008-09-28,11477.7
egypt,cib,2008-09-29,11632.725
egypt,cib,2008-10-05,11632.725
egypt,cib,2008-10-07,9184.5
egypt,cib,2008-10-08,10965.825
egypt,cib,2008-10-09,10064.925
egypt,cib,2008-10-12,10383.75
egypt,cib,2008-10-13,10494.9
egypt,cib,2008-10-14,10895.625
egypt,cib,2008-10-15,10240.425
egypt,cib,2008-10-16,10091.25
egypt,cib,2008-10-19,9974.25
egypt,cib,2008-10-20,9640.8
egypt,cib,2008-10-21,9316.125
egypt,cib,2008-10-22,9096.75
egypt,cib,2008-10-23,8775.0
egypt,cib,2008-10-26,7897.5
egypt,cib,2008-10-27,7897.5
egypt,cib,2008-10-28,8043.75
egypt,cib,2008-10-29,7900.425
egypt,cib,2008-10-30,8555.625
egypt,cib,2008-11-02,8529.3
egypt,cib,2008-11-03,9266.4
egypt,cib,2008-11-04,9658.35
egypt,cib,2008-11-05,9026.55
egypt,cib,2008-11-06,9550.125
egypt,cib,2008-11-09,9073.35
egypt,cib,2008-11-10,9377.55
egypt,cib,2008-11-11,9360.0
egypt,cib,2008-11-12,9044.1
egypt,cib,2008-11-13,8915.4
egypt,cib,2008-11-16,8853.975
egypt,cib,2008-11-17,8734.05
egypt,cib,2008-11-18,8514.675
egypt,cib,2008-11-19,8739.9
egypt,cib,2008-11-20,8567.325
egypt,cib,2008-11-23,8502.975
egypt,cib,2008-11-24,7900.425
egypt,cib,2008-11-25,8456.175
egypt,cib,2008-11-26,8426.925
egypt,cib,2008-11-27,8391.825
egypt,cib,2008-11-30,8485.425
egypt,cib,2008-12-01,8459.1
egypt,cib,2008-12-02,8438.625
egypt,cib,2008-12-03,8611.2
egypt,cib,2008-12-04,8824.725
egypt,cib,2008-12-10,8959.275
egypt,cib,2008-12-11,9579.375
egypt,cib,2008-12-14,9570.6
egypt,cib,2008-12-15,9924.525
egypt,cib,2008-12-16,10111.725
egypt,cib,2008-12-17,10328.175
egypt,cib,2008-12-18,10032.75
egypt,cib,2008-12-21,9781.2
egypt,cib,2008-12-22,9956.7
egypt,cib,2008-12-23,9962.55
egypt,cib,2008-12-24,10073.7
egypt,cib,2008-12-25,10240.425
egypt,cib,2008-12-28,10164.375
egypt,cib,2008-12-30,10541.7
egypt,cib,2008-12-31,10881.0
egypt,cib,2009-01-04,11129.625
egypt,cib,2009-01-05,11234.925
egypt,cib,2009-01-06,10883.925
egypt,cib,2009-01-08,10848.825
egypt,cib,2009-01-11,10942.425
egypt,cib,2009-01-12,10734.75
egypt,cib,2009-01-13,10430.55
egypt,cib,2009-01-14,10755.225
egypt,cib,2009-01-15,10334.025
egypt,cib,2009-01-18,10208.25
egypt,cib,2009-01-19,10240.425
egypt,cib,2009-01-20,9906.975
egypt,cib,2009-01-21,9275.175
egypt,cib,2009-01-22,9594.0
egypt,cib,2009-01-25,9260.55
egypt,cib,2009-01-26,9286.875
egypt,cib,2009-01-27,9830.925
egypt,cib,2009-01-28,9842.625
egypt,cib,2009-01-29,9784.125
egypt,cib,2009-02-01,9441.9
egypt,cib,2009-02-02,9304.425
egypt,cib,2009-02-03,9158.175
egypt,cib,2009-02-04,9860.175
egypt,cib,2009-02-05,10029.825
egypt,cib,2009-02-08,10331.1
egypt,cib,2009-02-09,10252.125
egypt,cib,2009-02-10,10269.675
egypt,cib,2009-02-11,9906.975
egypt,cib,2009-02-12,9877.725
egypt,cib,2009-02-15,10091.25
egypt,cib,2009-02-16,10205.325
egypt,cib,2009-02-17,10164.375
egypt,cib,2009-02-18,10038.6
egypt,cib,2009-02-19,10082.475
egypt,cib,2009-02-22,9933.3
egypt,cib,2009-02-23,9974.25
egypt,cib,2009-02-24,9959.625
egypt,cib,2009-02-25,10094.175
egypt,cib,2009-02-26,10149.75
egypt,cib,2009-03-01,10260.9
egypt,cib,2009-03-02,10038.6
egypt,cib,2009-03-03,9947.925
egypt,cib,2009-03-04,10003.5
egypt,cib,2009-03-05,9909.9
egypt,cib,2009-03-08,9898.2
egypt,cib,2009-03-10,9664.2
egypt,cib,2009-03-11,9512.1
egypt,cib,2009-03-12,9158.175
egypt,cib,2009-03-15,9146.475
egypt,cib,2009-03-16,9324.9
egypt,cib,2009-03-17,9263.475
egypt,cib,2009-03-18,9283.95
egypt,cib,2009-03-19,9237.15
egypt,cib,2009-03-22,9146.475
egypt,cib,2009-03-23,9161.1
egypt,cib,2009-03-24,9245.925
egypt,cib,2009-03-25,9038.25
egypt,cib,2009-03-26,9278.1
egypt,cib,2009-03-29,9459.45
egypt,cib,2009-03-30,9541.35
egypt,cib,2009-03-31,9406.8
egypt,cib,2009-04-01,9643.725
egypt,cib,2009-04-02,9743.175
egypt,cib,2009-04-05,10032.75
egypt,cib,2009-04-06,10275.525
egypt,cib,2009-04-07,10339.875
egypt,cib,2009-04-08,10395.45
egypt,cib,2009-04-09,10746.45
egypt,cib,2009-04-12,10878.075
egypt,cib,2009-04-13,10582.65
egypt,cib,2009-04-14,11112.075
egypt,cib,2009-04-15,11074.05
egypt,cib,2009-04-16,11308.05
egypt,cib,2009-04-21,11375.325
egypt,cib,2009-04-22,11384.1
egypt,cib,2009-04-23,11354.85
egypt,cib,2009-04-26,11401.65
egypt,cib,2009-04-27,11123.775
egypt,cib,2009-04-28,11097.45
egypt,cib,2009-04-29,11401.65
egypt,cib,2009-04-30,11635.65
egypt,cib,2009-05-03,11498.175
egypt,cib,2009-05-04,11413.35
egypt,cib,2009-05-05,11863.8
egypt,cib,2009-05-06,11945.7
egypt,cib,2009-05-07,12129.975
egypt,cib,2009-05-10,12361.05
egypt,cib,2009-05-11,12872.925
egypt,cib,2009-05-12,13481.325
egypt,cib,2009-05-13,13253.175
egypt,cib,2009-05-14,13007.475
egypt,cib,2009-05-17,13232.7
egypt,cib,2009-05-18,13428.675
egypt,cib,2009-05-19,13595.4
egypt,cib,2009-05-20,13598.325
egypt,cib,2009-05-21,13165.425
egypt,cib,2009-05-24,13244.4
egypt,cib,2009-05-25,13221.0
egypt,cib,2009-05-26,13414.05
egypt,cib,2009-05-27,13484.25
egypt,cib,2009-05-28,13329.225
egypt,cib,2009-05-31,13592.475
egypt,cib,2009-06-01,13627.575
egypt,cib,2009-06-02,14004.9
egypt,cib,2009-06-03,13785.525
egypt,cib,2009-06-04,13782.6
egypt,cib,2009-06-07,13867.425
egypt,cib,2009-06-08,14025.375
egypt,cib,2009-06-09,14241.825
egypt,cib,2009-06-10,14326.65
egypt,cib,2009-06-11,14197.95
egypt,cib,2009-06-14,14072.175
egypt,cib,2009-06-15,14309.1
egypt,cib,2009-06-16,14408.55
egypt,cib,2009-06-17,14619.15
egypt,cib,2009-06-18,14197.95
egypt,cib,2009-06-21,14019.525
egypt,cib,2009-06-22,13896.675
egypt,cib,2009-06-23,13607.1
egypt,cib,2009-06-24,13677.3
egypt,cib,2009-06-25,14051.7
egypt,cib,2009-06-28,13890.825
egypt,cib,2009-06-29,14040.0
egypt,cib,2009-06-30,14332.5
egypt,cib,2009-07-02,14753.7
egypt,cib,2009-07-05,14595.75
egypt,cib,2009-07-06,14382.225
egypt,cib,2009-07-07,14335.425
egypt,cib,2009-07-08,13668.525
egypt,cib,2009-07-09,13484.25
egypt,cib,2009-07-12,12881.7
egypt,cib,2009-07-13,12551.175
egypt,cib,2009-07-14,13127.4
egypt,cib,2009-07-15,13057.2
egypt,cib,2009-07-16,13308.75
egypt,cib,2009-07-19,13168.35
egypt,cib,2009-07-20,13595.4
egypt,cib,2009-07-21,14118.975
egypt,cib,2009-07-22,14344.2
egypt,cib,2009-07-26,14276.925
egypt,cib,2009-07-27,14276.925
egypt,cib,2009-07-28,14350.05
egypt,cib,2009-07-29,14320.8
egypt,cib,2009-07-30,14253.525
egypt,cib,2009-08-02,14364.675
egypt,cib,2009-08-03,14329.575
egypt,cib,2009-08-04,14350.05
egypt,cib,2009-08-05,14519.7
egypt,cib,2009-08-06,15204.15
egypt,cib,2009-08-09,15151.5
egypt,cib,2009-08-10,15566.85
egypt,cib,2009-08-11,15239.25
egypt,cib,2009-08-12,15104.7
egypt,cib,2009-08-13,15423.525
egypt,cib,2009-08-16,15490.8
egypt,cib,2009-08-17,15019.875
egypt,cib,2009-08-18,14882.4
egypt,cib,2009-08-19,14765.4
egypt,cib,2009-08-20,14929.2
egypt,cib,2009-08-23,15435.225
egypt,cib,2009-08-24,15385.5
egypt,cib,2009-08-25,15906.15
egypt,cib,2009-08-26,16005.6
egypt,cib,2009-08-27,15952.95
egypt,cib,2009-08-30,15894.45
egypt,cib,2009-08-31,15827.175
egypt,cib,2009-09-01,15873.975
egypt,cib,2009-09-02,15797.925
egypt,cib,2009-09-03,15888.6
egypt,cib,2009-09-06,15914.925
egypt,cib,2009-09-07,15938.325
egypt,cib,2009-09-08,15932.475
egypt,cib,2009-09-09,15999.75
egypt,cib,2009-09-10,16072.875
egypt,cib,2009-09-13,16233.75
egypt,cib,2009-09-14,16105.05
egypt,cib,2009-09-15,16166.475
egypt,cib,2009-09-16,16134.3
egypt,cib,2009-09-17,16614.0
egypt,cib,2009-09-22,17239.95
egypt,cib,2009-09-23,17041.05
egypt,cib,2009-09-24,17201.925
egypt,cib,2009-09-27,16763.175
egypt,cib,2009-09-28,16146.0
egypt,cib,2009-09-29,16616.925
egypt,cib,2009-09-30,16783.65
egypt,cib,2009-10-01,16845.075
egypt,cib,2009-10-04,16453.125
egypt,cib,2009-10-05,16239.6
egypt,cib,2009-10-07,16511.625
egypt,cib,2009-10-08,16181.1
egypt,cib,2009-10-11,16494.075
egypt,cib,2009-10-12,16543.8
egypt,cib,2009-10-13,16341.975
egypt,cib,2009-10-14,16514.55
egypt,cib,2009-10-15,16456.05
egypt,cib,2009-10-18,16195.725
egypt,cib,2009-10-19,16230.825
egypt,cib,2009-10-20,16254.225
egypt,cib,2009-10-21,16064.1
egypt,cib,2009-10-22,16049.475
egypt,cib,2009-10-25,16508.7
egypt,cib,2009-10-26,16657.875
egypt,cib,2009-10-27,16388.775
egypt,cib,2009-10-28,16324.425
egypt,cib,2009-10-29,16575.975
egypt,cib,2009-11-01,16429.725
egypt,cib,2009-11-02,16540.875
egypt,cib,2009-11-03,16096.275
egypt,cib,2009-11-04,16061.175
egypt,cib,2009-11-05,16128.45
egypt,cib,2009-11-08,16394.625
egypt,cib,2009-11-09,16494.075
egypt,cib,2009-11-10,16853.85
egypt,cib,2009-11-11,17003.025
egypt,cib,2009-11-12,16707.6
egypt,cib,2009-11-15,16669.575
egypt,cib,2009-11-16,16766.1
egypt,cib,2009-11-17,16374.15
egypt,cib,2009-11-18,16081.65
egypt,cib,2009-11-19,15578.55
egypt,cib,2009-11-22,15789.15
egypt,cib,2009-11-23,15982.2
egypt,cib,2009-11-24,15999.75
egypt,cib,2009-11-25,16026.075
egypt,cib,2009-11-30,14859.0
egypt,cib,2009-12-01,
egypt,cib,2009-12-02,16257.15
egypt,cib,2009-12-03,16874.325
egypt,cib,2009-12-06,16701.75
egypt,cib,2009-12-07,16552.575
egypt,cib,2009-12-08,16447.275
egypt,cib,2009-12-09,16227.9
egypt,cib,2009-12-10,16213.275
egypt,cib,2009-12-13,16561.35
egypt,cib,2009-12-14,16573.05
egypt,cib,2009-12-15,16625.7
egypt,cib,2009-12-16,16581.825
egypt,cib,2009-12-17,16774.875
egypt,cib,2009-12-20,16692.975
egypt,cib,2009-12-21,16102.125
egypt,cib,2009-12-22,16637.4
egypt,cib,2009-12-23,16523.325
egypt,cib,2009-12-24,16382.925
egypt,cib,2009-12-27,16096.275
egypt,cib,2009-12-28,15941.25
egypt,cib,2009-12-29,15996.825
egypt,cib,2009-12-30,15894.45
egypt,cib,2009-12-31,15993.9
egypt,cib,2010-01-03,16110.9
egypt,cib,2010-01-04,16362.45
egypt,cib,2010-01-05,16464.825
egypt,cib,2010-01-06,16230.825
egypt,cib,2010-01-10,16289.325
egypt,cib,2010-01-11,16254.225
egypt,cib,2010-01-12,16461.9
egypt,cib,2010-01-13,16625.7
egypt,cib,2010-01-14,16959.15
egypt,cib,2010-01-17,16669.575
egypt,cib,2010-01-18,16836.3
egypt,cib,2010-01-19,17441.775
egypt,cib,2010-01-20,17772.3
egypt,cib,2010-01-21,17640.675
egypt,cib,2010-01-24,17163.9
egypt,cib,2010-01-26,16967.925
egypt,cib,2010-01-27,17120.025
egypt,cib,2010-01-28,17444.7
egypt,cib,2010-01-31,17409.6
egypt,cib,2010-02-01,17745.975
egypt,cib,2010-02-02,18187.65
egypt,cib,2010-02-03,18213.975
egypt,cib,2010-02-04,17901.0
egypt,cib,2010-02-07,17637.75
egypt,cib,2010-02-08,18269.55
egypt,cib,2010-02-09,18135.0
egypt,cib,2010-02-10,18249.075
egypt,cib,2010-02-11,18465.525
egypt,cib,2010-02-14,18418.725
egypt,cib,2010-02-15,18564.975
egypt,cib,2010-02-16,18658.575
egypt,cib,2010-02-17,18597.15
egypt,cib,2010-02-18,18456.75
egypt,cib,2010-02-21,17947.8
egypt,cib,2010-02-22,18035.55
egypt,cib,2010-02-23,17816.175
egypt,cib,2010-02-24,17883.45
egypt,cib,2010-02-25,18412.875
egypt,cib,2010-02-28,18187.65
egypt,cib,2010-03-01,18009.225
egypt,cib,2010-03-02,18085.275
egypt,cib,2010-03-03,18278.325
egypt,cib,2010-03-04,18292.95
egypt,cib,2010-03-07,18386.55
egypt,cib,2010-03-08,18486.0
egypt,cib,2010-03-09,18570.825
egypt,cib,2010-03-10,18758.025
egypt,cib,2010-03-11,18778.5
egypt,cib,2010-03-14,18260.775
egypt,cib,2010-03-15,18058.95
egypt,cib,2010-03-16,18614.7
egypt,cib,2010-03-17,18997.875
egypt,cib,2010-03-18,19182.15
egypt,cib,2010-03-21,18676.125
egypt,cib,2010-03-22,18681.975
egypt,cib,2010-03-23,19500.975
egypt,cib,2010-03-24,19445.4
egypt,cib,2010-03-25,19541.925
egypt,cib,2010-03-28,19603.35
egypt,cib,2010-03-29,19460.025
egypt,cib,2010-03-30,19383.975
egypt,cib,2010-03-31,19030.05
egypt,cib,2010-04-01,19179.225
egypt,cib,2010-04-06,19910.475
egypt,cib,2010-04-07,20410.65
egypt,cib,2010-04-08,20688.525
egypt,cib,2010-04-11,21627.45
egypt,cib,2010-04-12,21943.35
egypt,cib,2010-04-13,21914.1
egypt,cib,2010-04-14,21949.2
egypt,cib,2010-04-15,21580.65
egypt,cib,2010-04-18,21264.75
egypt,cib,2010-04-19,21408.075
egypt,cib,2010-04-20,21416.85
egypt,cib,2010-04-21,21592.35
egypt,cib,2010-04-22,21633.3
egypt,cib,2010-04-26,21633.3
egypt,cib,2010-04-27,22060.35
egypt,cib,2010-04-28,21943.35
egypt,cib,2010-04-29,21955.05
egypt,cib,2010-05-02,21966.75
egypt,cib,2010-05-03,22218.3
egypt,cib,2010-05-04,22970.025
egypt,cib,2010-05-05,22826.7
egypt,cib,2010-05-06,22753.575
egypt,cib,2010-05-09,21349.575
egypt,cib,2010-05-10,21545.55
egypt,cib,2010-05-11,20752.875
egypt,cib,2010-05-12,21200.4
egypt,cib,2010-05-13,21952.125
egypt,cib,2010-05-16,21261.825
egypt,cib,2010-05-17,21194.55
egypt,cib,2010-05-18,21811.725
egypt,cib,2010-05-19,21083.4
egypt,cib,2010-05-20,20735.325
egypt,cib,2010-05-23,20489.625
egypt,cib,2010-05-24,20170.8
egypt,cib,2010-05-25,19337.175
egypt,cib,2010-05-26,20434.05
egypt,cib,2010-05-27,20817.225
egypt,cib,2010-05-30,20779.2
egypt,cib,2010-05-31,20849.4
egypt,cib,2010-06-01,20796.75
egypt,cib,2010-06-02,21024.9
egypt,cib,2010-06-03,21153.6
egypt,cib,2010-06-06,20451.6
egypt,cib,2010-06-07,20308.275
egypt,cib,2010-06-08,20442.825
egypt,cib,2010-06-09,20439.9
egypt,cib,2010-06-10,20226.375
egypt,cib,2010-06-13,20170.8
egypt,cib,2010-06-14,20182.5
egypt,cib,2010-06-15,20182.5
egypt,cib,2010-06-16,20475.0
egypt,cib,2010-06-17,20907.9
egypt,cib,2010-06-20,21039.525
egypt,cib,2010-06-21,21071.7
egypt,cib,2010-06-22,20396.025
egypt,cib,2010-06-23,20404.8
egypt,cib,2010-06-24,20331.675
egypt,cib,2010-06-27,20200.05
egypt,cib,2010-06-28,20317.05
egypt,cib,2010-06-29,20088.9
egypt,cib,2010-06-30,19758.375
egypt,cib,2010-07-04,
egypt,cib,2010-07-05,18834.075
egypt,cib,2010-07-06,19758.375
egypt,cib,2010-07-07,20074.275
egypt,cib,2010-07-08,20232.225
egypt,cib,2010-07-11,
egypt,cib,2010-07-12,20135.7
egypt,cib,2010-07-13,20398.95
egypt,cib,2010-07-14,20486.7
egypt,cib,2010-07-15,20548.8241
egypt,cib,2010-07-18,
egypt,cib,2010-07-19,20483.9082
egypt,cib,2010-07-20,20236.0476
egypt,cib,2010-07-21,20719.9659
egypt,cib,2010-07-22,21262.8987
egypt,cib,2010-07-25,
egypt,cib,2010-07-26,21575.6751
egypt,cib,2010-07-27,21640.591
egypt,cib,2010-07-28,22325.1584
egypt,cib,2010-07-29,23269.3892
egypt,cib,2010-08-01,
egypt,cib,2010-08-02,22390.0743
egypt,cib,2010-08-03,22549.4132
egypt,cib,2010-08-04,22390.0743
egypt,cib,2010-08-05,22472.6945
egypt,cib,2010-08-08,
egypt,cib,2010-08-09,22696.9493
egypt,cib,2010-08-10,22632.0334
egypt,cib,2010-08-11,22118.6079
egypt,cib,2010-08-12,21805.8314
egypt,cib,2010-08-15,
egypt,cib,2010-08-16,21906.1559
egypt,cib,2010-08-17,21988.7761
egypt,cib,2010-08-18,21941.5646
egypt,cib,2010-08-19,22437.2858
egypt,cib,2010-08-22,
egypt,cib,2010-08-23,23098.2474
egypt,cib,2010-08-24,23334.3051
egypt,cib,2010-08-25,22767.7666
egypt,cib,2010-08-26,22779.5695
egypt,cib,2010-08-29,
egypt,cib,2010-08-30,22797.2738
egypt,cib,2010-08-31,22738.2594
egypt,cib,2010-09-01,22927.1056
egypt,cib,2010-09-02,23033.3315
egypt,cib,2010-09-05,
egypt,cib,2010-09-06,23021.5286
egypt,cib,2010-09-07,22685.1464
egypt,cib,2010-09-08,22797.2738
egypt,cib,2010-09-13,23411.0239
egypt,cib,2010-09-14,23540.8556
egypt,cib,2010-09-15,23664.7859
egypt,cib,2010-09-16,23658.8845
egypt,cib,2010-09-19,
egypt,cib,2010-09-20,24331.649
egypt,cib,2010-09-21,24756.5528
egypt,cib,2010-09-22,24803.7644
egypt,cib,2010-09-23,24921.7932
egypt,cib,2010-09-26,
egypt,cib,2010-09-27,24951.3005
egypt,cib,2010-09-28,25228.6683
egypt,cib,2010-09-29,25860.1227
egypt,cib,2010-09-30,25317.1899
egypt,cib,2010-10-03,
egypt,cib,2010-10-04,26715.8319
egypt,cib,2010-10-05,25960.4472
egypt,cib,2010-10-07,25907.3342
egypt,cib,2010-10-10,
egypt,cib,2010-10-11,25547.3462
egypt,cib,2010-10-12,25747.9952
egypt,cib,2010-10-13,26290.928
egypt,cib,2010-10-14,26113.8847
egypt,cib,2010-10-17,
egypt,cib,2010-10-18,26119.7861
egypt,cib,2010-10-19,26072.5746
egypt,cib,2010-10-20,25812.9111
egypt,cib,2010-10-21,26131.589
egypt,cib,2010-10-24,
egypt,cib,2010-10-25,26285.0265
egypt,cib,2010-10-26,26226.0121
egypt,cib,2010-10-27,25842.4183
egypt,cib,2010-10-28,25600.4592
egypt,cib,2010-10-31,
egypt,cib,2010-11-01,25151.9495
egypt,cib,2010-11-02,25358.5
egypt,cib,2010-11-03,24992.6106
egypt,cib,2010-11-04,25022.1178
egypt,cib,2010-11-07,
egypt,cib,2010-11-08,25069.3293
egypt,cib,2010-11-09,25228.6683
egypt,cib,2010-11-10,25075.2308
egypt,cib,2010-11-11,24780.1586
egypt,cib,2010-11-14,
egypt,cib,2010-11-18,25016.2163
egypt,cib,2010-11-21,
egypt,cib,2010-11-22,25334.8942
egypt,cib,2010-11-23,25222.7668
egypt,cib,2010-11-24,24904.0889
egypt,cib,2010-11-25,24727.0456
egypt,cib,2010-11-28,
egypt,cib,2010-11-29,24614.9182
egypt,cib,2010-11-30,24496.8894
egypt,cib,2010-12-01,24579.5096
egypt,cib,2010-12-02,24632.6225
egypt,cib,2010-12-05,
egypt,cib,2010-12-06,24656.2283
egypt,cib,2010-12-08,24815.5673
egypt,cib,2010-12-09,25694.8823
egypt,cib,2010-12-12,
egypt,cib,2010-12-13,26538.7886
egypt,cib,2010-12-14,27494.8223
egypt,cib,2010-12-15,27382.6949
egypt,cib,2010-12-16,27134.8343
egypt,cib,2010-12-19,
egypt,cib,2010-12-20,27783.993
egypt,cib,2010-12-21,27748.5844
egypt,cib,2010-12-22,27069.9184
egypt,cib,2010-12-23,26940.0867
egypt,cib,2010-12-26,
egypt,cib,2010-12-27,27052.2141
egypt,cib,2010-12-28,27123.0314
egypt,cib,2010-12-29,27601.0483
egypt,cib,2010-12-30,27972.8392
egypt,cib,2011-01-02,
egypt,cib,2011-01-03,27099.4257
egypt,cib,2011-01-04,27294.1733
egypt,cib,2011-01-05,27075.8199
egypt,cib,2011-01-06,26999.1011
egypt,cib,2011-01-10,26645.0146
egypt,cib,2011-01-11,26308.6323
egypt,cib,2011-01-12,25771.601
egypt,cib,2011-01-13,26031.2645
egypt,cib,2011-01-16,
egypt,cib,2011-01-17,24673.9326
egypt,cib,2011-01-18,23788.7162
egypt,cib,2011-01-19,23977.5624
egypt,cib,2011-01-20,24266.7331
egypt,cib,2011-01-23,
egypt,cib,2011-01-24,24455.5793
egypt,cib,2011-01-26,23647.0816
egypt,cib,2011-01-27,21534.365
egypt,cib,2011-03-23,19392.1413
egypt,cib,2011-03-24,17568.5954
egypt,cib,2011-03-27,
egypt,cib,2011-03-28,18270.8671
egypt,cib,2011-03-29,19067.5619
egypt,cib,2011-03-30,19527.8745
egypt,cib,2011-03-31,19268.211
egypt,cib,2011-04-03,
egypt,cib,2011-04-04,19704.9177
egypt,cib,2011-04-05,19120.6749
egypt,cib,2011-04-06,18925.9273
egypt,cib,2011-04-07,18636.7566
egypt,cib,2011-04-10,
egypt,cib,2011-04-11,17786.9488
egypt,cib,2011-04-12,17462.3695
egypt,cib,2011-04-13,17627.6099
egypt,cib,2011-04-14,17509.581
egypt,cib,2011-04-17,
egypt,cib,2011-04-18,16529.9415
egypt,cib,2011-04-19,16895.8309
egypt,cib,2011-04-20,16152.2491
egypt,cib,2011-04-21,16270.278
egypt,cib,2011-04-26,16293.8838
egypt,cib,2011-04-27,16146.3477
egypt,cib,2011-04-28,16181.7564
egypt,cib,2011-05-02,16441.4198
egypt,cib,2011-05-03,16364.7011
egypt,cib,2011-05-04,16329.2924
egypt,cib,2011-05-05,16423.7155
egypt,cib,2011-05-08,
egypt,cib,2011-05-09,16659.7732
egypt,cib,2011-05-10,16825.0136
egypt,cib,2011-05-11,16848.6194
egypt,cib,2011-05-12,17043.367
egypt,cib,2011-05-15,
egypt,cib,2011-05-16,17190.9031
egypt,cib,2011-05-17,17456.468
egypt,cib,2011-05-18,17291.2276
egypt,cib,2011-05-19,17426.9608
egypt,cib,2011-05-22,
egypt,cib,2011-05-23,17963.9921
egypt,cib,2011-05-24,18011.2036
egypt,cib,2011-05-25,18312.1772
egypt,cib,2011-05-26,18459.7133
egypt,cib,2011-05-29,
egypt,cib,2011-05-30,18813.7999
egypt,cib,2011-05-31,18713.4753
egypt,cib,2011-06-01,18365.2902
egypt,cib,2011-06-02,17692.5257
egypt,cib,2011-06-05,
egypt,cib,2011-06-06,17739.7373
egypt,cib,2011-06-07,17975.795
egypt,cib,2011-06-08,17857.7661
egypt,cib,2011-06-09,17834.1604
egypt,cib,2011-06-12,
egypt,cib,2011-06-13,17928.5834
egypt,cib,2011-06-14,18306.2758
egypt,cib,2011-06-15,18288.5715
egypt,cib,2011-06-16,18200.0498
egypt,cib,2011-06-19,
egypt,cib,2011-06-20,18353.4873
egypt,cib,2011-06-21,18082.021
egypt,cib,2011-06-22,17810.5546
egypt,cib,2011-06-23,17716.1315
egypt,cib,2011-06-26,17539.0918
egypt,cib,2011-06-27,17043.3705
egypt,cib,2011-06-28,17037.4691
egypt,cib,2011-06-29,16724.6926
egypt,cib,2011-06-30,17562.694
egypt,cib,2011-07-03,17674.8251
egypt,cib,2011-07-04,17680.7265
egypt,cib,2011-07-05,17686.6279
egypt,cib,2011-07-06,17308.9355
egypt,cib,2011-07-07,17556.7925
egypt,cib,2011-07-10,
egypt,cib,2011-07-11,16588.9559
egypt,cib,2011-07-12,15768.6586
egypt,cib,2011-07-13,15927.9976
egypt,cib,2011-07-14,15798.1658
egypt,cib,2011-07-17,16382.4088
egypt,cib,2011-07-18,16010.6178
egypt,cib,2011-07-19,15945.7019
egypt,cib,2011-07-20,15945.7019
egypt,cib,2011-07-21,15992.9135
egypt,cib,2011-07-25,16034.2236
egypt,cib,2011-07-26,16057.8294
egypt,cib,2011-07-27,15969.3077
egypt,cib,2011-07-28,16034.2236
egypt,cib,2011-07-31,15945.7019
egypt,cib,2011-08-01,16034.2236
egypt,cib,2011-08-02,15792.2644
egypt,cib,2011-08-03,15827.6731
egypt,cib,2011-08-04,15963.4063
egypt,cib,2011-08-07,15290.6416
egypt,cib,2011-08-08,15225.7258
egypt,cib,2011-08-09,14588.3698
egypt,cib,2011-08-10,14836.2304
egypt,cib,2011-08-11,14777.216
egypt,cib,2011-08-14,14877.5406
egypt,cib,2011-08-15,14783.1174
egypt,cib,2011-08-16,14889.3434
egypt,cib,2011-08-17,15438.1777
egypt,cib,2011-08-18,15768.6586
egypt,cib,2011-08-21,15349.6561
egypt,cib,2011-08-22,15880.7861
egypt,cib,2011-08-23,15892.5889
egypt,cib,2011-08-24,16258.4785
egypt,cib,2011-08-25,16559.4521
egypt,cib,2011-08-28,16311.5915
egypt,cib,2011-08-29,16205.3655
egypt,cib,2011-09-04,16140.4463
egypt,cib,2011-09-05,16435.5184
egypt,cib,2011-09-06,16718.7877
egypt,cib,2011-09-07,16535.8429
egypt,cib,2011-09-08,16382.4054
egypt,cib,2011-09-11,16169.9535
egypt,cib,2011-09-12,15762.7539
egypt,cib,2011-09-13,15343.7515
egypt,cib,2011-09-14,15190.314
egypt,cib,2011-09-15,14423.1264
egypt,cib,2011-09-18,14635.5783
egypt,cib,2011-09-19,14806.7202
egypt,cib,2011-09-20,14735.9028
egypt,cib,2011-09-21,14493.9437
egypt,cib,2011-09-22,14246.0831
egypt,cib,2011-09-25,13762.1648
egypt,cib,2011-09-26,14098.547
egypt,cib,2011-09-27,13992.321
egypt,cib,2011-09-28,13413.9796
egypt,cib,2011-09-29,13526.1071
egypt,cib,2011-10-02,13661.8402
egypt,cib,2011-10-03,13384.4724
egypt,cib,2011-10-04,13113.0061
egypt,cib,2011-10-05,13213.3306
egypt,cib,2011-10-09,13537.9099
egypt,cib,2011-10-10,13461.1912
egypt,cib,2011-10-11,13608.7273
egypt,cib,2011-10-12,13585.1215
egypt,cib,2011-10-13,13968.7153
egypt,cib,2011-10-16,14069.0398
egypt,cib,2011-10-17,14364.1119
egypt,cib,2011-10-18,14157.5614
egypt,cib,2011-10-19,14375.9148
egypt,cib,2011-10-20,14434.9293
egypt,cib,2011-10-23,14777.2129
egypt,cib,2011-10-24,15007.3692
egypt,cib,2011-10-25,15373.2587
egypt,cib,2011-10-26,15213.9197
egypt,cib,2011-10-27,15149.0039
egypt,cib,2011-10-30,15792.2611
egypt,cib,2011-10-31,15733.2467
egypt,cib,2011-11-01,15786.3597
egypt,cib,2011-11-02,15715.5424
egypt,cib,2011-11-03,15745.0496
egypt,cib,2011-11-09,15868.9799
egypt,cib,2011-11-10,15703.7395
egypt,cib,2011-11-13,15326.0471
egypt,cib,2011-11-14,14877.5375
egypt,cib,2011-11-15,14718.1985
egypt,cib,2011-11-16,14393.6192
egypt,cib,2011-11-17,14010.0254
egypt,cib,2011-11-20,13644.1359
egypt,cib,2011-11-21,12947.7657
egypt,cib,2011-11-22,12292.7055
egypt,cib,2011-11-23,12186.4795
egypt,cib,2011-11-24,12664.4964
egypt,cib,2011-11-29,13614.6287
egypt,cib,2011-11-30,13720.8547
egypt,cib,2011-12-01,14234.2802
egypt,cib,2011-12-04,14231.082
egypt,cib,2011-12-05,13827.5318
egypt,cib,2011-12-06,13708.8405
egypt,cib,2011-12-07,13501.1308
egypt,cib,2011-12-08,13364.6358
egypt,cib,2011-12-11,13269.6828
egypt,cib,2011-12-12,12682.1611
egypt,cib,2011-12-13,12800.8524
egypt,cib,2011-12-14,12818.6561
egypt,cib,2011-12-15,12848.3289
egypt,cib,2011-12-18,12219.2652
egypt,cib,2011-12-19,12290.4799
egypt,cib,2011-12-20,11780.1075
egypt,cib,2011-12-21,11839.4532
egypt,cib,2011-12-22,11447.772
egypt,cib,2011-12-25,11637.678
egypt,cib,2011-12-26,11424.0338
egypt,cib,2011-12-27,11388.4264
egypt,cib,2011-12-28,11133.2402
egypt,cib,2011-12-29,11097.6328
egypt,cib,2012-01-02,11281.6042
egypt,cib,2012-01-03,11198.5204
egypt,cib,2012-01-04,11376.5572
egypt,cib,2012-01-05,11388.4264
egypt,cib,2012-01-09,11655.4817
egypt,cib,2012-01-10,11952.2099
egypt,cib,2012-01-11,11880.9951
egypt,cib,2012-01-12,11904.7334
egypt,cib,2012-01-15,12088.7048
egypt,cib,2012-01-16,12035.2937
egypt,cib,2012-01-17,12130.2467
egypt,cib,2012-01-18,12011.5555
egypt,cib,2012-01-19,11845.3877
egypt,cib,2012-01-22,11708.8928
egypt,cib,2012-01-23,11851.3223
egypt,cib,2012-01-24,12112.4431
egypt,cib,2012-01-26,13251.8792
egypt,cib,2012-01-29,13791.9244
egypt,cib,2012-01-30,13673.2331
egypt,cib,2012-01-31,14005.5687
egypt,cib,2012-02-01,14041.176
egypt,cib,2012-02-02,13548.6073
egypt,cib,2012-02-06,13388.3741
egypt,cib,2012-02-07,13127.2533
egypt,cib,2012-02-08,13400.2432
egypt,cib,2012-02-09,13412.1124
egypt,cib,2012-02-12,13827.5318
egypt,cib,2012-02-13,14444.7263
egypt,cib,2012-02-14,14231.082
egypt,cib,2012-02-15,13999.6341
egypt,cib,2012-02-16,13851.27
egypt,cib,2012-02-19,14219.2129
egypt,cib,2012-02-20,14480.3337
egypt,cib,2012-02-21,14100.5217
egypt,cib,2012-02-22,14142.0636
egypt,cib,2012-02-23,14836.4075
egypt,cib,2012-02-26,15127.2011
egypt,cib,2012-02-27,14723.6508
egypt,cib,2012-02-28,14693.978
egypt,cib,2012-02-29,14866.0803
egypt,cib,2012-03-01,14860.1457
egypt,cib,2012-03-04,14711.7816
egypt,cib,2012-03-05,15008.5098
egypt,cib,2012-03-06,15412.0601
egypt,cib,2012-03-07,15560.4242
egypt,cib,2012-03-08,15435.7983
egypt,cib,2012-03-11,14972.9024
egypt,cib,2012-03-12,14788.931
egypt,cib,2012-03-13,14302.2968
egypt,cib,2012-03-14,14557.483
egypt,cib,2012-03-15,14955.0987
egypt,cib,2012-03-18,14765.1927
egypt,cib,2012-03-19,14688.0434
egypt,cib,2012-03-20,14872.0148
egypt,cib,2012-03-21,15317.1071
egypt,cib,2012-03-22,15245.8923
egypt,cib,2012-03-25,14759.2582
egypt,cib,2012-03-26,14403.1844
egypt,cib,2012-03-27,14468.4646
egypt,cib,2012-03-28,14830.4729
egypt,cib,2012-03-29,14818.6038
egypt,cib,2012-04-01,15038.1826
egypt,cib,2012-04-02,15311.1725
egypt,cib,2012-04-03,14682.1088
egypt,cib,2012-04-04,14486.2683
egypt,cib,2012-04-05,14664.3051
egypt,cib,2012-04-08,14165.8019
egypt,cib,2012-04-09,13945.2616
egypt,cib,2012-04-10,14184.1526
egypt,cib,2012-04-11,14393.1822
egypt,cib,2012-04-12,14769.4355
egypt,cib,2012-04-17,14512.6277
egypt,cib,2012-04-18,14524.5723
egypt,cib,2012-04-19,14554.4336
egypt,cib,2012-04-22,14733.6019
egypt,cib,2012-04-23,15408.4689
egypt,cib,2012-04-24,15283.0512
egypt,cib,2012-04-26,15283.0512
egypt,cib,2012-04-29,15223.3284
egypt,cib,2012-04-30,15283.0512
egypt,cib,2012-05-02,15277.0789
egypt,cib,2012-05-03,15163.6057
egypt,cib,2012-05-06,15247.2175
egypt,cib,2012-05-07,15509.9976
egypt,cib,2012-05-08,15593.6095
egypt,cib,2012-05-09,15521.9422
egypt,cib,2012-05-10,15563.7481
egypt,cib,2012-05-13,15683.1936
egypt,cib,2012-05-14,15659.3045
egypt,cib,2012-05-15,15533.8867
egypt,cib,2012-05-16,15462.2194
egypt,cib,2012-05-17,15253.1898
egypt,cib,2012-05-20,14960.5483
egypt,cib,2012-05-21,15432.358
egypt,cib,2012-05-22,15324.8571
egypt,cib,2012-05-23,15277.0789
egypt,cib,2012-05-24,15629.4431
egypt,cib,2012-05-27,15002.3542
egypt,cib,2012-05-28,14673.8791
egypt,cib,2012-05-29,14506.6554
egypt,cib,2012-05-30,14685.8237
egypt,cib,2012-05-31,14649.99
egypt,cib,2012-06-03,14566.3782
egypt,cib,2012-06-04,14781.3801
egypt,cib,2012-06-05,14464.8495
egypt,cib,2012-06-06,14596.2396
egypt,cib,2012-06-07,14506.6554
egypt,cib,2012-06-10,14464.8495
egypt,cib,2012-06-11,14345.404
egypt,cib,2012-06-12,14405.1268
egypt,cib,2012-06-13,14518.6
egypt,cib,2012-06-14,14429.0159
egypt,cib,2012-06-18,13945.2616
egypt,cib,2012-06-19,13198.7273
egypt,cib,2012-06-20,13395.8123
egypt,cib,2012-06-21,12888.169
egypt,cib,2012-06-24,13306.2282
egypt,cib,2012-06-25,14590.2673
egypt,cib,2012-06-26,15187.4948
egypt,cib,2012-06-27,15402.4967
egypt,cib,2012-06-28,15504.0253
egypt,cib,2012-07-02,16608.8962
egypt,cib,2012-07-03,17552.5156
egypt,cib,2012-07-04,17325.5691
egypt,cib,2012-07-05,17301.68
egypt,cib,2012-07-08,17337.5137
egypt,cib,2012-07-09,16453.617
egypt,cib,2012-07-10,16334.1715
egypt,cib,2012-07-11,17044.8722
egypt,cib,2012-07-12,17224.0405
egypt,cib,2012-07-15,16788.0644
egypt,cib,2012-07-16,17003.0663
egypt,cib,2012-07-17,17325.5691
egypt,cib,2012-07-18,17295.7078
egypt,cib,2012-07-19,17450.9869
egypt,cib,2012-07-22,17361.4028
egypt,cib,2012-07-24,16877.6485
egypt,cib,2012-07-25,16417.7834
egypt,cib,2012-07-26,16184.8647
egypt,cib,2012-07-29,16292.3656
egypt,cib,2012-07-30,16125.1419
egypt,cib,2012-07-31,16352.0883
egypt,cib,2012-08-01,16614.8684
egypt,cib,2012-08-02,16698.4803
egypt,cib,2012-08-05,16907.5099
egypt,cib,2012-08-06,16704.4526
egypt,cib,2012-08-07,16638.7575
egypt,cib,2012-08-08,16602.9239
egypt,cib,2012-08-09,16370.0052
egypt,cib,2012-08-12,16579.0348
egypt,cib,2012-08-13,16758.203
egypt,cib,2012-08-14,16979.1772
egypt,cib,2012-08-15,17080.7059
egypt,cib,2012-08-16,17134.4563
egypt,cib,2012-08-21,17206.1236
egypt,cib,2012-08-22,17110.5672
egypt,cib,2012-08-23,17235.985
egypt,cib,2012-08-26,17361.4028
egypt,cib,2012-08-27,17630.1552
egypt,cib,2012-08-28,17964.6025
egypt,cib,2012-08-29,17994.4639
egypt,cib,2012-08-30,17970.5748
egypt,cib,2012-09-02,18872.3883
egypt,cib,2012-09-03,18920.1665
egypt,cib,2012-09-04,18914.1942
egypt,cib,2012-09-05,18764.8874
egypt,cib,2012-09-06,18746.9705
egypt,cib,2012-09-09,18991.8338
egypt,cib,2012-09-10,19386.0039
egypt,cib,2012-09-11,19636.8395
egypt,cib,2012-09-12,20066.8433
egypt,cib,2012-09-13,19798.0909
egypt,cib,2012-09-16,20622.2648
egypt,cib,2012-09-17,20628.2371
egypt,cib,2012-09-18,20550.5975
egypt,cib,2012-09-19,20550.5975
egypt,cib,2012-09-20,20341.5679
egypt,cib,2012-09-23,20305.7343
egypt,cib,2012-09-24,20604.348
egypt,cib,2012-09-25,21315.0487
egypt,cib,2012-09-26,21482.2724
egypt,cib,2012-09-27,20986.5736
egypt,cib,2012-09-30,20693.9321
egypt,cib,2012-10-01,20299.762
egypt,cib,2012-10-02,20490.8748
egypt,cib,2012-10-03,20687.9598
egypt,cib,2012-10-04,21022.4072
egypt,cib,2012-10-08,21177.6864
egypt,cib,2012-10-09,21004.4904
egypt,cib,2012-10-10,22031.7217
egypt,cib,2012-10-11,22246.7236
egypt,cib,2012-10-14,22109.3612
egypt,cib,2012-10-15,22443.8086
egypt,cib,2012-10-16,22575.1987
egypt,cib,2012-10-17,23184.3707
egypt,cib,2012-10-18,23226.1766
egypt,cib,2012-10-21,22622.9769
egypt,cib,2012-10-22,22796.1728
egypt,cib,2012-10-23,22778.256
egypt,cib,2012-10-24,23238.1212
egypt,cib,2012-10-29,23530.7626
egypt,cib,2012-10-30,22724.5055
egypt,cib,2012-10-31,22634.9214
egypt,cib,2012-11-01,21906.3039
egypt,cib,2012-11-04,21816.7198
egypt,cib,2012-11-05,21983.9435
egypt,cib,2012-11-06,22622.9769
egypt,cib,2012-11-07,22832.0065
egypt,cib,2012-11-08,23052.9807
egypt,cib,2012-11-11,23005.2025
egypt,cib,2012-11-12,23154.5093
egypt,cib,2012-11-13,23052.9807
egypt,cib,2012-11-14,23136.5925
egypt,cib,2012-11-18,22157.1394
egypt,cib,2012-11-19,22049.6385
egypt,cib,2012-11-20,22037.6939
egypt,cib,2012-11-21,22634.9214
egypt,cib,2012-11-22,22360.1968
egypt,cib,2012-11-25,20180.3165
egypt,cib,2012-11-26,20795.4608
egypt,cib,2012-11-27,20861.1558
egypt,cib,2012-11-28,19810.0354
egypt,cib,2012-11-29,19433.7821
egypt,cib,2012-12-02,19690.59
egypt,cib,2012-12-03,19487.5326
egypt,cib,2012-12-04,20389.3461
egypt,cib,2012-12-05,20759.6271
egypt,cib,2012-12-06,19433.7821
egypt,cib,2012-12-09,20574.4866
egypt,cib,2012-12-10,20019.0651
egypt,cib,2012-12-11,20060.871
egypt,cib,2012-12-12,20389.3461
egypt,cib,2012-12-13,19636.8395
egypt,cib,2012-12-16,20353.5125
egypt,cib,2012-12-17,20234.067
egypt,cib,2012-12-18,20299.762
egypt,cib,2012-12-19,20819.3499
egypt,cib,2012-12-20,21141.8527
egypt,cib,2012-12-23,20867.1281
egypt,cib,2012-12-24,20873.1004
egypt,cib,2012-12-25,20556.5698
egypt,cib,2012-12-26,20478.9302
egypt,cib,2012-12-27,20896.9895
egypt,cib,2012-12-30,20855.1835
egypt,cib,2012-12-31,20646.1539
egypt,cib,2013-01-02,21368.7992
egypt,cib,2013-01-03,21834.6366
egypt,cib,2013-01-06,22031.7217
egypt,cib,2013-01-08,22658.8105
egypt,cib,2013-01-09,23291.8716
egypt,cib,2013-01-10,22718.5333
egypt,cib,2013-01-13,21870.4702
egypt,cib,2013-01-14,21995.888
egypt,cib,2013-01-15,21864.498
egypt,cib,2013-01-16,22091.4444
egypt,cib,2013-01-17,22085.4721
egypt,cib,2013-01-20,22527.4205
egypt,cib,2013-01-21,22402.0027
egypt,cib,2013-01-22,22330.3354
egypt,cib,2013-01-23,22407.975
egypt,cib,2013-01-27,22700.6164
egypt,cib,2013-01-28,22079.4999
egypt,cib,2013-01-29,20908.934
egypt,cib,2013-01-30,21309.0764
egypt,cib,2013-01-31,21153.7973
egypt,cib,2013-02-03,21500.1892
egypt,cib,2013-02-04,21745.0525
egypt,cib,2013-02-05,21930.193
egypt,cib,2013-02-06,21111.9913
egypt,cib,2013-02-07,21285.1873
egypt,cib,2013-02-10,21404.6328
egypt,cib,2013-02-11,21201.5755
egypt,cib,2013-02-12,21321.021
egypt,cib,2013-02-13,20962.6845
egypt,cib,2013-02-14,20885.0449
egypt,cib,2013-02-17,20849.2113
egypt,cib,2013-02-18,20855.1835
egypt,cib,2013-02-19,20353.5125
egypt,cib,2013-02-20,20538.653
egypt,cib,2013-02-21,20532.6807
egypt,cib,2013-02-24,20466.9857
egypt,cib,2013-02-25,20419.2075
egypt,cib,2013-02-26,20401.2906
egypt,cib,2013-02-27,20413.2352
egypt,cib,2013-02-28,20275.8729
egypt,cib,2013-03-03,20108.6492
egypt,cib,2013-03-04,19553.2276
egypt,cib,2013-03-05,18651.4141
egypt,cib,2013-03-06,18920.1665
egypt,cib,2013-03-07,19445.7267
egypt,cib,2013-03-10,19595.0336
egypt,cib,2013-03-11,19618.9227
egypt,cib,2013-03-12,19702.5345
egypt,cib,2013-03-13,19397.9485
egypt,cib,2013-03-14,18991.8338
egypt,cib,2013-03-17,18776.8319
egypt,cib,2013-03-18,18555.8577
egypt,cib,2013-03-19,18973.917
egypt,cib,2013-03-20,18806.6933
egypt,cib,2013-03-21,18729.0537
egypt,cib,2013-03-24,18740.9983
egypt,cib,2013-03-25,18627.525
egypt,cib,2013-03-26,18448.3568
egypt,cib,2013-03-27,18316.9668
egypt,cib,2013-03-28,18287.1054
egypt,cib,2013-03-31,17898.9075
egypt,cib,2013-04-01,17827.2402
egypt,cib,2013-04-02,17158.3454
egypt,cib,2013-04-03,16334.1715
egypt,cib,2013-04-04,16776.1199
egypt,cib,2013-04-07,16919.4545
egypt,cib,2013-04-08,17474.876
egypt,cib,2013-04-09,17624.1829
egypt,cib,2013-04-10,17558.4879
egypt,cib,2013-04-11,17821.2679
egypt,cib,2013-04-14,18394.6063
egypt,cib,2013-04-15,18502.1073
egypt,cib,2013-04-16,18346.8281
egypt,cib,2013-04-17,18227.3826
egypt,cib,2013-04-18,18215.4381
egypt,cib,2013-04-21,18119.8817
egypt,cib,2013-04-22,18251.2717
egypt,cib,2013-04-23,18191.549
egypt,cib,2013-04-24,18221.4104
egypt,cib,2013-04-28,18293.0777
egypt,cib,2013-04-29,18263.2163
egypt,cib,2013-04-30,18269.1886
egypt,cib,2013-05-02,18597.6637
egypt,cib,2013-05-07,19374.0594
egypt,cib,2013-05-08,19833.9245
egypt,cib,2013-05-09,19905.5918
egypt,cib,2013-05-12,20132.5383
egypt,cib,2013-05-13,20048.9264
egypt,cib,2013-05-14,19959.3423
egypt,cib,2013-05-15,20323.6511
egypt,cib,2013-05-16,20508.7916
egypt,cib,2013-05-19,20687.9598
egypt,cib,2013-05-20,20699.9044
egypt,cib,2013-05-21,20658.0985
egypt,cib,2013-05-22,20944.7677
egypt,cib,2013-05-23,20658.0985
egypt,cib,2013-05-26,20753.6549
egypt,cib,2013-05-27,21040.3241
egypt,cib,2013-05-28,21392.6883
egypt,cib,2013-05-29,21398.6605
egypt,cib,2013-05-30,21900.3316
egypt,cib,2013-06-02,21828.6643
egypt,cib,2013-06-03,21673.3852
egypt,cib,2013-06-04,20825.3222
egypt,cib,2013-06-05,20592.4034
egypt,cib,2013-06-06,20329.6234
egypt,cib,2013-06-09,19308.3644
egypt,cib,2013-06-10,18525.9964
egypt,cib,2013-06-11,19409.893
egypt,cib,2013-06-12,18466.2736
egypt,cib,2013-06-13,18717.1092
egypt,cib,2013-06-16,18591.6914
egypt,cib,2013-06-17,18699.1923
egypt,cib,2013-06-18,19015.7229
egypt,cib,2013-06-19,18663.3606
egypt,cib,2013-06-20,18478.2201
egypt,cib,2013-06-23,17845.1589
egypt,cib,2013-06-24,17427.0996
egypt,cib,2013-06-25,17158.3472
egypt,cib,2013-06-26,17062.7908
egypt,cib,2013-06-27,17182.2363
egypt,cib,2013-06-30,17839.1866
egypt,cib,2013-07-02,19403.9227
egypt,cib,2013-07-03,18956.0021
egypt,cib,2013-07-04,20849.2134
egypt,cib,2013-07-07,20628.2392
egypt,cib,2013-07-08,19863.7879
egypt,cib,2013-07-09,20735.7402
egypt,cib,2013-07-10,20646.156
egypt,cib,2013-07-11,20234.069
egypt,cib,2013-07-14,20526.7105
egypt,cib,2013-07-15,20616.2946
egypt,cib,2013-07-16,20550.5996
egypt,cib,2013-07-17,20365.4591
egypt,cib,2013-07-18,20371.4314
egypt,cib,2013-07-21,20753.657
egypt,cib,2013-07-22,21010.4648
egypt,cib,2013-07-24,20843.2411
egypt,cib,2013-07-25,20610.3224
egypt,cib,2013-07-28,20687.962
egypt,cib,2013-07-29,20717.8233
egypt,cib,2013-07-30,20741.7124
egypt,cib,2013-07-31,20932.8252
egypt,cib,2013-08-01,21589.7755
egypt,cib,2013-08-04,22318.3931
egypt,cib,2013-08-05,22999.2325
egypt,cib,2013-08-06,22700.6188
egypt,cib,2013-08-07,22879.787
egypt,cib,2013-08-12,23250.0681
egypt,cib,2013-08-13,22760.3415
egypt,cib,2013-08-14,22497.5614
egypt,cib,2013-08-18,21279.2172
egypt,cib,2013-08-19,21267.2727
egypt,cib,2013-08-20,21500.1914
egypt,cib,2013-08-21,21553.9419
egypt,cib,2013-08-22,21613.6646
egypt,cib,2013-08-25,21834.6388
egypt,cib,2013-08-26,21810.7497
egypt,cib,2013-08-27,21518.1082
egypt,cib,2013-08-28,21058.243
egypt,cib,2013-08-29,21088.1044
egypt,cib,2013-09-01,21297.134
egypt,cib,2013-09-02,21076.1599
egypt,cib,2013-09-03,20902.9639
egypt,cib,2013-09-04,20855.1857
egypt,cib,2013-09-05,20849.2134
egypt,cib,2013-09-08,20956.7143
egypt,cib,2013-09-09,21321.0231
egypt,cib,2013-09-10,21989.918
egypt,cib,2013-09-11,21977.9734
egypt,cib,2013-09-12,22240.7536
egypt,cib,2013-09-15,22127.2803
egypt,cib,2013-09-16,22366.1713
egypt,cib,2013-09-17,22479.6446
egypt,cib,2013-09-18,22473.6723
egypt,cib,2013-09-19,22336.31
egypt,cib,2013-09-22,22563.2564
egypt,cib,2013-09-23,22617.0069
egypt,cib,2013-09-24,22861.8702
egypt,cib,2013-09-25,22808.1197
egypt,cib,2013-09-26,22814.092
egypt,cib,2013-09-29,22706.591
egypt,cib,2013-09-30,22605.0624
egypt,cib,2013-10-01,22975.3434
egypt,cib,2013-10-02,23082.8444
egypt,cib,2013-10-03,23208.2622
egypt,cib,2013-10-07,23238.1235
egypt,cib,2013-10-08,23178.4008
egypt,cib,2013-10-09,23267.9849
egypt,cib,2013-10-10,23674.0996
egypt,cib,2013-10-13,23930.9075
egypt,cib,2013-10-20,24169.7985
egypt,cib,2013-10-21,24444.5232
egypt,cib,2013-10-22,24778.9706
egypt,cib,2013-10-23,24581.8855
egypt,cib,2013-10-24,24731.1924
egypt,cib,2013-10-27,25089.5289
egypt,cib,2013-10-28,24820.7765
egypt,cib,2013-10-29,24778.9706
egypt,cib,2013-10-30,25107.4457
egypt,cib,2013-10-31,25471.7545
egypt,cib,2013-11-03,25423.9763
egypt,cib,2013-11-04,25531.4773
egypt,cib,2013-11-06,26289.9563
egypt,cib,2013-11-07,26660.2373
egypt,cib,2013-11-10,26672.1819
egypt,cib,2013-11-11,26863.2947
egypt,cib,2013-11-12,26773.7106
egypt,cib,2013-11-13,26457.18
egypt,cib,2013-11-14,26367.5958
egypt,cib,2013-11-17,26564.6809
egypt,cib,2013-11-18,26737.8769
egypt,cib,2013-11-19,26815.5165
egypt,cib,2013-11-20,27072.3243
egypt,cib,2013-11-21,26881.2115
egypt,cib,2013-11-24,26911.0729
egypt,cib,2013-11-25,27090.2412
egypt,cib,2013-11-26,25937.592
egypt,cib,2013-11-27,26063.0098
egypt,cib,2013-11-28,25776.3406
egypt,cib,2013-12-01,26128.7048
egypt,cib,2013-12-02,26289.9563
egypt,cib,2013-12-03,26522.875
egypt,cib,2013-12-04,26618.4314
egypt,cib,2013-12-05,27484.4368
egypt,cib,2013-12-08,28879.8144
egypt,cib,2013-12-09,28834.8022
egypt,cib,2013-12-10,28636.7486
egypt,cib,2013-12-11,28681.7608
egypt,cib,2013-12-12,29014.8509
egypt,cib,2013-12-15,29221.907
egypt,cib,2013-12-16,28834.8022
egypt,cib,2013-12-17,29068.8656
egypt,cib,2013-12-18,29266.9192
egypt,cib,2013-12-19,29266.9192
egypt,cib,2013-12-22,29347.9411
egypt,cib,2013-12-23,29392.9533
egypt,cib,2013-12-24,29600.0093
egypt,cib,2013-12-25,29834.0726
egypt,cib,2013-12-26,29573.002
egypt,cib,2013-12-29,29419.9606
egypt,cib,2013-12-30,29302.9289
egypt,cib,2013-12-31,29329.9362
egypt,cib,2014-01-02,29374.9484
egypt,cib,2014-01-05,29708.0385
egypt,cib,2014-01-06,29401.9557
egypt,cib,2014-01-08,29455.9703
egypt,cib,2014-01-09,29789.0604
egypt,cib,2014-01-12,30140.1554
egypt,cib,2014-01-14,30221.1774
egypt,cib,2014-01-15,30068.1359
egypt,cib,2014-01-16,29753.0507
egypt,cib,2014-01-19,29356.9435
egypt,cib,2014-01-20,29392.9533
egypt,cib,2014-01-21,29356.9435
egypt,cib,2014-01-22,29834.0726
egypt,cib,2014-01-23,29618.0142
egypt,cib,2014-01-26,29582.0044
egypt,cib,2014-01-27,29690.0336
egypt,cib,2014-01-28,30086.1408
egypt,cib,2014-01-29,30212.1749
egypt,cib,2014-01-30,30266.1895
egypt,cib,2014-02-02,30266.1895
egypt,cib,2014-02-03,30194.1701
egypt,cib,2014-02-04,29545.9947
egypt,cib,2014-02-05,29717.0409
egypt,cib,2014-02-06,29744.0483
egypt,cib,2014-02-09,29717.0409
egypt,cib,2014-02-10,30068.1359
egypt,cib,2014-02-11,30131.153
egypt,cib,2014-02-12,30563.2699
egypt,cib,2014-02-13,31076.4088
egypt,cib,2014-02-16,31202.4429
egypt,cib,2014-02-17,31247.4551
egypt,cib,2014-02-18,31958.6475
egypt,cib,2014-02-19,33074.9495
egypt,cib,2014-02-20,32561.8107
egypt,cib,2014-02-23,33182.9788
egypt,cib,2014-02-24,33200.9836
egypt,cib,2014-02-25,32858.8911
egypt,cib,2014-02-26,32750.8619
egypt,cib,2014-02-27,32957.9179
egypt,cib,2014-03-02,33128.9642
egypt,cib,2014-03-03,32354.7547
egypt,cib,2014-03-04,32615.8253
egypt,cib,2014-03-05,33074.9495
egypt,cib,2014-03-06,33128.9642
egypt,cib,2014-03-09,33101.9569
egypt,cib,2014-03-10,33002.9301
egypt,cib,2014-03-11,33345.0226
egypt,cib,2014-03-12,32948.9154
egypt,cib,2014-03-13,33291.008
egypt,cib,2014-03-16,33390.0348
egypt,cib,2014-03-17,33750.1322
egypt,cib,2014-03-18,33363.0275
egypt,cib,2014-03-19,33444.0494
egypt,cib,2014-03-20,34524.3417
egypt,cib,2014-03-23,34335.2906
egypt,cib,2014-03-24,33840.1566
egypt,cib,2014-03-25,34308.2833
egypt,cib,2014-03-26,34587.3588
egypt,cib,2014-03-27,33912.1761
egypt,cib,2014-03-30,33426.0445
egypt,cib,2014-03-31,32012.6621
egypt,cib,2014-04-01,33327.0178
egypt,cib,2014-04-02,33408.0397
egypt,cib,2014-04-03,32660.8375
egypt,cib,2014-04-06,32714.8521
egypt,cib,2014-04-07,32192.7108
egypt,cib,2014-04-08,32939.913
egypt,cib,2014-04-09,33065.9471
egypt,cib,2014-04-10,33498.064
egypt,cib,2014-04-13,33759.1347
egypt,cib,2014-04-14,33669.1103
egypt,cib,2014-04-15,33651.1054
egypt,cib,2014-04-16,33669.1103
egypt,cib,2014-04-17,33570.0835
egypt,cib,2014-04-22,33399.0372
egypt,cib,2014-04-23,33318.0153
egypt,cib,2014-04-27,33245.9958
egypt,cib,2014-04-28,33245.9958
egypt,cib,2014-04-29,33354.0251
egypt,cib,2014-04-30,33750.1322
egypt,cib,2014-05-04,33642.103
egypt,cib,2014-05-05,33498.064
egypt,cib,2014-05-06,33651.1054
egypt,cib,2014-05-07,33795.1444
egypt,cib,2014-05-08,33336.0202
egypt,cib,2014-05-11,33309.0129
egypt,cib,2014-05-12,33218.9885
egypt,cib,2014-05-13,33200.9836
egypt,cib,2014-05-14,33939.1834
egypt,cib,2014-05-15,33984.1956
egypt,cib,2014-05-18,34020.2053
egypt,cib,2014-05-19,34056.2151
egypt,cib,2014-05-20,34785.4124
egypt,cib,2014-05-21,34443.3198
egypt,cib,2014-05-22,34749.4026
egypt,cib,2014-05-25,34632.371
egypt,cib,2014-05-26,34605.3636
egypt,cib,2014-05-28,34002.2004
egypt,cib,2014-05-29,32489.7912
egypt,cib,2014-06-01,31598.5501
egypt,cib,2014-06-02,32390.7644
egypt,cib,2014-06-03,32156.7011
egypt,cib,2014-06-04,32003.6597
egypt,cib,2014-06-05,32831.8838
egypt,cib,2014-06-09,33164.9739
egypt,cib,2014-06-10,32876.896
egypt,cib,2014-06-11,33696.1176
egypt,cib,2014-06-12,34047.2126
egypt,cib,2014-06-15,33705.1201
egypt,cib,2014-06-16,33543.0762
egypt,cib,2014-06-17,33092.9544
egypt,cib,2014-06-18,33128.9642
egypt,cib,2014-06-19,32741.8594
egypt,cib,2014-06-22,32444.779
egypt,cib,2014-06-23,32651.8351
egypt,cib,2014-06-24,32093.684
egypt,cib,2014-06-25,31760.5939
egypt,cib,2014-06-26,31688.5744
egypt,cib,2014-06-29,31670.5695
egypt,cib,2014-06-30,32048.6719
egypt,cib,2014-07-02,31841.6158
egypt,cib,2014-07-03,31796.6036
egypt,cib,2014-07-06,32111.6889
egypt,cib,2014-07-07,32327.7474
egypt,cib,2014-07-08,32552.8083
egypt,cib,2014-07-09,33092.9544
egypt,cib,2014-07-10,33642.103
egypt,cib,2014-07-13,33336.0202
egypt,cib,2014-07-14,33930.181
egypt,cib,2014-07-15,34308.2833
egypt,cib,2014-07-16,34209.2565
egypt,cib,2014-07-17,34596.3612
egypt,cib,2014-07-20,34776.4099
egypt,cib,2014-07-21,34218.2589
egypt,cib,2014-07-22,35199.5244
egypt,cib,2014-07-24,36675.9239
egypt,cib,2014-07-27,36387.846
egypt,cib,2014-07-31,37918.2601
egypt,cib,2014-08-03,37702.2016
egypt,cib,2014-08-04,38998.5524
egypt,cib,2014-08-05,38701.472
egypt,cib,2014-08-06,38629.4525
egypt,cib,2014-08-07,39556.7034
egypt,cib,2014-08-10,39349.6474
egypt,cib,2014-08-11,40420.9372
egypt,cib,2014-08-12,40718.0176
egypt,cib,2014-08-13,40772.0323
egypt,cib,2014-08-14,41951.3514
egypt,cib,2014-08-17,42554.5146
egypt,cib,2014-08-18,41510.232
egypt,cib,2014-08-19,41762.3002
egypt,cib,2014-08-20,41501.2296
egypt,cib,2014-08-21,41384.1979
egypt,cib,2014-08-24,41645.2685
egypt,cib,2014-08-25,41501.2296
egypt,cib,2014-08-26,41168.1394
egypt,cib,2014-08-27,41132.1297
egypt,cib,2014-08-28,41600.2564
egypt,cib,2014-08-31,41798.3099
egypt,cib,2014-09-01,42041.3757
egypt,cib,2014-09-02,42968.6266
egypt,cib,2014-09-03,43094.6607
egypt,cib,2014-09-04,42833.5901
egypt,cib,2014-09-07,43121.668
egypt,cib,2014-09-08,43112.6656
egypt,cib,2014-09-09,42878.6023
egypt,cib,2014-09-10,43040.6461
egypt,cib,2014-09-11,43130.6705
egypt,cib,2014-09-14,42437.4829
egypt,cib,2014-09-15,42689.5511
egypt,cib,2014-09-16,43202.6899
egypt,cib,2014-09-17,43706.8264
egypt,cib,2014-09-18,44490.0383
egypt,cib,2014-09-21,44364.0042
egypt,cib,2014-09-22,44922.1552
egypt,cib,2014-09-23,45264.2478
egypt,cib,2014-09-24,44724.1016
egypt,cib,2014-09-25,44769.1138
egypt,cib,2014-09-28,44436.0237
egypt,cib,2014-09-29,45606.3403
egypt,cib,2014-09-30,45795.3915
egypt,cib,2014-10-01,45498.3111
egypt,cib,2014-10-02,44760.1114
egypt,cib,2014-10-08,43967.897
egypt,cib,2014-10-09,43409.746
egypt,cib,2014-10-12,42140.4025
egypt,cib,2014-10-13,42302.4464
egypt,cib,2014-10-14,41438.2125
egypt,cib,2014-10-15,41771.3026
egypt,cib,2014-10-16,40943.0785
egypt,cib,2014-10-19,40709.0152
egypt,cib,2014-10-20,40456.947
egypt,cib,2014-10-21,40781.0347
egypt,cib,2014-10-22,42293.4439
egypt,cib,2014-10-23,42122.3976
egypt,cib,2014-10-26,41933.3465
egypt,cib,2014-10-27,41870.3294
egypt,cib,2014-10-28,41555.2442
egypt,cib,2014-10-29,42545.5121
egypt,cib,2014-10-30,43463.7606
egypt,cib,2014-11-02,44382.0091
egypt,cib,2014-11-03,45381.2794
egypt,cib,2014-11-04,45939.4305
egypt,cib,2014-11-05,45777.3866
egypt,cib,2014-11-06,45309.26
egypt,cib,2014-11-09,45102.2039
egypt,cib,2014-11-10,45777.3866
egypt,cib,2014-11-11,45804.3939
egypt,cib,2014-11-12,45030.1844
egypt,cib,2014-11-13,44580.0626
egypt,cib,2014-11-16,44210.9628
egypt,cib,2014-11-17,44273.9798
egypt,cib,2014-11-18,44850.1357
egypt,cib,2014-11-19,44778.1162
egypt,cib,2014-11-20,45081.7306
egypt,cib,2014-11-23,44945.5046
egypt,cib,2014-11-24,44446.0092
egypt,cib,2014-11-25,43728.5522
egypt,cib,2014-11-26,44346.1101
egypt,cib,2014-11-27,44999.995
egypt,cib,2014-11-30,44945.5046
egypt,cib,2014-12-01,44491.4179
egypt,cib,2014-12-02,44718.4613
egypt,cib,2014-12-03,45608.4713
egypt,cib,2014-12-04,46207.8657
egypt,cib,2014-12-07,46498.4813
egypt,cib,2014-12-08,46598.3803
egypt,cib,2014-12-09,46298.6831
egypt,cib,2014-12-10,45508.5722
egypt,cib,2014-12-11,44618.5622
egypt,cib,2014-12-14,42765.8883
egypt,cib,2014-12-15,43801.2061
egypt,cib,2014-12-16,42393.5372
egypt,cib,2014-12-17,41194.7482
egypt,cib,2014-12-18,42275.4747
egypt,cib,2014-12-21,43592.3262
egypt,cib,2014-12-22,43101.9125
egypt,cib,2014-12-23,43138.2394
egypt,cib,2014-12-24,43519.6723
egypt,cib,2014-12-25,43401.6097
egypt,cib,2014-12-28,43365.2828
egypt,cib,2014-12-29,44782.0334
egypt,cib,2014-12-30,45199.7932
egypt,cib,2014-12-31,44673.0526
egypt,cib,2015-01-04,44900.096
egypt,cib,2015-01-05,45172.548
egypt,cib,2015-01-06,44155.3937
egypt,cib,2015-01-08,45045.4037
egypt,cib,2015-01-11,44945.5046
egypt,cib,2015-01-12,45980.8224
egypt,cib,2015-01-13,46507.563
egypt,cib,2015-01-14,48105.9483
egypt,cib,2015-01-15,47670.025
egypt,cib,2015-01-18,47488.3903
egypt,cib,2015-01-19,47579.2077
egypt,cib,2015-01-20,48832.487
egypt,cib,2015-01-21,49359.2277
egypt,cib,2015-01-22,49786.0692
egypt,cib,2015-01-26,49885.9683
egypt,cib,2015-01-27,50712.4061
egypt,cib,2015-01-28,50249.2376
egypt,cib,2015-01-29,50131.1751
egypt,cib,2015-02-01,49586.271
egypt,cib,2015-02-02,50421.7906
egypt,cib,2015-02-03,50884.9591
egypt,cib,2015-02-04,51702.3152
egypt,cib,2015-02-05,51420.7814
egypt,cib,2015-02-08,51184.6563
egypt,cib,2015-02-09,50894.0408
egypt,cib,2015-02-10,50866.7956
egypt,cib,2015-02-11,50648.834
egypt,cib,2015-02-12,50703.3244
egypt,cib,2015-02-15,50558.0166
egypt,cib,2015-02-16,49722.497
egypt,cib,2015-02-17,49468.2085
egypt,cib,2015-02-18,49613.5162
egypt,cib,2015-02-19,49867.8048
egypt,cib,2015-02-22,49949.5404
egypt,cib,2015-02-23,50939.4495
egypt,cib,2015-02-24,51466.1901
egypt,cib,2015-02-25,50748.7331
egypt,cib,2015-02-26,50167.502
egypt,cib,2015-03-01,49522.6989
egypt,cib,2015-03-02,50330.9733
egypt,cib,2015-03-03,50221.9924
egypt,cib,2015-03-04,50004.0308
egypt,cib,2015-03-05,50521.6897
egypt,cib,2015-03-08,50657.9157
egypt,cib,2015-03-09,51130.1659
egypt,cib,2015-03-10,51302.7189
egypt,cib,2015-03-11,51302.7189
egypt,cib,2015-03-12,52474.2626
egypt,cib,2015-03-15,53019.1667
egypt,cib,2015-03-16,51920.2768
egypt,cib,2015-03-17,52201.8106
egypt,cib,2015-03-18,52483.3444
egypt,cib,2015-03-19,52519.6713
egypt,cib,2015-03-22,52292.6279
egypt,cib,2015-03-23,52501.5078
egypt,cib,2015-03-24,52646.8156
egypt,cib,2015-03-25,52110.9932
egypt,cib,2015-03-26,51729.5604
egypt,cib,2015-03-29,51820.3777
egypt,cib,2015-03-30,51756.8056
egypt,cib,2015-03-31,51121.0842
egypt,cib,2015-04-01,51702.3152
egypt,cib,2015-04-02,50231.0742
egypt,cib,2015-04-05,48965.7109
egypt,cib,2015-04-06,48185.7098
egypt,cib,2015-04-07,49259.3583
egypt,cib,2015-04-08,49663.1235
egypt,cib,2015-04-09,50479.8305
egypt,cib,2015-04-14,51113.0078
egypt,cib,2015-04-15,51296.5374
egypt,cib,2015-04-16,51213.9491
egypt,cib,2015-04-19,49846.6532
egypt,cib,2015-04-20,48653.7104
egypt,cib,2015-04-21,48497.7102
egypt,cib,2015-04-22,49277.7113
egypt,cib,2015-04-23,50186.183
egypt,cib,2015-04-26,49681.4765
egypt,cib,2015-04-27,49709.0059
egypt,cib,2015-04-28,49002.4168
egypt,cib,2015-04-29,49690.653
egypt,cib,2015-04-30,50764.3014
egypt,cib,2015-05-03,50186.183
egypt,cib,2015-05-04,51250.655
egypt,cib,2015-05-05,51691.1262
egypt,cib,2015-05-06,50911.1252
egypt,cib,2015-05-07,51131.3607
egypt,cib,2015-05-10,51168.0667
egypt,cib,2015-05-11,51626.8908
egypt,cib,2015-05-12,51681.9497
egypt,cib,2015-05-13,51516.773
egypt,cib,2015-05-14,51232.302
egypt,cib,2015-05-17,50929.4781
egypt,cib,2015-05-18,53397.9519
egypt,cib,2015-05-19,53030.8926
egypt,cib,2015-05-20,52856.5395
egypt,cib,2015-05-21,53030.8926
egypt,cib,2015-05-24,53434.6579
egypt,cib,2015-05-25,52865.7159
egypt,cib,2015-05-26,51966.4206
egypt,cib,2015-05-27,51718.6556
egypt,cib,2015-05-28,52094.8914
egypt,cib,2015-05-31,51654.4202
egypt,cib,2015-06-01,51470.8906
egypt,cib,2015-06-02,52416.0683
egypt,cib,2015-06-03,52939.1278
egypt,cib,2015-06-04,52039.8325
egypt,cib,2015-06-07,52250.8916
egypt,cib,2015-06-08,52792.3041
egypt,cib,2015-06-09,52975.8337
egypt,cib,2015-06-10,53168.5399
egypt,cib,2015-06-11,53682.4229
egypt,cib,2015-06-14,53416.3049
egypt,cib,2015-06-15,53810.8936
egypt,cib,2015-06-16,53471.3638
egypt,cib,2015-06-17,53177.7163
egypt,cib,2015-06-18,52865.7159
egypt,cib,2015-06-21,52975.8337
egypt,cib,2015-06-22,53177.7163
egypt,cib,2015-06-23,53526.4227
egypt,cib,2015-06-24,53205.2458
egypt,cib,2015-06-25,52636.3039
egypt,cib,2015-06-28,52865.7159
egypt,cib,2015-06-29,51801.244
egypt,cib,2015-07-02,51681.9497
egypt,cib,2015-07-05,50920.3016
egypt,cib,2015-07-06,48818.8871
egypt,cib,2015-07-07,48617.0045
egypt,cib,2015-07-08,46735.8256
egypt,cib,2015-07-09,47414.8853
egypt,cib,2015-07-12,48727.1223
egypt,cib,2015-07-13,48332.5336
egypt,cib,2015-07-14,48984.0638
egypt,cib,2015-07-15,50085.2417
egypt,cib,2015-07-16,50424.7716
egypt,cib,2015-07-21,50819.3603
egypt,cib,2015-07-22,51351.5963
egypt,cib,2015-07-26,50553.2423
egypt,cib,2015-07-27,50479.8305
egypt,cib,2015-07-28,50810.1838
egypt,cib,2015-07-29,51626.8908
egypt,cib,2015-07-30,51764.538
egypt,cib,2015-08-02,51213.9491
egypt,cib,2015-08-03,50718.419
egypt,cib,2015-08-04,51388.3022
egypt,cib,2015-08-05,50351.3597
egypt,cib,2015-08-09,50094.4182
egypt,cib,2015-08-10,50112.7712
egypt,cib,2015-08-11,50507.3599
egypt,cib,2015-08-12,49387.8291
egypt,cib,2015-08-13,49433.7115
egypt,cib,2015-08-16,47937.9448
egypt,cib,2015-08-17,47534.1796
egypt,cib,2015-08-18,45827.3538
egypt,cib,2015-08-19,44377.4696
egypt,cib,2015-08-20,43753.4688
egypt,cib,2015-08-23,41477.7011
egypt,cib,2015-08-24,41826.4074
egypt,cib,2015-08-25,43441.4684
egypt,cib,2015-08-26,43992.0573
egypt,cib,2015-08-27,44882.1761
egypt,cib,2015-08-30,44432.5285
egypt,cib,2015-08-31,45992.5305
egypt,cib,2015-09-01,44937.235
egypt,cib,2015-09-02,44478.4109
egypt,cib,2015-09-03,45744.7655
egypt,cib,2015-09-06,45909.9422
egypt,cib,2015-09-07,45579.5888
egypt,cib,2015-09-08,44212.2929
egypt,cib,2015-09-09,45295.1178
egypt,cib,2015-09-10,45405.2356
egypt,cib,2015-09-13,45726.4125
egypt,cib,2015-09-14,46359.5898
egypt,cib,2015-09-15,46754.1786
egypt,cib,2015-09-16,47277.2381
egypt,cib,2015-09-17,47378.1794
egypt,cib,2015-09-20,47286.4145
egypt,cib,2015-09-21,47818.6505
egypt,cib,2015-09-22,48589.4751
egypt,cib,2015-09-28,49553.0057
egypt,cib,2015-09-29,48984.0638
egypt,cib,2015-09-30,48699.5929
egypt,cib,2015-10-01,48598.6516
egypt,cib,2015-10-04,48506.8867
egypt,cib,2015-10-05,48204.0628
egypt,cib,2015-10-07,49075.8286
egypt,cib,2015-10-08,50186.183
egypt,cib,2015-10-11,50333.0068
egypt,cib,2015-10-12,50525.7129
egypt,cib,2015-10-13,50801.0074
egypt,cib,2015-10-15,50268.7714
egypt,cib,2015-10-18,49598.8882
egypt,cib,2015-10-19,49718.1824
egypt,cib,2015-10-20,49644.7706
egypt,cib,2015-10-21,49488.7704
egypt,cib,2015-10-22,49332.7702
egypt,cib,2015-10-25,49204.2994
egypt,cib,2015-10-26,48617.0045
egypt,cib,2015-10-27,48277.4747
egypt,cib,2015-10-28,48066.4156
egypt,cib,2015-10-29,48451.8278
egypt,cib,2015-11-01,48323.3571
egypt,cib,2015-11-02,48727.1223
egypt,cib,2015-11-03,48782.1812
egypt,cib,2015-11-04,48910.652
egypt,cib,2015-11-05,49029.9462
egypt,cib,2015-11-08,47919.5918
egypt,cib,2015-11-09,45671.3536
egypt,cib,2015-11-10,42936.7618
egypt,cib,2015-11-11,42881.7029
egypt,cib,2015-11-12,42964.2913
egypt,cib,2015-11-15,41349.2303
egypt,cib,2015-11-16,40358.1702
egypt,cib,2015-11-17,39302.8747
egypt,cib,2015-11-18,38724.7563
egypt,cib,2015-11-19,40036.9933
egypt,cib,2015-11-22,40532.5234
egypt,cib,2015-11-23,38880.7565
egypt,cib,2015-11-24,37944.7553
egypt,cib,2015-11-25,38963.3449
egypt,cib,2015-11-26,39422.169
egypt,cib,2015-11-29,40477.4645
egypt,cib,2015-11-30,39495.5809
egypt,cib,2015-12-01,40220.523
egypt,cib,2015-12-02,41789.7015
egypt,cib,2015-12-03,42413.7023
egypt,cib,2015-12-06,42413.7023
egypt,cib,2015-12-07,41661.2307
egypt,cib,2015-12-08,40394.8762
egypt,cib,2015-12-09,40376.5232
egypt,cib,2015-12-10,40984.4646
egypt,cib,2015-12-13,39217.9918
egypt,cib,2015-12-14,39344.1684
egypt,cib,2015-12-15,38908.2855
egypt,cib,2015-12-16,38896.8149
egypt,cib,2015-12-17,40571.5229
egypt,cib,2015-12-20,41374.4651
egypt,cib,2015-12-21,42257.7016
egypt,cib,2015-12-22,41902.1129
egypt,cib,2015-12-24,41730.0538
egypt,cib,2015-12-27,41099.1706
egypt,cib,2015-12-28,41202.4061
egypt,cib,2015-12-29,41500.6418
egypt,cib,2015-12-30,43221.2322
egypt,cib,2015-12-31,43691.5269
egypt,cib,2016-01-03,44769.7636
egypt,cib,2016-01-04,44414.1749
egypt,cib,2016-01-05,44677.9988
egypt,cib,2016-01-06,43622.7033
egypt,cib,2016-01-10,42647.7021
egypt,cib,2016-01-11,41603.8772
egypt,cib,2016-01-12,39894.7573
egypt,cib,2016-01-13,38644.4616
egypt,cib,2016-01-14,36166.8113
egypt,cib,2016-01-17,35639.1636
egypt,cib,2016-01-18,37027.1066
egypt,cib,2016-01-19,37875.9312
egypt,cib,2016-01-20,35180.3395
egypt,cib,2016-01-21,34721.5154
egypt,cib,2016-01-24,35971.8111
egypt,cib,2016-01-26,35765.3402
egypt,cib,2016-01-27,36075.0465
egypt,cib,2016-01-28,36086.5171
egypt,cib,2016-01-31,36430.6352
egypt,cib,2016-02-01,36063.5759
egypt,cib,2016-02-02,36889.4593
egypt,cib,2016-02-03,37187.695
egypt,cib,2016-02-04,38919.7561
egypt,cib,2016-02-07,38770.6382
egypt,cib,2016-02-08,39539.1686
egypt,cib,2016-02-09,37841.5194
egypt,cib,2016-02-10,38575.638
egypt,cib,2016-02-11,36648.5767
egypt,cib,2016-02-14,35914.4581
egypt,cib,2016-02-15,36270.0468
egypt,cib,2016-02-16,36946.8124
egypt,cib,2016-02-17,37485.9307
egypt,cib,2016-02-18,37267.9892
egypt,cib,2016-02-21,37933.2842
egypt,cib,2016-02-22,38541.2262
egypt,cib,2016-02-23,38311.8141
egypt,cib,2016-02-24,37887.4018
egypt,cib,2016-02-25,37841.5194
egypt,cib,2016-02-28,38380.6377
egypt,cib,2016-02-29,38380.6377
egypt,cib,2016-03-01,38002.1078
egypt,cib,2016-03-02,37749.7546
egypt,cib,2016-03-03,38128.2845
egypt,cib,2016-03-06,39045.9327
egypt,cib,2016-03-07,39516.2274
egypt,cib,2016-03-08,40181.5224
egypt,cib,2016-03-09,40720.6407
egypt,cib,2016-03-10,42441.2312
egypt,cib,2016-03-13,42877.1141
egypt,cib,2016-03-14,45802.1179
egypt,cib,2016-03-15,45412.1174
egypt,cib,2016-03-16,45274.4701
egypt,cib,2016-03-17,46157.7066
egypt,cib,2016-03-20,46467.4129
egypt,cib,2016-03-21,46926.237
egypt,cib,2016-03-22,46742.7073
egypt,cib,2016-03-23,46903.2958
egypt,cib,2016-03-24,46283.8832
egypt,cib,2016-03-27,45182.7053
egypt,cib,2016-03-28,44895.9402
egypt,cib,2016-03-29,45148.2935
egypt,cib,2016-03-30,44150.3511
egypt,cib,2016-03-31,44024.1744
egypt,cib,2016-04-03,44127.4098
egypt,cib,2016-04-04,44643.587
egypt,cib,2016-04-05,45572.7058
egypt,cib,2016-04-06,45285.9408
egypt,cib,2016-04-07,45526.8234
egypt,cib,2016-04-10,44941.8227
egypt,cib,2016-04-11,45549.7646
egypt,cib,2016-04-12,45297.4114
egypt,cib,2016-04-13,45572.7058
egypt,cib,2016-04-14,45584.1764
egypt,cib,2016-04-17,45343.2938
egypt,cib,2016-04-18,46490.3541
egypt,cib,2016-04-19,48520.6508
egypt,cib,2016-04-20,48715.6511
egypt,cib,2016-04-21,49254.7694
egypt,cib,2016-04-24,49254.7694
egypt,cib,2016-04-26,51732.4197
egypt,cib,2016-04-27,52317.4204
egypt,cib,2016-04-28,52131.6644
egypt,cib,2016-05-03,50920.1051
egypt,cib,2016-05-04,50262.4015
egypt,cib,2016-05-05,50481.636
egypt,cib,2016-05-08,50643.1773
egypt,cib,2016-05-09,51300.8809
egypt,cib,2016-05-10,51635.502
egypt,cib,2016-05-11,50654.7159
egypt,cib,2016-05-12,50747.0252
egypt,cib,2016-05-15,49858.5484
egypt,cib,2016-05-16,50539.3293
egypt,cib,2016-05-17,51000.8757
egypt,cib,2016-05-18,51658.5793
egypt,cib,2016-05-19,50389.3268
egypt,cib,2016-05-22,49962.3964
egypt,cib,2016-05-23,48762.3758
egypt,cib,2016-05-24,49016.2263
egypt,cib,2016-05-25,49327.7701
egypt,cib,2016-05-26,49316.2314
egypt,cib,2016-05-29,49154.6902
egypt,cib,2016-05-30,48531.6026
egypt,cib,2016-05-31,49131.6129
egypt,cib,2016-06-01,49731.6232
egypt,cib,2016-06-02,49627.7752
egypt,cib,2016-06-05,49339.3087
egypt,cib,2016-06-06,50412.4041
egypt,cib,2016-06-07,50770.1025
egypt,cib,2016-06-08,50827.7958
egypt,cib,2016-06-09,50908.5665
egypt,cib,2016-06-12,49697.0072
egypt,cib,2016-06-13,50123.9376
egypt,cib,2016-06-14,50239.3242
egypt,cib,2016-06-15,48427.7546
egypt,cib,2016-06-16,48450.8319
egypt,cib,2016-06-19,48231.5974
egypt,cib,2016-06-20,47562.3552
egypt,cib,2016-06-21,47885.4376
egypt,cib,2016-06-22,47193.118
egypt,cib,2016-06-23,47989.2856
egypt,cib,2016-06-26,45935.4041
egypt,cib,2016-06-27,46189.2547
egypt,cib,2016-06-28,46143.1
egypt,cib,2016-06-29,45958.4815
egypt,cib,2016-07-03,45889.2495
egypt,cib,2016-07-04,46789.265
egypt,cib,2016-07-10,49246.9995
egypt,cib,2016-07-11,49535.466
egypt,cib,2016-07-12,48831.6077
egypt,cib,2016-07-13,49316.2314
egypt,cib,2016-07-14,49281.6154
egypt,cib,2016-07-17,49223.9221
egypt,cib,2016-07-18,49731.6232
egypt,cib,2016-07-19,49650.8526
egypt,cib,2016-07-20,49350.8474
egypt,cib,2016-07-21,48820.0691
egypt,cib,2016-07-24,48958.533
egypt,cib,2016-07-25,49535.466
egypt,cib,2016-07-26,49685.4685
egypt,cib,2016-07-27,52547.0561
egypt,cib,2016-07-28,54866.3267
egypt,cib,2016-07-31,54658.6308
egypt,cib,2016-08-01,54300.9324
egypt,cib,2016-08-02,54197.0845
egypt,cib,2016-08-03,55270.1798
egypt,cib,2016-08-04,56758.6669
egypt,cib,2016-08-07,56654.819
egypt,cib,2016-08-08,56839.4375
egypt,cib,2016-08-09,56331.7365
egypt,cib,2016-08-10,57104.8267
egypt,cib,2016-08-11,58639.4684
egypt,cib,2016-08-14,58004.8422
egypt,cib,2016-08-15,59793.3344
egypt,cib,2016-08-16,59851.0277
egypt,cib,2016-08-17,58974.0896
egypt,cib,2016-08-18,58270.2313
egypt,cib,2016-08-21,58316.386
egypt,cib,2016-08-22,57335.5999
egypt,cib,2016-08-23,56585.587
egypt,cib,2016-08-24,57139.4427
egypt,cib,2016-08-25,56493.2777
egypt,cib,2016-08-28,56308.6592
egypt,cib,2016-08-29,55800.9582
egypt,cib,2016-08-30,55800.9582
egypt,cib,2016-08-31,56412.5071
egypt,cib,2016-09-01,56031.7313
egypt,cib,2016-09-04,56885.5922
egypt,cib,2016-09-05,57150.9813
egypt,cib,2016-09-06,56943.2855
egypt,cib,2016-09-07,56862.5148
egypt,cib,2016-09-08,57289.4453
egypt,cib,2016-09-14,56804.8215
egypt,cib,2016-09-15,55512.4917
egypt,cib,2016-09-18,55316.3344
egypt,cib,2016-09-19,55766.3422
egypt,cib,2016-09-20,56239.4272
egypt,cib,2016-09-21,55766.3422
egypt,cib,2016-09-22,55431.721
egypt,cib,2016-09-25,55674.0329
egypt,cib,2016-09-26,56574.0484
egypt,cib,2016-09-27,56539.4324
egypt,cib,2016-09-28,56020.1927
egypt,cib,2016-09-29,55500.953
egypt,cib,2016-10-03,57139.4427
egypt,cib,2016-10-04,58027.9195
egypt,cib,2016-10-05,59920.2597
egypt,cib,2016-10-09,61085.6643
egypt,cib,2016-10-10,61074.1256
egypt,cib,2016-10-11,60277.9581
egypt,cib,2016-10-12,59170.2468
egypt,cib,2016-10-13,61477.9787
egypt,cib,2016-10-16,60670.2725
egypt,cib,2016-10-17,59585.6385
egypt,cib,2016-10-18,60012.5689
egypt,cib,2016-10-19,59770.2571
egypt,cib,2016-10-20,60058.7236
egypt,cib,2016-10-23,60012.5689
egypt,cib,2016-10-24,59793.3344
egypt,cib,2016-10-25,59666.4091
egypt,cib,2016-10-26,59424.0973
egypt,cib,2016-10-27,59839.489
egypt,cib,2016-10-30,59885.6437
egypt,cib,2016-10-31,59643.3318
egypt,cib,2016-11-01,59908.721
egypt,cib,2016-11-02,60208.7261
egypt,cib,2016-11-03,63647.2467
egypt,cib,2016-11-06,68262.7106
egypt,cib,2016-11-07,73616.6487
egypt,cib,2016-11-08,75358.9863
egypt,cib,2016-11-09,75105.1358
egypt,cib,2016-11-10,77562.8703
egypt,cib,2016-11-13,79997.5275
egypt,cib,2016-11-14,77793.6435
egypt,cib,2016-11-15,76397.4657
egypt,cib,2016-11-16,77932.1074
egypt,cib,2016-11-17,79432.1332
egypt,cib,2016-11-20,79939.8342
egypt,cib,2016-11-21,80851.3883
egypt,cib,2016-11-22,79870.6022
egypt,cib,2016-11-23,79547.5198
egypt,cib,2016-11-24,77816.7208
egypt,cib,2016-11-27,76812.8574
egypt,cib,2016-11-28,77632.1022
egypt,cib,2016-11-29,76593.6229
egypt,cib,2016-11-30,79409.0558
egypt,cib,2016-12-01,80205.2234
egypt,cib,2016-12-04,80585.9991
egypt,cib,2016-12-05,79235.9759
egypt,cib,2016-12-06,80435.9965
egypt,cib,2016-12-07,79178.2826
egypt,cib,2016-12-08,78566.7337
egypt,cib,2016-12-12,78797.5069
egypt,cib,2016-12-13,77851.3368
egypt,cib,2016-12-14,78047.494
egypt,cib,2016-12-15,77378.2517
egypt,cib,2016-12-18,77343.6358
egypt,cib,2016-12-19,79616.7517
egypt,cib,2016-12-20,81924.4836
egypt,cib,2016-12-21,82905.2697
egypt,cib,2016-12-22,82905.2697
egypt,cib,2016-12-25,82189.8728
egypt,cib,2016-12-26,81566.7852
egypt,cib,2016-12-27,81382.1666
egypt,cib,2016-12-28,82720.6512
egypt,cib,2016-12-29,84324.5249
egypt,cib,2017-01-02,83032.195
egypt,cib,2017-01-03,83886.0558
egypt,cib,2017-01-04,84612.9913
egypt,cib,2017-01-05,85178.3857
egypt,cib,2017-01-08,
egypt,cib,2017-01-09,85201.463
egypt,cib,2017-01-10,87589.9655
egypt,cib,2017-01-11,88801.5248
egypt,cib,2017-01-12,87970.7413
egypt,cib,2017-01-15,87866.8934
egypt,cib,2017-01-16,89332.3031
egypt,cib,2017-01-17,90636.1717
egypt,cib,2017-01-18,90024.6227
egypt,cib,2017-01-19,87486.1176
egypt,cib,2017-01-22,87001.4939
egypt,cib,2017-01-23,90024.6227
egypt,cib,2017-01-24,89043.8367
egypt,cib,2017-01-26,89228.4552
egypt,cib,2017-01-29,90336.1665
egypt,cib,2017-01-30,89816.9269
egypt,cib,2017-01-31,88201.5145
egypt,cib,2017-02-01,87889.9707
egypt,cib,2017-02-02,88870.7568
egypt,cib,2017-02-05,89332.3031
egypt,cib,2017-02-06,89043.8367
egypt,cib,2017-02-07,91340.0299
egypt,cib,2017-02-08,93290.0634
egypt,cib,2017-02-09,92563.1279
egypt,cib,2017-02-12,90255.3959
egypt,cib,2017-02-13,89966.9294
egypt,cib,2017-02-14,88143.8212
egypt,cib,2017-02-15,87439.963
egypt,cib,2017-02-16,89020.7593
egypt,cib,2017-02-19,87797.6614
egypt,cib,2017-02-20,86251.481
egypt,cib,2017-02-21,87716.8908
egypt,cib,2017-02-22,85789.9346
egypt,cib,2017-02-23,85028.3831
egypt,cib,2017-02-26,84959.1511
egypt,cib,2017-02-27,83112.9656
egypt,cib,2017-02-28,82893.7311
egypt,cib,2017-03-01,83020.6563
egypt,cib,2017-03-02,85236.079
egypt,cib,2017-03-05,86170.7104
egypt,cib,2017-03-06,86574.5635
egypt,cib,2017-03-07,86459.1769
egypt,cib,2017-03-08,86366.8676
egypt,cib,2017-03-09,88282.2851
egypt,cib,2017-03-12,90059.2387
egypt,cib,2017-03-13,90013.0841
egypt,cib,2017-03-14,88847.6794
egypt,cib,2017-03-15,88155.3599
egypt,cib,2017-03-16,90474.6305
egypt,cib,2017-03-19,90220.7799
egypt,cib,2017-03-20,89447.6897
egypt,cib,2017-03-21,87924.5867
egypt,cib,2017-03-22,87982.28
egypt,cib,2017-03-23,88882.2954
egypt,cib,2017-03-26,88905.3727
egypt,cib,2017-03-27,88155.3599
egypt,cib,2017-03-28,88374.5944
egypt,cib,2017-03-29,87820.7387
egypt,cib,2017-03-30,87151.4965
egypt,cib,2017-04-02,86332.2516
egypt,cib,2017-04-03,88166.8985
egypt,cib,2017-04-04,90036.1614
egypt,cib,2017-04-05,91432.3392
egypt,cib,2017-04-06,89990.0068
egypt,cib,2017-04-09,88213.0532
egypt,cib,2017-04-10,88293.8238
egypt,cib,2017-04-11,89436.1511
egypt,cib,2017-04-12,89205.3779
egypt,cib,2017-04-13,88789.9861
egypt,cib,2017-04-18,88870.7568
egypt,cib,2017-04-19,87947.664
egypt,cib,2017-04-20,88582.2903
egypt,cib,2017-04-23,86401.4836
egypt,cib,2017-04-24,87255.3444
egypt,cib,2017-04-26,86874.5686
egypt,cib,2017-04-27,85270.6949
egypt,cib,2017-04-30,84947.6125
egypt,cib,2017-05-02,85789.9346
egypt,cib,2017-05-03,86459.1769
egypt,cib,2017-05-04,87082.2645
egypt,cib,2017-05-07,86470.7156
egypt,cib,2017-05-08,87624.5815
egypt,cib,2017-05-09,88316.9011
egypt,cib,2017-05-10,89009.2207
egypt,cib,2017-05-11,88755.3702
egypt,cib,2017-05-14,88616.9063
egypt,cib,2017-05-15,88282.2851
egypt,cib,2017-05-16,88916.9114
egypt,cib,2017-05-17,89759.2336
egypt,cib,2017-05-18,88882.2954
egypt,cib,2017-05-21,88893.8341
egypt,cib,2017-05-22,87878.432
egypt,cib,2017-05-23,88316.9011
egypt,cib,2017-05-24,89667.8126
egypt,cib,2017-05-25,92026.2689
egypt,cib,2017-05-28,93443.6663
egypt,cib,2017-05-29,93420.4303
egypt,cib,2017-05-30,93373.9582
egypt,cib,2017-05-31,96139.045
egypt,cib,2017-06-01,97393.7902
egypt,cib,2017-06-04,97533.2063
egypt,cib,2017-06-05,97300.8461
egypt,cib,2017-06-06,98636.9174
egypt,cib,2017-06-07,97661.0045
egypt,cib,2017-06-08,98218.669
egypt,cib,2017-06-11,97440.2622
egypt,cib,2017-06-12,96301.6971
egypt,cib,2017-06-13,95860.2127
egypt,cib,2017-06-14,95709.1785
egypt,cib,2017-06-15,94872.6817
egypt,cib,2017-06-18,95046.9519
egypt,cib,2017-06-19,95163.132
egypt,cib,2017-06-20,95139.896
egypt,cib,2017-06-21,94129.129
egypt,cib,2017-06-22,94082.6569
egypt,cib,2017-06-28,92897.6198
egypt,cib,2017-07-02,94558.9954
egypt,cib,2017-07-03,94768.1196
egypt,cib,2017-07-04,94210.455
egypt,cib,2017-07-05,94163.983
egypt,cib,2017-07-06,94140.747
egypt,cib,2017-07-09,95267.6941
egypt,cib,2017-07-10,96929.0697
egypt,cib,2017-07-11,99148.1099
egypt,cib,2017-07-12,99392.0882
egypt,cib,2017-07-13,101216.116
egypt,cib,2017-07-16,101483.3302
egypt,cib,2017-07-17,102679.9854
egypt,cib,2017-07-18,100588.7433
egypt,cib,2017-07-19,100437.7092
egypt,cib,2017-07-20,101006.9918
egypt,cib,2017-07-24,101053.4638
egypt,cib,2017-07-25,100937.2837
egypt,cib,2017-07-26,101041.8458
egypt,cib,2017-07-27,98973.8398
egypt,cib,2017-07-30,98334.8491
egypt,cib,2017-07-31,97475.1163
egypt,cib,2017-08-01,97370.5542
egypt,cib,2017-08-02,97393.7902
egypt,cib,2017-08-03,96673.4735
egypt,cib,2017-08-06,97695.8585
egypt,cib,2017-08-07,99333.9981
egypt,cib,2017-08-08,99519.8863
egypt,cib,2017-08-09,98741.4795
egypt,cib,2017-08-10,97335.7001
egypt,cib,2017-08-13,95999.6288
egypt,cib,2017-08-14,94744.8836
egypt,cib,2017-08-15,94582.2314
egypt,cib,2017-08-16,94593.8494
egypt,cib,2017-08-17,94222.0731
egypt,cib,2017-08-20,93676.0265
egypt,cib,2017-08-21,94617.0854
egypt,cib,2017-08-22,94930.7718
egypt,cib,2017-08-23,94500.9053
egypt,cib,2017-08-24,94489.2873
egypt,cib,2017-08-27,94012.9489
egypt,cib,2017-08-28,94895.9177
egypt,cib,2017-08-29,96208.753
egypt,cib,2017-08-30,97881.7467
egypt,cib,2017-09-05,97521.5883
egypt,cib,2017-09-06,95790.5046
egypt,cib,2017-09-07,96243.6071
egypt,cib,2017-09-10,95465.2003
egypt,cib,2017-09-11,95709.1785
egypt,cib,2017-09-12,95279.3121
egypt,cib,2017-09-13,94256.9271
egypt,cib,2017-09-14,95395.4922
egypt,cib,2017-09-17,95221.222
egypt,cib,2017-09-18,94721.6476
egypt,cib,2017-09-19,94988.8618
egypt,cib,2017-09-20,95534.9084
egypt,cib,2017-09-24,94907.5357
egypt,cib,2017-09-25,94837.8277
egypt,cib,2017-09-26,94744.8836
egypt,cib,2017-09-27,94396.3432
egypt,cib,2017-09-28,94826.2097
egypt,cib,2017-10-01,94895.9177
egypt,cib,2017-10-02,95383.8742
egypt,cib,2017-10-03,94315.0172
egypt,cib,2017-10-04,92328.3372
egypt,cib,2017-10-08,92398.0453
egypt,cib,2017-10-09,91456.9863
egypt,cib,2017-10-10,89621.3405
egypt,cib,2017-10-11,89609.7225
egypt,cib,2017-10-12,90457.8373
egypt,cib,2017-10-15,90585.6355
egypt,cib,2017-10-16,88901.0238
egypt,cib,2017-10-17,87762.4587
egypt,cib,2017-10-18,87564.9525
egypt,cib,2017-10-19,88552.4835
egypt,cib,2017-10-22,89528.3964
egypt,cib,2017-10-23,90155.769
egypt,cib,2017-10-24,90283.5672
egypt,cib,2017-10-25,89679.4306
egypt,cib,2017-10-26,88691.8996
egypt,cib,2017-10-29,88447.9214
egypt,cib,2017-10-30,89737.5206
egypt,cib,2017-10-31,91584.7845
egypt,cib,2017-11-01,91433.7503
egypt,cib,2017-11-02,90783.1417
egypt,cib,2017-11-05,90225.4771
egypt,cib,2017-11-06,89493.5387
egypt,cib,2017-11-07,89632.9549
egypt,cib,2017-11-08,88749.986
egypt,cib,2017-11-09,90504.3057
egypt,cib,2017-11-12,89842.0791
egypt,cib,2017-11-13,88529.2438
egypt,cib,2017-11-14,88169.0855
egypt,cib,2017-11-15,86740.0701
egypt,cib,2017-11-16,85345.9088
egypt,cib,2017-11-19,85032.2225
egypt,cib,2017-11-20,85427.2349
egypt,cib,2017-11-21,85160.0206
egypt,cib,2017-11-22,85160.0206
egypt,cib,2017-11-23,85520.179
egypt,cib,2017-11-26,85345.9088
egypt,cib,2017-11-27,84137.6357
egypt,cib,2017-11-28,86472.8559
egypt,cib,2017-11-29,87530.0949
egypt,cib,2017-12-03,88749.986
egypt,cib,2017-12-04,87576.5669
egypt,cib,2017-12-05,86449.6199
egypt,cib,2017-12-06,84927.6604
egypt,cib,2017-12-07,84486.176
egypt,cib,2017-12-10,85101.9306
egypt,cib,2017-12-11,84265.4338
egypt,cib,2017-12-12,85403.9989
egypt,cib,2017-12-13,85926.8094
egypt,cib,2017-12-14,86194.0236
egypt,cib,2017-12-17,85636.3591
egypt,cib,2017-12-18,84823.0983
egypt,cib,2017-12-19,84218.9617
egypt,cib,2017-12-20,85555.033
egypt,cib,2017-12-21,85996.5174
egypt,cib,2017-12-24,87413.9148
egypt,cib,2017-12-25,87146.7005
egypt,cib,2017-12-26,88610.5699
egypt,cib,2017-12-27,88529.2438
egypt,cib,2017-12-28,90004.7312
egypt,cib,2017-12-31,89865.3151
egypt,cib,2018-01-02,89435.4487
egypt,cib,2018-01-03,87541.7129
egypt,cib,2018-01-04,87878.6352
egypt,cib,2018-01-08,90725.0479
egypt,cib,2018-01-09,93478.5165
egypt,cib,2018-01-10,93071.8861
egypt,cib,2018-01-11,92874.3799
egypt,cib,2018-01-14,91759.0509
egypt,cib,2018-01-15,90829.61
egypt,cib,2018-01-16,90399.7436
egypt,cib,2018-01-17,90585.6318
egypt,cib,2018-01-18,91921.703
egypt,cib,2018-01-21,91863.613
egypt,cib,2018-01-22,90713.4299
egypt,cib,2018-01-23,90341.6535
egypt,cib,2018-01-24,91166.5323
egypt,cib,2018-01-28,93037.0321
egypt,cib,2018-01-29,94082.6531
egypt,cib,2018-01-30,93478.5165
egypt,cib,2018-01-31,91015.4982
egypt,cib,2018-02-01,91700.9608
egypt,cib,2018-02-04,89772.371
egypt,cib,2018-02-05,89598.1008
egypt,cib,2018-02-06,87855.3992
egypt,cib,2018-02-07,89388.9766
egypt,cib,2018-02-08,88540.8618
egypt,cib,2018-02-11,88296.8836
egypt,cib,2018-02-12,87774.0731
egypt,cib,2018-02-13,85752.5392
egypt,cib,2018-02-14,86275.3497
egypt,cib,2018-02-15,87065.3744
egypt,cib,2018-02-18,87228.0266
egypt,cib,2018-02-19,88227.1755
egypt,cib,2018-02-20,88796.4581
egypt,cib,2018-02-21,90806.374
egypt,cib,2018-02-22,91886.849
egypt,cib,2018-02-25,92061.1192
egypt,cib,2018-02-26,91003.8802
egypt,cib,2018-02-27,90701.8119
egypt,cib,2018-02-28,89691.0449
egypt,cib,2018-03-01,89458.6847
egypt,cib,2018-03-04,89760.753
egypt,cib,2018-03-05,91096.8243
egypt,cib,2018-03-06,94024.563
egypt,cib,2018-03-07,97370.5502
egypt,cib,2018-03-08,98962.2177
egypt,cib,2018-03-11,97591.2924
egypt,cib,2018-03-12,100925.6616
egypt,cib,2018-03-13,102040.9906
egypt,cib,2018-03-14,101274.2019
egypt,cib,2018-03-15,103226.0277
egypt,cib,2018-03-18,105491.5399
egypt,cib,2018-03-19,104248.4127
egypt,cib,2018-03-20,103470.006
egypt,cib,2018-03-21,101738.9223
egypt,cib,2018-03-22,101483.3261
egypt,cib,2018-03-25,101320.6739
egypt,cib,2018-03-26,101971.2825
egypt,cib,2018-03-27,102366.2949
egypt,cib,2018-03-28,103074.9936
egypt,cib,2018-03-29,103411.9159
egypt,cib,2018-04-01,102726.4533
egypt,cib,2018-04-02,102110.6987
egypt,cib,2018-04-03,101704.0683
egypt,cib,2018-04-04,101611.1242
egypt,cib,2018-04-05,102052.6086
egypt,cib,2018-04-10,104120.6056
egypt,cib,2018-04-11,103365.435
egypt,cib,2018-04-12,100937.2709
egypt,cib,2018-04-15,101030.2237
egypt,cib,2018-04-16,101006.9876
egypt,cib,2018-04-17,102087.4627
egypt,cib,2018-04-18,102679.9812
egypt,cib,2018-04-19,103818.5463
egypt,cib,2018-04-22,104190.3226
egypt,cib,2018-04-23,105247.5616
egypt,cib,2018-04-24,107338.8036
egypt,cib,2018-04-26,110359.4865
egypt,cib,2018-04-29,108976.9432
egypt,cib,2018-04-30,109035.0332
egypt,cib,2018-05-02,109964.4741
egypt,cib,2018-05-03,108140.4464
egypt,cib,2018-05-06,105433.4498
egypt,cib,2018-05-07,104294.8847
egypt,cib,2018-05-08,106432.5988
egypt,cib,2018-05-09,104910.6393
egypt,cib,2018-05-10,101982.9006
egypt,cib,2018-05-13,102517.3291
egypt,cib,2018-05-14,102192.0248
egypt,cib,2018-05-15,101320.6739
egypt,cib,2018-05-16,102517.3291
egypt,cib,2018-05-17,101169.6398
egypt,cib,2018-05-20,98997.0717
egypt,cib,2018-05-21,98392.9352
egypt,cib,2018-05-22,98044.3948
egypt,cib,2018-05-23,98114.1029
egypt,cib,2018-05-24,98973.8357
egypt,cib,2018-05-27,98346.4631
egypt,cib,2018-05-28,99275.904
egypt,cib,2018-05-29,101704.0683
egypt,cib,2018-05-30,100844.3355
egypt,cib,2018-05-31,97870.1247
egypt,cib,2018-06-03,100426.0871
egypt,cib,2018-06-04,99694.1524
egypt,cib,2018-06-05,97114.9539
egypt,cib,2018-06-06,98288.3731
egypt,cib,2018-06-07,99450.1742
egypt,cib,2018-06-10,99357.2301
egypt,cib,2018-06-11,97695.8545
egypt,cib,2018-06-12,98590.4413
egypt,cib,2018-06-13,99775.4785
egypt,cib,2018-06-14,100972.1336
egypt,cib,2018-06-19,98137.3389
egypt,cib,2018-06-20,97974.6868
egypt,cib,2018-06-21,99601.2083
egypt,cib,2018-06-24,99903.2766
egypt,cib,2018-06-25,100426.0871
egypt,cib,2018-06-26,99624.4443
egypt,cib,2018-06-27,98764.7115
egypt,cib,2018-06-28,99078.3978
egypt,cib,2018-07-02,99299.14
egypt,cib,2018-07-03,99926.5126
egypt,cib,2018-07-04,99775.4785
egypt,cib,2018-07-05,98532.3513
egypt,cib,2018-07-08,97870.1247
egypt,cib,2018-07-09,98346.4631
egypt,cib,2018-07-10,98125.7209
egypt,cib,2018-07-11,98265.137
egypt,cib,2018-07-12,97022.0099
egypt,cib,2018-07-15,97428.6402
egypt,cib,2018-07-16,96789.6496
egypt,cib,2018-07-17,93803.8208
egypt,cib,2018-07-18,94477.6655
egypt,cib,2018-07-19,93385.5724
egypt,cib,2018-07-22,93164.8302
egypt,cib,2018-07-24,95802.1187
egypt,cib,2018-07-25,94570.6095
egypt,cib,2018-07-26,94129.1251
egypt,cib,2018-07-29,94826.2058
egypt,cib,2018-07-30,95523.2864
egypt,cib,2018-07-31,97568.0564
egypt,cib,2018-08-01,97602.9104
egypt,cib,2018-08-02,99787.0965
egypt,cib,2018-08-05,99017.4178
egypt,cib,2018-08-06,98492.3431
egypt,cib,2018-08-07,98620.6947
egypt,cib,2018-08-08,99717.5174
egypt,cib,2018-08-09,99822.5324
egypt,cib,2018-08-12,99344.131
egypt,cib,2018-08-13,99367.4676
egypt,cib,2018-08-14,98935.7395
egypt,cib,2018-08-15,99110.7644
egypt,cib,2018-08-16,98515.6798
egypt,cib,2018-08-19,97967.2685
egypt,cib,2018-08-26,96357.0394
egypt,cib,2018-08-27,95376.9
egypt,cib,2018-08-28,99064.0911
egypt,cib,2018-08-29,100440.9537
egypt,cib,2018-08-30,102296.2175
egypt,cib,2018-09-02,101386.0881
egypt,cib,2018-09-03,100966.0283
egypt,cib,2018-09-04,100942.6917
egypt,cib,2018-09-05,99939.2156
egypt,cib,2018-09-06,100230.9238
egypt,cib,2018-09-09,99950.8839
egypt,cib,2018-09-10,100359.2754
egypt,cib,2018-09-12,99402.4726
egypt,cib,2018-09-13,98725.7097
egypt,cib,2018-09-16,96683.7526
egypt,cib,2018-09-17,96112.0046
egypt,cib,2018-09-18,96147.0095
egypt,cib,2018-09-19,93941.6958
egypt,cib,2018-09-20,94501.7755
egypt,cib,2018-09-23,94746.8104
egypt,cib,2018-09-24,93708.3293
egypt,cib,2018-09-25,94676.8004
egypt,cib,2018-09-26,96438.7177
egypt,cib,2018-09-27,97115.4806
egypt,cib,2018-09-30,96952.1241
egypt,cib,2018-10-01,97045.4707
egypt,cib,2018-10-02,96193.6828
egypt,cib,2018-10-03,95505.2516
egypt,cib,2018-10-04,95050.1869
egypt,cib,2018-10-08,93381.6162
egypt,cib,2018-10-09,93579.9777
egypt,cib,2018-10-10,94315.0823
egypt,cib,2018-10-11,92739.8582
egypt,cib,2018-10-14,93416.6212
egypt,cib,2018-10-15,94898.4986
egypt,cib,2018-10-16,96135.3412
egypt,cib,2018-10-17,96788.7675
egypt,cib,2018-10-18,95073.5235
egypt,cib,2018-10-21,93906.6909
egypt,cib,2018-10-22,95750.2864
egypt,cib,2018-10-23,96543.7326
egypt,cib,2018-10-24,94455.1022
egypt,cib,2018-10-25,93346.6112
egypt,cib,2018-10-28,91864.7337
egypt,cib,2018-10-29,92028.0903
egypt,cib,2018-10-30,92389.8084
egypt,cib,2018-10-31,93684.9927
egypt,cib,2018-11-01,93369.9479
egypt,cib,2018-11-04,92879.8781
egypt,cib,2018-11-05,93918.3592
egypt,cib,2018-11-06,93883.3542
egypt,cib,2018-11-07,94011.7058
egypt,cib,2018-11-08,95633.6032
egypt,cib,2018-11-11,93860.0176
egypt,cib,2018-11-12,94536.7805
egypt,cib,2018-11-13,93591.6461
egypt,cib,2018-11-14,93941.6958
egypt,cib,2018-11-15,94956.8402
egypt,cib,2018-11-18,96858.7774
egypt,cib,2018-11-19,96368.7077
egypt,cib,2018-11-21,94093.3841
egypt,cib,2018-11-22,92728.1899
egypt,cib,2018-11-25,86719.0018
egypt,cib,2018-11-26,85225.456
egypt,cib,2018-11-27,86088.9122
egypt,cib,2018-11-28,86567.3136
egypt,cib,2018-11-29,87057.3833
egypt,cib,2018-12-02,85715.5257
egypt,cib,2018-12-03,84583.6981
egypt,cib,2018-12-04,82273.3694
egypt,cib,2018-12-05,83265.1772
egypt,cib,2018-12-06,81001.5219
egypt,cib,2018-12-09,79472.9711
egypt,cib,2018-12-10,82028.3346
egypt,cib,2018-12-11,83533.5487
egypt,cib,2018-12-12,85482.1592
egypt,cib,2018-12-13,85517.1642
egypt,cib,2018-12-16,84572.0297
egypt,cib,2018-12-17,87127.3932
egypt,cib,2018-12-18,86683.9968
egypt,cib,2018-12-19,86917.3634
egypt,cib,2018-12-20,88760.9589
egypt,cib,2018-12-23,87022.3783
egypt,cib,2018-12-24,85447.1542
egypt,cib,2018-12-25,84105.2967
egypt,cib,2018-12-26,84758.723
egypt,cib,2018-12-27,85505.4959
egypt,cib,2018-12-30,85657.1841
egypt,cib,2018-12-31,86438.962
egypt,cib,2019-01-02,88574.2657
egypt,cib,2019-01-03,89017.6621
egypt,cib,2019-01-06,89262.697
egypt,cib,2019-01-08,88165.8743
egypt,cib,2019-01-09,86917.3634
egypt,cib,2019-01-10,86450.6303
egypt,cib,2019-01-13,88819.3006
egypt,cib,2019-01-14,87909.1711
egypt,cib,2019-01-15,89414.3852
egypt,cib,2019-01-16,91608.0306
egypt,cib,2019-01-17,92868.2098
egypt,cib,2019-01-20,93031.5664
egypt,cib,2019-01-21,95003.5135
egypt,cib,2019-01-22,94035.0425
egypt,cib,2019-01-23,96263.6928
egypt,cib,2019-01-27,98527.3481
egypt,cib,2019-01-28,98352.3232
egypt,cib,2019-01-29,97663.892
egypt,cib,2019-01-30,97080.4756
egypt,cib,2019-01-31,96882.1141
egypt,cib,2019-02-03,97850.5852
egypt,cib,2019-02-04,100452.622
egypt,cib,2019-02-05,103498.0552
egypt,cib,2019-02-06,104209.8231
egypt,cib,2019-02-07,103743.09
egypt,cib,2019-02-10,103288.0253
egypt,cib,2019-02-11,104233.1597
egypt,cib,2019-02-12,105505.0073
egypt,cib,2019-02-13,106076.7553
egypt,cib,2019-02-14,107771.5797
egypt,cib,2019-02-17,109040.5102
egypt,cib,2019-02-18,109332.2184
egypt,cib,2019-02-19,108442.5085
egypt,cib,2019-02-20,108850.8999
egypt,cib,2019-02-21,108136.2149
egypt,cib,2019-02-24,106152.5994
egypt,cib,2019-02-25,104577.3754
egypt,cib,2019-02-26,103293.8595
egypt,cib,2019-02-27,102083.2706
egypt,cib,2019-02-28,102360.3933
egypt,cib,2019-03-03,103614.7384
egypt,cib,2019-03-04,103162.5908
egypt,cib,2019-03-05,101135.2191
egypt,cib,2019-03-06,100289.2654
egypt,cib,2019-03-07,102725.0285
egypt,cib,2019-03-10,103395.9573
egypt,cib,2019-03-11,103570.9822
egypt,cib,2019-03-12,103673.0801
egypt,cib,2019-03-13,103250.1032
egypt,cib,2019-03-14,101412.3418
egypt,cib,2019-03-17,101981.1727
egypt,cib,2019-03-18,100303.8508
egypt,cib,2019-03-19,98539.0164
egypt,cib,2019-03-20,100303.8508
egypt,cib,2019-03-21,99559.995
egypt,cib,2019-03-24,99807.9469
egypt,cib,2019-03-25,99399.5555
egypt,cib,2019-03-26,99020.3349
egypt,cib,2019-03-27,98174.3812
egypt,cib,2019-03-28,99399.5555
egypt,cib,2019-03-31,99705.8491
egypt,cib,2019-04-01,103410.5427
egypt,cib,2019-04-02,106896.4552
egypt,cib,2019-04-03,107902.8484
egypt,cib,2019-04-04,107975.7754
egypt,cib,2019-04-07,106721.4303
egypt,cib,2019-04-08,106954.7969
egypt,cib,2019-04-09,107392.3591
egypt,cib,2019-04-10,107669.4819
egypt,cib,2019-04-11,108398.7523
egypt,cib,2019-04-14,108238.3128
egypt,cib,2019-04-15,108063.2879
egypt,cib,2019-04-16,107932.0192
egypt,cib,2019-04-17,106983.9677
egypt,cib,2019-04-18,106342.2097
egypt,cib,2019-04-21,106750.6012
egypt,cib,2019-04-22,107188.1634
egypt,cib,2019-04-23,107261.0904
egypt,cib,2019-04-24,108734.2166
egypt,cib,2019-04-30,111388.7609
egypt,cib,2019-05-02,110586.5635
egypt,cib,2019-05-05,107392.3591
egypt,cib,2019-05-06,106663.0887
egypt,cib,2019-05-07,110134.4158
egypt,cib,2019-05-08,109142.6081
egypt,cib,2019-05-09,107144.4072
egypt,cib,2019-05-12,107056.8947
egypt,cib,2019-05-13,104198.1548
egypt,cib,2019-05-14,105394.1582
egypt,cib,2019-05-15,104358.5942
egypt,cib,2019-05-16,102943.8097
egypt,cib,2019-05-19,102389.5642
egypt,cib,2019-05-20,101368.5856
egypt,cib,2019-05-21,102827.1264
egypt,cib,2019-05-22,101631.1229
egypt,cib,2019-05-23,101864.4895
egypt,cib,2019-05-26,103206.347
egypt,cib,2019-05-27,103658.4947
egypt,cib,2019-05-28,103950.2028
egypt,cib,2019-05-29,104519.0337
egypt,cib,2019-05-30,104562.79
egypt,cib,2019-06-02,104431.5213
egypt,cib,2019-06-03,104781.5711
egypt,cib,2019-06-09,104460.6921
egypt,cib,2019-06-10,105554.5977
egypt,cib,2019-06-11,107596.5548
egypt,cib,2019-06-12,107902.8484
egypt,cib,2019-06-13,107917.4338
egypt,cib,2019-06-16,108486.2647
egypt,cib,2019-06-17,109084.2664
egypt,cib,2019-06-18,109653.0973
egypt,cib,2019-06-19,109142.6081
egypt,cib,2019-06-20,108427.9231
egypt,cib,2019-06-23,108777.9729
egypt,cib,2019-06-24,107436.1153
egypt,cib,2019-06-25,107596.5548
egypt,cib,2019-06-26,107975.7754
egypt,cib,2019-06-27,107625.7256
egypt,cib,2019-07-02,107071.4801
egypt,cib,2019-07-03,107013.1385
egypt,cib,2019-07-04,106823.5282
egypt,cib,2019-07-07,107625.7256
egypt,cib,2019-07-08,107158.9926
egypt,cib,2019-07-09,107946.6046
egypt,cib,2019-07-10,108092.4587
egypt,cib,2019-07-11,106342.2097
egypt,cib,2019-07-14,105598.3539
egypt,cib,2019-07-15,104402.3505
egypt,cib,2019-07-16,105787.9642
egypt,cib,2019-07-17,105131.6209
egypt,cib,2019-07-18,105204.5479
egypt,cib,2019-07-21,104679.4732
egypt,cib,2019-07-22,105729.6226
egypt,cib,2019-07-24,105452.4998
egypt,cib,2019-07-25,104869.0835
egypt,cib,2019-07-28,103352.2011
egypt,cib,2019-07-29,103658.4947
egypt,cib,2019-07-30,103877.2758
egypt,cib,2019-07-31,105525.4269
egypt,cib,2019-08-01,106517.2346
egypt,cib,2019-08-04,107902.8484
egypt,cib,2019-08-05,107334.0175
egypt,cib,2019-08-06,107304.8467
egypt,cib,2019-08-07,108034.1171
egypt,cib,2019-08-08,109303.0476
egypt,cib,2019-08-14,112001.348
egypt,cib,2019-08-15,110076.0742
egypt,cib,2019-08-18,110834.5154
egypt,cib,2019-08-19,110528.2218
egypt,cib,2019-08-20,110688.6613
egypt,cib,2019-08-21,110046.9034
egypt,cib,2019-08-22,109798.9514
egypt,cib,2019-08-25,111038.7111
egypt,cib,2019-08-26,110732.4175
egypt,cib,2019-08-27,110294.8553
egypt,cib,2019-08-28,114014.1343
egypt,cib,2019-08-29,116945.8013
egypt,cib,2019-09-01,118170.9756
egypt,cib,2019-09-02,119994.1516
egypt,cib,2019-09-03,118914.8314
egypt,cib,2019-09-04,117149.9971
egypt,cib,2019-09-05,118681.4649
egypt,cib,2019-09-08,118768.9773
egypt,cib,2019-09-09,118666.8795
egypt,cib,2019-09-10,118083.4632
egypt,cib,2019-09-11,118535.6108
egypt,cib,2019-09-12,119862.8829
egypt,cib,2019-09-15,119469.0769
egypt,cib,2019-09-16,119221.125
egypt,cib,2019-09-17,118258.4881
egypt,cib,2019-09-18,118827.319
egypt,cib,2019-09-19,117266.6803
egypt,cib,2019-09-22,113343.2056
egypt,cib,2019-09-23,110557.3926
egypt,cib,2019-09-24,104810.7419
egypt,cib,2019-09-25,108427.9231
egypt,cib,2019-09-26,112045.1043
egypt,cib,2019-09-29,114889.2588
egypt,cib,2019-09-30,113124.4244
egypt,cib,2019-10-01,116231.1164
egypt,cib,2019-10-02,116508.2391
egypt,cib,2019-10-03,115122.6253
egypt,cib,2019-10-07,116712.4348
egypt,cib,2019-10-08,116449.8975
egypt,cib,2019-10-09,115253.894
egypt,cib,2019-10-10,116537.4099
egypt,cib,2019-10-13,115531.0168
egypt,cib,2019-10-14,115545.6022
egypt,cib,2019-10-15,115064.2837
egypt,cib,2019-10-16,115997.7498
egypt,cib,2019-10-17,115064.2837
egypt,cib,2019-10-20,116333.2142
egypt,cib,2019-10-21,115633.1146
egypt,cib,2019-10-22,116231.1164
egypt,cib,2019-10-23,115851.8957
egypt,cib,2019-10-24,115603.9438
egypt,cib,2019-10-27,115487.2605
egypt,cib,2019-10-28,116158.1893
egypt,cib,2019-10-29,117806.3404
egypt,cib,2019-10-30,117397.949
egypt,cib,2019-10-31,118141.8048
egypt,cib,2019-11-03,118054.2924
egypt,cib,2019-11-04,119396.1499
egypt,cib,2019-11-05,122648.6959
egypt,cib,2019-11-06,122488.2564
egypt,cib,2019-11-07,122750.7937
egypt,cib,2019-11-11,122240.3044
egypt,cib,2019-11-12,121744.4006
egypt,cib,2019-11-13,120942.2031
egypt,cib,2019-11-14,120183.7619
egypt,cib,2019-11-17,121160.9843
egypt,cib,2019-11-18,119964.9808
egypt,cib,2019-11-19,119585.7602
egypt,cib,2019-11-20,118360.5859
egypt,cib,2019-11-21,115851.8957
egypt,cib,2019-11-24,115108.0399
egypt,cib,2019-11-25,115176.039
egypt,cib,2019-11-26,113942.01
egypt,cib,2019-11-27,114191.754
egypt,cib,2019-11-28,115763.6718
egypt,cib,2019-12-01,115778.3627
egypt,cib,2019-12-02,115484.5462
egypt,cib,2019-12-03,114720.6235
egypt,cib,2019-12-04,115322.9472
egypt,cib,2019-12-05,115278.8747
egypt,cib,2019-12-08,113883.2467
egypt,cib,2019-12-09,113721.6477
egypt,cib,2019-12-10,114485.5704
egypt,cib,2019-12-11,114544.3337
egypt,cib,2019-12-12,114323.9714
egypt,cib,2019-12-15,115117.2757
egypt,cib,2019-12-16,114500.2612
egypt,cib,2019-12-17,116189.7057
egypt,cib,2019-12-18,118114.2033
egypt,cib,2019-12-19,119891.7926
egypt,cib,2019-12-22,120611.6429
egypt,cib,2019-12-23,121640.0004
egypt,cib,2019-12-24,120861.3868
egypt,cib,2019-12-25,119744.8844
egypt,cib,2019-12-26,121860.3627
egypt,cib,2019-12-29,120479.4255
egypt,cib,2019-12-30,121698.7636
egypt,cib,2019-12-31,121963.1984
egypt,cib,2020-01-02,122080.725
egypt,cib,2020-01-05,118789.981
egypt,cib,2020-01-06,118922.1984
egypt,cib,2020-01-08,121933.8168
egypt,cib,2020-01-09,122947.4835
egypt,cib,2020-01-12,123446.9714
egypt,cib,2020-01-13,121919.126
egypt,cib,2020-01-14,122771.1936
egypt,cib,2020-01-15,123417.5897
egypt,cib,2020-01-16,124166.8216
egypt,cib,2020-01-19,127119.6767
egypt,cib,2020-01-20,125885.6477
egypt,cib,2020-01-21,124769.1453
egypt,cib,2020-01-22,126091.3192
egypt,cib,2020-01-23,125062.9617
egypt,cib,2020-01-26,124916.0535
egypt,cib,2020-01-27,124739.7637
egypt,cib,2020-01-28,124475.3289
egypt,cib,2020-01-29,124636.9279
egypt,cib,2020-01-30,124989.5076
egypt,cib,2020-02-02,125018.8893
egypt,cib,2020-02-03,126017.8651
egypt,cib,2020-02-04,126590.8071
egypt,cib,2020-02-05,126943.3869
egypt,cib,2020-02-06,127677.9279
egypt,cib,2020-02-09,127457.5656
egypt,cib,2020-02-10,126678.9521
egypt,cib,2020-02-11,126737.7154
egypt,cib,2020-02-12,125077.6525
egypt,cib,2020-02-13,125547.7588
egypt,cib,2020-02-16,125577.1405
egypt,cib,2020-02-17,126341.0632
egypt,cib,2020-02-18,125356.7782
egypt,cib,2020-02-19,126296.9907
egypt,cib,2020-02-20,126370.4448
egypt,cib,2020-02-23,126296.9907
egypt,cib,2020-02-24,125136.4158
egypt,cib,2020-02-25,123402.8989
egypt,cib,2020-02-26,122521.4496
egypt,cib,2020-02-27,121287.4207
egypt,cib,2020-03-01,114852.8409
egypt,cib,2020-03-02,114911.6042
egypt,cib,2020-03-03,115146.6573
egypt,cib,2020-03-04,111709.0052
egypt,cib,2020-03-05,113148.7057
egypt,cib,2020-03-08,107904.0824
egypt,cib,2020-03-09,100000.4206
egypt,cib,2020-03-10,103144.2563
egypt,cib,2020-03-11,102953.2757
egypt,cib,2020-03-15,92743.1549
egypt,cib,2020-03-16,86528.9375
egypt,cib,2020-03-17,87336.9326
egypt,cib,2020-03-18,83502.6283
egypt,cib,2020-03-19,89658.0824
egypt,cib,2020-03-22,95108.3771
egypt,cib,2020-03-23,95490.3385
egypt,cib,2020-03-24,92214.2853
egypt,cib,2020-03-25,91979.2322
egypt,cib,2020-03-26,91876.3964
egypt,cib,2020-03-29,89687.464
egypt,cib,2020-03-30,86866.8263
egypt,cib,2020-03-31,86337.9568
egypt,cib,2020-04-01,84795.4205
egypt,cib,2020-04-02,84178.406
egypt,cib,2020-04-05,82356.7442
egypt,cib,2020-04-06,83737.6814
egypt,cib,2020-04-07,88130.237
egypt,cib,2020-04-08,91656.0341
egypt,cib,2020-04-09,96239.5703
egypt,cib,2020-04-12,95211.2128
egypt,cib,2020-04-13,95710.7008
egypt,cib,2020-04-14,95710.7008
egypt,cib,2020-04-15,94329.7636
egypt,cib,2020-04-16,90789.2756
egypt,cib,2020-04-21,87366.3143
egypt,cib,2020-04-22,86337.9568
egypt,cib,2020-04-23,89643.3916
egypt,cib,2020-04-26,91670.7249
egypt,cib,2020-04-27,90980.2563
egypt,cib,2020-04-28,90554.2225
egypt,cib,2020-04-29,93448.3143
egypt,cib,2020-04-30,93947.8022
egypt,cib,2020-05-03,91141.8553
egypt,cib,2020-05-04,90333.8602
egypt,cib,2020-05-05,91156.5462
egypt,cib,2020-05-06,91891.0872
egypt,cib,2020-05-07,92831.2998
egypt,cib,2020-05-10,94285.6911
egypt,cib,2020-05-11,93698.0583
egypt,cib,2020-05-12,96210.1887
egypt,cib,2020-05-13,94608.8892
egypt,cib,2020-05-14,94168.1645
egypt,cib,2020-05-17,94814.5607
egypt,cib,2020-05-18,94550.1259
egypt,cib,2020-05-19,95416.8843
egypt,cib,2020-05-20,94388.5269
egypt,cib,2020-05-21,91832.3239
egypt,cib,2020-05-31,92419.9568
egypt,cib,2020-06-01,92037.9954
egypt,cib,2020-06-02,92831.2998
egypt,cib,2020-06-03,93962.493
egypt,cib,2020-06-04,96930.0389
egypt,cib,2020-06-07,102365.6428
egypt,cib,2020-06-08,102380.3336
egypt,cib,2020-06-09,101410.7394
egypt,cib,2020-06-10,99633.1501
egypt,cib,2020-06-11,99148.353
egypt,cib,2020-06-14,98972.0631
egypt,cib,2020-06-15,97532.3626
egypt,cib,2020-06-16,100896.5607
egypt,cib,2020-06-17,100529.2902
egypt,cib,2020-06-18,99838.8216
egypt,cib,2020-06-21,99280.5703
egypt,cib,2020-06-22,98031.8505
egypt,cib,2020-06-23,97914.324
egypt,cib,2020-06-24,99838.8216
egypt,cib,2020-06-25,97943.7056
egypt,cib,2020-06-28,96885.9665
egypt,cib,2020-06-29,95519.7201
egypt,cib,2020-06-30,94814.5607
egypt,cib,2020-07-05,96650.9133
egypt,cib,2020-07-06,98046.5414
egypt,cib,2020-07-07,97561.7443
egypt,cib,2020-07-08,98546.0293
egypt,cib,2020-07-09,97414.836
egypt,cib,2020-07-12,97943.7056
egypt,cib,2020-07-13,97003.493
egypt,cib,2020-07-14,96533.3868
egypt,cib,2020-07-15,94726.4157
egypt,cib,2020-07-16,92478.7201
egypt,cib,2020-07-19,90216.3336
egypt,cib,2020-07-20,91847.0148
egypt,cib,2020-07-21,94315.0727
egypt,cib,2020-07-22,92625.6283
egypt,cib,2020-07-26,91935.1597
egypt,cib,2020-07-27,93139.807
egypt,cib,2020-07-28,92728.464
egypt,cib,2020-07-29,92522.7925
egypt,cib,2020-08-04,91597.2708
egypt,cib,2020-08-05,92405.266
egypt,cib,2020-08-06,94094.7104
egypt,cib,2020-08-09,95725.3916
egypt,cib,2020-08-10,94799.8698
egypt,cib,2020-08-11,93595.2225
egypt,cib,2020-08-12,93771.5124
egypt,cib,2020-08-13,94741.1066
egypt,cib,2020-08-16,96180.8071
egypt,cib,2020-08-17,97444.2177
egypt,cib,2020-08-18,96944.7298
egypt,cib,2020-08-19,97502.981
egypt,cib,2020-08-23,99559.696
egypt,cib,2020-08-24,99838.8216
egypt,cib,2020-08-25,100764.3433
egypt,cib,2020-08-26,100749.6525
egypt,cib,2020-08-27,100881.8699
egypt,cib,2020-08-30,100411.7636
egypt,cib,2020-08-31,99265.8795
egypt,cib,2020-09-01,98222.8312
egypt,cib,2020-09-02,97943.7056
egypt,cib,2020-09-03,97914.324
egypt,cib,2020-09-06,97400.1452
egypt,cib,2020-09-07,98340.3578
egypt,cib,2020-09-08,97943.7056
egypt,cib,2020-09-09,98413.8119
egypt,cib,2020-09-10,99354.0245
egypt,cib,2020-09-13,99794.7491
egypt,cib,2020-09-14,98927.9906
egypt,cib,2020-09-15,99442.1694
egypt,cib,2020-09-16,100044.4931
egypt,cib,2020-09-17,98957.3723
egypt,cib,2020-09-20,97723.3433
egypt,cib,2020-09-21,98105.3046
egypt,cib,2020-09-22,98634.1742
egypt,cib,2020-09-23,98472.5752
egypt,cib,2020-09-24,98399.1211
egypt,cib,2020-09-27,98266.9037
egypt,cib,2020-09-28,98119.9955
egypt,cib,2020-09-29,97796.7974
egypt,cib,2020-09-30,97782.1066
egypt,cib,2020-10-01,97914.324
egypt,cib,2020-10-04,97752.7249
egypt,cib,2020-10-05,97576.4351
egypt,cib,2020-10-06,98487.266
egypt,cib,2020-10-07,100426.4544
egypt,cib,2020-10-11,99868.2032
egypt,cib,2020-10-12,100423.2239
egypt,cib,2020-10-13,99891.2356
egypt,cib,2020-10-14,99920.7892
egypt,cib,2020-10-15,100068.5573
egypt,cib,2020-10-18,99078.5111
egypt,cib,2020-10-19,98531.7691
egypt,cib,2020-10-20,98709.0908
egypt,cib,2020-10-21,98413.5546
egypt,cib,2020-10-22,98413.5546
egypt,cib,2020-10-25,91365.0162
egypt,cib,2020-10-26,89325.8165
egypt,cib,2020-10-27,89710.0135
egypt,cib,2020-10-28,90212.4251
egypt,cib,2020-11-01,90168.0946
egypt,cib,2020-11-02,90818.2743
egypt,cib,2020-11-03,92325.5089
egypt,cib,2020-11-04,92547.161
egypt,cib,2020-11-05,93463.3233
egypt,cib,2020-11-08,93773.6363
egypt,cib,2020-11-09,94113.5029
egypt,cib,2020-11-10,95871.9433
egypt,cib,2020-11-11,95945.8273
egypt,cib,2020-11-12,95753.7288
egypt,cib,2020-11-15,94615.9144
egypt,cib,2020-11-16,94320.3782
egypt,cib,2020-11-17,94010.0652
egypt,cib,2020-11-18,93625.8682
egypt,cib,2020-11-19,92576.7147
egypt,cib,2020-11-22,92118.6335
egypt,cib,2020-11-23,91763.9901
egypt,cib,2020-11-24,92399.3929
egypt,cib,2020-11-25,93551.9841
egypt,cib,2020-11-26,92621.0451
egypt,cib,2020-11-29,92606.2683
egypt,cib,2020-11-30,91941.3118
egypt,cib,2020-12-01,93315.5551
egypt,cib,2020-12-02,93005.2421
egypt,cib,2020-12-03,92591.4915
egypt,cib,2020-12-06,92576.7147
egypt,cib,2020-12-07,92473.277
egypt,cib,2020-12-08,92517.6074
egypt,cib,2020-12-09,92340.2857
egypt,cib,2020-12-10,92502.8306
egypt,cib,2020-12-13,92606.2683
egypt,cib,2020-12-14,92369.8393
egypt,cib,2020-12-15,92414.1697
egypt,cib,2020-12-16,92148.1872
egypt,cib,2020-12-17,90168.0946
egypt,cib,2020-12-20,89488.3614
egypt,cib,2020-12-21,88823.4049
egypt,cib,2020-12-22,88483.5383
egypt,cib,2020-12-23,88483.5383
egypt,cib,2020-12-24,87995.9035
egypt,cib,2020-12-27,87242.2862
egypt,cib,2020-12-28,87345.7239
egypt,cib,2020-12-29,87197.9558
egypt,cib,2020-12-30,87404.8312
egypt,cib,2020-12-31,87463.9384
egypt,cib,2021-01-03,87375.2775
egypt,cib,2021-01-04,86946.75
egypt,cib,2021-01-05,86872.866
egypt,cib,2021-01-06,87493.492
egypt,cib,2021-01-10,90522.7381
egypt,cib,2021-01-11,91512.7843
egypt,cib,2021-01-12,93153.0102
egypt,cib,2021-01-13,93286.0015
egypt,cib,2021-01-14,93877.0739
egypt,cib,2021-01-17,93064.3494
egypt,cib,2021-01-18,93182.5639
egypt,cib,2021-01-19,93551.9841
egypt,cib,2021-01-20,94349.9319
egypt,cib,2021-01-21,94985.3347
egypt,cib,2021-01-24,93226.8943
egypt,cib,2021-01-25,92842.6972
egypt,cib,2021-01-26,92916.5813
egypt,cib,2021-01-27,93064.3494
egypt,cib,2021-01-31,93596.3145
egypt,cib,2021-02-01,92502.8306
egypt,cib,2021-02-02,93271.2247
egypt,cib,2021-02-03,93566.7609
egypt,cib,2021-02-04,93418.9928
egypt,cib,2021-02-07,92709.7059
egypt,cib,2021-02-08,91379.793
egypt,cib,2021-02-09,90064.6569
egypt,cib,2021-02-10,90197.6482
egypt,cib,2021-02-11,89931.6657
egypt,cib,2021-02-14,90035.1033
egypt,cib,2021-02-15,90049.8801
egypt,cib,2021-02-16,90374.97
egypt,cib,2021-02-17,89266.7092
egypt,cib,2021-02-18,88734.744
egypt,cib,2021-02-21,89311.0396
egypt,cib,2021-02-22,90759.167
egypt,cib,2021-02-23,89828.228
egypt,cib,2021-02-24,90655.7294
egypt,cib,2021-02-25,92148.1872
egypt,cib,2021-02-28,90744.3902
egypt,cib,2021-03-01,91424.1235
egypt,cib,2021-03-02,90966.0424
egypt,cib,2021-03-03,91379.793
egypt,cib,2021-03-04,90035.1033
egypt,cib,2021-03-07,92502.8306
egypt,cib,2021-03-08,91970.8654
egypt,cib,2021-03-09,91512.7843
egypt,cib,2021-03-10,90241.9787
egypt,cib,2021-03-11,90138.541
egypt,cib,2021-03-14,89931.6657
egypt,cib,2021-03-15,90537.5149
egypt,cib,2021-03-16,90685.283
egypt,cib,2021-03-17,89473.5846
egypt,cib,2021-03-18,89562.2454
egypt,cib,2021-03-21,88941.6194
egypt,cib,2021-03-22,87360.5007
egypt,cib,2021-03-23,86902.4196
egypt,cib,2021-03-24,88468.7615
egypt,cib,2021-03-25,89990.7729
egypt,cib,2021-03-28,89458.8077
egypt,cib,2021-03-29,87242.2862
egypt,cib,2021-03-30,87138.8486
egypt,cib,2021-03-31,85380.4082
egypt,cib,2021-04-01,84493.7996
egypt,cib,2021-04-04,83222.9939
egypt,cib,2021-04-05,80622.2754
egypt,cib,2021-04-06,80755.2666
egypt,cib,2021-04-07,81154.2405
egypt,cib,2021-04-08,81390.6695
egypt,cib,2021-04-11,81331.5622
egypt,cib,2021-04-12,81597.5448
egypt,cib,2021-04-13,79809.5508
egypt,cib,2021-04-14,79779.9972
egypt,cib,2021-04-15,80311.9623
egypt,cib,2021-04-18,83016.1186
egypt,cib,2021-04-19,84937.1039
egypt,cib,2021-04-20,86621.6802
egypt,cib,2021-04-21,87434.4049
egypt,cib,2021-04-22,86385.2511
egypt,cib,2021-04-25,
egypt,cib,2021-04-26,86606.9033
egypt,cib,2021-04-27,87833.3788
egypt,cib,2021-04-28,86089.7149
egypt,cib,2021-05-04,86134.0453
egypt,cib,2021-05-05,87168.4222
egypt,cib,2021-05-06,87803.8252
egypt,cib,2021-05-09,88513.1123
egypt,cib,2021-05-10,88926.863
egypt,cib,2021-05-11,88719.9877
egypt,cib,2021-05-17,85262.2133
egypt,cib,2021-05-18,84804.1321
egypt,cib,2021-05-19,84375.6045
egypt,cib,2021-05-20,84198.2828
egypt,cib,2021-05-23,85735.0713
egypt,cib,2021-05-24,86001.054
egypt,cib,2021-05-25,84508.5958
egypt,cib,2021-05-26,81774.8854
egypt,cib,2021-05-27,78922.9604
egypt,cib,2021-05-30,80090.3286
egypt,cib,2021-05-31,79514.0329
egypt,cib,2021-06-01,79351.488
egypt,cib,2021-06-02,78021.5748
egypt,cib,2021-06-03,77238.4036
egypt,cib,2021-06-06,77371.395
egypt,cib,2021-06-07,75982.3745
egypt,cib,2021-06-08,74179.6033
egypt,cib,2021-06-09,74593.354
egypt,cib,2021-06-10,73440.7626
egypt,cib,2021-06-13,72967.9046
egypt,cib,2021-06-14,74031.8351
egypt,cib,2021-06-15,73765.8525
egypt,cib,2021-06-16,73233.8872
egypt,cib,2021-06-17,72716.6987
egypt,cib,2021-06-20,72435.9393
egypt,cib,2021-06-21,74962.7744
egypt,cib,2021-06-22,75745.9455
egypt,cib,2021-06-23,76351.7948
egypt,cib,2021-06-24,76558.6702
egypt,cib,2021-06-27,77031.5283
egypt,cib,2021-06-28,76470.0093
egypt,cib,2021-06-29,75095.7657
egypt,cib,2021-06-30,77090.6355
egypt,cib,2021-07-04,77593.0472
egypt,cib,2021-07-05,78494.4328
egypt,cib,2021-07-06,77918.1371
egypt,cib,2021-07-07,79824.346
egypt,cib,2021-07-08,80060.775
egypt,cib,2021-07-11,79824.346
egypt,cib,2021-07-12,80282.4272
egypt,cib,2021-07-13,82262.5202
egypt,cib,2021-07-14,83548.103
egypt,cib,2021-07-15,83503.7725
egypt,cib,2021-07-18,84878.0162
egypt,cib,2021-07-25,84878.0162
egypt,cib,2021-07-26,84626.8103
egypt,cib,2021-07-27,84434.7118
egypt,cib,2021-07-28,83976.6306
egypt,cib,2021-07-29,84375.6045
egypt,cib,2021-08-01,85897.6163
egypt,cib,2021-08-02,85424.7583
egypt,cib,2021-08-03,85321.3206
egypt,cib,2021-08-04,85247.4365
egypt,cib,2021-08-05,85409.9815
egypt,cib,2021-08-08,85557.7496
egypt,cib,2021-08-09,86784.2251
egypt,cib,2021-08-10,88232.3528
egypt,cib,2021-08-11,88852.979
egypt,cib,2021-08-15,91498.0286
egypt,cib,2021-08-16,91990.5892
egypt,cib,2021-08-17,89626.299
egypt,cib,2021-08-18,90256.7764
egypt,cib,2021-08-19,89429.2748
egypt,cib,2021-08-22,88444.154
egypt,cib,2021-08-23,91419.2191
egypt,cib,2021-08-24,92108.8037
egypt,cib,2021-08-25,92995.4125
egypt,cib,2021-08-26,92956.0077
egypt,cib,2021-08-29,92325.5303
egypt,cib,2021-08-30,93034.8173
egypt,cib,2021-08-31,92207.3158
egypt,cib,2021-09-01,93527.3778
egypt,cib,2021-09-02,93547.0802
egypt,cib,2021-09-05,92443.7448
egypt,cib,2021-09-06,92207.3158
egypt,cib,2021-09-07,92167.9109
egypt,cib,2021-09-08,92108.8037
egypt,cib,2021-09-09,90591.7175
egypt,cib,2021-09-12,90237.074
egypt,cib,2021-09-13,90572.0151
egypt,cib,2021-09-14,90237.074
egypt,cib,2021-09-15,89173.1434
egypt,cib,2021-09-16,87281.7113
egypt,cib,2021-09-19,87281.7113
egypt,cib,2021-09-20,86670.9363
egypt,cib,2021-09-21,85508.4937
egypt,cib,2021-09-22,85409.9816
egypt,cib,2021-09-23,85488.7913
egypt,cib,2021-09-26,84799.2066
egypt,cib,2021-09-27,84740.0994
egypt,cib,2021-09-28,84286.9438
egypt,cib,2021-09-29,83223.0132
egypt,cib,2021-09-30,84050.5148
egypt,cib,2021-10-03,82356.1068
egypt,cib,2021-10-04,83538.2519
egypt,cib,2021-10-05,82750.1552
egypt,cib,2021-10-06,84720.397
egypt,cib,2021-10-10,86316.2928
egypt,cib,2021-10-11,87675.7597
egypt,cib,2021-10-12,88266.8322
egypt,cib,2021-10-13,89251.9531
egypt,cib,2021-10-14,90631.1223
egypt,cib,2021-10-17,92837.7931
egypt,cib,2021-10-18,94571.6059
egypt,cib,2021-10-19,93586.485
egypt,cib,2021-10-20,93093.9246
egypt,cib,2021-10-24,93448.5681
egypt,cib,2021-10-25,95359.7026
egypt,cib,2021-10-26,95596.1317
egypt,cib,2021-10-27,98512.0895
egypt,cib,2021-10-28,100502.0337
egypt,cib,2021-10-31,100974.8917
egypt,cib,2021-11-01,103220.9674
egypt,cib,2021-11-02,105112.3995
egypt,cib,2021-11-03,106393.0567
egypt,cib,2021-11-04,105407.9358
egypt,cib,2021-11-07,104009.0641
egypt,cib,2021-11-08,103142.1577
egypt,cib,2021-11-09,105900.4962
egypt,cib,2021-11-10,104422.8149
egypt,cib,2021-11-11,104186.3859
egypt,cib,2021-11-14,105368.5309
egypt,cib,2021-11-15,103910.552
egypt,cib,2021-11-16,104422.8149
egypt,cib,2021-11-17,104422.8149
egypt,cib,2021-11-18,102413.1682
egypt,cib,2021-11-21,102472.2755
egypt,cib,2021-11-22,103496.8012
egypt,cib,2021-11-23,102846.6214
egypt,cib,2021-11-24,102196.4416
egypt,cib,2021-11-25,101487.1546
egypt,cib,2021-11-28,100718.7603
egypt,cib,2021-11-29,100285.3071
egypt,cib,2021-11-30,101270.428
egypt,cib,2021-12-01,101487.1546
egypt,cib,2021-12-02,100364.1168
egypt,cib,2021-12-05,100876.3796
egypt,cib,2021-12-06,101014.2966
egypt,cib,2021-12-07,102452.5731
egypt,cib,2021-12-08,102255.5489
egypt,cib,2021-12-09,101447.7498
egypt,cib,2021-12-12,104225.7907
egypt,cib,2021-12-13,104028.7665
egypt,cib,2021-12-14,103437.694
egypt,cib,2021-12-15,102452.5731
egypt,cib,2021-12-16,100876.3796
egypt,cib,2021-12-19,100167.0926
egypt,cib,2021-12-20,99497.2104
egypt,cib,2021-12-21,99497.2104
egypt,cib,2021-12-22,100186.795
egypt,cib,2021-12-23,101664.4764
egypt,cib,2021-12-26,103437.694
egypt,cib,2021-12-27,103930.2544
egypt,cib,2021-12-28,104225.7907
egypt,cib,2021-12-29,104127.2786
egypt,cib,2021-12-30,104403.1125
egypt,cib,2022-01-02,104994.185
egypt,cib,2022-01-03,104324.3028
egypt,cib,2022-01-04,104028.7665
egypt,cib,2022-01-05,104127.2786
egypt,cib,2022-01-09,103752.9327
egypt,cib,2022-01-10,104028.7665
egypt,cib,2022-01-11,104127.2786
egypt,cib,2022-01-12,105664.0672
egypt,cib,2022-01-13,105801.9841
egypt,cib,2022-01-16,104422.8149
egypt,cib,2022-01-17,104816.8632
egypt,cib,2022-01-18,104422.8149
egypt,cib,2022-01-19,102452.5731
egypt,cib,2022-01-20,103437.694
egypt,cib,2022-01-23,104225.7907
egypt,cib,2022-01-24,103831.7423
egypt,cib,2022-01-25,102452.5731
egypt,cib,2022-01-26,102157.0368
egypt,cib,2022-01-30,102196.4416
egypt,cib,2022-01-31,101152.2135
egypt,cib,2022-02-01,102255.5489
egypt,cib,2022-02-02,102196.4416
egypt,cib,2022-02-03,101664.4764
egypt,cib,2022-02-06,102354.061
egypt,cib,2022-02-07,100482.3313
egypt,cib,2022-02-08,100088.2829
egypt,cib,2022-02-09,100285.3071
egypt,cib,2022-02-10,100423.224
egypt,cib,2022-02-13,99713.937
egypt,cib,2022-02-14,99083.4596
egypt,cib,2022-02-15,101467.4522
egypt,cib,2022-02-16,101467.4522
egypt,cib,2022-02-17,100482.3313
egypt,cib,2022-02-20,99694.2346
egypt,cib,2022-02-21,101329.5353
egypt,cib,2022-02-22,98512.0895
egypt,cib,2022-02-23,97940.7194
egypt,cib,2022-02-24,92601.3641
egypt,cib,2022-02-27,95359.7026
egypt,cib,2022-02-28,94197.26
egypt,cib,2022-03-01,93980.5334
egypt,cib,2022-03-02,92601.3641
egypt,cib,2022-03-03,93586.485
egypt,cib,2022-03-06,90828.1465
egypt,cib,2022-03-07,84326.3486
egypt,cib,2022-03-08,80188.8409
egypt,cib,2022-03-09,80779.9134
egypt,cib,2022-03-10,80779.9134
egypt,cib,2022-03-13,82750.1552
egypt,cib,2022-03-14,82159.0826
egypt,cib,2022-03-15,81962.0585
egypt,cib,2022-03-16,83833.7882
egypt,cib,2022-03-17,85114.4453
egypt,cib,2022-03-20,88463.8564
egypt,cib,2022-03-21,94571.6059
egypt,cib,2022-03-22,97526.9686
egypt,cib,2022-03-23,97526.9686
egypt,cib,2022-03-24,96679.7646
egypt,cib,2022-03-27,94571.6059
egypt,cib,2022-03-28,92956.0077
egypt,cib,2022-03-29,93389.4608
egypt,cib,2022-03-30,91025.1707
egypt,cib,2022-03-31,91005.4683
egypt,cib,2022-04-03,94729.2253
egypt,cib,2022-04-04,94453.3914
egypt,cib,2022-04-05,91655.6481
egypt,cib,2022-04-06,91222.1949
egypt,cib,2022-04-07,88956.4168
egypt,cib,2022-04-10,87104.3895
egypt,cib,2022-04-11,85035.6357
egypt,cib,2022-04-12,86690.6388
egypt,cib,2022-04-13,85725.2203
egypt,cib,2022-04-14,86296.5904
egypt,cib,2022-04-17,88479.5713
egypt,cib,2022-04-18,88856.2488
egypt,cib,2022-04-19,86437.5825
egypt,cib,2022-04-20,82988.0092
egypt,cib,2022-04-21,83265.5611
egypt,cib,2022-04-26,85248.0745
egypt,cib,2022-04-27,85287.7247
egypt,cib,2022-04-28,88816.5985
egypt,cib,2022-05-08,89213.1012
egypt,cib,2022-05-09,85485.9761
egypt,cib,2022-05-10,85664.4023
egypt,cib,2022-05-11,84772.2713
egypt,cib,2022-05-12,83463.8125
egypt,cib,2022-05-15,82274.3044
egypt,cib,2022-05-16,81084.7964
egypt,cib,2022-05-17,79895.2884
egypt,cib,2022-05-18,81104.6216
egypt,cib,2022-05-19,83463.8125
egypt,cib,2022-05-22,82829.4082
egypt,cib,2022-05-23,83761.1895
egypt,cib,2022-05-24,83761.1895
egypt,cib,2022-05-25,82076.0531
egypt,cib,2022-05-26,82512.206
egypt,cib,2022-05-29,80946.0205
egypt,cib,2022-05-30,80965.8456
egypt,cib,2022-05-31,81679.5504
egypt,cib,2022-06-01,81283.0478
egypt,cib,2022-06-02,79300.5344
egypt,cib,2022-06-05,78725.6055
egypt,cib,2022-06-06,78705.7804
egypt,cib,2022-06-07,79201.4087
egypt,cib,2022-06-08,80668.4686
egypt,cib,2022-06-09,80668.4686
egypt,cib,2022-06-12,78904.0317
egypt,cib,2022-06-13,78904.0317
egypt,cib,2022-06-14,78904.0317
egypt,cib,2022-06-15,78705.7804
egypt,cib,2022-06-16,77318.021
egypt,cib,2022-06-19,76326.7644
egypt,cib,2022-06-20,76326.7644
egypt,cib,2022-06-21,77020.644
egypt,cib,2022-06-22,76128.513
egypt,cib,2022-06-23,73868.4478
egypt,cib,2022-06-26,74740.7537
egypt,cib,2022-06-27,74126.1745
egypt,cib,2022-06-28,74106.3494
egypt,cib,2022-06-29,73908.0981
egypt,cib,2022-07-03,72262.612
egypt,cib,2022-07-04,68892.3393
egypt,cib,2022-07-05,68575.1371
egypt,cib,2022-07-06,68991.4649
egypt,cib,2022-07-07,70577.4756
egypt,cib,2022-07-17,71370.481
egypt,cib,2022-07-18,71370.481
egypt,cib,2022-07-19,73154.743
egypt,cib,2022-07-20,73352.9943
egypt,cib,2022-07-21,74740.7537
egypt,cib,2022-07-24,73352.9943
egypt,cib,2022-07-25,73154.743
egypt,cib,2022-07-26,74245.1253
egypt,cib,2022-07-27,74205.4751
egypt,cib,2022-07-28,75137.2563
egypt,cib,2022-07-31,76069.0376
egypt,cib,2022-08-01,75315.6825
egypt,cib,2022-08-02,73769.3221
egypt,cib,2022-08-03,74740.7537
egypt,cib,2022-08-04,75335.5077
egypt,cib,2022-08-07,77159.42
egypt,cib,2022-08-08,77119.7697
egypt,cib,2022-08-09,76108.6879
egypt,cib,2022-08-10,77119.7697
egypt,cib,2022-08-11,76525.0157
egypt,cib,2022-08-14,75553.5841
egypt,cib,2022-08-15,75315.6825
egypt,cib,2022-08-16,74324.4259
egypt,cib,2022-08-17,76723.267
egypt,cib,2022-08-18,76941.3435
egypt,cib,2022-08-21,80827.0697
egypt,cib,2022-08-22,79102.2831
egypt,cib,2022-08-23,78785.0809
egypt,cib,2022-08-24,79122.1082
egypt,cib,2022-08-25,79895.2884
egypt,cib,2022-08-28,78864.3815
egypt,cib,2022-08-29,78606.6547
egypt,cib,2022-08-30,78011.9007
egypt,cib,2022-08-31,75632.8847
egypt,cib,2022-09-01,75632.8847
egypt,cib,2022-09-04,75335.5077
egypt,cib,2022-09-05,75930.2617
egypt,cib,2022-09-06,76643.9665
egypt,cib,2022-09-07,76227.6387
egypt,cib,2022-09-08,76584.4911
egypt,cib,2022-09-11,77754.174
egypt,cib,2022-09-12,78527.3542
egypt,cib,2022-09-13,78448.0537
egypt,cib,2022-09-14,77536.0975
egypt,cib,2022-09-15,76921.5184
egypt,cib,2022-09-18,74344.251
egypt,cib,2022-09-19,75692.3601
egypt,cib,2022-09-20,77357.6713
egypt,cib,2022-09-21,78309.2777
egypt,cib,2022-09-22,78141.85
egypt,cib,2022-09-25,76471.6426
egypt,cib,2022-09-26,74920.7356
egypt,cib,2022-09-27,73727.7303
egypt,cib,2022-09-28,73369.8287
egypt,cib,2022-09-29,74950.5607
egypt,cib,2022-10-02,74264.5827
egypt,cib,2022-10-03,73429.4789
egypt,cib,2022-10-04,76054.0907
egypt,cib,2022-10-05,77933.0741
egypt,cib,2022-10-09,76948.8447
egypt,cib,2022-10-10,76948.8447
egypt,cib,2022-10-11,76919.0196
egypt,cib,2022-10-12,76948.8447
egypt,cib,2022-10-13,77545.3474
egypt,cib,2022-10-16,80259.4345
egypt,cib,2022-10-17,79424.3308
egypt,cib,2022-10-18,79812.0575
egypt,cib,2022-10-19,80319.0848
egypt,cib,2022-10-20,81124.3634
egypt,cib,2022-10-23,81124.3634
egypt,cib,2022-10-24,83122.6473
egypt,cib,2022-10-25,87387.6414
egypt,cib,2022-10-26,87387.6414
egypt,cib,2022-10-27,95440.4275
egypt,cib,2022-10-30,94843.9248
egypt,cib,2022-10-31,96633.4329
egypt,cib,2022-11-01,96931.6842
egypt,cib,2022-11-02,94605.3238
egypt,cib,2022-11-03,95738.6789
egypt,cib,2022-11-06,95440.4275
egypt,cib,2022-11-07,99019.4436
egypt,cib,2022-11-08,96931.6842
egypt,cib,2022-11-09,107996.8088
egypt,cib,2022-11-10,102956.3612
egypt,cib,2022-11-13,104626.5687
egypt,cib,2022-11-14,107072.2296
egypt,cib,2022-11-15,107072.2296
egypt,cib,2022-11-16,107788.0328
egypt,cib,2022-11-17,111367.0489
egypt,cib,2022-11-20,111545.9997
egypt,cib,2022-11-21,111844.251
egypt,cib,2022-11-22,113484.6333
egypt,cib,2022-11-23,110681.0708
egypt,cib,2022-11-24,112888.1307
egypt,cib,2022-11-27,115125.0157
egypt,cib,2022-11-28,114260.0868
egypt,cib,2022-11-29,118823.3323
egypt,cib,2022-11-30,119449.6601
egypt,cib,2022-12-01,123476.0531
egypt,cib,2022-12-04,126309.4408
egypt,cib,2022-12-05,131230.5878
egypt,cib,2022-12-06,133944.675
egypt,cib,2022-12-07,136867.5381
egypt,cib,2022-12-08,136599.1119
egypt,cib,2022-12-11,133020.0959
egypt,cib,2022-12-12,135465.7568
egypt,cib,2022-12-13,134660.4782
egypt,cib,2022-12-14,140625.5049
egypt,cib,2022-12-15,135704.3579
egypt,cib,2022-12-18,131886.7408
egypt,cib,2022-12-19,127055.0691
egypt,cib,2022-12-20,122283.0478
egypt,cib,2022-12-21,124669.0584
egypt,cib,2022-12-22,125265.5611
egypt,cib,2022-12-25,126190.1403
egypt,cib,2022-12-26,125295.3863
egypt,cib,2022-12-27,123058.5012
egypt,cib,2022-12-28,122879.5504
egypt,cib,2022-12-29,123714.6542
egypt,cib,2023-01-02,127502.4461
egypt,cib,2023-01-03,127502.4461
egypt,cib,2023-01-04,132751.6697
egypt,cib,2023-01-05,136002.6092
egypt,cib,2023-01-09,138985.1226
egypt,cib,2023-01-10,130335.8338
egypt,cib,2023-01-11,125960.3641
egypt,cib,2023-01-12,125060.6472
egypt,cib,2023-01-15,125210.6
egypt,cib,2023-01-16,125960.3641
egypt,cib,2023-01-17,129259.326
egypt,cib,2023-01-18,133398.0236
egypt,cib,2023-01-19,136906.9195
egypt,cib,2023-01-22,136007.2026
egypt,cib,2023-01-23,139246.1834
egypt,cib,2023-01-24,146054.0412
egypt,cib,2023-01-25,152651.965
egypt,cib,2023-01-29,161949.0395
egypt,cib,2023-01-30,157450.4551
egypt,cib,2023-01-31,148483.2768
egypt,cib,2023-02-01,150252.72
egypt,cib,2023-02-02,151752.2481
egypt,cib,2023-02-05,153881.5781
egypt,cib,2023-02-06,158590.0965
egypt,cib,2023-02-07,163478.5582
egypt,cib,2023-02-08,166597.5767
egypt,cib,2023-02-09,176914.3304
egypt,cib,2023-02-12,168546.9633
egypt,cib,2023-02-13,167977.1426
egypt,cib,2023-02-14,168816.8784
egypt,cib,2023-02-15,167647.2464
egypt,cib,2023-02-16,165128.0392
egypt,cib,2023-02-19,165487.9259
egypt,cib,2023-02-20,159549.7945
egypt,cib,2023-02-21,161769.0961
egypt,cib,2023-02-22,159699.7473
egypt,cib,2023-02-23,164318.294
egypt,cib,2023-02-26,166447.6239
egypt,cib,2023-02-27,163118.6714
egypt,cib,2023-02-28,159279.8794
egypt,cib,2023-03-01,162398.8979
egypt,cib,2023-03-02,158440.1436
egypt,cib,2023-03-05,157930.3041
egypt,cib,2023-03-06,159549.7945
egypt,cib,2023-03-07,155950.9269
egypt,cib,2023-03-08,158919.9926
egypt,cib,2023-03-09,159009.9643
egypt,cib,2023-03-12,156100.8797
egypt,cib,2023-03-13,149952.8144
egypt,cib,2023-03-14,146953.7581
egypt,cib,2023-03-15,145454.2299
egypt,cib,2023-03-16,143954.7018
egypt,cib,2023-03-19,143954.7018
egypt,cib,2023-03-20,145454.2299
egypt,cib,2023-03-21,148453.2862
egypt,cib,2023-03-22,149502.9559
egypt,cib,2023-03-23,152921.8801
egypt,cib,2023-03-26,153551.6819
egypt,cib,2023-03-27,152951.8706
egypt,cib,2023-03-28,146953.7581
egypt,cib,2023-03-29,149652.9087
egypt,cib,2023-03-30,152981.8612
egypt,cib,2023-04-02,154451.3988
egypt,cib,2023-04-03,157450.4551
egypt,cib,2023-04-04,157450.4551
egypt,cib,2023-04-05,159819.7095
egypt,cib,2023-04-06,154751.3044
egypt,cib,2023-04-09,155051.21
egypt,cib,2023-04-10,154451.3988
egypt,cib,2023-04-11,155021.2195
egypt,cib,2023-04-12,153251.7763
egypt,cib,2023-04-13,175444.7928
egypt,cib,2023-04-18,163748.4733
egypt,cib,2023-04-19,160749.417
egypt,cib,2023-04-26,157150.5494
egypt,cib,2023-04-27,160149.6057
egypt,cib,2023-04-30,161379.2188
egypt,cib,2023-05-01,158949.9832
egypt,cib,2023-05-02,158200.2191
egypt,cib,2023-05-03,159279.8794
egypt,cib,2023-05-04,
egypt,cib,2023-05-07,158979.9738
egypt,cib,2023-05-08,159549.7945
egypt,cib,2023-05-09,156250.8326
egypt,cib,2023-05-10,157150.5494
egypt,cib,2023-05-11,155381.1062
egypt,cib,2023-05-14,156400.7854
egypt,cib,2023-05-15,155950.9269
egypt,cib,2023-05-16,155950.9269
egypt,cib,2023-05-17,157450.4551
egypt,cib,2023-05-18,153251.7763
egypt,cib,2023-05-21,155051.21
egypt,cib,2023-05-22,155950.9269
egypt,cib,2023-05-23,156100.8797
egypt,cib,2023-05-24,157450.4551
egypt,cib,2023-05-25,156850.6438
egypt,cib,2023-05-28,156040.8986
egypt,cib,2023-05-29,155111.1912
egypt,cib,2023-05-30,157450.4551
egypt,cib,2023-05-31,156850.6438
egypt,cib,2023-06-01,157750.3607
egypt,cib,2023-06-04,156670.7004
egypt,cib,2023-06-05,156100.8797
egypt,cib,2023-06-06,157150.5494
egypt,cib,2023-06-07,157450.4551
egypt,cib,2023-06-08,160033.553
egypt,cib,2023-06-11,160728.0382
egypt,cib,2023-06-12,157466.9772
egypt,cib,2023-06-13,157346.1971
egypt,cib,2023-06-14,159157.8977
egypt,cib,2023-06-15,160033.553
egypt,cib,2023-06-18,159731.6029
egypt,cib,2023-06-19,157950.0973
egypt,cib,2023-06-20,156893.272
egypt,cib,2023-06-21,155806.2516
egypt,cib,2023-06-22,154930.5963
egypt,cib,2023-06-25,147955.549
egypt,cib,2023-06-26,153994.551
egypt,cib,2023-07-04,150944.855
egypt,cib,2023-07-05,149435.1045
egypt,cib,2023-07-06,145690.9233
egypt,cib,2023-07-09,143879.2227
egypt,cib,2023-07-10,146143.8484
egypt,cib,2023-07-11,147623.4039
egypt,cib,2023-07-12,148559.4492
egypt,cib,2023-07-13,149767.2496
egypt,cib,2023-07-16,149465.2995
egypt,cib,2023-07-17,150975.05
egypt,cib,2023-07-18,151277.0001
egypt,cib,2023-07-19,152031.8754
egypt,cib,2023-07-24,153994.551
egypt,cib,2023-07-25,154749.4263
egypt,cib,2023-07-26,153481.2358
egypt,cib,2023-07-27,154538.0612
egypt,cib,2023-07-30,153239.6758
egypt,cib,2023-07-31,152484.8005
egypt,cib,2023-08-01,153390.6508
egypt,cib,2023-08-02,154507.8662
egypt,cib,2023-08-03,153692.6009
egypt,cib,2023-08-06,153239.6758
egypt,cib,2023-08-07,152907.5306
egypt,cib,2023-08-08,152998.1157
egypt,cib,2023-08-09,152937.7257
egypt,cib,2023-08-10,153662.4059
egypt,cib,2023-08-13,153783.1859
egypt,cib,2023-08-14,155806.2516
egypt,cib,2023-08-15,156983.857
egypt,cib,2023-08-16,159641.0179
egypt,cib,2023-08-17,159429.6528
egypt,cib,2023-08-20,160214.7231
egypt,cib,2023-08-21,157165.0271
egypt,cib,2023-08-22,158825.7526
egypt,cib,2023-08-23,158825.7526
egypt,cib,2023-08-24,158523.8025
egypt,cib,2023-08-27,163053.054
egypt,cib,2023-08-28,165317.6797
egypt,cib,2023-08-29,163355.0041
egypt,cib,2023-08-30,168790.1059
egypt,cib,2023-08-31,172111.557
egypt,cib,2023-09-03,169846.9313
egypt,cib,2023-09-04,169695.9562
egypt,cib,2023-09-05,172262.5321
egypt,cib,2023-09-06,178150.559
egypt,cib,2023-09-07,178512.8991
egypt,cib,2023-09-10,177546.6588
egypt,cib,2023-09-11,174798.9129
egypt,cib,2023-09-12,172775.8472
egypt,cib,2023-09-13,174829.1079
egypt,cib,2023-09-14,177395.6838
egypt,cib,2023-09-17,177244.7087
egypt,cib,2023-09-18,178210.949
egypt,cib,2023-09-19,180052.8446
egypt,cib,2023-09-20,178180.754
egypt,cib,2023-09-21,180717.1349
egypt,cib,2023-09-24,181502.2051
egypt,cib,2023-09-25,181170.06
egypt,cib,2023-09-26,182377.8604
egypt,cib,2023-09-27,181170.06
egypt,cib,2023-10-01,182649.6155
egypt,cib,2023-10-02,184340.5361
egypt,cib,2023-10-03,185729.5065
egypt,cib,2023-10-04,186182.4317
egypt,cib,2023-10-08,181170.06
egypt,cib,2023-10-09,184219.756
egypt,cib,2023-10-10,183072.3456
egypt,cib,2023-10-11,179992.4546
egypt,cib,2023-10-12,180868.1099
egypt,cib,2023-10-15,179690.5045
egypt,cib,2023-10-16,178180.754
egypt,cib,2023-10-17,180264.2097
egypt,cib,2023-10-18,180475.5748
egypt,cib,2023-10-19,178150.559
egypt,cib,2023-10-22,178150.559
egypt,cib,2023-10-23,175282.0331
egypt,cib,2023-10-24,174225.2077
egypt,cib,2023-10-25,175191.448
egypt,cib,2023-10-26,179358.3594
egypt,cib,2023-10-29,180445.3798
egypt,cib,2023-10-30,183887.6109
egypt,cib,2023-10-31,182226.8854
egypt,cib,2023-11-01,184491.5111
egypt,cib,2023-11-02,186273.0167
egypt,cib,2023-11-05,190198.368
egypt,cib,2023-11-06,191436.3634
egypt,cib,2023-11-07,198079.2656
egypt,cib,2023-11-08,211667.0201
egypt,cib,2023-11-09,220423.573
egypt,cib,2023-11-12,214867.6912
egypt,cib,2023-11-13,213780.6708
egypt,cib,2023-11-14,209855.3195
egypt,cib,2023-11-15,214988.4712
egypt,cib,2023-11-16,217404.072
egypt,cib,2023-11-19,225737.8948
egypt,cib,2023-11-20,227519.4003
egypt,cib,2023-11-21,224922.6295
egypt,cib,2023-11-22,227821.3505
egypt,cib,2023-11-23,239446.4293
egypt,cib,2023-11-26,234705.8127
egypt,cib,2023-11-27,253819.2541
egypt,cib,2023-11-28,241560.08
egypt,cib,2023-11-29,235521.078
egypt,cib,2023-11-30,233105.4772
egypt,cib,2023-12-03,228334.6656
egypt,cib,2023-12-04,234645.4227
egypt,cib,2023-12-05,233558.4024
egypt,cib,2023-12-06,231142.8015
egypt,cib,2023-12-07,231897.6768
egypt,cib,2023-12-10,226522.965
egypt,cib,2023-12-11,232169.4319
egypt,cib,2023-12-12,229059.3459
egypt,cib,2023-12-13,228878.1758
egypt,cib,2023-12-14,227368.4253
egypt,cib,2023-12-17,227519.4003
egypt,cib,2023-12-18,233105.4772
egypt,cib,2023-12-19,227368.4253
egypt,cib,2023-12-20,223443.074
egypt,cib,2023-12-21,218279.7273
egypt,cib,2023-12-24,211365.07
egypt,cib,2023-12-25,218883.6275
egypt,cib,2023-12-26,215562.1764
egypt,cib,2023-12-27,217102.1219
egypt,cib,2023-12-28,220242.4029
egypt,cib,2023-12-31,219366.7477
egypt,cib,2024-01-02,226130.4299
egypt,cib,2024-01-03,223141.1239
egypt,cib,2024-01-04,226462.575
egypt,cib,2024-01-08,225707.6998
egypt,cib,2024-01-09,225466.1397
egypt,cib,2024-01-10,221480.3984
egypt,cib,2024-01-11,222869.3688
egypt,cib,2024-01-14,223926.1942
egypt,cib,2024-01-15,228274.2756
egypt,cib,2024-01-16,230961.6315
egypt,cib,2024-01-17,226734.3301
egypt,cib,2024-01-18,227489.2053
egypt,cib,2024-01-21,226160.6249
egypt,cib,2024-01-22,232501.577
egypt,cib,2024-01-23,232501.577
egypt,cib,2024-01-24,228244.0806
egypt,cib,2024-01-28,233709.3774
egypt,cib,2024-01-29,253638.084
egypt,cib,2024-01-30,268735.589
egypt,cib,2024-01-31,266018.0381
egypt,cib,2024-02-01,256657.585
egypt,cib,2024-02-04,245002.3111
egypt,cib,2024-02-05,235219.1279
egypt,cib,2024-02-06,223503.464
egypt,cib,2024-02-07,234313.2776
egypt,cib,2024-02-08,243039.6355
egypt,cib,2024-02-11,240201.3046
egypt,cib,2024-02-12,250980.9231
egypt,cib,2024-02-13,244760.7511
egypt,cib,2024-02-14,247568.887
egypt,cib,2024-02-15,244579.581
egypt,cib,2024-02-18,245576.0163
egypt,cib,2024-02-19,249108.8325
egypt,cib,2024-02-20,244579.581
egypt,cib,2024-02-21,243130.2205
egypt,cib,2024-02-22,244428.606
egypt,cib,2024-02-25,220423.573
egypt,cib,2024-02-26,224952.8245
egypt,cib,2024-02-27,225828.4798
egypt,cib,2024-02-28,223412.879
egypt,cib,2024-02-29,220725.5231
egypt,cib,2024-03-03,215169.6413
egypt,cib,2024-03-04,224983.0195
egypt,cib,2024-03-05,229482.076
egypt,cib,2024-03-06,228878.1758
egypt,cib,2024-03-07,250618.583
egypt,cib,2024-03-10,267678.7637
egypt,cib,2024-03-11,291381.8465
egypt,cib,2024-03-12,283863.289
egypt,cib,2024-03-13,264508.2876
egypt,cib,2024-03-14,271755.09
egypt,cib,2024-03-17,276737.2667
egypt,cib,2024-03-18,267225.8385
egypt,cib,2024-03-19,257563.4353
egypt,cib,2024-03-20,257231.2902
egypt,cib,2024-03-21,256053.6848
egypt,cib,2024-03-24,256053.6848
egypt,cib,2024-03-25,256657.585
egypt,cib,2024-03-26,253336.1339
egypt,cib,2024-03-27,249169.2225
egypt,cib,2024-03-28,241560.08
egypt,cib,2024-03-31,232441.187
egypt,cib,2024-04-01,247599.082
egypt,cib,2024-04-02,241560.08
egypt,cib,2024-04-03,242133.7852
egypt,cib,2024-04-04,245334.4563
egypt,cib,2024-04-07,241560.08
egypt,cib,2024-04-08,241741.2501
egypt,cib,2024-04-15,249169.2225
egypt,cib,2024-04-16,247599.082
egypt,cib,2024-04-17,247901.0321
egypt,cib,2024-04-18,241560.08
egypt,cib,2024-04-21,245032.5062
egypt,cib,2024-04-22,245032.5062
egypt,cib,2024-04-23,234101.9125
egypt,cib,2024-04-24,224046.9742
egypt,cib,2024-04-28,213388.1357
egypt,cib,2024-04-29,226462.575
egypt,cib,2024-04-30,217102.1219
egypt,cib,2024-05-01,220453.768
egypt,cib,2024-05-02,221087.8632
egypt,cib,2024-05-07,232410.992
egypt,cib,2024-05-08,220755.7181
egypt,cib,2024-05-09,221389.8133
egypt,cib,2024-05-12,219819.6728
egypt,cib,2024-05-13,224137.5592
egypt,cib,2024-05-14,226462.575
egypt,cib,2024-05-15,224952.8245
egypt,cib,2024-05-16,226794.7201
egypt,cib,2024-05-19,229391.491
egypt,cib,2024-05-20,230327.5363
egypt,cib,2024-05-21,230720.0714
egypt,cib,2024-05-22,230961.6315
egypt,cib,2024-05-23,229482.076
egypt,cib,2024-05-26,232501.577
egypt,cib,2024-05-27,230991.8265
egypt,cib,2024-05-28,231625.9217
egypt,cib,2024-05-29,231142.8015
egypt,cib,2024-05-30,236124.9782
egypt,cib,2024-06-02,234524.6427
egypt,cib,2024-06-03,231052.2165
egypt,cib,2024-06-04,229784.0261
egypt,cib,2024-06-05,228455.4457
egypt,cib,2024-06-06,226855.1101
egypt,cib,2024-06-09,222211.3972
egypt,cib,2024-06-10,224280.7446
egypt,cib,2024-06-11,223702.5446
egypt,cib,2024-06-12,225193.692
egypt,cib,2024-06-13,225193.692
egypt,cib,2024-06-23,227232.6079
egypt,cib,2024-06-24,226776.1342
egypt,cib,2024-06-25,227476.0605
egypt,cib,2024-06-26,231127.8501
egypt,cib,2024-06-27,235540.4292
egypt,cib,2024-07-01,237427.1872
egypt,cib,2024-07-02,234718.7765
egypt,cib,2024-07-03,236605.5345
egypt,cib,2024-07-04,243452.64
egypt,cib,2024-07-07,
egypt,cib,2024-07-08,243148.3242
egypt,cib,2024-07-09,239496.5346
egypt,cib,2024-07-10,240409.482
egypt,cib,2024-07-14,239739.9872
egypt,cib,2024-07-15,238887.903
egypt,cib,2024-07-16,236179.4924
egypt,cib,2024-07-17,237396.7556
egypt,cib,2024-07-18,236514.2398
egypt,cib,2024-07-21,238887.903
egypt,cib,2024-07-22,245278.5348
egypt,cib,2024-07-23,247104.4296
egypt,cib,2024-07-24,247560.9033
egypt,cib,2024-07-28,249538.956
egypt,cib,2024-07-29,249538.956
egypt,cib,2024-07-30,250178.0192
egypt,cib,2024-07-31,253464.6298
egypt,cib,2024-08-01,254103.693
egypt,cib,2024-08-04,252582.114
egypt,cib,2024-08-05,249538.956
egypt,cib,2024-08-06,250208.4508
egypt,cib,2024-08-07,250725.7876
egypt,cib,2024-08-08,250451.9034
egypt,cib,2024-08-11,252764.7035
egypt,cib,2024-08-12,256933.8299
egypt,cib,2024-08-13,252673.4087
egypt,cib,2024-08-14,255625.272
egypt,cib,2024-08-15,258668.43
egypt,cib,2024-08-18,258059.7984
egypt,cib,2024-08-19,255686.1352
egypt,cib,2024-08-20,262898.4196
egypt,cib,2024-08-21,264754.746
egypt,cib,2024-08-22,270201.9988
egypt,cib,2024-08-25,267250.1356
egypt,cib,2024-08-26,267767.4724
egypt,cib,2024-08-27,268254.3777
egypt,cib,2024-08-28,269319.483
egypt,cib,2024-08-29,264998.1986
egypt,cib,2024-09-01,263354.8933
egypt,cib,2024-09-02,262137.6301
egypt,cib,2024-09-03,264541.7249
egypt,cib,2024-09-04,264754.746
egypt,cib,2024-09-05,265972.0092
egypt,cib,2024-09-08,259003.1774
egypt,cib,2024-09-09,260190.009
egypt,cib,2024-09-10,260190.009
egypt,cib,2024-09-11,259885.6932
egypt,cib,2024-09-12,262624.5354
egypt,cib,2024-09-16,260068.2827
egypt,cib,2024-09-17,258668.43
egypt,cib,2024-09-18,259429.2195
egypt,cib,2024-09-19,264146.1144
egypt,cib,2024-09-22,260068.2827
egypt,cib,2024-09-23,260342.1669
egypt,cib,2024-09-24,258668.43
egypt,cib,2024-09-25,259763.9669
egypt,cib,2024-09-26,259885.6932
egypt,cib,2024-09-29,258668.43
egypt,cib,2024-09-30,257146.851
egypt,cib,2024-10-01,262776.6933
egypt,cib,2024-10-02,260463.8932
egypt,cib,2024-10-03,258668.43
egypt,cib,2024-10-07,258668.43
egypt,cib,2024-10-08,254103.693
egypt,cib,2024-10-09,251060.535
egypt,cib,2024-10-10,246526.2296
egypt,cib,2024-10-13,243452.64
egypt,cib,2024-10-14,245826.3032
egypt,cib,2024-10-15,243300.4821
egypt,cib,2024-10-16,242265.8084
egypt,cib,2024-10-17,240409.482
egypt,cib,2024-10-20,232832.0186
egypt,cib,2024-10-21,241931.061
egypt,cib,2024-10-22,241322.4294
egypt,cib,2024-10-23,239374.8083
egypt,cib,2024-10-24,240105.1662
egypt,cib,2024-10-27,246191.4822
egypt,cib,2024-10-28,246161.0506
egypt,cib,2024-10-29,243391.7768
egypt,cib,2024-10-30,242661.4189
egypt,cib,2024-10-31,243452.64
egypt,cib,2024-11-03,246526.2296
egypt,cib,2024-11-04,244061.2716
egypt,cib,2024-11-05,245582.8506
egypt,cib,2024-11-06,246495.798
egypt,cib,2024-11-07,246526.2296
egypt,cib,2024-11-10,249873.7034
egypt,cib,2024-11-11,250938.8087
egypt,cib,2024-11-12,249691.1139
egypt,cib,2024-11-13,251060.535
egypt,cib,2024-11-14,251425.714
egypt,cib,2024-11-17,248686.8718
egypt,cib,2024-11-18,246556.6612
egypt,cib,2024-11-19,244061.2716
egypt,cib,2024-11-20,243452.64
egypt,cib,2024-11-21,242874.44
egypt,cib,2024-11-24,242996.1663
egypt,cib,2024-11-25,241170.2715
egypt,cib,2024-11-26,243452.64
egypt,cib,2024-11-27,239192.2188
egypt,cib,2024-11-28,247713.0612
egypt,cib,2024-12-01,247226.1559
egypt,cib,2024-12-02,247986.9454
egypt,cib,2024-12-03,250604.0613
egypt,cib,2024-12-04,250451.9034
egypt,cib,2024-12-05,249538.956
egypt,cib,2024-12-08,250147.5876
egypt,cib,2024-12-09,249538.956
egypt,cib,2024-12-10,245887.1664
egypt,cib,2024-12-11,249508.5244
egypt,cib,2024-12-12,252551.6824
egypt,cib,2024-12-15,254073.2614
egypt,cib,2024-12-16,254712.3246
egypt,cib,2024-12-17,249630.2507
egypt,cib,2024-12-18,252886.4298
egypt,cib,2024-12-19,255594.8404
egypt,cib,2024-12-22,254194.9877
egypt,cib,2024-12-23,251364.8508
egypt,cib,2024-12-24,247865.2191
egypt,cib,2024-12-25,248321.6928
egypt,cib,2024-12-26,246161.0506
egypt,cib,2024-12-29,240561.6399
egypt,cib,2024-12-30,239222.6504
egypt,cib,2024-12-31,238887.903
egypt,cib,2025-01-02,240744.2294
egypt,cib,2025-01-05,240500.7767
egypt,cib,2025-01-06,239953.0083
egypt,cib,2025-01-08,240713.7978
egypt,cib,2025-01-09,235844.745
egypt,cib,2025-01-12,232071.2291
egypt,cib,2025-01-13,224280.7446
egypt,cib,2025-01-14,228236.85
egypt,cib,2025-01-15,229758.429
egypt,cib,2025-01-16,232192.9554
egypt,cib,2025-01-19,232740.7238
egypt,cib,2025-01-20,230701.808
egypt,cib,2025-01-21,232497.2712
egypt,cib,2025-01-22,231736.4817
egypt,cib,2025-01-23,232771.1554
egypt,cib,2025-01-26,234688.345
egypt,cib,2025-01-27,232801.587
egypt,cib,2025-01-28,232345.1133
egypt,cib,2025-01-29,231614.7554
egypt,cib,2025-01-30,231888.6396
egypt,cib,2025-02-02,232345.1133
egypt,cib,2025-02-03,233379.787
egypt,cib,2025-02-04,232984.1765
egypt,cib,2025-02-05,235844.745
egypt,cib,2025-02-06,237366.324
egypt,cib,2025-02-09,235662.1555
egypt,cib,2025-02-10,234475.3239
egypt,cib,2025-02-11,234962.2292
egypt,cib,2025-02-12,236149.0608
egypt,cib,2025-02-13,237335.8924
egypt,cib,2025-02-16,238918.3346
egypt,cib,2025-02-17,242539.6926
egypt,cib,2025-02-18,241170.2715
egypt,cib,2025-02-19,243361.3453
egypt,cib,2025-02-20,240409.482
egypt,cib,2025-02-23,242661.4189
egypt,cib,2025-02-24,242357.1031
egypt,cib,2025-02-25,236149.0608
egypt,cib,2025-02-26,232832.0186
egypt,cib,2025-02-27,230367.0606
egypt,cib,2025-03-02,232801.587
egypt,cib,2025-03-03,234657.9134
egypt,cib,2025-03-04,232040.7975
egypt,cib,2025-03-05,235844.745
egypt,cib,2025-03-06,235844.745
egypt,cib,2025-03-09,236788.124
egypt,cib,2025-03-10,237062.0082
egypt,cib,2025-03-11,234901.366
egypt,cib,2025-03-12,234323.166
egypt,cib,2025-03-13,234475.3239
egypt,cib,2025-03-16,233440.6502
egypt,cib,2025-03-17,237153.3029
egypt,cib,2025-03-18,237366.324
egypt,cib,2025-03-19,237670.6398
egypt,cib,2025-03-20,240105.1662
egypt,cib,2025-03-23,248899.8928
egypt,cib,2025-03-24,249234.6402
egypt,cib,2025-03-25,248656.4402
egypt,cib,2025-03-26,249234.6402
egypt,cib,2025-03-27,250908.3771
egypt,cib,2025-04-03,242539.6926
egypt,cib,2025-04-06,239192.2188
egypt,cib,2025-04-07,237822.7977
egypt,cib,2025-04-08,232558.1344
egypt,cib,2025-04-09,231280.008
egypt,cib,2025-04-10,240379.0504
egypt,cib,2025-04-13,238887.903
egypt,cib,2025-04-14,234931.7976
egypt,cib,2025-04-15,233714.5344
egypt,cib,2025-04-16,234323.166
egypt,cib,2025-04-17,236453.3766
egypt,cib,2025-04-22,235114.3871
egypt,cib,2025-04-23,241900.6294
egypt,cib,2025-04-27,243209.1874
egypt,cib,2025-04-28,244974.219
egypt,cib,2025-04-29,243330.9137
egypt,cib,2025-04-30,246404.5033
egypt,cib,2025-05-04,245582.8506
egypt,cib,2025-05-05,246100.1875
egypt,cib,2025-05-06,249204.2086
egypt,cib,2025-05-07,243452.64
egypt,cib,2025-05-08,242996.1663
egypt,cib,2025-05-11,239192.2188
egypt,cib,2025-05-12,241778.9031
egypt,cib,2025-05-13,243452.64
egypt,cib,2025-05-14,247682.6296
egypt,cib,2025-05-15,247104.4296
egypt,cib,2025-05-18,245521.9874
egypt,cib,2025-05-19,241322.4294
egypt,cib,2025-05-20,242752.7137
egypt,cib,2025-05-21,243787.3874
egypt,cib,2025-05-22,243148.3242
egypt,cib,2025-05-25,243148.3242
egypt,cib,2025-05-26,243148.3242
egypt,cib,2025-05-27,247256.5875
egypt,cib,2025-05-28,247713.0612
egypt,cib,2025-05-29,252125.6403
egypt,cib,2025-06-01,247664.1332
egypt,cib,2025-06-02,246773.5864
egypt,cib,2025-06-03,248738.931
egypt,cib,2025-06-04,251471.9884
egypt,cib,2025-06-10,248431.8459
egypt,cib,2025-06-11,253498.75
egypt,cib,2025-06-12,250274.3565
egypt,cib,2025-06-15,239526.378
egypt,cib,2025-06-16,242904.3141
egypt,cib,2025-06-17,245053.9098
egypt,cib,2025-06-18,245698.7885
egypt,cib,2025-06-19,241430.3056
egypt,cib,2025-06-22,245053.9098
egypt,cib,2025-06-23,242965.7311
egypt,cib,2025-06-24,254266.4628
egypt,cib,2025-06-25,257644.3989
egypt,cib,2025-06-29,260838.0839
egypt,cib,2025-06-30,258872.7393
egypt,cib,2025-07-01,260899.501
egypt,cib,2025-07-02,259302.6584
egypt,cib,2025-07-06,255801.8883
egypt,cib,2025-07-07,256477.4755
egypt,cib,2025-07-09,257951.484
egypt,cib,2025-07-10,260838.0839
egypt,cib,2025-07-13,258319.9861
egypt,cib,2025-07-14,267164.037
egypt,cib,2025-07-15,273305.739
egypt,cib,2025-07-16,270173.471
egypt,cib,2025-07-17,276315.173
egypt,cib,2025-07-20,276376.59
egypt,cib,2025-07-21,280982.8665
egypt,cib,2025-07-22,278219.1006
egypt,cib,2025-07-23,282518.292
egypt,cib,2025-07-27,291700.1365
egypt,cib,2025-07-28,291423.7599
egypt,cib,2025-07-29,287738.7387
egypt,cib,2025-07-30,289581.2493
egypt,cib,2025-07-31,288967.0791
egypt,cib,2025-08-03,287124.5685
egypt,cib,2025-08-04,293573.3556
egypt,cib,2025-08-05,300636.3129
egypt,cib,2025-08-06,305549.6745
egypt,cib,2025-08-07,307392.1851
egypt,cib,2025-08-10,307115.8085
egypt,cib,2025-08-11,304014.249
egypt,cib,2025-08-12,305549.6745
egypt,cib,2025-08-13,306624.4724
egypt,cib,2025-08-14,301864.6533
egypt,cib,2025-08-17,307085.1
egypt,cib,2025-08-18,305856.7596
egypt,cib,2025-08-19,310094.534
egypt,cib,2025-08-20,305580.383
egypt,cib,2025-08-21,304014.249
egypt,cib,2025-08-24,302509.532
egypt,cib,2025-08-25,304075.666
egypt,cib,2025-08-26,297872.547
egypt,cib,2025-08-27,300912.6895
egypt,cib,2025-08-28,298271.7576
egypt,cib,2025-08-31,296367.83
egypt,cib,2025-09-01,291761.5535
egypt,cib,2025-09-02,294801.696
egypt,cib,2025-09-03,294801.696
egypt,cib,2025-09-07,288967.0791
egypt,cib,2025-09-08,294433.1939
egypt,cib,2025-09-09,288659.994
egypt,cib,2025-09-10,291362.3429
egypt,cib,2025-09-11,294770.9875
egypt,cib,2025-09-14,296337.1215
egypt,cib,2025-09-15,300759.1469
egypt,cib,2025-09-16,297903.2555
egypt,cib,2025-09-17,302171.7384
egypt,cib,2025-09-18,303952.832
egypt,cib,2025-09-21,297872.547
egypt,cib,2025-09-22,294801.696
egypt,cib,2025-09-23,293911.1492
egypt,cib,2025-09-24,303246.5363
egypt,cib,2025-09-25,299407.9725
egypt,cib,2025-09-28,305242.5894
egypt,cib,2025-09-29,306317.3873
egypt,cib,2025-09-30,310155.951
egypt,cib,2025-10-01,313257.5105
egypt,cib,2025-10-02,317188.1998
egypt,cib,2025-10-05,322592.8975
egypt,cib,2025-10-06,321057.4721
egypt,cib,2025-10-07,322439.355
egypt,cib,2025-10-08,325203.1209
egypt,cib,2025-10-12,319522.0466
egypt,cib,2025-10-13,319706.2976
egypt,cib,2025-10-14,321057.4721
egypt,cib,2025-10-15,325510.206
egypt,cib,2025-10-16,323207.0678
egypt,cib,2025-10-19,322592.8975
egypt,cib,2025-10-20,323391.3188
egypt,cib,2025-10-21,319583.4636
egypt,cib,2025-10-22,319859.8402
egypt,cib,2025-10-23,318969.2934
egypt,cib,2025-10-26,322439.355
egypt,cib,2025-10-27,321702.3508
egypt,cib,2025-10-28,323667.6954
egypt,cib,2025-10-29,321088.1806
egypt,cib,2025-10-30,323944.072
egypt,cib,2025-11-02,319368.504
egypt,cib,2025-11-03,325479.4975
egypt,cib,2025-11-04,328581.057
egypt,cib,2025-11-05,328273.9719
egypt,cib,2025-11-06,334753.4675
egypt,cib,2025-11-09,342399.8865
egypt,cib,2025-11-10,338131.4036
egypt,cib,2025-11-11,338407.7802
egypt,cib,2025-11-12,338991.2419
egypt,cib,2025-11-13,333187.3335
egypt,cib,2025-11-16,337732.193
egypt,cib,2025-11-17,333033.791
egypt,cib,2025-11-18,328581.057
egypt,cib,2025-11-19,327045.6315
egypt,cib,2025-11-20,325571.623
egypt,cib,2025-11-23,327199.1741
egypt,cib,2025-11-24,320934.638
egypt,cib,2025-11-25,331160.5718
egypt,cib,2025-11-26,324896.0358
egypt,cib,2025-11-27,330177.8995
egypt,cib,2025-11-30,330730.6527
egypt,cib,2025-12-01,331007.0293
egypt,cib,2025-12-02,337025.8973
egypt,cib,2025-12-03,353117.1565
egypt,cib,2025-12-04,358675.3968
egypt,cib,2025-12-07,356832.8862
egypt,cib,2025-12-08,361746.2478
egypt,cib,2025-12-09,360425.7819
egypt,cib,2025-12-10,358122.6436
egypt,cib,2025-12-11,358644.6883
egypt,cib,2025-12-14,357754.1415
egypt,cib,2025-12-15,362667.5031
egypt,cib,2025-12-16,360824.9925
egypt,cib,2025-12-17,350629.7672
egypt,cib,2025-12-18,341272.8842
egypt,cib,2025-12-21,352149.8384
egypt,cib,2025-12-22,343873.895
egypt,cib,2025-12-23,351136.4576
egypt,cib,2025-12-24,354277.9382
egypt,cib,2025-12-25,347927.4183
egypt,cib,2025-12-28,349616.3864
egypt,cib,2025-12-29,351035.1195
egypt,cib,2025-12-30,347927.4183
egypt,cib,2025-12-31,347927.4183
egypt,cib,2026-01-04,339550.1368
egypt,cib,2026-01-05,341171.5461
egypt,cib,2026-01-06,347961.1977
egypt,cib,2026-01-08,352318.7352
egypt,cib,2026-01-11,366404.7288
egypt,cib,2026-01-12,388800.4451
egypt,cib,2026-01-13,406467.0509
egypt,cib,2026-01-14,397751.9758
egypt,cib,2026-01-15,411128.6027
egypt,cib,2026-01-18,415655.0371
egypt,cib,2026-01-19,421904.2189
egypt,cib,2026-01-20,427984.5039
egypt,cib,2026-01-21,428997.8847
egypt,cib,2026-01-22,431497.5574
egypt,cib,2026-01-25,435415.9633
egypt,cib,2026-01-26,442442.0704
egypt,cib,2026-01-27,448758.8109
egypt,cib,2026-01-28,452643.4374
egypt,cib,2026-02-01,444198.5972
egypt,cib,2026-02-02,436767.1377
egypt,cib,2026-02-03,449265.5013
egypt,cib,2026-02-04,461088.2777
egypt,cib,2026-02-05,463621.7297
egypt,cib,2026-02-08,459399.3096
egypt,cib,2026-02-09,459399.3096
egypt,cib,2026-02-10,461426.0713
egypt,cib,2026-02-11,452643.4374
egypt,cib,2026-02-12,465716.0501
egypt,cib,2026-02-15,483011.0829
egypt,cib,2026-02-16,474768.9189
egypt,cib,2026-02-17,478619.766
egypt,cib,2026-02-18,475410.7267
egypt,cib,2026-02-19,466155.1818
egypt,cib,2026-02-22,456021.3735
egypt,cib,2026-02-23,470850.513
egypt,cib,2026-02-24,464635.1106
egypt,cib,2026-02-25,446056.462
egypt,cib,2026-02-26,450954.4694
egypt,cib,2026-03-01,439131.693
egypt,cib,2026-03-02,433220.3048
egypt,cib,2026-03-03,418526.2828
egypt,cib,2026-03-04,410419.2362
egypt,cib,2026-03-05,425619.9486
egypt,cib,2026-03-08,411804.19
egypt,cib,2026-03-09,415486.1403
egypt,cib,2026-03-10,437442.725
egypt,cib,2026-03-11,423255.3933
egypt,cib,2026-03-12,412108.2042
egypt,cib,2026-03-15,401298.8087
egypt,cib,2026-03-16,395894.1109
egypt,cib,2026-03-17,403697.1433
egypt,cib,2026-03-18,438118.3122
egypt,cib,2026-03-24,419201.87
egypt,cib,2026-03-25,425619.9486
egypt,cib,2026-03-26,422242.0125
egypt,cib,2026-03-29,417512.902
egypt,cib,2026-03-30,404642.9654
egypt,cib,2026-03-31,408730.2681
egypt,cib,2026-04-01,421532.6459
egypt,cib,2026-04-02,418864.0764
egypt,cib,2026-04-05,428660.0911
egypt,cib,2026-04-06,431565.1161
egypt,cib,2026-04-07,412108.2042
egypt,cib,2026-04-08,431531.3368
egypt,cib,2026-04-09,437104.9313
egypt,cib,2026-04-14,452609.658
egypt,cib,2026-04-15,464466.2138
egypt,cib,2026-04-16,472911.054
egypt,cib,2026-04-19,479666.9262
egypt,cib,2026-04-20,471897.6732
egypt,cib,2026-04-21,469533.1179
egypt,cib,2026-04-22,460345.1317
egypt,cib,2026-04-23,466155.1818
egypt,cib,2026-04-26,464804.0074
egypt,cib,2026-04-27,469533.1179
egypt,cib,2026-04-28,463148.8187
egypt,cib,2026-04-29,466155.1818
egypt,cib,2026-04-30,456021.3735
egypt,cib,2026-05-03,459399.3096
egypt,cib,2026-05-04,456392.9465
egypt,cib,2026-05-05,466830.769
egypt,cib,2026-05-06,478315.7518
egypt,cib,2026-05-10,484767.6097
egypt,cib,2026-05-11,483044.8623
egypt,cib,2026-05-12,472944.8334
egypt,cib,2026-05-13,460953.1602
egypt,cib,2026-05-14,454366.1848
egypt,cib,2026-05-17,449265.5013
egypt,cib,2026-05-18,444232.3765
egypt,cib,2026-05-19,450988.2487
egypt,cib,2026-05-20,444941.7431
egypt,cib,2026-05-21,444198.5972
egypt,cib,2026-05-24,459399.3096
egypt,cib,2026-05-25,449265.5013
egypt,cib,2026-06-01,445043.0812
egypt,cib,2026-06-02,447745.4301
egypt,cib,2026-06-03,445380.8748
egypt,cib,2026-06-04,447576.5333
egypt,cib,2026-06-07,447204.9603
egypt,cib,2026-06-08,439469.4866
egypt,cib,2026-06-09,449164.1632
egypt,cib,2026-06-10,442678.5259
egypt,cib,2026-06-11,444840.405
egypt,cib,2026-06-14,455210.6688
egypt,cib,2026-06-15,455176.8895
egypt,cib,2026-06-16,450616.6757
egypt,cib,2026-06-17,466504.0567
egypt,cib,2026-06-21,465482.515
egypt,cib,2026-06-22,462417.8898
egypt,cib,2026-06-23,454586.0699
egypt,cib,2026-06-24,449818.8751
egypt,cib,2026-06-25,451180.9308
egypt,cib,2026-06-28,442055.158
egypt,cib,2026-06-29,432078.1004
egypt,cib,2026-06-30,434155.2353
egypt,cib,2026-07-01,433474.2074
egypt,cib,2026-07-05,441680.5927
egypt,cib,2026-07-06,457991.209
egypt,cib,2026-07-07,467116.9817
egypt,cib,2026-07-08,452883.5003
egypt,cib,2026-07-09,457991.209
egypt,cib,2026-07-12,458059.3117
egypt,cib,2026-07-13,466163.5428
egypt,cib,2026-07-14,459591.6243
egypt,cib,2026-07-15,459046.8021
egypt,cib,2026-07-16,462417.8898
egypt,cib,2026-07-19,456288.6394
egypt,cib,2026-07-20,465142.0011
egypt,cib,2026-07-21,476617.3198
egypt,cib,2026-07-22,476719.474
egypt,cib,2026-07-26,472292.7932
egypt,cib,2026-07-27,476719.474
egypt,cib,2026-07-28,480975.8979
egypt,cib,2026-07-29,477741.0157
egypt,cib,2026-07-30,480124.6131
egypt,cib,2026-08-02,481827.1827
egypt,cib,2026-08-03,479784.0992
egypt,cib,2026-08-04,477502.656
egypt,cib,2026-08-05,473825.1058
egypt,cib,2026-08-06,477162.1421
egypt,cib,2026-08-09,478422.0436
egypt,cib,2026-08-10,476719.474
egypt,cib,2026-08-11,473314.3349
egypt,cib,2026-08-12,476685.4226
egypt,cib,2026-08-13,474233.7225
egypt,cib,2026-08-16,476583.2684
egypt,cib,2026-08-17,472803.564
egypt,cib,2026-08-18,471611.7654
egypt,cib,2026-08-19,463098.9176
egypt,cib,2026-08-20,466504.0567
egypt,cib,2026-08-23,472633.3071
egypt,cib,2026-08-24,474948.8017
egypt,cib,2026-08-25,479988.4075
egypt,cib,2026-08-26,474267.7738
