DATES,STX
29/06/2026,5820.7900390625
26/06/2026,5896.1337890625
25/06/2026,5999.0380859375
24/06/2026,5883.880859375
23/06/2026,6101.3330078125
22/06/2026,6116.68994140625
19/06/2026,6177.13916015625
18/06/2026,6172.33984375
17/06/2026,6220.740234375
15/06/2026,6254.9658203125
12/06/2026,6007.65576171875
11/06/2026,5886.0322265625
10/06/2026,5902.3759765625
09/06/2026,5746.64794921875
08/06/2026,5342.13720703125
05/06/2026,5594.76513671875
04/06/2026,5839.78515625
03/06/2026,5941.06591796875
02/06/2026,6195.4267578125
29/05/2026,6127.380859375
26/05/2026,6130.18994140625
25/05/2026,6206.34912109375
22/05/2026,6162.044921875
21/05/2026,6094.94091796875
20/05/2026,6318.5
19/05/2026,6370.67919921875
18/05/2026,6599.240234375
13/05/2026,6723.31982421875
12/05/2026,6858.89892578125
11/05/2026,6905.6201171875
08/05/2026,6969.39599609375
07/05/2026,7174.32080078125
06/05/2026,7092.466796875
05/05/2026,7057.10595703125
04/05/2026,6971.953125
30/04/2026,6956.80419921875
29/04/2026,7101.22607421875
28/04/2026,7072.39208984375
27/04/2026,7106.52001953125
24/04/2026,7129.490234375
23/04/2026,7378.60595703125
22/04/2026,7541.61181640625
21/04/2026,7559.3798828125
20/04/2026,7594.11083984375
17/04/2026,7634.00390625
16/04/2026,7621.3818359375
15/04/2026,7623.5859375
14/04/2026,7675.951171875
13/04/2026,7500.18701171875
10/04/2026,7458.49609375
09/04/2026,7307.5888671875
08/04/2026,7279.208984375
07/04/2026,6971.02685546875
06/04/2026,6989.42578125
02/04/2026,7026.7822265625
01/04/2026,7184.43798828125
31/03/2026,7048.22216796875
30/03/2026,7091.669921875
27/03/2026,7097.05712890625
26/03/2026,7164.0908203125
25/03/2026,7302.12109375
17/03/2026,7106.8388671875
16/03/2026,7022.2880859375
13/03/2026,7137.2119140625
12/03/2026,7362.1171875
11/03/2026,7389.39892578125
10/03/2026,7440.9130859375
09/03/2026,7337.369140625
06/03/2026,7585.68701171875
05/03/2026,7710.537109375
04/03/2026,7577.06396484375
03/03/2026,7939.76708984375
02/03/2026,8016.8330078125
27/02/2026,8235.4853515625
26/02/2026,8235.26171875
25/02/2026,8322.228515625
24/02/2026,8280.8330078125
23/02/2026,8396.08203125
20/02/2026,8271.7666015625
19/02/2026,8274.0810546875
18/02/2026,8310.2265625
13/02/2026,8212.271484375
12/02/2026,8265.3515625
11/02/2026,8290.9658203125
10/02/2026,8131.73779296875
09/02/2026,8031.8740234375
06/02/2026,7935.259765625
05/02/2026,8103.87890625
04/02/2026,8146.716796875
03/02/2026,8122.59716796875
02/02/2026,7922.73095703125
30/01/2026,8329.6064453125
29/01/2026,8232.203125
28/01/2026,8320.5556640625
27/01/2026,8980.23046875
26/01/2026,8975.333984375
23/01/2026,8951.009765625
22/01/2026,8992.1826171875
21/01/2026,9010.330078125
20/01/2026,9134.7001953125
19/01/2026,9133.873046875
15/01/2026,9075.40625
14/01/2026,9032.583984375
13/01/2026,8948.302734375
12/01/2026,8884.72265625
09/01/2026,8936.75390625
08/01/2026,8925.470703125
07/01/2026,8944.8134765625
06/01/2026,8933.609375
05/01/2026,8859.19140625
02/01/2026,8748.1318359375
30/12/2025,8646.9384765625
29/12/2025,8644.255859375
24/12/2025,8537.9111328125
23/12/2025,8584.7822265625
22/12/2025,8645.84375
19/12/2025,8609.55078125
18/12/2025,8618.1953125
17/12/2025,8677.3447265625
16/12/2025,8686.46875
15/12/2025,8649.662109375
12/12/2025,8660.4990234375
11/12/2025,8620.4814453125
10/12/2025,8700.923828125
09/12/2025,8657.1787109375
08/12/2025,8710.6953125
05/12/2025,8632.7607421875
04/12/2025,8640.1962890625
03/12/2025,8611.787109375
02/12/2025,8617.04296875
01/12/2025,8548.7880859375
28/11/2025,8508.7060546875
27/11/2025,8545.865234375
26/11/2025,8602.1298828125
25/11/2025,8521.884765625
24/11/2025,8570.25390625
21/11/2025,8414.3515625
20/11/2025,8419.9169921875
19/11/2025,8406.5771484375
18/11/2025,8361.92578125
17/11/2025,8416.8818359375
14/11/2025,8370.435546875
13/11/2025,8371.9990234375
12/11/2025,8388.56640625
11/11/2025,8366.5146484375
10/11/2025,8391.240234375
07/11/2025,8394.58984375
06/11/2025,8337.0576171875
05/11/2025,8318.5263671875
04/11/2025,8241.9111328125
03/11/2025,8275.083984375
31/10/2025,8163.875
30/10/2025,8184.06396484375
29/10/2025,8166.22412109375
28/10/2025,8092.62890625
27/10/2025,8117.15087890625
24/10/2025,8271.7216796875
23/10/2025,8274.3515625
22/10/2025,8152.55322265625
21/10/2025,8238.083984375
20/10/2025,8088.97802734375
17/10/2025,7915.65576171875
16/10/2025,8124.7568359375
15/10/2025,8051.1748046875
14/10/2025,8066.52197265625
13/10/2025,8227.2021484375
10/10/2025,8257.859375
09/10/2025,8250.9384765625
08/10/2025,8166.02880859375
07/10/2025,8169.28076171875
06/10/2025,8139.89404296875
03/10/2025,8118.30078125
02/10/2025,8071.0810546875
01/10/2025,8043.82177734375
30/09/2025,8061.06201171875
29/09/2025,8123.2451171875
26/09/2025,8099.3330078125
25/09/2025,8040.6650390625
24/09/2025,8126.55810546875
23/09/2025,8125.201171875
22/09/2025,8040.0390625
19/09/2025,8051.1181640625
18/09/2025,8008.43310546875
17/09/2025,8025.17919921875
16/09/2025,7957.69580078125
15/09/2025,7937.1181640625
12/09/2025,7854.06005859375
11/09/2025,7747.90478515625
10/09/2025,7699.0068359375
09/09/2025,7628.60498046875
08/09/2025,7766.84912109375
04/09/2025,7867.34814453125
03/09/2025,7885.86279296875
02/09/2025,7801.5849609375
01/09/2025,7736.06591796875
29/08/2025,7830.4931640625
28/08/2025,7952.087890625
27/08/2025,7936.17578125
26/08/2025,7905.7568359375
25/08/2025,7926.9072265625
22/08/2025,7858.85107421875
21/08/2025,7890.71484375
20/08/2025,7943.8251953125
19/08/2025,7862.94921875
15/08/2025,7898.375
14/08/2025,7931.2509765625
13/08/2025,7892.9111328125
12/08/2025,7791.69677734375
11/08/2025,7605.9248046875
08/08/2025,7533.384765625
07/08/2025,7490.18310546875
06/08/2025,7503.75
05/08/2025,7515.18505859375
04/08/2025,7464.64501953125
01/08/2025,7537.76806640625
31/07/2025,7484.3369140625
30/07/2025,7549.88818359375
29/07/2025,7617.9072265625
28/07/2025,7614.76806640625
25/07/2025,7543.5029296875
24/07/2025,7530.90185546875
23/07/2025,7469.22998046875
22/07/2025,7344.73583984375
21/07/2025,7398.19189453125
18/07/2025,7311.9150390625
17/07/2025,7287.02099609375
16/07/2025,7192.01806640625
15/07/2025,7140.47412109375
14/07/2025,7097.15087890625
11/07/2025,7047.43798828125
10/07/2025,7005.37109375
09/07/2025,6943.921875
08/07/2025,6904.39208984375
07/07/2025,6900.93212890625
04/07/2025,6865.19189453125
03/07/2025,6878.05078125
02/07/2025,6881.2451171875
01/07/2025,6915.35986328125
30/06/2025,6927.67919921875
26/06/2025,6897.39990234375
25/06/2025,6832.14306640625
24/06/2025,6869.1708984375
23/06/2025,6787.14013671875
20/06/2025,6907.13818359375
19/06/2025,6968.63916015625
18/06/2025,7107.7890625
17/06/2025,7155.85205078125
16/06/2025,7117.5908203125
13/06/2025,7166.06494140625
12/06/2025,7204.3701171875
11/06/2025,7222.4560546875
10/06/2025,7230.7451171875
05/06/2025,7113.4248046875
04/06/2025,7069.037109375
03/06/2025,7044.82177734375
02/06/2025,7065.06884765625
28/05/2025,7175.81884765625
27/05/2025,7198.966796875
26/05/2025,7188.35302734375
23/05/2025,7214.1630859375
22/05/2025,7166.98095703125
21/05/2025,7142.4609375
20/05/2025,7094.60205078125
19/05/2025,7141.0908203125
16/05/2025,7106.52587890625
15/05/2025,7040.1611328125
14/05/2025,6979.8798828125
09/05/2025,6832.80322265625
08/05/2025,6827.75
07/05/2025,6926.22509765625
06/05/2025,6898.19677734375
05/05/2025,6831.9521484375
02/05/2025,6815.72998046875
30/04/2025,6766.794921875
29/04/2025,6749.0751953125
28/04/2025,6722.9658203125
25/04/2025,6678.9150390625
24/04/2025,6613.47802734375
23/04/2025,6634.376953125
22/04/2025,6538.26611328125
21/04/2025,6445.966796875
17/04/2025,6438.26904296875
16/04/2025,6400.05419921875
15/04/2025,6441.68310546875
14/04/2025,6368.51708984375
11/04/2025,6262.22607421875
10/04/2025,6254.02392578125
09/04/2025,5967.98779296875
08/04/2025,5996.14208984375
27/03/2025,6510.6201171875
26/03/2025,6472.35595703125
25/03/2025,6235.619140625
24/03/2025,6161.2177734375
21/03/2025,6258.17919921875
20/03/2025,6381.673828125
19/03/2025,6311.66015625
18/03/2025,6223.38818359375
17/03/2025,6471.94677734375
14/03/2025,6515.630859375
13/03/2025,6647.4169921875
12/03/2025,6665.044921875
11/03/2025,6545.85009765625
10/03/2025,6598.2119140625
07/03/2025,6636.0
06/03/2025,6617.84716796875
05/03/2025,6531.39892578125
04/03/2025,6380.40087890625
03/03/2025,6519.658203125
28/02/2025,6270.59716796875
27/02/2025,6485.4482421875
26/02/2025,6606.17822265625
25/02/2025,6587.0869140625
24/02/2025,6749.60107421875
21/02/2025,6803.0009765625
20/02/2025,6788.0419921875
19/02/2025,6794.8681640625
18/02/2025,6873.55419921875
17/02/2025,6830.8818359375
14/02/2025,6638.458984375
13/02/2025,6613.56787109375
12/02/2025,6645.77783203125
11/02/2025,6531.990234375
10/02/2025,6648.14208984375
07/02/2025,6742.576171875
06/02/2025,6875.5361328125
05/02/2025,7024.22802734375
04/02/2025,7073.458984375
03/02/2025,7030.05810546875
31/01/2025,7109.19580078125
30/01/2025,7073.47802734375
24/01/2025,7166.05615234375
23/01/2025,7232.64306640625
22/01/2025,7257.1279296875
21/01/2025,7181.81982421875
20/01/2025,7170.73681640625
17/01/2025,7154.658203125
16/01/2025,7107.51904296875
15/01/2025,7079.56201171875
14/01/2025,6956.6650390625
13/01/2025,7016.87890625
10/01/2025,7088.8662109375
09/01/2025,7064.587890625
08/01/2025,7080.35205078125
07/01/2025,7083.2841796875
06/01/2025,7080.47412109375
03/01/2025,7164.42919921875
02/01/2025,7163.205078125
30/12/2024,7079.90478515625
27/12/2024,7036.57080078125
24/12/2024,7065.74609375
23/12/2024,7096.44482421875
20/12/2024,6983.865234375
19/12/2024,6977.23779296875
18/12/2024,7107.875
17/12/2024,7157.73193359375
16/12/2024,7258.630859375
13/12/2024,7324.7890625
12/12/2024,7394.23779296875
11/12/2024,7464.751953125
10/12/2024,7453.287109375
09/12/2024,7437.73095703125
06/12/2024,7382.78515625
05/12/2024,7313.31298828125
04/12/2024,7326.76416015625
03/12/2024,7196.01708984375
02/12/2024,7046.98583984375
29/11/2024,7114.26611328125
28/11/2024,7200.1572265625
26/11/2024,7245.88818359375
25/11/2024,7314.10791015625
22/11/2024,7195.56494140625
21/11/2024,7140.912109375
20/11/2024,7180.3349609375
19/11/2024,7195.71484375
18/11/2024,7134.27685546875
15/11/2024,7161.2578125
14/11/2024,7214.56103515625
13/11/2024,7308.6708984375
12/11/2024,7321.98583984375
11/11/2024,7266.4599609375
08/11/2024,7287.19091796875
07/11/2024,7243.85986328125
06/11/2024,7383.8681640625
05/11/2024,7491.93115234375
04/11/2024,7479.5029296875
01/11/2024,7505.2568359375
31/10/2024,7574.01904296875
30/10/2024,7569.85009765625
29/10/2024,7606.60009765625
28/10/2024,7634.630859375
25/10/2024,7694.66015625
24/10/2024,7716.548828125
23/10/2024,7787.56494140625
22/10/2024,7788.98291015625
21/10/2024,7772.59619140625
18/10/2024,7760.06005859375
17/10/2024,7735.0390625
16/10/2024,7648.93994140625
15/10/2024,7626.951171875
14/10/2024,7559.65478515625
11/10/2024,7520.60205078125
10/10/2024,7480.080078125
09/10/2024,7501.28515625
08/10/2024,7557.14208984375
07/10/2024,7504.134765625
04/10/2024,7496.0908203125
03/10/2024,7543.828125
02/10/2024,7563.26220703125
01/10/2024,7642.1328125
30/09/2024,7527.92919921875
27/09/2024,7696.916015625
26/09/2024,7744.51611328125
25/09/2024,7740.90185546875
24/09/2024,7778.4912109375
23/09/2024,7775.73095703125
20/09/2024,7743.00390625
19/09/2024,7905.39013671875
18/09/2024,7829.134765625
17/09/2024,7831.77880859375
13/09/2024,7812.130859375
12/09/2024,7798.15380859375
11/09/2024,7760.955078125
10/09/2024,7761.38818359375
09/09/2024,7702.73876953125
06/09/2024,7721.84619140625
05/09/2024,7681.04296875
04/09/2024,7672.89599609375
03/09/2024,7616.52099609375
02/09/2024,7694.52978515625
30/08/2024,7670.73291015625
29/08/2024,7627.60400390625
28/08/2024,7658.875
27/08/2024,7597.880859375
26/08/2024,7606.19482421875
23/08/2024,7544.2978515625
22/08/2024,7488.67578125
21/08/2024,7554.5927734375
20/08/2024,7533.98486328125
19/08/2024,7466.8310546875
16/08/2024,7432.08984375
15/08/2024,7409.5009765625
14/08/2024,7436.0390625
13/08/2024,7356.63818359375
12/08/2024,7297.625
09/08/2024,7256.99609375
08/08/2024,7195.12109375
07/08/2024,7212.130859375
06/08/2024,7129.21484375
05/08/2024,7059.65283203125
02/08/2024,7308.123046875
01/08/2024,7325.98486328125
31/07/2024,7255.76220703125
30/07/2024,7241.86376953125
29/07/2024,7288.89697265625
26/07/2024,7288.1669921875
25/07/2024,7240.27685546875
24/07/2024,7262.7587890625
23/07/2024,7313.85693359375
22/07/2024,7321.97607421875
19/07/2024,7294.4951171875
18/07/2024,7321.07080078125
17/07/2024,7224.2177734375
16/07/2024,7224.29296875
15/07/2024,7278.86279296875
12/07/2024,7327.580078125
11/07/2024,7300.4072265625
10/07/2024,7287.0419921875
09/07/2024,7269.80078125
08/07/2024,7250.97705078125
05/07/2024,7253.3720703125
04/07/2024,7220.88916015625
03/07/2024,7196.7548828125
02/07/2024,7125.14208984375
01/07/2024,7139.6259765625
28/06/2024,7063.5771484375
27/06/2024,6967.951171875
26/06/2024,6905.64208984375
25/06/2024,6882.7041015625
24/06/2024,6889.1650390625
21/06/2024,6879.97802734375
20/06/2024,6819.32080078125
19/06/2024,6726.9189453125
14/06/2024,6734.83203125
13/06/2024,6831.56396484375
12/06/2024,6850.09716796875
11/06/2024,6855.69091796875
10/06/2024,6921.5478515625
07/06/2024,6897.9501953125
06/06/2024,6974.89697265625
05/06/2024,6947.669921875
04/06/2024,7099.31201171875
03/06/2024,7036.19091796875
31/05/2024,6970.73583984375
30/05/2024,7034.14208984375
29/05/2024,7140.22900390625
28/05/2024,7253.6259765625
27/05/2024,7176.419921875
22/05/2024,7222.3818359375
21/05/2024,7186.037109375
20/05/2024,7266.69091796875
17/05/2024,7317.23779296875
16/05/2024,7246.69580078125
15/05/2024,7179.8310546875
14/05/2024,7083.76318359375
13/05/2024,7099.26123046875
08/05/2024,7088.794921875
07/05/2024,7123.61181640625
06/05/2024,7135.89013671875
03/05/2024,7134.72412109375
02/05/2024,7117.4248046875
30/04/2024,7234.19677734375
29/04/2024,7155.7841796875
26/04/2024,7036.0751953125
25/04/2024,7155.2939453125
24/04/2024,7174.533203125
23/04/2024,7110.81298828125
22/04/2024,7073.81982421875
19/04/2024,7087.31689453125
18/04/2024,7166.81396484375
17/04/2024,7130.8408203125
16/04/2024,7164.80712890625
05/04/2024,7286.8818359375
04/04/2024,7254.39892578125
03/04/2024,7166.84423828125
02/04/2024,7236.98388671875
01/04/2024,7205.06103515625
28/03/2024,7288.81298828125
27/03/2024,7310.091796875
26/03/2024,7365.6640625
25/03/2024,7377.759765625
22/03/2024,7350.15185546875
21/03/2024,7338.35302734375
20/03/2024,7331.1279296875
19/03/2024,7336.74609375
18/03/2024,7302.44921875
15/03/2024,7328.05419921875
14/03/2024,7433.31494140625
13/03/2024,7421.20703125
08/03/2024,7381.9072265625
07/03/2024,7373.9638671875
06/03/2024,7329.80078125
05/03/2024,7247.4599609375
04/03/2024,7276.7490234375
01/03/2024,7311.9072265625
29/02/2024,7316.11083984375
28/02/2024,7328.63623046875
27/02/2024,7285.31689453125
26/02/2024,7283.8232421875
23/02/2024,7295.09521484375
22/02/2024,7339.63623046875
21/02/2024,7349.02099609375
20/02/2024,7352.60107421875
19/02/2024,7296.7021484375
16/02/2024,7335.544921875
15/02/2024,7303.28076171875
13/02/2024,7209.7412109375
12/02/2024,7297.6689453125
07/02/2024,7235.15185546875
06/02/2024,7247.408203125
05/02/2024,7198.615234375
02/02/2024,7238.78515625
01/02/2024,7201.69580078125
31/01/2024,7207.94091796875
30/01/2024,7192.2158203125
29/01/2024,7157.1748046875
26/01/2024,7137.087890625
25/01/2024,7178.0419921875
24/01/2024,7227.8232421875
23/01/2024,7256.22900390625
22/01/2024,7247.92822265625
19/01/2024,7227.40185546875
18/01/2024,7252.966796875
17/01/2024,7200.634765625
16/01/2024,7242.787109375
15/01/2024,7224.0009765625
12/01/2024,7241.13818359375
11/01/2024,7219.9638671875
10/01/2024,7227.296875
09/01/2024,7200.203125
08/01/2024,7283.5751953125
05/01/2024,7350.619140625
04/01/2024,7359.76318359375
03/01/2024,7279.0908203125
02/01/2024,7323.587890625
29/12/2023,7272.796875
28/12/2023,7303.88818359375
27/12/2023,7245.916015625
22/12/2023,7237.51904296875
21/12/2023,7209.619140625
20/12/2023,7219.6669921875
19/12/2023,7187.84619140625
18/12/2023,7119.52490234375
15/12/2023,7190.98779296875
14/12/2023,7176.01611328125
13/12/2023,7075.3408203125
12/12/2023,7125.30712890625
11/12/2023,7088.78515625
08/12/2023,7159.59814453125
07/12/2023,7134.623046875
06/12/2023,7087.39501953125
05/12/2023,7100.85498046875
04/12/2023,7093.60009765625
01/12/2023,7059.90576171875
30/11/2023,7080.7412109375
29/11/2023,7036.0869140625
28/11/2023,7041.0732421875
27/11/2023,7013.40576171875
24/11/2023,7009.630859375
23/11/2023,7004.34423828125
22/11/2023,6906.953125
21/11/2023,6961.7900390625
20/11/2023,6994.88818359375
17/11/2023,6977.66796875
16/11/2023,6958.0078125
15/11/2023,6958.205078125
14/11/2023,6862.05517578125
13/11/2023,6838.31201171875
10/11/2023,6809.26318359375
09/11/2023,6838.23291015625
08/11/2023,6804.10595703125
07/11/2023,6843.7900390625
06/11/2023,6878.8359375
03/11/2023,6788.85009765625
02/11/2023,6751.38623046875
01/11/2023,6642.41796875
31/10/2023,6752.2109375
30/10/2023,6735.89208984375
27/10/2023,6758.79296875
26/10/2023,6714.51904296875
25/10/2023,6834.38818359375
24/10/2023,6806.76220703125
23/10/2023,6741.9638671875
20/10/2023,6849.16796875
19/10/2023,6846.4267578125
18/10/2023,6927.90576171875
17/10/2023,6939.615234375
16/10/2023,6896.2919921875
13/10/2023,6926.77978515625
12/10/2023,6935.15087890625
11/10/2023,6931.7529296875
10/10/2023,6922.18798828125
09/10/2023,6891.455078125
06/10/2023,6888.51806640625
05/10/2023,6874.826171875
04/10/2023,6886.576171875
03/10/2023,6940.88720703125
02/10/2023,6961.458984375
29/09/2023,6939.89208984375
27/09/2023,6937.828125
26/09/2023,6923.7998046875
25/09/2023,6998.380859375
22/09/2023,7016.84423828125
21/09/2023,6991.4658203125
20/09/2023,7011.68115234375
19/09/2023,6980.32080078125
18/09/2023,6936.0830078125
15/09/2023,6982.791015625
14/09/2023,6959.3330078125
13/09/2023,6935.47607421875
12/09/2023,6933.96923828125
11/09/2023,6963.39306640625
08/09/2023,6924.77978515625
07/09/2023,6954.80810546875
06/09/2023,6995.953125
05/09/2023,6991.7080078125
04/09/2023,6996.75
01/09/2023,6977.65380859375
31/08/2023,6953.259765625
30/08/2023,6966.65576171875
29/08/2023,6957.8349609375
28/08/2023,6921.72705078125
25/08/2023,6895.44287109375
24/08/2023,6899.39208984375
23/08/2023,6921.41015625
22/08/2023,6916.4501953125
21/08/2023,6866.033203125
18/08/2023,6859.912109375
16/08/2023,6900.5380859375
15/08/2023,6915.10107421875
14/08/2023,6910.171875
11/08/2023,6879.97900390625
10/08/2023,6893.27587890625
09/08/2023,6875.11181640625
08/08/2023,6868.81298828125
07/08/2023,6886.3662109375
04/08/2023,6852.841796875
03/08/2023,6898.0771484375
02/08/2023,6854.509765625
01/08/2023,6886.49609375
31/07/2023,6931.35888671875
28/07/2023,6900.22998046875
27/07/2023,6896.6630859375
26/07/2023,6948.27880859375
25/07/2023,6917.7109375
24/07/2023,6899.39599609375
21/07/2023,6880.8017578125
20/07/2023,6864.18896484375
18/07/2023,6830.203125
17/07/2023,6867.14404296875
14/07/2023,6869.57177734375
13/07/2023,6810.212890625
12/07/2023,6808.208984375
11/07/2023,6796.923828125
10/07/2023,6731.0380859375
07/07/2023,6716.458984375
06/07/2023,6757.3310546875
05/07/2023,6718.97705078125
04/07/2023,6681.75390625
03/07/2023,6696.7158203125
27/06/2023,6661.87890625
26/06/2023,6664.66796875
23/06/2023,6639.73291015625
22/06/2023,6652.26123046875
21/06/2023,6702.625
20/06/2023,6660.455078125
19/06/2023,6686.05908203125
16/06/2023,6698.546875
15/06/2023,6713.794921875
14/06/2023,6699.716796875
13/06/2023,6719.01416015625
12/06/2023,6722.373046875
09/06/2023,6694.02392578125
08/06/2023,6666.330078125
07/06/2023,6619.7548828125
06/06/2023,6618.9228515625
05/06/2023,6633.43701171875
31/05/2023,6633.26123046875
30/05/2023,6636.4228515625
29/05/2023,6681.10205078125
26/05/2023,6687.0009765625
25/05/2023,6704.23095703125
24/05/2023,6745.80419921875
23/05/2023,6736.68408203125
22/05/2023,6729.64697265625
19/05/2023,6700.56103515625
17/05/2023,6663.11376953125
16/05/2023,6676.56396484375
15/05/2023,6711.740234375
12/05/2023,6707.76318359375
11/05/2023,6755.93798828125
10/05/2023,6811.90478515625
09/05/2023,6779.97998046875
08/05/2023,6769.630859375
05/05/2023,6787.630859375
04/05/2023,6844.02685546875
03/05/2023,6812.72216796875
02/05/2023,6863.3017578125
28/04/2023,6915.7158203125
27/04/2023,6945.47705078125
26/04/2023,6910.14697265625
18/04/2023,6821.80712890625
17/04/2023,6787.58203125
14/04/2023,6818.57421875
13/04/2023,6785.59814453125
12/04/2023,6798.9638671875
11/04/2023,6811.31396484375
10/04/2023,6771.23486328125
06/04/2023,6792.76513671875
05/04/2023,6819.6748046875
04/04/2023,6833.17822265625
03/04/2023,6827.1748046875
31/03/2023,6805.27685546875
30/03/2023,6808.951171875
29/03/2023,6839.43603515625
28/03/2023,6760.328125
27/03/2023,6708.93310546875
24/03/2023,6762.25390625
21/03/2023,6691.61083984375
20/03/2023,6612.490234375
17/03/2023,6678.23681640625
16/03/2023,6565.72802734375
15/03/2023,6628.13720703125
14/03/2023,6641.81396484375
13/03/2023,6786.955078125
10/03/2023,6765.3017578125
09/03/2023,6799.794921875
08/03/2023,6776.3701171875
07/03/2023,6766.7578125
06/03/2023,6807.0009765625
03/03/2023,6813.63623046875
02/03/2023,6857.4150390625
01/03/2023,6844.93603515625
28/02/2023,6843.23876953125
27/02/2023,6854.77685546875
24/02/2023,6856.576171875
23/02/2023,6839.4541015625
22/02/2023,6809.9677734375
21/02/2023,6873.40478515625
20/02/2023,6894.716796875
17/02/2023,6895.7138671875
16/02/2023,6895.6640625
15/02/2023,6914.5380859375
14/02/2023,6941.85498046875
13/02/2023,6900.14013671875
10/02/2023,6880.3291015625
09/02/2023,6897.365234375
08/02/2023,6940.1240234375
07/02/2023,6935.30078125
06/02/2023,6873.791015625
03/02/2023,6911.73193359375
02/02/2023,6890.57177734375
01/02/2023,6862.2578125
31/01/2023,6839.341796875
30/01/2023,6872.48095703125
27/01/2023,6898.98095703125
26/01/2023,6864.81787109375
25/01/2023,6829.93017578125
24/01/2023,6860.85400390625
20/01/2023,6874.93115234375
19/01/2023,6819.9072265625
18/01/2023,6765.7861328125
17/01/2023,6767.33984375
16/01/2023,6688.05712890625
13/01/2023,6641.830078125
12/01/2023,6629.93408203125
11/01/2023,6584.453125
10/01/2023,6622.4990234375
09/01/2023,6688.26513671875
06/01/2023,6684.55810546875
05/01/2023,6653.8408203125
04/01/2023,6813.23876953125
03/01/2023,6888.7578125
02/01/2023,6850.98388671875
30/12/2022,6850.619140625
29/12/2022,6860.0771484375
28/12/2022,6850.52001953125
27/12/2022,6923.02685546875
26/12/2022,6835.80810546875
23/12/2022,6800.6728515625
22/12/2022,6824.43212890625
21/12/2022,6820.6630859375
20/12/2022,6768.31591796875
19/12/2022,6779.6982421875
16/12/2022,6812.19287109375
15/12/2022,6751.85986328125
14/12/2022,6801.7490234375
13/12/2022,6810.31591796875
12/12/2022,6734.4521484375
09/12/2022,6715.1181640625
08/12/2022,6804.22705078125
07/12/2022,6818.751953125
06/12/2022,6892.56982421875
05/12/2022,6987.328125
02/12/2022,7019.63916015625
01/12/2022,7020.80322265625
30/11/2022,7081.31298828125
29/11/2022,7012.06884765625
28/11/2022,7017.35791015625
25/11/2022,7053.14990234375
24/11/2022,7080.51513671875
23/11/2022,7054.123046875
22/11/2022,7030.587890625
21/11/2022,7063.2470703125
18/11/2022,7082.18115234375
17/11/2022,7044.98583984375
16/11/2022,7014.3837890625
15/11/2022,7035.5
14/11/2022,7019.39208984375
11/11/2022,7089.2060546875
10/11/2022,6966.8369140625
09/11/2022,7070.083984375
08/11/2022,7050.1259765625
07/11/2022,7102.39599609375
04/11/2022,7045.52685546875
03/11/2022,7034.5732421875
02/11/2022,7015.68994140625
01/11/2022,7052.30322265625
31/10/2022,7098.89013671875
28/10/2022,7056.0400390625
27/10/2022,7091.76123046875
26/10/2022,7043.93896484375
25/10/2022,7048.3798828125
24/10/2022,7053.0439453125
21/10/2022,7017.77099609375
20/10/2022,6980.65185546875
19/10/2022,6860.416015625
18/10/2022,6834.494140625
17/10/2022,6831.115234375
14/10/2022,6814.52978515625
13/10/2022,6880.625
12/10/2022,6909.208984375
11/10/2022,6939.14501953125
10/10/2022,6994.39501953125
07/10/2022,7026.783203125
06/10/2022,7076.623046875
05/10/2022,7075.384765625
04/10/2022,7072.255859375
03/10/2022,7009.7177734375
30/09/2022,7040.7978515625
29/09/2022,7036.1982421875
28/09/2022,7077.03076171875
27/09/2022,7112.44921875
26/09/2022,7127.5029296875
23/09/2022,7178.5830078125
22/09/2022,7218.90576171875
21/09/2022,7188.31396484375
20/09/2022,7196.951171875
19/09/2022,7195.48779296875
16/09/2022,7168.8701171875
15/09/2022,7305.60107421875
14/09/2022,7278.078125
13/09/2022,7318.01611328125
12/09/2022,7254.4638671875
09/09/2022,7242.65576171875
08/09/2022,7232.01708984375
07/09/2022,7186.7568359375
06/09/2022,7233.15478515625
05/09/2022,7231.8828125
02/09/2022,7177.17919921875
01/09/2022,7153.10400390625
31/08/2022,7178.58984375
30/08/2022,7159.47314453125
29/08/2022,7132.044921875
26/08/2022,7135.248046875
25/08/2022,7174.2080078125
24/08/2022,7194.7060546875
23/08/2022,7163.26513671875
22/08/2022,7107.98291015625
19/08/2022,7172.43408203125
18/08/2022,7186.55810546875
16/08/2022,7133.453125
15/08/2022,7093.27587890625
12/08/2022,7129.27685546875
11/08/2022,7160.384765625
10/08/2022,7086.23583984375
09/08/2022,7102.8798828125
08/08/2022,7086.84912109375
05/08/2022,7084.65478515625
04/08/2022,7057.34814453125
03/08/2022,7046.634765625
02/08/2022,6988.1572265625
01/08/2022,6968.783203125
29/07/2022,6951.123046875
28/07/2022,6956.81689453125
27/07/2022,6898.2158203125
26/07/2022,6871.537109375
25/07/2022,6858.4072265625
22/07/2022,6886.9619140625
21/07/2022,6864.130859375
20/07/2022,6874.7431640625
19/07/2022,6736.091796875
18/07/2022,6659.2529296875
15/07/2022,6651.90478515625
14/07/2022,6690.0869140625
13/07/2022,6640.990234375
12/07/2022,6718.2939453125
11/07/2022,6722.14501953125
08/07/2022,6740.21923828125
07/07/2022,6652.5869140625
06/07/2022,6646.41015625
05/07/2022,6703.26611328125
04/07/2022,6639.171875
01/07/2022,6794.328125
30/06/2022,6911.58203125
29/06/2022,6942.35107421875
28/06/2022,6996.4560546875
27/06/2022,7016.05517578125
24/06/2022,7042.93701171875
23/06/2022,6998.26708984375
22/06/2022,6984.31103515625
21/06/2022,7044.07080078125
20/06/2022,6976.376953125
17/06/2022,6936.966796875
16/06/2022,7050.326171875
15/06/2022,7007.0498046875
14/06/2022,7049.8818359375
13/06/2022,6995.44189453125
10/06/2022,7086.64794921875
09/06/2022,7182.830078125
08/06/2022,7193.31396484375
07/06/2022,7141.044921875
06/06/2022,7096.58203125
03/06/2022,7182.9609375
02/06/2022,7148.72314453125
31/05/2022,7148.97021484375
30/05/2022,7037.56494140625
27/05/2022,7026.255859375
25/05/2022,6883.50390625
24/05/2022,6914.14111328125
23/05/2022,6840.77490234375
20/05/2022,6918.14404296875
19/05/2022,6823.3349609375
18/05/2022,6793.4140625
17/05/2022,6644.466796875
13/05/2022,6597.9931640625
12/05/2022,6599.83984375
11/05/2022,6816.203125
10/05/2022,6819.7939453125
09/05/2022,6909.7509765625
28/04/2022,7228.9140625
27/04/2022,7196.76416015625
26/04/2022,7232.15283203125
25/04/2022,7215.97900390625
22/04/2022,7225.60595703125
21/04/2022,7276.19287109375
20/04/2022,7227.36181640625
19/04/2022,7199.23193359375
18/04/2022,7275.2890625
14/04/2022,7235.5322265625
13/04/2022,7262.77685546875
12/04/2022,7214.78076171875
11/04/2022,7203.7939453125
08/04/2022,7210.8349609375
07/04/2022,7127.3671875
06/04/2022,7104.2158203125
05/04/2022,7148.298828125
04/04/2022,7116.2177734375
01/04/2022,7078.759765625
31/03/2022,7071.44189453125
30/03/2022,7053.18994140625
29/03/2022,7011.68896484375
28/03/2022,7049.60302734375
25/03/2022,7002.5322265625
24/03/2022,7049.68505859375
23/03/2022,6996.115234375
22/03/2022,7000.82177734375
21/03/2022,6955.18115234375
18/03/2022,6954.96484375
17/03/2022,6964.384765625
16/03/2022,6992.39501953125
15/03/2022,6918.18505859375
14/03/2022,6952.2041015625
11/03/2022,6922.60205078125
10/03/2022,6924.0078125
09/03/2022,6864.44091796875
08/03/2022,6814.18310546875
07/03/2022,6869.06591796875
04/03/2022,6928.328125
02/03/2022,6868.40185546875
01/03/2022,6921.44091796875
25/02/2022,6888.1708984375
24/02/2022,6817.81982421875
23/02/2022,6920.05615234375
22/02/2022,6861.994140625
21/02/2022,6902.96484375
18/02/2022,6892.81787109375
17/02/2022,6835.1171875
16/02/2022,6850.1982421875
15/02/2022,6807.4970703125
14/02/2022,6734.48583984375
11/02/2022,6815.60693359375
10/02/2022,6823.64208984375
09/02/2022,6834.60595703125
08/02/2022,6789.52197265625
07/02/2022,6804.93701171875
04/02/2022,6731.39111328125
03/02/2022,6683.85107421875
02/02/2022,6707.65185546875
31/01/2022,6631.15087890625
28/01/2022,6645.51123046875
27/01/2022,6611.1611328125
26/01/2022,6600.81884765625
25/01/2022,6568.1728515625
24/01/2022,6655.166015625
21/01/2022,6726.373046875
20/01/2022,6626.87109375
19/01/2022,6591.98095703125
18/01/2022,6614.05908203125
17/01/2022,6645.0478515625
14/01/2022,6693.40087890625
13/01/2022,6658.35595703125
12/01/2022,6647.06494140625
11/01/2022,6647.97021484375
10/01/2022,6691.1240234375
07/01/2022,6701.31591796875
06/01/2022,6653.35107421875
05/01/2022,6662.298828125
04/01/2022,6695.373046875
03/01/2022,6665.30810546875
30/12/2021,6581.48193359375
29/12/2021,6600.6767578125
28/12/2021,6598.3427734375
27/12/2021,6575.44384765625
24/12/2021,6562.89990234375
23/12/2021,6555.55078125
22/12/2021,6529.5927734375
21/12/2021,6554.30908203125
20/12/2021,6547.11181640625
17/12/2021,6601.93212890625
16/12/2021,6594.7978515625
15/12/2021,6626.2568359375
14/12/2021,6615.63720703125
13/12/2021,6662.87109375
10/12/2021,6652.921875
09/12/2021,6643.93212890625
08/12/2021,6603.7978515625
07/12/2021,6602.56884765625
06/12/2021,6547.1162109375
03/12/2021,6538.505859375
02/12/2021,6583.81982421875
01/12/2021,6507.6767578125
30/11/2021,6533.93212890625
29/11/2021,6608.2900390625
26/11/2021,6561.55322265625
25/11/2021,6699.34619140625
24/11/2021,6683.27685546875
23/11/2021,6677.8759765625
22/11/2021,6723.38623046875
19/11/2021,6720.26318359375
18/11/2021,6636.46923828125
17/11/2021,6675.80419921875
16/11/2021,6651.20703125
15/11/2021,6616.02880859375
12/11/2021,6651.05419921875
11/11/2021,6691.341796875
10/11/2021,6683.14501953125
09/11/2021,6669.9248046875
08/11/2021,6632.296875
05/11/2021,6581.78515625
04/11/2021,6586.44287109375
03/11/2021,6552.1298828125
02/11/2021,6493.27490234375
01/11/2021,6552.88916015625
29/10/2021,6591.34619140625
28/10/2021,6524.076171875
27/10/2021,6602.208984375
26/10/2021,6656.93701171875
25/10/2021,6625.69677734375
22/10/2021,6643.73779296875
21/10/2021,6632.97216796875
19/10/2021,6655.998046875
18/10/2021,6658.76806640625
15/10/2021,6633.337890625
14/10/2021,6626.11376953125
13/10/2021,6536.90380859375
12/10/2021,6486.26708984375
11/10/2021,6459.69677734375
08/10/2021,6481.76904296875
07/10/2021,6416.39599609375
06/10/2021,6417.3232421875
05/10/2021,6288.048828125
04/10/2021,6342.68603515625
01/10/2021,6228.84521484375
30/09/2021,6286.94287109375
29/09/2021,6162.55419921875
28/09/2021,6113.11181640625
27/09/2021,6122.4951171875
24/09/2021,6144.81494140625
23/09/2021,6142.7119140625
22/09/2021,6108.26513671875
21/09/2021,6060.7568359375
20/09/2021,6076.31494140625
17/09/2021,6133.24609375
16/09/2021,6109.94189453125
15/09/2021,6110.22900390625
14/09/2021,6129.09521484375
13/09/2021,6088.1572265625
10/09/2021,6094.873046875
09/09/2021,6068.21923828125
08/09/2021,6026.02001953125
07/09/2021,6112.39990234375
06/09/2021,6126.93798828125
03/09/2021,6126.9208984375
02/09/2021,6078.22900390625
01/09/2021,6090.93310546875
31/08/2021,6150.298828125
30/08/2021,6144.90185546875
27/08/2021,6041.3662109375
26/08/2021,6058.080078125
25/08/2021,6113.240234375
24/08/2021,6089.4970703125
23/08/2021,6109.828125
20/08/2021,6030.77197265625
19/08/2021,5992.32177734375
18/08/2021,6118.14990234375
16/08/2021,6087.9130859375
13/08/2021,6139.4921875
12/08/2021,6139.65185546875
10/08/2021,6088.408203125
09/08/2021,6127.4560546875
06/08/2021,6203.43115234375
05/08/2021,6205.4169921875
04/08/2021,6159.03515625
03/08/2021,6130.57080078125
02/08/2021,6096.54296875
30/07/2021,6070.0390625
29/07/2021,6120.72705078125
28/07/2021,6088.52294921875
27/07/2021,6097.048828125
26/07/2021,6106.39404296875
23/07/2021,6101.68994140625
22/07/2021,6137.546875
21/07/2021,6029.97607421875
19/07/2021,6017.39404296875
16/07/2021,6072.509765625
15/07/2021,6046.75390625
14/07/2021,5979.21484375
13/07/2021,6012.0322265625
12/07/2021,6078.56787109375
09/07/2021,6039.84423828125
08/07/2021,6039.89599609375
07/07/2021,6044.037109375
06/07/2021,6047.11083984375
05/07/2021,6005.60888671875
02/07/2021,6023.0078125
01/07/2021,6005.9580078125
30/06/2021,5985.48876953125
29/06/2021,5949.0498046875
28/06/2021,5939.47119140625
25/06/2021,6022.39892578125
24/06/2021,6012.05615234375
23/06/2021,6034.54296875
22/06/2021,6087.841796875
21/06/2021,5996.2529296875
18/06/2021,6007.1201171875
17/06/2021,6068.44677734375
16/06/2021,6078.56787109375
15/06/2021,6089.0380859375
14/06/2021,6080.3837890625
11/06/2021,6095.4970703125
10/06/2021,6107.5380859375
09/06/2021,6047.47509765625
08/06/2021,5999.369140625
07/06/2021,6069.93505859375
04/06/2021,6065.166015625
03/06/2021,6091.51318359375
02/06/2021,6031.578125
31/05/2021,5947.462890625
28/05/2021,5848.6162109375
27/05/2021,5841.828125
25/05/2021,5815.83984375
24/05/2021,5763.6318359375
21/05/2021,5773.1201171875
20/05/2021,5797.59716796875
19/05/2021,5760.583984375
18/05/2021,5834.39404296875
17/05/2021,5833.85986328125
11/05/2021,5938.35107421875
10/05/2021,5975.787109375
07/05/2021,5928.30908203125
06/05/2021,5970.240234375
05/05/2021,5975.9111328125
04/05/2021,5963.81982421875
03/05/2021,5952.59716796875
30/04/2021,5995.6162109375
29/04/2021,6012.9609375
28/04/2021,5974.47900390625
27/04/2021,5959.62109375
26/04/2021,5964.82080078125
23/04/2021,6016.86376953125
22/04/2021,5994.18408203125
21/04/2021,5993.2421875
20/04/2021,6038.32177734375
19/04/2021,6052.5400390625
16/04/2021,6086.2578125
15/04/2021,6079.5009765625
14/04/2021,6050.27587890625
13/04/2021,5927.43505859375
12/04/2021,5948.56884765625
09/04/2021,6070.208984375
08/04/2021,6071.72412109375
07/04/2021,6036.6162109375
06/04/2021,6002.77001953125
05/04/2021,5970.2861328125
01/04/2021,6011.4560546875
31/03/2021,5985.52197265625
30/03/2021,6071.44189453125
29/03/2021,6166.81787109375
26/03/2021,6195.56201171875
25/03/2021,6122.8759765625
24/03/2021,6156.14013671875
23/03/2021,6252.7119140625
22/03/2021,6301.130859375
19/03/2021,6356.16015625
18/03/2021,6347.8291015625
17/03/2021,6277.22802734375
16/03/2021,6309.69921875
15/03/2021,6324.2587890625
12/03/2021,6358.208984375
10/03/2021,6264.67919921875
09/03/2021,6199.64697265625
08/03/2021,6248.46484375
05/03/2021,6258.7490234375
04/03/2021,6290.798828125
03/03/2021,6376.7568359375
02/03/2021,6359.205078125
01/03/2021,6338.51318359375
26/02/2021,6241.7958984375
25/02/2021,6289.64599609375
24/02/2021,6251.05419921875
23/02/2021,6272.80712890625
22/02/2021,6255.31201171875
19/02/2021,6231.93212890625
18/02/2021,6200.30810546875
17/02/2021,6227.72802734375
16/02/2021,6292.39599609375
15/02/2021,6270.32421875
11/02/2021,6222.52099609375
10/02/2021,6201.828125
09/02/2021,6181.671875
08/02/2021,6208.8662109375
05/02/2021,6151.72900390625
04/02/2021,6107.2158203125
03/02/2021,6077.7451171875
02/02/2021,6043.8408203125
01/02/2021,6067.544921875
29/01/2021,5862.35205078125
28/01/2021,5979.38720703125
27/01/2021,6109.16796875
26/01/2021,6140.1708984375
25/01/2021,6258.57177734375
22/01/2021,6307.126953125
21/01/2021,6413.89208984375
20/01/2021,6429.7578125
19/01/2021,6321.85595703125
18/01/2021,6389.833984375
15/01/2021,6373.412109375
14/01/2021,6428.31494140625
13/01/2021,6435.205078125
12/01/2021,6395.6689453125
11/01/2021,6382.93701171875
08/01/2021,6257.8349609375
07/01/2021,6153.6328125
06/01/2021,6065.68212890625
05/01/2021,6137.3427734375
04/01/2021,6104.89794921875
30/12/2020,5979.0732421875
29/12/2020,6036.173828125
28/12/2020,6093.55419921875
23/12/2020,6008.708984375
22/12/2020,6023.2890625
21/12/2020,6165.6240234375
18/12/2020,6104.32421875
17/12/2020,6113.3818359375
16/12/2020,6118.40185546875
15/12/2020,6010.1279296875
14/12/2020,6012.51611328125
11/12/2020,5938.3291015625
10/12/2020,5933.6982421875
08/12/2020,5944.4091796875
07/12/2020,5930.7587890625
04/12/2020,5810.48291015625
03/12/2020,5822.94189453125
02/12/2020,5813.98681640625
01/12/2020,5724.7421875
30/11/2020,5612.4150390625
27/11/2020,5783.3349609375
26/11/2020,5759.916015625
25/11/2020,5679.2470703125
24/11/2020,5701.02880859375
23/11/2020,5652.76416015625
20/11/2020,5571.65576171875
19/11/2020,5594.05908203125
18/11/2020,5557.51806640625
17/11/2020,5529.93994140625
16/11/2020,5494.8720703125
13/11/2020,5461.05810546875
12/11/2020,5458.60205078125
11/11/2020,5509.51318359375
10/11/2020,5462.73876953125
09/11/2020,5356.0048828125
06/11/2020,5335.52880859375
05/11/2020,5260.326171875
04/11/2020,5105.19921875
03/11/2020,5159.4521484375
02/11/2020,5115.1279296875
27/10/2020,5128.22509765625
26/10/2020,5144.048828125
23/10/2020,5112.18798828125
22/10/2020,5091.81591796875
21/10/2020,5096.44580078125
20/10/2020,5099.83984375
19/10/2020,5126.330078125
16/10/2020,5103.4140625
15/10/2020,5105.14990234375
14/10/2020,5176.09912109375
13/10/2020,5132.57177734375
12/10/2020,5093.09912109375
09/10/2020,5053.6630859375
08/10/2020,5039.14208984375
07/10/2020,5004.3271484375
06/10/2020,4999.22119140625
05/10/2020,4958.76904296875
02/10/2020,4926.73388671875
01/10/2020,4970.09423828125
30/09/2020,4870.0390625
29/09/2020,4879.09814453125
28/09/2020,4906.5478515625
25/09/2020,4945.791015625
24/09/2020,4842.755859375
23/09/2020,4917.955078125
22/09/2020,4934.0927734375
21/09/2020,4999.35986328125
18/09/2020,5059.22314453125
17/09/2020,5038.40087890625
16/09/2020,5058.48193359375
15/09/2020,5100.865234375
14/09/2020,5161.828125
11/09/2020,5016.7119140625
10/09/2020,4891.4609375
09/09/2020,5149.3759765625
08/09/2020,5244.07177734375
07/09/2020,5230.19580078125
04/09/2020,5239.85107421875
03/09/2020,5280.81298828125
02/09/2020,5311.97021484375
01/09/2020,5310.67919921875
31/08/2020,5238.48681640625
28/08/2020,5346.6591796875
27/08/2020,5371.47216796875
26/08/2020,5340.328125
25/08/2020,5338.88818359375
24/08/2020,5277.041015625
19/08/2020,5272.81005859375
18/08/2020,5295.173828125
14/08/2020,5247.68994140625
13/08/2020,5239.25
12/08/2020,5233.4521484375
11/08/2020,5190.169921875
10/08/2020,5157.833984375
07/08/2020,5143.89306640625
06/08/2020,5178.27197265625
05/08/2020,5127.05078125
04/08/2020,5075.001953125
03/08/2020,5006.22314453125
30/07/2020,5149.626953125
29/07/2020,5149.6298828125
28/07/2020,5112.98876953125
27/07/2020,5116.666015625
24/07/2020,5082.9912109375
23/07/2020,5145.009765625
22/07/2020,5110.18701171875
21/07/2020,5114.708984375
20/07/2020,5051.10595703125
17/07/2020,5079.5849609375
16/07/2020,5098.3740234375
15/07/2020,5075.7978515625
14/07/2020,5079.1220703125
13/07/2020,5064.44677734375
10/07/2020,5031.255859375
09/07/2020,5052.7939453125
08/07/2020,5076.173828125
07/07/2020,4987.08203125
06/07/2020,4988.8662109375
03/07/2020,4973.7939453125
02/07/2020,4966.77978515625
01/07/2020,4914.38818359375
30/06/2020,4905.39208984375
29/06/2020,4901.81787109375
26/06/2020,4904.087890625
25/06/2020,4896.72998046875
24/06/2020,4964.73486328125
23/06/2020,4879.1328125
22/06/2020,4918.8310546875
19/06/2020,4942.27490234375
18/06/2020,4925.248046875
17/06/2020,4987.77587890625
16/06/2020,4986.4580078125
15/06/2020,4816.3359375
12/06/2020,4880.35888671875
11/06/2020,4854.75390625
10/06/2020,4920.68212890625
09/06/2020,5035.05517578125
08/06/2020,5070.56103515625
05/06/2020,4947.7822265625
04/06/2020,4916.7041015625
03/06/2020,4941.005859375
02/06/2020,4847.5068359375
29/05/2020,4753.61181640625
28/05/2020,4716.18505859375
27/05/2020,4641.55517578125
26/05/2020,4626.798828125
20/05/2020,4545.9521484375
19/05/2020,4548.65576171875
18/05/2020,4511.05810546875
15/05/2020,4507.60693359375
14/05/2020,4513.833984375
13/05/2020,4554.35888671875
12/05/2020,4588.73388671875
11/05/2020,4639.10498046875
08/05/2020,4597.43017578125
06/05/2020,4608.7900390625
05/05/2020,4630.1328125
04/05/2020,4605.48681640625
30/04/2020,4716.40283203125
29/04/2020,4567.3232421875
28/04/2020,4529.55419921875
27/04/2020,4513.14111328125
24/04/2020,4496.06396484375
23/04/2020,4593.55419921875
22/04/2020,4567.56201171875
21/04/2020,4501.9189453125
20/04/2020,4575.90478515625
17/04/2020,4634.82080078125
16/04/2020,4480.60693359375
15/04/2020,4625.90478515625
14/04/2020,4706.4912109375
13/04/2020,4623.89404296875
09/04/2020,4649.0791015625
08/04/2020,4626.69482421875
07/04/2020,4778.63916015625
06/04/2020,4811.8271484375
03/04/2020,4623.42919921875
02/04/2020,4531.68505859375
01/04/2020,4466.037109375
31/03/2020,4538.93017578125
30/03/2020,4414.5
27/03/2020,4545.57080078125
26/03/2020,4338.90380859375
24/03/2020,3937.632080078125
23/03/2020,3989.51708984375
20/03/2020,4194.94384765625
19/03/2020,4105.421875
18/03/2020,4330.673828125
17/03/2020,4456.7490234375
16/03/2020,4690.6572265625
13/03/2020,4907.57080078125
12/03/2020,4895.748046875
11/03/2020,5154.10498046875
10/03/2020,5220.826171875
09/03/2020,5136.80908203125
06/03/2020,5498.5400390625
05/03/2020,5638.1298828125
04/03/2020,5650.13623046875
03/03/2020,5518.6279296875
02/03/2020,5361.24609375
28/02/2020,5452.7041015625
27/02/2020,5535.69384765625
26/02/2020,5688.9208984375
25/02/2020,5787.13818359375
24/02/2020,5807.0498046875
21/02/2020,5882.2548828125
20/02/2020,5942.48681640625
19/02/2020,5928.791015625
18/02/2020,5886.9619140625
17/02/2020,5867.52294921875
14/02/2020,5866.94482421875
13/02/2020,5871.9541015625
12/02/2020,5913.0810546875
11/02/2020,5954.39697265625
10/02/2020,5952.0830078125
07/02/2020,5999.60693359375
06/02/2020,5987.14501953125
05/02/2020,5978.509765625
04/02/2020,5922.3388671875
03/02/2020,5884.169921875
31/01/2020,5940.0478515625
30/01/2020,6057.59619140625
29/01/2020,6113.044921875
28/01/2020,6111.18408203125
27/01/2020,6133.2080078125
24/01/2020,6244.10888671875
23/01/2020,6249.2099609375
22/01/2020,6233.453125
21/01/2020,6238.15283203125
20/01/2020,6245.04296875
17/01/2020,6291.6572265625
16/01/2020,6286.0478515625
15/01/2020,6283.365234375
14/01/2020,6325.40576171875
13/01/2020,6296.56689453125
10/01/2020,6274.94091796875
09/01/2020,6274.4931640625
08/01/2020,6225.68603515625
07/01/2020,6279.34619140625
06/01/2020,6257.40283203125
03/01/2020,6323.4658203125
02/01/2020,6283.5810546875
30/12/2019,6299.5390625
27/12/2019,6329.31396484375
26/12/2019,6319.44287109375
23/12/2019,6305.91015625
20/12/2019,6284.3720703125
19/12/2019,6249.93017578125
18/12/2019,6287.25
17/12/2019,6244.35205078125
16/12/2019,6211.591796875
13/12/2019,6197.31787109375
12/12/2019,6139.39697265625
11/12/2019,6180.09912109375
10/12/2019,6183.5048828125
09/12/2019,6193.791015625
06/12/2019,6186.8681640625
05/12/2019,6152.1171875
04/12/2019,6112.87890625
03/12/2019,6133.89599609375
02/12/2019,6130.05517578125
29/11/2019,6011.830078125
28/11/2019,5953.06005859375
27/11/2019,6023.0390625
26/11/2019,6026.18798828125
25/11/2019,6070.76220703125
22/11/2019,6100.2421875
21/11/2019,6117.36376953125
20/11/2019,6155.10888671875
19/11/2019,6152.08984375
18/11/2019,6122.625
15/11/2019,6128.34521484375
14/11/2019,6098.9501953125
13/11/2019,6142.5009765625
12/11/2019,6180.9921875
11/11/2019,6148.740234375
08/11/2019,6177.98583984375
07/11/2019,6165.6240234375
06/11/2019,6217.544921875
05/11/2019,6264.15185546875
04/11/2019,6180.34423828125
01/11/2019,6207.19091796875
31/10/2019,6228.31689453125
30/10/2019,6295.7470703125
29/10/2019,6281.13818359375
28/10/2019,6265.3837890625
25/10/2019,6252.34521484375
24/10/2019,6339.64697265625
23/10/2019,6257.80615234375
22/10/2019,6225.4970703125
21/10/2019,6198.98681640625
18/10/2019,6191.94677734375
17/10/2019,6181.01416015625
16/10/2019,6169.591796875
15/10/2019,6158.166015625
14/10/2019,6126.876953125
11/10/2019,6105.7998046875
10/10/2019,6023.64111328125
09/10/2019,6029.16015625
08/10/2019,6039.60107421875
07/10/2019,6000.58203125
04/10/2019,6061.251953125
03/10/2019,6038.52880859375
02/10/2019,6055.4248046875
01/10/2019,6138.25
30/09/2019,6169.10205078125
27/09/2019,6196.88916015625
26/09/2019,6230.333984375
25/09/2019,6146.40380859375
24/09/2019,6137.60791015625
23/09/2019,6206.19921875
20/09/2019,6231.47314453125
19/09/2019,6244.47021484375
18/09/2019,6276.6328125
17/09/2019,6236.68994140625
16/09/2019,6219.43505859375
13/09/2019,6334.8427734375
12/09/2019,6342.173828125
11/09/2019,6381.9541015625
10/09/2019,6336.6728515625
09/09/2019,6326.212890625
06/09/2019,6308.9501953125
05/09/2019,6306.80322265625
04/09/2019,6269.6640625
03/09/2019,6261.58984375
02/09/2019,6290.5458984375
30/08/2019,6328.47021484375
29/08/2019,6289.119140625
28/08/2019,6281.64599609375
27/08/2019,6278.1708984375
26/08/2019,6214.509765625
23/08/2019,6255.59716796875
22/08/2019,6239.2451171875
21/08/2019,6252.966796875
20/08/2019,6295.73779296875
19/08/2019,6296.71484375
16/08/2019,6286.6572265625
15/08/2019,6257.5859375
14/08/2019,6267.3349609375
13/08/2019,6210.9619140625
12/08/2019,6250.59521484375
09/08/2019,6282.1318359375
08/08/2019,6274.6708984375
07/08/2019,6204.19482421875
06/08/2019,6119.47119140625
05/08/2019,6175.703125
02/08/2019,6340.18017578125
01/08/2019,6381.5419921875
31/07/2019,6390.5048828125
30/07/2019,6376.99609375
29/07/2019,6299.03515625
26/07/2019,6325.23681640625
25/07/2019,6401.365234375
24/07/2019,6384.98681640625
23/07/2019,6403.81005859375
22/07/2019,6433.546875
19/07/2019,6456.5390625
18/07/2019,6403.2939453125
17/07/2019,6394.60888671875
16/07/2019,6401.8798828125
15/07/2019,6418.23388671875
12/07/2019,6373.34521484375
11/07/2019,6417.06591796875
10/07/2019,6410.68310546875
09/07/2019,6388.3232421875
08/07/2019,6351.8271484375
05/07/2019,6373.47705078125
04/07/2019,6375.966796875
03/07/2019,6362.6220703125
02/07/2019,6384.89794921875
01/07/2019,6379.68798828125
28/06/2019,6358.62890625
27/06/2019,6352.7099609375
26/06/2019,6310.48876953125
25/06/2019,6320.44482421875
24/06/2019,6288.46484375
21/06/2019,6315.43603515625
20/06/2019,6335.6982421875
19/06/2019,6339.26220703125
18/06/2019,6257.330078125
17/06/2019,6190.52490234375
14/06/2019,6250.26513671875
13/06/2019,6273.08203125
12/06/2019,6276.1767578125
11/06/2019,6305.9921875
10/06/2019,6289.60986328125
31/05/2019,6209.1171875
29/05/2019,6104.10595703125
28/05/2019,6033.14208984375
27/05/2019,6098.97412109375
24/05/2019,6057.35302734375
23/05/2019,6032.69580078125
22/05/2019,5939.63623046875
21/05/2019,5951.3720703125
20/05/2019,5907.12109375
17/05/2019,5826.8681640625
16/05/2019,5895.73779296875
15/05/2019,5980.884765625
14/05/2019,6071.2021484375
13/05/2019,6135.39599609375
10/05/2019,6209.1181640625
09/05/2019,6198.80419921875
08/05/2019,6270.2021484375
07/05/2019,6297.31787109375
06/05/2019,6256.35205078125
03/05/2019,6319.458984375
02/05/2019,6374.421875
30/04/2019,6455.35205078125
29/04/2019,6425.89501953125
26/04/2019,6401.080078125
25/04/2019,6372.787109375
24/04/2019,6447.884765625
23/04/2019,6462.82177734375
22/04/2019,6414.7431640625
18/04/2019,6507.22119140625
16/04/2019,6481.541015625
15/04/2019,6435.15087890625
12/04/2019,6405.8662109375
11/04/2019,6410.166015625
10/04/2019,6478.326171875
09/04/2019,6484.34814453125
08/04/2019,6425.73388671875
05/04/2019,6474.01806640625
04/04/2019,6494.6298828125
02/04/2019,6476.06591796875
01/04/2019,6452.61083984375
29/03/2019,6468.7548828125
28/03/2019,6480.7880859375
27/03/2019,6444.73779296875
26/03/2019,6469.9990234375
25/03/2019,6411.2509765625
22/03/2019,6525.27392578125
21/03/2019,6501.77587890625
20/03/2019,6482.7099609375
19/03/2019,6480.27587890625
18/03/2019,6509.44677734375
15/03/2019,6461.18310546875
14/03/2019,6413.26611328125
13/03/2019,6377.5751953125
12/03/2019,6353.77392578125
11/03/2019,6366.43408203125
08/03/2019,6383.06787109375
06/03/2019,6457.9560546875
05/03/2019,6441.27978515625
04/03/2019,6488.419921875
01/03/2019,6499.8837890625
28/02/2019,6443.34814453125
27/02/2019,6525.68310546875
26/02/2019,6540.9501953125
25/02/2019,6525.35791015625
22/02/2019,6501.3779296875
21/02/2019,6537.76611328125
20/02/2019,6512.7841796875
19/02/2019,6494.6669921875
18/02/2019,6497.81494140625
15/02/2019,6389.0849609375
14/02/2019,6420.01806640625
13/02/2019,6419.1162109375
12/02/2019,6426.3251953125
11/02/2019,6495.001953125
08/02/2019,6521.6630859375
07/02/2019,6536.45703125
06/02/2019,6547.876953125
04/02/2019,6481.451171875
01/02/2019,6538.63818359375
31/01/2019,6532.96923828125
30/01/2019,6464.18896484375
29/01/2019,6436.47998046875
28/01/2019,6458.7119140625
25/01/2019,6482.8427734375
24/01/2019,6466.65478515625
23/01/2019,6451.169921875
22/01/2019,6468.56201171875
21/01/2019,6450.833984375
18/01/2019,6448.15576171875
17/01/2019,6423.77978515625
16/01/2019,6413.35986328125
15/01/2019,6408.7841796875
14/01/2019,6336.1162109375
11/01/2019,6361.46484375
10/01/2019,6328.7138671875
09/01/2019,6272.23779296875
08/01/2019,6262.84716796875
07/01/2019,6287.22412109375
04/01/2019,6274.5400390625
03/01/2019,6221.009765625
02/01/2019,6181.1748046875
28/12/2018,6194.498046875
27/12/2018,6190.64306640625
26/12/2018,6127.85009765625
21/12/2018,6163.59619140625
20/12/2018,6147.8759765625
19/12/2018,6176.09423828125
18/12/2018,6081.8671875
17/12/2018,6089.30517578125
14/12/2018,6169.8427734375
13/12/2018,6177.72021484375
12/12/2018,6115.5771484375
11/12/2018,6076.5869140625
10/12/2018,6111.35986328125
07/12/2018,6126.35595703125
06/12/2018,6115.4931640625
05/12/2018,6133.1201171875
04/12/2018,6152.85986328125
03/12/2018,6118.31982421875
30/11/2018,6056.1240234375
29/11/2018,6107.16796875
28/11/2018,5991.24609375
27/11/2018,6013.5888671875
26/11/2018,6022.77783203125
23/11/2018,6006.2021484375
22/11/2018,5990.81005859375
21/11/2018,5948.0517578125
19/11/2018,6005.296875
16/11/2018,6012.35009765625
15/11/2018,5955.73583984375
14/11/2018,5858.29296875
13/11/2018,5835.1982421875
12/11/2018,5777.05322265625
09/11/2018,5874.15380859375
08/11/2018,5976.80615234375
07/11/2018,5939.88623046875
06/11/2018,5923.93017578125
05/11/2018,5920.59423828125
02/11/2018,5906.2919921875
01/11/2018,5835.919921875
31/10/2018,5831.64990234375
30/10/2018,5789.10009765625
29/10/2018,5754.60693359375
26/10/2018,5784.9208984375
25/10/2018,5754.96484375
24/10/2018,5709.4169921875
23/10/2018,5797.89111328125
22/10/2018,5840.43505859375
19/10/2018,5837.291015625
18/10/2018,5845.2421875
17/10/2018,5868.6201171875
16/10/2018,5800.81689453125
15/10/2018,5727.255859375
12/10/2018,5756.490234375
11/10/2018,5702.82177734375
10/10/2018,5820.66796875
09/10/2018,5796.7900390625
08/10/2018,5761.0732421875
05/10/2018,5731.93505859375
04/10/2018,5756.619140625
03/10/2018,5867.73681640625
02/10/2018,5875.619140625
01/10/2018,5944.60107421875
28/09/2018,5976.55322265625
27/09/2018,5929.2158203125
26/09/2018,5873.27099609375
25/09/2018,5874.298828125
24/09/2018,5882.22021484375
21/09/2018,5957.744140625
20/09/2018,5931.26611328125
19/09/2018,5873.59716796875
18/09/2018,5811.7900390625
17/09/2018,5824.2568359375
14/09/2018,5931.28076171875
13/09/2018,5858.27392578125
12/09/2018,5798.15087890625
10/09/2018,5831.1171875
07/09/2018,5851.46484375
06/09/2018,5776.09521484375
05/09/2018,5683.5009765625
04/09/2018,5905.30078125
03/09/2018,5967.5791015625
31/08/2018,6018.4599609375
30/08/2018,6018.9638671875
29/08/2018,6065.14892578125
28/08/2018,6042.64990234375
27/08/2018,6025.9677734375
24/08/2018,5968.75
23/08/2018,5982.98486328125
21/08/2018,5944.30078125
20/08/2018,5892.19189453125
16/08/2018,5783.7978515625
15/08/2018,5816.58984375
14/08/2018,5769.873046875
13/08/2018,5861.24609375
10/08/2018,6077.1728515625
09/08/2018,6065.255859375
08/08/2018,6094.8291015625
07/08/2018,6091.25
06/08/2018,6101.130859375
03/08/2018,6007.5380859375
02/08/2018,6011.72314453125
01/08/2018,6033.4189453125
31/07/2018,5936.44287109375
30/07/2018,6027.93603515625
27/07/2018,5989.13623046875
26/07/2018,5946.13623046875
25/07/2018,5933.88916015625
24/07/2018,5931.841796875
23/07/2018,5915.7958984375
20/07/2018,5872.7841796875
19/07/2018,5871.0771484375
18/07/2018,5890.73095703125
17/07/2018,5861.5078125
16/07/2018,5905.158203125
13/07/2018,5944.07421875
12/07/2018,5907.8720703125
11/07/2018,5893.35888671875
10/07/2018,5881.759765625
09/07/2018,5807.375
06/07/2018,5694.912109375
05/07/2018,5739.33203125
04/07/2018,5733.63916015625
03/07/2018,5633.93701171875
02/07/2018,5746.77001953125
29/06/2018,5799.23681640625
28/06/2018,5667.31884765625
27/06/2018,5787.5517578125
26/06/2018,5825.64892578125
25/06/2018,5859.0830078125
22/06/2018,5821.81201171875
21/06/2018,5822.3330078125
20/06/2018,5884.0390625
08/06/2018,5993.626953125
07/06/2018,6106.6982421875
06/06/2018,6069.712890625
05/06/2018,6088.7900390625
04/06/2018,6014.81884765625
31/05/2018,5983.5869140625
30/05/2018,6011.05517578125
28/05/2018,6068.3251953125
25/05/2018,5975.7421875
24/05/2018,5946.5380859375
23/05/2018,5792.0009765625
22/05/2018,5751.119140625
21/05/2018,5733.85400390625
18/05/2018,5783.31005859375
17/05/2018,5815.919921875
16/05/2018,5841.4638671875
15/05/2018,5838.1162109375
14/05/2018,5947.15478515625
11/05/2018,5956.83203125
09/05/2018,5907.93798828125
08/05/2018,5774.7158203125
07/05/2018,5885.09814453125
04/05/2018,5792.34521484375
03/05/2018,5858.73193359375
02/05/2018,6012.23779296875
30/04/2018,5994.59521484375
27/04/2018,5919.23779296875
26/04/2018,5909.1982421875
25/04/2018,6079.85009765625
24/04/2018,6229.634765625
23/04/2018,6308.14794921875
20/04/2018,6337.69482421875
19/04/2018,6355.90087890625
18/04/2018,6320.0048828125
17/04/2018,6285.76220703125
16/04/2018,6286.748046875
13/04/2018,6270.3271484375
12/04/2018,6310.8017578125
11/04/2018,6360.93212890625
10/04/2018,6325.81787109375
09/04/2018,6246.130859375
06/04/2018,6175.0517578125
05/04/2018,6183.22705078125
04/04/2018,6157.09619140625
03/04/2018,6229.01318359375
02/04/2018,6240.57080078125
29/03/2018,6188.98681640625
28/03/2018,6140.8369140625
27/03/2018,6209.35009765625
26/03/2018,6200.171875
23/03/2018,6210.6982421875
22/03/2018,6254.07421875
21/03/2018,6312.8310546875
20/03/2018,6243.5771484375
19/03/2018,6289.57177734375
16/03/2018,6304.9521484375
15/03/2018,6321.90380859375
14/03/2018,6382.623046875
13/03/2018,6412.84619140625
12/03/2018,6500.68603515625
09/03/2018,6433.32177734375
08/03/2018,6443.02099609375
07/03/2018,6368.26708984375
06/03/2018,6500.11083984375
05/03/2018,6550.5927734375
02/03/2018,6582.31591796875
01/03/2018,6606.05322265625
28/02/2018,6597.2177734375
27/02/2018,6598.92578125
26/02/2018,6554.6728515625
23/02/2018,6619.80419921875
22/02/2018,6593.06005859375
21/02/2018,6643.39990234375
20/02/2018,6662.8759765625
19/02/2018,6689.287109375
15/02/2018,6591.58203125
14/02/2018,6594.40087890625
13/02/2018,6578.17822265625
12/02/2018,6523.4541015625
09/02/2018,6505.52294921875
08/02/2018,6544.6337890625
07/02/2018,6534.869140625
06/02/2018,6478.54296875
05/02/2018,6589.6748046875
02/02/2018,6628.81982421875
01/02/2018,6598.458984375
31/01/2018,6605.630859375
30/01/2018,6575.4921875
29/01/2018,6680.619140625
26/01/2018,6660.6181640625
25/01/2018,6615.328125
24/01/2018,6615.4921875
23/01/2018,6635.333984375
22/01/2018,6500.52880859375
19/01/2018,6490.89599609375
18/01/2018,6472.666015625
17/01/2018,6444.51806640625
16/01/2018,6429.69189453125
15/01/2018,6382.19482421875
12/01/2018,6370.06494140625
11/01/2018,6386.3388671875
10/01/2018,6371.173828125
09/01/2018,6373.14404296875
08/01/2018,6385.40380859375
05/01/2018,6353.73779296875
04/01/2018,6292.32080078125
03/01/2018,6251.47900390625
02/01/2018,6339.23779296875
29/12/2017,6355.65380859375
28/12/2017,6314.0458984375
27/12/2017,6277.1650390625
22/12/2017,6221.01318359375
21/12/2017,6183.39111328125
20/12/2017,6109.48193359375
19/12/2017,6167.666015625
18/12/2017,6133.962890625
15/12/2017,6119.4189453125
14/12/2017,6113.65283203125
13/12/2017,6054.60400390625
12/12/2017,6032.37109375
11/12/2017,6026.6328125
08/12/2017,6030.9580078125
07/12/2017,6006.8349609375
06/12/2017,6035.5078125
05/12/2017,6000.47412109375
04/12/2017,5998.19482421875
01/12/2017,5952.13818359375
30/11/2017,5952.13818359375
29/11/2017,6061.3671875
28/11/2017,6070.7158203125
27/11/2017,6064.5888671875
24/11/2017,6067.14208984375
23/11/2017,6063.2451171875
22/11/2017,6069.78515625
21/11/2017,6031.86181640625
20/11/2017,6053.2822265625
17/11/2017,6051.73193359375
16/11/2017,6037.9072265625
15/11/2017,5972.31103515625
14/11/2017,5988.2919921875
13/11/2017,6021.4560546875
10/11/2017,6021.828125
09/11/2017,6042.4599609375
08/11/2017,6049.3837890625
07/11/2017,6060.453125
06/11/2017,6050.8232421875
03/11/2017,6039.541015625
02/11/2017,6031.10693359375
01/11/2017,6038.14599609375
31/10/2017,6005.7841796875
30/10/2017,5974.0771484375
27/10/2017,5975.28076171875
26/10/2017,5995.84716796875
25/10/2017,6025.43408203125
24/10/2017,5952.076171875
23/10/2017,5950.02587890625
20/10/2017,5929.548828125
19/10/2017,5910.52978515625
18/10/2017,5929.201171875
17/10/2017,5947.330078125
16/10/2017,5949.701171875
13/10/2017,5924.1240234375
12/10/2017,5926.2041015625
11/10/2017,5882.787109375
10/10/2017,5905.76220703125
09/10/2017,5914.93310546875
06/10/2017,5905.3779296875
05/10/2017,5901.90576171875
04/10/2017,5951.47509765625
03/10/2017,5939.453125
02/10/2017,5914.02978515625
29/09/2017,5900.85400390625
28/09/2017,5841.046875
27/09/2017,5863.02685546875
26/09/2017,5863.9619140625
25/09/2017,5894.61181640625
22/09/2017,5911.7080078125
20/09/2017,5906.5732421875
19/09/2017,5901.326171875
18/09/2017,5884.61083984375
15/09/2017,5872.39208984375
14/09/2017,5852.001953125
13/09/2017,5845.73388671875
12/09/2017,5872.376953125
11/09/2017,5871.880859375
08/09/2017,5857.119140625
07/09/2017,5832.31103515625
06/09/2017,5824.13818359375
05/09/2017,5829.97900390625
04/09/2017,5813.7412109375
31/08/2017,5864.05908203125
30/08/2017,5872.505859375
29/08/2017,5888.2119140625
28/08/2017,5903.3408203125
25/08/2017,5915.36279296875
24/08/2017,5894.1171875
23/08/2017,5914.02392578125
22/08/2017,5880.296875
21/08/2017,5861.00390625
18/08/2017,5893.8408203125
16/08/2017,5891.94921875
15/08/2017,5835.041015625
14/08/2017,5801.48779296875
11/08/2017,5766.13818359375
10/08/2017,5825.94580078125
09/08/2017,5824.0068359375
08/08/2017,5810.56298828125
07/08/2017,5749.2919921875
04/08/2017,5777.48193359375
03/08/2017,5780.576171875
02/08/2017,5824.2490234375
01/08/2017,5805.205078125
31/07/2017,5840.93896484375
28/07/2017,5831.02685546875
27/07/2017,5819.744140625
26/07/2017,5800.2060546875
25/07/2017,5813.53515625
24/07/2017,5801.5869140625
21/07/2017,5765.423828125
20/07/2017,5825.2080078125
19/07/2017,5806.68994140625
18/07/2017,5822.35205078125
17/07/2017,5841.27978515625
14/07/2017,5831.794921875
13/07/2017,5830.0439453125
12/07/2017,5819.1318359375
11/07/2017,5773.326171875
10/07/2017,5771.505859375
07/07/2017,5814.79296875
06/07/2017,5849.5751953125
05/07/2017,5825.05419921875
04/07/2017,5865.36376953125
03/07/2017,5910.23681640625
22/06/2017,5829.7080078125
21/06/2017,5818.5517578125
20/06/2017,5791.90380859375
19/06/2017,5741.9091796875
16/06/2017,5723.63623046875
15/06/2017,5776.283203125
14/06/2017,5792.89697265625
13/06/2017,5707.64501953125
12/06/2017,5691.43603515625
09/06/2017,5675.52294921875
08/06/2017,5702.921875
07/06/2017,5717.3251953125
06/06/2017,5707.8310546875
05/06/2017,5748.23486328125
02/06/2017,5742.44580078125
31/05/2017,5738.15478515625
30/05/2017,5693.39111328125
29/05/2017,5712.3310546875
26/05/2017,5716.81494140625
24/05/2017,5703.43310546875
23/05/2017,5730.61279296875
22/05/2017,5749.44482421875
19/05/2017,5791.8837890625
18/05/2017,5645.451171875
17/05/2017,5615.4921875
16/05/2017,5646.9990234375
15/05/2017,5688.8701171875
12/05/2017,5675.2158203125
10/05/2017,5653.0078125
09/05/2017,5697.05615234375
08/05/2017,5707.86181640625
05/05/2017,5683.376953125
04/05/2017,5669.44287109375
03/05/2017,5647.3681640625
02/05/2017,5675.80810546875
28/04/2017,5685.2978515625
27/04/2017,5707.02783203125
26/04/2017,5726.52978515625
25/04/2017,5680.7958984375
21/04/2017,5664.47509765625
20/04/2017,5595.30615234375
18/04/2017,5606.51708984375
17/04/2017,5577.48681640625
13/04/2017,5616.544921875
12/04/2017,5644.15478515625
11/04/2017,5627.93310546875
10/04/2017,5644.298828125
07/04/2017,5653.48583984375
06/04/2017,5680.23876953125
05/04/2017,5676.97998046875
04/04/2017,5651.8232421875
03/04/2017,5606.7890625
31/03/2017,5568.10595703125
30/03/2017,5592.9521484375
29/03/2017,5592.509765625
27/03/2017,5541.2021484375
24/03/2017,5567.1337890625
23/03/2017,5563.7587890625
22/03/2017,5534.0927734375
21/03/2017,5543.0927734375
20/03/2017,5533.9921875
17/03/2017,5540.43212890625
16/03/2017,5518.2412109375
15/03/2017,5432.380859375
14/03/2017,5431.5849609375
13/03/2017,5409.3720703125
10/03/2017,5390.6767578125
09/03/2017,5402.38623046875
08/03/2017,5393.76416015625
07/03/2017,5402.615234375
06/03/2017,5409.81689453125
03/03/2017,5391.21484375
02/03/2017,5408.25390625
01/03/2017,5363.05615234375
28/02/2017,5386.69189453125
27/02/2017,5382.8740234375
24/02/2017,5385.90576171875
23/02/2017,5372.748046875
22/02/2017,5358.68310546875
21/02/2017,5340.990234375
20/02/2017,5359.2880859375
17/02/2017,5350.93212890625
16/02/2017,5377.998046875
14/02/2017,5380.669921875
13/02/2017,5409.55615234375
10/02/2017,5371.6689453125
09/02/2017,5372.0771484375
08/02/2017,5361.087890625
07/02/2017,5381.47509765625
06/02/2017,5395.9951171875
03/02/2017,5360.76708984375
02/02/2017,5353.712890625
01/02/2017,5327.1611328125
31/01/2017,5294.10302734375
30/01/2017,5302.662109375
27/01/2017,5312.83984375
26/01/2017,5317.6328125
25/01/2017,5293.7822265625
24/01/2017,5292.087890625
23/01/2017,5250.9677734375
20/01/2017,5254.31103515625
19/01/2017,5298.9482421875
18/01/2017,5294.7841796875
17/01/2017,5266.93798828125
16/01/2017,5270.01123046875
13/01/2017,5272.98291015625
12/01/2017,5292.75
11/01/2017,5301.23681640625
10/01/2017,5309.923828125
09/01/2017,5316.36376953125
06/01/2017,5347.02197265625
05/01/2017,5325.50390625
04/01/2017,5301.18310546875
03/01/2017,5275.97119140625
30/12/2016,5296.7109375
29/12/2016,5302.56591796875
28/12/2016,5209.44482421875
27/12/2016,5102.9541015625
23/12/2016,5027.7041015625
22/12/2016,5042.8701171875
21/12/2016,5111.39208984375
20/12/2016,5162.47705078125
19/12/2016,5191.912109375
16/12/2016,5231.65185546875
15/12/2016,5254.36181640625
14/12/2016,5262.81689453125
13/12/2016,5293.619140625
09/12/2016,5308.1259765625
08/12/2016,5303.73388671875
07/12/2016,5265.3681640625
06/12/2016,5272.96484375
05/12/2016,5268.30810546875
02/12/2016,5245.9560546875
01/12/2016,5198.7548828125
30/11/2016,5148.91015625
29/11/2016,5136.6669921875
28/11/2016,5114.57177734375
25/11/2016,5122.10400390625
24/11/2016,5107.623046875
23/11/2016,5211.99609375
22/11/2016,5204.673828125
21/11/2016,5148.31884765625
18/11/2016,5170.10888671875
17/11/2016,5193.01513671875
16/11/2016,5185.46484375
15/11/2016,5078.5009765625
14/11/2016,5115.73876953125
11/11/2016,5231.97119140625
10/11/2016,5450.30615234375
09/11/2016,5414.32080078125
08/11/2016,5470.68115234375
07/11/2016,5386.2080078125
04/11/2016,5362.66015625
03/11/2016,5329.501953125
02/11/2016,5405.455078125
01/11/2016,5416.0068359375
31/10/2016,5422.5419921875
28/10/2016,5410.26904296875
27/10/2016,5416.8359375
26/10/2016,5399.5888671875
25/10/2016,5397.66064453125
24/10/2016,5420.83740234375
21/10/2016,5409.08251953125
20/10/2016,5403.529296875
19/10/2016,5409.07763671875
18/10/2016,5429.83642578125
17/10/2016,5410.0927734375
14/10/2016,5399.67431640625
13/10/2016,5340.19189453125
12/10/2016,5364.40185546875
11/10/2016,5381.78759765625
10/10/2016,5360.61962890625
07/10/2016,5376.939453125
06/10/2016,5409.1337890625
05/10/2016,5420.43701171875
04/10/2016,5472.103515625
03/10/2016,5463.70263671875
30/09/2016,5364.59521484375
29/09/2016,5431.7451171875
28/09/2016,5425.1259765625
27/09/2016,5419.39306640625
26/09/2016,5351.93115234375
23/09/2016,5388.69873046875
22/09/2016,5380.052734375
21/09/2016,5342.3837890625
20/09/2016,5302.287109375
19/09/2016,5321.63330078125
16/09/2016,5267.56396484375
15/09/2016,5265.61376953125
14/09/2016,5145.837890625
13/09/2016,5215.36376953125
09/09/2016,5281.7109375
08/09/2016,5370.86865234375
07/09/2016,5381.14453125
06/09/2016,5371.88671875
05/09/2016,5356.74560546875
02/09/2016,5353.2529296875
01/09/2016,5334.33935546875
31/08/2016,5385.87255859375
30/08/2016,5362.107421875
29/08/2016,5370.5546875
26/08/2016,5438.619140625
25/08/2016,5453.904296875
24/08/2016,5403.78173828125
23/08/2016,5416.9296875
22/08/2016,5426.9638671875
19/08/2016,5415.82470703125
18/08/2016,5461.23779296875
16/08/2016,5371.63671875
15/08/2016,5320.353515625
12/08/2016,5376.986328125
11/08/2016,5418.876953125
10/08/2016,5423.73828125
09/08/2016,5440.0810546875
08/08/2016,5458.7666015625
05/08/2016,5420.03515625
04/08/2016,5373.6533203125
03/08/2016,5351.669921875
02/08/2016,5373.11376953125
01/08/2016,5361.36767578125
29/07/2016,5215.791015625
28/07/2016,5299.0068359375
27/07/2016,5274.15576171875
26/07/2016,5224.19140625
25/07/2016,5220.5986328125
22/07/2016,5197.048828125
21/07/2016,5216.77001953125
20/07/2016,5242.619140625
19/07/2016,5172.62841796875
18/07/2016,5127.3017578125
15/07/2016,5109.97900390625
14/07/2016,5083.34130859375
13/07/2016,5133.7333984375
12/07/2016,5099.3349609375
11/07/2016,5068.82177734375
01/07/2016,4971.3876953125
30/06/2016,5016.4521484375
29/06/2016,4979.9111328125
28/06/2016,4881.98095703125
27/06/2016,4835.86328125
24/06/2016,4834.380859375
23/06/2016,4874.119140625
22/06/2016,4896.66162109375
21/06/2016,4878.52392578125
20/06/2016,4863.341796875
17/06/2016,4834.955078125
16/06/2016,4814.20361328125
15/06/2016,4814.63671875
14/06/2016,4821.40234375
13/06/2016,4807.0390625
10/06/2016,4847.8671875
09/06/2016,4876.60400390625
08/06/2016,4915.86962890625
07/06/2016,4933.796875
06/06/2016,4895.83447265625
03/06/2016,4853.73291015625
02/06/2016,4833.037109375
01/06/2016,4839.4794921875
31/05/2016,4796.68212890625
30/05/2016,4835.8447265625
27/05/2016,4814.54345703125
26/05/2016,4784.37841796875
25/05/2016,4772.79150390625
24/05/2016,4710.60205078125
23/05/2016,4743.4775390625
20/05/2016,4711.69482421875
19/05/2016,4704.03369140625
18/05/2016,4734.17236328125
17/05/2016,4728.9716796875
16/05/2016,4731.37744140625
13/05/2016,4761.529296875
12/05/2016,4803.134765625
11/05/2016,4799.77685546875
10/05/2016,4762.9296875
09/05/2016,4749.13037109375
04/05/2016,4822.40771484375
03/05/2016,4812.0771484375
02/05/2016,4808.1318359375
29/04/2016,4838.39453125
28/04/2016,4848.201171875
27/04/2016,4845.46923828125
26/04/2016,4813.9052734375
25/04/2016,4878.671875
22/04/2016,4914.54541015625
21/04/2016,4902.89892578125
20/04/2016,4876.40625
19/04/2016,4881.740234375
18/04/2016,4865.34521484375
15/04/2016,4823.38037109375
14/04/2016,4814.65869140625
13/04/2016,4852.81591796875
12/04/2016,4829.38525390625
11/04/2016,4786.78759765625
08/04/2016,4846.51513671875
07/04/2016,4867.095703125
06/04/2016,4868.04052734375
05/04/2016,4857.8828125
04/04/2016,4849.98681640625
01/04/2016,4842.9970703125
31/03/2016,4845.18212890625
30/03/2016,4816.46728515625
29/03/2016,4781.111328125
28/03/2016,4773.4404296875
24/03/2016,4826.8994140625
23/03/2016,4853.98681640625
22/03/2016,4855.91796875
21/03/2016,4884.97314453125
18/03/2016,4885.51806640625
17/03/2016,4885.498046875
16/03/2016,4861.251953125
15/03/2016,4849.591796875
14/03/2016,4877.3408203125
11/03/2016,4813.59130859375
10/03/2016,4793.01611328125
08/03/2016,4810.85498046875
07/03/2016,4831.38720703125
04/03/2016,4850.69384765625
03/03/2016,4843.85009765625
02/03/2016,4836.00732421875
01/03/2016,4779.79931640625
29/02/2016,4770.7705078125
26/02/2016,4732.96435546875
25/02/2016,4658.14208984375
24/02/2016,4657.541015625
23/02/2016,4653.873046875
22/02/2016,4708.43701171875
19/02/2016,4697.376953125
18/02/2016,4778.6083984375
17/02/2016,4765.3212890625
16/02/2016,4744.8193359375
15/02/2016,4740.54150390625
12/02/2016,4714.2099609375
11/02/2016,4775.67431640625
10/02/2016,4732.29833984375
09/02/2016,4768.439453125
05/02/2016,4798.7587890625
04/02/2016,4665.6357421875
03/02/2016,4595.92919921875
02/02/2016,4587.25634765625
01/02/2016,4624.45458984375
29/01/2016,4614.9833984375
28/01/2016,4602.650390625
27/01/2016,4583.44921875
26/01/2016,4510.29248046875
25/01/2016,4505.61279296875
22/01/2016,4456.57080078125
21/01/2016,4413.9541015625
20/01/2016,4427.8125
19/01/2016,4491.5615234375
18/01/2016,4481.1015625
15/01/2016,4523.7998046875
14/01/2016,4513.005859375
13/01/2016,4537.00244140625
12/01/2016,4512.3515625
11/01/2016,4465.30908203125
08/01/2016,4546.111328125
07/01/2016,4530.271484375
06/01/2016,4608.80224609375
05/01/2016,4557.64453125
04/01/2016,4525.74267578125
30/12/2015,4592.8291015625
29/12/2015,4569.18310546875
28/12/2015,4557.177734375
23/12/2015,4522.4775390625
22/12/2015,4517.392578125
21/12/2015,4490.50537109375
18/12/2015,4468.4794921875
17/12/2015,4555.78662109375
16/12/2015,4483.27880859375
15/12/2015,4409.00048828125
14/12/2015,4374.0205078125
11/12/2015,4393.35107421875
10/12/2015,4466.03564453125
08/12/2015,4464.00830078125
07/12/2015,4521.2158203125
04/12/2015,4508.27685546875
03/12/2015,4537.205078125
02/12/2015,4545.68603515625
01/12/2015,4557.49072265625
30/11/2015,4446.28515625
27/11/2015,4560.3828125
26/11/2015,4596.87841796875
25/11/2015,4585.3671875
24/11/2015,4545.201171875
23/11/2015,4540.88916015625
20/11/2015,4561.15673828125
19/11/2015,4518.76416015625
18/11/2015,4497.73486328125
17/11/2015,4500.771484375
16/11/2015,4442.00732421875
13/11/2015,4472.66357421875
12/11/2015,4462.05126953125
11/11/2015,4451.416015625
10/11/2015,4450.88037109375
09/11/2015,4499.33154296875
06/11/2015,4566.3740234375
05/11/2015,4577.0546875
04/11/2015,4612.38525390625
03/11/2015,4532.9091796875
02/11/2015,4464.78515625
30/10/2015,4455.0068359375
29/10/2015,4471.8466796875
28/10/2015,4608.560546875
27/10/2015,4673.87646484375
26/10/2015,4691.5283203125
23/10/2015,4652.96484375
22/10/2015,4584.38330078125
21/10/2015,4605.046875
20/10/2015,4585.6455078125
19/10/2015,4569.66650390625
16/10/2015,4521.70556640625
15/10/2015,4507.01953125
13/10/2015,4482.90185546875
12/10/2015,4630.52685546875
09/10/2015,4589.16552734375
08/10/2015,4491.2578125
07/10/2015,4486.95751953125
06/10/2015,4445.60791015625
05/10/2015,4343.5322265625
02/10/2015,4207.634765625
01/10/2015,4254.71044921875
30/09/2015,4223.744140625
29/09/2015,4178.24560546875
28/09/2015,4120.34228515625
25/09/2015,4209.27490234375
23/09/2015,4244.26171875
22/09/2015,4343.875
21/09/2015,4375.91162109375
18/09/2015,4380.14892578125
17/09/2015,4378.2138671875
16/09/2015,4332.3447265625
15/09/2015,4346.99072265625
14/09/2015,4390.2021484375
11/09/2015,4360.2978515625
10/09/2015,4343.09228515625
09/09/2015,4347.107421875
08/09/2015,4318.42236328125
07/09/2015,4301.1982421875
04/09/2015,4415.1708984375
03/09/2015,4432.93798828125
02/09/2015,4401.1220703125
01/09/2015,4412.28759765625
31/08/2015,4509.431640625
28/08/2015,4446.0283203125
27/08/2015,4430.45947265625
26/08/2015,4237.56787109375
25/08/2015,4228.3359375
24/08/2015,4163.56689453125
21/08/2015,4335.78466796875
20/08/2015,4441.73828125
19/08/2015,4484.06787109375
18/08/2015,4510.302734375
14/08/2015,4585.21240234375
13/08/2015,4584.0712890625
12/08/2015,4479.31689453125
11/08/2015,4622.4111328125
10/08/2015,4748.7646484375
07/08/2015,4770.11767578125
06/08/2015,4806.376953125
05/08/2015,4850.34326171875
04/08/2015,4780.9013671875
03/08/2015,4799.9951171875
31/07/2015,4802.341796875
30/07/2015,4712.30908203125
29/07/2015,4720.9375
28/07/2015,4714.57275390625
27/07/2015,4771.099609375
24/07/2015,4856.40625
23/07/2015,4902.654296875
22/07/2015,4906.49755859375
15/07/2015,4869.65966796875
14/07/2015,4901.6162109375
13/07/2015,4893.7265625
10/07/2015,4858.84521484375
09/07/2015,4838.095703125
08/07/2015,4871.380859375
07/07/2015,4905.8583984375
06/07/2015,4916.5498046875
03/07/2015,4982.71630859375
02/07/2015,4944.587890625
01/07/2015,4903.87158203125
30/06/2015,4910.466796875
29/06/2015,4882.38818359375
26/06/2015,4922.8134765625
25/06/2015,4919.8505859375
24/06/2015,4953.3232421875
23/06/2015,4937.4560546875
22/06/2015,4959.05859375
19/06/2015,4984.81201171875
18/06/2015,4945.30615234375
17/06/2015,4945.56005859375
16/06/2015,4872.4091796875
15/06/2015,4837.60546875
12/06/2015,4935.625
11/06/2015,4928.62060546875
10/06/2015,4933.365234375
09/06/2015,4899.69140625
08/06/2015,5014.79736328125
05/06/2015,5100.373046875
04/06/2015,5095.62255859375
03/06/2015,5130.29931640625
01/06/2015,5213.61279296875
29/05/2015,5216.17578125
28/05/2015,5237.197265625
27/05/2015,5253.18359375
26/05/2015,5320.693359375
25/05/2015,5288.15576171875
22/05/2015,5314.94580078125
21/05/2015,5313.0009765625
20/05/2015,5292.54296875
19/05/2015,5269.166015625
18/05/2015,5237.607421875
15/05/2015,5226.892578125
13/05/2015,5245.9287109375
12/05/2015,5205.4091796875
11/05/2015,5172.2802734375
08/05/2015,5182.01123046875
07/05/2015,5150.28564453125
06/05/2015,5184.74853515625
05/05/2015,5160.107421875
04/05/2015,5140.93701171875
30/04/2015,5086.22705078125
29/04/2015,5105.36376953125
28/04/2015,5241.95361328125
27/04/2015,5245.24169921875
24/04/2015,5435.14306640625
23/04/2015,5435.9970703125
22/04/2015,5436.9072265625
21/04/2015,5460.36083984375
20/04/2015,5400.5927734375
17/04/2015,5410.43359375
16/04/2015,5420.52197265625
15/04/2015,5414.33642578125
14/04/2015,5418.89599609375
13/04/2015,5447.197265625
10/04/2015,5491.1259765625
09/04/2015,5500.68603515625
08/04/2015,5486.3701171875
07/04/2015,5523.07470703125
06/04/2015,5479.8173828125
02/04/2015,5456.18701171875
01/04/2015,5466.65478515625
31/03/2015,5518.4599609375
30/03/2015,5438.44384765625
27/03/2015,5396.64404296875
26/03/2015,5368.5908203125
25/03/2015,5405.2783203125
24/03/2015,5447.43603515625
23/03/2015,5436.88623046875
20/03/2015,5442.85302734375
19/03/2015,5453.64208984375
18/03/2015,5412.9404296875
17/03/2015,5438.94091796875
16/03/2015,5435.05908203125
13/03/2015,5426.2548828125
12/03/2015,5439.6201171875
11/03/2015,5419.35498046875
10/03/2015,5462.7158203125
09/03/2015,5444.421875
06/03/2015,5514.57275390625
05/03/2015,5450.73486328125
04/03/2015,5447.84716796875
03/03/2015,5474.40576171875
02/03/2015,5477.61767578125
27/02/2015,5450.08203125
26/02/2015,5451.2099609375
25/02/2015,5444.89599609375
24/02/2015,5417.10302734375
23/02/2015,5403.06640625
20/02/2015,5399.8935546875
18/02/2015,5390.23974609375
17/02/2015,5337.29345703125
16/02/2015,5325.28759765625
13/02/2015,5373.95556640625
12/02/2015,5343.203125
11/02/2015,5336.3115234375
10/02/2015,5321.2666015625
09/02/2015,5348.26220703125
06/02/2015,5342.30712890625
05/02/2015,5279.689453125
04/02/2015,5315.0771484375
03/02/2015,5291.51171875
02/02/2015,5276.03076171875
30/01/2015,5289.19775390625
29/01/2015,5262.5126953125
28/01/2015,5268.64697265625
27/01/2015,5276.94384765625
26/01/2015,5259.81884765625
23/01/2015,5323.67724609375
22/01/2015,5252.978515625
21/01/2015,5215.06298828125
20/01/2015,5165.888671875
19/01/2015,5151.892578125
16/01/2015,5148.1787109375
15/01/2015,5188.51025390625
14/01/2015,5159.46728515625
13/01/2015,5214.15576171875
12/01/2015,5187.7314453125
09/01/2015,5216.4619140625
08/01/2015,5211.625
07/01/2015,5206.9150390625
06/01/2015,5168.8583984375
05/01/2015,5219.7919921875
02/01/2015,5242.56494140625
30/12/2014,5226.7431640625
29/12/2014,5178.17138671875
24/12/2014,5166.78173828125
23/12/2014,5138.86767578125
22/12/2014,5125.57275390625
19/12/2014,5144.4208984375
18/12/2014,5113.14599609375
17/12/2014,5035.453125
16/12/2014,5025.83203125
15/12/2014,5108.23291015625
12/12/2014,5160.232421875
11/12/2014,5152.49462890625
10/12/2014,5165.2060546875
09/12/2014,5122.11279296875
08/12/2014,5143.81396484375
05/12/2014,5187.79248046875
04/12/2014,5176.95849609375
03/12/2014,5165.8427734375
02/12/2014,5175.59130859375
01/12/2014,5164.0869140625
28/11/2014,5149.68798828125
27/11/2014,5145.11474609375
26/11/2014,5132.83642578125
25/11/2014,5118.74560546875
24/11/2014,5141.56396484375
21/11/2014,5111.845703125
20/11/2014,5093.36767578125
19/11/2014,5127.73388671875
18/11/2014,5102.2705078125
17/11/2014,5053.74609375
14/11/2014,5049.291015625
13/11/2014,5048.47119140625
12/11/2014,5048.64404296875
11/11/2014,5032.08837890625
10/11/2014,4965.19384765625
07/11/2014,4987.22998046875
06/11/2014,5034.03515625
05/11/2014,5066.634765625
04/11/2014,5070.74267578125
03/11/2014,5085.31103515625
31/10/2014,5089.34912109375
30/10/2014,5058.65185546875
29/10/2014,5073.85888671875
28/10/2014,5001.109375
27/10/2014,5024.09619140625
24/10/2014,5072.87060546875
23/10/2014,5103.3193359375
22/10/2014,5074.1259765625
21/10/2014,5029.1484375
20/10/2014,5040.33642578125
17/10/2014,5028.75
16/10/2014,4951.4208984375
15/10/2014,4962.74658203125
14/10/2014,4922.390625
13/10/2014,4912.86181640625
10/10/2014,4962.7666015625
09/10/2014,4993.6845703125
08/10/2014,4958.326171875
07/10/2014,5032.64501953125
06/10/2014,4999.943359375
03/10/2014,4949.1533203125
02/10/2014,5000.6142578125
01/10/2014,5140.712890625
30/09/2014,5137.37890625
29/09/2014,5141.81103515625
26/09/2014,5132.36328125
25/09/2014,5201.1767578125
24/09/2014,5173.80517578125
23/09/2014,5187.912109375
22/09/2014,5219.60009765625
19/09/2014,5227.37841796875
18/09/2014,5207.93896484375
17/09/2014,5187.982421875
16/09/2014,5130.30322265625
15/09/2014,5144.69775390625
12/09/2014,5143.5107421875
11/09/2014,5132.83349609375
10/09/2014,5142.791015625
09/09/2014,5196.9169921875
08/09/2014,5246.27880859375
05/09/2014,5217.1318359375
04/09/2014,5205.119140625
03/09/2014,5223.93115234375
02/09/2014,5201.3837890625
01/09/2014,5177.41650390625
29/08/2014,5136.66259765625
28/08/2014,5184.27734375
27/08/2014,5165.0458984375
26/08/2014,5146.3515625
25/08/2014,5184.75439453125
22/08/2014,5198.69384765625
21/08/2014,5205.93310546875
20/08/2014,5189.96533203125
19/08/2014,5164.966796875
18/08/2014,5156.55029296875
15/08/2014,5148.76171875
14/08/2014,5155.34619140625
13/08/2014,5168.0673828125
12/08/2014,5132.1953125
11/08/2014,5113.03662109375
08/08/2014,5053.56298828125
07/08/2014,5066.78076171875
06/08/2014,5058.02978515625
05/08/2014,5108.8876953125
04/08/2014,5119.0458984375
25/07/2014,5088.60400390625
24/07/2014,5098.44287109375
23/07/2014,5093.03173828125
22/07/2014,5083.3232421875
21/07/2014,5126.923828125
18/07/2014,5086.81640625
17/07/2014,5071.0048828125
16/07/2014,5113.73095703125
15/07/2014,5070.62353515625
14/07/2014,5020.8671875
11/07/2014,5032.4033203125
10/07/2014,5097.8115234375
08/07/2014,5024.51611328125
07/07/2014,4988.83642578125
04/07/2014,4905.6337890625
03/07/2014,4888.544921875
02/07/2014,4908.08251953125
01/07/2014,4884.63525390625
30/06/2014,4878.39208984375
27/06/2014,4844.94482421875
26/06/2014,4872.22998046875
25/06/2014,4838.79345703125
24/06/2014,4862.05126953125
23/06/2014,4841.9404296875
20/06/2014,4847.51220703125
19/06/2014,4864.083984375
18/06/2014,4887.669921875
17/06/2014,4909.32568359375
16/06/2014,4885.26904296875
13/06/2014,4926.4716796875
12/06/2014,4934.21533203125
11/06/2014,4971.75244140625
10/06/2014,4945.89697265625
09/06/2014,4884.89306640625
06/06/2014,4936.98388671875
05/06/2014,4935.3720703125
04/06/2014,4932.3720703125
03/06/2014,4941.96435546875
02/06/2014,4911.8994140625
30/05/2014,4893.7177734375
28/05/2014,4985.38427734375
26/05/2014,4963.7314453125
23/05/2014,4972.86376953125
22/05/2014,4969.6884765625
21/05/2014,4910.1005859375
20/05/2014,4895.7646484375
19/05/2014,5014.80126953125
16/05/2014,5031.375
14/05/2014,4991.44189453125
13/05/2014,4921.20263671875
12/05/2014,4912.806640625
09/05/2014,4897.94775390625
08/05/2014,4860.7001953125
07/05/2014,4861.8798828125
06/05/2014,4834.27978515625
05/05/2014,4842.31396484375
02/05/2014,4838.5712890625
30/04/2014,4839.95751953125
29/04/2014,4819.49365234375
28/04/2014,4818.5703125
25/04/2014,4897.45263671875
24/04/2014,4890.888671875
23/04/2014,4892.95751953125
22/04/2014,4898.015625
21/04/2014,4892.09765625
17/04/2014,4896.861328125
16/04/2014,4872.8212890625
15/04/2014,4870.025390625
14/04/2014,4864.69482421875
11/04/2014,4816.388671875
10/04/2014,4765.54345703125
08/04/2014,4921.21240234375
07/04/2014,4920.84765625
04/04/2014,4857.7548828125
03/04/2014,4891.12939453125
02/04/2014,4870.015625
01/04/2014,4873.744140625
28/03/2014,4768.09130859375
27/03/2014,4722.87353515625
26/03/2014,4728.05615234375
25/03/2014,4702.90771484375
24/03/2014,4720.236328125
21/03/2014,4700.03173828125
20/03/2014,4698.7900390625
19/03/2014,4821.26953125
18/03/2014,4805.4248046875
17/03/2014,4875.998046875
14/03/2014,4878.453125
13/03/2014,4725.98291015625
12/03/2014,4684.2021484375
11/03/2014,4704.03076171875
10/03/2014,4677.064453125
07/03/2014,4685.70751953125
06/03/2014,4687.67431640625
05/03/2014,4658.99072265625
04/03/2014,4601.10546875
03/03/2014,4584.0263671875
28/02/2014,4620.0361328125
27/02/2014,4568.76220703125
26/02/2014,4532.54345703125
25/02/2014,4577.11279296875
24/02/2014,4623.39453125
21/02/2014,4645.9716796875
20/02/2014,4598.04248046875
19/02/2014,4592.47216796875
18/02/2014,4556.013671875
17/02/2014,4555.19091796875
14/02/2014,4507.86865234375
13/02/2014,4491.48486328125
12/02/2014,4496.11083984375
11/02/2014,4470.015625
10/02/2014,4450.5751953125
07/02/2014,4466.49072265625
06/02/2014,4424.53662109375
05/02/2014,4384.13916015625
04/02/2014,4352.08642578125
03/02/2014,4386.087890625
30/01/2014,4418.58447265625
29/01/2014,4417.1767578125
28/01/2014,4341.48193359375
27/01/2014,4322.611328125
24/01/2014,4437.169921875
23/01/2014,4495.86669921875
22/01/2014,4477.314453125
21/01/2014,4452.326171875
20/01/2014,4431.3994140625
17/01/2014,4412.056640625
16/01/2014,4412.3173828125
15/01/2014,4441.42138671875
13/01/2014,4390.60009765625
10/01/2014,4254.8056640625
09/01/2014,4201.05419921875
08/01/2014,4200.42919921875
07/01/2014,4175.6435546875
06/01/2014,4202.64501953125
03/01/2014,4257.4970703125
02/01/2014,4327.0966796875
30/12/2013,4274.01025390625
27/12/2013,4212.81591796875
24/12/2013,4202.669921875
23/12/2013,4189.4453125
20/12/2013,4195.39306640625
19/12/2013,4231.81494140625
18/12/2013,4196.119140625
17/12/2013,4182.18359375
16/12/2013,4125.79541015625
13/12/2013,4174.66748046875
12/12/2013,4212.0537109375
11/12/2013,4271.57666015625
10/12/2013,4275.51171875
09/12/2013,4214.177734375
06/12/2013,4180.62548828125
05/12/2013,4216.72998046875
04/12/2013,4241.13671875
03/12/2013,4288.59716796875
02/12/2013,4321.80859375
29/11/2013,4256.2705078125
28/11/2013,4233.759765625
27/11/2013,4251.32373046875
26/11/2013,4235.09619140625
25/11/2013,4334.634765625
22/11/2013,4317.79150390625
21/11/2013,4326.03662109375
20/11/2013,4350.61669921875
19/11/2013,4398.1650390625
18/11/2013,4393.4208984375
15/11/2013,4335.27978515625
14/11/2013,4367.201171875
13/11/2013,4301.72412109375
12/11/2013,4380.46923828125
11/11/2013,4441.55126953125
08/11/2013,4476.5458984375
07/11/2013,4485.9345703125
06/11/2013,4449.5869140625
04/11/2013,4423.11572265625
01/11/2013,4432.416015625
31/10/2013,4510.45556640625
30/10/2013,4574.69970703125
29/10/2013,4562.5927734375
28/10/2013,4590.359375
25/10/2013,4580.66748046875
24/10/2013,4594.66650390625
23/10/2013,4546.322265625
22/10/2013,4512.56787109375
21/10/2013,4578.0
18/10/2013,4546.39404296875
17/10/2013,4518.75439453125
16/10/2013,4492.0859375
11/10/2013,4519.736328125
10/10/2013,4486.50390625
09/10/2013,4457.2646484375
08/10/2013,4432.33447265625
07/10/2013,4374.78857421875
04/10/2013,4389.17626953125
03/10/2013,4418.470703125
02/10/2013,4387.43310546875
01/10/2013,4345.7294921875
30/09/2013,4316.00732421875
27/09/2013,4423.546875
26/09/2013,4405.7216796875
25/09/2013,4406.595703125
24/09/2013,4460.23974609375
23/09/2013,4562.6796875
20/09/2013,4583.6494140625
19/09/2013,4670.55126953125
18/09/2013,4463.080078125
17/09/2013,4517.44482421875
16/09/2013,4522.0625
13/09/2013,4375.36865234375
12/09/2013,4356.435546875
11/09/2013,4349.24951171875
10/09/2013,4357.9736328125
09/09/2013,4191.0947265625
06/09/2013,4072.195556640625
05/09/2013,4050.706298828125
04/09/2013,4073.296630859375
03/09/2013,4163.85009765625
02/09/2013,4101.0732421875
30/08/2013,4194.92578125
29/08/2013,4103.43310546875
28/08/2013,4026.318603515625
27/08/2013,3967.687744140625
26/08/2013,4120.50830078125
23/08/2013,4169.66455078125
22/08/2013,4171.25048828125
21/08/2013,4218.2841796875
20/08/2013,4174.8203125
19/08/2013,4313.35009765625
16/08/2013,4568.47607421875
15/08/2013,4684.9462890625
14/08/2013,4699.5498046875
13/08/2013,4652.2158203125
12/08/2013,4597.60107421875
02/08/2013,4640.60009765625
01/08/2013,4624.15625
31/07/2013,4610.197265625
30/07/2013,4608.30908203125
29/07/2013,4580.2880859375
26/07/2013,4658.69287109375
25/07/2013,4673.935546875
24/07/2013,4717.91943359375
23/07/2013,4766.9736328125
22/07/2013,4678.80029296875
19/07/2013,4724.2275390625
18/07/2013,4720.25146484375
17/07/2013,4678.818359375
16/07/2013,4643.85791015625
15/07/2013,4635.548828125
12/07/2013,4632.927734375
11/07/2013,4604.04296875
10/07/2013,4478.4697265625
09/07/2013,4403.62841796875
08/07/2013,4433.4521484375
05/07/2013,4602.62841796875
04/07/2013,4581.75439453125
03/07/2013,4576.974609375
02/07/2013,4728.52001953125
01/07/2013,4777.2666015625
28/06/2013,4818.70751953125
27/06/2013,4675.5673828125
26/06/2013,4587.54931640625
25/06/2013,4418.69970703125
24/06/2013,4429.28759765625
21/06/2013,4515.19677734375
20/06/2013,4629.81396484375
19/06/2013,4806.46875
18/06/2013,4840.263671875
17/06/2013,4774.318359375
14/06/2013,4760.55859375
13/06/2013,4607.48388671875
12/06/2013,4697.70068359375
11/06/2013,4609.7685546875
10/06/2013,4777.1796875
07/06/2013,4865.13525390625
05/06/2013,5001.0263671875
04/06/2013,5021.416015625
03/06/2013,4971.16064453125
31/05/2013,5068.4306640625
30/05/2013,5129.447265625
29/05/2013,5200.49072265625
28/05/2013,5176.033203125
27/05/2013,5084.9384765625
24/05/2013,5154.89208984375
23/05/2013,5121.20361328125
22/05/2013,5207.7958984375
21/05/2013,5188.55712890625
20/05/2013,5214.77294921875
17/05/2013,5145.48291015625
16/05/2013,5078.48046875
15/05/2013,5089.68212890625
14/05/2013,5081.7421875
13/05/2013,5054.4306640625
10/05/2013,5105.73779296875
08/05/2013,5089.13720703125
07/05/2013,5042.59326171875
06/05/2013,4991.6767578125
03/05/2013,4925.29150390625
02/05/2013,4993.8515625
01/05/2013,5060.7216796875
30/04/2013,5033.875
29/04/2013,4999.55712890625
26/04/2013,4978.3134765625
25/04/2013,4994.328125
24/04/2013,5011.412109375
23/04/2013,4975.13671875
22/04/2013,4996.72802734375
19/04/2013,4998.26611328125
18/04/2013,5012.443359375
17/04/2013,4998.4580078125
16/04/2013,4945.06005859375
15/04/2013,4894.4013671875
12/04/2013,4937.01806640625
11/04/2013,4924.07177734375
10/04/2013,4877.28515625
09/04/2013,4899.396484375
08/04/2013,4897.33056640625
05/04/2013,4925.87646484375
04/04/2013,4922.41943359375
03/04/2013,4981.27197265625
02/04/2013,4957.05810546875
01/04/2013,4937.38330078125
28/03/2013,4940.7939453125
27/03/2013,4927.91064453125
26/03/2013,4842.330078125
25/03/2013,4799.47705078125
22/03/2013,4722.9755859375
21/03/2013,4802.47900390625
20/03/2013,4831.31201171875
19/03/2013,4822.439453125
18/03/2013,4802.63916015625
15/03/2013,4819.13671875
14/03/2013,4786.1806640625
13/03/2013,4835.2509765625
11/03/2013,4854.123046875
08/03/2013,4874.30517578125
07/03/2013,4848.10986328125
06/03/2013,4824.49560546875
05/03/2013,4751.5166015625
04/03/2013,4761.275390625
01/03/2013,4811.42578125
28/02/2013,4795.60205078125
27/02/2013,4716.2314453125
26/02/2013,4662.849609375
25/02/2013,4695.923828125
22/02/2013,4650.94189453125
21/02/2013,4632.2236328125
20/02/2013,4634.27099609375
19/02/2013,4601.88330078125
18/02/2013,4611.8662109375
15/02/2013,4609.6064453125
14/02/2013,4588.494140625
13/02/2013,4571.39013671875
12/02/2013,4548.06640625
11/02/2013,4503.07177734375
08/02/2013,4491.091796875
07/02/2013,4502.97265625
06/02/2013,4498.80078125
05/02/2013,4479.2666015625
04/02/2013,4490.390625
01/02/2013,4481.45947265625
31/01/2013,4453.52978515625
30/01/2013,4452.80224609375
29/01/2013,4438.85693359375
28/01/2013,4416.7646484375
25/01/2013,4437.42529296875
23/01/2013,4418.5546875
22/01/2013,4416.37548828125
21/01/2013,4439.80126953125
18/01/2013,4465.31005859375
17/01/2013,4398.2119140625
16/01/2013,4410.79248046875
15/01/2013,4400.6533203125
14/01/2013,4382.3271484375
11/01/2013,4305.74462890625
10/01/2013,4317.19677734375
09/01/2013,4362.75830078125
08/01/2013,4397.3740234375
07/01/2013,4392.2080078125
04/01/2013,4409.8486328125
03/01/2013,4399.0869140625
02/01/2013,4346.3056640625
28/12/2012,4316.5185546875
27/12/2012,4281.6943359375
26/12/2012,4274.927734375
21/12/2012,4250.048828125
20/12/2012,4254.650390625
19/12/2012,4275.6923828125
18/12/2012,4301.26904296875
17/12/2012,4315.6884765625
14/12/2012,4308.69482421875
13/12/2012,4320.0205078125
12/12/2012,4337.359375
11/12/2012,4317.74951171875
10/12/2012,4302.44189453125
07/12/2012,4290.62890625
06/12/2012,4292.43798828125
05/12/2012,4286.6728515625
04/12/2012,4269.4853515625
03/12/2012,4302.27685546875
30/11/2012,4275.974609375
29/11/2012,4318.91748046875
28/11/2012,4304.65576171875
27/11/2012,4337.34033203125
26/11/2012,4374.99853515625
23/11/2012,4348.638671875
22/11/2012,4335.75830078125
21/11/2012,4317.1083984375
20/11/2012,4312.1982421875
19/11/2012,4313.27099609375
14/11/2012,4351.11474609375
13/11/2012,4331.91552734375
12/11/2012,4318.42236328125
09/11/2012,4333.4716796875
08/11/2012,4327.69970703125
07/11/2012,4350.25439453125
06/11/2012,4314.09716796875
05/11/2012,4302.771484375
02/11/2012,4338.7236328125
01/11/2012,4335.193359375
31/10/2012,4350.12158203125
30/10/2012,4364.42822265625
29/10/2012,4331.19677734375
25/10/2012,4338.984375
24/10/2012,4335.20654296875
23/10/2012,4329.9765625
22/10/2012,4341.2080078125
19/10/2012,4331.08544921875
18/10/2012,4356.79638671875
17/10/2012,4337.357421875
16/10/2012,4328.90771484375
15/10/2012,4313.35400390625
12/10/2012,4311.22314453125
11/10/2012,4284.80029296875
10/10/2012,4279.84326171875
09/10/2012,4280.08349609375
08/10/2012,4268.068359375
05/10/2012,4311.14599609375
04/10/2012,4271.29443359375
03/10/2012,4251.34619140625
02/10/2012,4256.67333984375
01/10/2012,4236.1279296875
28/09/2012,4262.39501953125
27/09/2012,4224.85986328125
26/09/2012,4180.00048828125
25/09/2012,4226.72216796875
24/09/2012,4200.75048828125
21/09/2012,4244.4560546875
20/09/2012,4217.35205078125
19/09/2012,4244.5458984375
18/09/2012,4223.72998046875
17/09/2012,4255.11767578125
14/09/2012,4256.83251953125
13/09/2012,4170.4765625
12/09/2012,4173.9345703125
11/09/2012,4155.19384765625
10/09/2012,4160.498046875
07/09/2012,4143.51806640625
06/09/2012,4102.697265625
05/09/2012,4075.193359375
04/09/2012,4105.09326171875
03/09/2012,4117.78759765625
31/08/2012,4060.1728515625
30/08/2012,4025.426513671875
29/08/2012,4093.010498046875
28/08/2012,4142.68701171875
27/08/2012,4145.716796875
24/08/2012,4145.23779296875
23/08/2012,4162.4970703125
16/08/2012,4160.345703125
15/08/2012,4141.82470703125
14/08/2012,4121.3955078125
13/08/2012,4102.3701171875
10/08/2012,4141.40283203125
09/08/2012,4131.00927734375
08/08/2012,4090.549560546875
07/08/2012,4085.421142578125
06/08/2012,4105.33935546875
03/08/2012,4099.6533203125
02/08/2012,4092.95263671875
01/08/2012,4130.30419921875
31/07/2012,4142.17578125
30/07/2012,4098.96142578125
27/07/2012,4084.052978515625
26/07/2012,4004.619873046875
25/07/2012,4000.68359375
24/07/2012,3991.957763671875
23/07/2012,4009.636962890625
20/07/2012,4081.042236328125
19/07/2012,4096.0361328125
18/07/2012,4081.476318359375
17/07/2012,4080.513427734375
16/07/2012,4047.3076171875
13/07/2012,4019.5166015625
12/07/2012,3983.965087890625
11/07/2012,4018.9765625
10/07/2012,4009.52197265625
09/07/2012,3984.889892578125
06/07/2012,4055.039306640625
05/07/2012,4069.677490234375
04/07/2012,4075.75830078125
03/07/2012,4049.7353515625
02/07/2012,3991.384765625
29/06/2012,3955.4228515625
28/06/2012,3887.423583984375
27/06/2012,3934.7138671875
26/06/2012,3881.249755859375
25/06/2012,3857.43896484375
22/06/2012,3889.37158203125
21/06/2012,3901.635986328125
20/06/2012,3943.743408203125
19/06/2012,3880.664794921875
18/06/2012,3860.0048828125
15/06/2012,3817.96044921875
14/06/2012,3791.470458984375
13/06/2012,3860.310791015625
12/06/2012,3852.427978515625
11/06/2012,3866.0625
08/06/2012,3825.178955078125
07/06/2012,3840.446533203125
06/06/2012,3841.181640625
05/06/2012,3717.731201171875
04/06/2012,3654.439697265625
01/06/2012,3799.6181640625
31/05/2012,3832.6748046875
30/05/2012,3917.763427734375
29/05/2012,3918.912353515625
28/05/2012,3918.532470703125
25/05/2012,3902.35595703125
24/05/2012,3984.718017578125
23/05/2012,3981.4228515625
22/05/2012,4020.943603515625
21/05/2012,3939.95458984375
16/05/2012,3980.341064453125
15/05/2012,4045.486572265625
14/05/2012,4052.9091796875
11/05/2012,4113.97998046875
10/05/2012,4133.47021484375
09/05/2012,4128.8994140625
08/05/2012,4180.91064453125
07/05/2012,4158.69970703125
04/05/2012,4216.51708984375
03/05/2012,4223.8388671875
02/05/2012,4219.130859375
01/05/2012,4195.82080078125
30/04/2012,4180.5693359375
27/04/2012,4163.81884765625
26/04/2012,4180.1435546875
25/04/2012,4163.48095703125
24/04/2012,4170.1904296875
23/04/2012,4155.3291015625
20/04/2012,4181.20556640625
19/04/2012,4163.5537109375
18/04/2012,4166.07470703125
17/04/2012,4157.203125
16/04/2012,4146.419921875
13/04/2012,4159.11474609375
12/04/2012,4139.37939453125
11/04/2012,4129.8525390625
10/04/2012,4149.63720703125
09/04/2012,4153.90478515625
05/04/2012,4166.2119140625
04/04/2012,4133.87548828125
03/04/2012,4215.27978515625
02/04/2012,4165.90966796875
30/03/2012,4121.39013671875
29/03/2012,4105.00732421875
28/03/2012,4090.41357421875
27/03/2012,4079.225341796875
26/03/2012,4031.5478515625
22/03/2012,4041.40185546875
21/03/2012,4036.07666015625
20/03/2012,4022.011474609375
19/03/2012,4024.576416015625
16/03/2012,4028.380615234375
15/03/2012,4039.82275390625
14/03/2012,4054.168212890625
13/03/2012,4008.486083984375
12/03/2012,3987.190673828125
09/03/2012,3991.388671875
08/03/2012,3967.5146484375
07/03/2012,3942.363525390625
06/03/2012,3966.921630859375
05/03/2012,3984.741943359375
02/03/2012,4004.7119140625
01/03/2012,3962.131591796875
29/02/2012,3985.054931640625
28/02/2012,3903.40478515625
27/02/2012,3860.865966796875
24/02/2012,3894.41064453125
23/02/2012,3958.65478515625
22/02/2012,3994.868408203125
21/02/2012,4002.795166015625
20/02/2012,3980.097900390625
17/02/2012,3976.38720703125
16/02/2012,3927.455078125
15/02/2012,3952.89111328125
14/02/2012,3952.6630859375
13/02/2012,3961.747802734375
10/02/2012,3912.240966796875
09/02/2012,3978.8330078125
08/02/2012,3988.543701171875
07/02/2012,3955.2978515625
06/02/2012,3974.63330078125
03/02/2012,4015.79248046875
02/02/2012,4016.74560546875
01/02/2012,3964.82177734375
31/01/2012,3941.539794921875
30/01/2012,3915.007568359375
27/01/2012,3986.254638671875
26/01/2012,3983.279052734375
25/01/2012,3963.45068359375
24/01/2012,3994.427490234375
20/01/2012,3986.359619140625
19/01/2012,4000.917236328125
18/01/2012,3977.972900390625
17/01/2012,3954.60107421875
16/01/2012,3909.541015625
13/01/2012,3935.1728515625
12/01/2012,3909.344970703125
11/01/2012,3909.48779296875
10/01/2012,3938.688720703125
09/01/2012,3888.920654296875
06/01/2012,3869.264404296875
05/01/2012,3906.11181640625
04/01/2012,3907.268798828125
03/01/2012,3857.73193359375
02/01/2012,3808.99169921875
30/12/2011,3821.84326171875
29/12/2011,3808.623779296875
28/12/2011,3769.067138671875
27/12/2011,3789.277587890625
23/12/2011,3797.0029296875
22/12/2011,3795.29541015625
21/12/2011,3794.119384765625
20/12/2011,3752.191650390625
19/12/2011,3770.14013671875
16/12/2011,3768.20703125
15/12/2011,3701.39599609375
14/12/2011,3751.4580078125
13/12/2011,3763.432861328125
12/12/2011,3792.001220703125
09/12/2011,3759.462646484375
08/12/2011,3781.61376953125
07/12/2011,3793.08740234375
06/12/2011,3752.52783203125
05/12/2011,3780.64599609375
02/12/2011,3779.68896484375
01/12/2011,3780.9521484375
30/11/2011,3714.935302734375
29/11/2011,3687.62548828125
28/11/2011,3646.9072265625
25/11/2011,3637.050048828125
24/11/2011,3695.887939453125
23/11/2011,3686.864501953125
22/11/2011,3735.38671875
21/11/2011,3679.685791015625
18/11/2011,3754.353759765625
17/11/2011,3792.105224609375
16/11/2011,3813.941650390625
15/11/2011,3813.693603515625
14/11/2011,3832.890869140625
11/11/2011,3778.738037109375
10/11/2011,3783.73388671875
09/11/2011,3857.212890625
08/11/2011,3805.499755859375
07/11/2011,3778.093017578125
04/11/2011,3783.480712890625
03/11/2011,3705.666015625
02/11/2011,3762.8876953125
01/11/2011,3684.86865234375
31/10/2011,3790.699462890625
28/10/2011,3829.810791015625
27/10/2011,3812.85546875
26/10/2011,3738.46142578125
25/10/2011,3710.333740234375
24/10/2011,3706.637939453125
21/10/2011,3620.52294921875
20/10/2011,3622.634765625
19/10/2011,3685.16259765625
18/10/2011,3621.885986328125
17/10/2011,3728.869873046875
14/10/2011,3664.537109375
13/10/2011,3675.240966796875
12/10/2011,3635.7890625
11/10/2011,3531.615478515625
10/10/2011,3450.949462890625
07/10/2011,3425.55078125
06/10/2011,3442.97216796875
05/10/2011,3293.11083984375
04/10/2011,3269.32373046875
03/10/2011,3348.57763671875
30/09/2011,3548.893798828125
29/09/2011,3537.040283203125
28/09/2011,3513.029296875
27/09/2011,3473.802978515625
26/09/2011,3316.008056640625
23/09/2011,3426.212646484375
22/09/2011,3369.01220703125
21/09/2011,3697.349853515625
20/09/2011,3751.964111328125
19/09/2011,3754.90576171875
16/09/2011,3835.03173828125
15/09/2011,3774.18701171875
14/09/2011,3798.88916015625
13/09/2011,3874.632080078125
12/09/2011,3895.967529296875
09/09/2011,3998.346435546875
08/09/2011,4005.23388671875
07/09/2011,4001.27734375
06/09/2011,3889.819580078125
05/09/2011,3866.021728515625
26/08/2011,3841.58154296875
25/08/2011,3844.227294921875
24/08/2011,3846.8701171875
23/08/2011,3880.31298828125
22/08/2011,3839.466796875
19/08/2011,3842.598388671875
18/08/2011,4020.83740234375
16/08/2011,3953.123291015625
15/08/2011,3959.86767578125
12/08/2011,3890.37451171875
11/08/2011,3869.21435546875
10/08/2011,3863.425537109375
09/08/2011,3734.9736328125
08/08/2011,3850.1162109375
05/08/2011,3921.490478515625
04/08/2011,4121.92529296875
03/08/2011,4136.34619140625
02/08/2011,4177.68359375
01/08/2011,4193.27783203125
29/07/2011,4130.63916015625
28/07/2011,4145.666015625
27/07/2011,4173.94921875
26/07/2011,4132.6162109375
25/07/2011,4086.934814453125
22/07/2011,4106.662109375
21/07/2011,4067.91455078125
20/07/2011,4050.474365234375
19/07/2011,4023.260498046875
18/07/2011,4032.81689453125
15/07/2011,4023.04541015625
14/07/2011,3997.4794921875
13/07/2011,3980.68994140625
12/07/2011,3937.861572265625
11/07/2011,3995.431396484375
08/07/2011,4003.534912109375
07/07/2011,3939.319580078125
06/07/2011,3908.803955078125
05/07/2011,3923.974365234375
04/07/2011,3953.36328125
01/07/2011,3926.945068359375
30/06/2011,3888.417724609375
28/06/2011,3830.123779296875
27/06/2011,3813.276611328125
24/06/2011,3848.408203125
23/06/2011,3823.5009765625
22/06/2011,3821.683349609375
21/06/2011,3794.791259765625
20/06/2011,3728.97705078125
17/06/2011,3722.158203125
16/06/2011,3740.3251953125
15/06/2011,3794.103271484375
14/06/2011,3773.1259765625
13/06/2011,3748.612060546875
10/06/2011,3787.50048828125
09/06/2011,3806.038818359375
08/06/2011,3825.671875
07/06/2011,3842.80322265625
06/06/2011,3834.0517578125
03/06/2011,3843.870361328125
01/06/2011,3837.61181640625
31/05/2011,3836.81787109375
30/05/2011,3825.98779296875
27/05/2011,3832.228759765625
26/05/2011,3814.66748046875
25/05/2011,3780.01513671875
24/05/2011,3785.7958984375
23/05/2011,3778.30712890625
20/05/2011,3872.802001953125
19/05/2011,3859.659912109375
18/05/2011,3840.0595703125
16/05/2011,3799.078125
13/05/2011,3831.871826171875
12/05/2011,3808.561767578125
11/05/2011,3837.992919921875
10/05/2011,3800.3720703125
09/05/2011,3785.302734375
06/05/2011,3798.406005859375
05/05/2011,3816.12353515625
04/05/2011,3814.779541015625
03/05/2011,3813.719482421875
02/05/2011,3849.150146484375
29/04/2011,3819.46923828125
28/04/2011,3808.78076171875
27/04/2011,3804.78271484375
26/04/2011,3774.72412109375
25/04/2011,3788.392578125
21/04/2011,3800.93310546875
20/04/2011,3794.6142578125
19/04/2011,3732.504638671875
18/04/2011,3726.927978515625
15/04/2011,3730.36669921875
14/04/2011,3707.8349609375
13/04/2011,3734.267822265625
12/04/2011,3719.088134765625
11/04/2011,3745.692138671875
08/04/2011,3741.665283203125
07/04/2011,3730.437744140625
06/04/2011,3727.653076171875
05/04/2011,3685.792724609375
04/04/2011,3699.903076171875
01/04/2011,3707.343017578125
31/03/2011,3678.531005859375
30/03/2011,3640.836181640625
29/03/2011,3591.375
28/03/2011,3602.71875
25/03/2011,3606.97265625
24/03/2011,3611.50048828125
23/03/2011,3556.092529296875
22/03/2011,3517.584228515625
21/03/2011,3518.708984375
18/03/2011,3493.93408203125
17/03/2011,3484.074462890625
16/03/2011,3531.339599609375
15/03/2011,3524.345703125
14/03/2011,3569.7001953125
11/03/2011,3542.090087890625
10/03/2011,3587.50830078125
09/03/2011,3598.534912109375
08/03/2011,3580.174560546875
07/03/2011,3561.578369140625
04/03/2011,3542.76513671875
03/03/2011,3494.403076171875
02/03/2011,3486.061279296875
01/03/2011,3512.480224609375
28/02/2011,3470.212890625
25/02/2011,3443.396240234375
24/02/2011,3438.998291015625
23/02/2011,3473.988037109375
22/02/2011,3450.965576171875
21/02/2011,3497.507080078125
18/02/2011,3501.36083984375
17/02/2011,3434.24609375
16/02/2011,3416.65185546875
14/02/2011,3416.634033203125
11/02/2011,3391.634033203125
10/02/2011,3373.512451171875
09/02/2011,3417.337890625
08/02/2011,3459.79833984375
07/02/2011,3487.5712890625
04/02/2011,3496.032958984375
02/02/2011,3480.6904296875
01/02/2011,3442.3671875
31/01/2011,3409.034423828125
28/01/2011,3487.474365234375
27/01/2011,3514.4873046875
26/01/2011,3501.580810546875
25/01/2011,3433.772216796875
24/01/2011,3345.9306640625
21/01/2011,3379.411376953125
20/01/2011,3453.9833984375
19/01/2011,3534.146240234375
18/01/2011,3548.5107421875
17/01/2011,3535.59326171875
14/01/2011,3569.005126953125
13/01/2011,3564.798095703125
12/01/2011,3554.627685546875
11/01/2011,3454.992431640625
10/01/2011,3478.41357421875
07/01/2011,3631.311767578125
06/01/2011,3736.11181640625
05/01/2011,3783.561767578125
04/01/2011,3759.914794921875
03/01/2011,3727.3720703125
30/12/2010,3703.367919921875
29/12/2010,3699.072998046875
28/12/2010,3659.850341796875
27/12/2010,3625.125
23/12/2010,3611.390380859375
22/12/2010,3620.54296875
21/12/2010,3637.30419921875
20/12/2010,3568.671142578125
17/12/2010,3581.42529296875
16/12/2010,3571.59912109375
15/12/2010,3658.171630859375
14/12/2010,3689.5224609375
13/12/2010,3692.088134765625
10/12/2010,3747.568359375
09/12/2010,3785.949462890625
08/12/2010,3769.845947265625
06/12/2010,3722.2021484375
03/12/2010,3696.115966796875
02/12/2010,3694.43603515625
01/12/2010,3618.953125
30/11/2010,3531.073486328125
29/11/2010,3630.494873046875
26/11/2010,3642.358154296875
25/11/2010,3701.868896484375
24/11/2010,3658.634765625
23/11/2010,3678.051025390625
22/11/2010,3741.083251953125
19/11/2010,3724.903076171875
18/11/2010,3677.760986328125
16/11/2010,3673.884033203125
15/11/2010,3656.319580078125
12/11/2010,3665.703125
11/11/2010,3744.47216796875
10/11/2010,3756.82080078125
09/11/2010,3737.338623046875
08/11/2010,3699.118896484375
05/11/2010,3655.16259765625
04/11/2010,3628.90478515625
03/11/2010,3605.532958984375
02/11/2010,3625.346923828125
01/11/2010,3645.005126953125
29/10/2010,3635.182373046875
28/10/2010,3638.68408203125
27/10/2010,3624.325927734375
26/10/2010,3653.9599609375
25/10/2010,3643.34912109375
22/10/2010,3597.605224609375
21/10/2010,3587.870361328125
20/10/2010,3578.81494140625
19/10/2010,3592.648193359375
18/10/2010,3566.779052734375
15/10/2010,3596.89111328125
14/10/2010,3618.337158203125
13/10/2010,3611.83837890625
12/10/2010,3547.110107421875
11/10/2010,3548.60791015625
08/10/2010,3546.816162109375
07/10/2010,3586.04638671875
06/10/2010,3603.263916015625
05/10/2010,3591.55517578125
04/10/2010,3569.359130859375
01/10/2010,3546.97705078125
30/09/2010,3501.159912109375
29/09/2010,3495.328125
28/09/2010,3472.572021484375
27/09/2010,3467.90087890625
24/09/2010,3397.49365234375
23/09/2010,3337.067138671875
22/09/2010,3343.212646484375
21/09/2010,3364.90625
20/09/2010,3370.850830078125
17/09/2010,3384.521484375
16/09/2010,3341.502197265625
15/09/2010,3356.9013671875
07/09/2010,3230.76220703125
06/09/2010,3217.022705078125
03/09/2010,3164.154052734375
02/09/2010,3122.027587890625
01/09/2010,3135.19384765625
31/08/2010,3081.763916015625
30/08/2010,3099.4443359375
27/08/2010,3104.6123046875
26/08/2010,3145.0126953125
25/08/2010,3138.78759765625
24/08/2010,3114.817626953125
23/08/2010,3128.612060546875
20/08/2010,3117.5986328125
19/08/2010,3105.229248046875
18/08/2010,3071.96728515625
16/08/2010,3052.480224609375
13/08/2010,3052.89111328125
12/08/2010,3025.5263671875
11/08/2010,3035.199951171875
10/08/2010,3057.041748046875
09/08/2010,3082.477783203125
06/08/2010,3060.473876953125
05/08/2010,3044.822509765625
04/08/2010,2983.130859375
03/08/2010,2973.540283203125
02/08/2010,3058.85986328125
30/07/2010,3069.16064453125
29/07/2010,3096.6953125
28/07/2010,3057.35595703125
27/07/2010,3041.5595703125
26/07/2010,3023.581298828125
23/07/2010,3041.901611328125
22/07/2010,3009.805908203125
21/07/2010,3013.28369140625
20/07/2010,2995.324462890625
19/07/2010,2975.456298828125
16/07/2010,2992.33349609375
15/07/2010,2980.480712890625
14/07/2010,2980.94287109375
13/07/2010,2961.396728515625
12/07/2010,2958.676025390625
09/07/2010,2943.781494140625
08/07/2010,2915.794677734375
07/07/2010,2901.93115234375
06/07/2010,2910.53466796875
05/07/2010,2877.19189453125
02/07/2010,2871.442138671875
01/07/2010,2874.13623046875
30/06/2010,2913.57080078125
29/06/2010,2893.258544921875
28/06/2010,2955.616943359375
25/06/2010,2946.908203125
24/06/2010,2913.981689453125
23/06/2010,2924.676025390625
22/06/2010,2934.474853515625
21/06/2010,2941.78857421875
18/06/2010,2929.47509765625
17/06/2010,2890.9853515625
16/06/2010,2858.5478515625
15/06/2010,2830.06298828125
14/06/2010,2826.72705078125
11/06/2010,2801.789794921875
10/06/2010,2770.679443359375
09/06/2010,2785.684814453125
08/06/2010,2779.874755859375
07/06/2010,2750.1259765625
04/06/2010,2823.14111328125
03/06/2010,2810.86767578125
02/06/2010,2733.57177734375
01/06/2010,2724.509033203125
31/05/2010,2796.84814453125
27/05/2010,2713.8173828125
26/05/2010,2696.675048828125
25/05/2010,2514.02099609375
24/05/2010,2609.508544921875
21/05/2010,2623.118896484375
20/05/2010,2694.144287109375
19/05/2010,2729.377685546875
18/05/2010,2834.07568359375
17/05/2010,2819.360107421875
14/05/2010,2858.27392578125
12/05/2010,2847.510986328125
11/05/2010,2812.78173828125
10/05/2010,2850.31591796875
07/05/2010,2739.226318359375
06/05/2010,2810.506591796875
05/05/2010,2846.128173828125
04/05/2010,2958.89990234375
03/05/2010,2960.77978515625
30/04/2010,2971.136474609375
29/04/2010,2926.74609375
28/04/2010,2903.2060546875
27/04/2010,2939.184814453125
26/04/2010,2944.594482421875
23/04/2010,2924.616943359375
22/04/2010,2926.41796875
21/04/2010,2912.712646484375
20/04/2010,2891.157470703125
19/04/2010,2840.314697265625
16/04/2010,2878.558837890625
15/04/2010,2900.417236328125
14/04/2010,2884.902587890625
13/04/2010,2884.587646484375
12/04/2010,2881.220947265625
09/04/2010,2844.900390625
08/04/2010,2850.722900390625
07/04/2010,2898.46923828125
06/04/2010,2880.85693359375
05/04/2010,2887.1337890625
01/04/2010,2829.885986328125
31/03/2010,2777.19287109375
30/03/2010,2798.1591796875
29/03/2010,2794.662109375
26/03/2010,2812.97265625
25/03/2010,2799.0400390625
24/03/2010,2774.741943359375
23/03/2010,2720.756103515625
22/03/2010,2702.295654296875
19/03/2010,2742.8671875
18/03/2010,2737.13525390625
17/03/2010,2756.15478515625
15/03/2010,2669.504150390625
12/03/2010,2666.4072265625
11/03/2010,2676.41796875
10/03/2010,2670.114990234375
09/03/2010,2657.0634765625
08/03/2010,2626.3486328125
05/03/2010,2578.671630859375
04/03/2010,2565.545166015625
03/03/2010,2566.9892578125
02/03/2010,2576.49072265625
01/03/2010,2554.574462890625
25/02/2010,2548.933837890625
24/02/2010,2579.315673828125
23/02/2010,2583.550048828125
22/02/2010,2564.163330078125
19/02/2010,2554.2763671875
18/02/2010,2559.934326171875
17/02/2010,2581.23974609375
16/02/2010,2558.4052734375
15/02/2010,2517.358154296875
12/02/2010,2534.038330078125
11/02/2010,2507.653564453125
10/02/2010,2483.34130859375
09/02/2010,2489.388427734375
08/02/2010,2475.4755859375
05/02/2010,2518.878173828125
04/02/2010,2593.119140625
03/02/2010,2604.447509765625
02/02/2010,2580.150634765625
01/02/2010,2587.4482421875
29/01/2010,2610.6943359375
28/01/2010,2619.463134765625
27/01/2010,2564.454345703125
26/01/2010,2578.314697265625
25/01/2010,2597.759033203125
22/01/2010,2610.238525390625
21/01/2010,2638.279541015625
20/01/2010,2667.162353515625
19/01/2010,2665.96728515625
18/01/2010,2642.445068359375
15/01/2010,2646.987060546875
14/01/2010,2645.077880859375
13/01/2010,2632.76953125
12/01/2010,2659.447265625
11/01/2010,2632.1015625
08/01/2010,2614.268310546875
07/01/2010,2586.794189453125
06/01/2010,2603.195556640625
05/01/2010,2605.175537109375
04/01/2010,2575.31298828125
30/12/2009,2534.25732421875
29/12/2009,2518.89599609375
28/12/2009,2509.593994140625
23/12/2009,2474.78662109375
22/12/2009,2467.541015625
21/12/2009,2431.29443359375
17/12/2009,2509.47802734375
16/12/2009,2522.447021484375
15/12/2009,2494.639892578125
14/12/2009,2506.28857421875
11/12/2009,2519.001220703125
10/12/2009,2486.34033203125
09/12/2009,2481.200439453125
08/12/2009,2483.79541015625
07/12/2009,2483.661376953125
04/12/2009,2511.447021484375
03/12/2009,2499.939697265625
02/12/2009,2471.467529296875
01/12/2009,2452.4052734375
30/11/2009,2415.742919921875
26/11/2009,2393.42578125
25/11/2009,2461.432373046875
24/11/2009,2471.78759765625
23/11/2009,2481.3193359375
20/11/2009,2487.268310546875
19/11/2009,2468.692138671875
18/11/2009,2484.13232421875
17/11/2009,2473.692626953125
16/11/2009,2468.5791015625
13/11/2009,2426.70654296875
12/11/2009,2420.186767578125
11/11/2009,2403.785400390625
10/11/2009,2381.8623046875
09/11/2009,2406.340576171875
06/11/2009,2395.0126953125
05/11/2009,2367.121826171875
04/11/2009,2371.763671875
03/11/2009,2334.01513671875
02/11/2009,2371.5498046875
30/10/2009,2367.608642578125
29/10/2009,2343.941650390625
28/10/2009,2355.222412109375
27/10/2009,2425.1064453125
26/10/2009,2467.6181640625
23/10/2009,2467.85205078125
22/10/2009,2433.089599609375
21/10/2009,2476.70068359375
20/10/2009,2502.11865234375
19/10/2009,2520.826171875
16/10/2009,2515.7080078125
15/10/2009,2515.28515625
14/10/2009,2511.623046875
13/10/2009,2471.8955078125
12/10/2009,2456.59326171875
09/10/2009,2474.304443359375
08/10/2009,2484.42138671875
07/10/2009,2513.30810546875
06/10/2009,2528.04736328125
05/10/2009,2480.31640625
02/10/2009,2479.751220703125
01/10/2009,2477.87451171875
30/09/2009,2467.4951171875
29/09/2009,2443.736083984375
28/09/2009,2397.734375
25/09/2009,2444.48876953125
24/09/2009,2468.80615234375
17/09/2009,2456.890380859375
16/09/2009,2439.261962890625
15/09/2009,2420.0146484375
14/09/2009,2382.609130859375
11/09/2009,2415.85205078125
10/09/2009,2411.769287109375
09/09/2009,2383.2451171875
08/09/2009,2371.209716796875
07/09/2009,2340.30078125
04/09/2009,2322.6455078125
03/09/2009,2322.155517578125
02/09/2009,2285.8359375
01/09/2009,2326.823486328125
31/08/2009,2341.44580078125
28/08/2009,2377.154296875
27/08/2009,2355.972412109375
26/08/2009,2379.994140625
25/08/2009,2380.42822265625
24/08/2009,2375.78173828125
21/08/2009,2333.80615234375
20/08/2009,2328.54833984375
19/08/2009,2277.663330078125
18/08/2009,2336.896240234375
14/08/2009,2386.772216796875
13/08/2009,2396.396484375
12/08/2009,2347.2666015625
11/08/2009,2399.182373046875
10/08/2009,2389.46923828125
07/08/2009,2349.04150390625
06/08/2009,2359.88525390625
05/08/2009,2316.972900390625
04/08/2009,2360.002197265625
03/08/2009,2338.7060546875
31/07/2009,2323.1455078125
30/07/2009,2298.045654296875
29/07/2009,2225.7255859375
28/07/2009,2237.017822265625
27/07/2009,2209.014892578125
24/07/2009,2185.569091796875
23/07/2009,2160.6328125
22/07/2009,2125.532470703125
21/07/2009,2146.470458984375
17/07/2009,2106.27099609375
16/07/2009,2117.867431640625
15/07/2009,2123.195556640625
14/07/2009,2056.4990234375
13/07/2009,2020.0604248046875
10/07/2009,2063.013671875
09/07/2009,2083.89306640625
07/07/2009,2083.166015625
06/07/2009,2034.9307861328125
03/07/2009,2075.22119140625
02/07/2009,2065.672607421875
01/07/2009,2059.8037109375
30/06/2009,2026.701171875
29/06/2009,2033.6368408203125
26/06/2009,2040.1136474609375
25/06/2009,2044.0914306640625
24/06/2009,1995.5963134765625
23/06/2009,1914.3104248046875
22/06/2009,1974.9501953125
19/06/2009,1990.39453125
18/06/2009,1950.9110107421875
17/06/2009,2024.8861083984375
16/06/2009,2030.286865234375
15/06/2009,2069.794677734375
12/06/2009,2090.86181640625
11/06/2009,2089.503662109375
10/06/2009,2108.73193359375
09/06/2009,2093.212646484375
08/06/2009,2056.56689453125
05/06/2009,2078.849853515625
04/06/2009,2032.6368408203125
03/06/2009,2010.835693359375
02/06/2009,1998.565185546875
01/06/2009,1998.502197265625
29/05/2009,1916.7564697265625
28/05/2009,1902.8018798828125
27/05/2009,1892.7694091796875
26/05/2009,1857.513671875
25/05/2009,1890.8973388671875
22/05/2009,1881.6358642578125
20/05/2009,1885.6485595703125
19/05/2009,1885.9425048828125
18/05/2009,1803.4976806640625
15/05/2009,1750.8458251953125
14/05/2009,1784.93359375
13/05/2009,1851.260009765625
12/05/2009,1841.9503173828125
11/05/2009,1830.669677734375
08/05/2009,1862.45947265625
07/05/2009,1828.7808837890625
06/05/2009,1798.26611328125
05/05/2009,1772.0009765625
04/05/2009,1788.0775146484375
01/05/2009,1729.5147705078125
30/04/2009,1722.698974609375
29/04/2009,1644.12109375
28/04/2009,1595.8529052734375
27/04/2009,1576.019775390625
24/04/2009,1591.274169921875
23/04/2009,1592.6378173828125
22/04/2009,1615.169189453125
20/04/2009,1661.7802734375
17/04/2009,1634.726318359375
16/04/2009,1625.0238037109375
15/04/2009,1593.600830078125
14/04/2009,1570.1998291015625
13/04/2009,1540.3428955078125
08/04/2009,1465.6929931640625
07/04/2009,1490.7989501953125
06/04/2009,1516.58203125
03/04/2009,1500.302490234375
02/04/2009,1499.674560546875
01/04/2009,1461.6910400390625
31/03/2009,1434.01806640625
30/03/2009,1419.036865234375
27/03/2009,1462.68798828125
25/03/2009,1419.9178466796875
24/03/2009,1436.06005859375
23/03/2009,1406.59228515625
20/03/2009,1360.8360595703125
19/03/2009,1341.55078125
18/03/2009,1322.7855224609375
17/03/2009,1312.041015625
16/03/2009,1324.7955322265625
13/03/2009,1327.385498046875
12/03/2009,1310.363037109375
11/03/2009,1314.4678955078125
10/03/2009,1300.1644287109375
06/03/2009,1286.6429443359375
05/03/2009,1288.02392578125
04/03/2009,1289.329833984375
03/03/2009,1264.7667236328125
02/03/2009,1256.06005859375
27/02/2009,1285.4259033203125
26/02/2009,1290.2708740234375
25/02/2009,1300.0574951171875
24/02/2009,1295.818603515625
23/02/2009,1312.387939453125
20/02/2009,1296.8916015625
19/02/2009,1323.64453125
18/02/2009,1330.55810546875
17/02/2009,1317.98876953125
16/02/2009,1341.94970703125
13/02/2009,1338.6898193359375
12/02/2009,1325.3695068359375
11/02/2009,1324.7724609375
10/02/2009,1332.0771484375
09/02/2009,1342.173583984375
06/02/2009,1350.58837890625
05/02/2009,1328.023193359375
04/02/2009,1320.3115234375
03/02/2009,1304.2802734375
02/02/2009,1310.5919189453125
30/01/2009,1332.6151123046875
29/01/2009,1324.5985107421875
28/01/2009,1321.3995361328125
27/01/2009,1336.5789794921875
23/01/2009,1315.53369140625
22/01/2009,1327.271484375
21/01/2009,1321.4014892578125
20/01/2009,1344.0986328125
19/01/2009,1350.6343994140625
16/01/2009,1363.822998046875
15/01/2009,1343.441650390625
14/01/2009,1386.8519287109375
13/01/2009,1399.6785888671875
12/01/2009,1406.498291015625
09/01/2009,1416.6148681640625
08/01/2009,1402.6064453125
07/01/2009,1421.4146728515625
06/01/2009,1435.4810791015625
05/01/2009,1437.281982421875
30/12/2008,1355.355224609375
24/12/2008,1336.56201171875
23/12/2008,1343.66357421875
22/12/2008,1345.255615234375
19/12/2008,1348.2325439453125
18/12/2008,1351.71142578125
17/12/2008,1363.9310302734375
16/12/2008,1342.78369140625
15/12/2008,1359.2249755859375
12/12/2008,1262.9188232421875
11/12/2008,1316.6427001953125
10/12/2008,1315.84375
09/12/2008,1266.066650390625
05/12/2008,1202.2952880859375
04/12/2008,1205.277099609375
03/12/2008,1192.4796142578125
02/12/2008,1191.3116455078125
01/12/2008,1223.077392578125
28/11/2008,1241.49267578125
27/11/2008,1202.0272216796875
26/11/2008,1193.1046142578125
25/11/2008,1154.0960693359375
24/11/2008,1141.356689453125
21/11/2008,1146.2313232421875
20/11/2008,1154.925048828125
19/11/2008,1180.3111572265625
18/11/2008,1189.815673828125
17/11/2008,1236.884765625
14/11/2008,1264.32763671875
13/11/2008,1259.6640625
12/11/2008,1326.5694580078125
11/11/2008,1336.5050048828125
10/11/2008,1340.62890625
07/11/2008,1338.3079833984375
06/11/2008,1307.8460693359375
05/11/2008,1366.221923828125
04/11/2008,1369.731689453125
03/11/2008,1352.663330078125
31/10/2008,1256.655029296875
30/10/2008,1173.8173828125
29/10/2008,1113.5806884765625
28/10/2008,1111.3468017578125
27/10/2008,1166.36376953125
24/10/2008,1244.8155517578125
23/10/2008,1337.1519775390625
22/10/2008,1379.6893310546875
21/10/2008,1440.093017578125
20/10/2008,1426.8824462890625
17/10/2008,1399.3695068359375
16/10/2008,1463.1939697265625
15/10/2008,1520.3477783203125
14/10/2008,1555.9063720703125
13/10/2008,1461.8160400390625
08/10/2008,1451.6124267578125
07/10/2008,1619.657958984375
06/10/2008,1648.6749267578125
26/09/2008,1846.01904296875
25/09/2008,1869.9881591796875
24/09/2008,1883.4776611328125
23/09/2008,1873.027099609375
22/09/2008,1897.2681884765625
19/09/2008,1891.658447265625
18/09/2008,1787.603515625
17/09/2008,1769.8251953125
16/09/2008,1735.5684814453125
15/09/2008,1719.1871337890625
12/09/2008,1803.99169921875
11/09/2008,1870.0601806640625
10/09/2008,1884.969482421875
09/09/2008,1958.67578125
08/09/2008,2037.918701171875
05/09/2008,2022.4852294921875
04/09/2008,2075.153076171875
03/09/2008,2115.91748046875
02/09/2008,2158.9677734375
01/09/2008,2164.535888671875
29/08/2008,2165.85888671875
28/08/2008,2144.764404296875
27/08/2008,2130.97998046875
26/08/2008,2107.466064453125
25/08/2008,2127.1416015625
22/08/2008,2120.408447265625
21/08/2008,2088.169677734375
20/08/2008,2069.61767578125
19/08/2008,2042.4185791015625
15/08/2008,2085.066650390625
14/08/2008,2106.56005859375
13/08/2008,2063.440673828125
12/08/2008,2057.498779296875
11/08/2008,2133.836669921875
08/08/2008,2195.840576171875
07/08/2008,2198.925537109375
06/08/2008,2187.118896484375
05/08/2008,2185.533935546875
04/08/2008,2227.58837890625
01/08/2008,2248.662353515625
31/07/2008,2304.418212890625
29/07/2008,2278.595458984375
28/07/2008,2275.58740234375
25/07/2008,2245.256591796875
24/07/2008,2256.96630859375
23/07/2008,2225.757568359375
22/07/2008,2212.667724609375
21/07/2008,2194.9814453125
18/07/2008,2141.0517578125
17/07/2008,2167.628662109375
16/07/2008,2218.03857421875
15/07/2008,2214.765869140625
14/07/2008,2259.4521484375
11/07/2008,2276.764404296875
10/07/2008,2276.142333984375
09/07/2008,2285.936767578125
08/07/2008,2278.88427734375
07/07/2008,2303.728515625
04/07/2008,2314.660888671875
03/07/2008,2286.52197265625
02/07/2008,2378.38134765625
01/07/2008,2378.71533203125
30/06/2008,2349.013427734375
27/06/2008,2332.0244140625
26/06/2008,2350.800537109375
25/06/2008,2341.270751953125
24/06/2008,2365.28564453125
23/06/2008,2362.65185546875
20/06/2008,2371.68359375
19/06/2008,2372.9697265625
18/06/2008,2364.488037109375
17/06/2008,2377.88330078125
16/06/2008,2397.947509765625
13/06/2008,2398.323486328125
12/06/2008,2408.914306640625
11/06/2008,2374.692626953125
10/06/2008,2373.724609375
09/06/2008,2409.983154296875
06/06/2008,2402.142578125
05/06/2008,2399.58349609375
04/06/2008,2362.495849609375
03/06/2008,2403.720458984375
02/06/2008,2427.673583984375
30/05/2008,2444.254150390625
29/05/2008,2446.85888671875
28/05/2008,2433.67431640625
27/05/2008,2396.905517578125
26/05/2008,2419.6328125
23/05/2008,2465.859130859375
22/05/2008,2503.8544921875
21/05/2008,2494.61181640625
16/05/2008,2468.744140625
15/05/2008,2449.7158203125
14/05/2008,2449.24267578125
13/05/2008,2418.8056640625
12/05/2008,2377.91015625
09/05/2008,2374.934814453125
08/05/2008,2376.840576171875
07/05/2008,2382.606201171875
06/05/2008,2371.734619140625
05/05/2008,2387.893310546875
30/04/2008,2304.42626953125
29/04/2008,2303.436279296875
28/04/2008,2254.220458984375
25/04/2008,2240.49072265625
24/04/2008,2269.8916015625
23/04/2008,2314.2119140625
22/04/2008,2289.0068359375
21/04/2008,2335.798095703125
18/04/2008,2349.177490234375
17/04/2008,2341.688720703125
16/04/2008,2337.832275390625
15/04/2008,2294.167724609375
14/04/2008,2272.3876953125
11/04/2008,2303.83935546875
10/04/2008,2235.846923828125
09/04/2008,2180.00439453125
08/04/2008,2249.682373046875
07/04/2008,2286.7080078125
04/04/2008,2276.996337890625
03/04/2008,2237.8837890625
02/04/2008,2342.09765625
01/04/2008,2393.15576171875
31/03/2008,2447.203857421875
28/03/2008,2477.489501953125
27/03/2008,2451.254638671875
26/03/2008,2440.544921875
25/03/2008,2419.521728515625
24/03/2008,2339.20263671875
19/03/2008,2323.475341796875
18/03/2008,2339.70361328125
17/03/2008,2312.23095703125
14/03/2008,2383.3271484375
13/03/2008,2440.4970703125
12/03/2008,2556.142333984375
11/03/2008,2523.435791015625
10/03/2008,2527.768310546875
06/03/2008,2656.3525390625
05/03/2008,2639.549560546875
04/03/2008,2634.6494140625
03/03/2008,2652.208984375
29/02/2008,2721.838134765625
28/02/2008,2756.206787109375
27/02/2008,2740.03125
26/02/2008,2738.765380859375
25/02/2008,2751.755126953125
22/02/2008,2741.07421875
21/02/2008,2734.103515625
20/02/2008,2689.1513671875
19/02/2008,2711.7666015625
18/02/2008,2684.59716796875
15/02/2008,2688.086181640625
14/02/2008,2675.541015625
13/02/2008,2610.679443359375
12/02/2008,2591.96923828125
11/02/2008,2589.28125
06/02/2008,2638.984375
05/02/2008,2704.141845703125
04/02/2008,2701.523681640625
01/02/2008,2646.718017578125
31/01/2008,2627.148681640625
30/01/2008,2610.25732421875
29/01/2008,2607.741455078125
28/01/2008,2581.948486328125
25/01/2008,2620.39111328125
24/01/2008,2516.60302734375
23/01/2008,2476.181640625
22/01/2008,2294.4345703125
21/01/2008,2485.7822265625
18/01/2008,2611.030517578125
17/01/2008,2649.176025390625
16/01/2008,2592.210205078125
15/01/2008,2729.9248046875
14/01/2008,2810.2626953125
09/01/2008,2830.15283203125
08/01/2008,2785.516845703125
07/01/2008,2776.3017578125
04/01/2008,2765.082275390625
03/01/2008,2714.958984375
02/01/2008,2731.40087890625
28/12/2007,2745.718994140625
27/12/2007,2739.597412109375
26/12/2007,2714.4423828125
19/12/2007,2657.87353515625
18/12/2007,2646.125
17/12/2007,2664.814208984375
14/12/2007,2739.954345703125
13/12/2007,2755.621826171875
12/12/2007,2795.730224609375
11/12/2007,2810.8525390625
10/12/2007,2790.156005859375
07/12/2007,2778.8388671875
06/12/2007,2795.2900390625
05/12/2007,2767.950439453125
04/12/2007,2752.8359375
03/12/2007,2726.819091796875
30/11/2007,2688.227294921875
29/11/2007,2699.711669921875
28/11/2007,2671.791015625
27/11/2007,2627.851806640625
26/11/2007,2647.94091796875
23/11/2007,2584.24609375
22/11/2007,2569.413818359375
21/11/2007,2563.521484375
20/11/2007,2624.760009765625
19/11/2007,2646.7099609375
16/11/2007,2668.600341796875
15/11/2007,2705.71484375
14/11/2007,2691.766357421875
13/11/2007,2654.10498046875
12/11/2007,2671.798095703125
09/11/2007,2707.561767578125
08/11/2007,2678.119873046875
07/11/2007,2713.872314453125
06/11/2007,2681.7978515625
05/11/2007,2652.375
02/11/2007,2710.511474609375
01/11/2007,2704.5517578125
31/10/2007,2643.384033203125
30/10/2007,2662.818359375
29/10/2007,2667.42822265625
26/10/2007,2624.329833984375
25/10/2007,2596.56201171875
24/10/2007,2524.882568359375
23/10/2007,2553.699462890625
22/10/2007,2453.115234375
19/10/2007,2563.65234375
18/10/2007,2616.63818359375
17/10/2007,2641.487060546875
11/10/2007,2638.1103515625
10/10/2007,2591.382080078125
09/10/2007,2546.5087890625
08/10/2007,2523.6025390625
05/10/2007,2500.483642578125
04/10/2007,2473.05859375
03/10/2007,2451.490478515625
02/10/2007,2464.847412109375
01/10/2007,2399.362548828125
28/09/2007,2359.1142578125
27/09/2007,2378.7373046875
26/09/2007,2360.921142578125
25/09/2007,2330.2724609375
24/09/2007,2353.538330078125
21/09/2007,2335.396240234375
20/09/2007,2304.541259765625
19/09/2007,2313.2490234375
18/09/2007,2239.77490234375
17/09/2007,2223.134521484375
14/09/2007,2225.5205078125
13/09/2007,2222.65966796875
12/09/2007,2209.8447265625
11/09/2007,2211.326904296875
10/09/2007,2209.555908203125
07/09/2007,2239.813720703125
06/09/2007,2220.690673828125
05/09/2007,2214.535888671875
04/09/2007,2215.03076171875
03/09/2007,2213.48779296875
31/08/2007,2194.253662109375
30/08/2007,2150.631591796875
29/08/2007,2134.7998046875
28/08/2007,2159.524658203125
27/08/2007,2175.268310546875
24/08/2007,2143.025634765625
23/08/2007,2117.577392578125
22/08/2007,2062.91064453125
21/08/2007,1992.929443359375
20/08/2007,2041.5045166015625
16/08/2007,1908.560791015625
15/08/2007,2029.0040283203125
14/08/2007,2168.5537109375
13/08/2007,2211.368896484375
10/08/2007,2207.31005859375
09/08/2007,2241.31494140625
08/08/2007,2262.5478515625
07/08/2007,2173.986328125
06/08/2007,2189.021484375
03/08/2007,2269.70263671875
02/08/2007,2270.765625
01/08/2007,2256.220458984375
31/07/2007,2348.58154296875
30/07/2007,2301.462646484375
27/07/2007,2298.32470703125
26/07/2007,2365.170654296875
25/07/2007,2394.4716796875
24/07/2007,2401.050537109375
23/07/2007,2380.1171875
20/07/2007,2366.3037109375
19/07/2007,2333.59228515625
18/07/2007,2294.501708984375
17/07/2007,2301.252685546875
16/07/2007,2286.12890625
13/07/2007,2301.51171875
12/07/2007,2284.8271484375
11/07/2007,2273.32861328125
10/07/2007,2282.290283203125
09/07/2007,2271.255615234375
06/07/2007,2226.96435546875
05/07/2007,2220.844482421875
04/07/2007,2196.01953125
03/07/2007,2189.033447265625
02/07/2007,2167.73583984375
29/06/2007,2139.19482421875
28/06/2007,2112.76904296875
27/06/2007,2125.25537109375
26/06/2007,2153.458251953125
25/06/2007,2152.119140625
22/06/2007,2152.2373046875
21/06/2007,2152.25634765625
20/06/2007,2160.98974609375
19/06/2007,2142.102783203125
18/06/2007,2126.410400390625
15/06/2007,2120.557373046875
14/06/2007,2108.330078125
13/06/2007,2088.519775390625
12/06/2007,2108.498046875
11/06/2007,2083.947998046875
08/06/2007,2054.3701171875
07/06/2007,2093.729736328125
06/06/2007,2102.362060546875
05/06/2007,2093.02880859375
04/06/2007,2111.669921875
31/05/2007,2084.242919921875
30/05/2007,2055.31591796875
29/05/2007,2058.65576171875
28/05/2007,2076.677001953125
25/05/2007,2060.353759765625
24/05/2007,2078.52392578125
23/05/2007,2104.1640625
22/05/2007,2078.6728515625
21/05/2007,2071.19140625
16/05/2007,2063.6826171875
15/05/2007,2037.70361328125
14/05/2007,2044.1314697265625
11/05/2007,2022.2183837890625
10/05/2007,2046.9512939453125
09/05/2007,2037.898681640625
08/05/2007,2022.7113037109375
07/05/2007,2036.9617919921875
04/05/2007,2033.2889404296875
03/05/2007,2025.565185546875
02/05/2007,2008.480712890625
01/05/2007,2001.10009765625
30/04/2007,1999.0892333984375
27/04/2007,2019.597412109375
26/04/2007,2015.954345703125
25/04/2007,1986.59375
24/04/2007,1981.4927978515625
23/04/2007,1986.6497802734375
20/04/2007,1968.654296875
19/04/2007,1918.2784423828125
18/04/2007,1959.6007080078125
17/04/2007,1965.3614501953125
16/04/2007,1963.74560546875
13/04/2007,1941.076416015625
12/04/2007,1930.3218994140625
11/04/2007,1930.96875
10/04/2007,1925.39599609375
09/04/2007,1913.660400390625
05/04/2007,1895.5372314453125
04/04/2007,1921.9761962890625
03/04/2007,1894.5023193359375
02/04/2007,1849.31201171875
30/03/2007,1830.8526611328125
29/03/2007,1817.648193359375
28/03/2007,1800.3218994140625
27/03/2007,1819.589111328125
26/03/2007,1813.6474609375
23/03/2007,1805.8907470703125
22/03/2007,1808.99560546875
21/03/2007,1779.1678466796875
20/03/2007,1775.3538818359375
16/03/2007,1777.82080078125
15/03/2007,1776.2918701171875
14/03/2007,1762.2154541015625
13/03/2007,1797.33203125
12/03/2007,1794.4521484375
09/03/2007,1764.5133056640625
08/03/2007,1771.489013671875
07/03/2007,1743.12109375
06/03/2007,1732.37060546875
05/03/2007,1698.7537841796875
02/03/2007,1759.9505615234375
01/03/2007,1759.4215087890625
28/02/2007,1740.9031982421875
27/02/2007,1763.9393310546875
26/02/2007,1783.881591796875
23/02/2007,1791.483154296875
22/02/2007,1808.3707275390625
21/02/2007,1816.4954833984375
20/02/2007,1806.4117431640625
19/02/2007,1799.222900390625
16/02/2007,1794.293212890625
15/02/2007,1790.335205078125
14/02/2007,1750.9178466796875
13/02/2007,1727.292724609375
12/02/2007,1734.39453125
09/02/2007,1740.249267578125
08/02/2007,1751.2508544921875
07/02/2007,1764.84033203125
06/02/2007,1761.2244873046875
05/02/2007,1768.4700927734375
02/02/2007,1780.3116455078125
01/02/2007,1771.257080078125
31/01/2007,1757.189697265625
30/01/2007,1765.4532470703125
29/01/2007,1764.92626953125
26/01/2007,1759.1375732421875
25/01/2007,1773.886962890625
24/01/2007,1805.6217041015625
23/01/2007,1808.5045166015625
22/01/2007,1817.33837890625
19/01/2007,1795.4891357421875
18/01/2007,1777.6387939453125
17/01/2007,1758.4146728515625
16/01/2007,1754.2255859375
15/01/2007,1730.4075927734375
12/01/2007,1677.9786376953125
11/01/2007,1703.7777099609375
10/01/2007,1710.3004150390625
09/01/2007,1780.8116455078125
08/01/2007,1813.323486328125
05/01/2007,1832.4786376953125
04/01/2007,1824.0321044921875
03/01/2007,1834.6375732421875
02/01/2007,1836.4486083984375
28/12/2006,1805.45263671875
27/12/2006,1803.19384765625
26/12/2006,1783.9095458984375
22/12/2006,1785.6905517578125
21/12/2006,1789.0164794921875
20/12/2006,1766.7301025390625
19/12/2006,1736.6025390625
18/12/2006,1787.550537109375
15/12/2006,1792.0941162109375
14/12/2006,1767.733154296875
13/12/2006,1753.7296142578125
12/12/2006,1754.5096435546875
11/12/2006,1759.6044921875
08/12/2006,1775.2159423828125
07/12/2006,1782.0465087890625
06/12/2006,1784.3585205078125
05/12/2006,1776.68896484375
04/12/2006,1731.1676025390625
01/12/2006,1734.6824951171875
30/11/2006,1718.8941650390625
29/11/2006,1713.330322265625
28/11/2006,1691.0181884765625
27/11/2006,1728.86572265625
24/11/2006,1717.6630859375
23/11/2006,1704.063720703125
22/11/2006,1705.3746337890625
21/11/2006,1681.2745361328125
20/11/2006,1683.9405517578125
17/11/2006,1672.0428466796875
16/11/2006,1668.759033203125
15/11/2006,1670.0450439453125
14/11/2006,1672.005859375
13/11/2006,1639.206298828125
10/11/2006,1664.772216796875
09/11/2006,1660.1993408203125
08/11/2006,1646.001953125
07/11/2006,1654.087646484375
06/11/2006,1640.7841796875
03/11/2006,1612.860107421875
02/11/2006,1607.6334228515625
01/11/2006,1589.8062744140625
31/10/2006,1582.564453125
30/10/2006,1580.12744140625
20/10/2006,1572.7847900390625
19/10/2006,1568.533935546875
18/10/2006,1564.488037109375
17/10/2006,1566.762939453125
16/10/2006,1561.7252197265625
13/10/2006,1572.1368408203125
12/10/2006,1549.4747314453125
11/10/2006,1553.05859375
10/10/2006,1554.8563232421875
09/10/2006,1543.3638916015625
06/10/2006,1549.5687255859375
05/10/2006,1544.91796875
04/10/2006,1537.025146484375
03/10/2006,1537.650146484375
02/10/2006,1528.847412109375
29/09/2006,1534.5552978515625
28/09/2006,1533.7403564453125
27/09/2006,1522.999755859375
26/09/2006,1500.0465087890625
25/09/2006,1506.6973876953125
22/09/2006,1510.76611328125
21/09/2006,1507.306396484375
20/09/2006,1479.24951171875
19/09/2006,1485.291259765625
18/09/2006,1474.2005615234375
15/09/2006,1465.64404296875
14/09/2006,1461.2349853515625
13/09/2006,1451.0235595703125
12/09/2006,1435.151123046875
11/09/2006,1447.1976318359375
08/09/2006,1466.5189208984375
07/09/2006,1470.40869140625
06/09/2006,1472.5057373046875
05/09/2006,1468.180908203125
04/09/2006,1469.5018310546875
01/09/2006,1444.433837890625
31/08/2006,1431.206298828125
30/08/2006,1425.16943359375
29/08/2006,1432.875244140625
28/08/2006,1417.9488525390625
25/08/2006,1416.8748779296875
24/08/2006,1429.428466796875
23/08/2006,1438.574951171875
22/08/2006,1434.97314453125
16/08/2006,1437.7119140625
15/08/2006,1424.1834716796875
14/08/2006,1415.1689453125
11/08/2006,1402.136474609375
10/08/2006,1384.8021240234375
09/08/2006,1413.0450439453125
08/08/2006,1396.028564453125
07/08/2006,1403.4354248046875
04/08/2006,1389.2989501953125
03/08/2006,1379.6612548828125
02/08/2006,1394.3096923828125
01/08/2006,1371.6395263671875
31/07/2006,1351.596435546875
28/07/2006,1337.3580322265625
27/07/2006,1330.5401611328125
26/07/2006,1312.7789306640625
25/07/2006,1307.72412109375
24/07/2006,1303.0992431640625
21/07/2006,1314.52587890625
20/07/2006,1315.5386962890625
19/07/2006,1280.4461669921875
18/07/2006,1286.0
17/07/2006,1283.89892578125
14/07/2006,1303.5341796875
13/07/2006,1333.9771728515625
12/07/2006,1345.8145751953125
11/07/2006,1343.892578125
10/07/2006,1339.77783203125
07/07/2006,1347.8526611328125
06/07/2006,1339.9688720703125
05/07/2006,1338.27099609375
04/07/2006,1337.8160400390625
03/07/2006,1327.703369140625
30/06/2006,1310.2120361328125
29/06/2006,1274.6944580078125
28/06/2006,1272.0035400390625
27/06/2006,1285.576904296875
26/06/2006,1283.802978515625
23/06/2006,1290.11376953125
22/06/2006,1303.399169921875
21/06/2006,1293.236572265625
20/06/2006,1294.9195556640625
19/06/2006,1295.0006103515625
16/06/2006,1309.47412109375
15/06/2006,1241.6016845703125
14/06/2006,1234.1500244140625
13/06/2006,1236.519775390625
12/06/2006,1273.0604248046875
09/06/2006,1274.7034912109375
08/06/2006,1241.2777099609375
07/06/2006,1287.1279296875
06/06/2006,1316.8936767578125
05/06/2006,1348.9854736328125
02/06/2006,1347.6336669921875
01/06/2006,1321.508544921875
31/05/2006,1329.944091796875
30/05/2006,1366.116943359375
29/05/2006,1333.8321533203125
24/05/2006,1323.095458984375
23/05/2006,1326.20849609375
22/05/2006,1308.994140625
19/05/2006,1392.9359130859375
18/05/2006,1400.79248046875
17/05/2006,1462.1009521484375
16/05/2006,1427.7584228515625
15/05/2006,1429.4864501953125
12/05/2006,1525.720703125
11/05/2006,1553.0015869140625
10/05/2006,1539.341064453125
09/05/2006,1532.5643310546875
08/05/2006,1507.8673095703125
05/05/2006,1483.0032958984375
04/05/2006,1484.2742919921875
03/05/2006,1499.0126953125
02/05/2006,1475.83544921875
01/05/2006,1476.3974609375
28/04/2006,1464.3489990234375
27/04/2006,1474.551513671875
26/04/2006,1481.6612548828125
25/04/2006,1458.7274169921875
24/04/2006,1442.808837890625
21/04/2006,1459.231201171875
20/04/2006,1464.470947265625
19/04/2006,1453.17041015625
18/04/2006,1417.31982421875
17/04/2006,1386.73095703125
13/04/2006,1382.068115234375
12/04/2006,1372.340576171875
11/04/2006,1360.073974609375
07/04/2006,1363.2449951171875
06/04/2006,1354.960205078125
05/04/2006,1344.547607421875
04/04/2006,1326.396484375
03/04/2006,1329.26123046875
29/03/2006,1322.9224853515625
28/03/2006,1325.16748046875
27/03/2006,1311.89892578125
24/03/2006,1311.322998046875
23/03/2006,1305.572265625
22/03/2006,1302.2772216796875
21/03/2006,1327.0904541015625
20/03/2006,1330.0611572265625
17/03/2006,1305.127197265625
16/03/2006,1273.7474365234375
15/03/2006,1244.3927001953125
14/03/2006,1245.33056640625
13/03/2006,1243.6126708984375
10/03/2006,1247.3734130859375
09/03/2006,1239.52880859375
08/03/2006,1233.5479736328125
07/03/2006,1246.2025146484375
06/03/2006,1262.6407470703125
03/03/2006,1261.216064453125
02/03/2006,1249.6292724609375
01/03/2006,1239.2218017578125
28/02/2006,1230.6160888671875
27/02/2006,1235.374755859375
24/02/2006,1216.0927734375
23/02/2006,1224.1163330078125
22/02/2006,1231.2021484375
21/02/2006,1236.040771484375
20/02/2006,1247.3653564453125
17/02/2006,1243.4266357421875
16/02/2006,1237.8258056640625
15/02/2006,1236.894775390625
14/02/2006,1230.3302001953125
13/02/2006,1252.3553466796875
10/02/2006,1253.0562744140625
09/02/2006,1246.591552734375
08/02/2006,1238.121826171875
07/02/2006,1259.3131103515625
06/02/2006,1245.6005859375
03/02/2006,1244.07763671875
02/02/2006,1243.3446044921875
01/02/2006,1240.6466064453125
30/01/2006,1232.273193359375
27/01/2006,1229.6611328125
26/01/2006,1226.6051025390625
25/01/2006,1230.069091796875
24/01/2006,1207.1729736328125
23/01/2006,1200.0802001953125
20/01/2006,1222.84033203125
19/01/2006,1230.0111083984375
18/01/2006,1193.149658203125
17/01/2006,1212.82275390625
16/01/2006,1235.2080078125
13/01/2006,1250.3792724609375
12/01/2006,1256.2041015625
11/01/2006,1261.2340087890625
09/01/2006,1245.0054931640625
06/01/2006,1222.201416015625
05/01/2006,1210.9527587890625
04/01/2006,1211.6517333984375
03/01/2006,1184.643798828125
02/01/2006,1171.663330078125
29/12/2005,1162.5897216796875
28/12/2005,1164.09765625
27/12/2005,1161.6617431640625
23/12/2005,1158.29296875
22/12/2005,1163.9716796875
21/12/2005,1160.513671875
20/12/2005,1162.98876953125
19/12/2005,1162.28271484375
16/12/2005,1143.3814697265625
15/12/2005,1155.9190673828125
14/12/2005,1173.67236328125
13/12/2005,1181.98193359375
12/12/2005,1174.961181640625
09/12/2005,1160.0228271484375
08/12/2005,1158.27392578125
07/12/2005,1151.3201904296875
06/12/2005,1123.3912353515625
05/12/2005,1120.534423828125
02/12/2005,1119.3734130859375
01/12/2005,1096.3282470703125
30/11/2005,1096.5982666015625
29/11/2005,1082.23583984375
28/11/2005,1081.0179443359375
25/11/2005,1074.3582763671875
24/11/2005,1078.136962890625
23/11/2005,1061.0386962890625
22/11/2005,1066.2523193359375
21/11/2005,1062.415771484375
18/11/2005,1054.9439697265625
17/11/2005,1033.2408447265625
16/11/2005,1025.7890625
15/11/2005,1022.0361938476562
14/11/2005,1017.693359375
11/11/2005,1028.94384765625
10/11/2005,1043.6563720703125
09/11/2005,1052.780029296875
01/11/2005,1064.9114990234375
31/10/2005,1066.1824951171875
28/10/2005,1058.2147216796875
27/10/2005,1063.6556396484375
26/10/2005,1062.1337890625
25/10/2005,1062.1307373046875
24/10/2005,1073.040283203125
21/10/2005,1075.920166015625
20/10/2005,1075.3592529296875
19/10/2005,1075.8701171875
18/10/2005,1095.830322265625
17/10/2005,1090.0484619140625
14/10/2005,1096.6612548828125
13/10/2005,1090.4925537109375
12/10/2005,1102.9371337890625
11/10/2005,1105.5859375
10/10/2005,1102.7371826171875
07/10/2005,1094.6092529296875
06/10/2005,1096.333251953125
05/10/2005,1104.011962890625
04/10/2005,1101.1231689453125
03/10/2005,1083.371826171875
30/09/2005,1079.23291015625
29/09/2005,1048.26123046875
28/09/2005,1027.847900390625
27/09/2005,1037.5936279296875
26/09/2005,1034.5447998046875
23/09/2005,1012.8115844726562
22/09/2005,1016.7184448242188
21/09/2005,1044.015380859375
20/09/2005,1055.5499267578125
19/09/2005,1066.54931640625
16/09/2005,1056.6849365234375
15/09/2005,1050.864990234375
14/09/2005,1058.585693359375
13/09/2005,1085.7017822265625
12/09/2005,1105.6138916015625
09/09/2005,1098.413330078125
08/09/2005,1080.4078369140625
07/09/2005,1059.3387451171875
06/09/2005,1051.552978515625
05/09/2005,1035.8507080078125
01/09/2005,1039.189453125
31/08/2005,1050.049072265625
30/08/2005,1039.7794189453125
29/08/2005,994.7312622070312
26/08/2005,1048.833251953125
25/08/2005,1061.8057861328125
24/08/2005,1035.4046630859375
23/08/2005,1066.050537109375
22/08/2005,1076.3111572265625
19/08/2005,1087.91064453125
18/08/2005,1100.2562255859375
16/08/2005,1113.7816162109375
15/08/2005,1118.23046875
12/08/2005,1153.924072265625
11/08/2005,1167.9266357421875
10/08/2005,1176.792236328125
09/08/2005,1162.753662109375
08/08/2005,1158.541015625
05/08/2005,1174.044189453125
04/08/2005,1185.2808837890625
03/08/2005,1192.1566162109375
02/08/2005,1189.2806396484375
01/08/2005,1178.17724609375
29/07/2005,1182.2550048828125
28/07/2005,1186.56787109375
27/07/2005,1178.0662841796875
26/07/2005,1177.957275390625
25/07/2005,1169.704345703125
22/07/2005,1172.1983642578125
21/07/2005,1157.468994140625
20/07/2005,1140.6116943359375
19/07/2005,1131.972900390625
18/07/2005,1128.3961181640625
15/07/2005,1131.4169921875
14/07/2005,1136.5247802734375
13/07/2005,1132.749755859375
12/07/2005,1129.0711669921875
11/07/2005,1123.418212890625
08/07/2005,1110.5137939453125
07/07/2005,1108.3597412109375
06/07/2005,1117.7684326171875
05/07/2005,1131.1239013671875
04/07/2005,1138.837646484375
01/07/2005,1138.9437255859375
30/06/2005,1122.3323974609375
29/06/2005,1126.813232421875
28/06/2005,1127.773193359375
27/06/2005,1119.8543701171875
24/06/2005,1135.622802734375
23/06/2005,1137.379638671875
22/06/2005,1134.6507568359375
21/06/2005,1133.2818603515625
20/06/2005,1147.665283203125
17/06/2005,1141.7735595703125
16/06/2005,1125.7152099609375
15/06/2005,1119.535400390625
14/06/2005,1105.846923828125
13/06/2005,1100.835205078125
10/06/2005,1096.8892822265625
09/06/2005,1094.1463623046875
08/06/2005,1095.46728515625
07/06/2005,1092.771484375
06/06/2005,1096.790283203125
03/06/2005,1092.45947265625
02/06/2005,1091.4224853515625
01/06/2005,1082.89892578125
31/05/2005,1088.1265869140625
30/05/2005,1062.914794921875
27/05/2005,1061.4537353515625
26/05/2005,1054.3199462890625
25/05/2005,1049.0152587890625
23/05/2005,1045.109375
20/05/2005,1048.0712890625
19/05/2005,1045.42431640625
18/05/2005,1040.222412109375
17/05/2005,1045.7322998046875
16/05/2005,1048.7462158203125
13/05/2005,1059.231689453125
12/05/2005,1063.78564453125
11/05/2005,1057.0357666015625
10/05/2005,1071.1153564453125
09/05/2005,1080.1649169921875
06/05/2005,1068.2333984375
04/05/2005,1049.5382080078125
03/05/2005,1033.462890625
02/05/2005,1026.4820556640625
29/04/2005,1029.5728759765625
28/04/2005,1038.3165283203125
27/04/2005,1032.1778564453125
26/04/2005,1031.727783203125
25/04/2005,1019.8353271484375
21/04/2005,1047.76318359375
20/04/2005,1070.9044189453125
19/04/2005,1062.6517333984375
18/04/2005,1060.147705078125
15/04/2005,1096.4752197265625
14/04/2005,1108.395751953125
13/04/2005,1116.62646484375
12/04/2005,1110.8408203125
11/04/2005,1105.93896484375
08/04/2005,1111.1827392578125
07/04/2005,1111.5777587890625
06/04/2005,1103.2449951171875
05/04/2005,1096.4832763671875
04/04/2005,1100.1602783203125
01/04/2005,1095.0233154296875
31/03/2005,1080.1229248046875
30/03/2005,1065.08544921875
29/03/2005,1070.2584228515625
28/03/2005,1100.197265625
24/03/2005,1114.5076904296875
23/03/2005,1142.103515625
22/03/2005,1152.5560302734375
21/03/2005,1151.51416015625
18/03/2005,1147.829345703125
17/03/2005,1134.5467529296875
16/03/2005,1138.189697265625
15/03/2005,1118.9573974609375
14/03/2005,1123.438232421875
10/03/2005,1108.00390625
09/03/2005,1116.764404296875
08/03/2005,1114.1636962890625
07/03/2005,1105.2548828125
04/03/2005,1102.9652099609375
03/03/2005,1094.55322265625
02/03/2005,1082.704833984375
01/03/2005,1093.238525390625
28/02/2005,1073.7862548828125
25/02/2005,1083.3338623046875
24/02/2005,1101.9761962890625
23/02/2005,1102.8831787109375
22/02/2005,1099.8702392578125
21/02/2005,1093.7353515625
18/02/2005,1092.4505615234375
17/02/2005,1082.9359130859375
16/02/2005,1073.4031982421875
15/02/2005,1067.1583251953125
14/02/2005,1050.6920166015625
11/02/2005,1045.828369140625
08/02/2005,1036.563720703125
07/02/2005,1041.5875244140625
04/02/2005,1048.3502197265625
03/02/2005,1049.290283203125
02/02/2005,1052.783935546875
01/02/2005,1047.4912109375
31/01/2005,1045.3944091796875
28/01/2005,1046.4423828125
27/01/2005,1044.9473876953125
26/01/2005,1037.4686279296875
25/01/2005,1026.85302734375
24/01/2005,1030.6768798828125
20/01/2005,1035.7066650390625
19/01/2005,1027.77001953125
18/01/2005,1017.6864013671875
17/01/2005,1024.8450927734375
14/01/2005,1021.30029296875
13/01/2005,1021.6301879882812
12/01/2005,1008.5386962890625
11/01/2005,1011.6336059570312
10/01/2005,1015.4384765625
07/01/2005,1032.48486328125
06/01/2005,1029.8458251953125
05/01/2005,1015.3914794921875
04/01/2005,1018.5033569335938
03/01/2005,1000.8380737304688
30/12/2004,1000.194091796875
29/12/2004,1004.390869140625
28/12/2004,1003.8798828125
27/12/2004,997.4791870117188
23/12/2004,986.4675903320312
22/12/2004,985.1436767578125
21/12/2004,976.2809448242188
20/12/2004,966.775390625
17/12/2004,973.316162109375
16/12/2004,957.1287231445312
15/12/2004,939.1144409179688
14/12/2004,922.037109375
13/12/2004,935.74755859375
10/12/2004,945.1932373046875
09/12/2004,963.7594604492188
08/12/2004,979.181884765625
07/12/2004,986.37158203125
06/12/2004,983.1597290039062
03/12/2004,981.3687744140625
02/12/2004,997.6591796875
01/12/2004,986.1605834960938
30/11/2004,977.72900390625
29/11/2004,964.0484619140625
26/11/2004,965.178466796875
25/11/2004,955.6438598632812
24/11/2004,961.2864990234375
23/11/2004,958.981689453125
22/11/2004,939.9544677734375
19/11/2004,933.9937133789062
12/11/2004,933.9937133789062
11/11/2004,925.1489868164062
10/11/2004,918.67724609375
09/11/2004,901.344970703125
08/11/2004,888.703369140625
05/11/2004,893.604248046875
04/11/2004,888.3014526367188
03/11/2004,890.330322265625
02/11/2004,881.3616943359375
01/11/2004,863.5553588867188
29/10/2004,860.4535522460938
28/10/2004,862.08544921875
27/10/2004,849.1509399414062
26/10/2004,841.3203125
25/10/2004,846.6021118164062
22/10/2004,850.7408447265625
21/10/2004,834.1365356445312
20/10/2004,840.75830078125
19/10/2004,853.3598022460938
18/10/2004,854.353759765625
15/10/2004,857.5596313476562
14/10/2004,859.6305541992188
13/10/2004,863.1373901367188
12/10/2004,849.159912109375
11/10/2004,860.1105346679688
08/10/2004,855.6856689453125
07/10/2004,849.7929077148438
06/10/2004,856.0266723632812
05/10/2004,861.2844848632812
04/10/2004,856.4156494140625
01/10/2004,835.8724365234375
30/09/2004,820.10205078125
29/09/2004,812.8604125976562
28/09/2004,812.0953979492188
27/09/2004,815.5502319335938
24/09/2004,819.7890625
23/09/2004,816.730224609375
22/09/2004,818.1981201171875
21/09/2004,823.825927734375
20/09/2004,814.5942993164062
17/09/2004,814.5942993164062
16/09/2004,813.0324096679688
15/09/2004,815.4542846679688
14/09/2004,808.9845581054688
10/09/2004,797.7439575195312
09/09/2004,782.6195678710938
08/09/2004,789.1043090820312
07/09/2004,786.6564331054688
06/09/2004,784.7564086914062
03/09/2004,786.4594116210938
02/09/2004,780.2406616210938
01/09/2004,775.0658569335938
31/08/2004,754.6746215820312
30/08/2004,752.9957275390625
27/08/2004,746.73095703125
26/08/2004,735.2254028320312
25/08/2004,731.6875
24/08/2004,738.8372802734375
23/08/2004,749.341796875
20/08/2004,750.4427490234375
19/08/2004,753.6597290039062
18/08/2004,754.2246704101562
17/08/2004,751.9207153320312
16/08/2004,751.9207153320312
13/08/2004,755.8905639648438
12/08/2004,758.1495361328125
11/08/2004,763.917236328125
10/08/2004,752.4136962890625
09/08/2004,750.0107421875
06/08/2004,753.9026489257812
05/08/2004,761.9813842773438
04/08/2004,758.2745361328125
03/08/2004,757.2655029296875
02/08/2004,749.4288330078125
30/07/2004,756.9534912109375
29/07/2004,760.9434204101562
28/07/2004,760.17041015625
27/07/2004,759.2493896484375
26/07/2004,761.7744140625
23/07/2004,766.337158203125
22/07/2004,761.4884033203125
21/07/2004,761.2094116210938
20/07/2004,756.6375122070312
19/07/2004,754.24365234375
16/07/2004,756.0655517578125
15/07/2004,745.3109741210938
14/07/2004,744.2869873046875
13/07/2004,756.552490234375
12/07/2004,757.5455322265625
09/07/2004,761.1104125976562
08/07/2004,759.71240234375
07/07/2004,771.6339721679688
06/07/2004,768.22509765625
05/07/2004,744.9959716796875
02/07/2004,744.9959716796875
01/07/2004,729.7796020507812
30/06/2004,732.3724975585938
29/06/2004,722.2649536132812
28/06/2004,720.510986328125
25/06/2004,720.2039794921875
24/06/2004,709.3234252929688
23/06/2004,699.728759765625
22/06/2004,691.0661010742188
21/06/2004,689.588134765625
18/06/2004,692.6881103515625
17/06/2004,700.1098022460938
16/06/2004,707.8594360351562
15/06/2004,707.3834838867188
14/06/2004,696.3109741210938
11/06/2004,704.0975341796875
10/06/2004,706.8135375976562
09/06/2004,709.7254028320312
08/06/2004,703.5516357421875
07/06/2004,700.7576904296875
04/06/2004,697.9097900390625
02/06/2004,719.0139770507812
01/06/2004,731.1735229492188
31/05/2004,732.4874877929688
28/05/2004,733.96142578125
27/05/2004,728.28466796875
26/05/2004,717.97705078125
25/05/2004,717.1070556640625
24/05/2004,732.551513671875
21/05/2004,724.90380859375
19/05/2004,706.76953125
18/05/2004,676.1256713867188
17/05/2004,668.4509887695312
14/05/2004,722.6808471679688
13/05/2004,739.1082763671875
12/05/2004,744.2620239257812
11/05/2004,718.2330322265625
10/05/2004,707.1904907226562
07/05/2004,743.6080932617188
06/05/2004,746.0879516601562
05/05/2004,758.052490234375
04/05/2004,779.5726928710938
30/04/2004,783.3825073242188
29/04/2004,801.935791015625
28/04/2004,817.901123046875
27/04/2004,818.1271362304688
26/04/2004,811.71337890625
23/04/2004,815.4122314453125
22/04/2004,804.3956909179688
21/04/2004,814.1713256835938
20/04/2004,810.827392578125
19/04/2004,784.8084106445312
16/04/2004,776.5418090820312
15/04/2004,772.9569091796875
14/04/2004,777.9576416015625
13/04/2004,771.708984375
12/04/2004,767.7821655273438
08/04/2004,779.586669921875
07/04/2004,774.3688354492188
06/04/2004,771.5179443359375
02/04/2004,750.6227416992188
01/04/2004,737.624267578125
31/03/2004,735.6483764648438
30/03/2004,730.0325317382812
29/03/2004,716.89306640625
26/03/2004,714.1012573242188
25/03/2004,727.07470703125
24/03/2004,738.7642822265625
23/03/2004,736.4133911132812
19/03/2004,742.8851318359375
18/03/2004,733.5414428710938
17/03/2004,730.5565185546875
16/03/2004,716.149169921875
15/03/2004,724.122802734375
12/03/2004,738.1232299804688
11/03/2004,741.1691284179688
10/03/2004,760.2974243164062
09/03/2004,771.0479736328125
08/03/2004,772.837890625
05/03/2004,777.9796752929688
04/03/2004,774.7378540039062
03/03/2004,776.7957763671875
02/03/2004,779.7156372070312
01/03/2004,758.9763793945312
27/02/2004,761.0513916015625
26/02/2004,775.98583984375
25/02/2004,777.0227661132812
24/02/2004,780.72265625
20/02/2004,794.4360961914062
19/02/2004,789.4013061523438
18/02/2004,785.8764038085938
17/02/2004,776.9688110351562
16/02/2004,775.19482421875
13/02/2004,773.1099243164062
12/02/2004,766.05322265625
11/02/2004,769.7630615234375
10/02/2004,766.7411499023438
09/02/2004,767.2251586914062
06/02/2004,758.8944091796875
05/02/2004,736.4393920898438
04/02/2004,730.24658203125
03/02/2004,730.29052734375
30/01/2004,752.9027099609375
29/01/2004,759.6143798828125
28/01/2004,767.0771484375
27/01/2004,772.4639892578125
26/01/2004,786.8433837890625
23/01/2004,785.8484497070312
21/01/2004,776.2708129882812
20/01/2004,773.0949096679688
19/01/2004,766.453125
16/01/2004,770.303955078125
15/01/2004,763.4232177734375
14/01/2004,756.5335083007812
13/01/2004,743.1141357421875
12/01/2004,742.4771118164062
09/01/2004,753.6627197265625
08/01/2004,730.7864990234375
07/01/2004,709.3394165039062
06/01/2004,723.9608154296875
05/01/2004,725.4437866210938
02/01/2004,704.4705200195312
30/12/2003,691.8681030273438
29/12/2003,693.0060424804688
23/12/2003,679.280517578125
22/12/2003,674.3687744140625
19/12/2003,672.2658081054688
18/12/2003,664.85107421875
17/12/2003,655.6724853515625
16/12/2003,656.8834228515625
15/12/2003,658.496337890625
12/12/2003,656.7144165039062
11/12/2003,653.2985229492188
10/12/2003,645.935791015625
09/12/2003,644.4338989257812
08/12/2003,647.7457885742188
05/12/2003,638.0201416015625
04/12/2003,641.1251220703125
03/12/2003,643.8379516601562
02/12/2003,633.703369140625
01/12/2003,629.91552734375
21/11/2003,617.0599975585938
20/11/2003,605.7813720703125
19/11/2003,601.91455078125
18/11/2003,605.7633666992188
17/11/2003,607.765380859375
14/11/2003,610.311279296875
13/11/2003,614.612060546875
12/11/2003,619.847900390625
11/11/2003,617.6939086914062
10/11/2003,620.0458374023438
07/11/2003,626.712646484375
06/11/2003,632.7863159179688
05/11/2003,635.7922973632812
04/11/2003,626.4656372070312
03/11/2003,617.2369995117188
31/10/2003,625.5216674804688
30/10/2003,627.8095092773438
29/10/2003,624.5386352539062
28/10/2003,626.837646484375
27/10/2003,629.0275268554688
24/10/2003,634.5422973632812
23/10/2003,630.9674072265625
22/10/2003,646.1397705078125
21/10/2003,646.94580078125
20/10/2003,652.7335815429688
17/10/2003,649.6207275390625
16/10/2003,649.272705078125
15/10/2003,650.4147338867188
14/10/2003,648.6907958984375
13/10/2003,644.408935546875
10/10/2003,644.7929077148438
09/10/2003,636.2022705078125
08/10/2003,624.3036499023438
07/10/2003,615.2850952148438
06/10/2003,615.85009765625
03/10/2003,621.8378295898438
02/10/2003,619.5689086914062
01/10/2003,606.015380859375
30/09/2003,597.6287841796875
29/09/2003,597.1168212890625
26/09/2003,599.816650390625
25/09/2003,603.6845092773438
24/09/2003,605.599365234375
23/09/2003,588.4880981445312
19/09/2003,585.648193359375
18/09/2003,582.6643676757812
17/09/2003,585.8901977539062
16/09/2003,581.2223510742188
15/09/2003,574.7766723632812
12/09/2003,578.3524780273438
11/09/2003,565.615966796875
10/09/2003,572.8306884765625
09/09/2003,585.2691650390625
08/09/2003,587.0341186523438
05/09/2003,582.3003540039062
04/09/2003,575.169677734375
03/09/2003,558.2272338867188
02/09/2003,538.9180297851562
01/09/2003,534.316162109375
29/08/2003,529.6543579101562
28/08/2003,530.2193603515625
27/08/2003,530.8413696289062
26/08/2003,528.7383422851562
25/08/2003,529.015380859375
22/08/2003,528.92236328125
21/08/2003,525.5625
20/08/2003,518.7567749023438
19/08/2003,517.0328979492188
15/08/2003,516.6268920898438
14/08/2003,510.1091613769531
13/08/2003,511.205078125
12/08/2003,506.39727783203125
11/08/2003,504.82135009765625
08/08/2003,505.34033203125
07/08/2003,508.2502136230469
06/08/2003,494.416748046875
05/08/2003,488.5099792480469
04/08/2003,503.9223327636719
01/08/2003,508.6831970214844
31/07/2003,507.9652099609375
30/07/2003,508.20220947265625
29/07/2003,511.4520568847656
28/07/2003,512.7740478515625
25/07/2003,510.06317138671875
24/07/2003,505.02435302734375
23/07/2003,512.6010131835938
22/07/2003,516.7589111328125
21/07/2003,520.8927612304688
18/07/2003,525.4794921875
17/07/2003,523.5326538085938
16/07/2003,524.2406005859375
15/07/2003,533.8092041015625
14/07/2003,534.940185546875
11/07/2003,524.6676025390625
10/07/2003,518.225830078125
09/07/2003,519.7907104492188
08/07/2003,518.5098876953125
07/07/2003,511.3580627441406
04/07/2003,504.079345703125
03/07/2003,507.7452392578125
02/07/2003,506.05133056640625
01/07/2003,505.6443176269531
30/06/2003,505.4793395996094
27/06/2003,506.76129150390625
26/06/2003,497.79461669921875
25/06/2003,500.259521484375
24/06/2003,500.1715393066406
23/06/2003,506.29327392578125
20/06/2003,511.43206787109375
19/06/2003,509.8091735839844
18/06/2003,503.21343994140625
17/06/2003,509.0221862792969
16/06/2003,512.6710205078125
13/06/2003,510.4591369628906
12/06/2003,501.7864685058594
11/06/2003,515.6929321289062
10/06/2003,519.5227661132812
09/06/2003,519.3047485351562
06/06/2003,510.6731262207031
05/06/2003,511.14605712890625
04/06/2003,504.5123596191406
03/06/2003,502.4054260253906
02/06/2003,505.7043151855469
29/05/2003,494.7567138671875
28/05/2003,492.7987976074219
27/05/2003,480.247314453125
26/05/2003,478.391357421875
23/05/2003,472.0866394042969
22/05/2003,465.11090087890625
21/05/2003,466.2688293457031
20/05/2003,466.1238708496094
19/05/2003,459.1971130371094
14/05/2003,467.9207763671875
13/05/2003,473.4925537109375
12/05/2003,473.9085693359375
09/05/2003,469.61572265625
08/05/2003,471.0996398925781
07/05/2003,473.1095886230469
06/05/2003,463.5939636230469
05/05/2003,458.93914794921875
02/05/2003,447.8015441894531
01/05/2003,452.1803894042969
30/04/2003,450.84344482421875
29/04/2003,444.16473388671875
28/04/2003,430.9002380371094
25/04/2003,435.02606201171875
24/04/2003,445.1346740722656
23/04/2003,447.6685485839844
22/04/2003,442.7197570800781
21/04/2003,447.9235534667969
17/04/2003,443.8397216796875
16/04/2003,442.7027587890625
15/04/2003,437.70697021484375
14/04/2003,433.93011474609375
11/04/2003,438.53192138671875
10/04/2003,430.4302673339844
09/04/2003,430.25927734375
08/04/2003,422.09454345703125
07/04/2003,423.7975158691406
04/04/2003,405.6622009277344
03/04/2003,400.74139404296875
02/04/2003,398.03948974609375
01/04/2003,398.03948974609375
31/03/2003,397.988525390625
28/03/2003,404.4162902832031
27/03/2003,401.3273620605469
26/03/2003,401.0234069824219
25/03/2003,394.9206237792969
24/03/2003,395.07061767578125
21/03/2003,394.023681640625
20/03/2003,394.6226501464844
19/03/2003,385.4679870605469
18/03/2003,384.6220397949219
17/03/2003,382.13409423828125
14/03/2003,387.86492919921875
13/03/2003,383.841064453125
12/03/2003,387.23193359375
11/03/2003,379.33624267578125
10/03/2003,382.6501159667969
07/03/2003,389.77783203125
06/03/2003,393.96966552734375
05/03/2003,391.1667785644531
04/03/2003,395.35162353515625
28/02/2003,399.2044677734375
27/02/2003,398.9334716796875
26/02/2003,397.52056884765625
25/02/2003,399.09246826171875
24/02/2003,403.0163269042969
21/02/2003,402.22833251953125
20/02/2003,399.9494323730469
19/02/2003,401.9373474121094
18/02/2003,402.93231201171875
17/02/2003,404.3822937011719
14/02/2003,399.5004577636719
13/02/2003,395.45660400390625
11/02/2003,395.5436096191406
10/02/2003,397.2025451660156
07/02/2003,394.61566162109375
06/02/2003,394.43963623046875
05/02/2003,392.2976989746094
04/02/2003,394.13165283203125
03/02/2003,390.1998291015625
31/01/2003,388.4278869628906
30/01/2003,392.2777099609375
29/01/2003,391.5147399902344
28/01/2003,395.1946105957031
27/01/2003,393.5426940917969
24/01/2003,405.3271789550781
23/01/2003,406.7541809082031
22/01/2003,405.6851806640625
21/01/2003,405.148193359375
20/01/2003,404.40728759765625
17/01/2003,401.6333312988281
16/01/2003,397.09356689453125
15/01/2003,405.5821838378906
14/01/2003,407.1611633300781
13/01/2003,396.2125549316406
10/01/2003,399.6494445800781
09/01/2003,396.0135498046875
08/01/2003,389.3988342285156
07/01/2003,394.503662109375
06/01/2003,398.2314758300781
03/01/2003,407.4961242675781
02/01/2003,409.10906982421875
27/12/2002,424.928466796875
23/12/2002,425.58941650390625
20/12/2002,425.10345458984375
19/12/2002,420.30963134765625
18/12/2002,406.3761901855469
17/12/2002,402.37835693359375
16/12/2002,395.2806091308594
13/12/2002,391.2067565917969
12/12/2002,393.84368896484375
11/12/2002,391.72674560546875
04/12/2002,397.06756591796875
03/12/2002,397.7225341796875
02/12/2002,389.25482177734375
29/11/2002,390.4097900390625
28/11/2002,389.9598388671875
27/11/2002,383.0281066894531
26/11/2002,381.9320983886719
25/11/2002,381.8751220703125
22/11/2002,381.4401550292969
21/11/2002,373.21148681640625
20/11/2002,371.57855224609375
19/11/2002,369.0946350097656
18/11/2002,367.8656921386719
15/11/2002,374.13543701171875
14/11/2002,371.236572265625
13/11/2002,367.08770751953125
12/11/2002,371.07757568359375
11/11/2002,362.55889892578125
08/11/2002,365.68975830078125
07/11/2002,369.36163330078125
06/11/2002,369.3896179199219
05/11/2002,374.8994140625
04/11/2002,383.8560791015625
01/11/2002,371.1215515136719
31/10/2002,369.0296325683594
30/10/2002,361.1049499511719
29/10/2002,361.9049072265625
28/10/2002,361.6659240722656
25/10/2002,353.6402282714844
24/10/2002,353.17425537109375
23/10/2002,354.83721923828125
22/10/2002,353.80023193359375
21/10/2002,361.8548889160156
18/10/2002,360.8909606933594
17/10/2002,355.0911865234375
16/10/2002,357.3631286621094
15/10/2002,342.190673828125
14/10/2002,337.46185302734375
11/10/2002,376.45135498046875
10/10/2002,384.4720458984375
09/10/2002,391.8217468261719
08/10/2002,402.0363464355469
07/10/2002,401.82733154296875
03/10/2002,408.41510009765625
02/10/2002,409.486083984375
01/10/2002,407.50213623046875
30/09/2002,419.2906799316406
27/09/2002,412.9569091796875
26/09/2002,411.92498779296875
25/09/2002,408.631103515625
24/09/2002,408.2880859375
23/09/2002,410.7560119628906
20/09/2002,408.7830810546875
19/09/2002,408.6800842285156
18/09/2002,419.1047058105469
17/09/2002,427.1663818359375
16/09/2002,420.2006530761719
13/09/2002,420.98663330078125
12/09/2002,428.1663513183594
11/09/2002,430.1042785644531
10/09/2002,429.31927490234375
09/09/2002,430.2542724609375
06/09/2002,427.7833251953125
05/09/2002,427.10235595703125
04/09/2002,420.4256286621094
03/09/2002,429.9712829589844
02/09/2002,439.9718933105469
30/08/2002,443.65673828125
29/08/2002,438.90692138671875
28/08/2002,442.9517517089844
27/08/2002,452.0464172363281
26/08/2002,456.3912353515625
23/08/2002,458.2531433105469
22/08/2002,454.32733154296875
21/08/2002,457.2062072753906
20/08/2002,456.7332458496094
19/08/2002,451.4314270019531
16/08/2002,450.9674072265625
15/08/2002,448.7155456542969
14/08/2002,447.66253662109375
13/08/2002,450.95343017578125
12/08/2002,448.50054931640625
09/08/2002,450.2184753417969
08/08/2002,446.4476318359375
07/08/2002,447.04364013671875
06/08/2002,440.91485595703125
05/08/2002,449.85546875
02/08/2002,456.2972412109375
01/08/2002,461.2650451660156
31/07/2002,463.6509704589844
30/07/2002,462.8009948730469
29/07/2002,455.0682678222656
26/07/2002,441.8577880859375
25/07/2002,453.1373596191406
24/07/2002,460.0101013183594
23/07/2002,477.06243896484375
22/07/2002,475.2554931640625
19/07/2002,484.8311462402344
18/07/2002,488.20098876953125
17/07/2002,479.3583679199219
16/07/2002,481.7482604980469
15/07/2002,480.8832702636719
12/07/2002,479.5943603515625
11/07/2002,470.8006896972656
10/07/2002,477.3564147949219
09/07/2002,480.290283203125
08/07/2002,484.59613037109375
05/07/2002,492.7608337402344
04/07/2002,488.7049865722656
03/07/2002,478.5153503417969
02/07/2002,483.76116943359375
01/07/2002,492.246826171875
28/06/2002,504.9893493652344
27/06/2002,506.8462829589844
26/06/2002,503.4804382324219
25/06/2002,516.9389038085938
24/06/2002,518.790771484375
21/06/2002,525.8424682617188
20/06/2002,529.9813842773438
19/06/2002,534.4992065429688
18/06/2002,539.794921875
17/06/2002,544.4918212890625
14/06/2002,544.9828491210938
13/06/2002,540.0589599609375
12/06/2002,523.9446411132812
11/06/2002,516.8009033203125
10/06/2002,511.3460693359375
07/06/2002,514.0079956054688
06/06/2002,513.7060546875
05/06/2002,520.4447631835938
04/06/2002,518.914794921875
03/06/2002,523.849609375
31/05/2002,530.7693481445312
30/05/2002,522.5286865234375
29/05/2002,520.6707153320312
28/05/2002,513.5640258789062
27/05/2002,512.7740478515625
24/05/2002,506.9352722167969
23/05/2002,503.6494445800781
22/05/2002,511.611083984375
21/05/2002,525.3145141601562
20/05/2002,526.9135131835938
17/05/2002,531.557373046875
16/05/2002,529.724365234375
15/05/2002,538.8660278320312
14/05/2002,538.6069946289062
13/05/2002,537.1231079101562
10/05/2002,543.8838500976562
08/05/2002,547.7196655273438
07/05/2002,544.8648071289062
06/05/2002,539.7869262695312
03/05/2002,544.0618286132812
02/05/2002,539.678955078125
01/05/2002,534.6991577148438
30/04/2002,534.0411987304688
29/04/2002,525.8385009765625
26/04/2002,539.9419555664062
25/04/2002,544.5657958984375
24/04/2002,544.2408447265625
23/04/2002,543.0398559570312
22/04/2002,535.6641845703125
19/04/2002,532.76025390625
18/04/2002,534.8171997070312
17/04/2002,542.2529296875
16/04/2002,551.5855712890625
15/04/2002,549.816650390625
12/04/2002,539.2490234375
11/04/2002,531.4923706054688
10/04/2002,533.7871704101562
09/04/2002,519.980712890625
08/04/2002,515.0599365234375
05/04/2002,508.97418212890625
04/04/2002,502.4804382324219
03/04/2002,488.13800048828125
02/04/2002,489.0699768066406
01/04/2002,486.6490783691406
28/03/2002,481.7562561035156
27/03/2002,481.26727294921875
26/03/2002,481.8432312011719
25/03/2002,479.40936279296875
22/03/2002,484.713134765625
21/03/2002,480.6282653808594
20/03/2002,477.2674560546875
19/03/2002,471.6246337890625
18/03/2002,469.65771484375
14/03/2002,467.9727783203125
13/03/2002,473.9815673828125
12/03/2002,469.34771728515625
11/03/2002,474.0075378417969
08/03/2002,475.09649658203125
07/03/2002,472.37164306640625
06/03/2002,476.94244384765625
05/03/2002,459.25311279296875
04/03/2002,455.1692810058594
01/03/2002,452.1443786621094
28/02/2002,453.2283630371094
27/02/2002,454.4842834472656
26/02/2002,448.6705322265625
25/02/2002,449.29852294921875
21/02/2002,459.3691101074219
20/02/2002,458.4401550292969
19/02/2002,460.6770935058594
18/02/2002,462.33099365234375
15/02/2002,449.363525390625
14/02/2002,439.3849182128906
13/02/2002,436.7720031738281
11/02/2002,438.82989501953125
08/02/2002,436.9630126953125
07/02/2002,433.1531677246094
06/02/2002,446.192626953125
05/02/2002,450.47247314453125
04/02/2002,451.1544189453125
01/02/2002,454.26434326171875
31/01/2002,451.618408203125
30/01/2002,444.4067077636719
29/01/2002,446.8226318359375
28/01/2002,441.5498046875
25/01/2002,452.44140625
24/01/2002,445.838623046875
23/01/2002,433.9581298828125
22/01/2002,428.455322265625
21/01/2002,426.1344299316406
18/01/2002,426.3944091796875
17/01/2002,425.02545166015625
16/01/2002,423.5685119628906
15/01/2002,421.23760986328125
14/01/2002,415.8208312988281
11/01/2002,411.75897216796875
10/01/2002,402.0533447265625
09/01/2002,391.48272705078125
08/01/2002,387.6789245605469
07/01/2002,388.7088317871094
04/01/2002,385.18597412109375
03/01/2002,381.4971618652344
02/01/2002,383.4430847167969
28/12/2001,392.020751953125
27/12/2001,379.95220947265625
26/12/2001,377.9532775878906
21/12/2001,378.23626708984375
20/12/2001,377.81329345703125
19/12/2001,375.05938720703125
13/12/2001,374.6754150390625
12/12/2001,372.8384704589844
11/12/2001,371.2315673828125
10/12/2001,373.8484802246094
07/12/2001,377.1963195800781
06/12/2001,379.3402404785156
05/12/2001,377.9272766113281
04/12/2001,377.5423278808594
03/12/2001,380.7851867675781
30/11/2001,380.293212890625
29/11/2001,380.1781921386719
28/11/2001,382.8861083984375
27/11/2001,380.9612121582031
26/11/2001,381.4131774902344
23/11/2001,382.6891174316406
22/11/2001,380.8192138671875
21/11/2001,382.0791015625
20/11/2001,381.8231201171875
19/11/2001,382.7720947265625
16/11/2001,378.6552734375
15/11/2001,378.3622741699219
14/11/2001,372.77447509765625
13/11/2001,369.2336120605469
12/11/2001,371.3475646972656
09/11/2001,377.3253173828125
08/11/2001,381.8221130371094
07/11/2001,377.486328125
06/11/2001,375.41436767578125
05/11/2001,375.1993713378906
02/11/2001,380.63720703125
01/11/2001,381.9841003417969
31/10/2001,383.7200622558594
30/10/2001,378.3472595214844
29/10/2001,384.31304931640625
26/10/2001,387.8069152832031
25/10/2001,390.4197998046875
24/10/2001,385.94598388671875
23/10/2001,391.7697448730469
22/10/2001,391.7447509765625
19/10/2001,387.83892822265625
18/10/2001,385.1499938964844
17/10/2001,381.3541564941406
16/10/2001,378.8652648925781
12/10/2001,378.583251953125
11/10/2001,370.5745544433594
10/10/2001,368.2826843261719
09/10/2001,369.7826232910156
08/10/2001,367.0587158203125
05/10/2001,381.5731506347656
04/10/2001,381.2261962890625
03/10/2001,371.47357177734375
02/10/2001,377.2173156738281
01/10/2001,388.65985107421875
28/09/2001,392.4637145996094
27/09/2001,395.02862548828125
26/09/2001,401.0024108886719
25/09/2001,409.0710754394531
24/09/2001,410.3780517578125
21/09/2001,414.410888671875
20/09/2001,422.3295593261719
19/09/2001,422.4335632324219
18/09/2001,413.8169250488281
17/09/2001,407.2341613769531
14/09/2001,425.6364440917969
13/09/2001,432.5501403808594
12/09/2001,429.83026123046875
11/09/2001,445.4596252441406
10/09/2001,443.583740234375
07/09/2001,443.7887268066406
06/09/2001,448.67254638671875
05/09/2001,442.21478271484375
04/09/2001,441.14581298828125
03/09/2001,432.7551574707031
31/08/2001,435.5350646972656
30/08/2001,434.30108642578125
29/08/2001,437.823974609375
28/08/2001,440.9228515625
27/08/2001,441.2898254394531
24/08/2001,441.2018127441406
23/08/2001,439.67291259765625
22/08/2001,441.9607849121094
21/08/2001,437.17999267578125
20/08/2001,437.8519592285156
16/08/2001,435.30206298828125
15/08/2001,436.3890075683594
14/08/2001,441.8797912597656
13/08/2001,441.163818359375
10/08/2001,435.65704345703125
09/08/2001,430.6762390136719
08/08/2001,442.5087890625
07/08/2001,432.9191589355469
06/08/2001,430.7932434082031
03/08/2001,435.133056640625
02/08/2001,436.4440002441406
01/08/2001,443.1767578125
31/07/2001,444.063720703125
30/07/2001,449.17352294921875
27/07/2001,447.3636169433594
26/07/2001,443.6767272949219
25/07/2001,447.6075439453125
24/07/2001,457.9001770019531
23/07/2001,470.2107238769531
20/07/2001,460.8900451660156
19/07/2001,463.24298095703125
18/07/2001,453.2833557128906
17/07/2001,446.4276428222656
16/07/2001,443.3067626953125
13/07/2001,446.1106262207031
12/07/2001,441.4488220214844
11/07/2001,437.4100036621094
10/07/2001,435.5870666503906
09/07/2001,434.52105712890625
06/07/2001,432.86114501953125
05/07/2001,430.98822021484375
04/07/2001,428.9902648925781
03/07/2001,428.6383056640625
02/07/2001,431.3191833496094
29/06/2001,437.6029968261719
28/06/2001,428.45733642578125
27/06/2001,436.1080017089844
26/06/2001,438.388916015625
25/06/2001,435.73504638671875
22/06/2001,437.5780029296875
21/06/2001,435.1940612792969
20/06/2001,432.30419921875
19/06/2001,424.0254821777344
18/06/2001,421.45660400390625
15/06/2001,417.5457763671875
14/06/2001,416.7207946777344
13/06/2001,417.0667724609375
12/06/2001,417.03277587890625
11/06/2001,404.4632873535156
08/06/2001,398.79547119140625
07/06/2001,397.9485168457031
06/06/2001,397.5865478515625
05/06/2001,396.4445495605469
01/06/2001,396.4985656738281
31/05/2001,405.8471984863281
30/05/2001,408.91107177734375
29/05/2001,406.3681945800781
28/05/2001,392.772705078125
25/05/2001,390.10882568359375
23/05/2001,380.6641845703125
22/05/2001,379.65521240234375
21/05/2001,380.3652038574219
18/05/2001,376.7813415527344
17/05/2001,376.6873474121094
16/05/2001,376.2133483886719
15/05/2001,370.861572265625
14/05/2001,368.2677001953125
11/05/2001,370.3445739746094
10/05/2001,369.01861572265625
09/05/2001,372.0965270996094
08/05/2001,372.95947265625
04/05/2001,375.54339599609375
03/05/2001,371.9245300292969
02/05/2001,362.7078857421875
01/05/2001,362.2138977050781
30/04/2001,358.2180480957031
27/04/2001,351.54833984375
26/04/2001,351.32232666015625
25/04/2001,353.1672668457031
24/04/2001,348.0854797363281
23/04/2001,346.3935546875
20/04/2001,342.84466552734375
19/04/2001,349.2944030761719
18/04/2001,356.21612548828125
17/04/2001,360.0229797363281
16/04/2001,363.19683837890625
12/04/2001,365.96875
11/04/2001,367.1417236328125
10/04/2001,369.1826171875
09/04/2001,362.26190185546875
06/04/2001,364.3288269042969
05/04/2001,362.4538879394531
04/04/2001,367.3937072753906
03/04/2001,372.63848876953125
02/04/2001,375.01739501953125
30/03/2001,381.0351867675781
29/03/2001,381.75811767578125
28/03/2001,375.1653747558594
27/03/2001,369.28863525390625
23/03/2001,371.4575500488281
22/03/2001,363.1678466796875
21/03/2001,369.0606384277344
20/03/2001,360.43499755859375
19/03/2001,367.1277160644531
16/03/2001,380.5002136230469
15/03/2001,386.8479309082031
14/03/2001,389.1778259277344
13/03/2001,385.8909912109375
12/03/2001,396.5955505371094
09/03/2001,414.08990478515625
08/03/2001,428.01934814453125
07/03/2001,430.53326416015625
06/03/2001,431.5011901855469
02/03/2001,426.1104431152344
01/03/2001,424.01348876953125
28/02/2001,428.2863464355469
27/02/2001,433.2911682128906
26/02/2001,432.1331787109375
23/02/2001,438.62890625
22/02/2001,437.01300048828125
21/02/2001,439.8858947753906
20/02/2001,433.66412353515625
19/02/2001,435.1220703125
16/02/2001,432.06219482421875
15/02/2001,440.20587158203125
14/02/2001,423.1975402832031
13/02/2001,426.1554260253906
12/02/2001,424.4484558105469
09/02/2001,427.8973388671875
08/02/2001,440.75885009765625
07/02/2001,444.3157043457031
06/02/2001,450.09246826171875
05/02/2001,458.93414306640625
02/02/2001,451.96142578125
01/02/2001,430.56427001953125
31/01/2001,425.5974426269531
30/01/2001,416.3088073730469
29/01/2001,413.0359191894531
26/01/2001,416.77178955078125
25/01/2001,417.11376953125
24/01/2001,416.9507751464844
23/01/2001,415.7268371582031
22/01/2001,417.8916931152344
19/01/2001,411.5419921875
18/01/2001,416.32879638671875
17/01/2001,414.6488342285156
16/01/2001,415.07281494140625
15/01/2001,411.9599914550781
12/01/2001,407.3491516113281
11/01/2001,410.36505126953125
10/01/2001,417.5027770996094
09/01/2001,415.2568359375
08/01/2001,415.74981689453125
05/01/2001,418.8037109375
04/01/2001,409.8110656738281
03/01/2001,405.8132019042969
02/01/2001,410.18902587890625
22/12/2000,416.3048095703125
21/12/2000,415.0868225097656
20/12/2000,414.85382080078125
19/12/2000,418.7666931152344
18/12/2000,418.5367126464844
15/12/2000,423.6675109863281
14/12/2000,419.1797180175781
13/12/2000,420.421630859375
12/12/2000,415.16082763671875
11/12/2000,421.45660400390625
08/12/2000,431.79119873046875
07/12/2000,435.62506103515625
06/12/2000,433.7051086425781
05/12/2000,431.4181823730469
04/12/2000,429.88726806640625
01/12/2000,427.5353698730469
30/11/2000,429.197265625
29/11/2000,425.2854309082031
28/11/2000,426.9263916015625
27/11/2000,431.2231750488281
24/11/2000,434.1941223144531
23/11/2000,433.5311279296875
22/11/2000,431.6851806640625
21/11/2000,425.4994201660156
20/11/2000,426.2763977050781
17/11/2000,421.12664794921875
16/11/2000,416.9647521972656
15/11/2000,418.70269775390625
14/11/2000,425.5934143066406
13/11/2000,423.64752197265625
10/11/2000,426.9533996582031
09/11/2000,421.4555969238281
08/11/2000,426.0594177246094
07/11/2000,421.0166320800781
06/11/2000,415.2508239746094
03/11/2000,409.8180847167969
02/11/2000,407.9450988769531
01/11/2000,409.3460693359375
31/10/2000,405.3311767578125
30/10/2000,404.0992736816406
27/10/2000,411.82696533203125
26/10/2000,414.1439208984375
24/10/2000,418.62469482421875
23/10/2000,417.43475341796875
20/10/2000,420.31463623046875
19/10/2000,422.716552734375
18/10/2000,416.9317626953125
17/10/2000,417.4227600097656
16/10/2000,411.7339782714844
13/10/2000,408.1841125488281
12/10/2000,408.4081115722656
11/10/2000,412.3139343261719
10/10/2000,412.89892578125
09/10/2000,415.34783935546875
06/10/2000,421.97955322265625
05/10/2000,423.8795166015625
04/10/2000,418.8136901855469
03/10/2000,427.6943664550781
02/10/2000,432.2221984863281
29/09/2000,421.3196105957031
28/09/2000,415.5068359375
27/09/2000,410.11505126953125
26/09/2000,411.8379821777344
25/09/2000,410.88201904296875
22/09/2000,406.899169921875
21/09/2000,417.6617736816406
20/09/2000,419.3356628417969
19/09/2000,425.1114501953125
18/09/2000,411.0169982910156
13/09/2000,442.07379150390625
12/09/2000,451.0274353027344
11/09/2000,462.5199890136719
08/09/2000,470.9066162109375
07/09/2000,472.58062744140625
06/09/2000,475.5274963378906
05/09/2000,478.4033508300781
04/09/2000,475.3374938964844
01/09/2000,470.396728515625
31/08/2000,466.3618469238281
30/08/2000,469.042724609375
29/08/2000,470.8197021484375
28/08/2000,481.64825439453125
25/08/2000,486.8880920410156
24/08/2000,482.63421630859375
23/08/2000,503.3764343261719
22/08/2000,500.0795593261719
21/08/2000,497.3746337890625
18/08/2000,494.16876220703125
16/08/2000,496.3807067871094
15/08/2000,501.5594787597656
14/08/2000,504.0473327636719
11/08/2000,505.77130126953125
10/08/2000,488.5999755859375
09/08/2000,483.3312072753906
08/08/2000,485.06109619140625
07/08/2000,490.52490234375
04/08/2000,494.1407775878906
03/08/2000,491.9728698730469
02/08/2000,490.4179382324219
01/08/2000,489.657958984375
31/07/2000,492.173828125
28/07/2000,498.7845764160156
27/07/2000,499.1595458984375
26/07/2000,496.67169189453125
25/07/2000,499.6575622558594
24/07/2000,506.9202880859375
21/07/2000,508.7742004394531
20/07/2000,513.373046875
19/07/2000,513.758056640625
18/07/2000,507.0252990722656
17/07/2000,506.78228759765625
14/07/2000,504.0943603515625
13/07/2000,505.90130615234375
12/07/2000,510.9660949707031
11/07/2000,512.5970458984375
10/07/2000,508.4482116699219
07/07/2000,508.0882263183594
06/07/2000,513.4110717773438
05/07/2000,512.446044921875
04/07/2000,509.24420166015625
03/07/2000,503.8363342285156
30/06/2000,515.0899047851562
29/06/2000,512.5770263671875
28/06/2000,510.0981750488281
27/06/2000,502.03143310546875
26/06/2000,507.4852294921875
23/06/2000,503.12542724609375
22/06/2000,501.7894592285156
21/06/2000,494.4727478027344
20/06/2000,490.1019287109375
19/06/2000,490.66888427734375
16/06/2000,484.00213623046875
14/06/2000,475.91448974609375
13/06/2000,468.3437805175781
12/06/2000,476.01446533203125
09/06/2000,477.909423828125
08/06/2000,478.19036865234375
07/06/2000,459.443115234375
06/06/2000,452.7443542480469
05/06/2000,453.9273681640625
02/06/2000,444.4306945800781
31/05/2000,454.309326171875
30/05/2000,468.68975830078125
29/05/2000,461.3710632324219
26/05/2000,482.0542297363281
25/05/2000,490.66290283203125
24/05/2000,493.184814453125
23/05/2000,495.49072265625
22/05/2000,499.7485656738281
19/05/2000,509.3851623535156
17/05/2000,514.8309326171875
16/05/2000,497.79962158203125
15/05/2000,516.409912109375
12/05/2000,526.8565063476562
11/05/2000,529.1803588867188
10/05/2000,548.2186279296875
09/05/2000,547.650634765625
08/05/2000,550.3076171875
05/05/2000,545.5887451171875
04/05/2000,538.9450073242188
03/05/2000,535.2901611328125
02/05/2000,531.2333984375
01/05/2000,524.588623046875
28/04/2000,526.7164916992188
27/04/2000,521.5996704101562
26/04/2000,524.0576171875
25/04/2000,519.0228271484375
24/04/2000,530.828369140625
20/04/2000,526.37548828125
19/04/2000,526.2794799804688
18/04/2000,528.2384643554688
17/04/2000,529.2423706054688
14/04/2000,556.766357421875
13/04/2000,565.0849609375
12/04/2000,564.715087890625
11/04/2000,569.7178344726562
10/04/2000,569.5948486328125
07/04/2000,570.7927856445312
05/04/2000,564.1600952148438
03/04/2000,570.8787841796875
30/03/2000,583.2533569335938
29/03/2000,591.6559448242188
28/03/2000,588.7091064453125
27/03/2000,585.2141723632812
24/03/2000,581.4503784179688
23/03/2000,585.9841918945312
22/03/2000,586.8421630859375
21/03/2000,578.9425048828125
20/03/2000,584.8531494140625
17/03/2000,590.8289794921875
15/03/2000,586.84619140625
14/03/2000,585.898193359375
13/03/2000,587.5531005859375
10/03/2000,596.1588134765625
09/03/2000,585.1571655273438
08/03/2000,570.0298461914062
07/03/2000,562.737060546875
06/03/2000,566.6879272460938
03/03/2000,548.5316162109375
02/03/2000,546.5067749023438
01/03/2000,565.4559936523438
28/02/2000,576.51953125
25/02/2000,568.5328979492188
24/02/2000,573.4646606445312
23/02/2000,584.4052734375
22/02/2000,583.3972778320312
21/02/2000,592.9649047851562
18/02/2000,599.5496215820312
17/02/2000,600.150634765625
16/02/2000,621.8778076171875
15/02/2000,636.8702392578125
14/02/2000,633.6903686523438
11/02/2000,635.0532836914062
10/02/2000,639.2280883789062
09/02/2000,632.4263305664062
08/02/2000,629.8755493164062
07/02/2000,636.4032592773438
04/02/2000,634.9732666015625
03/02/2000,614.2860717773438
02/02/2000,603.5525512695312
01/02/2000,616.83203125
31/01/2000,636.3472900390625
28/01/2000,634.644287109375
27/01/2000,644.6259155273438
26/01/2000,643.3599853515625
25/01/2000,649.8327026367188
24/01/2000,656.6964111328125
21/01/2000,664.6680297851562
20/01/2000,670.126953125
19/01/2000,655.969482421875
18/01/2000,685.6893310546875
17/01/2000,703.4556274414062
14/01/2000,690.8651123046875
13/01/2000,691.5830688476562
12/01/2000,690.1371459960938
11/01/2000,695.9759521484375
06/01/2000,688.4942016601562
05/01/2000,678.0606079101562
04/01/2000,700.1907958984375
30/12/1999,676.8927001953125
29/12/1999,674.8536987304688
28/12/1999,677.191650390625
27/12/1999,681.3544921875
23/12/1999,666.1070556640625
22/12/1999,661.0282592773438
21/12/1999,656.8624267578125
20/12/1999,646.0338134765625
17/12/1999,638.797119140625
16/12/1999,646.4807739257812
15/12/1999,652.3585815429688
14/12/1999,648.3687744140625
13/12/1999,630.530517578125
10/12/1999,633.8143310546875
09/12/1999,631.5283813476562
08/12/1999,620.9528198242188
07/12/1999,621.6248168945312
06/12/1999,624.3616333007812
03/12/1999,613.4610595703125
02/12/1999,598.3856811523438
01/12/1999,597.517822265625
30/11/1999,583.7772827148438
29/11/1999,582.7953491210938
26/11/1999,596.331787109375
25/11/1999,588.6370849609375
24/11/1999,599.6996459960938
23/11/1999,618.4248657226562
22/11/1999,630.1455078125
19/11/1999,633.287353515625
18/11/1999,636.59423828125
17/11/1999,641.4500122070312
16/11/1999,641.7060546875
15/11/1999,635.7732543945312
12/11/1999,635.2052612304688
11/11/1999,638.4671020507812
10/11/1999,638.8870849609375
09/11/1999,638.7951049804688
08/11/1999,628.2825317382812
05/11/1999,626.0196533203125
04/11/1999,618.4859008789062
03/11/1999,603.5635375976562
02/11/1999,594.3818359375
01/11/1999,595.060791015625
29/10/1999,593.845947265625
28/10/1999,577.9095458984375
27/10/1999,576.4965209960938
26/10/1999,594.2298583984375
25/10/1999,597.0447998046875
22/10/1999,604.1605224609375
21/10/1999,616.4660034179688
20/10/1999,584.4022827148438
19/10/1999,583.624267578125
18/10/1999,553.1914672851562
15/10/1999,567.8959350585938
14/10/1999,567.7548828125
13/10/1999,571.9247436523438
12/10/1999,571.3598022460938
11/10/1999,584.0372924804688
08/10/1999,588.214111328125
07/10/1999,585.3221435546875
06/10/1999,588.7261352539062
05/10/1999,566.2288818359375
04/10/1999,555.2824096679688
01/10/1999,566.0198974609375
30/09/1999,547.9156494140625
29/09/1999,526.448486328125
28/09/1999,529.2003784179688
27/09/1999,515.0469360351562
24/09/1999,517.5218505859375
23/09/1999,528.1514892578125
22/09/1999,545.4267578125
21/09/1999,547.2426147460938
20/09/1999,543.3118286132812
17/09/1999,546.9957275390625
16/09/1999,548.734619140625
15/09/1999,548.5906372070312
14/09/1999,562.037109375
13/09/1999,569.6298217773438
10/09/1999,562.7540893554688
09/09/1999,537.9940795898438
08/09/1999,520.6007080078125
07/09/1999,545.3297729492188
06/09/1999,540.4059448242188
03/09/1999,565.1739501953125
02/09/1999,571.0927734375
01/09/1999,571.7537231445312
31/08/1999,567.00390625
30/08/1999,566.6478881835938
27/08/1999,572.6446533203125
26/08/1999,581.4903564453125
25/08/1999,585.2341918945312
24/08/1999,586.2131958007812
23/08/1999,584.7802124023438
20/08/1999,576.14453125
19/08/1999,581.7233276367188
18/08/1999,561.3431396484375
16/08/1999,560.459228515625
13/08/1999,557.6873168945312
12/08/1999,565.1959838867188
11/08/1999,554.2413940429688
10/08/1999,576.320556640625
09/08/1999,594.0859375
06/08/1999,607.8114013671875
05/08/1999,606.2463989257812
04/08/1999,614.37109375
03/08/1999,618.9619140625
02/08/1999,596.4898071289062
30/07/1999,597.850830078125
29/07/1999,616.4039916992188
28/07/1999,599.233642578125
27/07/1999,573.1936645507812
26/07/1999,592.6979370117188
23/07/1999,625.8056640625
22/07/1999,642.6300048828125
21/07/1999,641.0820922851562
20/07/1999,649.8357543945312
19/07/1999,658.245361328125
16/07/1999,662.3412475585938
15/07/1999,660.5162353515625
14/07/1999,664.8560791015625
13/07/1999,656.1614990234375
12/07/1999,663.0982666015625
09/07/1999,656.618408203125
08/07/1999,660.228271484375
07/07/1999,665.7450561523438
06/07/1999,681.5604858398438
05/07/1999,665.1180419921875
02/07/1999,670.511962890625
01/07/1999,673.0158081054688
30/06/1999,661.999267578125
29/06/1999,680.5344848632812
28/06/1999,672.100830078125
25/06/1999,673.1288452148438
24/06/1999,682.0924682617188
23/06/1999,700.6417236328125
22/06/1999,710.6543579101562
21/06/1999,716.43212890625
18/06/1999,707.8563842773438
17/06/1999,681.0125122070312
16/06/1999,661.8262329101562
15/06/1999,670.1339111328125
14/06/1999,679.4224853515625
11/06/1999,668.2550048828125
10/06/1999,664.5430908203125
09/06/1999,678.9434814453125
08/06/1999,686.9202880859375
04/06/1999,612.3541870117188
03/06/1999,587.5460815429688
02/06/1999,574.2926635742188
01/06/1999,583.234375
31/05/1999,585.2191772460938
28/05/1999,583.6262817382812
27/05/1999,603.0925903320312
26/05/1999,605.7633666992188
25/05/1999,619.8529052734375
24/05/1999,613.6170654296875
21/05/1999,591.6409301757812
20/05/1999,594.0299072265625
19/05/1999,593.5809326171875
18/05/1999,577.863525390625
17/05/1999,590.7769775390625
14/05/1999,591.6109008789062
12/05/1999,576.4815673828125
11/05/1999,573.2076416015625
10/05/1999,574.3326416015625
07/05/1999,575.0956420898438
06/05/1999,580.8823852539062
05/05/1999,563.818115234375
04/05/1999,548.2196655273438
03/05/1999,523.337646484375
30/04/1999,495.20269775390625
29/04/1999,490.9708557128906
28/04/1999,481.32525634765625
27/04/1999,469.18670654296875
26/04/1999,470.3877258300781
23/04/1999,473.5685729980469
22/04/1999,479.2233581542969
21/04/1999,480.60626220703125
20/04/1999,485.9510803222656
19/04/1999,508.1272277832031
16/04/1999,479.51336669921875
15/04/1999,447.4615783691406
14/04/1999,435.5390625
13/04/1999,432.50115966796875
12/04/1999,421.1336364746094
09/04/1999,421.1966247558594
08/04/1999,399.9864501953125
07/04/1999,395.89556884765625
06/04/1999,395.49761962890625
05/04/1999,395.3216247558594
01/04/1999,394.41766357421875
30/03/1999,393.60968017578125
29/03/1999,392.8467102050781
26/03/1999,392.9327087402344
25/03/1999,395.8135986328125
24/03/1999,391.32977294921875
23/03/1999,394.7936096191406
22/03/1999,392.2677001953125
19/03/1999,394.20166015625
17/03/1999,387.8659362792969
16/03/1999,379.4382019042969
15/03/1999,372.303466796875
12/03/1999,375.92236328125
11/03/1999,378.6292724609375
10/03/1999,373.7874755859375
09/03/1999,379.4062194824219
08/03/1999,384.55303955078125
05/03/1999,388.6638488769531
04/03/1999,394.1386413574219
03/03/1999,395.7915954589844
02/03/1999,394.95062255859375
01/03/1999,396.3095703125
26/02/1999,396.07354736328125
25/02/1999,397.78753662109375
24/02/1999,401.9823303222656
23/02/1999,397.9195251464844
22/02/1999,398.65447998046875
19/02/1999,404.0022888183594
18/02/1999,403.3982849121094
17/02/1999,397.95953369140625
16/02/1999,398.83245849609375
15/02/1999,396.9085693359375
12/02/1999,400.5364074707031
11/02/1999,402.6323547363281
10/02/1999,398.66546630859375
09/02/1999,402.810302734375
08/02/1999,399.6744384765625
05/02/1999,405.5372009277344
04/02/1999,409.0060729980469
03/02/1999,410.5400085449219
02/02/1999,405.148193359375
01/02/1999,409.0960693359375
29/01/1999,411.9159851074219
28/01/1999,407.2551574707031
27/01/1999,410.2340393066406
26/01/1999,398.136474609375
25/01/1999,382.4631042480469
15/01/1999,402.3863525390625
14/01/1999,408.5380859375
13/01/1999,419.08770751953125
12/01/1999,436.1730041503906
11/01/1999,437.27899169921875
08/01/1999,439.4768981933594
07/01/1999,457.92218017578125
06/01/1999,427.0633544921875
05/01/1999,408.68707275390625
04/01/1999,393.99267578125
30/12/1998,398.02252197265625
29/12/1998,396.7175598144531
28/12/1998,400.1604309082031
24/12/1998,401.83935546875
23/12/1998,400.50341796875
22/12/1998,406.4491882324219
21/12/1998,404.4872741699219
18/12/1998,403.9462890625
17/12/1998,405.5682067871094
16/12/1998,412.67791748046875
15/12/1998,400.7494201660156
14/12/1998,404.687255859375
11/12/1998,405.5791931152344
10/12/1998,403.65228271484375
09/12/1998,398.7674560546875
08/12/1998,398.8854675292969
07/12/1998,399.4444580078125
04/12/1998,390.37982177734375
03/12/1998,393.7796936035156
02/12/1998,396.94854736328125
01/12/1998,387.71990966796875
30/11/1998,386.2559814453125
27/11/1998,392.3047180175781
26/11/1998,394.66265869140625
25/11/1998,387.367919921875
24/11/1998,420.0636291503906
23/11/1998,424.970458984375
20/11/1998,403.63629150390625
19/11/1998,379.104248046875
18/11/1998,369.9795837402344
16/11/1998,356.2121276855469
13/11/1998,355.52618408203125
12/11/1998,357.96209716796875
11/11/1998,362.9928283691406
10/11/1998,357.29010009765625
09/11/1998,364.37884521484375
06/11/1998,353.9642028808594
05/11/1998,355.5141906738281
04/11/1998,330.4461364746094
03/11/1998,317.169677734375
02/11/1998,307.18603515625
30/10/1998,300.75830078125
29/10/1998,309.3999328613281
28/10/1998,312.27783203125
27/10/1998,318.0886535644531
26/10/1998,315.29876708984375
23/10/1998,313.40283203125
22/10/1998,316.7826843261719
21/10/1998,322.3084716796875
20/10/1998,336.5628967285156
19/10/1998,336.4049072265625
16/10/1998,337.5738525390625
15/10/1998,304.8351135253906
14/10/1998,303.1781921386719
13/10/1998,313.9737548828125
12/10/1998,307.405029296875
09/10/1998,304.828125
08/10/1998,288.53875732421875
07/10/1998,266.1596374511719
06/10/1998,258.095947265625
05/10/1998,261.3038330078125
02/10/1998,263.21875
01/10/1998,273.8573303222656
30/09/1998,276.13922119140625
29/09/1998,275.9972229003906
28/09/1998,274.9903259277344
25/09/1998,275.2132873535156
24/09/1998,282.1490478515625
23/09/1998,262.23980712890625
22/09/1998,260.8658447265625
21/09/1998,256.82403564453125
18/09/1998,271.660400390625
17/09/1998,285.4638977050781
16/09/1998,290.9046630859375
15/09/1998,292.14166259765625
14/09/1998,320.58251953125
11/09/1998,324.02740478515625
10/09/1998,327.2582702636719
09/09/1998,325.7492980957031
08/09/1998,330.4001159667969
07/09/1998,335.7969055175781
04/09/1998,325.5433044433594
03/09/1998,334.77496337890625
02/09/1998,329.6121826171875
01/09/1998,325.84130859375
31/08/1998,342.42266845703125
28/08/1998,339.0078125
27/08/1998,354.93121337890625
26/08/1998,360.9129638671875
25/08/1998,367.12872314453125
24/08/1998,370.53057861328125
21/08/1998,388.32989501953125
20/08/1998,399.314453125
19/08/1998,405.87420654296875
18/08/1998,403.83929443359375
14/08/1998,414.61383056640625
13/08/1998,402.9253234863281
12/08/1998,408.6191101074219
11/08/1998,407.04815673828125
10/08/1998,421.1506042480469
07/08/1998,423.5965270996094
06/08/1998,433.8161315917969
05/08/1998,441.76678466796875
04/08/1998,461.3320617675781
03/08/1998,475.239501953125
31/07/1998,481.6982727050781
30/07/1998,482.669189453125
29/07/1998,485.0771179199219
28/07/1998,483.51220703125
27/07/1998,482.9621887207031
24/07/1998,479.5443420410156
23/07/1998,473.78656005859375
22/07/1998,483.03619384765625
21/07/1998,488.2200012207031
20/07/1998,488.6659851074219
17/07/1998,486.215087890625
16/07/1998,473.7535705566406
15/07/1998,467.32080078125
14/07/1998,463.8559265136719
13/07/1998,459.6551208496094
10/07/1998,463.5629577636719
09/07/1998,470.302734375
08/07/1998,472.96160888671875
07/07/1998,483.9261474609375
03/07/1998,470.5267333984375
02/07/1998,466.3548278808594
01/07/1998,456.5232238769531
30/06/1998,445.90264892578125
29/06/1998,431.21417236328125
26/06/1998,430.8532409667969
25/06/1998,428.79327392578125
24/06/1998,430.9432373046875
23/06/1998,423.06854248046875
22/06/1998,420.64263916015625
19/06/1998,425.4364318847656
18/06/1998,440.07586669921875
17/06/1998,419.4256591796875
16/06/1998,399.4964599609375
15/06/1998,406.4851989746094
12/06/1998,408.3561096191406
11/06/1998,411.5279846191406
10/06/1998,408.0640869140625
09/06/1998,411.0559997558594
08/06/1998,409.403076171875
05/06/1998,409.50006103515625
04/06/1998,406.315185546875
03/06/1998,392.59271240234375
02/06/1998,399.58343505859375
01/06/1998,414.06292724609375
29/05/1998,420.4486389160156
28/05/1998,414.2038879394531
27/05/1998,416.9507751464844
26/05/1998,434.0421142578125
25/05/1998,439.53790283203125
22/05/1998,445.12567138671875
20/05/1998,423.989501953125
19/05/1998,413.80792236328125
18/05/1998,388.90283203125
15/05/1998,405.92120361328125
14/05/1998,403.68328857421875
13/05/1998,402.0413513183594
12/05/1998,430.50927734375
08/05/1998,434.6380615234375
07/05/1998,436.7610168457031
06/05/1998,414.60882568359375
05/05/1998,435.14306640625
04/05/1998,445.97662353515625
01/05/1998,448.5075378417969
30/04/1998,460.1170959472656
29/04/1998,465.2289123535156
27/04/1998,485.6220703125
24/04/1998,490.4619140625
23/04/1998,491.83685302734375
22/04/1998,500.6214904785156
21/04/1998,497.6876220703125
20/04/1998,508.13623046875
17/04/1998,507.8822326660156
16/04/1998,510.04815673828125
15/04/1998,513.425048828125
14/04/1998,516.0809326171875
13/04/1998,524.0436401367188
09/04/1998,527.5645141601562
08/04/1998,530.015380859375
06/04/1998,526.1204833984375
03/04/1998,533.2791748046875
02/04/1998,516.3829345703125
01/04/1998,523.9276123046875
30/03/1998,541.4039306640625
27/03/1998,542.0769653320312
26/03/1998,532.791259765625
25/03/1998,504.0753479003906
24/03/1998,501.6404724121094
23/03/1998,516.2979125976562
20/03/1998,516.7109375
19/03/1998,504.1273498535156
18/03/1998,503.9843444824219
17/03/1998,512.1200561523438
16/03/1998,510.7661437988281
13/03/1998,506.7132873535156
12/03/1998,498.1656188964844
11/03/1998,491.8538513183594
10/03/1998,490.4569396972656
09/03/1998,495.7947082519531
06/03/1998,512.2110595703125
05/03/1998,516.4689331054688
04/03/1998,502.8914489746094
03/03/1998,518.665771484375
02/03/1998,496.7096862792969
27/02/1998,482.3592224121094
26/02/1998,483.7881774902344
25/02/1998,483.3922119140625
24/02/1998,494.8707275390625
23/02/1998,505.0153503417969
20/02/1998,495.21270751953125
19/02/1998,496.23272705078125
18/02/1998,472.6606140136719
17/02/1998,472.1906433105469
16/02/1998,457.690185546875
13/02/1998,448.1405334472656
12/02/1998,442.27178955078125
11/02/1998,487.5909729003906
10/02/1998,517.6808471679688
09/02/1998,529.2333984375
06/02/1998,535.408203125
05/02/1998,513.4690551757812
04/02/1998,519.9087524414062
03/02/1998,536.7691040039062
02/02/1998,554.0853881835938
28/01/1998,485.9190673828125
27/01/1998,476.29248046875
26/01/1998,473.6675720214844
23/01/1998,450.9664306640625
22/01/1998,443.51171875
21/01/1998,465.98486328125
20/01/1998,448.02154541015625
19/01/1998,439.01092529296875
16/01/1998,413.9039306640625
15/01/1998,387.2279357910156
14/01/1998,403.96527099609375
13/01/1998,382.1221008300781
12/01/1998,350.2233581542969
09/01/1998,342.9566345214844
08/01/1998,347.094482421875
07/01/1998,394.2236633300781
06/01/1998,402.2493591308594
05/01/1998,410.8139953613281
02/01/1998,409.9950256347656
30/12/1997,401.69635009765625
29/12/1997,397.99853515625
24/12/1997,396.51556396484375
23/12/1997,397.01556396484375
22/12/1997,385.833984375
19/12/1997,378.78125
18/12/1997,378.3712463378906
17/12/1997,368.6706237792969
16/12/1997,356.3711242675781
15/12/1997,339.52276611328125
12/12/1997,365.8387451171875
11/12/1997,396.0925598144531
10/12/1997,415.92083740234375
09/12/1997,425.47943115234375
08/12/1997,423.5965270996094
05/12/1997,414.7618408203125
04/12/1997,401.91033935546875
03/12/1997,389.6668395996094
02/12/1997,394.26763916015625
01/12/1997,398.6004638671875
27/11/1997,401.6923522949219
26/11/1997,398.5234680175781
25/11/1997,395.6636047363281
24/11/1997,410.1900329589844
21/11/1997,391.2427673339844
20/11/1997,396.11456298828125
19/11/1997,415.6378173828125
18/11/1997,434.192138671875
17/11/1997,439.5209045410156
14/11/1997,436.82598876953125
13/11/1997,437.9299621582031
12/11/1997,449.6225280761719
11/11/1997,448.1375427246094
10/11/1997,462.6739807128906
07/11/1997,466.0978698730469
06/11/1997,478.89434814453125
05/11/1997,490.96685791015625
04/11/1997,494.8297119140625
03/11/1997,501.6944580078125
31/10/1997,500.3985290527344
30/10/1997,502.8514404296875
29/10/1997,472.0326232910156
28/10/1997,447.9785461425781
27/10/1997,490.1009216308594
24/10/1997,490.3779296875
23/10/1997,494.1177673339844
22/10/1997,505.2133483886719
21/10/1997,514.9479370117188
20/10/1997,514.1510009765625
17/10/1997,520.6647338867188
16/10/1997,517.0709228515625
15/10/1997,518.894775390625
14/10/1997,528.8983764648438
13/10/1997,534.80517578125
10/10/1997,534.731201171875
09/10/1997,521.0917358398438
08/10/1997,518.9197998046875
07/10/1997,513.928955078125
06/10/1997,512.873046875
03/10/1997,515.4569091796875
02/10/1997,536.9031372070312
01/10/1997,536.9651489257812
30/09/1997,546.666748046875
29/09/1997,546.2167358398438
26/09/1997,549.8986206054688
25/09/1997,559.1981811523438
24/09/1997,553.6244506835938
23/09/1997,539.4619140625
22/09/1997,535.5802001953125
19/09/1997,531.058349609375
18/09/1997,524.2515869140625
17/09/1997,526.7164916992188
16/09/1997,534.8081665039062
15/09/1997,550.7395629882812
12/09/1997,546.6157836914062
11/09/1997,556.1143798828125
10/09/1997,574.99365234375
09/09/1997,597.980712890625
08/09/1997,600.28759765625
05/09/1997,594.0899047851562
04/09/1997,533.8491821289062
03/09/1997,512.5680541992188
02/09/1997,478.995361328125
01/09/1997,485.9500732421875
29/08/1997,493.9427795410156
28/08/1997,530.3453979492188
27/08/1997,555.4403686523438
26/08/1997,554.2163696289062
25/08/1997,540.907958984375
22/08/1997,574.3726806640625
21/08/1997,603.0365600585938
20/08/1997,593.14794921875
19/08/1997,590.507080078125
18/08/1997,599.6126098632812
15/08/1997,617.681884765625
14/08/1997,642.9859619140625
13/08/1997,658.578369140625
12/08/1997,662.9212646484375
11/08/1997,658.1443481445312
08/08/1997,675.40966796875
07/08/1997,677.9126586914062
06/08/1997,699.8287963867188
05/08/1997,713.8522338867188
04/08/1997,718.6809692382812
01/08/1997,721.743896484375
31/07/1997,721.241943359375
30/07/1997,721.950927734375
29/07/1997,716.3270874023438
28/07/1997,710.7913208007812
25/07/1997,710.0303955078125
24/07/1997,712.0182495117188
23/07/1997,718.1610717773438
22/07/1997,711.4132690429688
21/07/1997,712.3742065429688
18/07/1997,723.9718017578125
16/07/1997,723.4747924804688
15/07/1997,722.180908203125
14/07/1997,722.4698486328125
11/07/1997,723.3878173828125
10/07/1997,729.1226806640625
09/07/1997,738.1092529296875
08/07/1997,740.8041381835938
07/07/1997,737.9772338867188
04/07/1997,736.568359375
03/07/1997,735.46337890625
02/07/1997,730.1265869140625
01/07/1997,731.5905151367188
30/06/1997,724.52783203125
27/06/1997,716.801025390625
26/06/1997,709.37939453125
25/06/1997,712.4672241210938
24/06/1997,713.3592529296875
23/06/1997,719.6099853515625
20/06/1997,712.1962280273438
19/06/1997,708.4174194335938
18/06/1997,710.7583618164062
17/06/1997,705.0565185546875
16/06/1997,705.2605590820312
13/06/1997,698.5927734375
12/06/1997,695.1929321289062
11/06/1997,693.009033203125
10/06/1997,689.7381591796875
09/06/1997,692.4771118164062
06/06/1997,694.9889526367188
05/06/1997,691.955078125
04/06/1997,693.511962890625
03/06/1997,698.373779296875
02/06/1997,699.7037963867188
30/05/1997,696.0009765625
29/05/1997,689.4711303710938
28/05/1997,672.4728393554688
27/05/1997,668.822998046875
26/05/1997,663.1692504882812
23/05/1997,658.496337890625
21/05/1997,654.0655517578125
20/05/1997,652.799560546875
19/05/1997,652.5245971679688
16/05/1997,657.0474243164062
15/05/1997,656.96044921875
14/05/1997,670.2599487304688
13/05/1997,672.8388061523438
12/05/1997,675.7866821289062
09/05/1997,673.662841796875
07/05/1997,666.8170776367188
06/05/1997,659.578369140625
05/05/1997,652.7615966796875
02/05/1997,647.8687744140625
01/05/1997,650.4327392578125
30/04/1997,652.0236206054688
29/04/1997,647.2047729492188
28/04/1997,656.5044555664062
25/04/1997,652.4506225585938
24/04/1997,652.9585571289062
23/04/1997,651.4246215820312
22/04/1997,646.2158203125
21/04/1997,642.2349853515625
17/04/1997,637.5691528320312
16/04/1997,632.7943115234375
15/04/1997,631.2493896484375
14/04/1997,635.1412963867188
11/04/1997,637.1232299804688
10/04/1997,635.5322875976562
08/04/1997,638.1981201171875
07/04/1997,636.615234375
04/04/1997,637.4022216796875
03/04/1997,641.5960083007812
02/04/1997,650.8516235351562
01/04/1997,651.9816284179688
27/03/1997,662.2102661132812
26/03/1997,659.328369140625
25/03/1997,657.2604370117188
24/03/1997,649.5947265625
21/03/1997,656.0814819335938
20/03/1997,663.1062622070312
19/03/1997,663.1482543945312
18/03/1997,659.4153442382812
17/03/1997,670.9098510742188
14/03/1997,666.8160400390625
13/03/1997,669.9649658203125
12/03/1997,682.5794677734375
11/03/1997,687.9072875976562
10/03/1997,688.0222778320312
07/03/1997,683.7793579101562
06/03/1997,683.0814208984375
05/03/1997,686.1322631835938
04/03/1997,695.4959716796875
03/03/1997,700.081787109375
28/02/1997,705.3465576171875
27/02/1997,709.8934326171875
26/02/1997,712.5792236328125
25/02/1997,701.2797241210938
24/02/1997,697.3418579101562
21/02/1997,696.4679565429688
20/02/1997,698.6417846679688
19/02/1997,694.85595703125
18/02/1997,695.18994140625
17/02/1997,701.7377319335938
14/02/1997,704.4485473632812
13/02/1997,707.3414916992188
12/02/1997,701.0277099609375
06/02/1997,694.251953125
05/02/1997,686.8302612304688
04/02/1997,680.3054809570312
03/02/1997,687.4432373046875
31/01/1997,691.089111328125
30/01/1997,687.2662963867188
29/01/1997,691.30810546875
28/01/1997,689.9471435546875
27/01/1997,684.955322265625
24/01/1997,678.8825073242188
23/01/1997,684.955322265625
22/01/1997,686.0882568359375
21/01/1997,680.853515625
20/01/1997,674.102783203125
17/01/1997,663.9481201171875
16/01/1997,658.6753540039062
15/01/1997,656.04150390625
14/01/1997,656.62744140625
13/01/1997,656.0675048828125
10/01/1997,657.8423461914062
09/01/1997,657.4073486328125
08/01/1997,662.1792602539062
07/01/1997,660.3412475585938
06/01/1997,653.9315185546875
03/01/1997,646.1687622070312
02/01/1997,638.0781860351562
27/12/1996,637.4072265625
26/12/1996,632.4723510742188
24/12/1996,632.7193603515625
23/12/1996,633.04833984375
20/12/1996,632.4993286132812
19/12/1996,628.2944946289062
18/12/1996,629.4275512695312
17/12/1996,623.7807006835938
16/12/1996,623.5897216796875
13/12/1996,624.4336547851562
12/12/1996,627.87451171875
11/12/1996,626.5496215820312
10/12/1996,626.6536254882812
09/12/1996,634.55126953125
06/12/1996,628.0985107421875
05/12/1996,634.2713623046875
04/12/1996,626.24462890625
03/12/1996,620.7848510742188
02/12/1996,616.1441040039062
29/11/1996,612.9890747070312
28/11/1996,611.4782104492188
27/11/1996,620.245849609375
26/11/1996,626.2006225585938
25/11/1996,628.2125244140625
22/11/1996,612.837158203125
21/11/1996,602.9635620117188
20/11/1996,606.734375
19/11/1996,615.1830444335938
18/11/1996,620.8358154296875
15/11/1996,616.8660278320312
14/11/1996,600.8886108398438
13/11/1996,595.4708251953125
12/11/1996,597.0267944335938
11/11/1996,601.110595703125
08/11/1996,601.99658203125
07/11/1996,594.56982421875
06/11/1996,587.3161010742188
05/11/1996,583.8472900390625
04/11/1996,578.2854614257812
01/11/1996,570.6368408203125
31/10/1996,568.0068969726562
30/10/1996,568.8408203125
29/10/1996,567.73193359375
28/10/1996,567.2518920898438
25/10/1996,571.3128051757812
24/10/1996,575.8635864257812
23/10/1996,575.379638671875
22/10/1996,571.7847290039062
21/10/1996,572.4466552734375
18/10/1996,570.1778564453125
17/10/1996,569.099853515625
16/10/1996,565.7579956054688
15/10/1996,568.5679321289062
14/10/1996,570.9547729492188
11/10/1996,571.2088012695312
10/10/1996,567.9069213867188
09/10/1996,566.2958984375
08/10/1996,574.7576904296875
07/10/1996,586.2881469726562
04/10/1996,588.3261108398438
03/10/1996,589.7670288085938
02/10/1996,589.2841186523438
01/10/1996,580.1893310546875
30/09/1996,573.9166870117188
27/09/1996,573.2806396484375
26/09/1996,571.2357788085938
25/09/1996,572.2637329101562
24/09/1996,569.7438354492188
23/09/1996,570.1448364257812
20/09/1996,568.9718627929688
19/09/1996,565.5419921875
18/09/1996,559.6752319335938
17/09/1996,561.9201049804688
16/09/1996,554.37939453125
13/09/1996,549.0146484375
12/09/1996,546.4407348632812
11/09/1996,542.6988525390625
10/09/1996,545.0857543945312
09/09/1996,542.4959716796875
06/09/1996,543.7297973632812
05/09/1996,543.0119018554688
04/09/1996,545.979736328125
03/09/1996,540.5199584960938
02/09/1996,544.9988403320312
30/08/1996,547.588623046875
29/08/1996,550.0066528320312
28/08/1996,548.4036254882812
27/08/1996,549.4986572265625
26/08/1996,552.7184448242188
23/08/1996,549.1906127929688
22/08/1996,544.2608032226562
21/08/1996,542.179931640625
20/08/1996,539.5839233398438
19/08/1996,537.05615234375
16/08/1996,536.7101440429688
15/08/1996,532.3882446289062
14/08/1996,535.879150390625
13/08/1996,537.4891357421875
12/08/1996,543.923828125
09/08/1996,547.692626953125
08/08/1996,548.15966796875
07/08/1996,553.9214477539062
06/08/1996,554.7683715820312
05/08/1996,562.8120727539062
02/08/1996,560.940185546875
01/08/1996,548.9146118164062
31/07/1996,536.0081176757812
30/07/1996,533.460205078125
29/07/1996,540.7169189453125
26/07/1996,561.2872314453125
25/07/1996,568.4249267578125
24/07/1996,571.7037353515625
23/07/1996,578.1624755859375
22/07/1996,579.7404174804688
19/07/1996,580.0513916015625
18/07/1996,576.3065185546875
17/07/1996,576.2435302734375
16/07/1996,573.3046875
15/07/1996,578.9884643554688
12/07/1996,579.9244384765625
11/07/1996,579.6683959960938
10/07/1996,577.9335327148438
09/07/1996,574.86767578125
08/07/1996,573.8096313476562
05/07/1996,575.0276489257812
04/07/1996,588.589111328125
03/07/1996,594.0479125976562
02/07/1996,594.3848266601562
01/07/1996,596.2578125
28/06/1996,594.23583984375
27/06/1996,592.0149536132812
26/06/1996,592.7619018554688
25/06/1996,584.1842651367188
24/06/1996,578.75048828125
21/06/1996,572.82763671875
20/06/1996,580.6513671875
19/06/1996,583.15234375
18/06/1996,588.2091064453125
17/06/1996,590.7109985351562
14/06/1996,592.3389282226562
13/06/1996,581.5043334960938
12/06/1996,596.0737915039062
11/06/1996,608.5043334960938
10/06/1996,611.668212890625
07/06/1996,612.7421264648438
06/06/1996,613.195068359375
05/06/1996,616.0540771484375
04/06/1996,615.8950805664062
03/06/1996,624.45263671875
31/05/1996,617.4420166015625
30/05/1996,617.218017578125
29/05/1996,622.4607543945312
28/05/1996,620.9618530273438
27/05/1996,620.6438598632812
24/05/1996,618.036865234375
23/05/1996,617.2960205078125
22/05/1996,616.3670043945312
21/05/1996,617.27001953125
20/05/1996,617.6680297851562
17/05/1996,621.3738403320312
15/05/1996,619.8128662109375
14/05/1996,617.9989013671875
13/05/1996,621.4698486328125
10/05/1996,619.2559204101562
09/05/1996,620.247802734375
08/05/1996,615.5010986328125
07/05/1996,613.8161010742188
06/05/1996,599.6486206054688
03/05/1996,608.0973510742188
02/05/1996,622.8387451171875
01/05/1996,629.447509765625
30/04/1996,623.8847045898438
29/04/1996,625.3016357421875
26/04/1996,628.216552734375
25/04/1996,625.3556518554688
24/04/1996,630.1945190429688
23/04/1996,627.8045043945312
22/04/1996,628.3615112304688
19/04/1996,624.5096435546875
18/04/1996,620.9498291015625
17/04/1996,624.1456909179688
16/04/1996,619.2368774414062
15/04/1996,612.9721069335938
12/04/1996,607.0263671875
11/04/1996,605.3133544921875
10/04/1996,603.9124755859375
09/04/1996,597.329833984375
08/04/1996,597.6198120117188
04/04/1996,605.0634155273438
03/04/1996,595.0408325195312
02/04/1996,588.2501220703125
01/04/1996,587.5811157226562
28/03/1996,585.6821899414062
27/03/1996,587.0430908203125
26/03/1996,585.8601684570312
25/03/1996,585.9041748046875
22/03/1996,585.9991455078125
20/03/1996,585.9561767578125
19/03/1996,587.3231201171875
18/03/1996,578.8324584960938
15/03/1996,576.7675170898438
14/03/1996,569.8848266601562
13/03/1996,560.1072387695312
12/03/1996,560.8402099609375
11/03/1996,544.517822265625
08/03/1996,568.075927734375
07/03/1996,581.5213623046875
06/03/1996,587.8511352539062
05/03/1996,591.4598999023438
04/03/1996,592.02392578125
01/03/1996,589.090087890625
29/02/1996,585.1861572265625
28/02/1996,595.2528076171875
27/02/1996,597.3367919921875
26/02/1996,594.1819458007812
16/02/1996,595.5037841796875
15/02/1996,590.7429809570312
14/02/1996,590.1770629882812
13/02/1996,584.7981567382812
12/02/1996,577.4525146484375
09/02/1996,580.9873657226562
08/02/1996,592.626953125
07/02/1996,591.3369140625
06/02/1996,592.8969116210938
05/02/1996,591.1170043945312
02/02/1996,587.547119140625
01/02/1996,581.037353515625
31/01/1996,578.5374755859375
30/01/1996,569.1478271484375
29/01/1996,565.762939453125
26/01/1996,566.837890625
25/01/1996,570.1078491210938
24/01/1996,569.9378662109375
23/01/1996,574.2776489257812
22/01/1996,571.2977905273438
19/01/1996,562.3280639648438
18/01/1996,557.6883544921875
17/01/1996,556.9883422851562
16/01/1996,558.408203125
15/01/1996,563.8781127929688
12/01/1996,550.9685668945312
11/01/1996,533.7592163085938
10/01/1996,528.619384765625
09/01/1996,530.7893676757812
08/01/1996,533.0792236328125
05/01/1996,533.2592163085938
04/01/1996,532.7792358398438
03/01/1996,519.8197631835938
02/01/1996,512.4600219726562
28/12/1995,513.8299560546875
27/12/1995,512.8500366210938
26/12/1995,515.6299438476562
22/12/1995,512.77001953125
21/12/1995,504.9603576660156
19/12/1995,491.7208557128906
18/12/1995,493.39080810546875
15/12/1995,492.3108215332031
14/12/1995,489.94091796875
13/12/1995,491.6008605957031
12/12/1995,496.9606628417969
11/12/1995,499.9805603027344
08/12/1995,506.1003112792969
07/12/1995,502.6004333496094
06/12/1995,496.2107238769531
05/12/1995,496.7606506347656
04/12/1995,493.9007873535156
01/12/1995,486.7010803222656
30/11/1995,481.7112731933594
29/11/1995,478.6113586425781
28/11/1995,473.7515563964844
27/11/1995,472.9115905761719
24/11/1995,468.9117431640625
23/11/1995,469.5917053222656
22/11/1995,458.7321472167969
21/11/1995,454.0323486328125
20/11/1995,453.11236572265625
17/11/1995,456.3222351074219
16/11/1995,459.882080078125
15/11/1995,460.79205322265625
14/11/1995,469.271728515625
13/11/1995,467.3318176269531
10/11/1995,474.5715026855469
09/11/1995,481.3912658691406
08/11/1995,487.44097900390625
07/11/1995,489.89093017578125
06/11/1995,489.0009765625
03/11/1995,488.3009948730469
02/11/1995,486.4610900878906
01/11/1995,487.9709777832031
31/10/1995,488.4309997558594
30/10/1995,490.7908935546875
27/10/1995,494.45074462890625
26/10/1995,497.130615234375
25/10/1995,497.1606140136719
24/10/1995,498.0006103515625
23/10/1995,498.9405822753906
20/10/1995,500.4205017089844
19/10/1995,501.6004638671875
18/10/1995,499.4605712890625
17/10/1995,499.2305603027344
16/10/1995,495.99072265625
13/10/1995,496.5406799316406
12/10/1995,495.4007263183594
11/10/1995,496.2607116699219
10/10/1995,495.970703125
09/10/1995,496.710693359375
06/10/1995,496.2707214355469
05/10/1995,494.99072265625
04/10/1995,492.6308288574219
03/10/1995,487.7809753417969
02/10/1995,490.5408935546875
29/09/1995,493.2207946777344
28/09/1995,491.9208679199219
27/09/1995,490.19091796875
26/09/1995,493.0408020019531
25/09/1995,493.5307922363281
22/09/1995,492.79083251953125
21/09/1995,493.580810546875
20/09/1995,492.9308166503906
19/09/1995,493.1607971191406
18/09/1995,494.1907653808594
15/09/1995,495.30072021484375
14/09/1995,495.4007263183594
13/09/1995,493.6607971191406
12/09/1995,487.9809875488281
11/09/1995,485.4211120605469
08/09/1995,489.9809265136719
07/09/1995,491.4208679199219
06/09/1995,493.13079833984375
05/09/1995,496.5806884765625
04/09/1995,500.5205078125
01/09/1995,501.7604675292969
31/08/1995,500.7304992675781
30/08/1995,506.7702941894531
29/08/1995,503.9903564453125
28/08/1995,501.1505126953125
25/08/1995,500.58050537109375
24/08/1995,500.3205261230469
23/08/1995,502.0504455566406
22/08/1995,499.08056640625
21/08/1995,498.0146179199219
18/08/1995,500.6304931640625
16/08/1995,510.3701477050781
15/08/1995,514.9899291992188
14/08/1995,515.909912109375
11/08/1995,519.1597290039062
10/08/1995,514.9799194335938
08/08/1995,513.5900268554688
07/08/1995,515.7199096679688
04/08/1995,510.11016845703125
03/08/1995,512.56005859375
02/08/1995,513.06005859375
01/08/1995,511.39007568359375
31/07/1995,512.0400390625
28/07/1995,512.4900512695312
27/07/1995,510.71014404296875
26/07/1995,509.920166015625
25/07/1995,508.9201965332031
24/07/1995,509.5101623535156
21/07/1995,510.91009521484375
20/07/1995,507.4102478027344
19/07/1995,504.4803466796875
18/07/1995,509.93017578125
17/07/1995,511.8500671386719
14/07/1995,508.240234375
13/07/1995,509.5201721191406
12/07/1995,507.21026611328125
11/07/1995,507.490234375
10/07/1995,510.4701232910156
07/07/1995,509.1202087402344
06/07/1995,499.4605712890625
05/07/1995,498.5705871582031
04/07/1995,493.4107971191406
03/07/1995,492.0608215332031
30/06/1995,492.2608337402344
29/06/1995,491.82086181640625
28/06/1995,489.3309631347656
27/06/1995,489.6209716796875
26/06/1995,489.7909240722656
23/06/1995,491.640869140625
22/06/1995,490.2309265136719
21/06/1995,486.35107421875
20/06/1995,487.9309997558594
19/06/1995,485.381103515625
16/06/1995,486.0210876464844
15/06/1995,487.25103759765625
14/06/1995,489.30096435546875
13/06/1995,488.27099609375
12/06/1995,487.2910461425781
09/06/1995,491.7308654785156
08/06/1995,489.07098388671875
07/06/1995,495.49072265625
06/06/1995,494.66070556640625
05/06/1995,497.2406311035156
02/06/1995,493.13079833984375
01/06/1995,485.7610778808594
30/05/1995,475.2615051269531
29/05/1995,472.7416076660156
26/05/1995,473.67156982421875
24/05/1995,474.8114929199219
23/05/1995,470.7516784667969
22/05/1995,461.3720703125
19/05/1995,458.692138671875
18/05/1995,457.8221740722656
17/05/1995,464.5819091796875
16/05/1995,463.48199462890625
12/05/1995,461.51202392578125
11/05/1995,459.5321044921875
09/05/1995,434.27313232421875
08/05/1995,428.5133361816406
05/05/1995,426.9933776855469
04/05/1995,424.3034973144531
03/05/1995,423.37353515625
02/05/1995,420.1436462402344
01/05/1995,415.3038330078125
28/04/1995,416.4338073730469
27/04/1995,417.79376220703125
26/04/1995,419.58367919921875
25/04/1995,421.7635498046875
24/04/1995,420.17364501953125
21/04/1995,419.503662109375
20/04/1995,414.3938903808594
19/04/1995,414.1938781738281
18/04/1995,414.9438171386719
17/04/1995,417.82373046875
13/04/1995,419.4336853027344
12/04/1995,419.983642578125
11/04/1995,424.073486328125
10/04/1995,426.1034240722656
07/04/1995,428.9732666015625
06/04/1995,430.833251953125
05/04/1995,428.5333251953125
04/04/1995,425.1834411621094
03/04/1995,424.47344970703125
30/03/1995,428.6233215332031
29/03/1995,428.9032897949219
28/03/1995,426.06341552734375
27/03/1995,423.5735168457031
24/03/1995,422.1135559082031
23/03/1995,426.2334289550781
22/03/1995,425.9034423828125
21/03/1995,427.1733703613281
20/03/1995,426.92340087890625
17/03/1995,426.6534118652344
16/03/1995,427.1833801269531
15/03/1995,428.6533203125
14/03/1995,425.20343017578125
13/03/1995,429.92327880859375
10/03/1995,432.7131652832031
09/03/1995,437.4830017089844
08/03/1995,437.2829895019531
07/03/1995,447.2026062011719
01/03/1995,452.86236572265625
28/02/1995,453.5623474121094
27/02/1995,452.5523986816406
24/02/1995,454.6722717285156
23/02/1995,454.38232421875
22/02/1995,454.8722839355469
21/02/1995,455.812255859375
20/02/1995,454.0123596191406
17/02/1995,453.12237548828125
16/02/1995,455.572265625
15/02/1995,456.4322509765625
14/02/1995,454.0823669433594
13/02/1995,455.6822814941406
10/02/1995,453.2923583984375
09/02/1995,450.81243896484375
08/02/1995,451.93243408203125
07/02/1995,457.31219482421875
06/02/1995,453.12237548828125
03/02/1995,445.3626403808594
02/02/1995,440.48284912109375
01/02/1995,434.633056640625
31/01/1995,433.8131103515625
30/01/1995,437.2430114746094
27/01/1995,437.13299560546875
26/01/1995,434.44305419921875
25/01/1995,432.9431457519531
24/01/1995,435.44305419921875
23/01/1995,436.14300537109375
20/01/1995,446.0626220703125
19/01/1995,451.7724304199219
18/01/1995,449.8224792480469
17/01/1995,449.08251953125
16/01/1995,447.2825927734375
13/01/1995,441.852783203125
12/01/1995,452.67236328125
11/01/1995,461.3820495605469
10/01/1995,468.6717529296875
09/01/1995,477.0214538574219
06/01/1995,481.2012634277344
05/01/1995,477.8014221191406
04/01/1995,474.4715270996094
03/01/1995,472.36163330078125
02/01/1995,470.1217346191406
28/12/1994,469.6217346191406
27/12/1994,466.1318664550781
26/12/1994,466.2518310546875
23/12/1994,466.71185302734375
22/12/1994,469.271728515625
21/12/1994,466.3818359375
20/12/1994,462.7619934082031
19/12/1994,459.37213134765625
16/12/1994,458.76214599609375
15/12/1994,458.9121398925781
14/12/1994,453.35235595703125
13/12/1994,447.02264404296875
12/12/1994,447.7425537109375
09/12/1994,454.0623474121094
08/12/1994,461.18206787109375
07/12/1994,462.3119812011719
06/12/1994,466.3718566894531
05/12/1994,470.57171630859375
02/12/1994,471.0316162109375
01/12/1994,482.1112365722656
30/11/1994,482.6112365722656
29/11/1994,485.401123046875
28/11/1994,486.8210754394531
25/11/1994,487.5509948730469
24/11/1994,488.4809875488281
23/11/1994,481.9912414550781
22/11/1994,498.6405944824219
21/11/1994,506.6402893066406
18/11/1994,509.8201599121094
17/11/1994,512.4400634765625
16/11/1994,514.1199951171875
11/11/1994,513.3600463867188
10/11/1994,513.8899536132812
09/11/1994,515.0999145507812
08/11/1994,515.7799072265625
07/11/1994,517.7698364257812
04/11/1994,520.5697631835938
03/11/1994,522.8197021484375
02/11/1994,524.0696411132812
01/11/1994,524.629638671875
31/10/1994,523.4696655273438
28/10/1994,516.389892578125
27/10/1994,517.829833984375
26/10/1994,516.2999267578125
25/10/1994,514.5099487304688
24/10/1994,512.4600219726562
21/10/1994,514.9498901367188
20/10/1994,518.7398071289062
19/10/1994,518.9497680664062
18/10/1994,510.6101379394531
17/10/1994,511.320068359375
14/10/1994,510.3201599121094
13/10/1994,507.1602478027344
12/10/1994,511.40008544921875
11/10/1994,512.3600463867188
10/10/1994,511.8400573730469
07/10/1994,515.0299072265625
06/10/1994,511.4400634765625
05/10/1994,503.6204528808594
04/10/1994,500.70050048828125
03/10/1994,497.880615234375
30/09/1994,497.95062255859375
29/09/1994,497.2206115722656
28/09/1994,502.1104431152344
27/09/1994,507.2202453613281
26/09/1994,510.170166015625
23/09/1994,512.550048828125
22/09/1994,513.1400146484375
21/09/1994,517.0599365234375
20/09/1994,521.6996459960938
19/09/1994,522.0296630859375
16/09/1994,525.6094970703125
15/09/1994,522.0097045898438
14/09/1994,520.2897338867188
13/09/1994,515.679931640625
12/09/1994,521.2196655273438
09/09/1994,532.3392333984375
08/09/1994,532.8192749023438
07/09/1994,532.029296875
06/09/1994,524.4796142578125
05/09/1994,519.3997192382812
02/09/1994,515.5399169921875
01/09/1994,512.6900634765625
31/08/1994,510.24017333984375
30/08/1994,509.0701904296875
29/08/1994,507.740234375
26/08/1994,505.3103332519531
25/08/1994,502.9404296875
24/08/1994,498.5205993652344
23/08/1994,496.41070556640625
22/08/1994,492.4008483886719
19/08/1994,492.1908264160156
18/08/1994,492.8568115234375
16/08/1994,483.5812072753906
15/08/1994,478.0113830566406
12/08/1994,474.98150634765625
11/08/1994,473.5115661621094
10/08/1994,471.671630859375
09/08/1994,469.9017333984375
08/08/1994,472.3916320800781
05/08/1994,472.7815856933594
04/08/1994,468.7117614746094
03/08/1994,464.8319091796875
02/08/1994,459.22210693359375
01/08/1994,452.7023620605469
29/07/1994,451.0624084472656
28/07/1994,452.9523620605469
27/07/1994,453.35235595703125
26/07/1994,454.3423156738281
25/07/1994,455.1022644042969
22/07/1994,459.0521545410156
21/07/1994,461.1220703125
20/07/1994,462.5220031738281
19/07/1994,460.6221008300781
18/07/1994,462.4620056152344
15/07/1994,461.7619934082031
14/07/1994,460.2720947265625
13/07/1994,453.1923522949219
12/07/1994,449.7025146484375
11/07/1994,450.4324951171875
08/07/1994,452.1824035644531
07/07/1994,454.0823669433594
06/07/1994,453.67236328125
05/07/1994,456.74224853515625
04/07/1994,458.3521423339844
01/07/1994,458.7221374511719
30/06/1994,457.2821960449219
29/06/1994,457.72216796875
28/06/1994,462.3919982910156
27/06/1994,464.3719177246094
24/06/1994,468.85174560546875
23/06/1994,470.9416198730469
22/06/1994,473.1116027832031
21/06/1994,475.22149658203125
20/06/1994,475.71148681640625
17/06/1994,476.53143310546875
16/06/1994,477.1114501953125
15/06/1994,482.07122802734375
14/06/1994,482.33123779296875
13/06/1994,483.0011901855469
10/06/1994,483.03118896484375
09/06/1994,484.8811340332031
08/06/1994,484.8811340332031
07/06/1994,486.091064453125
06/06/1994,486.5110778808594
03/06/1994,486.7110900878906
02/06/1994,487.091064453125
01/06/1994,494.3107604980469
31/05/1994,501.7704772949219
30/05/1994,504.4703369140625
27/05/1994,504.9503479003906
26/05/1994,502.5804443359375
24/05/1994,501.9764404296875
23/05/1994,498.340576171875
20/05/1994,487.9709777832031
19/05/1994,482.7221984863281
18/05/1994,477.1914367675781
17/05/1994,471.7516174316406
16/05/1994,467.8417663574219
13/05/1994,467.3818054199219
11/05/1994,465.5118713378906
10/05/1994,463.0220031738281
09/05/1994,464.26190185546875
06/05/1994,463.10198974609375
05/05/1994,462.5419921875
04/05/1994,462.62200927734375
03/05/1994,460.32208251953125
02/05/1994,461.7919921875
29/04/1994,462.3819885253906
28/04/1994,465.26190185546875
27/04/1994,461.6820373535156
26/04/1994,454.3023376464844
25/04/1994,454.392333984375
22/04/1994,454.832275390625
21/04/1994,456.542236328125
20/04/1994,458.6621398925781
19/04/1994,465.74188232421875
18/04/1994,475.75146484375
15/04/1994,472.6316223144531
14/04/1994,469.26171875
13/04/1994,462.35198974609375
11/04/1994,456.8922119140625
08/04/1994,463.4119873046875
07/04/1994,467.9617919921875
06/04/1994,473.9415588378906
05/04/1994,480.9412536621094
04/04/1994,485.8910827636719
30/03/1994,492.350830078125
29/03/1994,487.2010803222656
28/03/1994,491.0318603515625
25/03/1994,490.81689453125
24/03/1994,494.1607666015625
23/03/1994,486.8810729980469
22/03/1994,485.45111083984375
21/03/1994,501.1805114746094
18/03/1994,508.8601989746094
17/03/1994,509.8301696777344
10/03/1994,514.2899780273438
09/03/1994,514.5499267578125
08/03/1994,521.149658203125
07/03/1994,522.3496704101562
04/03/1994,521.3596801757812
03/03/1994,530.349365234375
02/03/1994,540.4489135742188
01/03/1994,546.3887329101562
28/02/1994,546.208740234375
25/02/1994,547.4886474609375
24/02/1994,552.4984741210938
23/02/1994,551.8585205078125
22/02/1994,552.8284301757812
21/02/1994,543.7388305664062
18/02/1994,554.7584228515625
17/02/1994,564.6680908203125
16/02/1994,574.7976684570312
15/02/1994,582.6873779296875
14/02/1994,586.7271728515625
11/02/1994,586.59716796875
10/02/1994,583.447265625
09/02/1994,580.6273803710938
08/02/1994,587.9470825195312
07/02/1994,594.096923828125
04/02/1994,601.8065795898438
03/02/1994,594.3367919921875
02/02/1994,592.1669311523438
01/02/1994,591.9269409179688
31/01/1994,591.9969482421875
28/01/1994,592.626953125
27/01/1994,590.447021484375
26/01/1994,584.7572631835938
25/01/1994,586.5471801757812
24/01/1994,588.027099609375
21/01/1994,590.2390747070312
20/01/1994,592.9169311523438
19/01/1994,595.976806640625
18/01/1994,591.9869384765625
17/01/1994,587.1370849609375
14/01/1994,577.6675415039062
13/01/1994,571.9977416992188
12/01/1994,585.1971435546875
11/01/1994,598.0266723632812
07/01/1994,607.6663818359375
06/01/1994,609.2962646484375
05/01/1994,612.8661499023438
04/01/1994,599.9166259765625
03/01/1994,589.6270751953125
30/12/1993,588.7471313476562
29/12/1993,587.8571166992188
28/12/1993,572.5476684570312
27/12/1993,565.91796875
24/12/1993,560.5781860351562
23/12/1993,557.318359375
22/12/1993,550.0486450195312
21/12/1993,552.178466796875
20/12/1993,552.8784790039062
17/12/1993,556.9283447265625
16/12/1993,553.33642578125
15/12/1993,543.81884765625
14/12/1993,536.0591430664062
13/12/1993,527.9094848632812
10/12/1993,528.439453125
09/12/1993,525.2994995117188
08/12/1993,523.2996826171875
07/12/1993,523.3896484375
06/12/1993,523.5196533203125
03/12/1993,521.7096557617188
02/12/1993,519.98974609375
01/12/1993,517.83984375
30/11/1993,518.7598266601562
29/11/1993,520.4397583007812
26/11/1993,522.399658203125
25/11/1993,524.1796264648438
24/11/1993,523.8096313476562
23/11/1993,523.2896728515625
22/11/1993,536.4391479492188
19/11/1993,535.0932006835938
18/11/1993,535.2291870117188
17/11/1993,533.1621704101562
16/11/1993,523.169677734375
15/11/1993,516.7919311523438
12/11/1993,512.8500366210938
11/11/1993,511.3290710449219
10/11/1993,510.2111511230469
09/11/1993,508.04022216796875
08/11/1993,507.7602233886719
05/11/1993,507.20025634765625
04/11/1993,500.7304992675781
03/11/1993,484.23114013671875
02/11/1993,473.9915771484375
01/11/1993,469.08172607421875
29/10/1993,466.1318664550781
28/10/1993,465.0918884277344
27/10/1993,464.7818908691406
26/10/1993,464.6219177246094
25/10/1993,464.451904296875
22/10/1993,466.20184326171875
21/10/1993,466.2918395996094
20/10/1993,463.0719909667969
19/10/1993,460.0120849609375
18/10/1993,456.7822265625
15/10/1993,454.822265625
14/10/1993,453.932373046875
13/10/1993,448.9625244140625
12/10/1993,443.85272216796875
11/10/1993,440.3928527832031
08/10/1993,438.53289794921875
07/10/1993,436.4729919433594
06/10/1993,439.4029235839844
05/10/1993,441.5528259277344
04/10/1993,446.2326354980469
01/10/1993,443.2427673339844
30/09/1993,419.9436340332031
29/09/1993,419.4836730957031
28/09/1993,418.3836975097656
27/09/1993,420.8836364746094
24/09/1993,421.0236511230469
23/09/1993,425.32342529296875
22/09/1993,427.7433776855469
21/09/1993,430.55328369140625
20/09/1993,431.4731750488281
17/09/1993,430.34326171875
16/09/1993,430.0362854003906
15/09/1993,431.2931823730469
14/09/1993,428.34332275390625
13/09/1993,428.3133239746094
10/09/1993,427.97332763671875
09/09/1993,426.0934143066406
08/09/1993,422.33355712890625
07/09/1993,418.043701171875
06/09/1993,416.1138000488281
03/09/1993,417.1437683105469
02/09/1993,418.3937072753906
01/09/1993,422.81353759765625
31/08/1993,417.28375244140625
27/08/1993,409.6540832519531
26/08/1993,405.544189453125
25/08/1993,398.4744567871094
24/08/1993,393.61468505859375
23/08/1993,390.1648254394531
20/08/1993,387.8949279785156
19/08/1993,384.8050537109375
18/08/1993,383.4150695800781
16/08/1993,381.9951171875
13/08/1993,379.9252014160156
12/08/1993,380.27520751953125
11/08/1993,377.3353271484375
10/08/1993,369.81561279296875
09/08/1993,364.5158386230469
06/08/1993,362.59588623046875
05/08/1993,359.9859924316406
04/08/1993,358.676025390625
03/08/1993,358.1160888671875
02/08/1993,356.82611083984375
30/07/1993,356.70611572265625
29/07/1993,354.04620361328125
28/07/1993,354.626220703125
27/07/1993,355.4861755371094
26/07/1993,355.316162109375
23/07/1993,355.4161682128906
22/07/1993,355.1861877441406
21/07/1993,355.05621337890625
20/07/1993,354.8161926269531
19/07/1993,356.3460998535156
16/07/1993,356.7261047363281
15/07/1993,356.56610107421875
14/07/1993,357.1761169433594
13/07/1993,356.7461242675781
12/07/1993,359.406005859375
09/07/1993,359.656005859375
08/07/1993,360.1159973144531
07/07/1993,360.2659912109375
06/07/1993,361.03594970703125
05/07/1993,359.56597900390625
02/07/1993,360.7059631347656
01/07/1993,360.5159606933594
30/06/1993,360.33599853515625
29/06/1993,358.8260192871094
28/06/1993,358.60601806640625
25/06/1993,358.86602783203125
24/06/1993,358.87603759765625
23/06/1993,358.3660583496094
22/06/1993,356.1661071777344
18/06/1993,355.6261901855469
17/06/1993,354.91619873046875
16/06/1993,353.9962158203125
15/06/1993,351.68634033203125
14/06/1993,351.3263244628906
11/06/1993,350.2863464355469
10/06/1993,351.3663330078125
09/06/1993,352.8162536621094
08/06/1993,351.9873046875
07/06/1993,349.3263854980469
04/06/1993,349.6463928222656
03/06/1993,349.8033752441406
02/06/1993,345.9765319824219
31/05/1993,341.8367004394531
28/05/1993,333.3570251464844
27/05/1993,333.9070129394531
26/05/1993,331.8970947265625
25/05/1993,330.62713623046875
24/05/1993,328.78717041015625
21/05/1993,326.4272766113281
19/05/1993,326.39727783203125
18/05/1993,325.3073425292969
17/05/1993,325.41729736328125
14/05/1993,323.5373840332031
13/05/1993,321.8274841308594
12/05/1993,319.1075439453125
11/05/1993,316.3976745605469
10/05/1993,316.357666015625
07/05/1993,315.0677490234375
05/05/1993,313.5977478027344
04/05/1993,313.89776611328125
03/05/1993,313.6777648925781
30/04/1993,314.0877685546875
29/04/1993,313.20782470703125
28/04/1993,312.1778259277344
27/04/1993,311.25787353515625
26/04/1993,311.1279296875
23/04/1993,310.7679138183594
22/04/1993,311.26788330078125
21/04/1993,311.98785400390625
20/04/1993,311.98785400390625
19/04/1993,310.4779052734375
16/04/1993,308.6679992675781
15/04/1993,308.65802001953125
14/04/1993,307.2680358886719
13/04/1993,307.2180480957031
12/04/1993,308.4380187988281
08/04/1993,307.79803466796875
07/04/1993,308.3580017089844
06/04/1993,309.33795166015625
05/04/1993,309.58795166015625
02/04/1993,310.0679016113281
01/04/1993,311.117919921875
31/03/1993,310.7479248046875
30/03/1993,311.25787353515625
29/03/1993,310.4879150390625
19/03/1993,312.057861328125
18/03/1993,310.35791015625
17/03/1993,310.7679138183594
16/03/1993,311.0779113769531
15/03/1993,311.6878967285156
12/03/1993,312.9378356933594
11/03/1993,312.6778259277344
10/03/1993,311.7678527832031
09/03/1993,310.0679016113281
08/03/1993,308.4880065917969
05/03/1993,307.17803955078125
04/03/1993,304.76812744140625
03/03/1993,302.0682373046875
02/03/1993,300.8282775878906
01/03/1993,300.4383239746094
26/02/1993,300.3683166503906
25/02/1993,300.20831298828125
24/02/1993,299.7983093261719
23/02/1993,299.8083190917969
22/02/1993,301.2082824707031
19/02/1993,300.4283142089844
18/02/1993,301.90826416015625
17/02/1993,302.6781921386719
16/02/1993,301.9782409667969
15/02/1993,301.7682800292969
12/02/1993,300.5283203125
11/02/1993,299.5982971191406
10/02/1993,299.3883361816406
09/02/1993,297.8984069824219
08/02/1993,295.7984619140625
05/02/1993,292.0286560058594
04/02/1993,289.1887512207031
03/02/1993,283.93896484375
02/02/1993,280.3791198730469
01/02/1993,280.8790588378906
29/01/1993,280.13909912109375
28/01/1993,277.4092102050781
27/01/1993,275.959228515625
26/01/1993,276.27923583984375
25/01/1993,276.6892395019531
22/01/1993,277.0391845703125
21/01/1993,276.7292175292969
19/01/1993,277.1391906738281
18/01/1993,277.92718505859375
15/01/1993,277.2591857910156
14/01/1993,276.4122314453125
13/01/1993,277.3992004394531
12/01/1993,278.0592041015625
11/01/1993,278.5091552734375
08/01/1993,279.09912109375
07/01/1993,276.8392333984375
06/01/1993,274.8293151855469
05/01/1993,273.29937744140625
04/01/1993,273.5693359375
