DATES,STX
07/07/2026,52924.56
06/07/2026,53055.91
02/07/2026,52900.07
01/07/2026,52305.24
30/06/2026,52319.2
29/06/2026,52182.74
26/06/2026,51876.11
25/06/2026,51920.62
24/06/2026,51848.9
23/06/2026,51666.84
22/06/2026,51712.71
18/06/2026,51564.7
17/06/2026,51492.55
16/06/2026,51999.67
15/06/2026,51671.03
12/06/2026,51202.26
11/06/2026,50848.75
10/06/2026,49918.78
09/06/2026,50872.11
08/06/2026,50786.01
05/06/2026,50866.78
04/06/2026,51561.93
03/06/2026,50687.07
02/06/2026,51307.79
01/06/2026,51078.88
29/05/2026,51032.46
28/05/2026,50668.97
27/05/2026,50644.28
26/05/2026,50461.68
22/05/2026,50579.7
21/05/2026,50285.66
20/05/2026,50009.35
19/05/2026,49363.88
18/05/2026,49686.12
15/05/2026,49526.17
14/05/2026,50063.46
13/05/2026,49693.2
12/05/2026,49760.56
11/05/2026,49704.47
08/05/2026,49609.16
07/05/2026,49596.97
06/05/2026,49910.59
05/05/2026,49298.25
04/05/2026,48941.9
01/05/2026,49499.27
30/04/2026,49652.14
29/04/2026,48861.81
28/04/2026,49141.93
27/04/2026,49167.79
24/04/2026,49230.71
23/04/2026,49310.32
22/04/2026,49490.03
21/04/2026,49149.38
20/04/2026,49442.56
17/04/2026,49447.43
16/04/2026,48578.72
15/04/2026,48463.72
14/04/2026,48535.99
13/04/2026,48218.25
10/04/2026,47916.57
09/04/2026,48185.8
08/04/2026,47909.92
07/04/2026,46584.46
06/04/2026,46669.88
02/04/2026,46504.67
01/04/2026,46565.74
31/03/2026,46341.51
30/03/2026,45216.14
27/03/2026,45166.64
26/03/2026,45960.11
25/03/2026,46429.49
24/03/2026,46124.06
23/03/2026,46208.47
20/03/2026,45577.47
19/03/2026,46021.43
18/03/2026,46225.15
17/03/2026,46993.26
16/03/2026,46946.41
13/03/2026,46558.47
12/03/2026,46677.85
11/03/2026,47417.27
10/03/2026,47706.51
09/03/2026,47740.8
06/03/2026,47501.55
05/03/2026,47954.74
04/03/2026,48739.41
03/03/2026,48501.27
02/03/2026,48904.78
27/02/2026,48977.92
26/02/2026,49499.2
25/02/2026,49482.15
24/02/2026,49174.5
23/02/2026,48804.06
20/02/2026,49625.97
19/02/2026,49395.16
18/02/2026,49662.66
17/02/2026,49533.19
13/02/2026,49500.93
12/02/2026,49451.98
11/02/2026,50121.4
10/02/2026,50188.14
09/02/2026,50135.87
06/02/2026,50115.67
05/02/2026,48908.72
04/02/2026,49501.3
03/02/2026,49240.99
02/02/2026,49407.66
30/01/2026,48892.47
29/01/2026,49071.56
28/01/2026,49015.6
27/01/2026,49003.41
26/01/2026,49412.4
23/01/2026,49098.71
22/01/2026,49384.01
21/01/2026,49077.23
20/01/2026,48488.59
16/01/2026,49359.33
15/01/2026,49442.44
14/01/2026,49149.63
13/01/2026,49191.99
12/01/2026,49590.2
09/01/2026,49504.07
08/01/2026,49266.11
07/01/2026,48996.08
06/01/2026,49462.08
05/01/2026,48977.18
02/01/2026,48382.39
31/12/2025,48063.29
30/12/2025,48367.06
29/12/2025,48461.93
26/12/2025,48710.97
25/12/2025,48731.16
24/12/2025,48731.16
23/12/2025,48442.41
22/12/2025,48362.68
19/12/2025,48134.89
18/12/2025,47951.85
17/12/2025,47885.97
16/12/2025,48114.26
15/12/2025,48416.56
12/12/2025,48458.05
11/12/2025,48704.01
10/12/2025,48057.75
09/12/2025,47560.29
08/12/2025,47739.32
05/12/2025,47954.99
04/12/2025,47850.94
03/12/2025,47882.9
02/12/2025,47474.46
01/12/2025,47289.33
28/11/2025,47716.42
26/11/2025,47427.12
25/11/2025,47112.45
24/11/2025,46448.27
21/11/2025,46245.41
20/11/2025,45752.26
19/11/2025,46138.77
18/11/2025,46091.74
17/11/2025,46590.24
14/11/2025,47147.48
13/11/2025,47457.22
12/11/2025,48254.82
11/11/2025,47927.96
10/11/2025,47368.63
07/11/2025,46987.1
06/11/2025,46912.3
05/11/2025,47311.0
04/11/2025,47085.24
03/11/2025,47336.68
31/10/2025,47562.87
30/10/2025,47522.12
29/10/2025,47632.0
28/10/2025,47706.37
27/10/2025,47544.59
24/10/2025,47207.12
23/10/2025,46734.61
22/10/2025,46590.41
21/10/2025,46924.74
20/10/2025,46706.58
17/10/2025,46190.61
16/10/2025,45952.24
15/10/2025,46253.31
14/10/2025,46270.46
13/10/2025,46067.58
10/10/2025,45479.6
09/10/2025,46358.42
08/10/2025,46601.78
07/10/2025,46602.98
06/10/2025,46694.97
03/10/2025,46758.28
02/10/2025,46519.72
01/10/2025,46441.1
30/09/2025,46397.89
29/09/2025,46316.07
26/09/2025,46247.29
25/09/2025,45947.32
24/09/2025,46121.28
23/09/2025,46292.78
22/09/2025,46381.54
19/09/2025,46315.27
18/09/2025,46142.42
17/09/2025,46018.32
16/09/2025,45757.9
15/09/2025,45883.45
12/09/2025,45834.22
11/09/2025,46108.0
10/09/2025,45490.92
09/09/2025,45711.34
08/09/2025,45514.95
05/09/2025,45400.86
04/09/2025,45621.29
03/09/2025,45271.23
02/09/2025,45295.81
29/08/2025,45544.88
28/08/2025,45636.9
27/08/2025,45565.23
26/08/2025,45418.07
25/08/2025,45282.47
22/08/2025,45631.74
21/08/2025,44785.5
20/08/2025,44938.31
19/08/2025,44922.27
18/08/2025,44911.82
15/08/2025,44946.12
14/08/2025,44911.26
13/08/2025,44922.27
12/08/2025,44458.61
11/08/2025,43975.09
08/08/2025,44175.61
07/08/2025,43968.64
06/08/2025,44193.12
05/08/2025,44111.74
04/08/2025,44173.64
01/08/2025,43588.58
31/07/2025,44130.98
30/07/2025,44461.28
29/07/2025,44632.99
28/07/2025,44837.56
25/07/2025,44901.92
24/07/2025,44693.91
23/07/2025,45010.29
22/07/2025,44502.44
21/07/2025,44323.07
18/07/2025,44342.19
17/07/2025,44484.49
16/07/2025,44254.78
15/07/2025,44023.29
14/07/2025,44459.65
11/07/2025,44371.51
10/07/2025,44650.64
09/07/2025,44458.3
08/07/2025,44240.76
07/07/2025,44406.36
03/07/2025,44828.53
02/07/2025,44484.42
01/07/2025,44494.94
30/06/2025,44094.77
27/06/2025,43819.27
26/06/2025,43386.84
25/06/2025,42982.43
24/06/2025,43089.02
23/06/2025,42581.78
20/06/2025,42206.82
18/06/2025,42171.66
17/06/2025,42215.8
16/06/2025,42515.09
13/06/2025,42197.79
12/06/2025,42967.62
11/06/2025,42865.77
10/06/2025,42866.87
09/06/2025,42761.76
06/06/2025,42762.87
05/06/2025,42319.74
04/06/2025,42427.74
03/06/2025,42519.64
02/06/2025,42305.48
30/05/2025,42270.07
29/05/2025,42215.73
28/05/2025,42098.7
27/05/2025,42343.65
23/05/2025,41603.07
22/05/2025,41859.09
21/05/2025,41860.44
20/05/2025,42677.24
19/05/2025,42792.07
16/05/2025,42654.74
15/05/2025,42322.75
14/05/2025,42051.06
13/05/2025,42140.43
12/05/2025,42410.1
09/05/2025,41249.38
08/05/2025,41368.45
07/05/2025,41113.97
06/05/2025,40829.0
05/05/2025,41218.83
02/05/2025,41317.43
01/05/2025,40752.96
30/04/2025,40669.36
29/04/2025,40527.62
28/04/2025,40227.59
25/04/2025,40113.5
24/04/2025,40093.4
23/04/2025,39606.57
22/04/2025,39186.98
21/04/2025,38170.41
17/04/2025,39142.23
16/04/2025,39669.39
15/04/2025,40368.96
14/04/2025,40524.79
11/04/2025,40212.71
10/04/2025,39593.66
09/04/2025,40608.45
08/04/2025,37645.59
07/04/2025,37965.6
04/04/2025,38314.86
03/04/2025,40545.93
02/04/2025,42225.32
01/04/2025,41989.96
31/03/2025,42001.76
28/03/2025,41583.9
27/03/2025,42299.7
26/03/2025,42454.79
25/03/2025,42587.5
24/03/2025,42583.32
21/03/2025,41985.35
20/03/2025,41953.32
19/03/2025,41964.63
18/03/2025,41581.31
17/03/2025,41841.63
14/03/2025,41488.19
13/03/2025,40813.57
12/03/2025,41350.93
11/03/2025,41433.48
10/03/2025,41911.71
07/03/2025,42801.72
06/03/2025,42579.08
05/03/2025,43006.59
04/03/2025,42520.99
03/03/2025,43191.24
28/02/2025,43840.91
27/02/2025,43239.5
26/02/2025,43433.12
25/02/2025,43621.16
24/02/2025,43461.21
21/02/2025,43428.02
20/02/2025,44176.65
19/02/2025,44627.59
18/02/2025,44556.34
14/02/2025,44546.08
13/02/2025,44711.43
12/02/2025,44368.56
11/02/2025,44593.65
10/02/2025,44470.41
07/02/2025,44303.4
06/02/2025,44747.63
05/02/2025,44873.28
04/02/2025,44556.04
03/02/2025,44421.91
31/01/2025,44544.66
30/01/2025,44882.13
29/01/2025,44713.52
28/01/2025,44850.35
27/01/2025,44713.58
24/01/2025,44424.25
23/01/2025,44565.07
22/01/2025,44156.73
21/01/2025,44025.81
17/01/2025,43487.83
16/01/2025,43153.13
15/01/2025,43221.55
14/01/2025,42518.28
13/01/2025,42297.12
10/01/2025,41938.45
08/01/2025,42635.2
07/01/2025,42528.36
06/01/2025,42706.56
03/01/2025,42732.13
02/01/2025,42392.27
31/12/2024,42544.22
30/12/2024,42573.73
27/12/2024,42992.21
26/12/2024,43325.8
25/12/2024,43297.03
24/12/2024,43297.03
23/12/2024,42906.95
20/12/2024,42840.26
19/12/2024,42342.24
18/12/2024,42326.87
17/12/2024,43449.9
16/12/2024,43717.48
13/12/2024,43828.06
12/12/2024,43914.12
11/12/2024,44148.56
10/12/2024,44247.83
09/12/2024,44401.93
06/12/2024,44642.52
05/12/2024,44765.71
04/12/2024,45014.04
03/12/2024,44705.53
02/12/2024,44782.0
29/11/2024,44910.65
27/11/2024,44722.06
26/11/2024,44860.31
25/11/2024,44736.57
22/11/2024,44296.51
21/11/2024,43870.35
20/11/2024,43408.47
19/11/2024,43268.94
18/11/2024,43389.6
15/11/2024,43444.99
14/11/2024,43750.86
13/11/2024,43958.19
12/11/2024,43910.98
11/11/2024,44293.13
08/11/2024,43988.99
07/11/2024,43729.34
06/11/2024,43729.93
05/11/2024,42221.88
04/11/2024,41794.6
01/11/2024,42052.19
31/10/2024,41763.46
30/10/2024,42141.54
29/10/2024,42233.05
28/10/2024,42387.57
25/10/2024,42114.4
24/10/2024,42374.36
23/10/2024,42514.95
22/10/2024,42924.89
21/10/2024,42931.6
18/10/2024,43275.91
17/10/2024,43239.05
16/10/2024,43077.7
15/10/2024,42740.42
14/10/2024,43065.22
11/10/2024,42863.86
10/10/2024,42454.12
09/10/2024,42512.0
08/10/2024,42080.37
07/10/2024,41954.24
04/10/2024,42352.75
03/10/2024,42011.59
02/10/2024,42196.52
01/10/2024,42156.97
30/09/2024,42330.15
27/09/2024,42313.0
26/09/2024,42175.11
25/09/2024,41914.75
24/09/2024,42208.22
23/09/2024,42124.65
20/09/2024,42063.36
19/09/2024,42025.19
18/09/2024,41503.1
17/09/2024,41606.18
16/09/2024,41622.08
13/09/2024,41393.78
12/09/2024,41096.77
11/09/2024,40861.71
10/09/2024,40736.96
09/09/2024,40829.59
06/09/2024,40345.41
05/09/2024,40755.75
04/09/2024,40974.97
03/09/2024,40936.93
30/08/2024,41563.08
29/08/2024,41335.05
28/08/2024,41091.42
27/08/2024,41250.5
26/08/2024,41240.52
23/08/2024,41175.08
22/08/2024,40712.78
21/08/2024,40890.49
20/08/2024,40834.97
19/08/2024,40896.53
16/08/2024,40659.76
15/08/2024,40563.06
14/08/2024,40008.39
13/08/2024,39765.64
12/08/2024,39357.01
09/08/2024,39497.54
08/08/2024,39446.49
07/08/2024,38763.45
06/08/2024,38997.66
05/08/2024,38703.27
02/08/2024,39737.26
01/08/2024,40347.97
31/07/2024,40842.79
30/07/2024,40743.33
29/07/2024,40539.93
26/07/2024,40589.34
25/07/2024,39935.07
24/07/2024,39853.87
23/07/2024,40358.09
22/07/2024,40415.44
19/07/2024,40287.53
18/07/2024,40665.02
17/07/2024,41198.08
16/07/2024,40954.48
15/07/2024,40211.72
12/07/2024,40000.9
11/07/2024,39753.75
10/07/2024,39721.36
09/07/2024,39291.97
08/07/2024,39344.79
05/07/2024,39375.87
03/07/2024,39308.0
02/07/2024,39331.85
01/07/2024,39169.52
28/06/2024,39118.86
27/06/2024,39164.06
26/06/2024,39127.8
25/06/2024,39112.16
24/06/2024,39411.21
21/06/2024,39150.33
20/06/2024,39134.76
18/06/2024,38834.86
17/06/2024,38778.1
14/06/2024,38589.16
13/06/2024,38647.1
12/06/2024,38712.21
11/06/2024,38747.42
10/06/2024,38868.04
07/06/2024,38798.99
06/06/2024,38886.17
05/06/2024,38807.33
04/06/2024,38711.29
03/06/2024,38571.03
31/05/2024,38686.32
30/05/2024,38111.48
29/05/2024,38441.54
28/05/2024,38852.86
24/05/2024,39069.59
23/05/2024,39065.26
22/05/2024,39671.04
21/05/2024,39872.99
20/05/2024,39806.77
17/05/2024,40003.59
16/05/2024,39869.38
15/05/2024,39908.0
14/05/2024,39558.11
13/05/2024,39431.51
10/05/2024,39512.84
09/05/2024,39387.76
08/05/2024,39056.39
07/05/2024,38884.26
06/05/2024,38852.27
03/05/2024,38675.68
02/05/2024,38225.66
01/05/2024,37903.29
30/04/2024,37815.92
29/04/2024,38386.09
26/04/2024,38239.66
25/04/2024,38085.66
24/04/2024,38460.66
23/04/2024,38503.69
22/04/2024,38240.57
19/04/2024,37986.53
18/04/2024,37778.21
17/04/2024,37753.37
16/04/2024,37798.77
15/04/2024,37735.24
12/04/2024,37983.24
11/04/2024,38459.08
10/04/2024,38461.51
09/04/2024,38883.94
08/04/2024,38892.8
05/04/2024,38904.1
04/04/2024,38597.3
03/04/2024,39127.01
02/04/2024,39171.22
01/04/2024,39566.85
28/03/2024,39807.18
27/03/2024,39760.41
26/03/2024,39282.59
25/03/2024,39313.77
22/03/2024,39475.64
21/03/2024,39781.5
20/03/2024,39512.13
19/03/2024,39110.21
18/03/2024,38790.43
15/03/2024,38714.77
14/03/2024,38905.92
13/03/2024,39043.39
12/03/2024,39005.4
11/03/2024,38769.73
08/03/2024,38723.15
07/03/2024,38791.35
06/03/2024,38661.12
05/03/2024,38585.19
04/03/2024,38989.83
01/03/2024,39087.38
29/02/2024,38995.93
28/02/2024,38949.29
27/02/2024,38972.74
26/02/2024,39069.3
23/02/2024,39131.53
22/02/2024,39068.98
21/02/2024,38612.18
20/02/2024,38564.03
16/02/2024,38627.99
15/02/2024,38773.12
14/02/2024,38423.68
13/02/2024,38272.49
12/02/2024,38797.9
09/02/2024,38671.3
08/02/2024,38726.13
07/02/2024,38677.36
06/02/2024,38520.96
05/02/2024,38379.59
02/02/2024,38654.62
01/02/2024,38519.77
31/01/2024,38150.3
30/01/2024,38467.38
29/01/2024,38333.26
26/01/2024,38109.43
25/01/2024,38049.13
24/01/2024,37806.52
23/01/2024,37905.51
22/01/2024,38001.81
19/01/2024,37863.6
18/01/2024,37468.68
17/01/2024,37266.67
16/01/2024,37360.99
12/01/2024,37593.24
11/01/2024,37711.15
10/01/2024,37695.67
09/01/2024,37525.1
08/01/2024,37683.01
05/01/2024,37466.11
04/01/2024,37440.34
03/01/2024,37430.19
02/01/2024,37715.04
29/12/2023,37689.54
28/12/2023,37710.63
27/12/2023,37656.52
26/12/2023,37545.33
22/12/2023,37385.97
21/12/2023,37404.35
20/12/2023,37082.39
19/12/2023,37557.98
18/12/2023,37305.95
15/12/2023,37309.22
14/12/2023,37248.28
13/12/2023,37090.83
12/12/2023,36577.94
11/12/2023,36404.8
08/12/2023,36247.74
07/12/2023,36117.57
06/12/2023,36054.43
05/12/2023,36124.56
04/12/2023,36204.44
01/12/2023,36245.5
30/11/2023,35950.96
29/11/2023,35430.55
28/11/2023,35416.91
27/11/2023,35333.4
24/11/2023,35390.57
22/11/2023,35272.77
21/11/2023,35088.29
20/11/2023,35150.97
17/11/2023,34947.28
16/11/2023,34945.6
15/11/2023,34991.21
14/11/2023,34827.7
13/11/2023,34337.67
10/11/2023,34283.1
09/11/2023,33891.68
08/11/2023,34112.8
07/11/2023,34152.8
06/11/2023,34095.86
03/11/2023,34061.32
02/11/2023,33839.11
01/11/2023,33274.58
31/10/2023,33052.74
30/10/2023,32928.83
27/10/2023,32418.05
26/10/2023,32784.3
25/10/2023,33035.93
24/10/2023,33141.32
23/10/2023,32936.34
20/10/2023,33127.21
19/10/2023,33413.45
18/10/2023,33665.35
17/10/2023,33997.98
16/10/2023,33984.21
13/10/2023,33670.36
12/10/2023,33631.14
11/10/2023,33804.81
10/10/2023,33739.3
09/10/2023,33604.65
06/10/2023,33407.58
05/10/2023,33119.57
04/10/2023,33129.29
03/10/2023,33003.04
02/10/2023,33433.35
29/09/2023,33507.76
28/09/2023,33666.14
27/09/2023,33550.67
26/09/2023,33618.69
25/09/2023,34007.15
22/09/2023,33964.44
21/09/2023,34070.35
20/09/2023,34440.88
19/09/2023,34518.26
18/09/2023,34624.27
15/09/2023,34618.77
14/09/2023,34907.51
13/09/2023,34575.7
12/09/2023,34647.44
11/09/2023,34664.77
08/09/2023,34577.28
07/09/2023,34500.99
06/09/2023,34444.38
05/09/2023,34642.1
01/09/2023,34838.01
31/08/2023,34721.16
30/08/2023,34890.77
29/08/2023,34852.87
28/08/2023,34560.04
25/08/2023,34346.96
24/08/2023,34099.91
23/08/2023,34474.17
22/08/2023,34289.03
21/08/2023,34464.41
18/08/2023,34501.88
17/08/2023,34473.9
16/08/2023,34765.64
15/08/2023,34946.86
14/08/2023,35307.63
11/08/2023,35281.4
10/08/2023,35176.15
09/08/2023,35123.36
08/08/2023,35314.49
07/08/2023,35473.13
04/08/2023,35065.62
03/08/2023,35215.89
02/08/2023,35282.52
01/08/2023,35630.68
31/07/2023,35559.53
28/07/2023,35459.29
27/07/2023,35282.72
26/07/2023,35520.12
25/07/2023,35438.07
24/07/2023,35411.24
21/07/2023,35227.69
20/07/2023,35225.18
19/07/2023,35061.21
18/07/2023,34951.93
17/07/2023,34585.35
14/07/2023,34509.03
13/07/2023,34395.14
12/07/2023,34347.43
11/07/2023,34261.42
10/07/2023,33944.4
07/07/2023,33734.88
06/07/2023,33922.26
05/07/2023,34288.64
03/07/2023,34418.47
30/06/2023,34407.6
29/06/2023,34122.42
28/06/2023,33852.66
27/06/2023,33926.74
26/06/2023,33714.71
23/06/2023,33727.43
22/06/2023,33946.71
21/06/2023,33951.52
20/06/2023,34053.87
16/06/2023,34299.12
15/06/2023,34408.06
14/06/2023,33979.33
13/06/2023,34212.12
12/06/2023,34066.33
09/06/2023,33876.78
08/06/2023,33833.61
07/06/2023,33665.02
06/06/2023,33573.28
05/06/2023,33562.86
02/06/2023,33762.76
01/06/2023,33061.57
31/05/2023,32908.27
30/05/2023,33042.78
26/05/2023,33093.34
25/05/2023,32764.65
24/05/2023,32799.92
23/05/2023,33055.51
22/05/2023,33286.58
19/05/2023,33426.63
18/05/2023,33535.91
17/05/2023,33420.77
16/05/2023,33012.14
15/05/2023,33348.6
12/05/2023,33300.62
11/05/2023,33309.51
10/05/2023,33531.33
09/05/2023,33561.81
08/05/2023,33618.69
05/05/2023,33674.38
04/05/2023,33127.74
03/05/2023,33414.24
02/05/2023,33684.53
01/05/2023,34051.7
28/04/2023,34098.16
27/04/2023,33826.16
26/04/2023,33301.87
25/04/2023,33530.83
24/04/2023,33875.4
21/04/2023,33808.96
20/04/2023,33786.62
19/04/2023,33897.01
18/04/2023,33976.63
17/04/2023,33987.18
14/04/2023,33886.47
13/04/2023,34029.69
12/04/2023,33646.5
11/04/2023,33684.79
10/04/2023,33586.52
06/04/2023,33485.29
05/04/2023,33482.72
04/04/2023,33402.38
03/04/2023,33601.15
31/03/2023,33274.15
30/03/2023,32859.03
29/03/2023,32717.6
28/03/2023,32394.25
27/03/2023,32432.08
24/03/2023,32237.53
23/03/2023,32105.25
22/03/2023,32030.11
21/03/2023,32560.6
20/03/2023,32244.58
17/03/2023,31861.98
16/03/2023,32246.55
15/03/2023,31874.57
14/03/2023,32155.4
13/03/2023,31819.14
10/03/2023,31909.64
09/03/2023,32254.86
08/03/2023,32798.4
07/03/2023,32856.46
06/03/2023,33431.44
03/03/2023,33390.97
02/03/2023,33003.57
01/03/2023,32661.84
28/02/2023,32656.7
27/02/2023,32889.09
24/02/2023,32816.92
23/02/2023,33153.91
22/02/2023,33045.09
21/02/2023,33129.59
17/02/2023,33826.69
16/02/2023,33696.85
15/02/2023,34128.05
14/02/2023,34089.27
13/02/2023,34245.93
10/02/2023,33869.27
09/02/2023,33699.88
08/02/2023,33949.01
07/02/2023,34156.69
06/02/2023,33891.02
03/02/2023,33926.01
02/02/2023,34053.94
01/02/2023,34092.96
31/01/2023,34086.04
30/01/2023,33717.68
27/01/2023,33977.55
26/01/2023,33948.29
25/01/2023,33743.71
24/01/2023,33733.5
23/01/2023,33628.84
20/01/2023,33374.37
19/01/2023,33044.17
18/01/2023,33296.63
17/01/2023,33911.22
13/01/2023,34302.81
12/01/2023,36245.5
11/01/2023,33274.58
10/01/2023,33705.55
09/01/2023,34838.01
08/01/2023,35630.68
06/01/2023,33061.57
05/01/2023,34051.7
04/01/2023,33269.57
03/01/2023,32661.84
02/01/2023,34092.96
30/12/2022,33147.28
29/12/2022,33221.06
28/12/2022,32875.01
27/12/2022,33241.69
23/12/2022,33204.26
22/12/2022,33028.22
21/12/2022,33376.48
20/12/2022,32850.01
19/12/2022,32756.61
16/12/2022,32920.0
15/12/2022,33202.81
14/12/2022,33965.69
13/12/2022,34110.69
12/12/2022,34004.81
09/12/2022,33475.6
08/12/2022,33780.16
07/12/2022,33596.87
06/12/2022,33596.51
05/12/2022,33946.51
02/12/2022,34428.95
01/12/2022,34396.53
30/11/2022,34587.46
29/11/2022,33850.48
28/11/2022,33849.66
25/11/2022,34346.83
23/11/2022,34195.11
22/11/2022,34098.03
21/11/2022,33700.87
18/11/2022,33747.14
17/11/2022,33547.37
16/11/2022,33556.6
15/11/2022,33594.17
14/11/2022,33537.16
11/11/2022,33749.18
10/11/2022,33712.21
09/11/2022,32514.27
08/11/2022,33162.28
07/11/2022,32829.18
04/11/2022,32404.8
03/11/2022,31999.34
02/11/2022,32146.77
01/11/2022,32650.83
31/10/2022,32734.4
28/10/2022,32861.34
27/10/2022,32037.83
26/10/2022,31840.1
25/10/2022,31837.2
24/10/2022,31500.61
21/10/2022,31083.02
20/10/2022,30332.8
19/10/2022,30425.26
18/10/2022,30527.49
17/10/2022,30188.79
14/10/2022,29643.67
13/10/2022,30038.06
12/10/2022,29210.52
11/10/2022,29238.66
10/10/2022,29202.94
07/10/2022,29297.25
06/10/2022,29926.47
05/10/2022,30274.8
04/10/2022,30316.98
03/10/2022,29490.03
30/09/2022,28730.12
29/09/2022,29227.59
28/09/2022,29681.76
27/09/2022,29136.9
26/09/2022,29264.5
23/09/2022,29592.85
22/09/2022,30076.09
21/09/2022,30183.71
20/09/2022,30707.08
19/09/2022,31019.82
16/09/2022,30821.5
15/09/2022,30962.02
14/09/2022,31135.09
13/09/2022,31104.9
12/09/2022,32383.18
09/09/2022,32151.71
08/09/2022,31773.8
07/09/2022,31581.65
06/09/2022,31148.07
02/09/2022,31318.84
01/09/2022,31657.14
31/08/2022,31511.09
30/08/2022,31790.74
29/08/2022,32099.65
26/08/2022,32282.8
25/08/2022,33293.66
24/08/2022,32970.71
23/08/2022,32908.99
22/08/2022,33065.52
19/08/2022,33706.15
18/08/2022,34000.95
17/08/2022,33980.72
16/08/2022,34152.04
15/08/2022,33912.63
12/08/2022,33761.11
11/08/2022,33337.13
10/08/2022,33309.45
09/08/2022,32776.25
08/08/2022,32831.92
05/08/2022,32801.51
04/08/2022,32727.19
03/08/2022,32812.0
02/08/2022,32396.76
01/08/2022,32799.18
29/07/2022,32846.45
28/07/2022,32526.86
27/07/2022,32196.0
26/07/2022,31760.85
25/07/2022,31990.0
22/07/2022,31900.61
21/07/2022,32036.77
20/07/2022,31878.2
19/07/2022,31824.71
18/07/2022,31071.75
15/07/2022,31286.02
14/07/2022,30630.01
13/07/2022,30771.54
12/07/2022,30985.02
11/07/2022,31175.52
08/07/2022,31339.2
07/07/2022,31383.89
06/07/2022,31037.22
05/07/2022,30967.45
01/07/2022,31097.46
30/06/2022,30779.71
29/06/2022,31027.92
28/06/2022,30947.78
27/06/2022,31439.58
24/06/2022,31503.71
23/06/2022,30678.15
22/06/2022,30481.88
21/06/2022,30531.77
17/06/2022,29885.08
16/06/2022,29929.31
15/06/2022,30668.27
14/06/2022,30365.95
13/06/2022,30518.06
10/06/2022,31392.36
09/06/2022,32271.8
08/06/2022,32910.38
07/06/2022,33179.81
06/06/2022,32914.2
03/06/2022,32898.91
02/06/2022,33248.02
01/06/2022,32813.1
31/05/2022,32991.97
27/05/2022,33213.55
26/05/2022,32638.44
25/05/2022,32121.53
24/05/2022,31931.06
23/05/2022,31880.64
20/05/2022,31260.58
19/05/2022,31253.26
18/05/2022,31493.56
17/05/2022,32655.05
16/05/2022,32224.01
13/05/2022,32195.94
12/05/2022,31730.04
11/05/2022,31834.37
10/05/2022,32160.74
09/05/2022,32245.7
06/05/2022,32899.37
05/05/2022,32997.97
04/05/2022,34061.06
03/05/2022,33128.79
02/05/2022,33061.5
29/04/2022,32977.21
28/04/2022,33916.39
27/04/2022,33301.93
26/04/2022,33240.18
25/04/2022,34049.46
22/04/2022,33811.4
21/04/2022,34792.76
20/04/2022,35160.79
19/04/2022,34911.2
18/04/2022,34411.69
14/04/2022,34451.23
13/04/2022,34564.59
12/04/2022,34220.36
11/04/2022,34308.08
08/04/2022,34721.12
07/04/2022,34583.57
06/04/2022,34496.51
05/04/2022,34641.18
04/04/2022,34921.88
01/04/2022,34818.27
31/03/2022,34678.35
30/03/2022,35228.81
29/03/2022,35294.19
28/03/2022,34955.89
25/03/2022,34861.24
24/03/2022,34707.94
23/03/2022,34358.5
22/03/2022,34807.46
21/03/2022,34552.99
18/03/2022,34754.93
17/03/2022,34480.76
16/03/2022,34063.1
15/03/2022,33544.34
14/03/2022,32945.24
11/03/2022,32944.19
10/03/2022,33174.07
09/03/2022,33286.25
08/03/2022,32632.64
07/03/2022,32817.38
04/03/2022,33614.8
03/03/2022,33794.66
02/03/2022,33891.35
01/03/2022,33294.95
28/02/2022,33892.6
25/02/2022,34058.75
24/02/2022,33223.83
23/02/2022,33131.76
22/02/2022,33596.61
18/02/2022,34079.18
17/02/2022,34312.03
16/02/2022,34934.27
15/02/2022,34988.84
14/02/2022,34566.17
11/02/2022,34738.06
10/02/2022,35241.59
09/02/2022,35768.06
08/02/2022,35462.78
07/02/2022,35091.13
04/02/2022,35089.74
03/02/2022,35111.16
02/02/2022,35629.33
01/02/2022,35405.24
31/01/2022,35131.86
28/01/2022,34725.47
27/01/2022,34160.78
26/01/2022,34168.09
25/01/2022,34297.73
24/01/2022,34364.5
21/01/2022,34265.37
20/01/2022,34715.39
19/01/2022,35028.65
18/01/2022,35368.47
14/01/2022,35911.81
13/01/2022,36113.62
12/01/2022,36290.32
11/01/2022,36252.02
10/01/2022,36068.87
07/01/2022,36231.66
06/01/2022,36236.47
05/01/2022,36407.11
04/01/2022,36799.65
03/01/2022,36585.06
31/12/2021,36338.3
30/12/2021,36398.08
29/12/2021,36488.63
28/12/2021,36398.21
27/12/2021,36302.38
23/12/2021,35950.56
22/12/2021,35753.89
21/12/2021,35492.7
20/12/2021,34932.16
17/12/2021,35365.44
16/12/2021,35897.64
15/12/2021,35927.43
14/12/2021,35544.18
13/12/2021,35650.95
10/12/2021,35970.99
09/12/2021,35754.69
08/12/2021,35754.75
07/12/2021,35719.43
06/12/2021,35227.03
03/12/2021,34580.08
02/12/2021,34639.79
01/12/2021,34022.04
30/11/2021,34483.72
29/11/2021,35135.94
26/11/2021,34899.34
24/11/2021,35804.38
23/11/2021,35813.8
22/11/2021,35619.25
19/11/2021,35601.98
18/11/2021,35870.95
17/11/2021,35931.05
16/11/2021,36142.22
15/11/2021,36087.45
12/11/2021,36100.31
11/11/2021,35921.23
10/11/2021,36079.94
09/11/2021,36319.98
08/11/2021,36432.22
05/11/2021,36327.95
04/11/2021,36124.23
03/11/2021,36157.58
02/11/2021,36052.63
01/11/2021,35913.84
29/10/2021,35819.56
28/10/2021,35730.48
27/10/2021,35490.69
26/10/2021,35756.88
25/10/2021,35741.15
22/10/2021,35677.02
21/10/2021,35603.08
20/10/2021,35609.34
19/10/2021,35457.31
18/10/2021,35258.61
15/10/2021,35294.76
14/10/2021,34912.56
13/10/2021,34377.81
12/10/2021,34378.34
11/10/2021,34496.06
08/10/2021,34746.25
07/10/2021,34754.94
06/10/2021,34416.99
05/10/2021,34314.67
04/10/2021,34002.92
01/10/2021,34326.46
30/09/2021,33843.92
29/09/2021,34390.72
28/09/2021,34299.99
27/09/2021,34869.37
24/09/2021,34798.0
23/09/2021,34764.82
22/09/2021,34258.32
21/09/2021,33919.84
20/09/2021,33970.47
17/09/2021,34584.88
16/09/2021,34751.32
15/09/2021,34814.39
14/09/2021,34577.57
13/09/2021,34869.63
10/09/2021,34607.72
09/09/2021,34879.38
08/09/2021,35031.07
07/09/2021,35100.0
03/09/2021,35369.09
02/09/2021,35443.82
01/09/2021,35312.53
31/08/2021,35360.73
30/08/2021,35399.84
27/08/2021,35455.8
26/08/2021,35213.12
25/08/2021,35405.5
24/08/2021,35366.26
23/08/2021,35335.71
20/08/2021,35120.08
19/08/2021,34894.12
18/08/2021,34960.69
17/08/2021,35343.28
16/08/2021,35625.4
13/08/2021,35515.38
12/08/2021,35499.85
11/08/2021,35484.97
10/08/2021,35264.67
09/08/2021,35101.85
06/08/2021,35208.51
05/08/2021,35064.25
04/08/2021,34792.67
03/08/2021,35116.4
02/08/2021,34838.16
30/07/2021,34935.47
29/07/2021,35084.53
28/07/2021,34930.93
27/07/2021,35058.52
26/07/2021,35144.31
23/07/2021,35061.55
22/07/2021,34823.35
21/07/2021,34798.0
20/07/2021,34511.99
19/07/2021,33962.04
16/07/2021,34687.85
15/07/2021,34987.02
14/07/2021,34933.23
13/07/2021,34888.79
12/07/2021,34996.18
09/07/2021,34870.16
08/07/2021,34421.93
07/07/2021,34681.79
06/07/2021,34577.37
02/07/2021,34786.35
01/07/2021,34633.53
30/06/2021,34502.51
29/06/2021,34292.29
28/06/2021,34283.27
25/06/2021,34433.84
24/06/2021,34196.82
23/06/2021,33874.24
22/06/2021,33945.58
21/06/2021,33876.97
18/06/2021,33290.08
17/06/2021,33823.45
16/06/2021,34033.67
15/06/2021,34299.33
14/06/2021,34393.75
11/06/2021,34479.6
10/06/2021,34466.24
09/06/2021,34447.14
08/06/2021,34599.82
07/06/2021,34630.24
04/06/2021,34756.39
03/06/2021,34577.04
02/06/2021,34600.38
01/06/2021,34575.31
28/05/2021,34529.45
27/05/2021,34464.64
26/05/2021,34323.05
25/05/2021,34312.46
24/05/2021,34393.98
21/05/2021,34207.84
20/05/2021,34084.15
19/05/2021,33896.04
18/05/2021,34060.66
17/05/2021,34327.79
14/05/2021,34382.13
13/05/2021,34021.45
12/05/2021,33587.66
11/05/2021,34269.16
10/05/2021,34742.82
07/05/2021,34777.76
06/05/2021,34548.53
05/05/2021,34230.34
04/05/2021,34133.03
03/05/2021,34113.23
30/04/2021,33874.85
29/04/2021,34060.36
28/04/2021,33820.38
27/04/2021,33984.93
26/04/2021,33981.57
23/04/2021,34043.49
22/04/2021,33815.9
21/04/2021,34137.31
20/04/2021,33821.3
19/04/2021,34077.63
16/04/2021,34200.67
15/04/2021,34035.99
14/04/2021,33730.89
13/04/2021,33677.27
12/04/2021,33745.4
09/04/2021,33800.6
08/04/2021,33503.57
07/04/2021,33446.26
06/04/2021,33430.24
05/04/2021,33527.19
01/04/2021,33153.21
31/03/2021,32981.55
30/03/2021,33066.96
29/03/2021,33171.37
26/03/2021,33072.88
25/03/2021,32619.48
24/03/2021,32420.06
23/03/2021,32423.15
22/03/2021,32731.2
19/03/2021,32627.97
18/03/2021,32862.3
17/03/2021,33015.37
16/03/2021,32825.95
15/03/2021,32953.46
12/03/2021,32778.64
11/03/2021,32485.59
10/03/2021,32297.02
09/03/2021,31832.74
08/03/2021,31802.44
05/03/2021,31496.3
04/03/2021,30924.14
03/03/2021,31270.09
02/03/2021,31391.52
01/03/2021,31535.51
26/02/2021,30932.37
25/02/2021,31402.01
24/02/2021,31961.86
23/02/2021,31537.35
22/02/2021,31521.69
19/02/2021,31494.32
18/02/2021,31493.34
17/02/2021,31613.02
16/02/2021,31522.75
12/02/2021,31458.4
11/02/2021,31430.7
10/02/2021,31437.8
09/02/2021,31375.83
08/02/2021,31385.76
05/02/2021,31148.24
04/02/2021,31055.86
03/02/2021,30723.6
02/02/2021,30687.48
01/02/2021,30211.91
29/01/2021,29982.62
28/01/2021,30603.36
27/01/2021,30303.17
26/01/2021,30937.04
25/01/2021,30960.0
22/01/2021,30996.98
21/01/2021,31176.01
20/01/2021,31188.38
19/01/2021,30930.52
15/01/2021,30814.26
14/01/2021,30991.52
13/01/2021,31060.47
12/01/2021,31068.69
11/01/2021,31008.69
08/01/2021,31097.97
07/01/2021,31041.13
06/01/2021,30829.4
05/01/2021,30391.6
04/01/2021,30223.89
31/12/2020,30606.48
30/12/2020,30409.56
29/12/2020,30335.67
28/12/2020,30403.97
24/12/2020,30199.87
23/12/2020,30129.83
22/12/2020,30015.51
21/12/2020,30216.45
18/12/2020,30179.05
17/12/2020,30303.37
16/12/2020,30154.54
15/12/2020,30199.31
14/12/2020,29861.55
11/12/2020,30046.37
10/12/2020,29999.26
09/12/2020,30068.81
08/12/2020,30173.88
07/12/2020,30069.79
04/12/2020,30218.26
03/12/2020,29969.52
02/12/2020,29883.79
01/12/2020,29823.92
30/11/2020,29638.64
27/11/2020,29910.37
25/11/2020,29872.47
24/11/2020,30046.24
23/11/2020,29591.27
20/11/2020,29263.48
19/11/2020,29483.23
18/11/2020,29438.42
17/11/2020,29783.35
16/11/2020,29950.44
13/11/2020,29479.81
12/11/2020,29080.17
11/11/2020,29397.63
10/11/2020,29420.92
09/11/2020,29157.97
06/11/2020,28323.4
05/11/2020,28390.18
04/11/2020,27847.66
03/11/2020,27480.03
02/11/2020,26925.05
30/10/2020,26501.6
29/10/2020,26659.11
28/10/2020,26519.95
27/10/2020,27463.19
26/10/2020,27685.38
23/10/2020,28335.57
22/10/2020,28363.66
21/10/2020,28210.82
20/10/2020,28308.79
19/10/2020,28195.42
16/10/2020,28606.31
15/10/2020,28494.2
14/10/2020,28514.0
13/10/2020,28679.81
12/10/2020,28837.52
09/10/2020,28586.9
08/10/2020,28425.51
07/10/2020,28303.46
06/10/2020,27772.76
05/10/2020,28148.64
02/10/2020,27682.81
01/10/2020,27816.9
30/09/2020,27781.7
29/09/2020,27452.66
28/09/2020,27584.06
25/09/2020,27173.96
24/09/2020,26815.44
23/09/2020,26763.13
22/09/2020,27288.18
21/09/2020,27147.7
18/09/2020,27657.42
17/09/2020,27901.98
16/09/2020,28032.38
15/09/2020,27995.6
14/09/2020,27993.33
11/09/2020,27665.64
10/09/2020,27534.58
09/09/2020,27940.47
08/09/2020,27500.89
04/09/2020,28133.31
03/09/2020,28292.73
02/09/2020,29100.5
01/09/2020,28645.66
31/08/2020,28430.05
28/08/2020,28653.87
27/08/2020,28492.27
26/08/2020,28331.92
25/08/2020,28248.44
24/08/2020,28308.46
21/08/2020,27930.33
20/08/2020,27739.73
19/08/2020,27692.88
18/08/2020,27778.07
17/08/2020,27844.91
14/08/2020,27931.02
13/08/2020,27896.72
12/08/2020,27976.84
11/08/2020,27686.91
10/08/2020,27791.44
07/08/2020,27433.48
06/08/2020,27386.98
05/08/2020,27201.52
04/08/2020,26828.47
03/08/2020,26664.4
31/07/2020,26428.32
30/07/2020,26313.65
29/07/2020,26539.57
28/07/2020,26379.28
27/07/2020,26584.77
24/07/2020,26469.89
23/07/2020,26652.33
22/07/2020,27005.84
21/07/2020,26840.4
20/07/2020,26680.87
17/07/2020,26671.95
16/07/2020,26734.71
15/07/2020,26870.1
14/07/2020,26642.59
13/07/2020,26085.8
10/07/2020,26075.3
09/07/2020,25706.09
08/07/2020,26067.28
07/07/2020,25890.18
06/07/2020,26287.03
02/07/2020,25827.36
01/07/2020,25734.97
30/06/2020,25812.88
29/06/2020,25595.8
26/06/2020,25015.55
25/06/2020,25745.6
24/06/2020,25445.94
23/06/2020,26156.1
22/06/2020,26024.96
19/06/2020,25871.46
18/06/2020,26080.1
17/06/2020,26119.61
16/06/2020,26289.98
15/06/2020,25763.16
12/06/2020,25605.54
11/06/2020,25128.17
10/06/2020,26989.99
09/06/2020,27272.3
08/06/2020,27572.44
05/06/2020,27110.98
04/06/2020,26281.82
03/06/2020,26269.89
02/06/2020,25742.65
01/06/2020,25475.02
29/05/2020,25383.11
28/05/2020,25400.64
27/05/2020,25548.27
26/05/2020,24995.11
22/05/2020,24465.16
21/05/2020,24474.12
20/05/2020,24575.9
19/05/2020,24206.86
18/05/2020,24597.37
15/05/2020,23685.42
14/05/2020,23625.34
13/05/2020,23247.97
12/05/2020,23764.78
11/05/2020,24221.99
08/05/2020,24331.32
07/05/2020,23875.89
06/05/2020,23664.64
05/05/2020,23883.09
04/05/2020,23749.76
01/05/2020,23723.69
30/04/2020,24345.72
29/04/2020,24633.86
28/04/2020,24101.55
27/04/2020,24133.78
24/04/2020,23775.27
23/04/2020,23515.26
22/04/2020,23475.82
21/04/2020,23018.88
20/04/2020,23650.44
17/04/2020,24242.49
16/04/2020,23537.68
15/04/2020,23504.35
14/04/2020,23949.76
13/04/2020,23390.77
09/04/2020,23719.37
08/04/2020,23433.57
07/04/2020,22653.86
06/04/2020,22679.99
03/04/2020,21052.53
02/04/2020,21413.44
01/04/2020,20943.51
31/03/2020,21917.16
30/03/2020,22327.48
27/03/2020,21636.78
26/03/2020,22552.17
25/03/2020,21200.55
24/03/2020,20704.91
23/03/2020,18591.93
20/03/2020,19173.98
19/03/2020,20087.19
18/03/2020,19898.92
17/03/2020,21237.38
16/03/2020,20188.52
13/03/2020,23185.62
12/03/2020,21200.62
11/03/2020,23553.22
10/03/2020,25018.16
09/03/2020,23851.02
06/03/2020,25864.78
05/03/2020,26121.28
04/03/2020,27090.86
03/03/2020,25917.41
02/03/2020,26703.32
28/02/2020,25409.36
27/02/2020,25766.64
26/02/2020,26957.59
25/02/2020,27081.36
24/02/2020,27960.8
21/02/2020,28992.41
20/02/2020,29219.98
19/02/2020,29348.03
18/02/2020,29232.19
14/02/2020,29398.08
13/02/2020,29423.31
12/02/2020,29551.42
11/02/2020,29276.34
10/02/2020,29276.82
07/02/2020,29102.51
06/02/2020,29379.77
05/02/2020,29290.85
04/02/2020,28807.63
03/02/2020,28399.81
31/01/2020,28256.03
30/01/2020,28859.44
29/01/2020,28734.45
28/01/2020,28722.85
27/01/2020,28535.8
24/01/2020,28989.73
23/01/2020,29160.09
22/01/2020,29186.27
21/01/2020,29196.04
17/01/2020,29348.1
16/01/2020,29297.64
15/01/2020,29030.22
14/01/2020,28939.67
13/01/2020,28907.05
10/01/2020,28823.77
09/01/2020,28956.9
08/01/2020,28745.09
07/01/2020,28583.68
06/01/2020,28703.38
03/01/2020,28634.88
02/01/2020,28868.8
31/12/2019,28538.44
30/12/2019,28462.14
27/12/2019,28645.26
26/12/2019,28621.39
24/12/2019,28515.45
23/12/2019,28551.53
20/12/2019,28455.09
19/12/2019,28376.96
18/12/2019,28239.28
17/12/2019,28267.16
16/12/2019,28235.89
13/12/2019,28135.38
12/12/2019,28132.05
11/12/2019,27911.3
10/12/2019,27881.72
09/12/2019,27909.6
06/12/2019,28015.06
05/12/2019,27677.79
04/12/2019,27649.78
03/12/2019,27502.81
02/12/2019,27783.04
29/11/2019,28051.41
27/11/2019,28164.0
26/11/2019,28121.68
25/11/2019,28066.47
22/11/2019,27875.62
21/11/2019,27766.29
20/11/2019,27821.09
19/11/2019,27934.02
18/11/2019,28036.22
15/11/2019,28004.89
14/11/2019,27781.96
13/11/2019,27783.59
12/11/2019,27691.49
11/11/2019,27691.49
08/11/2019,27681.24
07/11/2019,27674.8
06/11/2019,27492.56
05/11/2019,27492.63
04/11/2019,27462.11
01/11/2019,27347.36
31/10/2019,27046.23
30/10/2019,27186.69
29/10/2019,27071.42
28/10/2019,27090.72
25/10/2019,26958.06
24/10/2019,26805.53
23/10/2019,26833.95
22/10/2019,26788.1
21/10/2019,26827.64
18/10/2019,26770.2
17/10/2019,27025.88
16/10/2019,27001.98
15/10/2019,27024.8
14/10/2019,26787.36
11/10/2019,26816.59
10/10/2019,26496.67
09/10/2019,26346.01
08/10/2019,26164.04
07/10/2019,26478.02
04/10/2019,26573.72
03/10/2019,26201.04
02/10/2019,26078.62
01/10/2019,26573.04
30/09/2019,26916.83
27/09/2019,26820.25
26/09/2019,26891.12
25/09/2019,26970.71
24/09/2019,26807.77
23/09/2019,26949.99
20/09/2019,26935.07
19/09/2019,27094.79
18/09/2019,27147.08
17/09/2019,27110.8
16/09/2019,27076.82
13/09/2019,27219.52
12/09/2019,27182.45
11/09/2019,27137.04
10/09/2019,26909.43
09/09/2019,26835.51
06/09/2019,26797.46
05/09/2019,26728.15
04/09/2019,26355.47
03/09/2019,26118.02
30/08/2019,26403.28
29/08/2019,26362.25
28/08/2019,26036.1
27/08/2019,25777.9
26/08/2019,25898.83
23/08/2019,25628.9
22/08/2019,26252.24
21/08/2019,26202.73
20/08/2019,25962.44
19/08/2019,26135.79
16/08/2019,25886.01
15/08/2019,25579.39
14/08/2019,25479.42
13/08/2019,26279.91
12/08/2019,25907.37
09/08/2019,26287.44
08/08/2019,26378.19
07/08/2019,26007.07
06/08/2019,26029.52
05/08/2019,25717.74
02/08/2019,26485.01
01/08/2019,26583.42
31/07/2019,26864.27
30/07/2019,27198.02
29/07/2019,27221.35
26/07/2019,27192.45
25/07/2019,27140.98
24/07/2019,27269.97
23/07/2019,27349.19
22/07/2019,27171.9
19/07/2019,27154.2
18/07/2019,27222.97
17/07/2019,27219.85
16/07/2019,27335.63
15/07/2019,27359.16
12/07/2019,27332.03
11/07/2019,27088.08
10/07/2019,26860.2
09/07/2019,26783.49
08/07/2019,26806.14
05/07/2019,26922.12
03/07/2019,26966.0
02/07/2019,26786.68
01/07/2019,26717.43
28/06/2019,26599.96
27/06/2019,26526.58
26/06/2019,26536.82
25/06/2019,26548.22
24/06/2019,26727.54
21/06/2019,26719.13
20/06/2019,26753.17
19/06/2019,26504.0
18/06/2019,26465.54
17/06/2019,26112.53
14/06/2019,26089.61
13/06/2019,26106.77
12/06/2019,26004.83
11/06/2019,26048.51
10/06/2019,26062.68
07/06/2019,25983.94
06/06/2019,25720.66
05/06/2019,25539.57
04/06/2019,25332.18
03/06/2019,24819.78
31/05/2019,24815.04
30/05/2019,25169.88
29/05/2019,25126.41
28/05/2019,25347.77
24/05/2019,25585.69
23/05/2019,25490.47
22/05/2019,25776.61
21/05/2019,25877.33
20/05/2019,25679.9
17/05/2019,25764.0
16/05/2019,25862.68
15/05/2019,25648.02
14/05/2019,25532.05
13/05/2019,25324.99
10/05/2019,25942.37
09/05/2019,25828.36
08/05/2019,25967.33
07/05/2019,25965.09
06/05/2019,26438.48
03/05/2019,26504.95
02/05/2019,26307.79
01/05/2019,26430.14
30/04/2019,26592.91
29/04/2019,26554.39
26/04/2019,26543.33
25/04/2019,26462.08
24/04/2019,26597.05
23/04/2019,26656.39
22/04/2019,26511.05
18/04/2019,26559.54
17/04/2019,26449.54
16/04/2019,26452.66
15/04/2019,26384.77
12/04/2019,26412.3
11/04/2019,26143.05
10/04/2019,26157.16
09/04/2019,26150.58
08/04/2019,26341.02
05/04/2019,26424.99
04/04/2019,26384.63
03/04/2019,26218.13
02/04/2019,26179.13
01/04/2019,26258.42
29/03/2019,25928.68
28/03/2019,25717.46
27/03/2019,25625.59
26/03/2019,25657.73
25/03/2019,25516.83
22/03/2019,25502.32
21/03/2019,25962.51
20/03/2019,25745.67
19/03/2019,25887.38
18/03/2019,25914.1
15/03/2019,25848.87
14/03/2019,25709.94
13/03/2019,25702.89
12/03/2019,25554.66
11/03/2019,25650.88
08/03/2019,25450.24
07/03/2019,25473.23
06/03/2019,25673.46
05/03/2019,25806.63
04/03/2019,25819.65
01/03/2019,26026.32
28/02/2019,25916.0
27/02/2019,25985.16
26/02/2019,26057.98
25/02/2019,26091.95
22/02/2019,26031.81
21/02/2019,25850.63
20/02/2019,25954.44
19/02/2019,25891.32
15/02/2019,25883.25
14/02/2019,25439.39
13/02/2019,25543.27
12/02/2019,25425.76
11/02/2019,25053.11
08/02/2019,25106.33
07/02/2019,25169.53
06/02/2019,25390.3
05/02/2019,25411.52
04/02/2019,25239.37
01/02/2019,25063.89
31/01/2019,24999.67
30/01/2019,25014.86
29/01/2019,24579.96
28/01/2019,24528.22
25/01/2019,24737.2
24/01/2019,24553.24
23/01/2019,24575.62
22/01/2019,24404.48
18/01/2019,24706.35
17/01/2019,24370.1
16/01/2019,24207.16
15/01/2019,24065.59
14/01/2019,23909.84
11/01/2019,23995.95
10/01/2019,24001.92
09/01/2019,23879.12
08/01/2019,23787.45
07/01/2019,23531.35
04/01/2019,23433.16
03/01/2019,22686.22
02/01/2019,23346.24
31/12/2018,23327.46
28/12/2018,23062.4
27/12/2018,23138.82
26/12/2018,22878.45
24/12/2018,21792.2
21/12/2018,22445.37
20/12/2018,22859.6
19/12/2018,23323.66
18/12/2018,23675.64
17/12/2018,23592.98
14/12/2018,24100.51
13/12/2018,24597.38
12/12/2018,24527.27
11/12/2018,24370.24
10/12/2018,24423.26
07/12/2018,24388.95
06/12/2018,24947.67
04/12/2018,25027.07
03/12/2018,25826.43
30/11/2018,25538.46
29/11/2018,25338.84
28/11/2018,25366.43
27/11/2018,24748.73
26/11/2018,24640.24
23/11/2018,24285.95
21/11/2018,24464.69
20/11/2018,24465.64
19/11/2018,25017.44
16/11/2018,25413.22
15/11/2018,25289.27
14/11/2018,25080.5
13/11/2018,25286.49
12/11/2018,25387.18
09/11/2018,25989.3
08/11/2018,26191.22
07/11/2018,26180.3
06/11/2018,25635.01
05/11/2018,25461.7
02/11/2018,25270.83
01/11/2018,25380.74
31/10/2018,25115.76
30/10/2018,24874.64
29/10/2018,24442.92
26/10/2018,24688.31
25/10/2018,24984.55
24/10/2018,24583.42
23/10/2018,25191.43
22/10/2018,25317.41
19/10/2018,25444.34
18/10/2018,25379.45
17/10/2018,25706.68
16/10/2018,25798.42
15/10/2018,25250.55
12/10/2018,25339.99
11/10/2018,25052.83
10/10/2018,25598.74
09/10/2018,26430.57
08/10/2018,26486.78
05/10/2018,26447.05
04/10/2018,26627.48
03/10/2018,26828.39
02/10/2018,26773.94
01/10/2018,26651.21
28/09/2018,26458.31
27/09/2018,26439.93
26/09/2018,26385.28
25/09/2018,26492.21
24/09/2018,26562.05
21/09/2018,26743.5
20/09/2018,26656.98
19/09/2018,26405.76
18/09/2018,26246.96
17/09/2018,26062.12
14/09/2018,26154.67
13/09/2018,26145.99
12/09/2018,25998.92
11/09/2018,25971.06
10/09/2018,25857.07
07/09/2018,25916.54
06/09/2018,25995.87
05/09/2018,25974.99
04/09/2018,25952.48
31/08/2018,25964.82
30/08/2018,25986.92
29/08/2018,26124.57
28/08/2018,26064.02
27/08/2018,26049.64
24/08/2018,25790.35
23/08/2018,25656.98
22/08/2018,25733.6
21/08/2018,25822.29
20/08/2018,25758.69
17/08/2018,25669.32
16/08/2018,25558.73
15/08/2018,25162.41
14/08/2018,25299.92
13/08/2018,25187.7
10/08/2018,25313.14
09/08/2018,25509.23
08/08/2018,25583.75
07/08/2018,25628.91
06/08/2018,25502.18
03/08/2018,25462.58
02/08/2018,25326.16
01/08/2018,25333.82
31/07/2018,25415.19
30/07/2018,25306.83
27/07/2018,25451.06
26/07/2018,25527.07
25/07/2018,25414.1
24/07/2018,25241.94
23/07/2018,25044.29
20/07/2018,25058.12
19/07/2018,25064.5
18/07/2018,25199.29
17/07/2018,25119.89
16/07/2018,25064.36
13/07/2018,25019.41
12/07/2018,24924.89
11/07/2018,24700.45
10/07/2018,24919.66
09/07/2018,24776.59
06/07/2018,24456.48
05/07/2018,24356.74
03/07/2018,24174.82
02/07/2018,24307.18
29/06/2018,24271.41
28/06/2018,24216.05
27/06/2018,24117.59
26/06/2018,24283.11
25/06/2018,24252.8
22/06/2018,24580.89
21/06/2018,24461.7
20/06/2018,24657.8
19/06/2018,24700.21
18/06/2018,24987.47
15/06/2018,25090.48
14/06/2018,25175.31
13/06/2018,25201.2
12/06/2018,25320.73
11/06/2018,25322.31
08/06/2018,25316.53
07/06/2018,25241.41
06/06/2018,25146.39
05/06/2018,24799.98
04/06/2018,24813.69
01/06/2018,24635.21
31/05/2018,24415.84
30/05/2018,24667.78
29/05/2018,24361.45
25/05/2018,24753.09
24/05/2018,24811.76
23/05/2018,24886.81
22/05/2018,24834.41
21/05/2018,25013.29
18/05/2018,24715.09
17/05/2018,24713.98
16/05/2018,24768.93
15/05/2018,24706.41
14/05/2018,24899.41
11/05/2018,24831.17
10/05/2018,24739.53
09/05/2018,24542.54
08/05/2018,24360.21
07/05/2018,24357.32
04/05/2018,24262.51
03/05/2018,23930.15
02/05/2018,23924.98
01/05/2018,24099.05
30/04/2018,24163.15
27/04/2018,24311.19
26/04/2018,24322.34
25/04/2018,24083.83
24/04/2018,24024.13
23/04/2018,24448.69
20/04/2018,24462.94
19/04/2018,24664.89
18/04/2018,24748.07
17/04/2018,24786.63
16/04/2018,24573.04
13/04/2018,24360.14
12/04/2018,24483.05
11/04/2018,24189.45
10/04/2018,24408.0
09/04/2018,23979.1
06/04/2018,23932.76
05/04/2018,24505.22
04/04/2018,24264.3
03/04/2018,24033.36
02/04/2018,23644.19
29/03/2018,24103.11
28/03/2018,23848.42
27/03/2018,23857.71
26/03/2018,24202.6
23/03/2018,23533.2
22/03/2018,23957.89
21/03/2018,24682.31
20/03/2018,24727.27
19/03/2018,24610.91
16/03/2018,24946.51
15/03/2018,24873.66
14/03/2018,24758.12
13/03/2018,25007.03
12/03/2018,25178.61
09/03/2018,25335.74
08/03/2018,24895.21
07/03/2018,24801.36
06/03/2018,24884.12
05/03/2018,24874.76
02/03/2018,24538.06
01/03/2018,24608.98
28/02/2018,25029.2
27/02/2018,25410.03
26/02/2018,25709.27
23/02/2018,25309.99
22/02/2018,24962.48
21/02/2018,24797.78
20/02/2018,24964.75
16/02/2018,25219.38
15/02/2018,25200.37
14/02/2018,24893.49
13/02/2018,24640.45
12/02/2018,24601.27
09/02/2018,24190.9
08/02/2018,23860.46
07/02/2018,24893.35
06/02/2018,24912.77
05/02/2018,24345.75
02/02/2018,25520.96
01/02/2018,26186.71
31/01/2018,26149.39
30/01/2018,26076.89
29/01/2018,26439.48
26/01/2018,26616.71
25/01/2018,26392.79
24/01/2018,26252.12
23/01/2018,26210.81
22/01/2018,26214.6
19/01/2018,26071.72
18/01/2018,26017.81
17/01/2018,26115.65
16/01/2018,25792.86
12/01/2018,25803.19
11/01/2018,25574.73
10/01/2018,25369.13
09/01/2018,25385.8
08/01/2018,25283.0
05/01/2018,25295.87
04/01/2018,25075.13
03/01/2018,24922.68
02/01/2018,24824.01
29/12/2017,24719.22
28/12/2017,24837.51
27/12/2017,24774.3
26/12/2017,24746.21
22/12/2017,24754.06
21/12/2017,24782.29
20/12/2017,24726.65
19/12/2017,24754.75
18/12/2017,24792.2
15/12/2017,24651.74
14/12/2017,24508.66
13/12/2017,24585.43
12/12/2017,24504.8
11/12/2017,24386.03
08/12/2017,24329.16
07/12/2017,24211.48
06/12/2017,24140.91
05/12/2017,24180.64
04/12/2017,24290.05
01/12/2017,24231.59
30/11/2017,24272.35
29/11/2017,23940.68
28/11/2017,23836.71
27/11/2017,23580.78
24/11/2017,23557.99
22/11/2017,23526.18
21/11/2017,23590.83
20/11/2017,23430.33
17/11/2017,23358.24
16/11/2017,23458.36
15/11/2017,23271.28
14/11/2017,23409.47
13/11/2017,23439.7
10/11/2017,23422.21
09/11/2017,23461.94
08/11/2017,23563.36
07/11/2017,23557.23
06/11/2017,23548.42
03/11/2017,23539.19
02/11/2017,23516.26
01/11/2017,23435.01
31/10/2017,23377.24
30/10/2017,23348.74
27/10/2017,23434.19
26/10/2017,23400.86
25/10/2017,23329.46
24/10/2017,23441.76
23/10/2017,23273.96
20/10/2017,23328.63
19/10/2017,23163.04
18/10/2017,23157.6
17/10/2017,22997.44
16/10/2017,22956.96
13/10/2017,22871.72
12/10/2017,22841.01
11/10/2017,22872.89
10/10/2017,22830.68
09/10/2017,22761.07
06/10/2017,22773.67
05/10/2017,22775.39
04/10/2017,22661.64
03/10/2017,22641.67
02/10/2017,22557.6
29/09/2017,22405.09
28/09/2017,22381.2
27/09/2017,22340.71
26/09/2017,22284.32
25/09/2017,22296.09
22/09/2017,22349.59
21/09/2017,22359.23
20/09/2017,22412.59
19/09/2017,22370.8
18/09/2017,22331.35
15/09/2017,22268.34
14/09/2017,22203.48
13/09/2017,22158.18
12/09/2017,22118.86
11/09/2017,22057.37
08/09/2017,21797.79
07/09/2017,21784.78
06/09/2017,21807.64
05/09/2017,21753.31
01/09/2017,21987.56
31/08/2017,21948.1
30/08/2017,21892.43
29/08/2017,21865.37
28/08/2017,21808.4
25/08/2017,21813.67
24/08/2017,21783.4
23/08/2017,21812.09
22/08/2017,21899.89
21/08/2017,21703.75
18/08/2017,21674.51
17/08/2017,21750.73
16/08/2017,22024.87
15/08/2017,21998.99
14/08/2017,21993.71
11/08/2017,21858.32
10/08/2017,21844.01
09/08/2017,22048.7
08/08/2017,22085.34
07/08/2017,22118.42
04/08/2017,22092.81
03/08/2017,22026.1
02/08/2017,22016.24
01/08/2017,21963.92
31/07/2017,21891.12
28/07/2017,21830.31
27/07/2017,21796.55
26/07/2017,21711.01
25/07/2017,21613.43
24/07/2017,21513.17
21/07/2017,21580.07
20/07/2017,21611.78
19/07/2017,21640.75
18/07/2017,21574.73
17/07/2017,21629.72
14/07/2017,21637.74
13/07/2017,21553.09
12/07/2017,21532.14
11/07/2017,21409.07
10/07/2017,21408.52
07/07/2017,21414.34
06/07/2017,21320.04
05/07/2017,21478.17
03/07/2017,21479.27
30/06/2017,21349.63
29/06/2017,21287.03
28/06/2017,21454.61
27/06/2017,21310.66
26/06/2017,21409.55
23/06/2017,21394.76
22/06/2017,21397.29
21/06/2017,21410.03
20/06/2017,21467.14
19/06/2017,21528.99
16/06/2017,21384.28
15/06/2017,21359.9
14/06/2017,21374.56
13/06/2017,21328.47
12/06/2017,21235.67
09/06/2017,21271.97
08/06/2017,21182.53
07/06/2017,21173.69
06/06/2017,21136.23
05/06/2017,21184.04
02/06/2017,21206.29
01/06/2017,21144.18
31/05/2017,21008.65
30/05/2017,21029.47
26/05/2017,21080.28
25/05/2017,21082.95
24/05/2017,21012.42
23/05/2017,20937.91
22/05/2017,20894.83
19/05/2017,20804.84
18/05/2017,20663.02
17/05/2017,20606.93
16/05/2017,20979.75
15/05/2017,20981.94
12/05/2017,20896.61
11/05/2017,20919.42
10/05/2017,20943.11
09/05/2017,20975.78
08/05/2017,21012.28
05/05/2017,21006.94
04/05/2017,20951.47
03/05/2017,20957.9
02/05/2017,20949.89
01/05/2017,20913.46
28/04/2017,20940.51
27/04/2017,20981.33
26/04/2017,20975.09
25/04/2017,20996.12
24/04/2017,20763.89
21/04/2017,20547.76
20/04/2017,20578.71
19/04/2017,20404.49
18/04/2017,20523.28
17/04/2017,20636.92
13/04/2017,20453.25
12/04/2017,20591.86
11/04/2017,20651.3
10/04/2017,20658.02
07/04/2017,20656.1
06/04/2017,20662.95
05/04/2017,20648.15
04/04/2017,20689.24
03/04/2017,20650.21
31/03/2017,20663.22
30/03/2017,20728.49
29/03/2017,20659.32
28/03/2017,20701.5
27/03/2017,20550.98
24/03/2017,20596.72
23/03/2017,20656.58
22/03/2017,20661.3
21/03/2017,20668.01
20/03/2017,20905.86
17/03/2017,20914.62
16/03/2017,20934.55
15/03/2017,20950.1
14/03/2017,20837.37
13/03/2017,20881.48
10/03/2017,20902.98
09/03/2017,20858.19
08/03/2017,20855.73
07/03/2017,20924.76
06/03/2017,20954.34
03/03/2017,21005.71
02/03/2017,21002.97
01/03/2017,21115.55
28/02/2017,20812.24
27/02/2017,20837.44
24/02/2017,20821.76
23/02/2017,20810.32
22/02/2017,20775.6
21/02/2017,20743.0
17/02/2017,20624.05
16/02/2017,20619.77
15/02/2017,20611.86
14/02/2017,20504.41
13/02/2017,20412.16
10/02/2017,20269.37
09/02/2017,20172.4
08/02/2017,20054.34
07/02/2017,20090.29
06/02/2017,20052.42
03/02/2017,20071.46
02/02/2017,19884.91
01/02/2017,19890.94
31/01/2017,19864.09
30/01/2017,19971.13
27/01/2017,20093.78
26/01/2017,20100.91
25/01/2017,20068.51
24/01/2017,19912.71
23/01/2017,19799.85
20/01/2017,19827.25
19/01/2017,19732.4
18/01/2017,19804.72
17/01/2017,19826.77
13/01/2017,19885.73
12/01/2017,19891.0
11/01/2017,19954.28
10/01/2017,19855.53
09/01/2017,19887.38
06/01/2017,19963.8
05/01/2017,19899.29
04/01/2017,19942.16
03/01/2017,19881.76
30/12/2016,19762.6
29/12/2016,19819.78
28/12/2016,19833.68
27/12/2016,19945.04
23/12/2016,19933.81
22/12/2016,19918.88
21/12/2016,19941.96
20/12/2016,19974.62
19/12/2016,19883.06
16/12/2016,19843.41
15/12/2016,19852.24
14/12/2016,19792.53
13/12/2016,19911.21
12/12/2016,19796.43
09/12/2016,19756.85
08/12/2016,19614.81
07/12/2016,19549.62
06/12/2016,19251.78
05/12/2016,19216.24
02/12/2016,19170.42
01/12/2016,19191.93
30/11/2016,19123.58
29/11/2016,19121.6
28/11/2016,19097.9
25/11/2016,19152.14
23/11/2016,19083.18
22/11/2016,19023.87
21/11/2016,18956.69
18/11/2016,18867.93
17/11/2016,18903.82
16/11/2016,18868.14
15/11/2016,18923.06
14/11/2016,18868.69
11/11/2016,18847.66
10/11/2016,18807.88
09/11/2016,18589.69
08/11/2016,18332.74
07/11/2016,18259.6
04/11/2016,17888.28
03/11/2016,17930.67
02/11/2016,17959.64
01/11/2016,18037.1
31/10/2016,18142.42
28/10/2016,18161.19
27/10/2016,18169.68
26/10/2016,18199.33
25/10/2016,18169.27
24/10/2016,18223.03
21/10/2016,18145.71
20/10/2016,18162.35
19/10/2016,18202.62
18/10/2016,18161.94
17/10/2016,18086.4
14/10/2016,18138.38
13/10/2016,18098.94
12/10/2016,18144.2
11/10/2016,18128.66
10/10/2016,18329.04
07/10/2016,18240.49
06/10/2016,18268.5
05/10/2016,18281.03
04/10/2016,18168.45
03/10/2016,18253.85
30/09/2016,18308.15
29/09/2016,18143.45
28/09/2016,18339.24
27/09/2016,18228.3
26/09/2016,18094.83
23/09/2016,18261.45
22/09/2016,18392.46
21/09/2016,18293.7
20/09/2016,18129.96
19/09/2016,18120.17
16/09/2016,18123.8
15/09/2016,18212.48
14/09/2016,18034.77
13/09/2016,18066.75
12/09/2016,18325.07
09/09/2016,18085.45
08/09/2016,18479.91
07/09/2016,18526.14
06/09/2016,18538.12
02/09/2016,18491.96
01/09/2016,18419.3
31/08/2016,18400.88
30/08/2016,18454.3
29/08/2016,18502.99
26/08/2016,18395.4
25/08/2016,18448.41
24/08/2016,18481.48
23/08/2016,18547.3
22/08/2016,18529.42
19/08/2016,18552.57
18/08/2016,18597.7
17/08/2016,18573.94
16/08/2016,18552.02
15/08/2016,18636.05
12/08/2016,18576.47
11/08/2016,18613.52
10/08/2016,18495.66
09/08/2016,18533.05
08/08/2016,18529.29
05/08/2016,18543.53
04/08/2016,18352.05
03/08/2016,18355.0
02/08/2016,18313.77
01/08/2016,18404.51
29/07/2016,18432.24
28/07/2016,18456.35
27/07/2016,18472.17
26/07/2016,18473.75
25/07/2016,18493.06
22/07/2016,18570.85
21/07/2016,18517.23
20/07/2016,18595.03
19/07/2016,18559.01
18/07/2016,18533.05
15/07/2016,18516.55
14/07/2016,18506.41
13/07/2016,18372.12
12/07/2016,18347.67
11/07/2016,18226.93
08/07/2016,18146.74
07/07/2016,17895.88
06/07/2016,17918.62
05/07/2016,17840.62
01/07/2016,17949.37
30/06/2016,17929.99
29/06/2016,17694.68
28/06/2016,17409.72
27/06/2016,17140.24
24/06/2016,17400.75
23/06/2016,18011.07
22/06/2016,17780.83
21/06/2016,17829.73
20/06/2016,17804.87
17/06/2016,17675.16
16/06/2016,17733.1
15/06/2016,17640.17
14/06/2016,17674.82
13/06/2016,17732.48
10/06/2016,17865.34
09/06/2016,17985.19
08/06/2016,18005.05
07/06/2016,17938.28
06/06/2016,17920.33
03/06/2016,17807.06
02/06/2016,17838.56
01/06/2016,17789.67
31/05/2016,17787.2
27/05/2016,17873.22
26/05/2016,17828.29
25/05/2016,17851.51
24/05/2016,17706.05
23/05/2016,17492.93
20/05/2016,17500.94
19/05/2016,17435.4
18/05/2016,17526.62
17/05/2016,17529.98
16/05/2016,17710.71
13/05/2016,17535.32
12/05/2016,17720.5
11/05/2016,17711.12
10/05/2016,17928.35
09/05/2016,17705.91
06/05/2016,17740.63
05/05/2016,17660.71
04/05/2016,17651.26
03/05/2016,17750.91
02/05/2016,17891.16
29/04/2016,17773.64
28/04/2016,17830.76
27/04/2016,18041.55
26/04/2016,17990.32
25/04/2016,17977.24
22/04/2016,18003.75
21/04/2016,17982.52
20/04/2016,18096.27
19/04/2016,18053.6
18/04/2016,18004.16
15/04/2016,17897.46
14/04/2016,17926.43
13/04/2016,17908.28
12/04/2016,17721.25
11/04/2016,17556.41
08/04/2016,17576.96
07/04/2016,17541.96
06/04/2016,17716.05
05/04/2016,17603.32
04/04/2016,17737.0
01/04/2016,17792.75
31/03/2016,17685.09
30/03/2016,17716.66
29/03/2016,17633.11
28/03/2016,17535.39
24/03/2016,17515.73
23/03/2016,17502.59
22/03/2016,17582.57
21/03/2016,17623.87
18/03/2016,17602.3
17/03/2016,17481.49
16/03/2016,17325.76
15/03/2016,17251.53
14/03/2016,17229.13
11/03/2016,17213.31
10/03/2016,16995.13
09/03/2016,17000.36
08/03/2016,16964.1
07/03/2016,17073.95
04/03/2016,17006.77
03/03/2016,16943.9
02/03/2016,16899.32
01/03/2016,16865.08
29/02/2016,16516.5
26/02/2016,16639.97
25/02/2016,16697.29
24/02/2016,16484.99
23/02/2016,16431.78
22/02/2016,16620.66
19/02/2016,16391.99
18/02/2016,16413.43
17/02/2016,16453.83
16/02/2016,16196.41
12/02/2016,15973.84
11/02/2016,15660.18
10/02/2016,15914.74
09/02/2016,16014.38
08/02/2016,16027.05
05/02/2016,16204.97
04/02/2016,16416.58
03/02/2016,16336.66
02/02/2016,16153.54
01/02/2016,16449.18
29/01/2016,16466.3
28/01/2016,16069.64
27/01/2016,15944.46
26/01/2016,16167.23
25/01/2016,15885.22
22/01/2016,16093.51
21/01/2016,15882.68
20/01/2016,15766.74
19/01/2016,16016.02
15/01/2016,15988.08
14/01/2016,16379.05
13/01/2016,16151.41
12/01/2016,16516.22
11/01/2016,16398.57
08/01/2016,16346.45
07/01/2016,16514.1
06/01/2016,16906.51
05/01/2016,17158.66
04/01/2016,17148.94
31/12/2015,17425.03
30/12/2015,17603.87
29/12/2015,17720.98
28/12/2015,17528.27
24/12/2015,17552.17
23/12/2015,17602.61
22/12/2015,17417.27
21/12/2015,17251.62
18/12/2015,17128.55
17/12/2015,17495.84
16/12/2015,17749.09
15/12/2015,17524.91
14/12/2015,17368.5
11/12/2015,17265.21
10/12/2015,17574.75
09/12/2015,17492.3
08/12/2015,17568.0
07/12/2015,17730.51
04/12/2015,17847.63
03/12/2015,17477.67
02/12/2015,17729.68
01/12/2015,17888.35
30/11/2015,17719.92
27/11/2015,17798.49
25/11/2015,17813.39
24/11/2015,17812.19
23/11/2015,17792.68
20/11/2015,17823.81
19/11/2015,17732.75
18/11/2015,17737.16
17/11/2015,17489.5
16/11/2015,17483.01
13/11/2015,17245.24
12/11/2015,17448.07
11/11/2015,17702.22
10/11/2015,17758.21
09/11/2015,17730.48
06/11/2015,17910.33
05/11/2015,17863.43
04/11/2015,17867.58
03/11/2015,17918.15
02/11/2015,17828.76
30/10/2015,17663.54
29/10/2015,17755.8
28/10/2015,17779.52
27/10/2015,17581.43
26/10/2015,17623.05
23/10/2015,17646.7
22/10/2015,17489.16
21/10/2015,17168.61
20/10/2015,17217.11
19/10/2015,17230.54
16/10/2015,17215.97
15/10/2015,17141.75
14/10/2015,16924.75
13/10/2015,17081.89
12/10/2015,17131.86
09/10/2015,17084.49
08/10/2015,17050.75
07/10/2015,16912.29
06/10/2015,16790.19
05/10/2015,16776.43
02/10/2015,16472.37
01/10/2015,16272.01
30/09/2015,16284.7
29/09/2015,16049.13
28/09/2015,16001.89
25/09/2015,16314.67
24/09/2015,16201.32
23/09/2015,16279.89
22/09/2015,16330.47
21/09/2015,16510.19
18/09/2015,16384.58
17/09/2015,16674.74
16/09/2015,16739.95
15/09/2015,16599.85
14/09/2015,16370.96
11/09/2015,16433.09
10/09/2015,16330.4
09/09/2015,16253.57
08/09/2015,16492.68
04/09/2015,16102.38
03/09/2015,16374.76
02/09/2015,16351.38
01/09/2015,16058.35
31/08/2015,16528.03
28/08/2015,16643.01
27/08/2015,16654.77
26/08/2015,16285.51
25/08/2015,15666.44
24/08/2015,15871.35
21/08/2015,16459.75
20/08/2015,16990.69
19/08/2015,17348.73
18/08/2015,17511.34
17/08/2015,17545.18
14/08/2015,17477.4
13/08/2015,17408.25
12/08/2015,17402.51
11/08/2015,17402.84
10/08/2015,17615.17
07/08/2015,17373.38
06/08/2015,17419.75
05/08/2015,17540.47
04/08/2015,17550.69
03/08/2015,17598.2
31/07/2015,17689.86
30/07/2015,17745.98
29/07/2015,17751.39
28/07/2015,17630.27
27/07/2015,17440.59
24/07/2015,17568.53
23/07/2015,17731.92
22/07/2015,17851.04
21/07/2015,17919.29
20/07/2015,18100.41
17/07/2015,18086.45
16/07/2015,18120.25
15/07/2015,18050.17
14/07/2015,18053.58
13/07/2015,17977.68
10/07/2015,17760.41
09/07/2015,17548.62
08/07/2015,17515.42
07/07/2015,17776.91
06/07/2015,17683.58
02/07/2015,17730.11
01/07/2015,17757.91
30/06/2015,17619.51
29/06/2015,17596.35
26/06/2015,17946.68
25/06/2015,17890.36
24/06/2015,17966.07
23/06/2015,18144.07
22/06/2015,18119.78
19/06/2015,18015.95
18/06/2015,18115.84
17/06/2015,17935.74
16/06/2015,17904.48
15/06/2015,17791.17
12/06/2015,17898.84
11/06/2015,18039.37
10/06/2015,18000.4
09/06/2015,17764.04
08/06/2015,17766.55
05/06/2015,17849.46
04/06/2015,17905.58
03/06/2015,18076.27
02/06/2015,18011.94
01/06/2015,18040.37
29/05/2015,18010.68
28/05/2015,18126.12
27/05/2015,18162.99
26/05/2015,18041.54
22/05/2015,18232.02
21/05/2015,18285.74
20/05/2015,18285.4
19/05/2015,18312.39
18/05/2015,18298.88
15/05/2015,18272.56
14/05/2015,18252.24
13/05/2015,18060.49
12/05/2015,18068.23
11/05/2015,18105.17
08/05/2015,18191.11
07/05/2015,17924.06
06/05/2015,17841.98
05/05/2015,17928.2
04/05/2015,18070.4
01/05/2015,18024.06
30/04/2015,17840.52
29/04/2015,18035.53
28/04/2015,18110.14
27/04/2015,18037.97
24/04/2015,18080.14
23/04/2015,18058.69
22/04/2015,18038.27
21/04/2015,17949.59
20/04/2015,18034.93
17/04/2015,17826.3
16/04/2015,18105.77
15/04/2015,18112.61
14/04/2015,18036.7
13/04/2015,17977.04
10/04/2015,18057.65
09/04/2015,17958.73
08/04/2015,17902.51
07/04/2015,17875.42
06/04/2015,17880.85
02/04/2015,17763.24
01/04/2015,17698.18
31/03/2015,17776.12
30/03/2015,17976.31
27/03/2015,17712.66
26/03/2015,17678.23
25/03/2015,17718.54
24/03/2015,18011.14
23/03/2015,18116.04
20/03/2015,18127.65
19/03/2015,17959.03
18/03/2015,18076.19
17/03/2015,17849.08
16/03/2015,17977.42
13/03/2015,17749.31
12/03/2015,17895.22
11/03/2015,17635.39
10/03/2015,17662.94
09/03/2015,17995.72
06/03/2015,17856.78
05/03/2015,18135.72
04/03/2015,18096.9
03/03/2015,18203.37
02/03/2015,18288.63
27/02/2015,18132.7
26/02/2015,18214.42
25/02/2015,18224.57
24/02/2015,18209.19
23/02/2015,18116.84
20/02/2015,18140.44
19/02/2015,17985.77
18/02/2015,18029.85
17/02/2015,18047.58
13/02/2015,18019.35
12/02/2015,17972.38
11/02/2015,17862.14
10/02/2015,17868.76
09/02/2015,17729.21
06/02/2015,17824.29
05/02/2015,17884.88
04/02/2015,17673.02
03/02/2015,17666.4
02/02/2015,17361.04
30/01/2015,17164.95
29/01/2015,17416.85
28/01/2015,17191.37
27/01/2015,17387.21
26/01/2015,17678.7
23/01/2015,17672.6
22/01/2015,17813.98
21/01/2015,17554.28
20/01/2015,17515.23
16/01/2015,17511.57
15/01/2015,17320.71
14/01/2015,17427.09
13/01/2015,17613.68
12/01/2015,17640.84
09/01/2015,17737.37
08/01/2015,17907.87
07/01/2015,17584.52
06/01/2015,17371.64
05/01/2015,17501.65
02/01/2015,17832.99
31/12/2014,17823.07
30/12/2014,17983.07
29/12/2014,18038.23
26/12/2014,18053.71
24/12/2014,18030.21
23/12/2014,18024.17
22/12/2014,17959.44
19/12/2014,17804.8
18/12/2014,17778.15
17/12/2014,17356.87
16/12/2014,17068.87
15/12/2014,17180.84
12/12/2014,17280.83
11/12/2014,17596.34
10/12/2014,17533.15
09/12/2014,17801.2
08/12/2014,17852.48
05/12/2014,17958.79
04/12/2014,17900.1
03/12/2014,17912.62
02/12/2014,17879.55
01/12/2014,17776.8
28/11/2014,17828.24
26/11/2014,17827.75
25/11/2014,17814.94
24/11/2014,17817.9
21/11/2014,17810.06
20/11/2014,17719.0
19/11/2014,17685.73
18/11/2014,17687.82
17/11/2014,17647.75
14/11/2014,17634.74
13/11/2014,17652.79
12/11/2014,17612.2
11/11/2014,17614.9
10/11/2014,17613.74
07/11/2014,17573.93
06/11/2014,17554.47
05/11/2014,17484.53
04/11/2014,17383.84
03/11/2014,17366.24
31/10/2014,17390.52
30/10/2014,17195.42
29/10/2014,16974.31
28/10/2014,17005.75
27/10/2014,16817.94
24/10/2014,16805.41
23/10/2014,16677.9
22/10/2014,16461.32
21/10/2014,16614.81
20/10/2014,16399.67
17/10/2014,16380.41
16/10/2014,16117.24
15/10/2014,16141.74
14/10/2014,16315.19
13/10/2014,16321.07
10/10/2014,16544.1
09/10/2014,16659.25
08/10/2014,16994.22
07/10/2014,16719.39
06/10/2014,16991.91
03/10/2014,17009.69
02/10/2014,16801.05
01/10/2014,16804.71
30/09/2014,17042.9
29/09/2014,17071.22
26/09/2014,17113.15
25/09/2014,16945.8
24/09/2014,17210.06
23/09/2014,17055.87
22/09/2014,17172.68
19/09/2014,17279.74
18/09/2014,17265.99
17/09/2014,17156.85
16/09/2014,17131.97
15/09/2014,17031.14
12/09/2014,16987.51
11/09/2014,17049.0
10/09/2014,17068.71
09/09/2014,17013.87
08/09/2014,17111.42
05/09/2014,17137.36
04/09/2014,17069.58
03/09/2014,17078.28
02/09/2014,17067.56
29/08/2014,17098.45
28/08/2014,17079.57
27/08/2014,17122.01
26/08/2014,17106.7
25/08/2014,17076.87
22/08/2014,17001.22
21/08/2014,17039.49
20/08/2014,16979.13
19/08/2014,16919.59
18/08/2014,16838.74
15/08/2014,16662.91
14/08/2014,16713.58
13/08/2014,16651.8
12/08/2014,16560.54
11/08/2014,16569.98
08/08/2014,16553.93
07/08/2014,16368.27
06/08/2014,16443.34
05/08/2014,16429.47
04/08/2014,16569.28
01/08/2014,16493.37
31/07/2014,16563.3
30/07/2014,16880.36
29/07/2014,16912.11
28/07/2014,16982.59
25/07/2014,16960.57
24/07/2014,17083.8
23/07/2014,17086.63
22/07/2014,17113.54
21/07/2014,17051.73
18/07/2014,17100.18
17/07/2014,16976.81
16/07/2014,17138.2
15/07/2014,17060.68
14/07/2014,17055.42
11/07/2014,16943.81
10/07/2014,16915.07
09/07/2014,16985.61
08/07/2014,16906.62
07/07/2014,17024.21
03/07/2014,17068.26
02/07/2014,16976.24
01/07/2014,16956.07
30/06/2014,16826.6
27/06/2014,16851.84
26/06/2014,16846.13
25/06/2014,16867.51
24/06/2014,16818.13
23/06/2014,16937.26
20/06/2014,16947.08
19/06/2014,16921.46
18/06/2014,16906.62
17/06/2014,16808.49
16/06/2014,16781.01
13/06/2014,16775.74
12/06/2014,16734.19
11/06/2014,16843.88
10/06/2014,16945.92
09/06/2014,16943.1
06/06/2014,16924.28
05/06/2014,16836.11
04/06/2014,16737.53
03/06/2014,16722.34
02/06/2014,16743.63
30/05/2014,16717.17
29/05/2014,16698.74
28/05/2014,16633.18
27/05/2014,16675.5
23/05/2014,16606.27
22/05/2014,16543.08
21/05/2014,16533.06
20/05/2014,16374.31
19/05/2014,16511.86
16/05/2014,16491.31
15/05/2014,16446.81
14/05/2014,16613.97
13/05/2014,16715.44
12/05/2014,16695.47
09/05/2014,16583.34
08/05/2014,16550.97
07/05/2014,16518.54
06/05/2014,16401.02
05/05/2014,16530.55
02/05/2014,16512.89
01/05/2014,16558.87
30/04/2014,16580.84
29/04/2014,16535.37
28/04/2014,16448.74
25/04/2014,16361.46
24/04/2014,16501.65
23/04/2014,16501.65
22/04/2014,16514.37
21/04/2014,16449.25
17/04/2014,16408.54
16/04/2014,16424.85
15/04/2014,16262.56
14/04/2014,16173.24
11/04/2014,16026.75
10/04/2014,16170.22
09/04/2014,16437.18
08/04/2014,16256.14
07/04/2014,16245.87
04/04/2014,16412.71
03/04/2014,16572.55
02/04/2014,16573.0
01/04/2014,16532.61
31/03/2014,16457.66
28/03/2014,16323.06
27/03/2014,16264.23
26/03/2014,16268.99
25/03/2014,16367.88
24/03/2014,16276.69
21/03/2014,16302.77
20/03/2014,16331.05
19/03/2014,16222.17
18/03/2014,16336.19
17/03/2014,16247.22
14/03/2014,16065.67
13/03/2014,16108.89
12/03/2014,16340.08
11/03/2014,16351.25
10/03/2014,16418.68
07/03/2014,16452.72
06/03/2014,16421.89
05/03/2014,16360.18
04/03/2014,16395.88
03/03/2014,16168.03
28/02/2014,16321.71
27/02/2014,16272.65
26/02/2014,16198.41
25/02/2014,16179.66
24/02/2014,16207.14
21/02/2014,16103.3
20/02/2014,16133.23
19/02/2014,16040.56
18/02/2014,16130.4
14/02/2014,16154.39
13/02/2014,16027.59
12/02/2014,15963.94
11/02/2014,15994.77
10/02/2014,15801.79
07/02/2014,15794.08
06/02/2014,15628.53
05/02/2014,15440.23
04/02/2014,15445.24
03/02/2014,15372.8
31/01/2014,15698.85
30/01/2014,15848.61
29/01/2014,15738.79
28/01/2014,15928.56
27/01/2014,15837.88
24/01/2014,15879.11
23/01/2014,16197.35
22/01/2014,16373.34
21/01/2014,16414.44
17/01/2014,16458.56
16/01/2014,16417.01
15/01/2014,16481.94
14/01/2014,16373.86
13/01/2014,16257.94
10/01/2014,16437.05
09/01/2014,16444.76
08/01/2014,16462.74
07/01/2014,16530.94
06/01/2014,16425.1
03/01/2014,16469.99
02/01/2014,16441.35
31/12/2013,16576.66
30/12/2013,16504.29
27/12/2013,16478.41
26/12/2013,16479.88
24/12/2013,16357.55
23/12/2013,16294.61
20/12/2013,16221.14
19/12/2013,16179.08
18/12/2013,16167.97
17/12/2013,15875.26
16/12/2013,15884.57
13/12/2013,15755.36
12/12/2013,15739.43
11/12/2013,15843.53
10/12/2013,15973.13
09/12/2013,16025.53
06/12/2013,16020.2
05/12/2013,15821.51
04/12/2013,15889.77
03/12/2013,15914.62
02/12/2013,16008.77
29/11/2013,16086.41
27/11/2013,16097.33
26/11/2013,16072.8
25/11/2013,16072.54
22/11/2013,16064.77
21/11/2013,16009.99
20/11/2013,15900.82
19/11/2013,15967.03
18/11/2013,15976.02
15/11/2013,15961.7
14/11/2013,15876.22
13/11/2013,15821.63
12/11/2013,15750.67
11/11/2013,15783.1
08/11/2013,15761.78
07/11/2013,15593.98
06/11/2013,15746.88
05/11/2013,15618.22
04/11/2013,15639.12
01/11/2013,15615.55
31/10/2013,15545.75
30/10/2013,15618.76
29/10/2013,15680.35
28/10/2013,15568.93
25/10/2013,15570.28
24/10/2013,15509.21
23/10/2013,15413.33
22/10/2013,15467.66
21/10/2013,15392.2
18/10/2013,15399.65
17/10/2013,15371.65
16/10/2013,15373.83
15/10/2013,15168.01
14/10/2013,15301.26
11/10/2013,15237.11
10/10/2013,15126.07
09/10/2013,14802.98
08/10/2013,14776.53
07/10/2013,14936.24
04/10/2013,15072.58
03/10/2013,14996.48
02/10/2013,15133.14
01/10/2013,15191.7
30/09/2013,15129.67
27/09/2013,15258.24
26/09/2013,15328.3
25/09/2013,15273.26
24/09/2013,15334.59
23/09/2013,15401.38
20/09/2013,15451.09
19/09/2013,15636.55
18/09/2013,15676.94
17/09/2013,15529.73
16/09/2013,15494.78
13/09/2013,15376.06
12/09/2013,15300.64
11/09/2013,15326.6
10/09/2013,15191.06
09/09/2013,15063.12
06/09/2013,14922.5
05/09/2013,14937.48
04/09/2013,14930.87
03/09/2013,14833.96
30/08/2013,14810.31
29/08/2013,14840.95
28/08/2013,14824.51
27/08/2013,14776.13
26/08/2013,14946.46
23/08/2013,15010.51
22/08/2013,14963.74
21/08/2013,14897.55
20/08/2013,15002.99
19/08/2013,15010.74
16/08/2013,15081.47
15/08/2013,15112.19
14/08/2013,15337.66
13/08/2013,15451.01
12/08/2013,15419.68
09/08/2013,15425.51
08/08/2013,15498.32
07/08/2013,15470.67
06/08/2013,15518.74
05/08/2013,15612.13
02/08/2013,15658.36
01/08/2013,15628.02
31/07/2013,15499.54
30/07/2013,15520.59
29/07/2013,15521.97
26/07/2013,15558.83
25/07/2013,15555.61
24/07/2013,15542.24
23/07/2013,15567.74
22/07/2013,15545.55
19/07/2013,15543.74
18/07/2013,15548.54
17/07/2013,15470.52
16/07/2013,15451.85
15/07/2013,15484.26
12/07/2013,15464.3
11/07/2013,15460.92
10/07/2013,15291.66
09/07/2013,15300.34
08/07/2013,15224.69
05/07/2013,15135.84
03/07/2013,14988.55
02/07/2013,14932.41
01/07/2013,14974.96
28/06/2013,14909.6
27/06/2013,15024.49
26/06/2013,14910.14
25/06/2013,14760.31
24/06/2013,14659.56
21/06/2013,14799.4
20/06/2013,14758.32
19/06/2013,15112.19
18/06/2013,15318.23
17/06/2013,15179.85
14/06/2013,15070.18
13/06/2013,15176.08
12/06/2013,14995.23
11/06/2013,15122.02
10/06/2013,15238.59
07/06/2013,15248.12
06/06/2013,15040.62
05/06/2013,14960.59
04/06/2013,15177.54
03/06/2013,15254.03
31/05/2013,15115.57
30/05/2013,15324.53
29/05/2013,15302.8
28/05/2013,15409.39
24/05/2013,15303.1
23/05/2013,15294.5
22/05/2013,15307.17
21/05/2013,15387.58
20/05/2013,15335.28
17/05/2013,15354.4
16/05/2013,15233.22
15/05/2013,15275.69
14/05/2013,15215.25
13/05/2013,15091.68
10/05/2013,15118.49
09/05/2013,15082.62
08/05/2013,15105.12
07/05/2013,15056.2
06/05/2013,14968.89
03/05/2013,14973.96
02/05/2013,14831.58
01/05/2013,14700.95
30/04/2013,14839.8
29/04/2013,14818.75
26/04/2013,14712.55
25/04/2013,14700.8
24/04/2013,14676.3
23/04/2013,14719.46
22/04/2013,14567.17
19/04/2013,14547.51
18/04/2013,14537.14
17/04/2013,14618.59
16/04/2013,14756.78
15/04/2013,14599.2
12/04/2013,14865.06
11/04/2013,14865.14
10/04/2013,14802.24
09/04/2013,14673.46
08/04/2013,14613.48
05/04/2013,14565.25
04/04/2013,14606.11
03/04/2013,14550.35
02/04/2013,14662.01
01/04/2013,14572.85
28/03/2013,14578.54
27/03/2013,14526.16
26/03/2013,14559.65
25/03/2013,14447.75
22/03/2013,14512.03
21/03/2013,14421.49
20/03/2013,14511.73
19/03/2013,14455.82
18/03/2013,14452.06
15/03/2013,14514.11
14/03/2013,14539.14
13/03/2013,14455.28
12/03/2013,14450.06
11/03/2013,14447.29
08/03/2013,14397.07
07/03/2013,14329.49
06/03/2013,14296.24
05/03/2013,14253.77
04/03/2013,14127.82
01/03/2013,14089.66
28/02/2013,14054.49
27/02/2013,14075.37
26/02/2013,13900.13
25/02/2013,13784.17
22/02/2013,14000.57
21/02/2013,13880.62
20/02/2013,13927.54
19/02/2013,14035.67
15/02/2013,13981.76
14/02/2013,13973.39
13/02/2013,13982.91
12/02/2013,14018.7
11/02/2013,13971.24
08/02/2013,13992.97
07/02/2013,13944.05
06/02/2013,13986.52
05/02/2013,13979.3
04/02/2013,13880.08
01/02/2013,14009.79
31/01/2013,13860.58
30/01/2013,13910.42
29/01/2013,13954.42
28/01/2013,13881.93
25/01/2013,13895.98
24/01/2013,13825.33
23/01/2013,13779.33
22/01/2013,13712.21
18/01/2013,13649.7
17/01/2013,13596.02
16/01/2013,13511.23
15/01/2013,13534.89
14/01/2013,13507.32
11/01/2013,13488.43
10/01/2013,13471.22
09/01/2013,13390.51
08/01/2013,13328.85
07/01/2013,13384.29
04/01/2013,13435.21
03/01/2013,13391.36
02/01/2013,13412.55
31/12/2012,13104.14
28/12/2012,12938.11
27/12/2012,13096.31
26/12/2012,13114.59
24/12/2012,13139.08
21/12/2012,13190.84
20/12/2012,13311.72
19/12/2012,13251.97
18/12/2012,13350.96
17/12/2012,13235.39
14/12/2012,13135.01
13/12/2012,13170.72
12/12/2012,13245.45
11/12/2012,13248.44
10/12/2012,13169.88
07/12/2012,13155.13
06/12/2012,13074.04
05/12/2012,13034.49
04/12/2012,12951.78
03/12/2012,12965.6
30/11/2012,13025.58
29/11/2012,13021.82
28/11/2012,12985.11
27/11/2012,12878.13
26/11/2012,12967.37
23/11/2012,13009.68
21/11/2012,12836.89
20/11/2012,12788.51
19/11/2012,12795.96
16/11/2012,12588.31
15/11/2012,12542.38
14/11/2012,12570.95
13/11/2012,12756.18
12/11/2012,12815.08
09/11/2012,12815.39
08/11/2012,12811.32
07/11/2012,12932.73
06/11/2012,13245.68
05/11/2012,13112.44
02/11/2012,13093.16
01/11/2012,13232.62
31/10/2012,13096.46
26/10/2012,13107.21
25/10/2012,13103.68
24/10/2012,13077.34
23/10/2012,13102.53
22/10/2012,13345.89
19/10/2012,13343.51
18/10/2012,13548.94
17/10/2012,13557.0
16/10/2012,13551.78
15/10/2012,13424.23
12/10/2012,13328.85
11/10/2012,13326.39
10/10/2012,13344.97
09/10/2012,13473.53
08/10/2012,13583.65
05/10/2012,13610.15
04/10/2012,13575.36
03/10/2012,13494.61
02/10/2012,13482.36
01/10/2012,13515.11
28/09/2012,13437.13
27/09/2012,13485.97
26/09/2012,13413.51
25/09/2012,13457.55
24/09/2012,13558.92
21/09/2012,13579.47
20/09/2012,13596.93
19/09/2012,13577.96
18/09/2012,13564.64
17/09/2012,13553.1
14/09/2012,13593.37
13/09/2012,13539.86
12/09/2012,13333.35
11/09/2012,13323.36
10/09/2012,13254.29
07/09/2012,13306.64
06/09/2012,13292.0
05/09/2012,13047.48
04/09/2012,13035.94
31/08/2012,13090.84
30/08/2012,13000.71
29/08/2012,13107.48
28/08/2012,13102.99
27/08/2012,13124.67
24/08/2012,13157.97
23/08/2012,13057.46
22/08/2012,13172.76
21/08/2012,13203.58
20/08/2012,13271.64
17/08/2012,13275.2
16/08/2012,13250.11
15/08/2012,13164.78
14/08/2012,13172.14
13/08/2012,13169.43
10/08/2012,13207.95
09/08/2012,13165.19
08/08/2012,13175.64
07/08/2012,13168.6
06/08/2012,13117.51
03/08/2012,13096.17
02/08/2012,12878.88
01/08/2012,12971.06
31/07/2012,13008.68
30/07/2012,13073.01
27/07/2012,13075.66
26/07/2012,12887.93
25/07/2012,12676.05
24/07/2012,12617.32
23/07/2012,12721.46
20/07/2012,12822.57
19/07/2012,12943.36
18/07/2012,12908.7
17/07/2012,12805.54
16/07/2012,12727.21
13/07/2012,12777.09
12/07/2012,12573.27
11/07/2012,12604.53
10/07/2012,12653.12
09/07/2012,12736.29
06/07/2012,12772.47
05/07/2012,12896.67
03/07/2012,12943.82
02/07/2012,12871.39
29/06/2012,12880.09
28/06/2012,12602.26
27/06/2012,12627.01
26/06/2012,12534.67
25/06/2012,12502.66
22/06/2012,12640.78
21/06/2012,12573.57
20/06/2012,12824.39
19/06/2012,12837.33
18/06/2012,12741.82
15/06/2012,12767.17
14/06/2012,12651.91
13/06/2012,12496.38
12/06/2012,12573.8
11/06/2012,12411.23
08/06/2012,12554.2
07/06/2012,12460.96
06/06/2012,12414.79
05/06/2012,12127.95
04/06/2012,12101.46
01/06/2012,12118.57
31/05/2012,12393.45
30/05/2012,12419.86
29/05/2012,12580.69
25/05/2012,12454.83
24/05/2012,12529.75
23/05/2012,12496.15
22/05/2012,12502.81
21/05/2012,12504.48
18/05/2012,12369.38
17/05/2012,12442.49
16/05/2012,12598.55
15/05/2012,12632.0
14/05/2012,12695.35
11/05/2012,12820.6
10/05/2012,12855.04
09/05/2012,12835.06
08/05/2012,12932.09
07/05/2012,13008.53
04/05/2012,13038.27
03/05/2012,13206.59
02/05/2012,13268.57
01/05/2012,13279.32
30/04/2012,13213.63
27/04/2012,13228.31
26/04/2012,13204.62
25/04/2012,13090.72
24/04/2012,13001.56
23/04/2012,12927.17
20/04/2012,13029.26
19/04/2012,12964.1
18/04/2012,13032.75
17/04/2012,13115.54
16/04/2012,12921.41
13/04/2012,12849.59
12/04/2012,12986.58
11/04/2012,12805.39
10/04/2012,12715.93
09/04/2012,12929.59
05/04/2012,13060.14
04/04/2012,13074.75
03/04/2012,13199.55
02/04/2012,13264.49
30/03/2012,13212.04
29/03/2012,13145.82
28/03/2012,13126.21
27/03/2012,13197.73
26/03/2012,13241.63
23/03/2012,13080.73
22/03/2012,13046.14
21/03/2012,13124.62
20/03/2012,13170.19
19/03/2012,13239.13
16/03/2012,13232.62
15/03/2012,13252.76
14/03/2012,13194.1
13/03/2012,13177.68
12/03/2012,12959.71
09/03/2012,12922.02
08/03/2012,12907.94
07/03/2012,12837.33
06/03/2012,12759.15
05/03/2012,12962.81
02/03/2012,12977.57
01/03/2012,12980.3
29/02/2012,12952.07
28/02/2012,13005.12
27/02/2012,12981.51
24/02/2012,12982.95
23/02/2012,12984.69
22/02/2012,12938.67
21/02/2012,12965.69
17/02/2012,12949.87
16/02/2012,12904.08
15/02/2012,12780.95
14/02/2012,12878.28
13/02/2012,12874.04
10/02/2012,12801.23
09/02/2012,12890.46
08/02/2012,12883.95
07/02/2012,12878.2
06/02/2012,12845.13
03/02/2012,12862.23
02/02/2012,12705.41
01/02/2012,12716.46
31/01/2012,12632.91
30/01/2012,12653.72
27/01/2012,12660.46
26/01/2012,12734.63
25/01/2012,12756.96
24/01/2012,12675.75
23/01/2012,12708.82
20/01/2012,12720.48
19/01/2012,12623.98
18/01/2012,12578.95
17/01/2012,12482.07
13/01/2012,12422.06
12/01/2012,12471.02
11/01/2012,12449.45
10/01/2012,12462.47
09/01/2012,12392.69
06/01/2012,12359.92
05/01/2012,12415.7
04/01/2012,12418.42
03/01/2012,12397.38
30/12/2011,12217.56
29/12/2011,12287.04
28/12/2011,12151.41
27/12/2011,12291.35
23/12/2011,12294.0
22/12/2011,12169.65
21/12/2011,12107.74
20/12/2011,12103.58
19/12/2011,11766.26
16/12/2011,11866.39
15/12/2011,11868.81
14/12/2011,11823.48
13/12/2011,11954.94
12/12/2011,12021.39
09/12/2011,12184.26
08/12/2011,11997.7
07/12/2011,12196.37
06/12/2011,12150.13
05/12/2011,12097.83
02/12/2011,12019.42
01/12/2011,12020.03
30/11/2011,12045.68
29/11/2011,11555.63
28/11/2011,11523.01
25/11/2011,11231.78
23/11/2011,11257.55
22/11/2011,11493.72
21/11/2011,11547.31
18/11/2011,11796.16
17/11/2011,11770.73
16/11/2011,11905.59
15/11/2011,12096.16
14/11/2011,12078.98
11/11/2011,12153.68
10/11/2011,11893.79
09/11/2011,11780.94
08/11/2011,12170.18
07/11/2011,12068.39
04/11/2011,11983.24
03/11/2011,12044.47
02/11/2011,11836.04
01/11/2011,11657.96
31/10/2011,11955.01
28/10/2011,12231.11
27/10/2011,12208.55
26/10/2011,11869.04
25/10/2011,11706.62
24/10/2011,11913.62
21/10/2011,11808.79
20/10/2011,11541.78
19/10/2011,11504.62
18/10/2011,11577.05
17/10/2011,11397.0
14/10/2011,11644.49
13/10/2011,11478.13
12/10/2011,11518.85
11/10/2011,11416.3
10/10/2011,11433.18
07/10/2011,11103.12
06/10/2011,11123.33
05/10/2011,10939.95
04/10/2011,10808.71
03/10/2011,10655.3
30/09/2011,10913.38
29/09/2011,11153.98
28/09/2011,11010.9
27/09/2011,11190.69
26/09/2011,11043.86
23/09/2011,10771.48
22/09/2011,10733.83
21/09/2011,11124.84
20/09/2011,11408.66
19/09/2011,11401.01
16/09/2011,11509.09
15/09/2011,11433.18
14/09/2011,11246.73
13/09/2011,11105.85
12/09/2011,11061.12
09/09/2011,10992.13
08/09/2011,11295.81
07/09/2011,11414.86
06/09/2011,11139.3
02/09/2011,11240.26
01/09/2011,11493.57
31/08/2011,11613.53
30/08/2011,11559.95
29/08/2011,11539.25
26/08/2011,11284.54
25/08/2011,11149.82
24/08/2011,11320.71
23/08/2011,11176.76
22/08/2011,10854.65
19/08/2011,10817.65
18/08/2011,10990.58
17/08/2011,11410.21
16/08/2011,11405.93
15/08/2011,11482.9
12/08/2011,11269.02
11/08/2011,11143.31
10/08/2011,10719.94
09/08/2011,11239.77
08/08/2011,10809.85
05/08/2011,11444.61
04/08/2011,11383.68
03/08/2011,11896.44
02/08/2011,11866.62
01/08/2011,12132.49
29/07/2011,12143.24
28/07/2011,12240.11
27/07/2011,12302.55
26/07/2011,12501.3
25/07/2011,12592.8
22/07/2011,12681.16
21/07/2011,12724.41
20/07/2011,12571.91
19/07/2011,12587.42
18/07/2011,12385.16
15/07/2011,12479.73
14/07/2011,12437.12
13/07/2011,12491.61
12/07/2011,12446.88
11/07/2011,12505.76
08/07/2011,12657.2
07/07/2011,12719.49
06/07/2011,12626.02
05/07/2011,12569.87
01/07/2011,12582.77
30/06/2011,12414.34
29/06/2011,12261.42
28/06/2011,12188.69
27/06/2011,12043.56
24/06/2011,11934.58
23/06/2011,12050.0
22/06/2011,12109.67
21/06/2011,12190.01
20/06/2011,12080.38
17/06/2011,12004.36
16/06/2011,11961.52
15/06/2011,11897.27
14/06/2011,12076.11
13/06/2011,11952.97
10/06/2011,11951.91
09/06/2011,12124.36
08/06/2011,12048.94
07/06/2011,12070.81
06/06/2011,12089.96
03/06/2011,12151.26
02/06/2011,12248.55
01/06/2011,12290.14
31/05/2011,12569.79
27/05/2011,12441.58
26/05/2011,12402.76
25/05/2011,12394.66
24/05/2011,12356.21
23/05/2011,12381.26
20/05/2011,12512.04
19/05/2011,12605.32
18/05/2011,12560.18
17/05/2011,12479.58
16/05/2011,12548.37
13/05/2011,12595.75
12/05/2011,12695.92
11/05/2011,12630.03
10/05/2011,12760.36
09/05/2011,12684.68
06/05/2011,12638.74
05/05/2011,12584.17
04/05/2011,12723.58
03/05/2011,12807.51
02/05/2011,12807.36
29/04/2011,12810.54
28/04/2011,12763.31
27/04/2011,12690.96
26/04/2011,12595.37
25/04/2011,12479.88
21/04/2011,12505.99
20/04/2011,12453.54
19/04/2011,12266.75
18/04/2011,12201.59
15/04/2011,12341.83
14/04/2011,12285.15
13/04/2011,12270.99
12/04/2011,12263.58
11/04/2011,12381.11
08/04/2011,12380.05
07/04/2011,12409.49
06/04/2011,12426.75
05/04/2011,12393.9
04/04/2011,12400.03
01/04/2011,12376.72
31/03/2011,12319.73
30/03/2011,12350.61
29/03/2011,12279.01
28/03/2011,12197.88
25/03/2011,12220.59
24/03/2011,12170.56
23/03/2011,12086.02
22/03/2011,12018.63
21/03/2011,12036.53
18/03/2011,11858.52
17/03/2011,11774.59
16/03/2011,11613.3
15/03/2011,11855.42
14/03/2011,11993.16
11/03/2011,12044.4
10/03/2011,11984.61
09/03/2011,12213.09
08/03/2011,12214.38
07/03/2011,12090.03
04/03/2011,12169.88
03/03/2011,12258.2
02/03/2011,12066.8
01/03/2011,12058.02
28/02/2011,12226.34
25/02/2011,12130.45
24/02/2011,12068.5
23/02/2011,12105.78
22/02/2011,12212.79
18/02/2011,12391.25
17/02/2011,12318.14
16/02/2011,12288.17
15/02/2011,12226.64
14/02/2011,12268.19
11/02/2011,12273.26
10/02/2011,12229.29
09/02/2011,12239.89
08/02/2011,12233.15
07/02/2011,12161.63
04/02/2011,12092.15
03/02/2011,12062.26
02/02/2011,12041.97
01/02/2011,12040.16
31/01/2011,11891.93
28/01/2011,11823.7
27/01/2011,11989.83
26/01/2011,11985.44
25/01/2011,11977.19
24/01/2011,11980.52
21/01/2011,11871.84
20/01/2011,11822.8
19/01/2011,11825.29
18/01/2011,11837.93
14/01/2011,11787.38
13/01/2011,11731.9
12/01/2011,11755.44
11/01/2011,11671.88
10/01/2011,11637.45
07/01/2011,11674.76
06/01/2011,11697.31
05/01/2011,11722.89
04/01/2011,11691.18
03/01/2011,11670.75
31/12/2010,11577.51
30/12/2010,11569.71
29/12/2010,11585.38
28/12/2010,11575.54
27/12/2010,11555.03
23/12/2010,11573.49
22/12/2010,11559.49
21/12/2010,11533.16
20/12/2010,11478.13
17/12/2010,11491.91
16/12/2010,11499.25
15/12/2010,11457.47
14/12/2010,11476.54
13/12/2010,11428.56
10/12/2010,11410.32
09/12/2010,11370.06
08/12/2010,11372.48
07/12/2010,11359.16
06/12/2010,11362.19
03/12/2010,11382.09
02/12/2010,11362.41
01/12/2010,11255.78
30/11/2010,11006.02
29/11/2010,11052.49
26/11/2010,11092.0
24/11/2010,11187.28
23/11/2010,11036.37
22/11/2010,11178.58
19/11/2010,11203.55
18/11/2010,11181.23
17/11/2010,11007.88
16/11/2010,11023.5
15/11/2010,11201.97
12/11/2010,11192.58
11/11/2010,11283.1
10/11/2010,11357.04
09/11/2010,11346.75
08/11/2010,11406.84
05/11/2010,11444.08
04/11/2010,11434.84
03/11/2010,11215.13
02/11/2010,11188.72
01/11/2010,11124.62
29/10/2010,11118.49
28/10/2010,11113.95
27/10/2010,11126.28
26/10/2010,11169.46
25/10/2010,11164.05
22/10/2010,11132.56
21/10/2010,11146.57
20/10/2010,11107.97
19/10/2010,10978.62
18/10/2010,11143.69
15/10/2010,11062.78
14/10/2010,11094.57
13/10/2010,11096.08
12/10/2010,11020.4
11/10/2010,11010.34
08/10/2010,11006.48
07/10/2010,10948.58
06/10/2010,10967.65
05/10/2010,10944.72
04/10/2010,10751.27
01/10/2010,10829.68
30/09/2010,10788.05
29/09/2010,10835.28
28/09/2010,10858.14
27/09/2010,10812.04
24/09/2010,10860.26
23/09/2010,10662.42
22/09/2010,10739.31
21/09/2010,10761.03
20/09/2010,10753.62
17/09/2010,10607.85
16/09/2010,10594.83
15/09/2010,10572.73
14/09/2010,10526.49
13/09/2010,10544.13
10/09/2010,10462.77
09/09/2010,10415.24
08/09/2010,10387.01
07/09/2010,10340.69
03/09/2010,10447.93
02/09/2010,10320.1
01/09/2010,10269.47
31/08/2010,10014.72
30/08/2010,10009.73
27/08/2010,10150.65
26/08/2010,9985.81
25/08/2010,10060.06
24/08/2010,10040.45
23/08/2010,10174.41
20/08/2010,10213.62
19/08/2010,10271.21
18/08/2010,10415.54
17/08/2010,10405.85
16/08/2010,10302.01
13/08/2010,10303.15
12/08/2010,10319.95
11/08/2010,10378.83
10/08/2010,10644.25
09/08/2010,10698.75
06/08/2010,10653.56
05/08/2010,10674.98
04/08/2010,10680.43
03/08/2010,10636.38
02/08/2010,10674.38
30/07/2010,10465.94
29/07/2010,10467.16
28/07/2010,10497.88
27/07/2010,10537.69
26/07/2010,10525.43
23/07/2010,10424.62
22/07/2010,10322.3
21/07/2010,10120.53
20/07/2010,10229.96
19/07/2010,10154.43
16/07/2010,10097.9
15/07/2010,10359.31
14/07/2010,10366.72
13/07/2010,10363.02
12/07/2010,10216.27
09/07/2010,10198.03
08/07/2010,10138.99
07/07/2010,10018.28
06/07/2010,9743.62
02/07/2010,9686.48
01/07/2010,9732.53
30/06/2010,9774.02
29/06/2010,9870.3
28/06/2010,10138.52
25/06/2010,10143.81
24/06/2010,10152.8
23/06/2010,10298.44
22/06/2010,10293.52
21/06/2010,10442.41
18/06/2010,10450.64
17/06/2010,10434.17
16/06/2010,10409.46
15/06/2010,10404.77
14/06/2010,10190.89
11/06/2010,10211.07
10/06/2010,10172.53
09/06/2010,9899.25
08/06/2010,9939.98
07/06/2010,9816.49
04/06/2010,9931.97
03/06/2010,10255.28
02/06/2010,10249.54
01/06/2010,10024.02
28/05/2010,10136.63
27/05/2010,10258.99
26/05/2010,9974.45
25/05/2010,10043.75
24/05/2010,10066.57
21/05/2010,10193.39
20/05/2010,10068.01
19/05/2010,10444.37
18/05/2010,10510.95
17/05/2010,10625.83
14/05/2010,10620.16
13/05/2010,10782.95
12/05/2010,10896.91
11/05/2010,10748.26
10/05/2010,10785.14
07/05/2010,10380.43
06/05/2010,10520.32
05/05/2010,10868.12
04/05/2010,10926.77
03/05/2010,11151.83
30/04/2010,11008.61
29/04/2010,11167.32
28/04/2010,11045.27
27/04/2010,10991.99
26/04/2010,11205.03
23/04/2010,11204.28
22/04/2010,11134.29
21/04/2010,11124.92
20/04/2010,11117.06
19/04/2010,11092.05
16/04/2010,11018.66
15/04/2010,11144.57
14/04/2010,11123.11
13/04/2010,11019.42
12/04/2010,11005.97
09/04/2010,10997.35
08/04/2010,10927.07
07/04/2010,10897.52
06/04/2010,10969.99
05/04/2010,10973.55
01/04/2010,10927.07
31/03/2010,10856.63
30/03/2010,10907.42
29/03/2010,10895.86
26/03/2010,10850.36
25/03/2010,10841.21
24/03/2010,10836.15
23/03/2010,10888.83
22/03/2010,10785.89
19/03/2010,10741.98
18/03/2010,10779.17
17/03/2010,10733.67
16/03/2010,10685.98
15/03/2010,10642.15
12/03/2010,10624.69
11/03/2010,10611.84
10/03/2010,10567.33
09/03/2010,10564.38
08/03/2010,10552.52
05/03/2010,10566.2
04/03/2010,10444.14
03/03/2010,10396.76
02/03/2010,10405.98
01/03/2010,10403.79
26/02/2010,10325.26
25/02/2010,10321.03
24/02/2010,10374.16
23/02/2010,10282.41
22/02/2010,10383.38
19/02/2010,10402.35
18/02/2010,10392.9
17/02/2010,10309.24
16/02/2010,10268.81
12/02/2010,10099.14
11/02/2010,10144.19
10/02/2010,10038.38
09/02/2010,10058.64
08/02/2010,9908.39
05/02/2010,10012.23
04/02/2010,10002.18
03/02/2010,10270.55
02/02/2010,10296.85
01/02/2010,10185.53
29/01/2010,10067.33
28/01/2010,10120.46
27/01/2010,10236.16
26/01/2010,10194.29
25/01/2010,10196.86
22/01/2010,10172.98
21/01/2010,10389.88
20/01/2010,10603.15
19/01/2010,10725.43
15/01/2010,10609.65
14/01/2010,10710.55
13/01/2010,10680.77
12/01/2010,10627.26
11/01/2010,10663.99
08/01/2010,10618.19
07/01/2010,10606.86
06/01/2010,10573.68
05/01/2010,10572.02
04/01/2010,10583.96
31/12/2009,10428.05
30/12/2009,10548.51
29/12/2009,10545.41
28/12/2009,10547.08
24/12/2009,10520.1
23/12/2009,10466.44
22/12/2009,10464.93
21/12/2009,10414.14
18/12/2009,10328.89
17/12/2009,10308.26
16/12/2009,10441.12
15/12/2009,10452.0
14/12/2009,10501.05
11/12/2009,10471.5
10/12/2009,10405.83
09/12/2009,10337.05
08/12/2009,10285.97
07/12/2009,10390.11
04/12/2009,10388.9
03/12/2009,10366.15
02/12/2009,10452.68
01/12/2009,10471.58
30/11/2009,10344.84
27/11/2009,10309.92
25/11/2009,10464.4
24/11/2009,10433.71
23/11/2009,10450.95
20/11/2009,10318.16
19/11/2009,10332.44
18/11/2009,10426.31
17/11/2009,10437.42
16/11/2009,10406.96
13/11/2009,10270.47
12/11/2009,10197.47
11/11/2009,10291.26
10/11/2009,10246.97
09/11/2009,10226.94
06/11/2009,10023.42
05/11/2009,10005.96
04/11/2009,9802.14
03/11/2009,9771.91
02/11/2009,9789.44
30/10/2009,9712.73
29/10/2009,9962.58
28/10/2009,9762.69
27/10/2009,9882.17
26/10/2009,9867.96
23/10/2009,9972.18
22/10/2009,10081.31
21/10/2009,9949.36
20/10/2009,10041.48
19/10/2009,10092.19
16/10/2009,9995.91
15/10/2009,10062.94
14/10/2009,10015.86
13/10/2009,9871.06
12/10/2009,9885.8
09/10/2009,9864.94
08/10/2009,9786.87
07/10/2009,9725.58
06/10/2009,9731.25
05/10/2009,9599.75
02/10/2009,9487.67
01/10/2009,9509.28
30/09/2009,9712.28
29/09/2009,9742.2
28/09/2009,9789.36
25/09/2009,9665.19
24/09/2009,9707.44
23/09/2009,9748.55
22/09/2009,9829.87
21/09/2009,9778.86
18/09/2009,9820.2
17/09/2009,9783.92
16/09/2009,9791.71
15/09/2009,9683.41
14/09/2009,9626.8
11/09/2009,9605.41
10/09/2009,9627.48
09/09/2009,9547.22
08/09/2009,9497.34
04/09/2009,9441.27
03/09/2009,9344.61
02/09/2009,9280.67
01/09/2009,9310.6
31/08/2009,9496.28
28/08/2009,9544.2
27/08/2009,9580.63
26/08/2009,9543.52
25/08/2009,9539.29
24/08/2009,9509.28
21/08/2009,9505.96
20/08/2009,9350.05
19/08/2009,9279.16
18/08/2009,9217.94
17/08/2009,9135.34
14/08/2009,9321.4
13/08/2009,9398.19
12/08/2009,9361.61
11/08/2009,9241.45
10/08/2009,9337.95
07/08/2009,9370.07
06/08/2009,9256.26
05/08/2009,9280.97
04/08/2009,9320.19
03/08/2009,9286.56
31/07/2009,9171.61
30/07/2009,9154.46
29/07/2009,9070.72
28/07/2009,9096.72
27/07/2009,9108.51
24/07/2009,9093.24
23/07/2009,9069.29
22/07/2009,8881.26
21/07/2009,8915.94
20/07/2009,8848.15
17/07/2009,8743.94
16/07/2009,8711.82
15/07/2009,8616.21
14/07/2009,8359.49
13/07/2009,8331.68
10/07/2009,8146.52
09/07/2009,8183.17
08/07/2009,8178.41
07/07/2009,8163.6
06/07/2009,8324.87
02/07/2009,8280.74
01/07/2009,8504.06
30/06/2009,8447.0
29/06/2009,8529.38
26/06/2009,8438.39
25/06/2009,8472.4
24/06/2009,8299.86
23/06/2009,8322.91
22/06/2009,8339.01
19/06/2009,8539.73
18/06/2009,8555.6
17/06/2009,8497.18
16/06/2009,8504.67
15/06/2009,8612.13
12/06/2009,8799.26
11/06/2009,8770.92
10/06/2009,8739.02
09/06/2009,8763.06
08/06/2009,8764.49
05/06/2009,8763.13
04/06/2009,8750.24
03/06/2009,8675.28
02/06/2009,8740.87
01/06/2009,8721.44
29/05/2009,8500.33
28/05/2009,8403.8
27/05/2009,8300.02
26/05/2009,8473.49
22/05/2009,8277.32
21/05/2009,8292.13
20/05/2009,8422.04
19/05/2009,8474.85
18/05/2009,8504.08
15/05/2009,8268.64
14/05/2009,8331.32
13/05/2009,8284.89
12/05/2009,8469.11
11/05/2009,8418.77
08/05/2009,8574.65
07/05/2009,8409.85
06/05/2009,8512.28
05/05/2009,8410.65
04/05/2009,8426.74
01/05/2009,8212.41
30/04/2009,8168.12
29/04/2009,8185.73
28/04/2009,8016.95
27/04/2009,8025.0
24/04/2009,8076.29
23/04/2009,7957.06
22/04/2009,7886.57
21/04/2009,7969.56
20/04/2009,7841.73
17/04/2009,8131.33
16/04/2009,8125.43
15/04/2009,8029.62
14/04/2009,7920.18
13/04/2009,8057.81
09/04/2009,8083.38
08/04/2009,7837.11
07/04/2009,7789.56
06/04/2009,7975.85
03/04/2009,8017.59
02/04/2009,7978.08
01/04/2009,7761.6
31/03/2009,7608.92
30/03/2009,7522.02
27/03/2009,7776.18
26/03/2009,7924.56
25/03/2009,7749.81
24/03/2009,7659.97
23/03/2009,7775.86
20/03/2009,7278.38
19/03/2009,7400.8
18/03/2009,7486.58
17/03/2009,7395.7
16/03/2009,7216.97
13/03/2009,7223.98
12/03/2009,7170.06
11/03/2009,6930.4
10/03/2009,6926.49
09/03/2009,6547.05
06/03/2009,6626.94
05/03/2009,6594.44
04/03/2009,6875.84
03/03/2009,6726.02
02/03/2009,6763.29
27/02/2009,7062.93
26/02/2009,7182.08
25/02/2009,7270.89
24/02/2009,7350.94
23/02/2009,7114.78
20/02/2009,7365.67
19/02/2009,7465.95
18/02/2009,7555.63
17/02/2009,7552.6
13/02/2009,7850.41
12/02/2009,7932.76
11/02/2009,7939.53
10/02/2009,7888.88
09/02/2009,8270.87
06/02/2009,8280.59
05/02/2009,8063.07
04/02/2009,7956.66
03/02/2009,8078.36
02/02/2009,7936.83
30/01/2009,8000.86
29/01/2009,8149.01
28/01/2009,8375.45
27/01/2009,8174.73
26/01/2009,8116.03
23/01/2009,8077.56
22/01/2009,8122.8
21/01/2009,8228.1
20/01/2009,7949.09
16/01/2009,8281.22
15/01/2009,8212.49
14/01/2009,8200.14
13/01/2009,8448.56
12/01/2009,8473.97
09/01/2009,8599.18
08/01/2009,8742.46
07/01/2009,8769.7
06/01/2009,9015.1
05/01/2009,8952.89
02/01/2009,9034.69
31/12/2008,8776.39
30/12/2008,8668.39
29/12/2008,8483.93
26/12/2008,8515.55
24/12/2008,8468.48
23/12/2008,8419.49
22/12/2008,8519.77
19/12/2008,8579.11
18/12/2008,8604.99
17/12/2008,8824.34
16/12/2008,8924.14
15/12/2008,8564.53
12/12/2008,8629.68
11/12/2008,8565.09
10/12/2008,8761.42
09/12/2008,8691.33
08/12/2008,8934.18
05/12/2008,8635.42
04/12/2008,8376.24
03/12/2008,8591.69
02/12/2008,8419.09
01/12/2008,8149.09
28/11/2008,8829.04
26/11/2008,8726.61
25/11/2008,8479.47
24/11/2008,8443.39
21/11/2008,8046.42
20/11/2008,7552.29
19/11/2008,7997.28
18/11/2008,8424.75
17/11/2008,8273.58
14/11/2008,8497.31
13/11/2008,8835.25
12/11/2008,8282.66
11/11/2008,8693.96
10/11/2008,8870.54
07/11/2008,8943.81
06/11/2008,8695.79
05/11/2008,9139.27
04/11/2008,9625.28
03/11/2008,9319.83
31/10/2008,9325.01
30/10/2008,9180.69
29/10/2008,8990.96
28/10/2008,9065.12
27/10/2008,8175.77
24/10/2008,8378.95
23/10/2008,8691.25
22/10/2008,8519.21
21/10/2008,9033.66
20/10/2008,9265.43
17/10/2008,8852.22
16/10/2008,8979.26
15/10/2008,8577.91
14/10/2008,9310.99
13/10/2008,9387.61
10/10/2008,8451.19
09/10/2008,8579.19
08/10/2008,9258.1
07/10/2008,9447.11
06/10/2008,9955.5
03/10/2008,10325.38
02/10/2008,10482.85
01/10/2008,10831.07
30/09/2008,10850.66
29/09/2008,10365.45
26/09/2008,11143.13
25/09/2008,11022.06
24/09/2008,10825.17
23/09/2008,10854.17
22/09/2008,11015.69
19/09/2008,11388.44
18/09/2008,11019.69
17/09/2008,10609.66
16/09/2008,11059.02
15/09/2008,10917.51
12/09/2008,11421.99
11/09/2008,11433.71
10/09/2008,11268.92
09/09/2008,11230.73
08/09/2008,11510.74
05/09/2008,11220.96
04/09/2008,11188.23
03/09/2008,11532.88
02/09/2008,11516.92
29/08/2008,11543.55
28/08/2008,11715.18
27/08/2008,11502.51
26/08/2008,11412.87
25/08/2008,11386.25
22/08/2008,11628.06
21/08/2008,11430.21
20/08/2008,11417.43
19/08/2008,11348.55
18/08/2008,11479.39
15/08/2008,11659.9
14/08/2008,11615.93
13/08/2008,11532.96
12/08/2008,11642.47
11/08/2008,11782.35
08/08/2008,11734.32
07/08/2008,11431.43
06/08/2008,11656.07
05/08/2008,11615.77
04/08/2008,11284.15
01/08/2008,11326.32
31/07/2008,11378.02
30/07/2008,11583.69
29/07/2008,11397.56
28/07/2008,11131.08
25/07/2008,11370.69
24/07/2008,11349.28
23/07/2008,11632.38
22/07/2008,11602.5
21/07/2008,11467.34
18/07/2008,11496.57
17/07/2008,11446.66
16/07/2008,11239.28
15/07/2008,10962.54
14/07/2008,11055.19
11/07/2008,11100.54
10/07/2008,11229.02
09/07/2008,11147.44
08/07/2008,11384.21
07/07/2008,11231.96
03/07/2008,11288.54
02/07/2008,11215.51
01/07/2008,11382.26
30/06/2008,11350.01
27/06/2008,11346.51
26/06/2008,11453.42
25/06/2008,11811.83
24/06/2008,11807.43
23/06/2008,11842.36
20/06/2008,11842.69
19/06/2008,12063.09
18/06/2008,12029.06
17/06/2008,12160.3
16/06/2008,12269.08
13/06/2008,12307.35
12/06/2008,12141.58
11/06/2008,12083.77
10/06/2008,12289.76
09/06/2008,12280.32
06/06/2008,12209.81
05/06/2008,12604.45
04/06/2008,12390.48
03/06/2008,12402.85
02/06/2008,12503.82
30/05/2008,12638.32
29/05/2008,12646.22
28/05/2008,12594.03
27/05/2008,12548.35
23/05/2008,12479.63
22/05/2008,12625.62
21/05/2008,12601.19
20/05/2008,12828.68
19/05/2008,13028.16
16/05/2008,12986.8
15/05/2008,12992.66
14/05/2008,12898.38
13/05/2008,12832.18
12/05/2008,12876.31
09/05/2008,12745.88
08/05/2008,12866.78
07/05/2008,12814.35
06/05/2008,13020.83
05/05/2008,12969.54
02/05/2008,13058.2
01/05/2008,13010.0
30/04/2008,12820.13
29/04/2008,12831.94
28/04/2008,12871.75
25/04/2008,12891.86
24/04/2008,12848.95
23/04/2008,12763.22
22/04/2008,12720.23
21/04/2008,12825.02
18/04/2008,12849.36
17/04/2008,12620.49
16/04/2008,12619.27
15/04/2008,12362.47
14/04/2008,12302.06
11/04/2008,12325.42
10/04/2008,12581.98
09/04/2008,12527.26
08/04/2008,12576.44
07/04/2008,12612.43
04/04/2008,12609.42
03/04/2008,12626.03
02/04/2008,12605.83
01/04/2008,12654.36
31/03/2008,12262.89
28/03/2008,12216.4
27/03/2008,12302.46
26/03/2008,12422.86
25/03/2008,12532.6
24/03/2008,12548.64
20/03/2008,12361.32
19/03/2008,12099.66
18/03/2008,12392.66
17/03/2008,11972.25
14/03/2008,11951.09
13/03/2008,12145.74
12/03/2008,12110.24
11/03/2008,12156.81
10/03/2008,11740.15
07/03/2008,11893.69
06/03/2008,12040.39
05/03/2008,12254.99
04/03/2008,12213.8
03/03/2008,12258.9
29/02/2008,12266.39
28/02/2008,12582.18
27/02/2008,12694.28
26/02/2008,12684.92
25/02/2008,12570.22
22/02/2008,12381.02
21/02/2008,12284.3
20/02/2008,12427.26
19/02/2008,12337.22
15/02/2008,12348.21
14/02/2008,12376.98
13/02/2008,12552.24
12/02/2008,12373.41
11/02/2008,12240.01
08/02/2008,12182.13
07/02/2008,12247.0
06/02/2008,12200.1
05/02/2008,12265.13
04/02/2008,12635.16
01/02/2008,12743.19
31/01/2008,12650.36
30/01/2008,12442.83
29/01/2008,12480.3
28/01/2008,12383.89
25/01/2008,12207.17
24/01/2008,12378.61
23/01/2008,12270.17
22/01/2008,11971.19
18/01/2008,12099.3
17/01/2008,12159.21
16/01/2008,12466.16
15/01/2008,12501.11
14/01/2008,12778.15
11/01/2008,12606.3
10/01/2008,12853.09
09/01/2008,12735.31
08/01/2008,12589.07
07/01/2008,12827.49
04/01/2008,12800.18
03/01/2008,13056.72
02/01/2008,13043.96
31/12/2007,13264.82
28/12/2007,13365.87
27/12/2007,13359.61
26/12/2007,13551.69
24/12/2007,13549.33
21/12/2007,13450.65
20/12/2007,13245.64
19/12/2007,13207.27
18/12/2007,13232.47
17/12/2007,13167.2
14/12/2007,13339.85
13/12/2007,13517.96
12/12/2007,13473.9
11/12/2007,13432.77
10/12/2007,13727.03
07/12/2007,13625.58
06/12/2007,13619.89
05/12/2007,13444.96
04/12/2007,13248.73
03/12/2007,13314.57
30/11/2007,13371.72
29/11/2007,13311.73
28/11/2007,13289.45
27/11/2007,12958.44
26/11/2007,12743.44
23/11/2007,12980.88
21/11/2007,12799.04
20/11/2007,13010.14
19/11/2007,12958.44
16/11/2007,13176.79
15/11/2007,13110.05
14/11/2007,13231.01
13/11/2007,13307.09
12/11/2007,12987.55
09/11/2007,13042.74
08/11/2007,13266.29
07/11/2007,13300.02
06/11/2007,13660.94
05/11/2007,13543.4
02/11/2007,13595.1
01/11/2007,13567.87
31/10/2007,13930.01
30/10/2007,13792.47
29/10/2007,13870.26
26/10/2007,13806.7
25/10/2007,13671.92
24/10/2007,13675.25
23/10/2007,13676.23
22/10/2007,13566.97
19/10/2007,13522.02
18/10/2007,13888.96
17/10/2007,13892.54
16/10/2007,13912.94
15/10/2007,13984.8
12/10/2007,14093.08
11/10/2007,14015.12
10/10/2007,14078.69
09/10/2007,14164.53
08/10/2007,14043.73
05/10/2007,14066.01
04/10/2007,13974.31
03/10/2007,13968.05
02/10/2007,14047.31
01/10/2007,14087.55
28/09/2007,13895.63
27/09/2007,13912.94
26/09/2007,13878.15
25/09/2007,13778.65
24/09/2007,13759.06
21/09/2007,13820.19
20/09/2007,13766.7
19/09/2007,13815.56
18/09/2007,13739.39
17/09/2007,13403.42
14/09/2007,13442.52
13/09/2007,13424.88
12/09/2007,13291.65
11/09/2007,13308.39
10/09/2007,13127.85
07/09/2007,13113.38
06/09/2007,13363.35
05/09/2007,13305.47
04/09/2007,13448.86
31/08/2007,13357.74
30/08/2007,13238.73
29/08/2007,13289.29
28/08/2007,13041.85
27/08/2007,13322.13
24/08/2007,13378.87
23/08/2007,13235.88
22/08/2007,13236.13
21/08/2007,13090.86
20/08/2007,13121.35
17/08/2007,13079.08
16/08/2007,12845.78
15/08/2007,12861.47
14/08/2007,13028.92
13/08/2007,13236.53
10/08/2007,13239.54
09/08/2007,13270.68
08/08/2007,13657.86
07/08/2007,13504.3
06/08/2007,13468.78
03/08/2007,13181.91
02/08/2007,13463.33
01/08/2007,13362.37
31/07/2007,13211.99
30/07/2007,13358.31
27/07/2007,13265.47
26/07/2007,13473.57
25/07/2007,13785.07
24/07/2007,13716.95
23/07/2007,13943.42
20/07/2007,13851.08
19/07/2007,14000.41
18/07/2007,13918.22
17/07/2007,13971.55
16/07/2007,13950.98
13/07/2007,13907.25
12/07/2007,13861.73
11/07/2007,13577.87
10/07/2007,13501.7
09/07/2007,13649.97
06/07/2007,13611.68
05/07/2007,13565.84
03/07/2007,13577.3
02/07/2007,13535.43
29/06/2007,13408.62
28/06/2007,13422.28
27/06/2007,13427.73
26/06/2007,13337.66
25/06/2007,13352.05
22/06/2007,13360.26
21/06/2007,13545.84
20/06/2007,13489.42
19/06/2007,13635.42
18/06/2007,13612.98
15/06/2007,13639.48
14/06/2007,13553.72
13/06/2007,13482.35
12/06/2007,13295.01
11/06/2007,13424.96
08/06/2007,13424.39
07/06/2007,13266.73
06/06/2007,13465.67
05/06/2007,13595.46
04/06/2007,13676.32
01/06/2007,13668.11
31/05/2007,13627.64
30/05/2007,13633.08
29/05/2007,13521.34
25/05/2007,13507.28
24/05/2007,13441.13
23/05/2007,13525.65
22/05/2007,13539.95
21/05/2007,13542.88
18/05/2007,13556.53
17/05/2007,13476.73
16/05/2007,13487.53
15/05/2007,13383.84
14/05/2007,13346.78
11/05/2007,13326.22
10/05/2007,13215.13
09/05/2007,13362.87
08/05/2007,13309.07
07/05/2007,13312.97
04/05/2007,13264.62
03/05/2007,13241.38
02/05/2007,13211.88
01/05/2007,13136.14
30/04/2007,13062.91
27/04/2007,13120.94
26/04/2007,13105.5
25/04/2007,13089.89
24/04/2007,12953.94
23/04/2007,12919.4
20/04/2007,12961.98
19/04/2007,12808.63
18/04/2007,12803.84
17/04/2007,12773.04
16/04/2007,12720.46
13/04/2007,12612.13
12/04/2007,12552.96
11/04/2007,12484.62
10/04/2007,12573.85
09/04/2007,12569.14
05/04/2007,12560.2
04/04/2007,12530.05
03/04/2007,12510.3
02/04/2007,12382.3
30/03/2007,12354.35
29/03/2007,12348.75
28/03/2007,12300.36
27/03/2007,12397.29
26/03/2007,12469.07
23/03/2007,12481.01
22/03/2007,12461.14
21/03/2007,12447.52
20/03/2007,12288.1
19/03/2007,12226.17
16/03/2007,12110.41
15/03/2007,12159.68
14/03/2007,12133.4
13/03/2007,12075.96
12/03/2007,12318.62
09/03/2007,12276.32
08/03/2007,12260.7
07/03/2007,12192.45
06/03/2007,12207.59
05/03/2007,12050.41
02/03/2007,12114.1
01/03/2007,12234.34
28/02/2007,12268.63
27/02/2007,12216.24
26/02/2007,12632.26
23/02/2007,12647.48
22/02/2007,12686.02
21/02/2007,12738.41
20/02/2007,12786.64
16/02/2007,12767.57
15/02/2007,12765.01
14/02/2007,12741.86
13/02/2007,12654.85
12/02/2007,12552.55
09/02/2007,12580.83
08/02/2007,12637.63
07/02/2007,12666.87
06/02/2007,12666.31
05/02/2007,12661.74
02/02/2007,12653.49
01/02/2007,12673.68
31/01/2007,12621.69
30/01/2007,12523.31
29/01/2007,12490.78
26/01/2007,12487.02
25/01/2007,12502.56
24/01/2007,12621.77
23/01/2007,12533.8
22/01/2007,12477.16
19/01/2007,12565.53
18/01/2007,12567.93
17/01/2007,12577.15
16/01/2007,12582.59
12/01/2007,12556.08
11/01/2007,12514.98
10/01/2007,12442.16
09/01/2007,12416.6
08/01/2007,12423.49
05/01/2007,12398.01
04/01/2007,12480.69
03/01/2007,12474.52
29/12/2006,12463.15
28/12/2006,12501.52
27/12/2006,12510.57
26/12/2006,12407.63
22/12/2006,12343.22
21/12/2006,12421.25
20/12/2006,12463.87
19/12/2006,12471.32
18/12/2006,12441.27
15/12/2006,12445.52
14/12/2006,12416.76
13/12/2006,12317.5
12/12/2006,12315.58
11/12/2006,12328.48
08/12/2006,12307.49
07/12/2006,12278.41
06/12/2006,12309.25
05/12/2006,12331.6
04/12/2006,12283.85
01/12/2006,12194.13
30/11/2006,12221.93
29/11/2006,12226.73
28/11/2006,12136.45
27/11/2006,12121.71
24/11/2006,12280.17
22/11/2006,12326.95
21/11/2006,12321.59
20/11/2006,12316.54
17/11/2006,12342.56
16/11/2006,12305.82
15/11/2006,12251.71
14/11/2006,12218.01
13/11/2006,12131.88
10/11/2006,12108.43
09/11/2006,12103.3
08/11/2006,12176.54
07/11/2006,12156.77
06/11/2006,12105.55
03/11/2006,11986.04
02/11/2006,12018.54
01/11/2006,12031.02
31/10/2006,12080.73
30/10/2006,12086.5
27/10/2006,12090.26
26/10/2006,12163.66
25/10/2006,12134.68
24/10/2006,12127.88
23/10/2006,12116.91
20/10/2006,12002.37
19/10/2006,12011.73
18/10/2006,11992.68
17/10/2006,11950.02
16/10/2006,11980.6
13/10/2006,11960.51
12/10/2006,11947.7
11/10/2006,11852.13
10/10/2006,11867.17
09/10/2006,11857.81
06/10/2006,11850.21
05/10/2006,11866.69
04/10/2006,11850.61
03/10/2006,11727.34
02/10/2006,11670.35
29/09/2006,11679.07
28/09/2006,11718.45
27/09/2006,11689.24
26/09/2006,11669.39
25/09/2006,11575.81
22/09/2006,11508.1
21/09/2006,11533.23
20/09/2006,11613.19
19/09/2006,11540.91
18/09/2006,11555.0
15/09/2006,11560.77
14/09/2006,11527.39
13/09/2006,11543.32
12/09/2006,11498.09
11/09/2006,11396.84
08/09/2006,11392.11
07/09/2006,11331.44
06/09/2006,11406.2
05/09/2006,11469.28
01/09/2006,11464.15
31/08/2006,11381.15
30/08/2006,11382.91
29/08/2006,11369.94
28/08/2006,11352.01
25/08/2006,11284.05
24/08/2006,11304.46
23/08/2006,11297.9
22/08/2006,11339.84
21/08/2006,11345.05
18/08/2006,11381.47
17/08/2006,11334.96
16/08/2006,11327.12
15/08/2006,11230.26
14/08/2006,11097.87
11/08/2006,11088.03
10/08/2006,11124.37
09/08/2006,11076.18
08/08/2006,11173.59
07/08/2006,11219.38
04/08/2006,11240.35
03/08/2006,11242.59
02/08/2006,11199.93
01/08/2006,11125.73
31/07/2006,11185.68
28/07/2006,11219.7
27/07/2006,11100.43
26/07/2006,11102.51
25/07/2006,11103.71
24/07/2006,11051.05
21/07/2006,10868.38
20/07/2006,10928.1
19/07/2006,11011.42
18/07/2006,10799.23
17/07/2006,10747.36
14/07/2006,10739.35
13/07/2006,10846.29
12/07/2006,11013.18
11/07/2006,11134.77
10/07/2006,11103.55
07/07/2006,11090.67
06/07/2006,11225.3
05/07/2006,11151.82
03/07/2006,11228.02
30/06/2006,11150.22
29/06/2006,11190.8
28/06/2006,10973.56
27/06/2006,10924.74
26/06/2006,11045.28
23/06/2006,10989.09
22/06/2006,11019.11
21/06/2006,11079.46
20/06/2006,10974.84
19/06/2006,10942.11
16/06/2006,11014.55
15/06/2006,11015.19
14/06/2006,10816.92
13/06/2006,10706.14
12/06/2006,10792.58
09/06/2006,10891.92
08/06/2006,10938.82
07/06/2006,10930.9
06/06/2006,11002.14
05/06/2006,11048.72
02/06/2006,11247.87
01/06/2006,11260.28
31/05/2006,11168.31
30/05/2006,11094.43
26/05/2006,11278.61
25/05/2006,11211.05
24/05/2006,11117.32
23/05/2006,11098.35
22/05/2006,11125.33
19/05/2006,11144.06
18/05/2006,11128.29
17/05/2006,11205.61
16/05/2006,11419.89
15/05/2006,11428.77
12/05/2006,11380.99
11/05/2006,11500.73
10/05/2006,11642.65
09/05/2006,11639.77
08/05/2006,11584.54
05/05/2006,11577.74
04/05/2006,11438.86
03/05/2006,11400.28
02/05/2006,11416.45
01/05/2006,11343.29
28/04/2006,11367.14
27/04/2006,11382.51
26/04/2006,11354.49
25/04/2006,11283.25
24/04/2006,11336.32
21/04/2006,11347.45
20/04/2006,11342.89
19/04/2006,11278.77
18/04/2006,11268.77
17/04/2006,11073.78
13/04/2006,11137.65
12/04/2006,11129.97
11/04/2006,11089.63
10/04/2006,11141.33
07/04/2006,11120.04
06/04/2006,11216.5
05/04/2006,11239.55
04/04/2006,11203.85
03/04/2006,11144.94
31/03/2006,11109.32
30/03/2006,11150.7
29/03/2006,11215.7
28/03/2006,11154.54
27/03/2006,11250.11
24/03/2006,11279.97
23/03/2006,11270.29
22/03/2006,11317.43
21/03/2006,11235.47
20/03/2006,11274.53
17/03/2006,11279.65
16/03/2006,11253.24
15/03/2006,11209.77
14/03/2006,11151.34
13/03/2006,11076.02
10/03/2006,11076.34
09/03/2006,10972.28
08/03/2006,11005.74
07/03/2006,10980.69
06/03/2006,10958.59
03/03/2006,11021.59
02/03/2006,11025.51
01/03/2006,11053.53
28/02/2006,10993.41
27/02/2006,11097.55
24/02/2006,11061.85
23/02/2006,11069.22
22/02/2006,11137.17
21/02/2006,11069.06
17/02/2006,11115.32
16/02/2006,11120.68
15/02/2006,11058.97
14/02/2006,11028.39
13/02/2006,10892.32
10/02/2006,10919.05
09/02/2006,10883.35
08/02/2006,10858.62
07/02/2006,10749.76
06/02/2006,10798.27
03/02/2006,10793.62
02/02/2006,10851.98
01/02/2006,10953.95
31/01/2006,10864.86
30/01/2006,10899.92
27/01/2006,10907.21
26/01/2006,10809.47
25/01/2006,10709.74
24/01/2006,10712.22
23/01/2006,10688.77
20/01/2006,10667.39
19/01/2006,10880.71
18/01/2006,10854.86
17/01/2006,10896.32
13/01/2006,10959.87
12/01/2006,10962.36
11/01/2006,11043.44
10/01/2006,11011.58
09/01/2006,11011.9
06/01/2006,10959.31
05/01/2006,10882.15
04/01/2006,10880.15
03/01/2006,10847.41
30/12/2005,10717.5
29/12/2005,10784.82
28/12/2005,10796.26
27/12/2005,10777.77
23/12/2005,10883.27
22/12/2005,10889.44
21/12/2005,10833.73
20/12/2005,10805.55
19/12/2005,10836.53
16/12/2005,10875.59
15/12/2005,10881.67
14/12/2005,10883.51
13/12/2005,10823.72
12/12/2005,10767.77
09/12/2005,10778.58
08/12/2005,10755.12
07/12/2005,10810.91
06/12/2005,10856.86
05/12/2005,10835.01
02/12/2005,10877.51
01/12/2005,10912.57
30/11/2005,10805.87
29/11/2005,10888.16
28/11/2005,10890.72
25/11/2005,10931.62
23/11/2005,10916.09
22/11/2005,10871.43
21/11/2005,10820.28
18/11/2005,10766.33
17/11/2005,10720.22
16/11/2005,10674.76
15/11/2005,10686.44
14/11/2005,10697.17
11/11/2005,10686.04
10/11/2005,10640.1
09/11/2005,10546.21
08/11/2005,10539.72
07/11/2005,10586.23
04/11/2005,10530.76
03/11/2005,10522.59
02/11/2005,10472.73
01/11/2005,10406.77
31/10/2005,10440.07
28/10/2005,10402.77
27/10/2005,10229.95
26/10/2005,10344.98
25/10/2005,10377.87
24/10/2005,10385.0
21/10/2005,10215.22
20/10/2005,10281.1
19/10/2005,10414.13
18/10/2005,10285.26
17/10/2005,10348.1
14/10/2005,10287.34
13/10/2005,10216.59
12/10/2005,10216.91
11/10/2005,10253.17
10/10/2005,10238.76
07/10/2005,10292.31
06/10/2005,10287.1
05/10/2005,10317.36
04/10/2005,10441.11
03/10/2005,10535.48
30/09/2005,10568.7
29/09/2005,10552.78
28/09/2005,10473.09
27/09/2005,10456.21
26/09/2005,10443.63
23/09/2005,10419.59
22/09/2005,10422.05
21/09/2005,10378.03
20/09/2005,10481.52
19/09/2005,10557.63
16/09/2005,10641.94
15/09/2005,10558.75
14/09/2005,10544.9
13/09/2005,10597.44
12/09/2005,10682.94
09/09/2005,10678.56
08/09/2005,10595.93
07/09/2005,10633.5
06/09/2005,10589.24
02/09/2005,10447.37
01/09/2005,10459.63
31/08/2005,10481.6
30/08/2005,10412.82
29/08/2005,10463.05
26/08/2005,10397.29
25/08/2005,10450.63
24/08/2005,10434.87
23/08/2005,10519.58
22/08/2005,10569.89
19/08/2005,10559.23
18/08/2005,10554.93
17/08/2005,10550.71
16/08/2005,10513.45
15/08/2005,10634.38
12/08/2005,10600.31
11/08/2005,10685.89
10/08/2005,10594.41
09/08/2005,10615.67
08/08/2005,10536.93
05/08/2005,10558.03
04/08/2005,10610.1
03/08/2005,10697.59
02/08/2005,10683.74
01/08/2005,10623.15
29/07/2005,10640.91
28/07/2005,10705.55
27/07/2005,10637.09
26/07/2005,10579.77
25/07/2005,10596.48
22/07/2005,10651.18
21/07/2005,10627.77
20/07/2005,10689.15
19/07/2005,10646.56
18/07/2005,10574.99
15/07/2005,10640.83
14/07/2005,10628.89
13/07/2005,10557.39
12/07/2005,10513.89
11/07/2005,10519.72
08/07/2005,10449.14
07/07/2005,10302.29
06/07/2005,10270.68
05/07/2005,10371.8
01/07/2005,10303.44
30/06/2005,10274.97
29/06/2005,10374.48
28/06/2005,10405.63
27/06/2005,10290.78
24/06/2005,10297.84
23/06/2005,10421.44
22/06/2005,10587.93
21/06/2005,10599.67
20/06/2005,10609.11
17/06/2005,10623.07
16/06/2005,10578.65
15/06/2005,10566.37
14/06/2005,10547.57
13/06/2005,10522.56
10/06/2005,10512.63
09/06/2005,10503.02
08/06/2005,10476.86
07/06/2005,10483.07
06/06/2005,10467.03
03/06/2005,10460.97
02/06/2005,10553.49
01/06/2005,10549.87
31/05/2005,10467.48
27/05/2005,10542.55
26/05/2005,10537.6
25/05/2005,10457.8
24/05/2005,10503.68
23/05/2005,10523.56
20/05/2005,10471.91
19/05/2005,10493.19
18/05/2005,10464.45
17/05/2005,10331.88
16/05/2005,10252.29
13/05/2005,10140.12
12/05/2005,10189.48
11/05/2005,10300.25
10/05/2005,10281.11
09/05/2005,10384.34
06/05/2005,10345.4
05/05/2005,10340.38
04/05/2005,10384.64
03/05/2005,10256.95
02/05/2005,10251.7
29/04/2005,10192.51
28/04/2005,10070.37
27/04/2005,10198.8
26/04/2005,10151.13
25/04/2005,10242.47
22/04/2005,10157.71
21/04/2005,10218.6
20/04/2005,10012.36
19/04/2005,10127.41
18/04/2005,10071.25
15/04/2005,10087.51
14/04/2005,10278.75
13/04/2005,10403.93
12/04/2005,10507.97
11/04/2005,10448.56
08/04/2005,10461.34
07/04/2005,10546.32
06/04/2005,10486.02
05/04/2005,10458.46
04/04/2005,10421.14
01/04/2005,10404.3
31/03/2005,10503.76
30/03/2005,10540.93
29/03/2005,10405.7
28/03/2005,10485.65
24/03/2005,10442.87
23/03/2005,10456.02
22/03/2005,10470.51
21/03/2005,10565.39
18/03/2005,10629.67
17/03/2005,10626.35
16/03/2005,10633.07
15/03/2005,10745.1
14/03/2005,10804.51
11/03/2005,10774.36
10/03/2005,10851.51
09/03/2005,10805.62
08/03/2005,10912.62
07/03/2005,10936.86
04/03/2005,10940.55
03/03/2005,10833.03
02/03/2005,10811.97
01/03/2005,10830.0
28/02/2005,10766.23
25/02/2005,10841.6
24/02/2005,10748.79
23/02/2005,10673.79
22/02/2005,10611.2
18/02/2005,10785.22
17/02/2005,10754.26
16/02/2005,10834.88
15/02/2005,10837.32
14/02/2005,10791.13
11/02/2005,10796.01
10/02/2005,10749.61
09/02/2005,10664.11
08/02/2005,10724.63
07/02/2005,10715.76
04/02/2005,10716.13
03/02/2005,10593.1
02/02/2005,10596.79
01/02/2005,10551.94
31/01/2005,10489.94
28/01/2005,10427.2
27/01/2005,10467.4
26/01/2005,10498.59
25/01/2005,10461.56
24/01/2005,10368.61
21/01/2005,10392.99
20/01/2005,10471.47
19/01/2005,10539.97
18/01/2005,10628.79
14/01/2005,10558.0
13/01/2005,10505.83
12/01/2005,10617.78
11/01/2005,10556.22
10/01/2005,10621.03
07/01/2005,10603.96
06/01/2005,10622.88
05/01/2005,10597.83
04/01/2005,10630.78
03/01/2005,10729.43
31/12/2004,10783.01
30/12/2004,10800.3
29/12/2004,10829.19
28/12/2004,10854.54
27/12/2004,10776.13
23/12/2004,10827.12
22/12/2004,10815.89
21/12/2004,10759.43
20/12/2004,10661.6
17/12/2004,10649.92
16/12/2004,10705.64
15/12/2004,10691.45
14/12/2004,10676.45
13/12/2004,10638.32
10/12/2004,10543.22
09/12/2004,10552.82
08/12/2004,10494.23
07/12/2004,10440.58
06/12/2004,10547.06
03/12/2004,10592.21
02/12/2004,10585.12
01/12/2004,10590.22
30/11/2004,10428.02
29/11/2004,10475.9
26/11/2004,10522.23
24/11/2004,10520.31
23/11/2004,10492.6
22/11/2004,10489.42
19/11/2004,10456.91
18/11/2004,10572.55
17/11/2004,10549.57
16/11/2004,10487.65
15/11/2004,10550.24
12/11/2004,10539.01
11/11/2004,10469.84
10/11/2004,10385.48
09/11/2004,10386.37
08/11/2004,10391.31
05/11/2004,10387.54
04/11/2004,10314.76
03/11/2004,10137.05
02/11/2004,10035.73
01/11/2004,10054.39
29/10/2004,10027.47
28/10/2004,10004.54
27/10/2004,10002.03
26/10/2004,9888.48
25/10/2004,9749.99
22/10/2004,9757.81
21/10/2004,9865.76
20/10/2004,9886.93
19/10/2004,9897.62
18/10/2004,9956.32
15/10/2004,9933.38
14/10/2004,9894.45
13/10/2004,10002.33
12/10/2004,10077.18
11/10/2004,10081.97
08/10/2004,10055.2
07/10/2004,10125.4
06/10/2004,10239.92
05/10/2004,10177.68
04/10/2004,10216.54
01/10/2004,10192.65
30/09/2004,10080.27
29/09/2004,10136.24
28/09/2004,10077.4
27/09/2004,9988.54
24/09/2004,10047.24
23/09/2004,10038.9
22/09/2004,10109.18
21/09/2004,10244.93
20/09/2004,10204.89
17/09/2004,10284.46
16/09/2004,10244.49
15/09/2004,10231.36
14/09/2004,10318.16
13/09/2004,10314.76
10/09/2004,10313.07
09/09/2004,10289.1
08/09/2004,10313.36
07/09/2004,10342.79
03/09/2004,10260.2
02/09/2004,10290.28
01/09/2004,10168.46
31/08/2004,10173.92
30/08/2004,10122.52
27/08/2004,10195.01
26/08/2004,10173.41
25/08/2004,10181.74
24/08/2004,10098.63
23/08/2004,10073.05
20/08/2004,10110.14
19/08/2004,10040.82
18/08/2004,10083.15
17/08/2004,9972.83
16/08/2004,9954.55
13/08/2004,9825.35
12/08/2004,9814.59
11/08/2004,9938.32
10/08/2004,9944.67
09/08/2004,9814.66
06/08/2004,9815.33
05/08/2004,9963.03
04/08/2004,10126.51
03/08/2004,10120.24
02/08/2004,10179.16
30/07/2004,10139.71
29/07/2004,10129.24
28/07/2004,10117.07
27/07/2004,10085.14
26/07/2004,9961.92
23/07/2004,9962.22
22/07/2004,10050.33
21/07/2004,10046.13
20/07/2004,10149.07
19/07/2004,10094.06
16/07/2004,10139.78
15/07/2004,10163.16
14/07/2004,10208.8
13/07/2004,10247.59
12/07/2004,10238.22
09/07/2004,10213.22
08/07/2004,10171.56
07/07/2004,10240.29
06/07/2004,10219.34
02/07/2004,10282.83
01/07/2004,10334.16
30/06/2004,10435.48
29/06/2004,10413.43
28/06/2004,10357.09
25/06/2004,10371.84
24/06/2004,10443.81
23/06/2004,10479.57
22/06/2004,10395.07
21/06/2004,10371.47
18/06/2004,10416.41
17/06/2004,10377.52
16/06/2004,10379.58
15/06/2004,10380.43
14/06/2004,10334.73
10/06/2004,10410.1
09/06/2004,10368.44
08/06/2004,10432.52
07/06/2004,10391.08
04/06/2004,10242.82
03/06/2004,10195.91
02/06/2004,10262.97
01/06/2004,10202.65
28/05/2004,10188.45
27/05/2004,10205.2
26/05/2004,10109.89
25/05/2004,10117.62
24/05/2004,9958.43
21/05/2004,9966.74
20/05/2004,9937.64
19/05/2004,9937.71
18/05/2004,9968.51
17/05/2004,9906.91
14/05/2004,10012.87
13/05/2004,10010.74
12/05/2004,10045.16
11/05/2004,10019.47
10/05/2004,9990.02
07/05/2004,10117.34
06/05/2004,10241.26
05/05/2004,10310.95
04/05/2004,10317.2
03/05/2004,10314.0
30/04/2004,10225.57
29/04/2004,10272.27
28/04/2004,10342.6
27/04/2004,10478.16
26/04/2004,10444.73
23/04/2004,10472.84
22/04/2004,10461.2
21/04/2004,10317.27
20/04/2004,10314.5
19/04/2004,10437.85
16/04/2004,10451.97
15/04/2004,10397.46
14/04/2004,10377.95
13/04/2004,10381.28
12/04/2004,10515.56
08/04/2004,10442.03
07/04/2004,10480.15
06/04/2004,10570.81
05/04/2004,10558.37
02/04/2004,10470.59
01/04/2004,10373.33
31/03/2004,10357.7
30/03/2004,10381.7
29/03/2004,10329.63
26/03/2004,10212.97
25/03/2004,10218.82
24/03/2004,10048.23
23/03/2004,10063.64
22/03/2004,10064.75
19/03/2004,10186.6
18/03/2004,10295.78
17/03/2004,10300.3
16/03/2004,10184.67
15/03/2004,10102.89
12/03/2004,10240.08
11/03/2004,10128.38
10/03/2004,10296.89
09/03/2004,10456.96
08/03/2004,10529.48
05/03/2004,10595.55
04/03/2004,10588.0
03/03/2004,10593.11
02/03/2004,10591.48
01/03/2004,10678.14
27/02/2004,10583.92
26/02/2004,10580.14
25/02/2004,10601.62
24/02/2004,10566.37
23/02/2004,10609.62
20/02/2004,10619.03
19/02/2004,10664.73
18/02/2004,10671.99
17/02/2004,10714.88
13/02/2004,10627.85
12/02/2004,10694.07
11/02/2004,10737.7
10/02/2004,10613.85
09/02/2004,10579.03
06/02/2004,10593.03
05/02/2004,10495.55
04/02/2004,10470.74
03/02/2004,10505.18
02/02/2004,10499.18
30/01/2004,10488.07
29/01/2004,10510.29
28/01/2004,10468.37
27/01/2004,10609.92
26/01/2004,10702.51
23/01/2004,10568.29
22/01/2004,10623.18
21/01/2004,10623.62
20/01/2004,10528.66
16/01/2004,10600.51
15/01/2004,10553.85
14/01/2004,10538.37
13/01/2004,10427.18
12/01/2004,10485.18
09/01/2004,10458.89
08/01/2004,10592.44
07/01/2004,10529.03
06/01/2004,10538.66
05/01/2004,10544.07
02/01/2004,10409.85
31/12/2003,10453.92
30/12/2003,10425.04
29/12/2003,10450.0
26/12/2003,10324.67
24/12/2003,10305.19
23/12/2003,10341.26
22/12/2003,10338.0
19/12/2003,10278.22
18/12/2003,10248.08
17/12/2003,10145.26
16/12/2003,10129.56
15/12/2003,10022.82
12/12/2003,10042.16
11/12/2003,10008.16
10/12/2003,9921.86
09/12/2003,9923.42
08/12/2003,9965.27
05/12/2003,9862.68
04/12/2003,9930.82
03/12/2003,9873.42
02/12/2003,9853.64
01/12/2003,9899.05
28/11/2003,9782.46
26/11/2003,9779.57
25/11/2003,9763.94
24/11/2003,9747.79
21/11/2003,9628.53
20/11/2003,9619.42
19/11/2003,9690.46
18/11/2003,9624.16
17/11/2003,9710.83
14/11/2003,9768.68
13/11/2003,9837.94
12/11/2003,9848.83
11/11/2003,9737.79
10/11/2003,9756.53
07/11/2003,9809.79
06/11/2003,9856.97
05/11/2003,9820.83
04/11/2003,9838.83
03/11/2003,9858.46
31/10/2003,9801.12
30/10/2003,9786.61
29/10/2003,9774.53
28/10/2003,9748.31
27/10/2003,9608.16
24/10/2003,9582.46
23/10/2003,9613.13
22/10/2003,9598.24
21/10/2003,9747.64
20/10/2003,9777.94
17/10/2003,9721.79
16/10/2003,9791.72
15/10/2003,9803.05
14/10/2003,9812.98
13/10/2003,9764.38
10/10/2003,9674.68
09/10/2003,9680.01
08/10/2003,9630.9
07/10/2003,9654.61
06/10/2003,9594.98
03/10/2003,9572.31
02/10/2003,9487.8
01/10/2003,9469.2
30/09/2003,9275.06
29/09/2003,9380.24
26/09/2003,9313.08
25/09/2003,9343.96
24/09/2003,9425.51
23/09/2003,9576.04
22/09/2003,9535.41
19/09/2003,9644.82
18/09/2003,9659.13
17/09/2003,9545.65
16/09/2003,9567.34
15/09/2003,9448.81
12/09/2003,9471.55
11/09/2003,9459.76
10/09/2003,9420.46
09/09/2003,9507.2
08/09/2003,9586.29
05/09/2003,9503.34
04/09/2003,9587.9
03/09/2003,9568.46
02/09/2003,9523.27
29/08/2003,9415.82
28/08/2003,9374.21
27/08/2003,9333.79
26/08/2003,9340.45
25/08/2003,9317.64
22/08/2003,9348.87
21/08/2003,9423.68
20/08/2003,9397.51
19/08/2003,9428.9
18/08/2003,9412.45
15/08/2003,9321.69
14/08/2003,9310.56
13/08/2003,9271.76
12/08/2003,9310.06
11/08/2003,9217.35
08/08/2003,9191.09
07/08/2003,9126.45
06/08/2003,9061.74
05/08/2003,9036.32
04/08/2003,9186.04
01/08/2003,9153.97
31/07/2003,9233.8
30/07/2003,9200.05
29/07/2003,9204.46
28/07/2003,9266.51
25/07/2003,9284.57
24/07/2003,9112.51
23/07/2003,9194.24
22/07/2003,9158.45
21/07/2003,9096.69
18/07/2003,9188.15
17/07/2003,9050.82
16/07/2003,9094.59
15/07/2003,9128.97
14/07/2003,9177.15
11/07/2003,9119.59
10/07/2003,9036.04
09/07/2003,9156.21
08/07/2003,9223.09
07/07/2003,9216.79
03/07/2003,9070.21
02/07/2003,9142.84
01/07/2003,9040.95
30/06/2003,8985.44
27/06/2003,8989.05
26/06/2003,9079.04
25/06/2003,9011.53
24/06/2003,9109.85
23/06/2003,9072.95
20/06/2003,9200.75
19/06/2003,9179.53
18/06/2003,9293.8
17/06/2003,9323.02
16/06/2003,9318.96
13/06/2003,9117.12
12/06/2003,9196.55
11/06/2003,9183.22
10/06/2003,9054.89
09/06/2003,8980.0
06/06/2003,9062.79
05/06/2003,9041.3
04/06/2003,9038.98
03/06/2003,8922.95
02/06/2003,8897.81
30/05/2003,8850.26
29/05/2003,8711.18
28/05/2003,8793.12
27/05/2003,8781.35
23/05/2003,8601.38
22/05/2003,8594.02
21/05/2003,8516.43
20/05/2003,8491.36
19/05/2003,8493.39
16/05/2003,8678.97
15/05/2003,8713.14
14/05/2003,8647.82
13/05/2003,8679.25
12/05/2003,8726.73
09/05/2003,8604.6
08/05/2003,8491.22
07/05/2003,8560.63
06/05/2003,8588.36
05/05/2003,8531.57
02/05/2003,8582.68
01/05/2003,8454.25
30/04/2003,8480.09
29/04/2003,8502.99
28/04/2003,8471.61
25/04/2003,8306.35
24/04/2003,8440.04
23/04/2003,8515.66
22/04/2003,8484.99
21/04/2003,8328.9
17/04/2003,8337.65
16/04/2003,8257.61
15/04/2003,8402.36
14/04/2003,8351.1
11/04/2003,8203.41
10/04/2003,8221.33
09/04/2003,8197.94
08/04/2003,8298.92
07/04/2003,8300.41
04/04/2003,8277.15
03/04/2003,8240.38
02/04/2003,8285.06
01/04/2003,8069.86
31/03/2003,7992.13
28/03/2003,8145.77
27/03/2003,8201.45
26/03/2003,8229.88
25/03/2003,8280.23
24/03/2003,8214.68
21/03/2003,8521.97
20/03/2003,8286.6
19/03/2003,8265.45
18/03/2003,8194.23
17/03/2003,8141.92
14/03/2003,7859.71
13/03/2003,7821.75
12/03/2003,7552.07
11/03/2003,7524.06
10/03/2003,7568.18
07/03/2003,7740.03
06/03/2003,7673.99
05/03/2003,7775.6
04/03/2003,7704.87
03/03/2003,7837.86
28/02/2003,7891.08
27/02/2003,7884.99
26/02/2003,7806.98
25/02/2003,7909.5
24/02/2003,7858.24
21/02/2003,8018.11
20/02/2003,7914.96
19/02/2003,8000.6
18/02/2003,8041.15
14/02/2003,7908.8
13/02/2003,7749.87
12/02/2003,7758.17
11/02/2003,7843.11
10/02/2003,7920.11
07/02/2003,7864.23
06/02/2003,7929.3
05/02/2003,7985.18
04/02/2003,8013.29
03/02/2003,8109.82
31/01/2003,8053.81
30/01/2003,7945.13
29/01/2003,8110.71
28/01/2003,8088.84
27/01/2003,7989.56
24/01/2003,8131.01
23/01/2003,8369.47
22/01/2003,8318.73
21/01/2003,8442.9
17/01/2003,8586.74
16/01/2003,8697.87
15/01/2003,8723.18
14/01/2003,8842.62
13/01/2003,8785.98
10/01/2003,8784.89
09/01/2003,8776.18
08/01/2003,8595.31
07/01/2003,8740.59
06/01/2003,8773.57
03/01/2003,8601.69
02/01/2003,8607.52
31/12/2002,8341.63
30/12/2002,8332.85
27/12/2002,8303.78
26/12/2002,8432.61
24/12/2002,8448.11
23/12/2002,8493.29
20/12/2002,8511.32
19/12/2002,8364.8
18/12/2002,8447.35
17/12/2002,8535.39
16/12/2002,8627.4
13/12/2002,8433.71
12/12/2002,8538.4
11/12/2002,8589.14
10/12/2002,8574.26
09/12/2002,8473.41
06/12/2002,8645.77
05/12/2002,8623.28
04/12/2002,8737.85
03/12/2002,8742.93
02/12/2002,8862.57
29/11/2002,8896.09
27/11/2002,8931.68
26/11/2002,8676.42
25/11/2002,8849.4
22/11/2002,8804.84
21/11/2002,8845.15
20/11/2002,8623.01
19/11/2002,8474.78
18/11/2002,8486.57
15/11/2002,8579.09
14/11/2002,8542.13
13/11/2002,8398.49
12/11/2002,8386.0
11/11/2002,8358.95
08/11/2002,8537.13
07/11/2002,8586.24
06/11/2002,8771.01
05/11/2002,8678.27
04/11/2002,8571.6
01/11/2002,8517.64
31/10/2002,8397.03
30/10/2002,8427.41
29/10/2002,8368.94
28/10/2002,8368.04
25/10/2002,8443.99
24/10/2002,8317.34
23/10/2002,8494.27
22/10/2002,8450.16
21/10/2002,8538.24
18/10/2002,8322.4
17/10/2002,8275.04
16/10/2002,8036.03
15/10/2002,8255.68
14/10/2002,7877.4
11/10/2002,7850.29
10/10/2002,7533.95
09/10/2002,7286.27
08/10/2002,7501.49
07/10/2002,7422.84
04/10/2002,7528.4
03/10/2002,7717.19
02/10/2002,7755.61
01/10/2002,7938.79
30/09/2002,7591.93
27/09/2002,7701.45
26/09/2002,7997.12
25/09/2002,7841.82
24/09/2002,7683.13
23/09/2002,7872.15
20/09/2002,7986.02
19/09/2002,7942.39
18/09/2002,8172.45
17/09/2002,8207.55
16/09/2002,8380.18
13/09/2002,8312.69
12/09/2002,8379.41
11/09/2002,8581.17
10/09/2002,8602.61
09/09/2002,8519.38
06/09/2002,8427.2
05/09/2002,8283.7
04/09/2002,8425.12
03/09/2002,8308.05
30/08/2002,8663.5
29/08/2002,8670.99
28/08/2002,8694.09
27/08/2002,8824.41
26/08/2002,8919.01
23/08/2002,8872.96
22/08/2002,9053.64
21/08/2002,8957.23
20/08/2002,8872.07
19/08/2002,8990.79
16/08/2002,8778.06
15/08/2002,8818.14
14/08/2002,8743.31
13/08/2002,8482.39
12/08/2002,8688.89
09/08/2002,8745.45
08/08/2002,8712.02
07/08/2002,8456.15
06/08/2002,8274.09
05/08/2002,8043.63
02/08/2002,8313.13
01/08/2002,8506.62
31/07/2002,8736.59
30/07/2002,8680.03
29/07/2002,8711.88
26/07/2002,8264.39
25/07/2002,8186.31
24/07/2002,8191.29
23/07/2002,7702.34
22/07/2002,7784.58
19/07/2002,8019.26
18/07/2002,8409.49
17/07/2002,8542.48
16/07/2002,8473.11
15/07/2002,8639.19
12/07/2002,8684.53
11/07/2002,8801.53
10/07/2002,8813.5
09/07/2002,9096.09
08/07/2002,9274.9
05/07/2002,9379.5
03/07/2002,9054.97
02/07/2002,9007.75
01/07/2002,9109.79
28/06/2002,9243.26
27/06/2002,9269.92
26/06/2002,9120.11
25/06/2002,9126.82
24/06/2002,9281.82
21/06/2002,9253.79
20/06/2002,9431.77
19/06/2002,9561.57
18/06/2002,9706.12
17/06/2002,9687.42
14/06/2002,9474.21
13/06/2002,9502.8
12/06/2002,9617.71
11/06/2002,9517.26
10/06/2002,9645.4
07/06/2002,9589.67
06/06/2002,9624.64
05/06/2002,9796.8
04/06/2002,9687.84
03/06/2002,9709.79
31/05/2002,9925.25
30/05/2002,9911.69
29/05/2002,9923.04
28/05/2002,9981.58
24/05/2002,10104.26
23/05/2002,10216.08
22/05/2002,10157.88
21/05/2002,10105.71
20/05/2002,10229.5
17/05/2002,10353.08
16/05/2002,10289.21
15/05/2002,10243.68
14/05/2002,10298.14
13/05/2002,10109.66
10/05/2002,9939.92
09/05/2002,10037.42
08/05/2002,10141.83
07/05/2002,9836.55
06/05/2002,9808.04
03/05/2002,10006.63
02/05/2002,10091.87
01/05/2002,10059.63
30/04/2002,9946.22
29/04/2002,9819.87
26/04/2002,9910.72
25/04/2002,10035.06
24/04/2002,10030.43
23/04/2002,10089.24
22/04/2002,10136.43
19/04/2002,10257.11
18/04/2002,10205.28
17/04/2002,10220.78
16/04/2002,10301.32
15/04/2002,10093.67
12/04/2002,10190.82
11/04/2002,10176.08
10/04/2002,10381.73
09/04/2002,10208.67
08/04/2002,10249.08
05/04/2002,10271.64
04/04/2002,10235.17
03/04/2002,10198.29
02/04/2002,10313.71
01/04/2002,10362.7
28/03/2002,10403.94
27/03/2002,10426.91
26/03/2002,10353.36
25/03/2002,10281.67
22/03/2002,10427.67
21/03/2002,10479.84
20/03/2002,10501.57
19/03/2002,10635.25
18/03/2002,10577.75
15/03/2002,10607.23
14/03/2002,10517.14
13/03/2002,10501.85
12/03/2002,10632.35
11/03/2002,10611.24
08/03/2002,10572.49
07/03/2002,10525.37
06/03/2002,10574.29
05/03/2002,10433.41
04/03/2002,10586.82
01/03/2002,10368.86
28/02/2002,10106.13
27/02/2002,10127.58
26/02/2002,10115.26
25/02/2002,10145.71
22/02/2002,9968.15
21/02/2002,9834.68
20/02/2002,9941.17
19/02/2002,9745.14
15/02/2002,9903.04
14/02/2002,10001.99
13/02/2002,9989.67
12/02/2002,9863.74
11/02/2002,9884.78
08/02/2002,9744.24
07/02/2002,9625.44
06/02/2002,9653.39
05/02/2002,9685.43
04/02/2002,9687.09
01/02/2002,9907.26
31/01/2002,9920.0
30/01/2002,9762.86
29/01/2002,9618.24
28/01/2002,9865.75
25/01/2002,9840.08
24/01/2002,9796.07
23/01/2002,9730.96
22/01/2002,9713.8
18/01/2002,9771.85
17/01/2002,9850.04
16/01/2002,9712.27
15/01/2002,9924.15
14/01/2002,9891.42
11/01/2002,9987.53
10/01/2002,10067.86
09/01/2002,10094.09
08/01/2002,10150.55
07/01/2002,10197.05
04/01/2002,10259.74
03/01/2002,10172.14
02/01/2002,10073.4
31/12/2001,10021.5
28/12/2001,10136.99
27/12/2001,10131.31
26/12/2001,10088.14
24/12/2001,10035.34
21/12/2001,10035.34
20/12/2001,9985.18
19/12/2001,10070.49
18/12/2001,9998.39
17/12/2001,9891.97
14/12/2001,9811.15
13/12/2001,9766.45
12/12/2001,9894.81
11/12/2001,9888.37
10/12/2001,9921.45
07/12/2001,10049.46
06/12/2001,10099.14
05/12/2001,10114.29
04/12/2001,9893.84
03/12/2001,9763.96
30/11/2001,9851.56
29/11/2001,9829.42
28/11/2001,9711.86
27/11/2001,9872.6
26/11/2001,9982.75
23/11/2001,9959.71
21/11/2001,9834.68
20/11/2001,9901.38
19/11/2001,9976.46
16/11/2001,9866.99
15/11/2001,9872.39
14/11/2001,9823.61
13/11/2001,9750.95
12/11/2001,9554.37
09/11/2001,9608.0
08/11/2001,9587.52
07/11/2001,9554.37
06/11/2001,9591.12
05/11/2001,9441.03
02/11/2001,9323.54
01/11/2001,9263.9
31/10/2001,9075.14
30/10/2001,9121.98
29/10/2001,9269.5
26/10/2001,9545.17
25/10/2001,9462.9
24/10/2001,9345.62
23/10/2001,9340.08
22/10/2001,9377.03
19/10/2001,9204.11
18/10/2001,9163.22
17/10/2001,9232.97
16/10/2001,9384.23
15/10/2001,9347.62
12/10/2001,9344.16
11/10/2001,9410.45
10/10/2001,9240.86
09/10/2001,9052.44
08/10/2001,9067.94
05/10/2001,9119.77
04/10/2001,9060.88
03/10/2001,9123.78
02/10/2001,8950.59
01/10/2001,8836.83
28/09/2001,8847.56
27/09/2001,8681.42
26/09/2001,8567.39
25/09/2001,8659.97
24/09/2001,8603.86
21/09/2001,8235.81
20/09/2001,8376.21
19/09/2001,8759.13
18/09/2001,8903.4
17/09/2001,8920.7
10/09/2001,9605.51
07/09/2001,9605.85
06/09/2001,9840.84
05/09/2001,10033.27
04/09/2001,9997.49
31/08/2001,9949.75
30/08/2001,9919.58
29/08/2001,10090.9
28/08/2001,10222.03
27/08/2001,10382.35
24/08/2001,10423.17
23/08/2001,10229.15
22/08/2001,10276.9
21/08/2001,10174.14
20/08/2001,10320.07
17/08/2001,10240.78
16/08/2001,10392.52
15/08/2001,10345.95
14/08/2001,10412.17
13/08/2001,10415.91
10/08/2001,10416.25
09/08/2001,10298.56
08/08/2001,10293.5
07/08/2001,10458.74
06/08/2001,10401.31
03/08/2001,10512.78
02/08/2001,10551.18
01/08/2001,10510.01
31/07/2001,10522.81
30/07/2001,10401.72
27/07/2001,10416.67
26/07/2001,10455.63
25/07/2001,10405.67
24/07/2001,10241.12
23/07/2001,10424.42
20/07/2001,10576.65
19/07/2001,10610.0
18/07/2001,10569.83
17/07/2001,10606.39
16/07/2001,10472.12
13/07/2001,10539.06
12/07/2001,10478.99
11/07/2001,10241.02
10/07/2001,10175.64
09/07/2001,10299.4
06/07/2001,10252.68
05/07/2001,10479.86
03/07/2001,10571.11
02/07/2001,10593.72
29/06/2001,10502.4
28/06/2001,10566.21
27/06/2001,10434.84
26/06/2001,10472.48
25/06/2001,10504.22
22/06/2001,10604.59
21/06/2001,10715.43
20/06/2001,10647.33
19/06/2001,10596.67
18/06/2001,10645.38
15/06/2001,10623.64
14/06/2001,10690.13
13/06/2001,10871.62
12/06/2001,10948.38
11/06/2001,10922.09
08/06/2001,10977.0
07/06/2001,11090.74
06/06/2001,11070.24
05/06/2001,11175.84
04/06/2001,11061.52
01/06/2001,10990.41
31/05/2001,10911.94
30/05/2001,10872.64
29/05/2001,11039.14
25/05/2001,11005.37
24/05/2001,11122.42
23/05/2001,11105.51
22/05/2001,11257.24
21/05/2001,11337.92
18/05/2001,11301.74
17/05/2001,11248.58
16/05/2001,11215.92
15/05/2001,10872.97
14/05/2001,10877.33
11/05/2001,10821.31
10/05/2001,10910.44
09/05/2001,10866.98
08/05/2001,10883.51
07/05/2001,10935.17
04/05/2001,10951.24
03/05/2001,10796.65
02/05/2001,10876.68
01/05/2001,10898.34
30/04/2001,10734.97
27/04/2001,10810.05
26/04/2001,10692.35
25/04/2001,10625.2
24/04/2001,10454.34
23/04/2001,10532.23
20/04/2001,10579.85
19/04/2001,10693.71
18/04/2001,10615.83
17/04/2001,10216.73
16/04/2001,10158.56
12/04/2001,10126.94
11/04/2001,10013.47
10/04/2001,10102.74
09/04/2001,9845.15
06/04/2001,9791.09
05/04/2001,9918.05
04/04/2001,9515.42
03/04/2001,9485.71
02/04/2001,9777.93
30/03/2001,9878.78
29/03/2001,9799.06
28/03/2001,9785.35
27/03/2001,9947.54
26/03/2001,9687.53
23/03/2001,9504.78
22/03/2001,9389.48
21/03/2001,9487.0
20/03/2001,9720.76
19/03/2001,9959.11
16/03/2001,9823.41
15/03/2001,10031.28
14/03/2001,9973.46
13/03/2001,10290.8
12/03/2001,10208.25
09/03/2001,10644.62
08/03/2001,10858.25
07/03/2001,10729.6
06/03/2001,10591.22
05/03/2001,10562.3
02/03/2001,10466.31
01/03/2001,10450.14
28/02/2001,10495.28
27/02/2001,10636.88
26/02/2001,10642.53
23/02/2001,10441.9
22/02/2001,10526.81
21/02/2001,10526.58
20/02/2001,10730.88
16/02/2001,10799.82
15/02/2001,10891.02
14/02/2001,10795.41
13/02/2001,10903.32
12/02/2001,10946.77
09/02/2001,10781.45
08/02/2001,10880.55
07/02/2001,10946.72
06/02/2001,10957.42
05/02/2001,10965.85
02/02/2001,10864.1
01/02/2001,10983.62
31/01/2001,10887.36
30/01/2001,10881.2
29/01/2001,10702.19
26/01/2001,10659.98
25/01/2001,10729.52
24/01/2001,10646.97
23/01/2001,10649.81
22/01/2001,10578.24
19/01/2001,10587.59
18/01/2001,10678.28
17/01/2001,10584.34
16/01/2001,10652.66
12/01/2001,10525.38
11/01/2001,10609.55
10/01/2001,10604.27
09/01/2001,10572.55
08/01/2001,10621.35
05/01/2001,10662.01
04/01/2001,10912.41
03/01/2001,10945.75
02/01/2001,10646.15
29/12/2000,10786.85
28/12/2000,10868.76
27/12/2000,10803.16
26/12/2000,10692.44
22/12/2000,10635.56
21/12/2000,10487.29
20/12/2000,10318.93
19/12/2000,10584.37
18/12/2000,10645.42
15/12/2000,10434.96
14/12/2000,10674.99
13/12/2000,10794.44
12/12/2000,10768.27
11/12/2000,10725.8
08/12/2000,10712.91
07/12/2000,10617.36
06/12/2000,10664.38
05/12/2000,10898.72
04/12/2000,10560.1
01/12/2000,10373.54
30/11/2000,10414.49
29/11/2000,10629.11
28/11/2000,10507.58
27/11/2000,10546.07
24/11/2000,10470.23
22/11/2000,10399.32
21/11/2000,10494.5
20/11/2000,10462.65
17/11/2000,10629.87
16/11/2000,10656.03
15/11/2000,10707.6
14/11/2000,10681.06
13/11/2000,10517.25
10/11/2000,10602.95
09/11/2000,10834.25
08/11/2000,10907.06
07/11/2000,10952.18
06/11/2000,10977.21
03/11/2000,10817.95
02/11/2000,10880.51
01/11/2000,10899.47
31/10/2000,10971.14
30/10/2000,10835.77
27/10/2000,10590.62
26/10/2000,10380.12
25/10/2000,10326.48
24/10/2000,10393.07
23/10/2000,10271.72
20/10/2000,10226.59
19/10/2000,10142.98
18/10/2000,9975.02
17/10/2000,10089.71
16/10/2000,10238.8
13/10/2000,10192.18
12/10/2000,10034.58
11/10/2000,10413.79
10/10/2000,10524.4
09/10/2000,10568.43
06/10/2000,10596.54
05/10/2000,10724.92
04/10/2000,10784.48
03/10/2000,10719.74
02/10/2000,10700.13
29/09/2000,10650.92
28/09/2000,10824.06
27/09/2000,10628.36
26/09/2000,10631.32
25/09/2000,10808.15
22/09/2000,10847.37
21/09/2000,10765.52
20/09/2000,10687.92
19/09/2000,10789.29
18/09/2000,10808.52
15/09/2000,10927.0
14/09/2000,11087.47
13/09/2000,11182.18
12/09/2000,11233.23
11/09/2000,11195.49
08/09/2000,11220.65
07/09/2000,11259.87
06/09/2000,11310.64
05/09/2000,11260.61
01/09/2000,11238.78
31/08/2000,11215.1
30/08/2000,11103.01
29/08/2000,11215.1
28/08/2000,11252.84
25/08/2000,11192.63
24/08/2000,11182.74
23/08/2000,11144.65
22/08/2000,11139.15
21/08/2000,11079.81
18/08/2000,11046.48
17/08/2000,11055.64
16/08/2000,11008.39
15/08/2000,11067.0
14/08/2000,11176.14
11/08/2000,11027.8
10/08/2000,10908.76
09/08/2000,10905.83
08/08/2000,10976.89
07/08/2000,10867.01
04/08/2000,10767.75
03/08/2000,10706.58
02/08/2000,10687.53
01/08/2000,10606.95
31/07/2000,10521.98
28/07/2000,10511.17
27/07/2000,10586.13
26/07/2000,10516.48
25/07/2000,10699.97
24/07/2000,10685.12
21/07/2000,10733.56
20/07/2000,10843.87
19/07/2000,10696.08
18/07/2000,10739.92
17/07/2000,10804.27
14/07/2000,10812.75
13/07/2000,10788.72
12/07/2000,10783.42
11/07/2000,10727.19
10/07/2000,10646.59
07/07/2000,10635.99
06/07/2000,10481.48
05/07/2000,10483.6
03/07/2000,10560.68
30/06/2000,10447.9
29/06/2000,10398.04
28/06/2000,10527.8
27/06/2000,10504.47
26/06/2000,10543.0
23/06/2000,10404.76
22/06/2000,10376.12
21/06/2000,10497.75
20/06/2000,10435.17
19/06/2000,10557.85
16/06/2000,10449.31
15/06/2000,10714.83
14/06/2000,10687.96
13/06/2000,10621.85
12/06/2000,10564.21
09/06/2000,10614.07
08/06/2000,10668.73
07/06/2000,10812.87
06/06/2000,10735.58
05/06/2000,10815.31
02/06/2000,10794.76
01/06/2000,10652.2
31/05/2000,10522.34
30/05/2000,10527.14
26/05/2000,10299.24
25/05/2000,10323.92
24/05/2000,10535.35
23/05/2000,10422.28
22/05/2000,10542.55
19/05/2000,10626.86
18/05/2000,10777.28
17/05/2000,10769.74
16/05/2000,10934.57
15/05/2000,10807.78
12/05/2000,10609.37
11/05/2000,10545.97
10/05/2000,10367.79
09/05/2000,10536.75
08/05/2000,10603.64
05/05/2000,10577.86
04/05/2000,10412.5
03/05/2000,10480.13
02/05/2000,10731.13
01/05/2000,10811.79
28/04/2000,10733.92
27/04/2000,10888.11
26/04/2000,10945.5
25/04/2000,11124.83
24/04/2000,10906.1
20/04/2000,10844.06
19/04/2000,10674.97
18/04/2000,10767.42
17/04/2000,10582.52
14/04/2000,10305.78
13/04/2000,10923.55
12/04/2000,11125.14
11/04/2000,11287.09
10/04/2000,11186.57
07/04/2000,11111.49
06/04/2000,11114.28
05/04/2000,11033.93
04/04/2000,11164.85
03/04/2000,11221.94
31/03/2000,10921.93
30/03/2000,10980.25
29/03/2000,11018.72
28/03/2000,10936.12
27/03/2000,11025.86
24/03/2000,11112.73
23/03/2000,11119.86
22/03/2000,10866.7
21/03/2000,10907.35
20/03/2000,10680.25
17/03/2000,10595.24
16/03/2000,10630.61
15/03/2000,10131.42
14/03/2000,9811.24
13/03/2000,9947.13
10/03/2000,9928.83
09/03/2000,10010.73
08/03/2000,9856.54
07/03/2000,9796.04
06/03/2000,10170.51
03/03/2000,10367.2
02/03/2000,10164.92
01/03/2000,10137.93
29/02/2000,10128.31
28/02/2000,10038.66
25/02/2000,9862.12
24/02/2000,10092.64
23/02/2000,10225.73
22/02/2000,10304.85
18/02/2000,10219.53
17/02/2000,10514.57
16/02/2000,10561.42
15/02/2000,10718.1
14/02/2000,10519.85
11/02/2000,10425.22
10/02/2000,10643.64
09/02/2000,10699.17
08/02/2000,10957.61
07/02/2000,10905.79
04/02/2000,10963.81
03/02/2000,11013.45
02/02/2000,11003.21
01/02/2000,11041.06
31/01/2000,10940.54
28/01/2000,10738.88
27/01/2000,11028.03
26/01/2000,11032.99
25/01/2000,11029.89
24/01/2000,11008.17
21/01/2000,11251.72
20/01/2000,11351.3
19/01/2000,11489.37
18/01/2000,11560.73
14/01/2000,11722.98
13/01/2000,11582.44
12/01/2000,11551.11
11/01/2000,11511.09
10/01/2000,11572.2
07/01/2000,11522.56
06/01/2000,11253.27
05/01/2000,11122.66
04/01/2000,10997.94
03/01/2000,11357.51
31/12/1999,11497.12
30/12/1999,11452.86
29/12/1999,11484.67
28/12/1999,11476.71
27/12/1999,11391.08
23/12/1999,11405.76
22/12/1999,11203.61
21/12/1999,11200.55
20/12/1999,11144.28
17/12/1999,11257.43
16/12/1999,11244.89
15/12/1999,11225.32
14/12/1999,11160.18
13/12/1999,11192.6
10/12/1999,11224.71
09/12/1999,11134.79
08/12/1999,11068.12
07/12/1999,11106.66
06/12/1999,11225.02
03/12/1999,11286.18
02/12/1999,11039.07
01/12/1999,10998.39
30/11/1999,10877.81
29/11/1999,10947.93
26/11/1999,10988.91
24/11/1999,11008.18
23/11/1999,10995.64
22/11/1999,11089.53
19/11/1999,11003.9
18/11/1999,11035.7
17/11/1999,10883.09
16/11/1999,10932.33
15/11/1999,10760.76
12/11/1999,10769.32
11/11/1999,10595.3
10/11/1999,10597.75
09/11/1999,10617.32
08/11/1999,10718.86
05/11/1999,10704.49
04/11/1999,10639.65
03/11/1999,10609.07
02/11/1999,10581.84
01/11/1999,10648.52
29/10/1999,10729.87
28/10/1999,10622.54
27/10/1999,10394.9
26/10/1999,10302.13
25/10/1999,10349.94
22/10/1999,10470.25
21/10/1999,10297.7
20/10/1999,10392.36
19/10/1999,10204.93
18/10/1999,10116.28
15/10/1999,10019.72
14/10/1999,10286.62
13/10/1999,10232.16
12/10/1999,10417.06
11/10/1999,10648.18
08/10/1999,10649.77
07/10/1999,10537.06
06/10/1999,10588.35
05/10/1999,10400.6
04/10/1999,10401.23
01/10/1999,10273.0
30/09/1999,10336.96
29/09/1999,10213.48
28/09/1999,10275.54
27/09/1999,10303.4
24/09/1999,10279.34
23/09/1999,10318.6
22/09/1999,10524.07
21/09/1999,10598.48
20/09/1999,10823.9
17/09/1999,10803.64
16/09/1999,10737.47
15/09/1999,10801.42
14/09/1999,10910.34
13/09/1999,11030.33
10/09/1999,11028.43
09/09/1999,11079.4
08/09/1999,11036.35
07/09/1999,11034.13
03/09/1999,11078.46
02/09/1999,10843.21
01/09/1999,10937.88
31/08/1999,10829.28
30/08/1999,10914.13
27/08/1999,11090.17
26/08/1999,11198.45
25/08/1999,11326.04
24/08/1999,11283.3
23/08/1999,11299.76
20/08/1999,11100.62
19/08/1999,10963.84
18/08/1999,10991.39
17/08/1999,11117.08
16/08/1999,11046.8
13/08/1999,10973.66
12/08/1999,10789.39
11/08/1999,10787.81
10/08/1999,10655.15
09/08/1999,10707.71
06/08/1999,10714.04
05/08/1999,10793.82
04/08/1999,10674.78
03/08/1999,10677.31
02/08/1999,10645.97
30/07/1999,10655.15
29/07/1999,10791.29
28/07/1999,10972.08
27/07/1999,10979.04
26/07/1999,10863.16
23/07/1999,10910.97
22/07/1999,10969.22
21/07/1999,11002.78
20/07/1999,10996.14
19/07/1999,11187.68
16/07/1999,11209.85
15/07/1999,11186.42
14/07/1999,11148.11
13/07/1999,11175.02
12/07/1999,11200.98
09/07/1999,11193.7
08/07/1999,11126.9
07/07/1999,11187.37
06/07/1999,11135.13
02/07/1999,11139.25
01/07/1999,11066.43
30/06/1999,10970.81
29/06/1999,10815.35
28/06/1999,10655.15
25/06/1999,10552.57
24/06/1999,10534.84
23/06/1999,10666.87
22/06/1999,10721.64
21/06/1999,10815.99
18/06/1999,10855.56
17/06/1999,10841.63
16/06/1999,10784.96
15/06/1999,10594.99
14/06/1999,10563.33
11/06/1999,10490.51
10/06/1999,10621.27
09/06/1999,10690.29
08/06/1999,10765.65
07/06/1999,10909.39
04/06/1999,10799.84
03/06/1999,10663.7
02/06/1999,10577.9
01/06/1999,10596.26
28/05/1999,10559.75
27/05/1999,10466.93
26/05/1999,10702.16
25/05/1999,10531.09
24/05/1999,10654.68
21/05/1999,10829.28
20/05/1999,10866.74
19/05/1999,10887.39
18/05/1999,10836.95
17/05/1999,10853.47
14/05/1999,10913.32
13/05/1999,11107.19
12/05/1999,11000.37
11/05/1999,11026.14
10/05/1999,11007.24
07/05/1999,11031.59
06/05/1999,10946.82
05/05/1999,10955.42
04/05/1999,10886.12
03/05/1999,11014.69
30/04/1999,10789.04
29/04/1999,10878.38
28/04/1999,10845.45
27/04/1999,10831.71
26/04/1999,10718.59
23/04/1999,10689.67
22/04/1999,10727.18
21/04/1999,10581.42
20/04/1999,10448.55
19/04/1999,10440.53
16/04/1999,10493.89
15/04/1999,10462.72
14/04/1999,10411.66
13/04/1999,10395.01
12/04/1999,10339.51
09/04/1999,10173.83
08/04/1999,10197.7
07/04/1999,10085.31
06/04/1999,9963.49
05/04/1999,10007.33
01/04/1999,9832.5
31/03/1999,9786.16
30/03/1999,9913.26
29/03/1999,10006.78
26/03/1999,9822.24
25/03/1999,9836.39
24/03/1999,9666.84
23/03/1999,9671.83
22/03/1999,9890.5
19/03/1999,9903.55
18/03/1999,9997.62
17/03/1999,9879.4
16/03/1999,9930.47
15/03/1999,9958.77
12/03/1999,9876.35
11/03/1999,9897.44
10/03/1999,9772.84
09/03/1999,9693.75
08/03/1999,9727.61
05/03/1999,9736.07
04/03/1999,9467.4
03/03/1999,9275.88
02/03/1999,9297.61
01/03/1999,9324.78
26/02/1999,9306.57
25/02/1999,9366.34
24/02/1999,9399.66
23/02/1999,9544.41
22/02/1999,9552.67
19/02/1999,9339.95
18/02/1999,9298.63
17/02/1999,9195.47
16/02/1999,9297.03
12/02/1999,9274.89
11/02/1999,9363.45
10/02/1999,9177.31
09/02/1999,9133.03
08/02/1999,9291.11
05/02/1999,9304.24
04/02/1999,9304.5
03/02/1999,9366.82
02/02/1999,9274.12
01/02/1999,9345.69
29/01/1999,9358.82
28/01/1999,9281.33
27/01/1999,9200.23
26/01/1999,9324.58
25/01/1999,9203.31
22/01/1999,9120.67
21/01/1999,9264.07
20/01/1999,9335.92
19/01/1999,9355.22
15/01/1999,9340.55
14/01/1999,9120.93
13/01/1999,9349.56
12/01/1999,9474.68
11/01/1999,9619.89
08/01/1999,9643.32
07/01/1999,9537.76
06/01/1999,9544.97
05/01/1999,9311.19
04/01/1999,9184.26
31/12/1998,9181.43
30/12/1998,9274.64
29/12/1998,9320.97
28/12/1998,9226.75
24/12/1998,9217.99
23/12/1998,9202.03
22/12/1998,9044.46
21/12/1998,8988.85
18/12/1998,8903.62
17/12/1998,8875.82
16/12/1998,8790.6
15/12/1998,8823.29
14/12/1998,8695.59
11/12/1998,8821.76
10/12/1998,8841.58
09/12/1998,9009.18
08/12/1998,9027.98
07/12/1998,9070.46
04/12/1998,9016.14
03/12/1998,8879.68
02/12/1998,9064.54
01/12/1998,9133.54
30/11/1998,9116.55
27/11/1998,9333.07
25/11/1998,9314.28
24/11/1998,9301.15
23/11/1998,9374.27
20/11/1998,9159.54
19/11/1998,9056.05
18/11/1998,9041.11
17/11/1998,8986.29
16/11/1998,9011.24
13/11/1998,8919.59
12/11/1998,8829.75
11/11/1998,8823.82
10/11/1998,8863.97
09/11/1998,8897.96
06/11/1998,8975.46
05/11/1998,8915.47
04/11/1998,8783.14
03/11/1998,8706.15
02/11/1998,8706.15
30/10/1998,8592.11
29/10/1998,8495.03
28/10/1998,8371.97
27/10/1998,8366.04
26/10/1998,8432.21
23/10/1998,8452.29
22/10/1998,8533.14
21/10/1998,8519.23
20/10/1998,8505.85
19/10/1998,8466.45
16/10/1998,8416.76
15/10/1998,8299.36
14/10/1998,7968.79
13/10/1998,7938.14
12/10/1998,8001.47
09/10/1998,7899.53
08/10/1998,7731.91
07/10/1998,7741.7
06/10/1998,7742.98
05/10/1998,7726.24
02/10/1998,7784.7
01/10/1998,7632.53
30/09/1998,7842.62
29/09/1998,8080.52
28/09/1998,8108.83
25/09/1998,8028.77
24/09/1998,8001.98
23/09/1998,8154.41
22/09/1998,7897.2
21/09/1998,7933.25
18/09/1998,7895.65
17/09/1998,7873.77
16/09/1998,8089.78
15/09/1998,8024.39
14/09/1998,7945.35
11/09/1998,7795.5
10/09/1998,7615.55
09/09/1998,7865.02
08/09/1998,8020.78
04/09/1998,7640.25
03/09/1998,7682.22
02/09/1998,7782.37
01/09/1998,7827.42
31/08/1998,7539.06
28/08/1998,8051.68
27/08/1998,8165.99
26/08/1998,8523.35
25/08/1998,8602.65
24/08/1998,8566.6
21/08/1998,8533.65
20/08/1998,8611.4
19/08/1998,8693.28
18/08/1998,8714.64
17/08/1998,8574.84
14/08/1998,8425.0
13/08/1998,8459.5
12/08/1998,8552.96
11/08/1998,8462.84
10/08/1998,8574.84
07/08/1998,8598.02
06/08/1998,8577.67
05/08/1998,8546.78
04/08/1998,8487.31
03/08/1998,8786.73
31/07/1998,8883.29
30/07/1998,9026.95
29/07/1998,8914.95
28/07/1998,8934.78
27/07/1998,9028.24
24/07/1998,8937.35
23/07/1998,8932.97
22/07/1998,9128.91
21/07/1998,9190.18
20/07/1998,9295.74
17/07/1998,9337.97
16/07/1998,9328.18
15/07/1998,9234.47
14/07/1998,9245.54
13/07/1998,9096.21
10/07/1998,9105.73
09/07/1998,9089.77
08/07/1998,9174.96
07/07/1998,9085.03
06/07/1998,9091.76
02/07/1998,9025.25
01/07/1998,9048.66
30/06/1998,8952.01
29/06/1998,8997.35
26/06/1998,8944.53
25/06/1998,8935.57
24/06/1998,8923.86
23/06/1998,8828.45
22/06/1998,8711.12
19/06/1998,8712.86
18/06/1998,8813.0
17/06/1998,8829.45
16/06/1998,8665.28
15/06/1998,8627.92
12/06/1998,8834.93
11/06/1998,8811.76
10/06/1998,8971.69
09/06/1998,9049.91
08/06/1998,9069.59
05/06/1998,9037.7
04/06/1998,8870.55
03/06/1998,8803.79
02/06/1998,8891.23
01/06/1998,8922.37
29/05/1998,8899.95
28/05/1998,8970.2
27/05/1998,8936.56
26/05/1998,8963.72
22/05/1998,9114.43
21/05/1998,9132.36
20/05/1998,9171.48
19/05/1998,9054.64
18/05/1998,9050.91
15/05/1998,9095.99
14/05/1998,9172.22
13/05/1998,9211.83
12/05/1998,9161.76
11/05/1998,9091.51
08/05/1998,9055.14
07/05/1998,8976.67
06/05/1998,9054.64
05/05/1998,9147.56
04/05/1998,9192.65
01/05/1998,9147.06
30/04/1998,9063.36
29/04/1998,8951.51
28/04/1998,8898.95
27/04/1998,8917.63
24/04/1998,9064.61
23/04/1998,9143.32
22/04/1998,9176.71
21/04/1998,9184.93
20/04/1998,9141.83
17/04/1998,9167.49
16/04/1998,9076.56
15/04/1998,9162.26
14/04/1998,9110.19
13/04/1998,9012.29
09/04/1998,8994.86
08/04/1998,8891.48
07/04/1998,8956.49
06/04/1998,9033.22
03/04/1998,8983.4
02/04/1998,8986.64
01/04/1998,8868.31
31/03/1998,8799.8
30/03/1998,8782.12
27/03/1998,8796.07
26/03/1998,8846.88
25/03/1998,8872.79
24/03/1998,8904.43
23/03/1998,8816.25
20/03/1998,8906.42
19/03/1998,8803.04
18/03/1998,8775.39
17/03/1998,8749.98
16/03/1998,8718.84
13/03/1998,8602.51
12/03/1998,8659.55
11/03/1998,8675.75
10/03/1998,8643.11
09/03/1998,8567.14
06/03/1998,8569.38
05/03/1998,8444.32
04/03/1998,8539.24
03/03/1998,8584.82
02/03/1998,8550.44
27/02/1998,8545.71
26/02/1998,8490.66
25/02/1998,8457.77
24/02/1998,8370.09
23/02/1998,8410.2
20/02/1998,8413.93
19/02/1998,8375.57
18/02/1998,8451.05
17/02/1998,8398.49
13/02/1998,8370.09
12/02/1998,8369.59
11/02/1998,8314.54
10/02/1998,8295.61
09/02/1998,8180.52
06/02/1998,8189.49
05/02/1998,8117.24
04/02/1998,8129.7
03/02/1998,8160.34
02/02/1998,8107.78
30/01/1998,7906.5
29/01/1998,7973.01
28/01/1998,7915.46
27/01/1998,7815.07
26/01/1998,7712.94
23/01/1998,7700.73
22/01/1998,7730.87
21/01/1998,7794.4
20/01/1998,7873.12
16/01/1998,7753.54
15/01/1998,7691.76
14/01/1998,7784.68
13/01/1998,7732.12
12/01/1998,7647.17
09/01/1998,7580.41
08/01/1998,7802.62
07/01/1998,7902.26
06/01/1998,7906.25
05/01/1998,7978.99
02/01/1998,7965.04
31/12/1997,7908.24
30/12/1997,7915.96
29/12/1997,7792.4
26/12/1997,7679.31
24/12/1997,7660.12
23/12/1997,7691.76
22/12/1997,7819.31
19/12/1997,7756.28
18/12/1997,7846.49
17/12/1997,7957.4
16/12/1997,7976.3
15/12/1997,7922.59
12/12/1997,7838.29
11/12/1997,7848.98
10/12/1997,7978.79
09/12/1997,8049.66
08/12/1997,8110.83
05/12/1997,8149.13
04/12/1997,8050.16
03/12/1997,8032.0
02/12/1997,8018.82
01/12/1997,8013.1
28/11/1997,7823.12
26/11/1997,7794.77
25/11/1997,7808.95
24/11/1997,7767.92
21/11/1997,7881.06
20/11/1997,7826.6
19/11/1997,7724.73
18/11/1997,7650.82
17/11/1997,7698.21
14/11/1997,7572.48
13/11/1997,7487.76
12/11/1997,7401.31
11/11/1997,7558.72
10/11/1997,7552.59
07/11/1997,7581.32
06/11/1997,7683.23
05/11/1997,7692.56
04/11/1997,7689.12
03/11/1997,7674.39
31/10/1997,7442.08
30/10/1997,7381.67
29/10/1997,7506.66
28/10/1997,7498.31
27/10/1997,7161.14
24/10/1997,7715.4
23/10/1997,7847.76
22/10/1997,8034.64
21/10/1997,8060.43
20/10/1997,7921.44
17/10/1997,7847.03
16/10/1997,7938.87
15/10/1997,8057.97
14/10/1997,8096.28
13/10/1997,8072.22
10/10/1997,8045.2
09/10/1997,8061.41
08/10/1997,8095.05
07/10/1997,8178.31
06/10/1997,8100.21
03/10/1997,8038.57
02/10/1997,8027.52
01/10/1997,8015.49
30/09/1997,7945.25
29/09/1997,7991.42
26/09/1997,7922.17
25/09/1997,7848.01
24/09/1997,7906.7
23/09/1997,7970.06
22/09/1997,7996.83
19/09/1997,7917.26
18/09/1997,7922.72
17/09/1997,7886.43
16/09/1997,7895.92
15/09/1997,7721.13
12/09/1997,7742.97
11/09/1997,7660.98
10/09/1997,7719.27
09/09/1997,7851.9
08/09/1997,7835.18
05/09/1997,7822.4
04/09/1997,7867.23
03/09/1997,7894.64
02/09/1997,7879.78
29/08/1997,7622.42
28/08/1997,7694.42
27/08/1997,7787.33
26/08/1997,7782.22
25/08/1997,7859.57
22/08/1997,7887.9
21/08/1997,7893.94
20/08/1997,8021.23
19/08/1997,7918.1
18/08/1997,7803.36
15/08/1997,7694.65
14/08/1997,7942.02
13/08/1997,7928.32
12/08/1997,7960.84
11/08/1997,8062.11
08/08/1997,8031.22
07/08/1997,8188.0
06/08/1997,8259.3
05/08/1997,8187.53
04/08/1997,8198.45
01/08/1997,8194.04
31/07/1997,8222.61
30/07/1997,8254.89
29/07/1997,8174.52
28/07/1997,8121.1
25/07/1997,8113.44
24/07/1997,8116.92
23/07/1997,8088.35
22/07/1997,8061.64
21/07/1997,7906.72
18/07/1997,7890.46
17/07/1997,8020.76
16/07/1997,8038.88
15/07/1997,7975.7
14/07/1997,7922.98
11/07/1997,7921.81
10/07/1997,7886.76
09/07/1997,7842.43
08/07/1997,7962.3
07/07/1997,7858.48
03/07/1997,7895.8
02/07/1997,7795.38
01/07/1997,7722.32
30/06/1997,7672.79
27/06/1997,7687.72
26/06/1997,7654.24
25/06/1997,7689.98
24/06/1997,7758.06
23/06/1997,7604.25
20/06/1997,7796.51
19/06/1997,7777.06
18/06/1997,7718.7
17/06/1997,7760.77
16/06/1997,7772.08
13/06/1997,7782.03
12/06/1997,7711.46
11/06/1997,7575.82
10/06/1997,7539.27
09/06/1997,7478.49
06/06/1997,7435.77
05/06/1997,7305.28
04/06/1997,7269.65
03/06/1997,7312.15
02/06/1997,7289.4
30/05/1997,7331.04
29/05/1997,7330.18
28/05/1997,7357.22
27/05/1997,7383.4
23/05/1997,7345.9
22/05/1997,7258.13
21/05/1997,7290.68
20/05/1997,7303.46
19/05/1997,7228.87
16/05/1997,7194.67
15/05/1997,7333.54
14/05/1997,7286.15
13/05/1997,7274.2
12/05/1997,7292.74
09/05/1997,7169.53
08/05/1997,7136.62
07/05/1997,7085.65
06/05/1997,7225.32
05/05/1997,7214.48
02/05/1997,7071.2
01/05/1997,6976.47
30/04/1997,7008.99
29/04/1997,6962.03
28/04/1997,6783.02
25/04/1997,6738.87
24/04/1997,6792.25
23/04/1997,6812.72
22/04/1997,6833.59
21/04/1997,6660.2
18/04/1997,6703.55
17/04/1997,6658.6
16/04/1997,6679.87
15/04/1997,6587.15
14/04/1997,6451.89
11/04/1997,6391.69
10/04/1997,6540.04
09/04/1997,6563.84
08/04/1997,6609.16
07/04/1997,6555.9
04/04/1997,6526.07
03/04/1997,6477.35
02/04/1997,6517.01
01/04/1997,6611.04
31/03/1997,6583.47
27/03/1997,6740.58
26/03/1997,6880.7
25/03/1997,6876.17
24/03/1997,6905.25
21/03/1997,6804.79
20/03/1997,6820.27
19/03/1997,6877.68
18/03/1997,6896.56
17/03/1997,6955.48
14/03/1997,6935.46
13/03/1997,6878.89
12/03/1997,7039.36
11/03/1997,7085.16
10/03/1997,7079.39
07/03/1997,7000.88
06/03/1997,6944.7
05/03/1997,6945.85
04/03/1997,6852.72
03/03/1997,6918.91
28/02/1997,6877.73
27/02/1997,6925.07
26/02/1997,6983.18
25/02/1997,7038.21
24/02/1997,7008.19
21/02/1997,6931.61
20/02/1997,6927.38
19/02/1997,7020.12
18/02/1997,7067.46
14/02/1997,6988.95
13/02/1997,7022.43
12/02/1997,6961.63
11/02/1997,6858.11
10/02/1997,6806.54
07/02/1997,6855.8
06/02/1997,6773.06
05/02/1997,6746.89
04/02/1997,6833.48
03/02/1997,6806.16
31/01/1997,6813.08
30/01/1997,6823.86
29/01/1997,6740.73
28/01/1997,6656.07
27/01/1997,6660.69
24/01/1997,6696.48
23/01/1997,6755.74
22/01/1997,6850.03
21/01/1997,6883.89
20/01/1997,6843.87
17/01/1997,6833.09
16/01/1997,6765.36
15/01/1997,6726.88
14/01/1997,6762.28
13/01/1997,6709.18
10/01/1997,6703.79
09/01/1997,6625.67
08/01/1997,6549.47
07/01/1997,6600.65
06/01/1997,6567.17
03/01/1997,6544.08
02/01/1997,6442.49
31/12/1996,6448.26
30/12/1996,6549.37
27/12/1996,6560.9
26/12/1996,6546.68
24/12/1996,6522.84
23/12/1996,6489.01
20/12/1996,6484.4
19/12/1996,6473.63
18/12/1996,6346.77
17/12/1996,6308.32
16/12/1996,6268.34
13/12/1996,6304.86
12/12/1996,6303.71
11/12/1996,6402.51
10/12/1996,6473.25
09/12/1996,6463.93
06/12/1996,6381.94
05/12/1996,6437.1
04/12/1996,6422.94
03/12/1996,6442.69
02/12/1996,6521.7
29/11/1996,6521.7
27/11/1996,6499.34
26/11/1996,6528.41
25/11/1996,6547.79
22/11/1996,6471.76
21/11/1996,6418.46
20/11/1996,6430.02
19/11/1996,6397.59
18/11/1996,6346.91
15/11/1996,6348.03
14/11/1996,6312.99
13/11/1996,6274.23
12/11/1996,6266.03
11/11/1996,6255.6
08/11/1996,6219.82
07/11/1996,6206.03
06/11/1996,6177.71
05/11/1996,6081.18
04/11/1996,6041.67
01/11/1996,6021.92
31/10/1996,6029.38
30/10/1996,5993.23
29/10/1996,6007.01
28/10/1996,5972.73
25/10/1996,6007.01
24/10/1996,5992.48
23/10/1996,6036.46
22/10/1996,6061.8
21/10/1996,6090.87
18/10/1996,6094.22
17/10/1996,6059.19
16/10/1996,6020.8
15/10/1996,6004.78
14/10/1996,6010.0
11/10/1996,5969.37
10/10/1996,5921.67
09/10/1996,5930.61
08/10/1996,5966.76
07/10/1996,5979.81
04/10/1996,5992.85
03/10/1996,5932.85
02/10/1996,5933.97
01/10/1996,5904.9
30/09/1996,5882.16
27/09/1996,5872.92
26/09/1996,5868.85
25/09/1996,5877.35
24/09/1996,5874.03
23/09/1996,5894.74
20/09/1996,5888.45
19/09/1996,5867.74
18/09/1996,5877.35
17/09/1996,5888.82
16/09/1996,5889.19
13/09/1996,5838.52
12/09/1996,5771.93
11/09/1996,5754.92
10/09/1996,5727.18
09/09/1996,5733.83
06/09/1996,5659.85
05/09/1996,5606.96
04/09/1996,5656.89
03/09/1996,5648.39
30/08/1996,5616.2
29/08/1996,5647.65
28/08/1996,5712.38
27/08/1996,5711.27
26/08/1996,5693.88
23/08/1996,5722.74
22/08/1996,5733.46
21/08/1996,5689.82
20/08/1996,5721.26
19/08/1996,5699.43
16/08/1996,5689.45
15/08/1996,5665.77
14/08/1996,5666.88
13/08/1996,5647.28
12/08/1996,5704.98
09/08/1996,5681.31
08/08/1996,5713.49
07/08/1996,5718.67
06/08/1996,5696.1
05/08/1996,5674.28
02/08/1996,5679.83
01/08/1996,5594.75
31/07/1996,5528.91
30/07/1996,5481.93
29/07/1996,5434.58
26/07/1996,5473.05
25/07/1996,5422.01
24/07/1996,5354.68
23/07/1996,5346.55
22/07/1996,5390.94
19/07/1996,5426.82
18/07/1996,5464.18
17/07/1996,5376.88
16/07/1996,5358.75
15/07/1996,5349.51
12/07/1996,5510.56
11/07/1996,5520.53
10/07/1996,5603.65
09/07/1996,5581.85
08/07/1996,5550.82
05/07/1996,5588.13
03/07/1996,5703.01
02/07/1996,5720.37
01/07/1996,5729.98
28/06/1996,5654.62
27/06/1996,5677.52
26/06/1996,5682.7
25/06/1996,5719.27
24/06/1996,5717.79
21/06/1996,5705.23
20/06/1996,5659.42
19/06/1996,5648.34
18/06/1996,5628.03
17/06/1996,5652.78
14/06/1996,5649.45
13/06/1996,5657.95
12/06/1996,5668.29
11/06/1996,5668.66
10/06/1996,5687.87
07/06/1996,5697.1
06/06/1996,5667.18
05/06/1996,5697.47
04/06/1996,5665.7
03/06/1996,5624.7
31/05/1996,5643.17
30/05/1996,5693.41
29/05/1996,5673.83
28/05/1996,5709.66
24/05/1996,5762.85
23/05/1996,5762.11
22/05/1996,5778.0
21/05/1996,5736.26
20/05/1996,5748.82
17/05/1996,5687.5
16/05/1996,5635.04
15/05/1996,5625.44
14/05/1996,5624.7
13/05/1996,5582.59
10/05/1996,5518.13
09/05/1996,5475.14
08/05/1996,5474.06
07/05/1996,5420.95
06/05/1996,5464.3
03/05/1996,5478.03
02/05/1996,5498.26
01/05/1996,5575.22
30/04/1996,5569.07
29/04/1996,5573.41
26/04/1996,5567.99
25/04/1996,5566.91
24/04/1996,5553.9
23/04/1996,5588.58
22/04/1996,5564.74
19/04/1996,5535.48
18/04/1996,5551.73
17/04/1996,5549.93
16/04/1996,5620.01
15/04/1996,5592.92
12/04/1996,5532.59
11/04/1996,5487.06
10/04/1996,5485.98
09/04/1996,5560.4
08/04/1996,5594.36
04/04/1996,5682.88
03/04/1996,5689.74
02/04/1996,5671.68
01/04/1996,5637.72
29/03/1996,5587.14
28/03/1996,5630.85
27/03/1996,5626.88
26/03/1996,5670.59
25/03/1996,5643.86
22/03/1996,5636.63
21/03/1996,5626.88
20/03/1996,5655.42
19/03/1996,5669.51
18/03/1996,5683.6
15/03/1996,5584.97
14/03/1996,5586.05
13/03/1996,5568.71
12/03/1996,5583.89
11/03/1996,5581.0
08/03/1996,5470.45
07/03/1996,5641.69
06/03/1996,5629.77
05/03/1996,5642.41
04/03/1996,5600.14
01/03/1996,5536.56
29/02/1996,5485.62
28/02/1996,5506.21
27/02/1996,5549.2
26/02/1996,5565.1
23/02/1996,5630.49
22/02/1996,5608.45
21/02/1996,5515.97
20/02/1996,5458.52
16/02/1996,5503.32
15/02/1996,5551.37
14/02/1996,5579.55
13/02/1996,5601.23
12/02/1996,5600.14
09/02/1996,5541.62
08/02/1996,5539.45
07/02/1996,5492.12
06/02/1996,5459.61
05/02/1996,5407.58
02/02/1996,5373.99
01/02/1996,5405.05
31/01/1996,5395.3
30/01/1996,5381.21
29/01/1996,5304.98
26/01/1996,5271.74
25/01/1996,5216.83
24/01/1996,5242.84
23/01/1996,5192.26
22/01/1996,5219.36
19/01/1996,5184.68
18/01/1996,5124.34
17/01/1996,5066.9
16/01/1996,5088.22
15/01/1996,5043.78
12/01/1996,5061.12
11/01/1996,5065.09
10/01/1996,5032.94
09/01/1996,5130.12
08/01/1996,5197.68
05/01/1996,5181.42
04/01/1996,5173.84
03/01/1996,5194.07
02/01/1996,5177.45
29/12/1995,5117.12
28/12/1995,5095.8
27/12/1995,5105.92
26/12/1995,5110.25
22/12/1995,5097.97
21/12/1995,5096.52
20/12/1995,5059.31
19/12/1995,5109.89
18/12/1995,5075.21
15/12/1995,5176.73
14/12/1995,5182.15
13/12/1995,5216.47
12/12/1995,5174.92
11/12/1995,5184.32
08/12/1995,5156.86
07/12/1995,5159.39
06/12/1995,5199.13
05/12/1995,5177.45
04/12/1995,5139.52
01/12/1995,5087.13
30/11/1995,5074.49
29/11/1995,5105.56
28/11/1995,5078.1
27/11/1995,5070.87
24/11/1995,5048.84
22/11/1995,5041.61
21/11/1995,5023.55
20/11/1995,4983.08
17/11/1995,4989.95
16/11/1995,4969.36
15/11/1995,4922.75
14/11/1995,4871.81
13/11/1995,4872.89
10/11/1995,4870.37
09/11/1995,4864.22
08/11/1995,4852.66
07/11/1995,4797.03
06/11/1995,4814.01
03/11/1995,4825.57
02/11/1995,4808.59
01/11/1995,4766.68
31/10/1995,4755.48
30/10/1995,4756.56
27/10/1995,4741.75
26/10/1995,4703.82
25/10/1995,4753.67
24/10/1995,4783.66
23/10/1995,4755.48
20/10/1995,4794.86
19/10/1995,4802.45
18/10/1995,4777.52
17/10/1995,4795.94
16/10/1995,4784.38
13/10/1995,4793.78
12/10/1995,4764.87
11/10/1995,4735.25
10/10/1995,4720.8
09/10/1995,4726.22
06/10/1995,4769.21
05/10/1995,4762.71
04/10/1995,4740.67
03/10/1995,4749.7
02/10/1995,4761.26
29/09/1995,4789.08
28/09/1995,4787.63
27/09/1995,4762.34
26/09/1995,4765.6
25/09/1995,4769.93
22/09/1995,4764.15
21/09/1995,4767.4
20/09/1995,4792.69
19/09/1995,4767.04
18/09/1995,4780.41
15/09/1995,4797.57
14/09/1995,4801.8
13/09/1995,4765.52
12/09/1995,4747.21
11/09/1995,4704.94
08/09/1995,4700.72
07/09/1995,4669.72
06/09/1995,4683.81
05/09/1995,4670.08
01/09/1995,4647.54
31/08/1995,4610.56
30/08/1995,4604.57
29/08/1995,4608.44
28/08/1995,4594.0
25/08/1995,4601.4
24/08/1995,4580.62
23/08/1995,4584.85
22/08/1995,4620.42
21/08/1995,4614.78
18/08/1995,4617.6
17/08/1995,4630.63
16/08/1995,4639.08
15/08/1995,4640.84
14/08/1995,4659.86
11/08/1995,4618.3
10/08/1995,4643.66
09/08/1995,4671.49
08/08/1995,4693.32
07/08/1995,4693.32
04/08/1995,4683.46
03/08/1995,4701.42
02/08/1995,4690.15
01/08/1995,4700.36
31/07/1995,4708.47
28/07/1995,4715.51
27/07/1995,4732.77
26/07/1995,4707.06
25/07/1995,4714.45
24/07/1995,4668.67
21/07/1995,4641.55
20/07/1995,4641.55
19/07/1995,4628.87
18/07/1995,4686.28
17/07/1995,4736.29
14/07/1995,4708.82
13/07/1995,4727.48
12/07/1995,4727.28
11/07/1995,4680.6
10/07/1995,4702.38
07/07/1995,4702.73
06/07/1995,4664.0
05/07/1995,4615.23
03/07/1995,4585.14
30/06/1995,4556.09
29/06/1995,4550.56
28/06/1995,4556.78
27/06/1995,4542.61
26/06/1995,4551.25
23/06/1995,4585.84
22/06/1995,4589.64
21/06/1995,4547.1
20/06/1995,4550.56
19/06/1995,4553.67
16/06/1995,4510.79
15/06/1995,4496.26
14/06/1995,4491.08
13/06/1995,4484.5
12/06/1995,4446.46
09/06/1995,4423.98
08/06/1995,4458.57
07/06/1995,4462.02
06/06/1995,4485.2
05/06/1995,4476.55
02/06/1995,4444.39
01/06/1995,4472.75
31/05/1995,4465.14
30/05/1995,4378.68
26/05/1995,4368.99
25/05/1995,4412.22
24/05/1995,4438.16
23/05/1995,4436.43
22/05/1995,4395.62
19/05/1995,4341.33
18/05/1995,4340.63
17/05/1995,4422.6
16/05/1995,4435.05
15/05/1995,4437.47
12/05/1995,4430.55
11/05/1995,4411.19
10/05/1995,4404.62
09/05/1995,4390.78
08/05/1995,4383.86
05/05/1995,4343.4
04/05/1995,4359.66
03/05/1995,4373.14
02/05/1995,4328.88
01/05/1995,4316.08
28/04/1995,4321.27
27/04/1995,4314.7
26/04/1995,4299.83
25/04/1995,4300.17
24/04/1995,4303.98
21/04/1995,4270.08
20/04/1995,4230.66
19/04/1995,4207.49
18/04/1995,4179.13
17/04/1995,4195.38
13/04/1995,4208.18
12/04/1995,4197.8
11/04/1995,4187.08
10/04/1995,4198.15
07/04/1995,4192.62
06/04/1995,4205.41
05/04/1995,4200.57
04/04/1995,4201.61
03/04/1995,4168.41
31/03/1995,4157.69
30/03/1995,4172.56
29/03/1995,4160.8
28/03/1995,4151.81
27/03/1995,4157.34
24/03/1995,4138.66
23/03/1995,4087.83
22/03/1995,4082.98
21/03/1995,4072.61
20/03/1995,4083.68
17/03/1995,4073.65
16/03/1995,4069.15
15/03/1995,4038.37
14/03/1995,4048.75
13/03/1995,4025.23
10/03/1995,4035.6
09/03/1995,3983.38
08/03/1995,3979.23
07/03/1995,3962.63
06/03/1995,3997.56
03/03/1995,3989.61
02/03/1995,3979.92
01/03/1995,3994.8
28/02/1995,4011.05
27/02/1995,3988.57
24/02/1995,4011.74
23/02/1995,4003.33
22/02/1995,3973.05
21/02/1995,3963.97
17/02/1995,3953.54
16/02/1995,3987.52
15/02/1995,3986.17
14/02/1995,3958.25
13/02/1995,3954.21
10/02/1995,3939.07
09/02/1995,3932.68
08/02/1995,3935.37
07/02/1995,3937.39
06/02/1995,3937.72
03/02/1995,3928.64
02/02/1995,3870.77
01/02/1995,3847.56
31/01/1995,3843.86
30/01/1995,3832.08
27/01/1995,3857.99
26/01/1995,3870.44
25/01/1995,3871.44
24/01/1995,3862.7
23/01/1995,3867.41
20/01/1995,3869.43
19/01/1995,3882.21
18/01/1995,3928.98
17/01/1995,3930.66
16/01/1995,3932.34
13/01/1995,3908.45
12/01/1995,3859.0
11/01/1995,3862.02
10/01/1995,3866.73
09/01/1995,3861.35
06/01/1995,3867.41
05/01/1995,3850.92
04/01/1995,3857.65
03/01/1995,3838.47
