DATES,EMBI
27/08/2026,65.54
26/08/2026,65.744
25/08/2026,65.066
24/08/2026,64.737
21/08/2026,64.188
20/08/2026,64.02
19/08/2026,64.014
18/08/2026,64.123
17/08/2026,63.565
14/08/2026,63.318
13/08/2026,64.199
12/08/2026,65.28
11/08/2026,65.558
10/08/2026,65.065
07/08/2026,65.884
06/08/2026,65.219
05/08/2026,64.731
04/08/2026,66.285
03/08/2026,67.615
31/07/2026,68.392
30/07/2026,70.234
29/07/2026,68.815
28/07/2026,68.741
27/07/2026,68.06
24/07/2026,70.963
23/07/2026,69.972
22/07/2026,68.02
21/07/2026,67.734
20/07/2026,67.985
17/07/2026,68.042
16/07/2026,66.666
15/07/2026,66.543
14/07/2026,66.04
13/07/2026,63.93
10/07/2026,63.089
09/07/2026,64.355
08/07/2026,64.402
07/07/2026,63.135
06/07/2026,63.225
03/07/2026,64.432
02/07/2026,63.596
01/07/2026,63.465
30/06/2026,63.58
29/06/2026,63.473
26/06/2026,64.598
25/06/2026,64.522
24/06/2026,67.076
23/06/2026,67.744
22/06/2026,65.241
19/06/2026,65.195
18/06/2026,65.515
17/06/2026,66.344
16/06/2026,68.029
15/06/2026,68.111
12/06/2026,73.105
11/06/2026,75.491
10/06/2026,75.384
09/06/2026,75.932
08/06/2026,77.879
05/06/2026,74.281
04/06/2026,74.645
03/06/2026,74.49
02/06/2026,73.482
01/06/2026,74.324
29/05/2026,74.778
28/05/2026,75.313
27/05/2026,74.874
26/05/2026,76.328
25/05/2026,77.491
22/05/2026,77.639
21/05/2026,79.226
20/05/2026,80.747
19/05/2026,80.554
18/05/2026,79.768
15/05/2026,78.133
14/05/2026,76.491
13/05/2026,75.636
12/05/2026,75.778
11/05/2026,74.56
08/05/2026,74.638
07/05/2026,74.89
06/05/2026,76.895
05/05/2026,79.084
04/05/2026,77.6
01/05/2026,78.089
30/04/2026,78.342
29/04/2026,75.124
28/04/2026,74.792
27/04/2026,74.148
24/04/2026,75.266
23/04/2026,73.357
22/04/2026,69.295
21/04/2026,68.614
20/04/2026,68.88
17/04/2026,69.71
16/04/2026,71.69
15/04/2026,73.602
14/04/2026,74.046
13/04/2026,74.944
10/04/2026,75.777
09/04/2026,76.457
08/04/2026,76.886
07/04/2026,83.566
06/04/2026,84.714
03/04/2026,85.747
02/04/2026,85.713
01/04/2026,85.023
31/03/2026,90.511
30/03/2026,93.201
27/03/2026,92.1
26/03/2026,89.875
25/03/2026,86.287
24/03/2026,95.913
23/03/2026,97.317
20/03/2026,91.687
19/03/2026,82.153
18/03/2026,78.053
17/03/2026,78.188
16/03/2026,78.334
13/03/2026,76.044
12/03/2026,72.623
11/03/2026,69.945
10/03/2026,68.523
09/03/2026,71.167
06/03/2026,64.289
05/03/2026,63.005
04/03/2026,65.255
03/03/2026,65.74
02/03/2026,64.459
27/02/2026,62.395
26/02/2026,60.493
25/02/2026,59.25
24/02/2026,59.887
23/02/2026,58.318
20/02/2026,58.049
19/02/2026,58.075
18/02/2026,58.102
17/02/2026,58.32
16/02/2026,58.118
13/02/2026,58.219
12/02/2026,57.711
11/02/2026,57.843
10/02/2026,58.249
09/02/2026,58.549
06/02/2026,59.451
05/02/2026,58.92
04/02/2026,58.682
03/02/2026,58.627
02/02/2026,59.571
30/01/2026,59.472
29/01/2026,58.737
28/01/2026,58.419
27/01/2026,58.435
26/01/2026,58.657
23/01/2026,58.787
22/01/2026,58.943
21/01/2026,59.725
20/01/2026,60.366
19/01/2026,58.823
16/01/2026,58.172
15/01/2026,58.653
14/01/2026,58.864
13/01/2026,58.662
12/01/2026,58.971
09/01/2026,58.327
08/01/2026,58.566
07/01/2026,56.857
06/01/2026,56.123
05/01/2026,56.269
02/01/2026,56.512
01/01/2026,56.599
31/12/2025,56.673
30/12/2025,56.68
29/12/2025,57.006
26/12/2025,57.32
25/12/2025,57.371
24/12/2025,57.275
23/12/2025,57.039
22/12/2025,57.071
19/12/2025,57.777
18/12/2025,58.188
17/12/2025,57.784
16/12/2025,58.097
15/12/2025,59.943
12/12/2025,60.954
11/12/2025,62.376
10/12/2025,62.709
09/12/2025,62.184
08/12/2025,61.129
05/12/2025,61.287
04/12/2025,61.375
03/12/2025,61.852
02/12/2025,62.801
01/12/2025,63.493
28/11/2025,62.534
27/11/2025,62.098
26/11/2025,62.513
25/11/2025,62.803
24/11/2025,64.106
21/11/2025,65.342
20/11/2025,63.585
19/11/2025,64.255
18/11/2025,63.813
17/11/2025,60.747
14/11/2025,60.981
13/11/2025,59.067
12/11/2025,58.469
11/11/2025,58.857
10/11/2025,59.231
07/11/2025,60.994
06/11/2025,60.216
05/11/2025,60.258
04/11/2025,60.129
03/11/2025,56.917
31/10/2025,56.689
30/10/2025,57.253
29/10/2025,58.642
28/10/2025,58.62
27/10/2025,59.332
24/10/2025,61.058
23/10/2025,62.519
22/10/2025,62.35
21/10/2025,62.318
20/10/2025,64.213
17/10/2025,64.64
16/10/2025,63.63
15/10/2025,62.543
14/10/2025,63.776
13/10/2025,62.398
10/10/2025,60.497
09/10/2025,58.96
08/10/2025,58.383
07/10/2025,57.996
06/10/2025,58.231
03/10/2025,58.412
02/10/2025,58.794
01/10/2025,60.26
30/09/2025,60.509
29/09/2025,60.834
26/09/2025,61.604
25/09/2025,62.493
24/09/2025,60.474
23/09/2025,60.273
22/09/2025,59.55
19/09/2025,54.597
18/09/2025,54.952
17/09/2025,55.437
16/09/2025,55.484
15/09/2025,55.885
12/09/2025,56.495
11/09/2025,57.68
10/09/2025,58.543
09/09/2025,58.467
08/09/2025,58.006
05/09/2025,57.864
04/09/2025,58.24
03/09/2025,59.245
02/09/2025,59.285
01/09/2025,59.314
29/08/2025,59.101
28/08/2025,58.892
27/08/2025,58.924
26/08/2025,58.478
25/08/2025,57.923
22/08/2025,58.632
21/08/2025,59.566
20/08/2025,59.27
19/08/2025,58.895
18/08/2025,58.703
15/08/2025,59.451
14/08/2025,60.176
13/08/2025,60.325
12/08/2025,61.629
11/08/2025,62.229
08/08/2025,62.381
07/08/2025,62.138
06/08/2025,61.388
05/08/2025,60.804
04/08/2025,61.68
01/08/2025,61.418
31/07/2025,59.216
30/07/2025,59.758
29/07/2025,58.135
28/07/2025,57.935
25/07/2025,58.354
24/07/2025,58.278
23/07/2025,58.446
22/07/2025,59.355
21/07/2025,59.397
18/07/2025,59.652
17/07/2025,60.454
16/07/2025,61.399
15/07/2025,61.024
14/07/2025,61.312
11/07/2025,61.027
10/07/2025,60.395
09/07/2025,60.827
08/07/2025,61.01
07/07/2025,61.357
04/07/2025,61.015
03/07/2025,61.23
02/07/2025,62.359
01/07/2025,63.084
30/06/2025,63.123
27/06/2025,63.93
26/06/2025,64.524
25/06/2025,64.524
24/06/2025,62.951
23/06/2025,65.816
20/06/2025,65.238
19/06/2025,64.819
18/06/2025,62.647
17/06/2025,61.704
16/06/2025,59.082
13/06/2025,59.885
12/06/2025,57.221
11/06/2025,55.911
10/06/2025,56.463
09/06/2025,56.664
06/06/2025,58.757
05/06/2025,59.321
04/06/2025,59.265
03/06/2025,59.994
02/06/2025,60.603
30/05/2025,60.523
29/05/2025,60.317
28/05/2025,60.96
27/05/2025,61.859
26/05/2025,63.23
23/05/2025,64.536
22/05/2025,64.693
21/05/2025,65.001
20/05/2025,63.961
19/05/2025,64.623
16/05/2025,63.558
15/05/2025,64.885
14/05/2025,64.648
13/05/2025,66.042
12/05/2025,66.561
09/05/2025,70.788
08/05/2025,71.002
07/05/2025,74.272
06/05/2025,76.898
05/05/2025,76.781
02/05/2025,76.354
01/05/2025,77.922
30/04/2025,78.575
29/04/2025,75.725
28/04/2025,75.387
25/04/2025,75.802
24/04/2025,77.989
23/04/2025,78.682
22/04/2025,82.212
21/04/2025,82.336
18/04/2025,82.515
17/04/2025,82.321
16/04/2025,82.311
15/04/2025,80.852
14/04/2025,82.935
11/04/2025,85.466
10/04/2025,87.775
09/04/2025,100.759
08/04/2025,101.329
07/04/2025,99.999
04/04/2025,85.02
03/04/2025,79.22
02/04/2025,74.946
01/04/2025,75.179
31/03/2025,75.964
28/03/2025,74.165
27/03/2025,73.339
26/03/2025,73.251
25/03/2025,73.292
24/03/2025,73.699
21/03/2025,75.735
20/03/2025,75.284
19/03/2025,69.486
18/03/2025,71.875
17/03/2025,71.656
14/03/2025,71.051
13/03/2025,70.891
12/03/2025,69.437
11/03/2025,69.917
10/03/2025,68.236
07/03/2025,67.138
06/03/2025,67.907
05/03/2025,68.252
04/03/2025,68.671
03/03/2025,67.913
28/02/2025,68.991
27/02/2025,66.726
26/02/2025,64.758
25/02/2025,66.068
24/02/2025,63.122
21/02/2025,61.091
20/02/2025,59.644
19/02/2025,58.23
18/02/2025,58.005
17/02/2025,59.1
14/02/2025,60.103
13/02/2025,62.334
12/02/2025,64.224
11/02/2025,65.076
10/02/2025,64.851
07/02/2025,65.153
06/02/2025,65.558
05/02/2025,66.455
04/02/2025,65.665
03/02/2025,66.177
31/01/2025,65.433
30/01/2025,64.616
29/01/2025,64.739
28/01/2025,64.293
27/01/2025,65.77
24/01/2025,63.347
23/01/2025,64.051
22/01/2025,63.559
21/01/2025,64.038
20/01/2025,66.393
17/01/2025,66.958
16/01/2025,66.858
15/01/2025,68.059
14/01/2025,69.188
13/01/2025,71.654
10/01/2025,70.102
09/01/2025,69.694
08/01/2025,67.828
07/01/2025,66.995
06/01/2025,68.489
03/01/2025,68.482
02/01/2025,68.901
01/01/2025,68.529
31/12/2024,68.551
30/12/2024,68.004
27/12/2024,66.639
26/12/2024,67.359
25/12/2024,67.245
24/12/2024,67.225
23/12/2024,66.982
20/12/2024,66.572
19/12/2024,67.188
18/12/2024,65.777
17/12/2024,64.36
16/12/2024,63.872
13/12/2024,63.387
12/12/2024,62.487
11/12/2024,62.456
10/12/2024,62.165
09/12/2024,61.848
06/12/2024,62.588
05/12/2024,62.499
04/12/2024,62.961
03/12/2024,62.998
02/12/2024,64.085
29/11/2024,64.194
28/11/2024,65.311
27/11/2024,65.313
26/11/2024,64.421
25/11/2024,63.51
22/11/2024,63.87
21/11/2024,64.084
20/11/2024,63.265
19/11/2024,64.008
18/11/2024,63.616
15/11/2024,62.547
14/11/2024,61.099
13/11/2024,60.92
12/11/2024,60.493
11/11/2024,59.105
08/11/2024,59.256
07/11/2024,58.89
06/11/2024,62.771
05/11/2024,63.131
04/11/2024,62.829
01/11/2024,62.288
31/10/2024,60.538
30/10/2024,59.169
29/10/2024,58.727
28/10/2024,58.525
25/10/2024,59.038
24/10/2024,58.945
23/10/2024,59.849
22/10/2024,59.8
21/10/2024,58.628
18/10/2024,58.578
17/10/2024,58.2
16/10/2024,58.568
15/10/2024,57.981
14/10/2024,58.469
11/10/2024,58.418
10/10/2024,58.441
09/10/2024,58.278
08/10/2024,57.906
07/10/2024,57.636
04/10/2024,57.694
03/10/2024,58.28
02/10/2024,58.375
01/10/2024,58.284
30/09/2024,57.976
27/09/2024,57.765
26/09/2024,57.821
25/09/2024,58.699
24/09/2024,59.161
23/09/2024,59.517
20/09/2024,58.937
19/09/2024,56.178
18/09/2024,56.536
17/09/2024,57.336
16/09/2024,58.368
13/09/2024,58.568
12/09/2024,60.027
11/09/2024,62.693
10/09/2024,60.767
09/09/2024,60.293
06/09/2024,60.735
05/09/2024,60.208
04/09/2024,59.894
03/09/2024,59.551
02/09/2024,57.919
30/08/2024,57.665
29/08/2024,57.724
28/08/2024,57.557
27/08/2024,55.822
26/08/2024,56.478
23/08/2024,58.642
22/08/2024,60.924
21/08/2024,60.937
20/08/2024,60.035
19/08/2024,60.94
16/08/2024,63.963
15/08/2024,65.684
14/08/2024,67.395
13/08/2024,68.439
12/08/2024,68.838
09/08/2024,68.443
08/08/2024,68.037
07/08/2024,69.594
06/08/2024,70.343
05/08/2024,71.209
02/08/2024,69.821
01/08/2024,66.907
31/07/2024,65.753
30/07/2024,66.501
29/07/2024,65.643
26/07/2024,65.852
25/07/2024,69.064
24/07/2024,67.109
23/07/2024,65.359
22/07/2024,67.734
19/07/2024,68.975
18/07/2024,66.822
17/07/2024,66.23
16/07/2024,65.436
15/07/2024,63.871
12/07/2024,62.828
11/07/2024,62.02
10/07/2024,62.466
09/07/2024,62.422
08/07/2024,63.881
05/07/2024,64.914
04/07/2024,65.453
03/07/2024,66.572
02/07/2024,68.012
01/07/2024,69.741
28/06/2024,69.717
27/06/2024,70.294
26/06/2024,70.275
25/06/2024,71.066
24/06/2024,70.649
21/06/2024,69.799
20/06/2024,69.085
19/06/2024,69.25
18/06/2024,69.987
17/06/2024,71.084
14/06/2024,69.813
13/06/2024,66.732
12/06/2024,66.81
11/06/2024,66.876
10/06/2024,66.68
07/06/2024,66.465
06/06/2024,66.004
05/06/2024,66.58
04/06/2024,66.05
03/06/2024,66.21
31/05/2024,66.898
30/05/2024,66.719
29/05/2024,65.792
28/05/2024,64.174
27/05/2024,64.688
24/05/2024,64.682
23/05/2024,63.893
22/05/2024,63.331
21/05/2024,62.833
20/05/2024,62.45
17/05/2024,62.548
16/05/2024,62.336
15/05/2024,62.895
14/05/2024,63.512
13/05/2024,64.222
10/05/2024,64.809
09/05/2024,65.819
08/05/2024,64.88
07/05/2024,62.989
06/05/2024,62.983
03/05/2024,64.321
02/05/2024,66.175
01/05/2024,68.829
30/04/2024,67.588
29/04/2024,67.884
26/04/2024,68.659
25/04/2024,69.251
24/04/2024,67.412
23/04/2024,66.391
22/04/2024,66.944
19/04/2024,67.606
18/04/2024,64.787
17/04/2024,67.748
16/04/2024,69.189
15/04/2024,67.026
12/04/2024,66.411
11/04/2024,63.46
10/04/2024,62.442
09/04/2024,62.751
08/04/2024,64.395
05/04/2024,65.493
04/04/2024,63.431
03/04/2024,64.211
02/04/2024,64.491
01/04/2024,62.906
29/03/2024,61.976
28/03/2024,62.015
27/03/2024,62.487
26/03/2024,62.78
25/03/2024,62.192
22/03/2024,61.429
21/03/2024,60.853
20/03/2024,63.239
19/03/2024,58.337
18/03/2024,59.017
15/03/2024,59.937
14/03/2024,58.653
13/03/2024,59.205
12/03/2024,60.29
11/03/2024,60.759
08/03/2024,60.818
07/03/2024,61.208
06/03/2024,62.813
05/03/2024,62.669
04/03/2024,61.195
01/03/2024,60.723
29/02/2024,62.169
28/02/2024,62.763
27/02/2024,61.664
26/02/2024,60.612
23/02/2024,60.235
22/02/2024,60.477
21/02/2024,63.251
20/02/2024,62.499
19/02/2024,61.862
16/02/2024,61.813
15/02/2024,63.263
14/02/2024,64.056
13/02/2024,62.43
12/02/2024,61.919
09/02/2024,61.421
08/02/2024,61.751
07/02/2024,61.33
06/02/2024,61.824
05/02/2024,63.01
02/02/2024,62.463
01/02/2024,64.097
31/01/2024,63.334
30/01/2024,63.885
29/01/2024,65.363
26/01/2024,64.891
25/01/2024,64.906
24/01/2024,64.194
23/01/2024,64.428
22/01/2024,63.899
19/01/2024,63.798
18/01/2024,65.319
17/01/2024,67.214
16/01/2024,64.945
15/01/2024,62.488
12/01/2024,63.709
11/01/2024,62.577
10/01/2024,64.473
09/01/2024,65.74
08/01/2024,67.334
05/01/2024,67.362
04/01/2024,66.544
03/01/2024,65.013
02/01/2024,62.146
29/12/2023,63.987
28/12/2023,62.028
27/12/2023,62.488
26/12/2023,62.844
25/12/2023,62.583
22/12/2023,65.041
21/12/2023,62.829
20/12/2023,62.218
19/12/2023,62.066
18/12/2023,62.231
15/12/2023,64.39
14/12/2023,61.016
13/12/2023,63.669
12/12/2023,65.797
11/12/2023,66.554
08/12/2023,66.605
07/12/2023,67.359
06/12/2023,67.991
05/12/2023,68.047
04/12/2023,66.591
01/12/2023,66.958
30/11/2023,68.403
29/11/2023,67.816
28/11/2023,70.128
27/11/2023,68.594
24/11/2023,69.252
23/11/2023,69.076
22/11/2023,70.158
21/11/2023,67.55
20/11/2023,66.897
17/11/2023,68.851
16/11/2023,70.591
15/11/2023,69.653
14/11/2023,70.981
13/11/2023,75.187
10/11/2023,76.628
09/11/2023,77.243
08/11/2023,75.622
07/11/2023,76.967
06/11/2023,76.282
03/11/2023,77.358
02/11/2023,81.339
01/11/2023,87.342
31/10/2023,89.194
30/10/2023,91.266
27/10/2023,92.264
26/10/2023,93.256
25/10/2023,89.963
24/10/2023,90.311
23/10/2023,93.297
20/10/2023,93.115
19/10/2023,92.395
18/10/2023,90.129
17/10/2023,86.383
16/10/2023,86.36
13/10/2023,86.448
12/10/2023,84.673
11/10/2023,84.554
10/10/2023,86.564
09/10/2023,91.643
06/10/2023,90.637
05/10/2023,92.534
04/10/2023,90.419
03/10/2023,87.568
02/10/2023,85.387
29/09/2023,84.956
28/09/2023,84.639
27/09/2023,83.811
26/09/2023,83.746
25/09/2023,81.654
22/09/2023,81.714
21/09/2023,83.119
20/09/2023,78.291
19/09/2023,72.544
18/09/2023,72.589
15/09/2023,71.615
14/09/2023,70.948
13/09/2023,71.631
12/09/2023,72.702
11/09/2023,73.305
08/09/2023,74.268
07/09/2023,74.87
06/09/2023,73.635
05/09/2023,72.729
04/09/2023,72.323
01/09/2023,73.105
31/08/2023,75.613
30/08/2023,75.632
29/08/2023,76.622
28/08/2023,78.211
25/08/2023,79.107
24/08/2023,77.496
23/08/2023,75.324
22/08/2023,77.613
21/08/2023,82.773
18/08/2023,83.917
17/08/2023,79.622
16/08/2023,78.035
15/08/2023,77.653
14/08/2023,75.004
11/08/2023,71.798
10/08/2023,71.824
09/08/2023,71.67
08/08/2023,71.513
07/08/2023,70.586
04/08/2023,70.43
03/08/2023,72.169
02/08/2023,70.882
01/08/2023,69.039
31/07/2023,67.558
28/07/2023,69.045
27/07/2023,72.172
26/07/2023,74.08
25/07/2023,74.365
24/07/2023,77.194
21/07/2023,77.309
20/07/2023,77.656
19/07/2023,77.196
18/07/2023,77.102
17/07/2023,78.614
14/07/2023,77.664
13/07/2023,77.262
12/07/2023,78.699
11/07/2023,80.163
10/07/2023,82.488
07/07/2023,82.622
06/07/2023,81.25
05/07/2023,79.051
04/07/2023,78.366
03/07/2023,78.894
30/06/2023,80.881
29/06/2023,82.921
28/06/2023,82.83
27/06/2023,83.889
26/06/2023,84.933
23/06/2023,83.207
22/06/2023,81.443
21/06/2023,81.324
20/06/2023,80.446
19/06/2023,79.491
16/06/2023,78.982
15/06/2023,78.744
14/06/2023,78.674
13/06/2023,79.524
12/06/2023,80.07
09/06/2023,79.529
08/06/2023,80.61
07/06/2023,81.622
06/06/2023,81.984
05/06/2023,82.85
02/06/2023,82.966
01/06/2023,84.641
31/05/2023,85.691
30/05/2023,82.866
29/05/2023,86.903
26/05/2023,88.599
25/05/2023,88.76
24/05/2023,88.037
23/05/2023,86.609
22/05/2023,88.018
19/05/2023,89.317
18/05/2023,91.388
17/05/2023,93.428
16/05/2023,93.757
15/05/2023,93.542
12/05/2023,93.393
11/05/2023,93.469
10/05/2023,95.644
09/05/2023,96.583
08/05/2023,96.562
05/05/2023,98.042
04/05/2023,100.14
03/05/2023,98.092
02/05/2023,95.186
01/05/2023,93.467
28/04/2023,94.389
27/04/2023,95.457
26/04/2023,98.143
25/04/2023,96.91
24/04/2023,95.313
21/04/2023,94.402
20/04/2023,94.289
19/04/2023,92.735
18/04/2023,88.8
17/04/2023,88.414
14/04/2023,87.377
13/04/2023,86.7
12/04/2023,87.791
11/04/2023,89.559
10/04/2023,92.106
07/04/2023,92.326
06/04/2023,92.397
05/04/2023,92.441
04/04/2023,91.388
03/04/2023,90.766
31/03/2023,93.108
30/03/2023,96.768
29/03/2023,101.174
28/03/2023,107.039
27/03/2023,108.113
24/03/2023,108.842
23/03/2023,106.418
22/03/2023,104.706
21/03/2023,107.57
20/03/2023,116.744
17/03/2023,103.376
16/03/2023,104.666
15/03/2023,107.221
14/03/2023,104.521
13/03/2023,100.18
10/03/2023,97.621
09/03/2023,92.117
08/03/2023,92.541
07/03/2023,86.747
06/03/2023,84.521
03/03/2023,87.264
02/03/2023,88.837
01/03/2023,87.512
28/02/2023,90.775
27/02/2023,91.902
24/02/2023,93.958
23/02/2023,93.513
22/02/2023,98.896
21/02/2023,98.715
20/02/2023,94.127
17/02/2023,92.673
16/02/2023,89.636
15/02/2023,90.579
14/02/2023,90.216
13/02/2023,93.623
10/02/2023,92.477
09/02/2023,89.082
08/02/2023,88.118
07/02/2023,87.662
06/02/2023,85.549
03/02/2023,81.495
02/02/2023,80.597
01/02/2023,85.494
31/01/2023,89.273
30/01/2023,87.369
27/01/2023,85.209
26/01/2023,86.613
25/01/2023,88.35
24/01/2023,88.068
23/01/2023,88.396
20/01/2023,87.717
19/01/2023,89.969
18/01/2023,87.247
17/01/2023,88.361
16/01/2023,88.946
13/01/2023,88.909
12/01/2023,89.526
11/01/2023,92.037
10/01/2023,92.371
09/01/2023,89.145
06/01/2023,94.402
05/01/2023,95.919
04/01/2023,95.435
03/01/2023,95.719
02/01/2023,98.29
30/12/2022,97.112
29/12/2022,98.237
28/12/2022,96.407
27/12/2022,97.689
26/12/2022,98.144
23/12/2022,96.828
22/12/2022,99.03
21/12/2022,98.364
20/12/2022,102.14
19/12/2022,100.08
16/12/2022,98.015
15/12/2022,94.371
14/12/2022,90.231
13/12/2022,94.247
12/12/2022,98.933
09/12/2022,100.574
08/12/2022,99.335
07/12/2022,99.91
06/12/2022,95.893
05/12/2022,91.434
02/12/2022,89.84
01/12/2022,89.43
30/11/2022,92.338
29/11/2022,92.32
28/11/2022,94.277
25/11/2022,94.523
24/11/2022,95.362
23/11/2022,98.374
22/11/2022,102.941
21/11/2022,105.778
18/11/2022,102.828
17/11/2022,105.371
16/11/2022,97.151
15/11/2022,96.025
14/11/2022,96.895
11/11/2022,97.988
10/11/2022,105.117
09/11/2022,115.478
08/11/2022,112.251
07/11/2022,115.095
04/11/2022,126.555
03/11/2022,128.682
02/11/2022,125.016
01/11/2022,124.443
31/10/2022,126.85
28/10/2022,126.106
27/10/2022,126.748
26/10/2022,131.04
25/10/2022,144.098
24/10/2022,144.232
21/10/2022,148.672
20/10/2022,142.256
19/10/2022,140.531
18/10/2022,140.949
17/10/2022,146.051
14/10/2022,146.129
13/10/2022,144.949
12/10/2022,145.221
11/10/2022,149.794
10/10/2022,145.991
07/10/2022,142.287
06/10/2022,140.289
05/10/2022,136.972
04/10/2022,136.602
03/10/2022,145.333
30/09/2022,149.629
29/09/2022,153.337
28/09/2022,151.997
27/09/2022,139.927
26/09/2022,142.398
23/09/2022,134.408
22/09/2022,123.818
21/09/2022,118.067
20/09/2022,108.528
19/09/2022,99.345
16/09/2022,97.88
15/09/2022,92.585
14/09/2022,95.633
13/09/2022,97.492
12/09/2022,96.707
09/09/2022,98.452
08/09/2022,102.622
07/09/2022,106.161
06/09/2022,109.128
05/09/2022,111.722
02/09/2022,110.174
01/09/2022,111.848
31/08/2022,101.29
30/08/2022,99.109
29/08/2022,98.355
26/08/2022,93.26
25/08/2022,94.088
24/08/2022,98.737
23/08/2022,103.168
22/08/2022,102.098
19/08/2022,95.754
18/08/2022,92.432
17/08/2022,90.197
16/08/2022,89.413
15/08/2022,87.873
12/08/2022,92.29
11/08/2022,95.008
10/08/2022,99.731
09/08/2022,102.185
08/08/2022,104.014
05/08/2022,105.633
04/08/2022,108.235
03/08/2022,110.646
02/08/2022,113.028
01/08/2022,107.928
29/07/2022,104.14
28/07/2022,114.245
27/07/2022,123.227
26/07/2022,121.309
25/07/2022,118.873
22/07/2022,124.229
21/07/2022,128.895
20/07/2022,130.439
19/07/2022,141.222
18/07/2022,140.262
15/07/2022,145.884
14/07/2022,140.698
13/07/2022,140.329
12/07/2022,138.448
11/07/2022,129.91
08/07/2022,128.895
07/07/2022,129.848
06/07/2022,132.138
05/07/2022,131.053
04/07/2022,131.063
01/07/2022,128.427
30/06/2022,129.583
29/06/2022,122.222
28/06/2022,116.96
27/06/2022,114.098
24/06/2022,117.829
23/06/2022,122.442
22/06/2022,120.2
21/06/2022,115.469
20/06/2022,117.965
17/06/2022,122.74
16/06/2022,126.513
15/06/2022,114.684
14/06/2022,122.319
13/06/2022,120.542
10/06/2022,104.283
09/06/2022,96.229
08/06/2022,93.842
07/06/2022,93.807
06/06/2022,94.059
03/06/2022,96.463
02/06/2022,97.074
01/06/2022,96.686
31/05/2022,95.443
30/05/2022,95.801
27/05/2022,100.795
26/05/2022,102.253
25/05/2022,107.304
24/05/2022,114.368
23/05/2022,115.651
20/05/2022,119.634
19/05/2022,125.816
18/05/2022,118.352
17/05/2022,116.674
16/05/2022,122.785
13/05/2022,122.905
12/05/2022,128.464
11/05/2022,120.305
10/05/2022,126.202
09/05/2022,123.168
06/05/2022,120.53
05/05/2022,114.252
04/05/2022,115.962
03/05/2022,118.101
02/05/2022,109.999
29/04/2022,110.681
28/04/2022,110.181
27/04/2022,113.132
26/04/2022,110.809
25/04/2022,112.573
22/04/2022,100.61
21/04/2022,95.589
20/04/2022,98.614
19/04/2022,99.946
18/04/2022,93.485
15/04/2022,92.183
14/04/2022,92.741
13/04/2022,92.957
12/04/2022,93.208
11/04/2022,89.226
08/04/2022,79.637
07/04/2022,73.501
06/04/2022,72.745
05/04/2022,69.084
04/04/2022,68.683
01/04/2022,79.679
31/03/2022,78.674
30/03/2022,76.775
29/03/2022,79.885
28/03/2022,88.635
25/03/2022,90.582
24/03/2022,91.662
23/03/2022,88.059
22/03/2022,88.186
21/03/2022,85.264
18/03/2022,76.536
17/03/2022,77.949
16/03/2022,92.051
15/03/2022,99.459
14/03/2022,98.97
11/03/2022,96.177
10/03/2022,93.791
09/03/2022,101.356
08/03/2022,106.889
07/03/2022,108.049
04/03/2022,98.851
03/03/2022,95.143
02/03/2022,95.856
01/03/2022,95.087
28/02/2022,95.723
25/02/2022,91.002
24/02/2022,91.428
23/02/2022,82.871
22/02/2022,85.183
21/02/2022,82.821
18/02/2022,82.242
17/02/2022,80.857
16/02/2022,80.469
15/02/2022,81.406
14/02/2022,82.743
11/02/2022,80.568
10/02/2022,77.685
09/02/2022,77.922
08/02/2022,78.622
07/02/2022,78.858
04/02/2022,75.63
03/02/2022,71.771
02/02/2022,72.458
01/02/2022,72.156
31/01/2022,72.727
28/01/2022,72.882
27/01/2022,72.006
26/01/2022,68.253
25/01/2022,70.026
24/01/2022,69.226
21/01/2022,68.578
20/01/2022,66.931
19/01/2022,65.771
18/01/2022,66.632
17/01/2022,65.364
14/01/2022,63.542
13/01/2022,60.192
12/01/2022,58.35
11/01/2022,58.14
10/01/2022,57.956
07/01/2022,56.558
06/01/2022,56.806
05/01/2022,54.113
04/01/2022,53.095
03/01/2022,54.38
31/12/2021,56.126
30/12/2021,53.6
29/12/2021,56.704
28/12/2021,56.651
27/12/2021,56.846
24/12/2021,56.707
23/12/2021,57.634
22/12/2021,57.767
21/12/2021,58.729
20/12/2021,59.074
17/12/2021,57.773
16/12/2021,57.861
15/12/2021,59.291
14/12/2021,59.635
13/12/2021,60.037
10/12/2021,60.832
09/12/2021,61.299
08/12/2021,63.775
07/12/2021,67.119
06/12/2021,69.378
03/12/2021,69.52
02/12/2021,69.786
01/12/2021,70.819
30/11/2021,68.64
29/11/2021,66.974
26/11/2021,68.632
25/11/2021,63.967
24/11/2021,64.218
23/11/2021,63.286
22/11/2021,61.908
19/11/2021,62.503
18/11/2021,64.671
17/11/2021,65.043
16/11/2021,65.326
15/11/2021,64.805
12/11/2021,65.173
11/11/2021,64.754
10/11/2021,64.066
09/11/2021,65.825
08/11/2021,61.744
05/11/2021,59.719
04/11/2021,58.376
03/11/2021,59.282
02/11/2021,58.85
01/11/2021,56.927
29/10/2021,56.542
28/10/2021,56.305
27/10/2021,55.697
26/10/2021,56.726
25/10/2021,58.46
22/10/2021,58.406
21/10/2021,58.166
20/10/2021,57.715
19/10/2021,58.041
18/10/2021,59.314
15/10/2021,60.653
14/10/2021,65.084
13/10/2021,65.505
12/10/2021,65.369
11/10/2021,64.863
08/10/2021,59.985
07/10/2021,58.256
06/10/2021,61.019
05/10/2021,57.805
04/10/2021,52.836
01/10/2021,52.081
30/09/2021,51.559
29/09/2021,52.613
28/09/2021,51.573
27/09/2021,49.573
24/09/2021,49.105
23/09/2021,48.182
22/09/2021,48.296
21/09/2021,49.26
20/09/2021,52.033
17/09/2021,44.213
16/09/2021,42.537
15/09/2021,42.502
14/09/2021,42.35
13/09/2021,42.327
10/09/2021,42.233
09/09/2021,42.505
08/09/2021,42.463
07/09/2021,42.165
06/09/2021,42.994
03/09/2021,42.772
02/09/2021,43.052
01/09/2021,43.309
31/08/2021,44.393
30/08/2021,45.576
27/08/2021,47.123
26/08/2021,47.258
25/08/2021,47.616
24/08/2021,47.977
23/08/2021,48.567
20/08/2021,48.632
19/08/2021,48.366
18/08/2021,48.534
17/08/2021,49.559
16/08/2021,49.057
13/08/2021,49.195
12/08/2021,50.002
11/08/2021,50.711
10/08/2021,50.713
09/08/2021,50.779
06/08/2021,50.567
05/08/2021,50.573
04/08/2021,50.73
03/08/2021,50.685
02/08/2021,50.758
30/07/2021,50.93
29/07/2021,50.211
28/07/2021,51.391
27/07/2021,51.335
26/07/2021,48.799
23/07/2021,48.286
22/07/2021,48.169
21/07/2021,48.043
20/07/2021,48.314
19/07/2021,47.657
16/07/2021,46.773
15/07/2021,46.468
14/07/2021,45.712
13/07/2021,46.44
12/07/2021,46.578
09/07/2021,46.196
08/07/2021,47.051
07/07/2021,45.431
06/07/2021,43.776
05/07/2021,43.322
02/07/2021,43.732
01/07/2021,43.361
30/06/2021,43.562
29/06/2021,43.653
28/06/2021,43.651
25/06/2021,43.565
24/06/2021,44.056
23/06/2021,44.361
22/06/2021,45.028
21/06/2021,45.249
18/06/2021,44.018
17/06/2021,44.07
16/06/2021,43.549
15/06/2021,43.122
14/06/2021,42.902
11/06/2021,43.03
10/06/2021,44.032
09/06/2021,44.107
08/06/2021,44.496
07/06/2021,44.616
04/06/2021,45.266
03/06/2021,45.982
02/06/2021,45.755
01/06/2021,46.466
31/05/2021,46.224
28/05/2021,46.046
27/05/2021,46.125
26/05/2021,46.62
25/05/2021,47.679
24/05/2021,47.996
21/05/2021,48.437
20/05/2021,48.213
19/05/2021,48.048
18/05/2021,47.431
17/05/2021,47.495
14/05/2021,47.985
13/05/2021,49.199
12/05/2021,47.629
11/05/2021,46.521
10/05/2021,45.579
07/05/2021,46.202
06/05/2021,46.817
05/05/2021,46.403
04/05/2021,46.367
03/05/2021,45.646
30/04/2021,46.042
29/04/2021,46.4
28/04/2021,47.186
27/04/2021,47.153
26/04/2021,47.072
23/04/2021,46.562
22/04/2021,46.277
21/04/2021,45.467
20/04/2021,45.881
19/04/2021,44.449
16/04/2021,45.713
15/04/2021,46.983
14/04/2021,48.499
13/04/2021,46.614
12/04/2021,46.026
09/04/2021,46.425
08/04/2021,46.704
07/04/2021,46.049
06/04/2021,43.48
05/04/2021,43.298
02/04/2021,43.606
01/04/2021,43.598
31/03/2021,44.758
30/03/2021,44.835
29/03/2021,44.451
26/03/2021,43.879
25/03/2021,44.36
24/03/2021,44.048
23/03/2021,43.121
22/03/2021,43.582
19/03/2021,39.284
18/03/2021,40.057
17/03/2021,40.274
16/03/2021,40.637
15/03/2021,41.637
12/03/2021,42.477
11/03/2021,41.667
10/03/2021,44.912
09/03/2021,45.189
08/03/2021,43.263
05/03/2021,42.25
04/03/2021,42.189
03/03/2021,39.678
02/03/2021,39.202
01/03/2021,39.088
26/02/2021,40.836
25/02/2021,38.024
24/02/2021,37.56
23/02/2021,38.477
22/02/2021,38.166
19/02/2021,37.146
18/02/2021,37.347
17/02/2021,37.47
16/02/2021,36.657
15/02/2021,37.69
12/02/2021,41.739
11/02/2021,37.584
10/02/2021,37.747
09/02/2021,37.113
08/02/2021,37.369
05/02/2021,37.967
04/02/2021,38.856
03/02/2021,38.375
02/02/2021,39.367
01/02/2021,41.04
29/01/2021,41.843
28/01/2021,41.792
27/01/2021,41.084
26/01/2021,39.695
25/01/2021,39.598
22/01/2021,40.038
21/01/2021,39.555
20/01/2021,40.434
19/01/2021,40.643
18/01/2021,41.529
15/01/2021,40.749
14/01/2021,39.422
13/01/2021,39.245
12/01/2021,37.938
11/01/2021,37.083
08/01/2021,35.99
07/01/2021,35.717
06/01/2021,35.82
05/01/2021,35.865
04/01/2021,34.911
01/01/2021,41.352
31/12/2020,35.554
30/12/2020,35.858
29/12/2020,35.738
28/12/2020,41.78
25/12/2020,40.875
24/12/2020,40.832
23/12/2020,36.127
22/12/2020,35.626
21/12/2020,36.316
18/12/2020,35.051
17/12/2020,34.565
16/12/2020,35.195
15/12/2020,35.186
14/12/2020,36.311
11/12/2020,36.431
10/12/2020,36.188
09/12/2020,35.735
08/12/2020,36.032
07/12/2020,35.734
04/12/2020,34.503
03/12/2020,34.526
02/12/2020,34.845
01/12/2020,35.321
30/11/2020,35.966
27/11/2020,40.956
26/11/2020,35.712
25/11/2020,35.517
24/11/2020,35.921
23/11/2020,38.148
20/11/2020,39.422
19/11/2020,38.104
18/11/2020,37.769
17/11/2020,37.097
16/11/2020,36.606
13/11/2020,37.078
12/11/2020,35.95
11/11/2020,34.771
10/11/2020,35.297
09/11/2020,37.439
06/11/2020,39.792
05/11/2020,41.655
04/11/2020,43.663
03/11/2020,44.875
02/11/2020,46.187
30/10/2020,46.838
29/10/2020,46.661
28/10/2020,46.821
27/10/2020,45.119
26/10/2020,44.482
23/10/2020,44.369
22/10/2020,45.039
21/10/2020,45.131
20/10/2020,45.636
19/10/2020,45.41
16/10/2020,46.288
15/10/2020,47.777
14/10/2020,46.312
13/10/2020,45.556
12/10/2020,45.744
09/10/2020,45.845
08/10/2020,48.129
07/10/2020,50.434
06/10/2020,50.828
05/10/2020,53.606
02/10/2020,54.845
01/10/2020,53.795
30/09/2020,55.95
29/09/2020,56.703
28/09/2020,57.186
25/09/2020,57.915
24/09/2020,56.956
23/09/2020,51.931
22/09/2020,52.197
21/09/2020,52.361
18/09/2020,43.95
17/09/2020,44.88
16/09/2020,43.535
15/09/2020,44.425
14/09/2020,44.205
11/09/2020,45.685
10/09/2020,45.103
09/09/2020,46.157
08/09/2020,45.446
07/09/2020,44.842
04/09/2020,43.806
03/09/2020,45.012
02/09/2020,43.001
01/09/2020,44.175
31/08/2020,44.903
28/08/2020,45.633
27/08/2020,46.441
26/08/2020,46.179
25/08/2020,46.534
24/08/2020,47.387
21/08/2020,49.007
20/08/2020,49.89
19/08/2020,48.815
18/08/2020,49.093
17/08/2020,49.704
14/08/2020,49.957
13/08/2020,49.941
12/08/2020,49.93
11/08/2020,50.524
10/08/2020,52.409
07/08/2020,52.58
06/08/2020,53.185
05/08/2020,54.46
04/08/2020,55.257
03/08/2020,56.709
31/07/2020,55.653
30/07/2020,56.885
29/07/2020,56.8
28/07/2020,57.434
27/07/2020,57.124
24/07/2020,57.501
23/07/2020,56.644
22/07/2020,56.377
21/07/2020,57.894
20/07/2020,59.293
17/07/2020,60.261
16/07/2020,60.282
15/07/2020,60.021
14/07/2020,61.702
13/07/2020,60.686
10/07/2020,61.517
09/07/2020,61.102
08/07/2020,60.967
07/07/2020,59.988
06/07/2020,59.925
03/07/2020,60.402
02/07/2020,61.377
01/07/2020,63.917
30/06/2020,65.583
29/06/2020,66.87
26/06/2020,59.735
25/06/2020,66.364
24/06/2020,62.746
23/06/2020,62.284
22/06/2020,61.978
19/06/2020,62.255
18/06/2020,62.546
17/06/2020,60.171
16/06/2020,61.235
15/06/2020,70.877
12/06/2020,67.902
11/06/2020,66.373
10/06/2020,60.737
09/06/2020,58.427
08/06/2020,54.77
05/06/2020,61.426
04/06/2020,63.146
03/06/2020,66.198
02/06/2020,70.309
01/06/2020,71.747
29/05/2020,74.954
28/05/2020,71.945
27/05/2020,72.876
26/05/2020,76.046
25/05/2020,78.035
22/05/2020,79.322
21/05/2020,75.582
20/05/2020,78.837
19/05/2020,81.593
18/05/2020,86.319
15/05/2020,88.845
14/05/2020,88.742
13/05/2020,86.214
12/05/2020,85.089
11/05/2020,83.42
08/05/2020,83.029
07/05/2020,85.592
06/05/2020,84.948
05/05/2020,84.887
04/05/2020,86.392
01/05/2020,82.43
30/04/2020,80.481
29/04/2020,84.424
28/04/2020,87.727
27/04/2020,86.565
24/04/2020,87.386
23/04/2020,86.988
22/04/2020,89.439
21/04/2020,88.972
20/04/2020,82.738
17/04/2020,82.847
16/04/2020,85.664
15/04/2020,85.034
14/04/2020,78.412
13/04/2020,83.238
10/04/2020,96.056
09/04/2020,89.007
08/04/2020,99.578
07/04/2020,99.684
06/04/2020,106.337
03/04/2020,120.191
02/04/2020,113.946
01/04/2020,113.87
31/03/2020,104.411
30/03/2020,115.429
27/03/2020,98.203
26/03/2020,101.84
25/03/2020,103.708
24/03/2020,129.162
23/03/2020,170.975
20/03/2020,145.336
19/03/2020,154.19
18/03/2020,141.771
17/03/2020,130.978
16/03/2020,125.405
13/03/2020,113.091
12/03/2020,133.256
11/03/2020,87.086
10/03/2020,76.572
09/03/2020,95.481
06/03/2020,59.608
05/03/2020,50.536
04/03/2020,50.624
03/03/2020,48.348
02/03/2020,53.554
28/02/2020,54.88
27/02/2020,44.232
26/02/2020,41.29
25/02/2020,39.318
24/02/2020,40.007
21/02/2020,35.32
20/02/2020,34.383
19/02/2020,34.223
18/02/2020,35.0
17/02/2020,34.532
14/02/2020,34.487
13/02/2020,34.723
12/02/2020,34.467
11/02/2020,35.854
10/02/2020,36.755
07/02/2020,36.756
06/02/2020,34.968
05/02/2020,34.703
04/02/2020,37.351
03/02/2020,40.52
31/01/2020,41.524
30/01/2020,41.836
29/01/2020,39.667
28/01/2020,41.228
27/01/2020,37.62
24/01/2020,38.865
23/01/2020,37.645
22/01/2020,36.151
21/01/2020,35.532
20/01/2020,33.003
17/01/2020,32.968
16/01/2020,32.971
15/01/2020,34.194
14/01/2020,34.166
13/01/2020,33.975
10/01/2020,34.262
09/01/2020,34.325
08/01/2020,35.761
07/01/2020,35.503
06/01/2020,36.795
03/01/2020,34.826
02/01/2020,32.978
01/01/2020,33.541
31/12/2019,33.54
30/12/2019,33.632
27/12/2019,33.785
26/12/2019,33.546
25/12/2019,33.596
24/12/2019,33.55
23/12/2019,33.424
20/12/2019,34.079
19/12/2019,34.474
18/12/2019,35.117
17/12/2019,36.223
16/12/2019,36.646
13/12/2019,37.194
12/12/2019,39.487
11/12/2019,40.071
10/12/2019,40.669
09/12/2019,40.357
06/12/2019,39.81
05/12/2019,40.876
04/12/2019,41.386
03/12/2019,40.933
02/12/2019,40.243
29/11/2019,40.152
28/11/2019,40.344
27/11/2019,39.968
26/11/2019,40.938
25/11/2019,41.101
22/11/2019,41.554
21/11/2019,41.614
20/11/2019,42.083
19/11/2019,40.272
18/11/2019,39.643
15/11/2019,39.843
14/11/2019,41.102
13/11/2019,39.736
12/11/2019,37.674
11/11/2019,37.753
08/11/2019,37.035
07/11/2019,37.731
06/11/2019,38.258
05/11/2019,37.182
04/11/2019,37.899
01/11/2019,39.216
31/10/2019,39.836
30/10/2019,40.055
29/10/2019,38.98
28/10/2019,39.092
25/10/2019,39.675
24/10/2019,40.563
23/10/2019,40.887
22/10/2019,40.637
21/10/2019,41.503
18/10/2019,42.29
17/10/2019,42.667
16/10/2019,44.181
15/10/2019,45.608
14/10/2019,46.354
11/10/2019,46.875
10/10/2019,48.454
09/10/2019,48.873
08/10/2019,49.414
07/10/2019,48.938
04/10/2019,49.531
03/10/2019,49.141
02/10/2019,49.364
01/10/2019,47.522
30/09/2019,48.077
27/09/2019,47.816
26/09/2019,47.91
25/09/2019,48.07
24/09/2019,47.558
23/09/2019,47.324
20/09/2019,45.685
19/09/2019,40.104
18/09/2019,39.879
17/09/2019,39.966
16/09/2019,39.946
13/09/2019,39.743
12/09/2019,39.997
11/09/2019,41.453
10/09/2019,41.578
09/09/2019,41.668
06/09/2019,42.697
05/09/2019,43.445
04/09/2019,45.009
03/09/2019,47.465
02/09/2019,48.615
30/08/2019,48.208
29/08/2019,48.78
28/08/2019,50.418
27/08/2019,50.254
26/08/2019,50.544
23/08/2019,49.558
22/08/2019,49.235
21/08/2019,49.613
20/08/2019,50.321
19/08/2019,51.937
16/08/2019,53.617
15/08/2019,57.191
14/08/2019,55.024
13/08/2019,55.109
12/08/2019,55.327
09/08/2019,52.93
08/08/2019,54.149
07/08/2019,56.085
06/08/2019,55.96
05/08/2019,58.2
02/08/2019,50.878
01/08/2019,46.627
31/07/2019,45.19
30/07/2019,45.533
29/07/2019,44.814
26/07/2019,44.926
25/07/2019,45.046
24/07/2019,46.44
23/07/2019,46.975
22/07/2019,47.937
19/07/2019,47.953
18/07/2019,48.696
17/07/2019,49.192
16/07/2019,47.404
15/07/2019,47.84
12/07/2019,47.494
11/07/2019,47.773
10/07/2019,47.564
09/07/2019,49.168
08/07/2019,48.833
05/07/2019,46.346
04/07/2019,45.225
03/07/2019,45.444
02/07/2019,46.888
01/07/2019,48.721
28/06/2019,48.984
27/06/2019,49.293
26/06/2019,50.803
25/06/2019,51.01
24/06/2019,50.702
21/06/2019,50.167
20/06/2019,53.487
19/06/2019,54.544
18/06/2019,57.058
17/06/2019,57.808
14/06/2019,58.795
13/06/2019,58.581
12/06/2019,58.5
11/06/2019,57.043
10/06/2019,58.818
07/06/2019,61.595
06/06/2019,61.232
05/06/2019,63.207
04/06/2019,64.466
03/06/2019,66.199
31/05/2019,62.879
30/05/2019,61.699
29/05/2019,63.067
28/05/2019,60.058
27/05/2019,59.55
24/05/2019,59.671
23/05/2019,60.449
22/05/2019,57.966
21/05/2019,57.027
20/05/2019,57.391
17/05/2019,57.111
16/05/2019,55.253
15/05/2019,56.796
14/05/2019,57.019
13/05/2019,56.361
10/05/2019,54.548
09/05/2019,56.961
08/05/2019,54.097
07/05/2019,52.425
06/05/2019,52.016
03/05/2019,49.736
02/05/2019,50.085
01/05/2019,50.123
30/04/2019,50.74
29/04/2019,51.573
26/04/2019,52.459
25/04/2019,53.929
24/04/2019,51.979
23/04/2019,51.187
22/04/2019,50.902
19/04/2019,51.214
18/04/2019,51.055
17/04/2019,50.895
16/04/2019,51.396
15/04/2019,51.925
12/04/2019,52.366
11/04/2019,54.003
10/04/2019,54.329
09/04/2019,54.271
08/04/2019,55.024
05/04/2019,54.785
29/03/2019,58.382
20/03/2019,60.777
19/03/2019,56.118
18/03/2019,56.067
15/03/2019,58.119
14/03/2019,58.188
13/03/2019,59.556
12/03/2019,59.432
11/03/2019,60.704
08/03/2019,63.33
07/03/2019,59.36
06/03/2019,58.838
05/03/2019,57.904
04/03/2019,57.383
01/03/2019,59.619
28/02/2019,61.051
27/02/2019,61.321
26/02/2019,61.688
25/02/2019,61.815
22/02/2019,63.579
21/02/2019,63.857
20/02/2019,64.694
19/02/2019,65.804
18/02/2019,67.044
15/02/2019,67.798
14/02/2019,67.034
13/02/2019,66.121
12/02/2019,69.931
11/02/2019,71.632
08/02/2019,72.78
07/02/2019,71.004
06/02/2019,70.782
05/02/2019,71.649
04/02/2019,71.604
01/02/2019,70.203
31/01/2019,70.257
30/01/2019,75.257
29/01/2019,76.444
28/01/2019,76.16
25/01/2019,76.899
24/01/2019,78.308
23/01/2019,79.854
22/01/2019,80.6
21/01/2019,79.213
18/01/2019,80.152
17/01/2019,80.811
16/01/2019,80.559
15/01/2019,82.211
14/01/2019,82.775
11/01/2019,80.818
10/01/2019,83.335
09/01/2019,83.32
08/01/2019,86.432
07/01/2019,88.171
04/01/2019,89.62
03/01/2019,91.115
02/01/2019,89.619
01/01/2019,88.253
31/12/2018,88.231
28/12/2018,87.673
27/12/2018,88.91
26/12/2018,90.43
25/12/2018,90.305
24/12/2018,89.382
21/12/2018,87.257
20/12/2018,84.677
19/12/2018,81.825
18/12/2018,83.061
17/12/2018,82.198
14/12/2018,82.679
13/12/2018,84.152
12/12/2018,87.206
11/12/2018,89.097
10/12/2018,91.877
07/12/2018,89.769
06/12/2018,89.585
05/12/2018,89.4
04/12/2018,88.25
03/12/2018,89.297
30/11/2018,93.407
29/11/2018,94.604
28/11/2018,98.607
27/11/2018,98.637
26/11/2018,98.294
23/11/2018,99.554
22/11/2018,98.983
21/11/2018,98.37
20/11/2018,99.654
19/11/2018,97.532
16/11/2018,95.347
15/11/2018,94.05
14/11/2018,93.102
13/11/2018,91.56
12/11/2018,90.681
09/11/2018,89.782
08/11/2018,89.082
07/11/2018,91.6
06/11/2018,92.771
05/11/2018,93.623
02/11/2018,94.433
01/11/2018,98.314
31/10/2018,98.026
30/10/2018,98.733
29/10/2018,98.534
26/10/2018,97.787
25/10/2018,95.523
24/10/2018,94.156
23/10/2018,93.094
22/10/2018,91.914
19/10/2018,92.442
18/10/2018,90.392
17/10/2018,90.557
16/10/2018,91.009
15/10/2018,89.306
12/10/2018,89.463
11/10/2018,89.816
10/10/2018,87.135
09/10/2018,88.555
08/10/2018,89.013
05/10/2018,85.215
04/10/2018,82.694
03/10/2018,78.17
02/10/2018,78.218
01/10/2018,76.807
28/09/2018,76.69
27/09/2018,77.041
26/09/2018,77.912
25/09/2018,78.422
24/09/2018,78.509
21/09/2018,78.968
20/09/2018,78.641
19/09/2018,77.21
18/09/2018,79.145
17/09/2018,79.509
14/09/2018,79.438
13/09/2018,81.034
12/09/2018,83.897
11/09/2018,84.109
10/09/2018,85.962
07/09/2018,86.844
06/09/2018,87.127
05/09/2018,87.043
04/09/2018,82.728
03/09/2018,80.363
31/08/2018,79.592
30/08/2018,78.239
29/08/2018,76.843
28/08/2018,75.928
27/08/2018,76.55
24/08/2018,78.413
23/08/2018,77.678
22/08/2018,77.123
21/08/2018,77.05
20/08/2018,77.698
17/08/2018,78.611
16/08/2018,78.675
15/08/2018,77.908
14/08/2018,77.836
13/08/2018,81.109
10/08/2018,76.043
09/08/2018,73.389
08/08/2018,73.5
07/08/2018,72.642
06/08/2018,73.845
03/08/2018,74.583
02/08/2018,75.014
01/08/2018,73.14
31/07/2018,73.052
30/07/2018,72.076
27/07/2018,71.781
26/07/2018,72.206
25/07/2018,74.402
24/07/2018,75.415
23/07/2018,76.925
20/07/2018,78.054
19/07/2018,78.571
18/07/2018,77.913
17/07/2018,78.085
16/07/2018,76.818
13/07/2018,79.61
12/07/2018,81.199
11/07/2018,82.377
10/07/2018,84.202
09/07/2018,86.965
06/07/2018,89.472
05/07/2018,89.897
04/07/2018,89.405
03/07/2018,91.538
02/07/2018,93.583
29/06/2018,91.308
28/06/2018,95.107
27/06/2018,93.876
26/06/2018,92.355
25/06/2018,91.302
22/06/2018,91.779
21/06/2018,93.529
20/06/2018,92.667
19/06/2018,95.708
18/06/2018,88.145
15/06/2018,87.397
14/06/2018,87.242
13/06/2018,87.579
12/06/2018,87.827
11/06/2018,88.271
08/06/2018,89.018
07/06/2018,86.109
06/06/2018,87.548
05/06/2018,86.858
04/06/2018,87.769
01/06/2018,86.556
31/05/2018,83.933
30/05/2018,83.579
29/05/2018,83.849
28/05/2018,81.23
25/05/2018,83.42
24/05/2018,84.47
23/05/2018,85.551
22/05/2018,85.513
21/05/2018,86.79
18/05/2018,85.762
17/05/2018,85.059
16/05/2018,85.127
15/05/2018,80.651
14/05/2018,78.918
11/05/2018,79.065
10/05/2018,83.22
09/05/2018,84.696
08/05/2018,83.502
07/05/2018,80.181
04/05/2018,79.01
03/05/2018,76.596
02/05/2018,74.035
01/05/2018,71.427
30/04/2018,72.25
27/04/2018,73.03
26/04/2018,74.121
25/04/2018,74.952
24/04/2018,73.342
23/04/2018,73.708
20/04/2018,71.606
19/04/2018,71.168
18/04/2018,70.605
17/04/2018,70.537
16/04/2018,72.183
13/04/2018,72.485
12/04/2018,73.012
11/04/2018,72.738
10/04/2018,71.615
09/04/2018,72.81
06/04/2018,72.294
05/04/2018,73.011
04/04/2018,74.104
03/04/2018,74.136
02/04/2018,74.075
30/03/2018,74.095
29/03/2018,74.508
28/03/2018,74.715
27/03/2018,75.41
26/03/2018,76.365
23/03/2018,76.882
22/03/2018,72.91
21/03/2018,72.753
20/03/2018,71.109
19/03/2018,65.092
16/03/2018,63.848
15/03/2018,64.693
14/03/2018,63.489
13/03/2018,63.443
12/03/2018,63.143
09/03/2018,64.885
08/03/2018,66.061
07/03/2018,65.809
06/03/2018,63.637
05/03/2018,64.356
02/03/2018,64.266
01/03/2018,63.238
28/02/2018,63.13
27/02/2018,63.081
26/02/2018,64.318
23/02/2018,65.427
22/02/2018,65.184
21/02/2018,64.616
20/02/2018,63.758
19/02/2018,61.538
16/02/2018,63.097
15/02/2018,63.659
14/02/2018,66.147
13/02/2018,66.901
12/02/2018,68.402
09/02/2018,70.09
08/02/2018,66.014
07/02/2018,62.282
06/02/2018,64.119
05/02/2018,61.474
02/02/2018,59.147
01/02/2018,57.481
31/01/2018,59.194
30/01/2018,58.892
29/01/2018,56.056
26/01/2018,56.213
25/01/2018,56.51
24/01/2018,55.188
23/01/2018,55.606
22/01/2018,56.5
19/01/2018,56.228
18/01/2018,55.041
17/01/2018,54.687
16/01/2018,54.553
15/01/2018,54.584
12/01/2018,53.686
11/01/2018,53.299
10/01/2018,52.336
09/01/2018,51.866
08/01/2018,53.618
05/01/2018,55.209
04/01/2018,57.339
03/01/2018,58.225
02/01/2018,65.093
29/12/2017,67.276
28/12/2017,58.628
27/12/2017,59.338
22/12/2017,59.417
21/12/2017,59.627
20/12/2017,60.45
19/12/2017,60.736
18/12/2017,61.049
15/12/2017,60.96
14/12/2017,61.202
13/12/2017,61.129
12/12/2017,61.872
11/12/2017,62.826
08/12/2017,63.258
07/12/2017,62.594
06/12/2017,62.346
05/12/2017,62.67
04/12/2017,62.508
01/12/2017,62.748
30/11/2017,63.028
29/11/2017,62.647
28/11/2017,63.046
27/11/2017,64.274
24/11/2017,65.709
23/11/2017,65.325
22/11/2017,66.32
21/11/2017,66.806
20/11/2017,68.053
17/11/2017,67.13
16/11/2017,68.392
15/11/2017,68.706
14/11/2017,67.983
13/11/2017,68.802
10/11/2017,68.769
09/11/2017,66.622
08/11/2017,66.076
07/11/2017,64.12
06/11/2017,63.998
03/11/2017,63.243
02/11/2017,63.018
01/11/2017,62.757
31/10/2017,63.174
30/10/2017,63.157
27/10/2017,62.883
26/10/2017,62.217
25/10/2017,61.747
24/10/2017,62.423
23/10/2017,62.044
20/10/2017,62.756
19/10/2017,63.061
18/10/2017,64.546
17/10/2017,64.714
16/10/2017,64.693
13/10/2017,64.602
12/10/2017,64.753
11/10/2017,64.892
10/10/2017,65.026
09/10/2017,64.679
06/10/2017,64.018
05/10/2017,64.369
04/10/2017,64.4
03/10/2017,64.887
02/10/2017,65.337
29/09/2017,65.14
28/09/2017,66.118
27/09/2017,65.952
26/09/2017,65.015
25/09/2017,64.1
22/09/2017,63.059
21/09/2017,62.294
20/09/2017,61.552
19/09/2017,56.894
18/09/2017,58.263
15/09/2017,59.573
14/09/2017,59.571
13/09/2017,60.178
12/09/2017,60.031
11/09/2017,60.9
08/09/2017,62.946
07/09/2017,62.671
06/09/2017,64.403
05/09/2017,62.11
04/09/2017,61.439
01/09/2017,60.324
31/08/2017,60.935
30/08/2017,61.221
29/08/2017,64.454
28/08/2017,62.155
25/08/2017,64.535
24/08/2017,65.215
23/08/2017,66.322
22/08/2017,67.916
21/08/2017,69.402
18/08/2017,69.706
17/08/2017,68.318
16/08/2017,68.644
15/08/2017,69.514
14/08/2017,70.594
11/08/2017,73.382
10/08/2017,70.404
09/08/2017,69.624
08/08/2017,67.882
07/08/2017,68.287
04/08/2017,69.092
03/08/2017,68.655
02/08/2017,68.483
01/08/2017,69.234
31/07/2017,69.934
28/07/2017,70.077
27/07/2017,69.689
26/07/2017,70.997
25/07/2017,72.816
24/07/2017,73.258
21/07/2017,73.022
20/07/2017,72.943
19/07/2017,76.833
18/07/2017,73.142
17/07/2017,72.338
14/07/2017,72.643
13/07/2017,73.12
12/07/2017,75.344
11/07/2017,76.248
10/07/2017,77.594
07/07/2017,80.383
06/07/2017,78.419
05/07/2017,77.735
04/07/2017,77.534
03/07/2017,76.888
30/06/2017,77.369
29/06/2017,76.404
28/06/2017,76.94
27/06/2017,75.612
26/06/2017,76.063
23/06/2017,76.337
22/06/2017,78.631
21/06/2017,77.071
20/06/2017,73.879
19/06/2017,72.172
16/06/2017,72.169
15/06/2017,72.755
14/06/2017,71.091
13/06/2017,75.059
12/06/2017,76.226
09/06/2017,76.125
08/06/2017,77.411
07/06/2017,78.0
06/06/2017,78.517
05/06/2017,78.297
02/06/2017,77.922
01/06/2017,78.538
31/05/2017,81.289
30/05/2017,81.043
29/05/2017,80.605
26/05/2017,80.245
25/05/2017,79.815
24/05/2017,78.431
23/05/2017,78.435
22/05/2017,77.921
19/05/2017,78.64
18/05/2017,81.767
17/05/2017,77.754
16/05/2017,77.642
15/05/2017,78.619
12/05/2017,77.67
11/05/2017,77.511
10/05/2017,77.355
09/05/2017,77.477
08/05/2017,78.461
05/05/2017,78.199
04/05/2017,78.095
03/05/2017,78.688
02/05/2017,78.285
01/05/2017,79.879
28/04/2017,79.493
27/04/2017,80.117
26/04/2017,79.47
25/04/2017,80.401
24/04/2017,81.756
21/04/2017,83.804
20/04/2017,84.714
19/04/2017,86.848
18/04/2017,87.129
17/04/2017,85.599
14/04/2017,86.133
13/04/2017,85.96
12/04/2017,84.392
11/04/2017,83.61
10/04/2017,82.087
07/04/2017,82.046
06/04/2017,82.66
05/04/2017,82.104
04/04/2017,81.666
03/04/2017,82.005
31/03/2017,81.797
30/03/2017,81.937
29/03/2017,81.386
28/03/2017,82.569
27/03/2017,83.701
24/03/2017,82.844
23/03/2017,83.667
22/03/2017,85.199
21/03/2017,83.116
20/03/2017,85.332
17/03/2017,77.585
16/03/2017,79.954
15/03/2017,83.615
14/03/2017,83.862
13/03/2017,83.79
10/03/2017,86.737
09/03/2017,86.768
08/03/2017,84.608
07/03/2017,83.778
06/03/2017,85.179
03/03/2017,84.132
02/03/2017,83.046
01/03/2017,85.329
28/02/2017,85.167
27/02/2017,83.636
24/02/2017,82.826
23/02/2017,82.889
22/02/2017,83.584
21/02/2017,85.276
20/02/2017,87.993
17/02/2017,87.106
16/02/2017,86.653
15/02/2017,86.658
14/02/2017,84.716
13/02/2017,89.917
10/02/2017,90.511
09/02/2017,92.553
08/02/2017,93.193
07/02/2017,91.666
06/02/2017,91.846
03/02/2017,93.922
02/02/2017,98.332
01/02/2017,99.33
31/01/2017,97.851
27/01/2017,97.622
26/01/2017,97.664
25/01/2017,97.699
24/01/2017,99.968
23/01/2017,100.665
20/01/2017,101.998
19/01/2017,99.294
18/01/2017,97.889
17/01/2017,97.668
16/01/2017,100.677
13/01/2017,100.207
12/01/2017,101.131
11/01/2017,102.366
10/01/2017,103.16
09/01/2017,103.322
06/01/2017,102.0
05/01/2017,103.501
04/01/2017,108.829
03/01/2017,110.007
30/12/2016,109.67
29/12/2016,110.0
28/12/2016,110.479
23/12/2016,110.32
22/12/2016,110.1
21/12/2016,111.142
20/12/2016,111.866
19/12/2016,109.363
16/12/2016,109.871
15/12/2016,110.501
14/12/2016,106.774
13/12/2016,107.938
12/12/2016,109.169
09/12/2016,109.048
08/12/2016,109.858
07/12/2016,110.832
06/12/2016,114.848
05/12/2016,117.835
02/12/2016,119.152
01/12/2016,118.802
30/11/2016,120.237
29/11/2016,121.654
28/11/2016,122.35
25/11/2016,122.605
24/11/2016,124.37
23/11/2016,124.159
22/11/2016,127.693
21/11/2016,131.888
18/11/2016,128.434
17/11/2016,125.251
16/11/2016,128.344
15/11/2016,129.447
14/11/2016,134.812
11/11/2016,124.144
10/11/2016,115.149
09/11/2016,116.0
08/11/2016,112.172
07/11/2016,113.187
04/11/2016,116.035
03/11/2016,116.0
02/11/2016,116.495
01/11/2016,114.357
31/10/2016,115.495
28/10/2016,113.663
27/10/2016,112.666
26/10/2016,112.994
25/10/2016,111.251
24/10/2016,114.093
21/10/2016,114.452
20/10/2016,112.456
19/10/2016,115.14
18/10/2016,118.422
17/10/2016,118.86
14/10/2016,119.655
13/10/2016,120.821
12/10/2016,119.836
11/10/2016,119.33
10/10/2016,117.087
07/10/2016,116.484
06/10/2016,117.468
05/10/2016,116.98
04/10/2016,116.168
03/10/2016,116.16
30/09/2016,116.824
29/09/2016,115.999
28/09/2016,115.335
27/09/2016,117.654
26/09/2016,114.842
23/09/2016,107.165
22/09/2016,102.836
21/09/2016,106.806
20/09/2016,105.333
19/09/2016,96.963
16/09/2016,97.66
15/09/2016,96.657
14/09/2016,93.48
13/09/2016,91.815
12/09/2016,87.548
09/09/2016,85.98
08/09/2016,84.33
07/09/2016,85.0
06/09/2016,87.0
05/09/2016,87.83
02/09/2016,88.475
01/09/2016,88.307
31/08/2016,88.155
30/08/2016,86.485
29/08/2016,87.594
26/08/2016,87.296
25/08/2016,87.827
24/08/2016,86.811
23/08/2016,86.655
22/08/2016,87.363
19/08/2016,87.326
18/08/2016,87.82
17/08/2016,90.336
16/08/2016,89.99
15/08/2016,90.008
12/08/2016,91.313
11/08/2016,91.669
10/08/2016,91.999
09/08/2016,92.658
08/08/2016,93.0
05/08/2016,96.634
04/08/2016,99.477
03/08/2016,101.335
02/08/2016,101.337
01/08/2016,98.666
29/07/2016,99.645
28/07/2016,100.427
27/07/2016,101.826
26/07/2016,100.658
25/07/2016,100.599
22/07/2016,100.456
21/07/2016,100.911
20/07/2016,99.682
19/07/2016,100.232
18/07/2016,97.818
15/07/2016,97.646
14/07/2016,99.618
13/07/2016,101.451
12/07/2016,103.143
11/07/2016,104.511
08/07/2016,109.834
07/07/2016,109.743
06/07/2016,112.495
05/07/2016,110.33
04/07/2016,109.807
01/07/2016,112.335
30/06/2016,113.675
29/06/2016,112.328
28/06/2016,119.0
27/06/2016,122.807
24/06/2016,120.495
23/06/2016,112.482
22/06/2016,114.493
21/06/2016,113.0
20/06/2016,112.834
17/06/2016,115.835
16/06/2016,118.835
15/06/2016,117.169
14/06/2016,118.155
13/06/2016,115.323
10/06/2016,110.686
09/06/2016,109.32
08/06/2016,107.849
07/06/2016,108.161
06/06/2016,109.682
03/06/2016,111.503
02/06/2016,112.839
01/06/2016,113.512
31/05/2016,112.67
30/05/2016,110.835
27/05/2016,110.835
26/05/2016,111.498
25/05/2016,111.004
24/05/2016,113.009
23/05/2016,113.335
20/05/2016,113.33
19/05/2016,115.825
18/05/2016,113.308
17/05/2016,110.994
16/05/2016,112.668
13/05/2016,113.822
12/05/2016,112.657
11/05/2016,112.332
10/05/2016,112.003
09/05/2016,113.983
06/05/2016,116.495
05/05/2016,116.5
04/05/2016,119.477
03/05/2016,115.825
02/05/2016,109.346
29/04/2016,109.849
28/04/2016,106.19
27/04/2016,104.339
26/04/2016,104.174
25/04/2016,102.944
22/04/2016,99.716
21/04/2016,99.661
20/04/2016,100.221
19/04/2016,98.679
18/04/2016,100.485
15/04/2016,98.056
14/04/2016,98.85
13/04/2016,99.521
12/04/2016,101.503
11/04/2016,104.354
08/04/2016,104.831
07/04/2016,105.165
06/04/2016,106.639
05/04/2016,107.18
04/04/2016,105.498
01/04/2016,106.684
31/03/2016,105.316
30/03/2016,105.85
29/03/2016,107.845
28/03/2016,109.848
25/03/2016,108.999
24/03/2016,109.505
23/03/2016,105.643
22/03/2016,107.153
21/03/2016,105.834
18/03/2016,94.152
17/03/2016,98.603
16/03/2016,103.467
15/03/2016,104.66
14/03/2016,101.309
11/03/2016,104.942
10/03/2016,107.817
09/03/2016,112.801
08/03/2016,111.586
07/03/2016,110.189
04/03/2016,111.496
03/03/2016,112.983
02/03/2016,114.982
01/03/2016,117.835
29/02/2016,119.165
26/02/2016,121.261
25/02/2016,123.62
24/02/2016,124.321
23/02/2016,123.346
22/02/2016,123.686
19/02/2016,125.334
18/02/2016,124.485
17/02/2016,127.752
16/02/2016,128.998
15/02/2016,131.036
12/02/2016,136.339
11/02/2016,139.631
10/02/2016,133.329
09/02/2016,130.663
05/02/2016,129.979
04/02/2016,130.165
03/02/2016,130.382
02/02/2016,128.916
01/02/2016,126.323
29/01/2016,124.155
28/01/2016,126.871
27/01/2016,127.68
26/01/2016,128.417
25/01/2016,125.954
22/01/2016,124.669
21/01/2016,130.688
20/01/2016,130.091
19/01/2016,126.651
18/01/2016,128.624
15/01/2016,127.045
14/01/2016,123.182
13/01/2016,120.313
12/01/2016,122.505
11/01/2016,117.16
08/01/2016,116.346
07/01/2016,117.26
06/01/2016,111.716
05/01/2016,111.987
04/01/2016,112.368
01/01/2016,107.686
31/12/2015,107.673
30/12/2015,107.327
29/12/2015,107.264
28/12/2015,109.352
25/12/2015,109.7
24/12/2015,109.941
23/12/2015,111.394
22/12/2015,112.865
21/12/2015,114.161
18/12/2015,112.662
17/12/2015,110.343
16/12/2015,112.751
15/12/2015,116.003
14/12/2015,116.824
11/12/2015,116.982
10/12/2015,109.66
09/12/2015,107.497
08/12/2015,104.155
07/12/2015,101.155
04/12/2015,102.33
03/12/2015,101.485
02/12/2015,100.501
01/12/2015,100.005
30/11/2015,100.418
27/11/2015,100.126
26/11/2015,99.766
25/11/2015,100.125
24/11/2015,100.006
23/11/2015,97.325
20/11/2015,95.827
19/11/2015,97.619
18/11/2015,98.844
17/11/2015,99.998
16/11/2015,102.201
13/11/2015,100.521
12/11/2015,100.009
11/11/2015,99.573
10/11/2015,101.029
09/11/2015,101.155
06/11/2015,99.3
05/11/2015,100.825
04/11/2015,98.163
03/11/2015,104.149
02/11/2015,104.864
30/10/2015,105.613
29/10/2015,105.405
28/10/2015,105.293
27/10/2015,105.466
26/10/2015,103.741
23/10/2015,105.288
22/10/2015,107.282
20/10/2015,107.896
19/10/2015,107.495
16/10/2015,109.171
15/10/2015,111.52
14/10/2015,115.672
13/10/2015,115.462
12/10/2015,114.33
09/10/2015,114.733
08/10/2015,118.503
07/10/2015,116.028
06/10/2015,119.447
05/10/2015,124.051
02/10/2015,131.732
01/10/2015,131.298
30/09/2015,134.647
28/09/2015,133.412
25/09/2015,131.489
24/09/2015,129.332
23/09/2015,125.241
22/09/2015,122.734
21/09/2015,120.551
18/09/2015,112.323
17/09/2015,115.632
16/09/2015,117.566
15/09/2015,119.172
14/09/2015,122.093
11/09/2015,124.254
10/09/2015,121.063
09/09/2015,119.501
08/09/2015,123.903
07/09/2015,128.383
04/09/2015,125.444
03/09/2015,122.842
02/09/2015,123.505
01/09/2015,119.709
31/08/2015,117.004
28/08/2015,114.289
27/08/2015,113.03
26/08/2015,115.827
25/08/2015,115.487
24/08/2015,123.52
21/08/2015,114.578
20/08/2015,112.868
19/08/2015,107.585
18/08/2015,103.825
17/08/2015,104.227
14/08/2015,103.165
13/08/2015,101.649
12/08/2015,108.0
11/08/2015,105.652
10/08/2015,99.309
07/08/2015,99.556
06/08/2015,98.979
05/08/2015,98.987
04/08/2015,99.674
03/08/2015,99.095
31/07/2015,98.718
30/07/2015,97.418
29/07/2015,96.661
28/07/2015,97.33
27/07/2015,99.654
24/07/2015,97.326
23/07/2015,94.495
22/07/2015,94.658
21/07/2015,93.66
20/07/2015,91.33
17/07/2015,92.791
16/07/2015,93.999
15/07/2015,94.165
14/07/2015,94.002
13/07/2015,92.661
10/07/2015,92.668
09/07/2015,99.728
08/07/2015,103.166
07/07/2015,96.542
06/07/2015,93.411
03/07/2015,92.031
02/07/2015,91.165
01/07/2015,93.535
30/06/2015,93.166
29/06/2015,94.831
26/06/2015,90.047
25/06/2015,88.774
24/06/2015,89.325
23/06/2015,88.152
22/06/2015,89.505
19/06/2015,86.998
18/06/2015,89.001
17/06/2015,89.477
16/06/2015,88.924
15/06/2015,89.089
12/06/2015,88.429
11/06/2015,87.706
10/06/2015,88.16
09/06/2015,88.673
08/06/2015,89.006
05/06/2015,88.182
04/06/2015,87.413
03/06/2015,86.808
02/06/2015,86.657
01/06/2015,86.964
29/05/2015,86.66
28/05/2015,85.902
27/05/2015,85.331
26/05/2015,84.884
25/05/2015,84.295
22/05/2015,84.661
21/05/2015,85.003
20/05/2015,85.329
19/05/2015,85.33
18/05/2015,85.706
15/05/2015,86.773
14/05/2015,87.416
13/05/2015,88.531
12/05/2015,88.604
11/05/2015,88.333
08/05/2015,89.467
07/05/2015,90.15
06/05/2015,89.249
05/05/2015,90.155
04/05/2015,91.499
01/05/2015,92.19
30/04/2015,92.352
29/04/2015,91.628
28/04/2015,91.887
27/04/2015,91.324
24/04/2015,91.299
23/04/2015,91.668
22/04/2015,90.902
21/04/2015,90.662
20/04/2015,91.099
17/04/2015,91.489
16/04/2015,89.002
15/04/2015,88.672
14/04/2015,88.835
13/04/2015,87.503
10/04/2015,86.726
09/04/2015,86.162
08/04/2015,89.647
07/04/2015,90.165
06/04/2015,91.373
03/04/2015,92.356
02/04/2015,93.438
01/04/2015,93.338
31/03/2015,92.591
30/03/2015,90.694
27/03/2015,92.321
26/03/2015,94.12
25/03/2015,90.697
24/03/2015,90.327
23/03/2015,91.331
20/03/2015,91.791
19/03/2015,90.184
18/03/2015,92.656
17/03/2015,92.672
16/03/2015,92.5
13/03/2015,92.32
12/03/2015,90.439
11/03/2015,93.503
10/03/2015,93.499
09/03/2015,86.522
06/03/2015,85.168
05/03/2015,82.495
04/03/2015,84.82
03/03/2015,82.838
02/03/2015,80.835
27/02/2015,82.833
26/02/2015,84.831
25/02/2015,88.0
24/02/2015,89.0
23/02/2015,89.913
20/02/2015,91.288
19/02/2015,91.22
18/02/2015,91.385
17/02/2015,92.571
16/02/2015,92.809
13/02/2015,93.504
12/02/2015,95.017
11/02/2015,94.624
10/02/2015,94.825
09/02/2015,94.184
06/02/2015,92.98
05/02/2015,94.399
04/02/2015,93.167
03/02/2015,94.637
02/02/2015,97.0
30/01/2015,93.16
29/01/2015,94.666
28/01/2015,93.501
26/01/2015,93.334
23/01/2015,91.609
22/01/2015,94.332
21/01/2015,95.692
20/01/2015,102.002
19/01/2015,104.226
16/01/2015,105.337
15/01/2015,102.667
14/01/2015,103.833
13/01/2015,103.489
12/01/2015,101.663
09/01/2015,99.833
08/01/2015,100.331
07/01/2015,102.665
06/01/2015,102.659
05/01/2015,96.173
02/01/2015,96.145
31/12/2014,93.156
16/12/2014,101.5
15/12/2014,93.366
12/12/2014,91.252
11/12/2014,86.213
10/12/2014,86.0
09/12/2014,86.0
08/12/2014,81.666
05/12/2014,82.099
04/12/2014,81.835
03/12/2014,82.556
02/12/2014,83.495
01/12/2014,85.825
28/11/2014,82.663
27/11/2014,83.333
26/11/2014,83.998
25/11/2014,83.824
21/11/2014,90.155
20/11/2014,89.673
19/11/2014,86.673
18/11/2014,88.813
17/11/2014,88.003
14/11/2014,87.003
13/11/2014,88.668
12/11/2014,89.505
11/11/2014,90.653
10/11/2014,91.6
07/11/2014,89.66
06/11/2014,88.648
05/11/2014,89.653
04/11/2014,88.978
03/11/2014,87.983
31/10/2014,88.813
30/10/2014,88.678
29/10/2014,89.313
28/10/2014,91.158
27/10/2014,93.323
24/10/2014,95.488
23/10/2014,95.825
22/10/2014,93.5
21/10/2014,96.993
20/10/2014,96.333
17/10/2014,100.013
16/10/2014,103.835
10/10/2014,96.998
09/10/2014,95.003
08/10/2014,96.183
07/10/2014,95.003
06/10/2014,93.155
03/10/2014,94.18
02/10/2014,95.84
01/10/2014,96.165
30/09/2014,99.485
29/09/2014,100.973
26/09/2014,93.835
25/09/2014,92.48
24/09/2014,90.175
23/09/2014,93.155
22/09/2014,87.485
19/09/2014,80.988
18/09/2014,81.003
17/09/2014,83.655
16/09/2014,85.008
15/09/2014,86.313
12/09/2014,83.648
11/09/2014,81.338
10/09/2014,84.318
09/09/2014,81.475
08/09/2014,78.505
05/09/2014,81.328
04/09/2014,80.323
03/09/2014,79.838
02/09/2014,80.338
01/09/2014,83.318
29/08/2014,82.163
28/08/2014,83.155
27/08/2014,82.168
26/08/2014,83.328
25/08/2014,86.143
22/08/2014,86.648
21/08/2014,85.835
20/08/2014,88.145
19/08/2014,85.988
18/08/2014,88.168
15/08/2014,88.508
14/08/2014,91.993
13/08/2014,91.673
12/08/2014,92.668
11/08/2014,96.323
08/08/2014,99.16
07/08/2014,96.175
06/08/2014,95.49
05/08/2014,90.83
04/08/2014,90.84
01/08/2014,94.648
31/07/2014,89.323
30/07/2014,88.323
29/07/2014,88.485
28/07/2014,87.993
25/07/2014,85.673
24/07/2014,85.83
23/07/2014,87.49
22/07/2014,88.005
21/07/2014,89.49
18/07/2014,90.825
17/07/2014,90.155
16/07/2014,88.16
15/07/2014,87.343
14/07/2014,87.998
11/07/2014,87.338
10/07/2014,85.343
09/07/2014,85.008
08/07/2014,84.003
07/07/2014,83.008
04/07/2014,82.833
03/07/2014,84.053
02/07/2014,84.671
01/07/2014,86.67
30/06/2014,87.178
27/06/2014,88.508
26/06/2014,86.508
25/06/2014,86.778
24/06/2014,86.33
23/06/2014,87.658
20/06/2014,87.336
19/06/2014,83.668
18/06/2014,86.17
17/06/2014,87.835
16/06/2014,86.333
13/06/2014,86.107
12/06/2014,86.148
11/06/2014,83.495
10/06/2014,83.153
09/06/2014,80.008
06/06/2014,82.343
05/06/2014,87.008
04/06/2014,88.776
03/06/2014,87.668
02/06/2014,88.158
30/05/2014,86.673
29/05/2014,89.008
28/05/2014,88.577
27/05/2014,89.673
26/05/2014,90.924
23/05/2014,91.178
22/05/2014,94.835
21/05/2014,97.338
20/05/2014,96.178
19/05/2014,96.991
16/05/2014,93.998
15/05/2014,90.891
14/05/2014,90.728
13/05/2014,93.67
12/05/2014,95.825
09/05/2014,94.653
08/05/2014,93.06
07/05/2014,97.843
06/05/2014,101.655
05/05/2014,99.185
02/05/2014,100.787
01/05/2014,101.175
30/04/2014,101.536
29/04/2014,100.937
28/04/2014,102.728
25/04/2014,102.49
24/04/2014,100.718
23/04/2014,98.35
22/04/2014,99.726
21/04/2014,100.995
18/04/2014,101.165
17/04/2014,101.165
16/04/2014,100.13
15/04/2014,101.557
14/04/2014,102.833
11/04/2014,101.369
10/04/2014,100.153
09/04/2014,99.179
08/04/2014,102.513
07/04/2014,103.338
04/04/2014,103.003
03/04/2014,105.153
02/04/2014,99.68
01/04/2014,101.668
31/03/2014,104.823
28/03/2014,105.055
27/03/2014,106.668
26/03/2014,107.663
25/03/2014,109.5
24/03/2014,110.333
21/03/2014,111.008
20/03/2014,110.34
19/03/2014,105.813
18/03/2014,102.685
17/03/2014,106.338
14/03/2014,108.997
13/03/2014,106.985
12/03/2014,106.668
11/03/2014,102.503
10/03/2014,103.663
07/03/2014,98.82
06/03/2014,98.673
05/03/2014,97.523
04/03/2014,100.173
03/03/2014,104.003
28/02/2014,100.665
27/02/2014,103.005
26/02/2014,102.655
25/02/2014,103.668
24/02/2014,106.505
21/02/2014,105.452
20/02/2014,107.266
19/02/2014,104.345
18/02/2014,105.495
17/02/2014,106.49
14/02/2014,109.767
13/02/2014,114.423
12/02/2014,109.173
11/02/2014,112.153
10/02/2014,115.687
07/02/2014,117.163
06/02/2014,118.979
05/02/2014,122.287
04/02/2014,126.675
03/02/2014,127.33
31/01/2014,125.787
30/01/2014,125.51
29/01/2014,120.31
28/01/2014,117.67
27/01/2014,127.338
24/01/2014,129.463
23/01/2014,116.269
22/01/2014,114.505
21/01/2014,115.109
20/01/2014,115.734
17/01/2014,111.678
16/01/2014,110.498
15/01/2014,112.348
14/01/2014,114.33
13/01/2014,109.99
10/01/2014,110.99
09/01/2014,111.835
08/01/2014,114.16
07/01/2014,116.508
06/01/2014,118.371
03/01/2014,117.605
02/01/2014,115.168
01/01/2014,114.151
31/12/2013,114.168
30/12/2013,113.268
27/12/2013,109.34
26/12/2013,109.083
25/12/2013,109.152
24/12/2013,109.144
23/12/2013,109.34
20/12/2013,106.163
19/12/2013,100.069
18/12/2013,104.394
17/12/2013,104.948
16/12/2013,106.163
13/12/2013,107.725
12/12/2013,107.673
11/12/2013,106.663
10/12/2013,107.885
06/12/2013,111.838
05/12/2013,112.835
04/12/2013,111.746
03/12/2013,112.165
02/12/2013,104.35
29/11/2013,105.46
28/11/2013,106.568
27/11/2013,106.668
26/11/2013,104.423
25/11/2013,101.0
22/11/2013,101.835
21/11/2013,103.495
20/11/2013,102.83
19/11/2013,100.66
18/11/2013,97.753
15/11/2013,104.675
14/11/2013,107.998
13/11/2013,110.89
12/11/2013,107.008
11/11/2013,105.716
08/11/2013,104.341
07/11/2013,100.497
06/11/2013,105.546
05/11/2013,102.758
04/11/2013,102.457
01/11/2013,96.985
31/10/2013,94.17
30/10/2013,93.073
29/10/2013,94.995
28/10/2013,93.003
25/10/2013,93.559
24/10/2013,93.385
23/10/2013,93.838
22/10/2013,98.323
21/10/2013,98.155
18/10/2013,98.16
17/10/2013,97.5
16/10/2013,100.807
24/09/2013,108.264
23/09/2013,106.792
20/09/2013,99.318
19/09/2013,98.988
17/09/2013,121.025
16/09/2013,121.02
13/09/2013,124.5
12/09/2013,121.876
11/09/2013,120.902
10/09/2013,121.835
09/09/2013,131.069
05/09/2013,140.973
04/09/2013,141.688
26/08/2013,148.744
23/08/2013,149.159
22/08/2013,150.149
21/08/2013,143.18
20/08/2013,142.685
19/08/2013,131.937
14/08/2013,115.549
13/08/2013,116.872
12/08/2013,124.965
08/08/2013,123.329
07/08/2013,120.375
06/08/2013,117.364
05/08/2013,124.396
30/07/2013,112.586
29/07/2013,112.104
09/07/2013,129.39
08/07/2013,130.768
05/07/2013,128.191
04/07/2013,135.417
03/07/2013,134.909
02/07/2013,121.112
01/07/2013,126.323
28/06/2013,126.049
27/06/2013,126.503
26/06/2013,138.506
25/06/2013,149.005
24/06/2013,154.253
21/06/2013,139.417
20/06/2013,137.644
19/06/2013,116.56
18/06/2013,109.263
17/06/2013,108.091
14/06/2013,109.129
13/06/2013,123.553
11/06/2013,121.886
10/06/2013,108.253
06/06/2013,103.515
05/06/2013,103.01
04/06/2013,100.889
03/06/2013,107.001
31/05/2013,96.844
30/05/2013,97.663
29/05/2013,98.992
28/05/2013,91.73
27/05/2013,96.651
23/05/2013,93.333
22/05/2013,87.16
21/05/2013,86.328
20/05/2013,85.168
17/05/2013,83.802
16/05/2013,85.059
15/05/2013,85.003
14/05/2013,83.668
13/05/2013,81.018
10/05/2013,81.663
09/05/2013,81.632
08/05/2013,81.137
07/05/2013,81.673
06/05/2013,83.008
03/05/2013,84.879
02/05/2013,87.879
30/04/2013,89.854
26/04/2013,93.513
25/04/2013,97.483
24/04/2013,97.469
23/04/2013,98.985
22/04/2013,96.675
19/04/2013,97.012
18/04/2013,102.685
17/04/2013,99.299
16/04/2013,100.008
15/04/2013,98.972
12/04/2013,97.526
11/04/2013,97.57
10/04/2013,99.283
09/04/2013,103.448
08/04/2013,105.333
28/03/2013,108.69
27/03/2013,102.422
26/03/2013,107.508
25/03/2013,101.873
22/03/2013,102.617
21/03/2013,104.993
20/03/2013,105.164
19/03/2013,99.155
18/03/2013,101.668
15/03/2013,96.205
14/03/2013,99.809
13/03/2013,96.83
12/03/2013,95.173
11/03/2013,94.16
08/03/2013,94.34
07/03/2013,95.841
06/03/2013,96.741
05/03/2013,100.969
04/03/2013,102.957
01/03/2013,100.0
28/02/2013,100.575
27/02/2013,101.417
26/02/2013,103.825
25/02/2013,97.979
22/02/2013,100.448
21/02/2013,101.333
20/02/2013,99.496
19/02/2013,101.906
18/02/2013,103.259
15/02/2013,103.675
14/02/2013,104.66
12/02/2013,104.795
11/02/2013,104.792
08/02/2013,101.479
07/02/2013,105.881
06/02/2013,104.379
05/02/2013,108.353
04/02/2013,106.284
01/02/2013,106.232
31/01/2013,107.335
30/01/2013,103.224
29/01/2013,100.864
28/01/2013,100.984
25/01/2013,100.96
24/01/2013,101.513
23/01/2013,101.313
22/01/2013,99.513
21/01/2013,101.915
18/01/2013,101.995
17/01/2013,105.957
16/01/2013,102.812
15/01/2013,102.714
14/01/2013,98.997
11/01/2013,102.968
10/01/2013,94.843
11/12/2012,99.781
10/12/2012,99.972
06/12/2012,99.154
05/12/2012,98.175
12/09/2012,131.418
11/09/2012,135.073
10/09/2012,132.205
07/09/2012,136.041
06/09/2012,140.965
05/09/2012,147.693
04/09/2012,148.028
03/09/2012,151.424
31/08/2012,151.026
30/08/2012,150.587
29/08/2012,146.368
28/08/2012,145.321
27/08/2012,144.006
24/08/2012,144.092
23/08/2012,143.043
22/08/2012,143.038
21/08/2012,142.478
20/08/2012,143.373
17/08/2012,144.646
16/08/2012,145.373
15/08/2012,144.048
14/08/2012,143.548
13/08/2012,144.747
10/08/2012,143.33
09/08/2012,141.383
08/08/2012,143.048
07/08/2012,143.718
06/08/2012,143.378
03/08/2012,147.311
02/08/2012,147.688
01/08/2012,149.025
31/07/2012,148.028
30/07/2012,148.528
27/07/2012,152.048
26/07/2012,154.2
25/07/2012,158.175
24/07/2012,158.175
23/07/2012,155.85
20/07/2012,149.358
19/07/2012,148.033
18/07/2012,151.176
17/07/2012,151.358
16/07/2012,151.683
13/07/2012,151.688
12/07/2012,153.105
11/07/2012,151.77
10/07/2012,153.348
09/07/2012,157.835
06/07/2012,155.201
05/07/2012,153.159
04/07/2012,153.286
03/07/2012,156.292
02/07/2012,159.175
29/06/2012,161.261
28/06/2012,166.82
27/06/2012,167.32
26/06/2012,169.645
25/06/2012,168.465
22/06/2012,165.089
21/06/2012,163.985
20/06/2012,161.83
19/06/2012,156.205
18/06/2012,156.195
15/06/2012,159.825
14/06/2012,179.888
13/06/2012,182.208
12/06/2012,182.053
11/06/2012,185.363
08/06/2012,189.703
07/06/2012,187.548
06/06/2012,192.198
05/06/2012,198.038
04/06/2012,203.833
01/06/2012,200.333
31/05/2012,196.927
30/05/2012,198.59
29/05/2012,196.355
28/05/2012,190.374
25/05/2012,195.788
24/05/2012,190.138
23/05/2012,188.478
22/05/2012,180.905
21/05/2012,187.995
18/05/2012,185.987
17/05/2012,183.72
16/05/2012,182.308
15/05/2012,178.148
14/05/2012,166.79
11/05/2012,160.802
10/05/2012,158.749
09/05/2012,160.145
08/05/2012,155.936
07/05/2012,155.825
04/05/2012,153.155
03/05/2012,151.165
02/05/2012,151.031
01/05/2012,152.276
30/04/2012,153.66
27/04/2012,153.875
26/04/2012,150.83
25/04/2012,150.944
24/04/2012,153.556
23/04/2012,152.73
20/04/2012,151.306
19/04/2012,147.848
18/04/2012,147.323
17/04/2012,149.495
16/04/2012,150.333
12/04/2012,149.503
11/04/2012,149.498
10/04/2012,146.678
02/04/2012,142.291
30/03/2012,143.631
29/03/2012,146.304
28/03/2012,142.16
27/03/2012,141.513
26/03/2012,142.19
23/03/2012,143.376
22/03/2012,142.673
21/03/2012,137.998
14/03/2012,138.008
12/03/2012,147.276
09/03/2012,145.411
08/03/2012,149.993
07/03/2012,157.841
06/03/2012,153.264
05/03/2012,151.67
02/03/2012,149.526
01/03/2012,155.458
29/02/2012,155.49
28/02/2012,156.309
27/02/2012,158.764
24/02/2012,155.058
23/02/2012,155.141
22/02/2012,153.335
21/02/2012,152.568
20/02/2012,155.784
15/02/2012,155.588
14/02/2012,155.495
10/02/2012,155.937
09/02/2012,155.144
08/02/2012,158.594
07/02/2012,157.442
06/02/2012,156.98
03/02/2012,162.6
02/02/2012,163.759
01/02/2012,171.753
31/01/2012,175.368
30/01/2012,174.817
27/01/2012,173.63
23/01/2012,180.812
20/01/2012,181.711
19/01/2012,184.754
18/01/2012,187.884
17/01/2012,190.059
16/01/2012,194.792
13/01/2012,191.045
12/01/2012,195.459
11/01/2012,193.03
10/01/2012,194.732
09/01/2012,193.741
06/01/2012,191.399
05/01/2012,191.614
27/12/2011,193.492
26/12/2011,193.492
23/12/2011,193.505
22/12/2011,194.18
21/12/2011,194.921
16/12/2011,199.211
15/12/2011,203.358
14/12/2011,193.142
13/12/2011,194.985
12/12/2011,196.0
09/12/2011,192.522
08/12/2011,190.317
07/12/2011,184.304
06/12/2011,186.705
05/12/2011,185.589
02/12/2011,189.845
01/12/2011,196.989
30/11/2011,206.091
29/11/2011,210.734
28/11/2011,210.807
25/11/2011,232.789
24/11/2011,233.409
23/11/2011,227.861
22/11/2011,216.67
21/11/2011,213.784
18/11/2011,211.573
17/11/2011,204.786
16/11/2011,199.188
15/11/2011,195.678
14/11/2011,192.143
11/11/2011,196.736
10/11/2011,202.026
09/11/2011,185.256
08/11/2011,185.889
07/11/2011,190.274
04/11/2011,192.096
03/11/2011,214.992
02/11/2011,203.545
01/11/2011,191.403
31/10/2011,171.156
28/10/2011,159.039
27/10/2011,167.491
26/10/2011,201.468
25/10/2011,200.207
24/10/2011,194.103
21/10/2011,195.103
20/10/2011,203.823
19/10/2011,197.281
18/10/2011,193.512
17/10/2011,190.543
14/10/2011,193.83
13/10/2011,211.13
12/10/2011,211.455
11/10/2011,215.347
10/10/2011,220.446
07/10/2011,234.242
06/10/2011,245.791
05/10/2011,256.499
04/10/2011,263.774
03/10/2011,265.03
30/09/2011,256.635
29/09/2011,228.083
28/09/2011,225.332
27/09/2011,220.479
26/09/2011,239.759
23/09/2011,229.957
22/09/2011,229.85
21/09/2011,203.591
20/09/2011,188.313
19/09/2011,184.221
16/09/2011,179.5
15/09/2011,186.752
14/09/2011,187.13
13/09/2011,184.811
12/09/2011,184.874
09/09/2011,173.988
08/09/2011,170.024
07/09/2011,168.673
06/09/2011,170.586
05/09/2011,169.815
02/09/2011,165.049
01/09/2011,160.29
31/08/2011,161.708
30/08/2011,168.186
29/08/2011,170.544
26/08/2011,172.665
25/08/2011,169.236
24/08/2011,173.681
23/08/2011,166.975
22/08/2011,161.676
19/08/2011,161.358
18/08/2011,160.082
17/08/2011,159.703
16/08/2011,162.318
15/08/2011,162.987
12/08/2011,170.443
11/08/2011,156.664
10/08/2011,153.09
09/08/2011,153.455
08/08/2011,150.8
05/08/2011,141.219
04/08/2011,138.712
03/08/2011,133.847
02/08/2011,133.001
01/08/2011,131.191
29/07/2011,132.335
28/07/2011,132.236
27/07/2011,133.122
26/07/2011,133.52
25/07/2011,134.611
22/07/2011,133.601
21/07/2011,135.472
20/07/2011,138.21
19/07/2011,139.187
18/07/2011,141.655
15/07/2011,139.728
14/07/2011,137.777
13/07/2011,136.835
12/07/2011,139.147
11/07/2011,137.734
08/07/2011,133.274
07/07/2011,133.335
06/07/2011,134.626
05/07/2011,132.513
04/07/2011,135.515
01/07/2011,137.568
30/06/2011,138.706
29/06/2011,141.37
28/06/2011,142.559
27/06/2011,143.561
24/06/2011,141.269
23/06/2011,141.493
22/06/2011,142.73
21/06/2011,137.939
20/06/2011,138.835
17/06/2011,130.68
16/06/2011,134.098
15/06/2011,133.261
14/06/2011,134.338
13/06/2011,135.89
10/06/2011,135.333
09/06/2011,134.547
08/06/2011,133.88
07/06/2011,133.67
06/06/2011,135.112
03/06/2011,134.224
02/06/2011,130.915
01/06/2011,131.258
31/05/2011,131.947
30/05/2011,134.418
27/05/2011,135.026
26/05/2011,134.626
25/05/2011,135.108
24/05/2011,134.17
23/05/2011,135.356
20/05/2011,131.448
19/05/2011,132.602
18/05/2011,132.875
17/05/2011,134.284
16/05/2011,133.727
13/05/2011,132.073
12/05/2011,132.536
11/05/2011,131.262
10/05/2011,130.55
09/05/2011,131.605
06/05/2011,131.41
05/05/2011,133.33
04/05/2011,131.501
03/05/2011,130.008
02/05/2011,129.29
29/04/2011,127.646
28/04/2011,127.5
27/04/2011,131.365
26/04/2011,132.934
25/04/2011,134.215
22/04/2011,134.338
21/04/2011,134.374
20/04/2011,133.505
19/04/2011,134.954
18/04/2011,135.604
15/04/2011,134.237
14/04/2011,132.825
13/04/2011,132.132
12/04/2011,131.668
11/04/2011,129.5
08/04/2011,127.609
07/04/2011,127.49
06/04/2011,128.338
05/04/2011,128.38
04/04/2011,128.594
01/04/2011,131.43
31/03/2011,133.112
30/03/2011,131.304
29/03/2011,135.857
28/03/2011,135.33
25/03/2011,134.911
24/03/2011,136.963
23/03/2011,136.036
22/03/2011,133.991
21/03/2011,132.153
18/03/2011,131.454
17/03/2011,134.874
16/03/2011,135.348
15/03/2011,141.379
14/03/2011,133.93
11/03/2011,134.134
10/03/2011,132.549
09/03/2011,132.668
08/03/2011,132.331
07/03/2011,136.332
04/03/2011,134.601
03/03/2011,137.635
02/03/2011,139.833
01/03/2011,138.662
28/02/2011,141.011
25/02/2011,141.162
24/02/2011,143.116
23/02/2011,142.366
22/02/2011,142.645
21/02/2011,138.364
18/02/2011,137.371
17/02/2011,138.058
16/02/2011,141.665
15/02/2011,142.386
14/02/2011,142.217
11/02/2011,142.282
10/02/2011,142.401
09/02/2011,136.743
08/02/2011,133.092
07/02/2011,133.253
04/02/2011,133.618
03/02/2011,137.301
02/02/2011,133.228
01/02/2011,136.567
31/01/2011,141.928
28/01/2011,142.42
27/01/2011,136.428
26/01/2011,136.385
25/01/2011,136.301
24/01/2011,137.32
21/01/2011,139.64
20/01/2011,134.142
19/01/2011,130.653
18/01/2011,129.395
17/01/2011,128.919
14/01/2011,129.413
13/01/2011,129.449
12/01/2011,128.176
11/01/2011,132.815
10/01/2011,133.816
07/01/2011,127.991
06/01/2011,123.7
05/01/2011,123.669
04/01/2011,124.185
03/01/2011,124.673
31/12/2010,127.555
30/12/2010,127.528
29/12/2010,127.664
28/12/2010,128.798
27/12/2010,127.807
24/12/2010,127.819
23/12/2010,127.822
22/12/2010,127.847
21/12/2010,132.826
20/12/2010,134.527
17/12/2010,129.236
16/12/2010,129.192
15/12/2010,126.243
14/12/2010,123.441
13/12/2010,124.307
10/12/2010,125.411
09/12/2010,125.518
08/12/2010,127.617
07/12/2010,125.906
06/12/2010,131.365
03/12/2010,129.25
02/12/2010,131.965
01/12/2010,135.97
30/11/2010,143.894
29/11/2010,137.766
26/11/2010,139.511
25/11/2010,132.49
24/11/2010,136.406
23/11/2010,137.13
22/11/2010,131.801
19/11/2010,132.016
18/11/2010,132.833
17/11/2010,135.318
16/11/2010,138.0
15/11/2010,136.416
12/11/2010,132.427
11/11/2010,128.342
10/11/2010,126.853
09/11/2010,125.593
08/11/2010,124.515
05/11/2010,124.056
04/11/2010,126.21
03/11/2010,129.886
02/11/2010,130.862
01/11/2010,129.104
29/10/2010,131.771
28/10/2010,129.14
27/10/2010,132.035
26/10/2010,125.644
25/10/2010,126.836
22/10/2010,129.174
21/10/2010,128.108
20/10/2010,134.443
19/10/2010,130.057
18/10/2010,130.149
15/10/2010,126.375
14/10/2010,122.637
13/10/2010,123.942
12/10/2010,127.213
11/10/2010,124.707
08/10/2010,127.147
07/10/2010,127.703
06/10/2010,130.31
05/10/2010,132.552
04/10/2010,138.288
01/10/2010,138.862
30/09/2010,139.261
29/09/2010,140.897
28/09/2010,143.275
27/09/2010,142.574
24/09/2010,145.67
23/09/2010,145.201
22/09/2010,143.779
21/09/2010,144.375
20/09/2010,145.67
17/09/2010,143.48
16/09/2010,146.303
15/09/2010,147.52
14/09/2010,148.752
13/09/2010,144.844
10/09/2010,151.027
09/09/2010,154.645
08/09/2010,152.883
07/09/2010,150.272
06/09/2010,144.82
03/09/2010,151.069
02/09/2010,154.167
01/09/2010,159.5
31/08/2010,162.93
30/08/2010,156.386
27/08/2010,161.901
26/08/2010,153.902
25/08/2010,153.167
24/08/2010,148.833
23/08/2010,143.377
20/08/2010,143.947
19/08/2010,142.548
18/08/2010,144.029
17/08/2010,146.169
16/08/2010,148.819
13/08/2010,148.943
12/08/2010,151.694
11/08/2010,149.017
10/08/2010,150.061
09/08/2010,144.172
06/08/2010,149.833
05/08/2010,150.339
04/08/2010,146.8
03/08/2010,138.819
02/08/2010,139.324
30/07/2010,144.401
29/07/2010,141.093
28/07/2010,142.111
27/07/2010,139.332
26/07/2010,148.136
23/07/2010,147.439
22/07/2010,154.578
21/07/2010,156.022
20/07/2010,159.323
19/07/2010,159.422
16/07/2010,160.309
15/07/2010,156.963
14/07/2010,154.661
13/07/2010,160.89
12/07/2010,162.491
09/07/2010,162.724
08/07/2010,165.646
07/07/2010,173.47
06/07/2010,171.994
05/07/2010,167.871
02/07/2010,173.666
01/07/2010,176.009
30/06/2010,174.102
29/06/2010,176.913
28/06/2010,170.128
25/06/2010,173.767
24/06/2010,169.336
23/06/2010,167.093
22/06/2010,160.861
21/06/2010,156.356
18/06/2010,160.438
17/06/2010,164.177
16/06/2010,165.508
15/06/2010,167.197
14/06/2010,169.181
11/06/2010,175.352
10/06/2010,180.667
09/06/2010,179.2
08/06/2010,175.52
07/06/2010,176.333
04/06/2010,168.405
03/06/2010,165.0
02/06/2010,172.292
01/06/2010,176.773
31/05/2010,169.68
28/05/2010,167.287
27/05/2010,167.725
26/05/2010,181.774
25/05/2010,197.119
24/05/2010,184.918
21/05/2010,184.361
20/05/2010,187.393
19/05/2010,177.026
18/05/2010,171.14
17/05/2010,172.811
14/05/2010,166.39
13/05/2010,157.856
12/05/2010,160.821
11/05/2010,166.678
10/05/2010,163.738
07/05/2010,203.606
06/05/2010,195.414
05/05/2010,182.287
04/05/2010,171.011
03/05/2010,174.339
30/04/2010,169.671
29/04/2010,170.877
28/04/2010,176.536
27/04/2010,172.853
26/04/2010,158.617
23/04/2010,162.854
22/04/2010,163.88
21/04/2010,159.666
20/04/2010,161.558
19/04/2010,168.592
16/04/2010,161.765
15/04/2010,157.975
14/04/2010,157.868
13/04/2010,160.283
12/04/2010,165.95
09/04/2010,169.284
08/04/2010,171.61
07/04/2010,168.924
06/04/2010,174.039
05/04/2010,174.447
02/04/2010,171.119
01/04/2010,166.094
31/03/2010,171.16
30/03/2010,168.119
29/03/2010,168.745
26/03/2010,159.676
25/03/2010,164.725
24/03/2010,169.142
23/03/2010,169.624
22/03/2010,172.613
19/03/2010,162.406
18/03/2010,158.042
17/03/2010,159.412
16/03/2010,162.332
15/03/2010,162.444
12/03/2010,162.279
11/03/2010,167.46
10/03/2010,162.984
09/03/2010,169.016
08/03/2010,170.701
05/03/2010,174.28
04/03/2010,175.438
03/03/2010,180.592
02/03/2010,181.648
01/03/2010,184.5
26/02/2010,187.093
25/02/2010,191.749
24/02/2010,194.232
23/02/2010,188.636
22/02/2010,192.402
19/02/2010,187.798
18/02/2010,187.955
17/02/2010,189.292
16/02/2010,188.678
15/02/2010,197.605
12/02/2010,197.613
11/02/2010,196.877
10/02/2010,199.654
09/02/2010,215.002
08/02/2010,210.167
05/02/2010,207.245
04/02/2010,190.638
03/02/2010,188.087
02/02/2010,190.26
01/02/2010,182.65
29/01/2010,181.286
28/01/2010,178.643
27/01/2010,180.469
26/01/2010,168.125
25/01/2010,179.077
22/01/2010,182.804
21/01/2010,173.85
20/01/2010,169.486
19/01/2010,167.859
18/01/2010,168.433
15/01/2010,166.352
14/01/2010,169.249
13/01/2010,162.88
12/01/2010,165.886
11/01/2010,167.265
08/01/2010,162.935
07/01/2010,165.92
06/01/2010,165.801
05/01/2010,165.791
04/01/2010,169.38
01/01/2010,173.061
31/12/2009,173.067
30/12/2009,170.646
29/12/2009,173.833
28/12/2009,178.448
25/12/2009,172.622
24/12/2009,174.146
23/12/2009,173.338
22/12/2009,173.706
21/12/2009,172.848
18/12/2009,175.014
17/12/2009,173.277
16/12/2009,171.113
15/12/2009,171.506
14/12/2009,173.302
11/12/2009,176.656
10/12/2009,177.12
09/12/2009,178.536
08/12/2009,177.996
07/12/2009,178.194
04/12/2009,181.281
03/12/2009,180.98
02/12/2009,184.158
01/12/2009,186.948
30/11/2009,191.461
27/11/2009,197.824
26/11/2009,193.103
25/11/2009,181.684
24/11/2009,180.925
23/11/2009,177.973
20/11/2009,179.143
19/11/2009,181.274
18/11/2009,176.185
17/11/2009,173.509
16/11/2009,176.105
13/11/2009,179.194
12/11/2009,178.663
11/11/2009,181.682
10/11/2009,179.496
09/11/2009,181.42
06/11/2009,186.442
05/11/2009,190.56
04/11/2009,187.457
03/11/2009,185.788
02/11/2009,182.668
30/10/2009,179.308
29/10/2009,181.721
28/10/2009,183.701
27/10/2009,179.337
26/10/2009,171.359
23/10/2009,170.845
22/10/2009,176.439
21/10/2009,183.222
20/10/2009,165.161
19/10/2009,164.454
16/10/2009,162.505
15/10/2009,161.282
14/10/2009,165.295
13/10/2009,165.521
12/10/2009,170.559
09/10/2009,169.585
08/10/2009,167.739
07/10/2009,171.516
06/10/2009,174.277
05/10/2009,177.794
02/10/2009,182.846
01/10/2009,181.17
30/09/2009,180.358
29/09/2009,178.558
28/09/2009,175.478
25/09/2009,171.544
24/09/2009,170.617
23/09/2009,161.258
22/09/2009,166.48
21/09/2009,179.065
18/09/2009,176.254
17/09/2009,179.569
16/09/2009,174.611
15/09/2009,182.5
14/09/2009,181.851
11/09/2009,178.493
10/09/2009,180.175
09/09/2009,183.302
08/09/2009,186.998
07/09/2009,191.262
04/09/2009,195.641
03/09/2009,200.412
02/09/2009,217.127
01/09/2009,196.549
31/08/2009,188.653
28/08/2009,187.95
27/08/2009,188.022
26/08/2009,193.283
25/08/2009,189.582
24/08/2009,186.673
21/08/2009,200.777
20/08/2009,201.805
19/08/2009,200.773
18/08/2009,198.48
17/08/2009,200.569
14/08/2009,188.673
13/08/2009,191.712
12/08/2009,193.44
11/08/2009,178.131
10/08/2009,178.319
07/08/2009,178.375
06/08/2009,176.572
05/08/2009,175.915
04/08/2009,169.347
03/08/2009,177.731
31/07/2009,178.962
30/07/2009,181.476
29/07/2009,189.858
28/07/2009,186.092
27/07/2009,187.212
24/07/2009,189.193
23/07/2009,189.937
22/07/2009,198.492
21/07/2009,195.333
20/07/2009,207.077
17/07/2009,216.961
16/07/2009,216.838
15/07/2009,216.277
14/07/2009,217.268
13/07/2009,231.696
10/07/2009,223.596
09/07/2009,228.417
08/07/2009,239.212
07/07/2009,224.458
06/07/2009,221.194
03/07/2009,217.513
02/07/2009,211.801
01/07/2009,217.115
30/06/2009,216.422
29/06/2009,223.232
26/06/2009,220.526
25/06/2009,225.601
24/06/2009,238.267
23/06/2009,249.392
22/06/2009,237.367
19/06/2009,236.961
18/06/2009,240.838
17/06/2009,244.138
16/06/2009,226.313
15/06/2009,216.161
12/06/2009,216.023
11/06/2009,216.98
10/06/2009,210.228
09/06/2009,207.011
08/06/2009,198.384
05/06/2009,191.306
04/06/2009,196.92
03/06/2009,194.597
02/06/2009,189.422
01/06/2009,205.85
29/05/2009,229.175
28/05/2009,226.984
27/05/2009,219.003
26/05/2009,219.43
25/05/2009,221.027
22/05/2009,226.035
21/05/2009,231.655
20/05/2009,226.715
19/05/2009,233.718
18/05/2009,244.534
15/05/2009,244.188
14/05/2009,244.22
13/05/2009,237.826
12/05/2009,237.096
11/05/2009,235.363
08/05/2009,223.347
07/05/2009,226.484
06/05/2009,246.276
05/05/2009,253.998
04/05/2009,285.015
01/05/2009,295.695
30/04/2009,294.63
29/04/2009,303.807
28/04/2009,315.268
27/04/2009,314.49
24/04/2009,309.572
23/04/2009,319.07
22/04/2009,319.447
21/04/2009,314.828
20/04/2009,304.516
17/04/2009,295.994
16/04/2009,313.814
15/04/2009,316.485
14/04/2009,317.434
13/04/2009,325.342
10/04/2009,327.302
09/04/2009,327.3
08/04/2009,358.796
07/04/2009,343.192
06/04/2009,332.101
03/04/2009,336.875
02/04/2009,354.466
01/04/2009,371.512
31/03/2009,378.3
30/03/2009,379.791
27/03/2009,364.167
26/03/2009,372.046
25/03/2009,380.41
24/03/2009,376.693
23/03/2009,389.146
20/03/2009,394.093
19/03/2009,394.339
18/03/2009,402.101
17/03/2009,386.923
16/03/2009,389.773
13/03/2009,400.999
12/03/2009,446.675
11/03/2009,414.299
10/03/2009,458.494
09/03/2009,475.88
06/03/2009,478.459
05/03/2009,475.8
04/03/2009,474.843
03/03/2009,477.589
02/03/2009,456.87
27/02/2009,446.65
26/02/2009,434.456
25/02/2009,445.722
24/02/2009,446.77
23/02/2009,430.493
20/02/2009,416.343
19/02/2009,404.677
18/02/2009,414.825
17/02/2009,407.267
16/02/2009,386.822
13/02/2009,382.438
12/02/2009,384.669
11/02/2009,381.026
10/02/2009,383.547
09/02/2009,372.12
06/02/2009,377.747
05/02/2009,380.882
04/02/2009,376.667
03/02/2009,382.273
02/02/2009,387.037
30/01/2009,379.925
29/01/2009,370.569
28/01/2009,379.093
27/01/2009,410.991
26/01/2009,410.991
23/01/2009,388.333
22/01/2009,375.049
21/01/2009,376.667
20/01/2009,366.947
19/01/2009,352.797
16/01/2009,360.525
15/01/2009,371.667
14/01/2009,364.372
13/01/2009,351.667
12/01/2009,330.813
09/01/2009,337.814
08/01/2009,345.404
07/01/2009,343.936
06/01/2009,365.987
05/01/2009,370.0
02/01/2009,386.84
01/01/2009,382.863
31/12/2008,386.213
30/12/2008,379.975
24/12/2008,383.325
23/12/2008,383.325
22/12/2008,382.203
19/12/2008,394.495
18/12/2008,385.239
17/12/2008,413.233
16/12/2008,428.988
15/12/2008,428.988
12/12/2008,439.975
11/12/2008,443.549
10/12/2008,432.096
09/12/2008,478.55
08/12/2008,492.205
05/12/2008,476.492
04/12/2008,461.757
03/12/2008,456.518
02/12/2008,462.789
01/12/2008,425.8
28/11/2008,417.657
27/11/2008,425.05
26/11/2008,435.793
25/11/2008,453.796
24/11/2008,487.889
21/11/2008,533.004
20/11/2008,533.288
19/11/2008,513.168
18/11/2008,489.661
17/11/2008,453.036
14/11/2008,434.32
13/11/2008,455.561
12/11/2008,439.15
11/11/2008,406.411
10/11/2008,343.275
07/11/2008,380.838
06/11/2008,377.564
05/11/2008,357.664
04/11/2008,321.461
03/11/2008,400.975
31/10/2008,472.525
30/10/2008,501.379
29/10/2008,653.961
28/10/2008,686.214
27/10/2008,789.238
24/10/2008,824.775
23/10/2008,774.314
22/10/2008,671.286
21/10/2008,465.151
20/10/2008,442.739
17/10/2008,428.3
16/10/2008,418.614
15/10/2008,388.213
14/10/2008,368.739
13/10/2008,418.886
10/10/2008,411.614
09/10/2008,363.225
08/10/2008,392.665
07/10/2008,371.189
06/10/2008,379.076
03/10/2008,310.734
02/10/2008,294.084
01/10/2008,285.294
30/09/2008,286.383
29/09/2008,286.642
26/09/2008,278.612
25/09/2008,275.498
24/09/2008,274.229
23/09/2008,269.6
22/09/2008,261.005
19/09/2008,261.9
18/09/2008,283.451
17/09/2008,289.904
16/09/2008,294.411
15/09/2008,251.538
12/09/2008,239.295
11/09/2008,245.267
10/09/2008,239.995
09/09/2008,239.691
08/09/2008,234.726
05/09/2008,250.153
04/09/2008,239.99
03/09/2008,240.201
02/09/2008,240.135
01/09/2008,244.604
29/08/2008,242.769
28/08/2008,244.34
27/08/2008,243.269
26/08/2008,242.33
25/08/2008,236.437
22/08/2008,237.163
21/08/2008,237.922
20/08/2008,236.031
19/08/2008,235.328
18/08/2008,231.274
15/08/2008,230.777
14/08/2008,233.104
13/08/2008,233.137
12/08/2008,232.368
11/08/2008,233.97
08/08/2008,233.886
07/08/2008,232.592
06/08/2008,230.355
05/08/2008,230.322
04/08/2008,232.419
01/08/2008,228.528
31/07/2008,222.495
30/07/2008,219.868
29/07/2008,228.112
28/07/2008,224.264
25/07/2008,227.064
24/07/2008,226.711
23/07/2008,224.899
22/07/2008,243.609
21/07/2008,253.243
18/07/2008,261.457
17/07/2008,260.289
16/07/2008,267.411
15/07/2008,271.226
14/07/2008,259.289
11/07/2008,268.988
10/07/2008,282.145
09/07/2008,283.21
08/07/2008,279.922
07/07/2008,283.328
04/07/2008,278.965
03/07/2008,279.673
02/07/2008,264.534
01/07/2008,263.925
30/06/2008,261.647
27/06/2008,259.868
26/06/2008,254.077
25/06/2008,248.64
24/06/2008,250.323
23/06/2008,246.427
20/06/2008,243.115
19/06/2008,232.165
18/06/2008,227.092
17/06/2008,224.937
16/06/2008,234.759
13/06/2008,239.942
12/06/2008,241.031
11/06/2008,240.998
10/06/2008,241.209
09/06/2008,228.938
06/06/2008,227.618
05/06/2008,227.61
04/06/2008,227.864
03/06/2008,227.732
02/06/2008,225.123
30/05/2008,223.209
29/05/2008,218.285
28/05/2008,216.139
27/05/2008,223.252
26/05/2008,215.148
23/05/2008,213.498
22/05/2008,210.066
21/05/2008,202.0
20/05/2008,196.49
19/05/2008,193.772
16/05/2008,196.503
15/05/2008,141.167
14/05/2008,211.333
13/05/2008,211.404
12/05/2008,216.81
09/05/2008,215.937
08/05/2008,212.442
07/05/2008,204.599
06/05/2008,199.094
05/05/2008,190.84
02/05/2008,183.675
01/05/2008,195.604
30/04/2008,197.612
29/04/2008,189.815
28/04/2008,184.782
25/04/2008,191.411
24/04/2008,197.66
23/04/2008,198.962
22/04/2008,199.191
21/04/2008,190.701
18/04/2008,202.249
17/04/2008,215.853
16/04/2008,218.836
15/04/2008,226.632
14/04/2008,230.637
11/04/2008,221.599
10/04/2008,223.604
09/04/2008,220.531
08/04/2008,219.404
07/04/2008,216.619
04/04/2008,225.14
03/04/2008,226.526
02/04/2008,231.833
01/04/2008,238.175
31/03/2008,240.422
28/03/2008,236.828
27/03/2008,235.559
26/03/2008,233.584
25/03/2008,227.929
24/03/2008,251.733
21/03/2008,253.904
20/03/2008,253.904
19/03/2008,244.127
18/03/2008,253.34
17/03/2008,269.0
14/03/2008,262.967
13/03/2008,259.906
12/03/2008,250.635
11/03/2008,258.269
10/03/2008,260.234
07/03/2008,253.668
06/03/2008,242.414
05/03/2008,235.5
04/03/2008,238.165
03/03/2008,242.668
29/02/2008,241.726
28/02/2008,236.056
27/02/2008,230.163
26/02/2008,226.731
25/02/2008,230.744
22/02/2008,240.257
21/02/2008,239.495
20/02/2008,241.5
19/02/2008,237.833
18/02/2008,238.338
15/02/2008,233.224
14/02/2008,229.932
13/02/2008,236.335
12/02/2008,237.942
11/02/2008,236.63
08/02/2008,224.473
07/02/2008,221.062
06/02/2008,217.333
05/02/2008,213.167
04/02/2008,202.967
01/02/2008,206.305
31/01/2008,209.795
30/01/2008,204.201
29/01/2008,204.503
28/01/2008,214.736
25/01/2008,206.025
24/01/2008,222.167
23/01/2008,238.51
22/01/2008,237.7
21/01/2008,224.356
18/01/2008,213.907
17/01/2008,214.429
16/01/2008,207.884
15/01/2008,205.165
14/01/2008,202.569
11/01/2008,199.234
10/01/2008,200.003
09/01/2008,185.579
08/01/2008,181.64
07/01/2008,180.757
04/01/2008,168.973
03/01/2008,165.155
02/01/2008,154.125
01/01/2008,153.335
31/12/2007,153.335
28/12/2007,153.33
27/12/2007,160.303
26/12/2007,156.269
25/12/2007,156.269
24/12/2007,156.269
21/12/2007,155.934
20/12/2007,158.566
19/12/2007,157.396
18/12/2007,158.932
17/12/2007,159.12
14/12/2007,152.734
13/12/2007,153.8
12/12/2007,155.167
11/12/2007,154.5
10/12/2007,151.533
07/12/2007,153.178
06/12/2007,153.409
05/12/2007,161.919
04/12/2007,165.967
03/12/2007,160.5
30/11/2007,159.635
29/11/2007,170.0
28/11/2007,179.946
27/11/2007,192.36
26/11/2007,193.833
23/11/2007,196.673
22/11/2007,202.594
21/11/2007,201.061
20/11/2007,185.498
19/11/2007,182.833
16/11/2007,180.167
15/11/2007,169.607
14/11/2007,164.167
13/11/2007,171.167
12/11/2007,169.787
09/11/2007,166.211
08/11/2007,164.5
07/11/2007,160.896
06/11/2007,153.833
05/11/2007,160.167
02/11/2007,140.0
01/11/2007,136.0
31/10/2007,132.401
30/10/2007,132.315
29/10/2007,131.325
26/10/2007,132.5
25/10/2007,134.546
24/10/2007,136.167
23/10/2007,131.594
22/10/2007,139.744
19/10/2007,136.333
18/10/2007,127.033
17/10/2007,126.333
16/10/2007,124.167
15/10/2007,119.333
12/10/2007,123.833
11/10/2007,121.571
10/10/2007,122.231
09/10/2007,133.934
08/10/2007,133.858
05/10/2007,138.957
04/10/2007,142.0
03/10/2007,143.901
02/10/2007,142.107
01/10/2007,140.904
28/09/2007,142.554
27/09/2007,141.097
26/09/2007,141.333
25/09/2007,142.734
24/09/2007,137.076
21/09/2007,141.0
20/09/2007,144.795
19/09/2007,144.934
18/09/2007,156.472
17/09/2007,171.167
14/09/2007,177.833
13/09/2007,182.333
12/09/2007,188.167
11/09/2007,189.333
10/09/2007,187.333
07/09/2007,182.442
06/09/2007,178.335
05/09/2007,178.333
04/09/2007,179.0
03/09/2007,178.34
31/08/2007,179.769
30/08/2007,185.0
29/08/2007,187.167
28/08/2007,183.833
27/08/2007,177.5
24/08/2007,183.833
23/08/2007,178.868
22/08/2007,191.833
21/08/2007,203.5
20/08/2007,206.624
17/08/2007,216.5
16/08/2007,221.167
15/08/2007,194.658
14/08/2007,187.988
13/08/2007,177.038
10/08/2007,183.424
09/08/2007,178.167
08/08/2007,170.55
07/08/2007,187.414
06/08/2007,198.725
03/08/2007,193.056
02/08/2007,203.736
01/08/2007,225.744
31/07/2007,204.16
30/07/2007,230.738
27/07/2007,184.121
26/07/2007,152.929
25/07/2007,147.725
24/07/2007,142.219
23/07/2007,136.521
20/07/2007,126.269
19/07/2007,123.6
18/07/2007,128.102
17/07/2007,120.413
16/07/2007,115.25
13/07/2007,117.383
12/07/2007,119.556
11/07/2007,123.357
10/07/2007,113.438
09/07/2007,110.788
06/07/2007,110.957
05/07/2007,109.188
04/07/2007,111.071
03/07/2007,113.82
02/07/2007,113.77
29/06/2007,110.675
28/06/2007,110.25
27/06/2007,112.838
26/06/2007,105.413
25/06/2007,101.136
22/06/2007,97.929
21/06/2007,96.0
20/06/2007,93.214
19/06/2007,93.481
18/06/2007,94.771
15/06/2007,99.208
14/06/2007,103.942
13/06/2007,105.6
12/06/2007,103.533
11/06/2007,104.3
08/06/2007,106.283
07/06/2007,99.764
06/06/2007,97.121
05/06/2007,95.8
04/06/2007,96.633
01/06/2007,99.814
31/05/2007,101.25
30/05/2007,102.108
29/05/2007,100.233
28/05/2007,100.76
25/05/2007,100.671
24/05/2007,100.532
23/05/2007,99.638
22/05/2007,100.011
21/05/2007,101.963
18/05/2007,103.225
17/05/2007,105.943
16/05/2007,108.644
15/05/2007,109.113
14/05/2007,108.414
11/05/2007,108.329
10/05/2007,107.388
09/05/2007,106.875
08/05/2007,106.525
07/05/2007,107.138
04/05/2007,107.267
03/05/2007,108.886
02/05/2007,108.967
01/05/2007,107.961
30/04/2007,108.1
27/04/2007,107.25
26/04/2007,106.1
25/04/2007,106.667
24/04/2007,105.938
23/04/2007,105.178
20/04/2007,109.84
19/04/2007,111.125
18/04/2007,110.264
17/04/2007,110.061
16/04/2007,112.691
13/04/2007,114.679
12/04/2007,115.0
11/04/2007,112.81
10/04/2007,114.459
09/04/2007,116.353
06/04/2007,117.534
05/04/2007,118.016
04/04/2007,118.778
03/04/2007,119.857
02/04/2007,120.764
30/03/2007,120.476
29/03/2007,121.143
28/03/2007,122.863
27/03/2007,117.706
26/03/2007,118.626
23/03/2007,121.183
22/03/2007,120.144
21/03/2007,126.202
20/03/2007,127.281
19/03/2007,129.214
16/03/2007,131.325
15/03/2007,127.25
14/03/2007,133.236
13/03/2007,123.871
12/03/2007,122.214
09/03/2007,124.167
08/03/2007,129.167
07/03/2007,130.93
06/03/2007,131.661
05/03/2007,140.178
02/03/2007,129.228
01/03/2007,124.201
28/02/2007,123.097
27/02/2007,117.5
26/02/2007,112.362
23/02/2007,111.841
22/02/2007,112.278
21/02/2007,113.083
20/02/2007,113.291
19/02/2007,114.438
16/02/2007,112.036
15/02/2007,112.429
14/02/2007,113.12
13/02/2007,113.643
12/02/2007,112.968
09/02/2007,112.5
08/02/2007,113.47
07/02/2007,113.346
06/02/2007,114.17
05/02/2007,115.298
02/02/2007,118.334
01/02/2007,120.167
31/01/2007,121.328
30/01/2007,122.083
29/01/2007,119.875
26/01/2007,119.854
25/01/2007,117.073
24/01/2007,117.458
23/01/2007,117.542
22/01/2007,117.822
19/01/2007,119.417
18/01/2007,118.768
17/01/2007,118.98
16/01/2007,121.979
15/01/2007,122.006
12/01/2007,123.822
11/01/2007,123.79
10/01/2007,124.125
09/01/2007,122.042
08/01/2007,125.458
05/01/2007,121.429
04/01/2007,120.053
03/01/2007,122.0
02/01/2007,123.138
01/01/2007,123.0
29/12/2006,121.417
28/12/2006,123.667
27/12/2006,123.688
26/12/2006,123.667
25/12/2006,123.688
22/12/2006,124.65
21/12/2006,126.188
20/12/2006,127.376
19/12/2006,129.083
18/12/2006,127.333
15/12/2006,128.267
14/12/2006,128.5
13/12/2006,127.975
12/12/2006,126.305
11/12/2006,125.131
08/12/2006,125.964
07/12/2006,125.396
06/12/2006,126.45
05/12/2006,125.25
04/12/2006,131.831
01/12/2006,128.55
30/11/2006,130.417
29/11/2006,131.031
28/11/2006,136.917
27/11/2006,131.5
24/11/2006,130.667
23/11/2006,130.333
22/11/2006,130.104
21/11/2006,130.0
20/11/2006,129.438
17/11/2006,128.693
16/11/2006,129.916
15/11/2006,131.298
14/11/2006,134.261
13/11/2006,131.0
10/11/2006,128.0
09/11/2006,127.482
08/11/2006,129.214
07/11/2006,131.42
06/11/2006,134.069
03/11/2006,134.761
02/11/2006,135.0
01/11/2006,136.675
31/10/2006,138.563
30/10/2006,137.9
27/10/2006,138.661
26/10/2006,142.143
25/10/2006,144.917
24/10/2006,144.25
23/10/2006,143.417
20/10/2006,143.8
19/10/2006,143.75
18/10/2006,146.143
17/10/2006,146.083
16/10/2006,151.071
13/10/2006,155.417
12/10/2006,157.917
11/10/2006,157.5
10/10/2006,160.917
09/10/2006,159.5
06/10/2006,158.25
05/10/2006,159.3
04/10/2006,162.5
03/10/2006,168.0
02/10/2006,171.2
29/09/2006,171.0
28/09/2006,171.571
27/09/2006,172.5
26/09/2006,174.0
25/09/2006,169.786
22/09/2006,172.143
21/09/2006,164.929
20/09/2006,164.0
19/09/2006,159.929
18/09/2006,163.75
15/09/2006,166.357
14/09/2006,165.75
13/09/2006,166.083
12/09/2006,169.0
11/09/2006,168.071
08/09/2006,170.5
07/09/2006,171.333
06/09/2006,168.0
05/09/2006,170.583
04/09/2006,170.625
01/09/2006,174.1
31/08/2006,177.0
30/08/2006,180.0
29/08/2006,181.25
28/08/2006,180.5
25/08/2006,180.25
24/08/2006,179.375
23/08/2006,176.5
22/08/2006,176.417
21/08/2006,178.2
18/08/2006,178.0
17/08/2006,179.0
16/08/2006,184.042
15/08/2006,186.542
14/08/2006,185.208
11/08/2006,184.063
10/08/2006,182.679
09/08/2006,182.708
08/08/2006,182.393
07/08/2006,183.0
04/08/2006,186.125
03/08/2006,186.536
02/08/2006,187.786
01/08/2006,188.833
31/07/2006,187.286
28/07/2006,189.143
27/07/2006,189.444
26/07/2006,194.083
25/07/2006,206.833
24/07/2006,213.167
21/07/2006,214.917
20/07/2006,218.688
19/07/2006,223.0
18/07/2006,227.429
17/07/2006,229.9
14/07/2006,228.0
13/07/2006,217.917
12/07/2006,213.929
11/07/2006,222.25
10/07/2006,226.94
07/07/2006,227.617
06/07/2006,231.311
05/07/2006,227.438
04/07/2006,222.2
03/07/2006,225.25
30/06/2006,231.938
29/06/2006,249.875
28/06/2006,256.722
27/06/2006,255.222
26/06/2006,247.214
23/06/2006,239.643
22/06/2006,228.857
21/06/2006,233.8
20/06/2006,232.8
19/06/2006,222.4
16/06/2006,220.9
15/06/2006,231.3
14/06/2006,233.417
13/06/2006,232.833
12/06/2006,222.583
09/06/2006,223.417
08/06/2006,225.083
07/06/2006,217.286
06/06/2006,216.9
05/06/2006,214.333
02/06/2006,208.0
01/06/2006,211.8
31/05/2006,205.643
30/05/2006,205.143
29/05/2006,211.75
26/05/2006,208.333
25/05/2006,218.429
24/05/2006,225.833
23/05/2006,202.583
22/05/2006,193.8
19/05/2006,186.917
18/05/2006,181.4
17/05/2006,171.4
16/05/2006,173.6
15/05/2006,168.5
12/05/2006,168.5
11/05/2006,143.214
10/05/2006,166.056
09/05/2006,164.438
08/05/2006,165.833
05/05/2006,170.833
04/05/2006,172.0
03/05/2006,173.4
02/05/2006,178.25
01/05/2006,181.0
28/04/2006,179.5
27/04/2006,180.0
26/04/2006,185.75
25/04/2006,184.438
24/04/2006,183.875
21/04/2006,183.429
20/04/2006,181.813
19/04/2006,184.375
18/04/2006,190.429
17/04/2006,193.5
14/04/2006,193.0
13/04/2006,193.8
12/04/2006,193.7
11/04/2006,191.5
10/04/2006,191.857
07/04/2006,188.25
06/04/2006,186.5
05/04/2006,185.25
04/04/2006,185.0
03/04/2006,186.214
31/03/2006,190.1
30/03/2006,193.357
29/03/2006,199.5
28/03/2006,191.083
27/03/2006,188.833
24/03/2006,190.8
23/03/2006,187.071
22/03/2006,191.25
21/03/2006,187.667
20/03/2006,187.5
17/03/2006,186.333
16/03/2006,189.071
15/03/2006,194.143
14/03/2006,197.917
13/03/2006,197.7
10/03/2006,199.333
09/03/2006,200.167
08/03/2006,196.9
07/03/2006,193.571
06/03/2006,188.357
03/03/2006,187.0
02/03/2006,187.917
01/03/2006,192.75
28/02/2006,192.5
27/02/2006,205.6
24/02/2006,200.417
23/02/2006,196.083
22/02/2006,199.667
21/02/2006,199.786
20/02/2006,199.4
17/02/2006,199.429
16/02/2006,205.214
15/02/2006,201.083
14/02/2006,199.9
13/02/2006,201.929
10/02/2006,210.0
09/02/2006,221.143
08/02/2006,219.214
07/02/2006,216.071
06/02/2006,218.857
03/02/2006,220.917
02/02/2006,225.4
01/02/2006,229.8
31/01/2006,231.375
30/01/2006,231.375
27/01/2006,233.0
26/01/2006,235.083
25/01/2006,238.0
24/01/2006,239.333
23/01/2006,244.833
20/01/2006,236.917
19/01/2006,244.417
18/01/2006,252.583
17/01/2006,245.833
16/01/2006,243.2
13/01/2006,239.8
12/01/2006,234.417
11/01/2006,234.9
10/01/2006,232.7
09/01/2006,236.9
06/01/2006,247.9
05/01/2006,244.583
04/01/2006,258.333
03/01/2006,265.75
02/01/2006,267.875
30/12/2005,268.625
29/12/2005,269.0
28/12/2005,274.667
27/12/2005,274.667
26/12/2005,272.375
23/12/2005,273.0
22/12/2005,273.0
21/12/2005,273.9
20/12/2005,274.6
19/12/2005,270.9
16/12/2005,270.0
15/12/2005,270.375
14/12/2005,272.4
13/12/2005,274.5
12/12/2005,279.25
09/12/2005,283.071
08/12/2005,277.667
07/12/2005,277.417
06/12/2005,279.583
05/12/2005,276.417
02/12/2005,277.714
01/12/2005,284.357
30/11/2005,279.5
29/11/2005,277.75
28/11/2005,277.6
25/11/2005,274.25
24/11/2005,277.5
23/11/2005,282.75
22/11/2005,284.333
21/11/2005,288.214
18/11/2005,287.2
17/11/2005,292.429
16/11/2005,297.5
15/11/2005,300.2
14/11/2005,301.667
11/11/2005,306.1
10/11/2005,309.357
09/11/2005,314.143
08/11/2005,318.357
07/11/2005,323.667
04/11/2005,324.9
03/11/2005,328.417
02/11/2005,329.5
01/11/2005,348.5
31/10/2005,347.857
28/10/2005,351.083
27/10/2005,348.9
26/10/2005,346.857
25/10/2005,354.357
24/10/2005,356.143
21/10/2005,355.0
20/10/2005,357.214
19/10/2005,364.417
18/10/2005,361.286
17/10/2005,377.357
14/10/2005,374.286
13/10/2005,369.75
12/10/2005,361.7
11/10/2005,357.7
10/10/2005,359.5
07/10/2005,356.833
06/10/2005,347.214
05/10/2005,344.071
04/10/2005,337.0
03/10/2005,336.917
30/09/2005,342.214
29/09/2005,356.4
28/09/2005,361.357
27/09/2005,365.714
26/09/2005,371.417
23/09/2005,372.0
22/09/2005,371.5
21/09/2005,373.167
20/09/2005,373.8
19/09/2005,365.167
16/09/2005,365.5
15/09/2005,367.786
14/09/2005,374.429
13/09/2005,375.929
12/09/2005,378.286
09/09/2005,383.143
08/09/2005,388.429
07/09/2005,392.429
06/09/2005,399.417
05/09/2005,397.75
02/09/2005,398.5
01/09/2005,403.083
31/08/2005,402.7
30/08/2005,398.357
29/08/2005,396.143
26/08/2005,396.5
25/08/2005,398.7
24/08/2005,395.0
23/08/2005,396.0
22/08/2005,397.1
19/08/2005,398.5
18/08/2005,397.583
17/08/2005,398.917
16/08/2005,401.0
15/08/2005,403.571
12/08/2005,399.2
11/08/2005,397.25
10/08/2005,397.9
09/08/2005,401.857
08/08/2005,400.429
05/08/2005,402.071
04/08/2005,404.214
03/08/2005,408.667
02/08/2005,410.833
01/08/2005,411.7
29/07/2005,413.667
28/07/2005,415.333
27/07/2005,413.0
26/07/2005,413.417
25/07/2005,411.5
22/07/2005,411.1
21/07/2005,417.5
20/07/2005,415.8
19/07/2005,413.333
18/07/2005,411.8
15/07/2005,414.571
14/07/2005,418.375
13/07/2005,427.5
12/07/2005,441.625
11/07/2005,446.563
08/07/2005,445.438
07/07/2005,435.643
06/07/2005,426.75
05/07/2005,426.857
04/07/2005,418.3
01/07/2005,398.833
30/06/2005,399.875
29/06/2005,395.571
28/06/2005,393.071
27/06/2005,387.786
24/06/2005,390.214
23/06/2005,390.143
22/06/2005,390.0
21/06/2005,392.75
20/06/2005,388.071
17/06/2005,385.875
16/06/2005,387.167
15/06/2005,389.188
14/06/2005,393.688
13/06/2005,399.333
10/06/2005,400.917
09/06/2005,397.833
08/06/2005,389.917
07/06/2005,380.429
06/06/2005,369.688
03/06/2005,367.75
02/06/2005,374.571
01/06/2005,378.625
31/05/2005,374.5
30/05/2005,377.833
27/05/2005,386.964
26/05/2005,390.111
25/05/2005,394.0
24/05/2005,398.667
23/05/2005,399.917
20/05/2005,405.786
19/05/2005,425.25
18/05/2005,432.571
17/05/2005,431.625
16/05/2005,417.375
13/05/2005,414.667
12/05/2005,403.75
11/05/2005,405.214
10/05/2005,395.571
09/05/2005,405.667
06/05/2005,405.214
05/05/2005,405.071
04/05/2005,416.5
03/05/2005,425.0
02/05/2005,423.333
29/04/2005,423.286
28/04/2005,417.563
27/04/2005,416.857
26/04/2005,415.214
25/04/2005,416.313
22/04/2005,409.063
21/04/2005,422.938
20/04/2005,426.75
19/04/2005,438.071
18/04/2005,446.125
15/04/2005,433.833
14/04/2005,412.25
13/04/2005,405.063
12/04/2005,408.111
11/04/2005,412.556
08/04/2005,401.167
07/04/2005,401.722
06/04/2005,411.556
05/04/2005,417.0
04/04/2005,414.945
01/04/2005,410.063
31/03/2005,412.714
30/03/2005,418.938
29/03/2005,425.563
28/03/2005,416.2
25/03/2005,412.125
24/03/2005,417.286
23/03/2005,412.313
22/03/2005,394.438
21/03/2005,381.445
18/03/2005,367.625
17/03/2005,375.214
16/03/2005,365.875
15/03/2005,361.286
14/03/2005,345.688
11/03/2005,332.929
10/03/2005,334.0
09/03/2005,330.25
08/03/2005,337.75
07/03/2005,349.9
04/03/2005,354.375
03/03/2005,354.75
02/03/2005,355.625
01/03/2005,359.643
28/02/2005,357.714
25/02/2005,360.188
24/02/2005,363.938
23/02/2005,368.25
22/02/2005,362.0
21/02/2005,362.0
18/02/2005,362.875
17/02/2005,369.0
16/02/2005,386.25
15/02/2005,376.188
14/02/2005,374.833
11/02/2005,377.357
10/02/2005,377.333
09/02/2005,376.0
08/02/2005,375.313
07/02/2005,384.786
04/02/2005,395.688
03/02/2005,400.857
02/02/2005,408.143
01/02/2005,410.625
31/01/2005,413.125
28/01/2005,405.0
27/01/2005,399.667
26/01/2005,411.875
25/01/2005,425.833
24/01/2005,433.7
21/01/2005,434.688
20/01/2005,433.1
19/01/2005,432.875
18/01/2005,436.875
17/01/2005,435.625
14/01/2005,442.357
13/01/2005,447.0
12/01/2005,459.9
11/01/2005,466.125
10/01/2005,470.0
07/01/2005,476.583
06/01/2005,472.125
05/01/2005,477.5
04/01/2005,484.25
03/01/2005,483.333
31/12/2004,482.1
30/12/2004,478.75
29/12/2004,481.25
28/12/2004,481.667
27/12/2004,483.75
24/12/2004,483.0
23/12/2004,485.0
22/12/2004,485.0
21/12/2004,483.0
20/12/2004,483.75
17/12/2004,480.083
16/12/2004,480.0
15/12/2004,486.875
14/12/2004,490.625
13/12/2004,490.625
10/12/2004,486.8
09/12/2004,487.5
08/12/2004,490.833
07/12/2004,493.25
06/12/2004,499.167
03/12/2004,504.5
01/12/2004,508.333
30/11/2004,509.25
29/11/2004,506.25
26/11/2004,511.5
25/11/2004,505.0
24/11/2004,499.375
23/11/2004,502.5
22/11/2004,503.75
19/11/2004,497.5
18/11/2004,499.375
17/11/2004,493.75
16/11/2004,498.75
15/11/2004,503.333
12/11/2004,512.75
11/11/2004,510.625
10/11/2004,505.0
09/11/2004,502.5
08/11/2004,489.167
05/11/2004,492.5
04/11/2004,491.25
03/11/2004,489.5
02/11/2004,501.833
01/11/2004,505.833
29/10/2004,504.625
28/10/2004,504.5
27/10/2004,508.25
26/10/2004,510.625
25/10/2004,497.0
22/10/2004,493.75
21/10/2004,493.667
20/10/2004,495.0
19/10/2004,485.375
18/10/2004,478.333
15/10/2004,479.625
14/10/2004,463.0
13/10/2004,454.875
12/10/2004,451.0
11/10/2004,447.5
08/10/2004,448.611
07/10/2004,443.167
06/10/2004,439.0
05/10/2004,439.833
04/10/2004,441.125
01/10/2004,456.667
30/09/2004,457.875
29/09/2004,460.0
28/09/2004,463.375
27/09/2004,463.375
24/09/2004,458.333
23/09/2004,458.7
22/09/2004,457.8
21/09/2004,448.125
20/09/2004,445.0
17/09/2004,442.5
16/09/2004,440.5
15/09/2004,439.375
14/09/2004,439.333
13/09/2004,438.6
10/09/2004,433.0
09/09/2004,436.9
08/09/2004,453.5
07/09/2004,456.25
06/09/2004,453.0
03/09/2004,448.333
02/09/2004,447.5
01/09/2004,441.667
31/08/2004,437.0
30/08/2004,435.25
27/08/2004,434.167
26/08/2004,435.833
25/08/2004,439.0
24/08/2004,435.5
23/08/2004,432.2
20/08/2004,430.625
19/08/2004,426.667
18/08/2004,435.625
17/08/2004,442.375
16/08/2004,444.0
13/08/2004,449.625
12/08/2004,448.0
11/08/2004,455.0
10/08/2004,463.375
09/08/2004,462.833
06/08/2004,459.5
05/08/2004,465.625
04/08/2004,465.833
03/08/2004,466.25
02/08/2004,467.5
30/07/2004,464.375
29/07/2004,471.75
28/07/2004,473.75
27/07/2004,473.333
26/07/2004,473.0
23/07/2004,475.5
22/07/2004,474.375
21/07/2004,471.667
20/07/2004,466.667
19/07/2004,472.5
16/07/2004,478.125
15/07/2004,479.375
14/07/2004,477.5
13/07/2004,485.0
12/07/2004,485.625
09/07/2004,486.25
08/07/2004,479.167
07/07/2004,478.333
06/07/2004,478.125
05/07/2004,483.25
02/07/2004,482.0
01/07/2004,486.833
30/06/2004,490.5
29/06/2004,493.5
28/06/2004,488.167
25/06/2004,496.167
24/06/2004,504.375
23/06/2004,507.0
22/06/2004,512.0
21/06/2004,511.0
18/06/2004,511.667
17/06/2004,511.667
16/06/2004,507.25
15/06/2004,508.0
14/06/2004,500.0
11/06/2004,497.5
10/06/2004,495.625
09/06/2004,493.333
08/06/2004,495.625
07/06/2004,505.833
04/06/2004,513.125
03/06/2004,514.167
02/06/2004,517.5
01/06/2004,514.167
31/05/2004,512.5
28/05/2004,513.875
27/05/2004,518.5
26/05/2004,528.167
25/05/2004,533.333
24/05/2004,531.25
21/05/2004,537.0
20/05/2004,532.5
19/05/2004,522.333
18/05/2004,533.75
17/05/2004,534.167
14/05/2004,536.25
13/05/2004,532.5
12/05/2004,516.667
11/05/2004,533.333
10/05/2004,530.833
07/05/2004,523.75
06/05/2004,500.0
05/05/2004,499.375
04/05/2004,482.5
03/05/2004,485.833
30/04/2004,484.375
29/04/2004,478.125
28/04/2004,458.875
27/04/2004,448.75
26/04/2004,450.625
23/04/2004,463.125
22/04/2004,474.5
21/04/2004,478.75
20/04/2004,478.125
19/04/2004,478.125
16/04/2004,494.167
15/04/2004,485.333
14/04/2004,476.25
13/04/2004,496.25
12/04/2004,512.5
08/04/2004,513.75
07/04/2004,514.375
06/04/2004,515.0
05/04/2004,513.125
02/04/2004,518.75
01/04/2004,512.5
31/03/2004,516.0
30/03/2004,516.25
29/03/2004,527.0
26/03/2004,530.833
25/03/2004,534.375
24/03/2004,531.25
23/03/2004,526.25
22/03/2004,517.375
19/03/2004,511.25
18/03/2004,512.375
17/03/2004,518.125
16/03/2004,521.25
15/03/2004,522.167
12/03/2004,528.333
11/03/2004,520.333
10/03/2004,515.0
09/03/2004,513.5
08/03/2004,489.833
05/03/2004,481.667
04/03/2004,486.875
03/03/2004,502.5
02/03/2004,502.5
01/03/2004,504.875
27/02/2004,506.833
26/02/2004,503.333
25/02/2004,502.625
24/02/2004,502.75
23/02/2004,504.833
20/02/2004,518.333
19/02/2004,505.125
18/02/2004,503.333
17/02/2004,489.333
16/02/2004,487.75
13/02/2004,498.333
12/02/2004,481.833
11/02/2004,478.5
10/02/2004,484.375
09/02/2004,485.625
06/02/2004,483.333
05/02/2004,476.875
04/02/2004,466.875
03/02/2004,470.625
02/02/2004,465.625
30/01/2004,455.833
29/01/2004,453.125
28/01/2004,445.0
27/01/2004,441.875
26/01/2004,447.5
23/01/2004,445.0
22/01/2004,445.0
21/01/2004,445.0
20/01/2004,433.333
19/01/2004,428.667
16/01/2004,427.667
15/01/2004,425.333
14/01/2004,420.833
13/01/2004,416.667
12/01/2004,418.0
09/01/2004,411.667
08/01/2004,410.0
07/01/2004,413.875
06/01/2004,416.167
05/01/2004,425.25
02/01/2004,443.333
